timestamp,cpu_load,memory_usage,disk_io,network_io,prediction
2025-10-22 11:30:56.684558,66.71,34.0,196.8,23.06,80.8889737021965
2025-10-22 11:30:57.684558,114.72,53.64,232.91,98.17,116.41303907455554
2025-10-22 11:30:58.684557,65.85,54.22,78.58,74.77,65.66961749181658
2025-10-22 11:30:59.684557,101.83,50.23,174.38,104.35,98.35409435817725
2025-10-22 11:31:00.684556,64.55,21.43,143.73,16.47,57.38465754710701
2025-10-22 11:31:01.684556,97.34,89.63,96.38,136.78,100.92438014694496
2025-10-22 11:31:02.684555,143.48,68.65,290.41,121.22,145.72923960937828
2025-10-22 11:31:03.684555,94.54,71.99,145.65,67.21,93.15579381778389
2025-10-22 11:31:04.684554,58.35,72.26,87.69,26.79,67.84403874082213
2025-10-22 11:31:05.684554,97.61,38.7,213.76,68.24,97.29208308929725
2025-10-22 11:31:06.684553,96.3,58.15,222.58,11.96,98.43189921905739
2025-10-22 11:31:07.684552,85.17,58.23,213.1,27.71,98.74950321698267
2025-10-22 11:31:08.684552,84.45,25.63,119.42,111.16,70.96545976408592
2025-10-22 11:31:09.684551,76.1,29.43,178.8,39.14,76.40107558290033
2025-10-22 11:31:10.684551,116.81,38.04,289.06,53.74,116.71739800184507
2025-10-22 11:31:11.684550,113.83,26.44,252.11,84.59,105.97377210209324
2025-10-22 11:31:12.684550,84.77,51.88,197.91,14.47,88.40032478161034
2025-10-22 11:31:13.684549,139.58,73.91,251.71,137.75,139.99290298753758
2025-10-22 11:31:14.684549,132.4,80.53,271.57,89.01,139.5736793557051
2025-10-22 11:31:15.684548,48.68,26.17,75.88,82.08,52.37349347723786
2025-10-22 11:31:16.684548,82.12,27.17,179.09,92.87,86.03352860835004
2025-10-22 11:31:17.684547,92.25,22.85,208.62,72.44,88.70639647563338
2025-10-22 11:31:18.684547,47.25,22.85,55.64,74.38,43.11184239805492
2025-10-22 11:31:19.684546,89.53,55.48,147.56,29.38,78.01607280882594
2025-10-22 11:31:20.684546,105.75,22.81,270.72,58.84,104.65104168828697
2025-10-22 11:31:21.684545,49.05,23.44,125.53,15.21,52.66290668220729
2025-10-22 11:31:22.684545,83.66,56.91,88.83,142.47,83.52870085315146
2025-10-22 11:31:23.684544,68.2,56.06,94.43,83.38,73.05718416188495
2025-10-22 11:31:24.684543,91.47,36.34,153.93,100.55,84.55220458939836
2025-10-22 11:31:25.684543,132.53,91.25,274.55,46.12,137.27950885040312
2025-10-22 11:31:26.684542,119.01,55.96,266.43,39.69,116.02923041310301
2025-10-22 11:31:27.684542,102.29,32.57,229.66,88.85,103.1175680906158
2025-10-22 11:31:28.684541,55.93,47.17,89.76,65.07,63.60130849258228
2025-10-22 11:31:29.684541,69.51,32.28,151.31,40.7,69.86436562507936
2025-10-22 11:31:30.684540,72.16,38.8,150.5,44.68,73.65045901322173
2025-10-22 11:31:31.684540,82.96,78.89,74.94,134.02,88.59643513102881
2025-10-22 11:31:32.684539,110.67,50.44,298.63,14.42,117.94741694309423
2025-10-22 11:31:33.684539,103.12,25.71,230.99,75.49,97.45644061437571
2025-10-22 11:31:34.684538,92.26,42.69,181.13,93.09,94.40111803790018
2025-10-22 11:31:35.684538,121.15,61.7,292.16,49.83,128.6277447437906
2025-10-22 11:31:36.684537,94.18,75.74,93.05,143.32,94.3210984525759
2025-10-22 11:31:37.684537,120.07,61.71,290.88,10.78,120.4945967051591
2025-10-22 11:31:38.684536,129.73,56.23,245.48,135.27,128.84409321406966
2025-10-22 11:31:39.684536,33.95,20.76,63.11,33.06,36.11455077188416
2025-10-22 11:31:40.684535,65.17,23.94,84.31,132.63,63.836022891439754
2025-10-22 11:31:41.684534,73.37,72.41,109.68,56.07,80.34144787564308
2025-10-22 11:31:42.684534,129.76,36.07,291.65,119.92,129.6571744679891
2025-10-22 11:31:43.684532,154.53,66.05,294.99,148.67,151.2642672920763
2025-10-22 11:31:44.684532,106.04,88.14,148.29,97.04,107.89580267424661
2025-10-22 11:31:45.684531,95.23,92.57,108.31,52.78,89.29249388383022
2025-10-22 11:31:46.684531,73.92,31.44,101.19,94.18,65.00142249121615
2025-10-22 11:31:47.684530,134.14,68.54,293.09,21.74,126.72828213408647
2025-10-22 11:31:48.684530,64.89,55.38,55.69,89.4,62.27090269526985
2025-10-22 11:31:49.684529,101.48,39.73,240.7,44.59,101.20519440975838
2025-10-22 11:31:50.684529,124.35,72.6,211.97,96.54,119.2155172456024
2025-10-22 11:31:51.684528,59.94,30.63,149.74,22.67,64.99285368950333
2025-10-22 11:31:52.684527,109.26,53.85,152.66,149.7,102.62870414641297
2025-10-22 11:31:53.684527,157.07,98.94,250.4,138.67,152.21743102545574
2025-10-22 11:31:54.684526,104.57,83.46,105.94,146.41,102.64435358569533
2025-10-22 11:31:55.684526,82.13,93.63,57.83,109.46,85.90068324201758
2025-10-22 11:31:56.684525,92.2,92.34,117.4,74.53,96.2287927052143
2025-10-22 11:31:57.684525,96.71,85.64,133.97,43.83,91.78483285402874
2025-10-22 11:31:58.684524,155.42,91.63,290.3,107.14,154.31768534536758
2025-10-22 11:31:59.684524,56.01,28.82,58.74,124.39,56.93915378693294
2025-10-22 11:32:00.684523,105.2,31.31,222.65,123.9,107.3438330160715
2025-10-22 11:32:01.684523,62.44,30.63,58.07,145.91,61.90984408328444
2025-10-22 11:32:02.684522,60.6,50.65,82.4,44.18,58.97042259314927
2025-10-22 11:32:03.684522,92.41,92.92,125.37,53.66,94.76866981797853
2025-10-22 11:32:04.684521,143.66,41.85,293.17,122.67,133.5317041474595
2025-10-22 11:32:05.684521,107.59,76.46,198.9,11.91,100.40161357817992
2025-10-22 11:32:06.684520,73.09,35.68,124.05,122.27,79.55606912752553
2025-10-22 11:32:07.684520,116.26,24.02,249.68,123.05,111.67734133284313
2025-10-22 11:32:08.684519,40.26,24.19,55.98,94.18,47.8110828464354
2025-10-22 11:32:09.684518,87.64,69.62,102.99,103.15,86.2923089624767
2025-10-22 11:32:10.684518,134.14,50.16,299.18,64.8,127.97659007908794
2025-10-22 11:32:11.684517,54.86,25.32,55.7,135.7,56.532159897391956
2025-10-22 11:32:12.684517,75.38,96.08,53.19,82.5,80.37038755350346
2025-10-22 11:32:13.684516,113.22,65.28,191.71,94.79,109.14192016850885
2025-10-22 11:32:14.684516,122.18,60.47,274.28,15.59,115.84425461274463
2025-10-22 11:32:15.684515,150.85,68.03,269.67,149.9,144.88201184927243
2025-10-22 11:32:16.684515,123.11,88.8,225.31,47.04,121.44534963685301
2025-10-22 11:32:17.684514,124.83,82.32,190.87,106.76,119.73204236563755
2025-10-22 11:32:18.684514,117.75,28.18,283.76,101.59,119.7263506813165
2025-10-22 11:32:19.684513,82.82,57.33,133.58,82.31,85.2426489439176
2025-10-22 11:32:20.684513,99.08,96.37,95.22,98.54,96.33177530882656
2025-10-22 11:32:21.684512,125.82,95.67,229.89,51.38,127.09683187939311
2025-10-22 11:32:22.684512,79.54,42.17,169.38,70.94,86.21328739407535
2025-10-22 11:32:23.684511,42.37,26.64,56.26,52.41,40.81901110001832
2025-10-22 11:32:24.684510,80.77,87.31,121.83,15.18,83.27725758660506
2025-10-22 11:32:25.684510,109.98,42.07,201.65,113.38,104.28917656028737
2025-10-22 11:32:26.684509,111.44,53.76,214.22,51.75,101.63846659029628
2025-10-22 11:32:27.684509,128.62,66.11,294.1,37.83,129.0192353777689
2025-10-22 11:32:28.684508,119.08,67.34,244.21,36.59,114.38916837409393
2025-10-22 11:32:29.684508,111.17,46.07,237.8,56.64,105.87599034397391
2025-10-22 11:32:30.684507,68.75,37.87,71.69,95.58,59.60746082363647
2025-10-22 11:32:31.684507,62.19,49.97,92.82,11.75,55.32542572201561
2025-10-22 11:32:32.684506,65.06,24.26,178.09,34.03,72.60448545711347
2025-10-22 11:32:33.684506,130.21,61.89,244.51,69.49,118.30393892545229
2025-10-22 11:32:34.684505,93.36,80.82,135.55,22.23,85.57631736181209
2025-10-22 11:32:35.684505,106.65,43.85,290.96,23.86,114.24234110973903
2025-10-22 11:32:36.684504,118.71,66.52,200.39,111.96,115.77596431010224
2025-10-22 11:32:37.684503,132.16,57.44,248.22,140.83,131.3727314159621
2025-10-22 11:32:38.684503,108.61,39.34,245.1,97.13,112.7657435351816
2025-10-22 11:32:39.684502,64.76,41.17,121.94,64.17,70.11368340305839
2025-10-22 11:32:40.684502,124.79,34.32,254.21,148.44,123.1974033838222
2025-10-22 11:32:41.684501,64.83,24.56,70.44,141.9,61.81584575751682
2025-10-22 11:32:42.684501,92.98,59.12,102.71,142.23,88.75081725433367
2025-10-22 11:32:43.684500,90.97,85.69,139.23,60.05,96.6111122469848
2025-10-22 11:32:44.684500,88.68,40.07,203.65,57.43,92.78773908110584
2025-10-22 11:32:45.684499,97.24,28.57,259.47,42.79,100.94472718955012
2025-10-22 11:32:46.684499,121.41,56.68,277.3,56.5,122.99167343591705
2025-10-22 11:32:47.684498,93.63,43.88,203.25,66.89,96.43871637202571
2025-10-22 11:32:48.684498,87.2,52.87,93.37,129.35,80.28107858456335
2025-10-22 11:32:49.684497,91.91,60.34,131.66,84.96,86.68718296406294
2025-10-22 11:32:50.684497,126.29,49.41,255.75,136.28,128.7430209047645
2025-10-22 11:32:51.684496,102.92,45.44,184.87,119.95,102.2245579541226
2025-10-22 11:32:52.684496,57.22,24.21,109.63,92.82,63.676060374409204
2025-10-22 11:32:53.684495,90.8,49.42,216.2,13.87,92.556249633497
2025-10-22 11:32:54.684495,81.09,60.33,98.52,95.15,78.74487048453082
2025-10-22 11:32:55.684494,68.8,60.52,100.55,30.97,66.70643133497785
2025-10-22 11:32:56.684493,117.64,88.92,181.61,118.97,122.65221692416561
2025-10-22 11:32:57.684493,45.37,23.07,96.42,22.44,45.16528536305675
2025-10-22 11:32:58.684492,126.51,42.64,264.16,116.59,123.99775114097812
2025-10-22 11:32:59.684492,100.84,69.94,146.95,116.78,102.37017645138788
2025-10-22 11:33:00.684491,135.34,82.9,290.61,48.19,138.36899901276297
2025-10-22 11:33:01.684491,132.36,70.39,220.07,144.63,130.10036390614056
2025-10-22 11:33:02.684490,74.29,24.53,168.73,65.5,76.17376857900314
2025-10-22 11:33:03.684490,158.21,86.01,291.22,143.67,159.0550811850426
2025-10-22 11:33:04.684489,43.45,49.63,59.73,10.41,44.94490032712653
2025-10-22 11:33:05.684489,85.55,50.83,185.89,11.1,83.59680345295183
2025-10-22 11:33:06.684488,153.8,82.17,289.36,139.17,155.69474309985554
2025-10-22 11:33:07.684488,99.5,37.74,246.67,49.24,102.9341135220573
2025-10-22 11:33:08.684487,97.61,50.03,161.71,110.34,95.63594533935718
2025-10-22 11:33:09.684487,151.14,77.79,268.66,140.12,147.48565914523164
2025-10-22 11:33:10.684486,125.94,93.77,238.52,29.14,124.33093211722574
2025-10-22 11:33:11.684486,133.73,35.44,286.56,123.21,128.46755151935295
2025-10-22 11:33:12.684485,119.05,28.76,278.28,107.07,119.45549628707744
2025-10-22 11:33:13.684485,121.33,63.45,210.59,125.38,119.98096870843301
2025-10-22 11:33:14.684484,125.75,85.34,255.47,25.53,124.52040778235563
2025-10-22 11:33:15.684483,68.75,40.24,72.76,148.9,71.69325725905108
2025-10-22 11:33:16.684483,96.35,77.91,139.86,47.75,90.49297458976713
2025-10-22 11:33:17.684482,79.47,27.4,205.97,13.73,78.51357427890528
2025-10-22 11:33:18.684482,136.83,75.5,237.57,141.5,137.2774983071224
2025-10-22 11:33:19.684481,56.98,32.71,134.06,10.31,58.85938208398342
2025-10-22 11:33:20.684481,136.0,86.77,247.34,126.67,142.86871703584535
2025-10-22 11:33:21.684480,117.99,39.53,245.12,130.19,119.43023311439234
2025-10-22 11:33:22.684480,59.75,39.41,98.66,57.85,60.98737933696097
2025-10-22 11:33:23.684479,71.81,46.7,100.91,70.12,67.72172911617079
2025-10-22 11:33:24.684479,100.08,25.18,283.95,17.5,101.59685867496184
2025-10-22 11:33:25.684478,111.19,31.04,229.14,128.7,110.11336969603798
2025-10-22 11:33:26.684478,59.79,31.79,108.54,42.63,57.149150935988
2025-10-22 11:33:27.684477,120.98,90.28,175.56,129.21,123.54266922247656
2025-10-22 11:33:28.684477,93.8,96.92,102.39,86.97,96.46281930580564
2025-10-22 11:33:29.684476,116.64,88.98,221.64,32.42,117.52891263962587
2025-10-22 11:33:30.684476,65.12,59.31,74.25,56.69,63.30724938109054
2025-10-22 11:33:31.684475,102.18,74.99,197.71,27.11,102.33157831119924
2025-10-22 11:33:32.684475,90.7,41.63,160.6,79.57,85.0195706903452
2025-10-22 11:33:33.684474,107.7,79.44,162.97,116.43,111.83552519418478
2025-10-22 11:33:34.684473,114.58,31.54,253.45,106.98,113.35589086560451
2025-10-22 11:33:35.684473,95.73,56.84,161.2,47.0,86.28986399141326
2025-10-22 11:33:36.684472,59.85,36.61,69.12,128.16,64.67779442400793
2025-10-22 11:33:37.684472,72.38,23.19,165.17,61.15,73.5743293542819
2025-10-22 11:33:38.684471,105.21,26.51,254.08,75.06,104.70846745823378
2025-10-22 11:33:39.684471,126.51,97.68,223.92,23.12,120.69007088037873
2025-10-22 11:33:40.684470,113.75,67.82,226.33,87.11,119.2843979555614
2025-10-22 11:33:41.684470,54.87,43.39,80.24,28.1,51.52155049813521
2025-10-22 11:33:42.684469,95.65,68.81,151.84,96.96,99.3432301032171
2025-10-22 11:33:43.684469,95.7,67.29,170.39,98.52,104.4731878426063
2025-10-22 11:33:44.684468,99.25,72.97,168.27,45.0,96.03155527450218
2025-10-22 11:33:45.684468,104.68,41.89,250.5,16.92,99.72994114005238
2025-10-22 11:33:46.684467,46.96,60.08,54.16,48.63,56.0512292130993
2025-10-22 11:33:47.684467,87.95,89.85,105.31,78.57,92.1600599063284
2025-10-22 11:33:48.684466,79.7,96.36,66.3,75.67,83.09374693388818
2025-10-22 11:33:49.684466,153.06,95.82,298.17,96.0,156.55295101338848
2025-10-22 11:33:50.684465,53.76,48.28,108.53,23.45,61.530633558753884
2025-10-22 11:33:51.684465,85.76,84.98,126.13,30.64,86.48165072601942
2025-10-22 11:33:52.684464,86.34,78.25,153.06,30.1,91.12487714163595
2025-10-22 11:33:53.684463,83.1,41.74,111.63,118.69,78.12307249324955
2025-10-22 11:33:54.684463,125.15,51.88,238.1,115.02,120.44410805570203
2025-10-22 11:33:55.684462,123.02,98.37,180.66,100.79,123.45205667770475
2025-10-22 11:33:56.684462,133.77,54.83,279.91,82.5,128.01931940747517
2025-10-22 11:33:57.684461,76.68,55.22,116.24,47.88,72.14652854679743
2025-10-22 11:33:58.684461,96.15,42.82,212.03,69.61,99.09105757643583
2025-10-22 11:33:59.684460,84.18,75.16,123.3,41.79,82.96605578169967
2025-10-22 11:34:00.684460,117.11,63.2,268.86,53.92,123.18199877092025
2025-10-22 11:34:01.684459,60.0,21.45,98.17,101.36,60.55601468170714
2025-10-22 11:34:02.684459,76.55,46.81,107.63,98.46,75.42306910967653
2025-10-22 11:34:03.684458,134.54,84.44,252.32,119.09,141.70288667418836
2025-10-22 11:34:04.684458,71.44,39.56,95.18,126.81,73.70799880772617
2025-10-22 11:34:05.684457,83.12,97.24,54.91,80.44,81.05465750838674
2025-10-22 11:34:06.684457,53.07,38.98,86.22,45.35,54.55288923838068
2025-10-22 11:34:07.684456,117.39,46.71,229.86,107.67,113.9395442922936
2025-10-22 11:34:08.684456,96.46,35.75,213.47,75.74,97.22840813059261
2025-10-22 11:34:09.684455,71.25,63.89,87.73,89.07,76.06334196831244
2025-10-22 11:34:10.684454,88.09,71.69,137.12,60.33,89.07693686660431
2025-10-22 11:34:11.684454,76.24,86.78,115.32,36.84,85.35789508861046
2025-10-22 11:34:12.684453,124.5,95.0,158.56,146.4,124.19125144149392
2025-10-22 11:34:13.684453,113.41,96.68,169.17,39.92,107.07320620238299
2025-10-22 11:34:14.684452,106.86,45.14,198.94,105.57,103.44923872733027
2025-10-22 11:34:15.684452,93.39,86.87,176.88,23.79,101.31402803665749
2025-10-22 11:34:16.684451,80.53,53.27,72.5,136.61,75.64858941295282
2025-10-22 11:34:17.684451,76.2,57.66,135.2,26.14,74.74092575690833
2025-10-22 11:34:18.684450,121.32,96.0,185.36,91.61,121.8645153994395
2025-10-22 11:34:19.684450,67.35,77.74,74.73,71.4,75.52873032855722
2025-10-22 11:34:20.684449,93.01,38.57,163.79,52.11,79.00586800006911
2025-10-22 11:34:21.684449,137.44,91.22,273.57,21.9,132.16116047768588
2025-10-22 11:34:22.684448,143.75,83.32,293.97,63.0,142.5280834478842
2025-10-22 11:34:23.684448,82.9,61.19,91.73,124.27,82.91312855660755
2025-10-22 11:34:24.684447,88.11,47.53,164.3,91.94,91.51899780365675
2025-10-22 11:34:25.684447,83.26,22.02,174.29,102.77,83.99782640073607
2025-10-22 11:34:26.684446,97.36,95.08,89.54,92.61,92.80627938369324
2025-10-22 11:34:27.684445,113.24,74.09,241.4,13.94,112.40101006541522
2025-10-22 11:34:28.684445,152.25,81.59,259.39,134.23,145.41794579480563
2025-10-22 11:34:29.684444,84.65,27.01,125.28,113.91,73.95838032007212
2025-10-22 11:34:30.684444,82.44,30.62,201.07,47.09,85.26425920484704
2025-10-22 11:34:31.684443,106.79,62.76,170.57,99.29,102.42954345390763
2025-10-22 11:34:32.684443,50.19,22.6,73.71,51.91,43.957332537060076
2025-10-22 11:34:33.684442,84.0,40.17,135.52,105.28,81.86088010653656
2025-10-22 11:34:34.684442,129.73,84.74,201.6,119.78,126.74450732764245
2025-10-22 11:34:35.684441,107.81,55.96,198.18,103.73,108.23115479020375
2025-10-22 11:34:36.684441,137.3,57.36,273.24,132.52,137.20305334562696
2025-10-22 11:34:37.684440,128.67,46.57,297.8,64.42,125.70275619131218
2025-10-22 11:34:38.684440,85.07,75.6,147.51,48.43,91.77960478778573
2025-10-22 11:34:39.684439,88.38,39.9,164.33,103.88,90.10791328911935
2025-10-22 11:34:40.684439,126.8,43.34,268.78,70.39,116.56108458207348
2025-10-22 11:34:41.684438,130.71,84.38,294.57,13.52,133.41077591355986
2025-10-22 11:34:42.684438,86.89,83.06,71.73,105.02,83.94544134621965
2025-10-22 11:34:43.684437,129.64,68.4,293.37,44.0,131.16261839869378
2025-10-22 11:34:44.684437,77.63,57.89,141.15,44.4,80.26906397339724
2025-10-22 11:34:45.684436,74.92,75.76,113.79,46.05,81.25164753954614
2025-10-22 11:34:46.684435,103.17,77.7,152.02,82.59,100.96095730967421
2025-10-22 11:34:47.684435,87.07,49.43,163.63,67.94,87.49638164012764
2025-10-22 11:34:48.684434,76.18,37.41,89.94,118.74,69.4625795526257
2025-10-22 11:34:49.684434,57.38,45.14,78.39,59.44,58.05753615239102
2025-10-22 11:34:50.684433,128.41,75.59,286.71,23.45,128.65286255558942
2025-10-22 11:34:51.684433,108.02,82.65,147.15,91.34,103.69384187502449
2025-10-22 11:34:52.684432,58.85,23.96,151.39,42.61,66.13403606783024
2025-10-22 11:34:53.684432,104.05,27.47,190.69,133.83,97.80170890887696
2025-10-22 11:34:54.684431,109.13,65.86,159.45,126.67,106.06379060407673
2025-10-22 11:34:55.684431,68.18,32.93,182.65,12.9,74.08716377837969
2025-10-22 11:34:56.684430,109.55,31.57,256.63,45.77,102.17329897311778
2025-10-22 11:34:57.684430,67.78,71.7,55.21,118.0,75.91340638020034
2025-10-22 11:34:58.684429,98.65,48.61,159.89,113.58,95.0267337975322
2025-10-22 11:34:59.684429,147.4,68.09,295.96,74.5,137.84284518833854
2025-10-22 11:35:00.684428,76.53,32.37,197.52,18.01,79.29286793091485
2025-10-22 11:35:01.684428,138.01,97.57,227.91,96.78,136.45988952250445
2025-10-22 11:35:02.684427,69.71,77.19,55.85,118.61,78.9544646501406
2025-10-22 11:35:03.684427,140.75,53.92,286.88,132.53,139.59559671798883
2025-10-22 11:35:04.684426,143.61,94.96,257.83,107.66,146.3161688959979
2025-10-22 11:35:05.684425,116.7,40.92,283.99,36.02,113.10610425520638
2025-10-22 11:35:06.684425,96.11,74.28,157.03,62.77,96.83234292960464
2025-10-22 11:35:07.684424,73.83,66.74,70.73,89.46,72.44720729832864
2025-10-22 11:35:08.684424,84.02,28.83,168.67,78.68,80.9089900139495
2025-10-22 11:35:09.684423,52.28,29.58,59.83,111.54,55.092979171403236
2025-10-22 11:35:10.684423,66.15,20.07,153.77,81.25,72.58870367637341
2025-10-22 11:35:11.684422,99.77,71.9,147.49,56.86,91.60911244023073
2025-10-22 11:35:12.684422,63.17,69.86,64.0,54.25,64.98357270342017
2025-10-22 11:35:13.684421,146.52,59.24,284.74,139.38,142.95559157664786
2025-10-22 11:35:14.684421,102.18,85.48,158.35,55.28,101.30640869535294
2025-10-22 11:35:15.684420,84.21,48.91,159.0,53.83,83.0448880160548
2025-10-22 11:35:16.684420,87.32,84.37,91.11,69.33,83.33487858223175
2025-10-22 11:35:17.684419,139.06,95.63,249.41,41.91,131.0636256420336
2025-10-22 11:35:18.684419,105.78,54.45,234.06,95.59,116.6488535981299
2025-10-22 11:35:19.684418,132.36,96.55,253.49,26.2,129.62776471449826
2025-10-22 11:35:20.684418,90.39,50.21,147.27,125.35,94.36552471756114
2025-10-22 11:35:21.684417,82.66,29.49,169.11,115.99,88.77706381326028
2025-10-22 11:35:22.684416,119.71,87.05,175.37,132.97,122.62735952356078
2025-10-22 11:35:23.684416,131.37,65.09,254.72,125.76,134.13494919842415
2025-10-22 11:35:24.684415,110.68,46.68,180.54,149.98,107.50167030645989
2025-10-22 11:35:25.684415,121.53,96.89,197.48,57.35,119.1471432309474
2025-10-22 11:35:26.684414,110.25,33.44,253.92,28.78,98.91447394429524
2025-10-22 11:35:27.684414,139.27,96.64,207.81,132.1,136.9693795407115
2025-10-22 11:35:28.684413,134.97,45.81,259.18,100.61,120.90306580591225
2025-10-22 11:35:29.684413,118.43,60.0,217.58,104.58,116.2379797113955
2025-10-22 11:35:30.684412,114.3,57.89,262.73,41.92,116.31880170142051
2025-10-22 11:35:31.684412,120.67,53.28,266.94,58.98,118.68105826151219
2025-10-22 11:35:32.684411,131.84,83.55,198.67,120.8,125.4751617935767
2025-10-22 11:35:33.684411,82.28,28.1,127.49,149.31,82.19285050521175
2025-10-22 11:35:34.684410,101.38,44.99,168.93,119.86,97.19218192614733
2025-10-22 11:35:35.684410,133.66,82.49,251.09,26.69,122.01831275193985
2025-10-22 11:35:36.684409,121.37,22.38,264.86,146.08,119.9976712067641
2025-10-22 11:35:37.684409,79.32,65.12,127.99,37.04,78.44441984837242
2025-10-22 11:35:38.684408,63.51,72.23,92.36,16.99,67.28695597967719
2025-10-22 11:35:39.684408,106.05,64.3,198.25,92.11,110.08857915054514
2025-10-22 11:35:40.684407,122.44,93.22,224.3,53.31,124.58267364580661
2025-10-22 11:35:41.684407,146.47,93.49,276.23,96.48,148.89634996318262
2025-10-22 11:35:42.684406,70.94,73.37,51.72,114.41,74.98135599384425
2025-10-22 11:35:43.684405,155.7,96.51,279.09,101.15,152.18360345836234
2025-10-22 11:35:44.684405,121.94,83.21,251.19,32.53,123.56561989935315
2025-10-22 11:35:45.684404,54.57,46.52,78.75,56.06,58.18025921205194
2025-10-22 11:35:46.684404,99.7,85.13,195.35,28.53,106.9420296002856
2025-10-22 11:35:47.684403,88.99,75.09,108.17,101.29,90.19755540252805
2025-10-22 11:35:48.684403,105.48,89.4,126.56,91.98,100.98596050644555
2025-10-22 11:35:49.684402,47.79,50.92,64.5,33.22,51.54841946707764
2025-10-22 11:35:50.684402,120.59,91.3,219.37,36.21,118.75178704701281
2025-10-22 11:35:51.684401,75.97,84.31,72.02,36.97,71.1422736370755
2025-10-22 11:35:52.684401,57.28,49.68,65.1,129.04,70.13780299862329
2025-10-22 11:35:53.684400,56.3,70.6,65.15,52.97,65.44272500484824
2025-10-22 11:35:54.684400,111.93,47.31,292.85,19.84,115.73125083774624
2025-10-22 11:35:55.684399,37.46,27.08,53.58,34.19,36.614522190130465
2025-10-22 11:35:56.684399,75.49,50.63,114.75,99.87,79.74089757036194
2025-10-22 11:35:57.684398,127.56,59.79,262.82,105.44,129.9017554675862
2025-10-22 11:35:58.684398,139.88,75.02,275.55,89.04,138.03834629866475
2025-10-22 11:35:59.684397,89.61,36.77,230.14,13.15,90.31823671002735
2025-10-22 11:36:00.684396,111.28,81.9,219.01,25.62,111.87075517990642
2025-10-22 11:36:01.684396,121.18,28.53,293.38,92.77,121.04041633253718
2025-10-22 11:36:02.684395,108.14,53.42,188.52,128.81,109.04544610540222
2025-10-22 11:36:03.684395,96.17,68.06,187.62,64.49,103.27772703349606
2025-10-22 11:36:04.684394,125.69,64.59,244.93,145.85,134.9329287966313
2025-10-22 11:36:05.684394,124.71,74.75,199.6,107.24,118.69025439958912
2025-10-22 11:36:06.684393,137.25,65.39,237.49,126.93,129.3376445705263
2025-10-22 11:36:07.684393,74.34,60.75,61.1,130.88,74.80077603434493
2025-10-22 11:36:08.684392,117.55,97.13,230.18,25.04,122.6795413332504
2025-10-22 11:36:09.684392,146.14,69.41,279.96,124.81,143.6787680713506
2025-10-22 11:36:10.684391,118.18,65.54,209.1,109.76,117.47014379553154
2025-10-22 11:36:11.684391,99.42,79.25,149.78,45.61,93.71538540671835
2025-10-22 11:36:12.684390,60.71,63.53,51.19,101.17,67.30446573249063
2025-10-22 11:36:13.684390,89.98,44.74,120.46,95.01,77.5658274605676
2025-10-22 11:36:14.684389,64.58,40.83,79.81,136.28,71.5996290285401
2025-10-22 11:36:15.684389,110.11,85.68,201.28,51.23,113.50470588446602
2025-10-22 11:36:16.684388,79.17,56.11,179.98,16.88,85.59136311231329
2025-10-22 11:36:17.684387,113.76,38.53,230.14,145.24,117.41919524361467
2025-10-22 11:36:18.684387,88.64,36.71,222.02,15.46,88.30652772494076
2025-10-22 11:36:19.684386,107.33,88.54,200.61,41.83,112.85788225428041
2025-10-22 11:36:20.684386,145.22,93.31,294.87,80.79,151.29411022584458
2025-10-22 11:36:21.684385,101.54,80.84,113.43,146.29,103.57003710100307
2025-10-22 11:36:22.684385,106.82,38.06,272.03,34.55,107.79860457308571
2025-10-22 11:36:23.684384,86.6,93.39,83.98,107.19,93.19039140167403
2025-10-22 11:36:24.684384,118.12,51.68,222.61,126.96,118.05975424583147
2025-10-22 11:36:25.684383,105.45,58.62,221.43,33.19,102.53499179236678
2025-10-22 11:36:26.684383,95.58,71.52,161.68,100.94,104.43737929898936
2025-10-22 11:36:27.684382,114.5,48.78,245.3,137.21,125.47381449306972
2025-10-22 11:36:28.684382,98.3,53.52,149.03,128.09,97.08303914246703
2025-10-22 11:36:29.684381,127.19,45.81,290.84,95.71,129.44591289872292
2025-10-22 11:36:30.684381,53.06,41.15,92.75,23.2,53.195770502599295
2025-10-22 11:36:31.684380,90.21,41.4,196.13,64.09,92.51065168353949
2025-10-22 11:36:32.684380,92.01,82.27,87.48,115.1,90.28816458786794
2025-10-22 11:36:33.684379,131.57,85.42,251.1,93.3,136.70247533965122
2025-10-22 11:36:34.684379,85.07,68.96,95.02,102.27,83.39421121863957
2025-10-22 11:36:35.684378,101.93,62.27,142.67,128.17,99.53460036365524
2025-10-22 11:36:36.684377,128.11,81.66,246.33,48.55,124.51559291133871
2025-10-22 11:36:37.684377,97.95,20.11,248.7,71.46,99.19697322725264
2025-10-22 11:36:38.684376,71.55,74.18,104.07,43.37,77.01309654392333
2025-10-22 11:36:39.684376,85.21,48.55,118.8,133.95,86.69136870394081
2025-10-22 11:36:40.684375,148.06,75.86,258.17,114.04,138.195704083032
2025-10-22 11:36:41.684375,105.25,34.7,251.62,89.81,110.966727612141
2025-10-22 11:36:42.684374,131.63,94.87,269.23,20.99,132.48946787446573
2025-10-22 11:36:43.684374,112.53,71.27,241.55,22.8,112.80419805585059
2025-10-22 11:36:44.684373,90.23,55.19,126.68,140.82,93.72276305853448
2025-10-22 11:36:45.684373,98.21,56.88,209.81,22.78,96.11108772746121
2025-10-22 11:36:46.684372,129.91,69.83,226.01,87.73,120.30994349292297
2025-10-22 11:36:47.684372,93.97,62.07,157.51,78.91,94.11495235375682
2025-10-22 11:36:48.684371,37.6,43.72,63.89,46.36,50.39687278741633
2025-10-22 11:36:49.684371,87.5,52.44,133.21,147.54,95.65340666941717
2025-10-22 11:36:50.684370,115.94,81.38,206.06,93.57,121.21165634009354
2025-10-22 11:36:51.684370,93.77,20.33,188.75,128.19,92.55144715745311
2025-10-22 11:36:52.684369,102.01,47.95,228.75,50.44,102.8589405654979
2025-10-22 11:36:53.684368,74.54,92.83,73.6,35.16,75.4907541724183
2025-10-22 11:36:54.684368,83.89,41.42,131.82,126.19,85.52153283906146
2025-10-22 11:36:55.684367,89.63,21.58,214.31,62.32,87.77628295785676
2025-10-22 11:36:56.684367,84.58,73.17,100.16,96.4,85.86524471882935
2025-10-22 11:36:57.684366,71.11,75.57,88.48,30.51,70.46458903778522
2025-10-22 11:36:58.684366,106.3,73.02,192.78,59.16,106.23460976719991
2025-10-22 11:36:59.684365,53.01,37.66,103.62,23.18,54.7249634486769
2025-10-22 11:37:00.684365,92.58,47.4,132.56,136.12,90.68658380704905
2025-10-22 11:37:01.684364,84.6,77.03,114.18,51.5,83.08193771276783
2025-10-22 11:37:02.684364,57.51,55.23,87.92,33.79,60.842046824133114
2025-10-22 11:37:03.684363,87.51,68.65,95.28,125.49,87.92868410144479
2025-10-22 11:37:04.684363,71.45,84.75,108.86,12.12,77.49954474006793
2025-10-22 11:37:05.684362,128.24,83.64,258.96,21.64,123.95239524017822
2025-10-22 11:37:06.684362,85.83,21.46,228.48,66.55,92.81547445293211
2025-10-22 11:37:07.684361,66.4,90.07,50.98,20.61,64.4319213749774
2025-10-22 11:37:08.684361,96.78,71.75,139.97,35.75,85.08297142010318
2025-10-22 11:37:09.684360,125.65,39.24,289.95,129.51,132.6252650190417
2025-10-22 11:37:10.684359,105.77,78.26,156.28,82.16,102.43419169320832
2025-10-22 11:37:11.684359,103.76,90.74,178.83,16.63,102.40122200384745
2025-10-22 11:37:12.684358,68.81,29.21,113.74,107.63,70.33603574794817
2025-10-22 11:37:13.684358,80.49,29.63,195.08,18.11,77.21804768973325
2025-10-22 11:37:14.684357,55.89,32.45,70.39,107.66,58.92241702664922
2025-10-22 11:37:15.684357,110.66,96.2,206.04,12.45,112.4622102575461
2025-10-22 11:37:16.684356,108.8,44.87,182.1,131.32,103.36633340421021
2025-10-22 11:37:17.684356,83.72,89.16,97.32,43.4,82.4327478311478
2025-10-22 11:37:18.684355,106.99,70.12,213.07,36.59,106.41089587684142
2025-10-22 11:37:19.684355,143.99,85.27,285.06,116.88,151.51680699798425
2025-10-22 11:37:20.684354,114.21,67.1,257.7,47.82,120.55421326304126
2025-10-22 11:37:21.684354,127.53,94.9,166.32,121.2,121.47044418715703
2025-10-22 11:37:22.684353,147.37,68.04,286.91,141.71,148.4425138022177
2025-10-22 11:37:23.684352,128.05,55.33,223.6,126.84,120.14690393084894
2025-10-22 11:37:24.684351,124.66,41.54,277.5,105.5,125.258791957454
2025-10-22 11:37:25.684351,146.35,84.61,265.81,88.29,139.7265513598874
2025-10-22 11:37:26.684350,55.68,54.03,82.5,37.82,59.4169745695834
2025-10-22 11:37:27.684349,130.16,56.75,285.73,112.58,136.69489094663726
2025-10-22 11:37:28.684349,79.91,40.82,159.6,72.87,82.98629115277856
2025-10-22 11:37:29.684348,84.96,78.78,88.88,84.85,82.96886672633951
2025-10-22 11:37:30.684348,79.93,31.86,180.26,40.71,78.35890940193495
2025-10-22 11:37:31.684347,105.19,31.7,270.58,33.21,103.93691037028799
2025-10-22 11:37:32.684347,113.19,66.5,214.18,60.36,109.66554848909664
2025-10-22 11:37:33.684346,87.62,29.53,183.19,95.14,88.88904954206203
2025-10-22 11:37:34.684346,116.03,45.98,244.11,80.39,112.4433879979091
2025-10-22 11:37:35.684345,138.62,72.71,267.72,101.27,136.96555910532842
2025-10-22 11:37:36.684345,111.13,58.26,207.96,80.78,107.75660476692836
2025-10-22 11:37:37.684344,65.15,27.88,125.81,102.53,72.29041218180754
2025-10-22 11:37:38.684344,99.51,65.65,216.7,24.72,102.92431587300773
2025-10-22 11:37:39.684343,56.37,55.14,63.79,80.14,62.74762587062884
2025-10-22 11:37:40.684343,108.17,54.2,226.87,59.56,107.2098405955719
2025-10-22 11:37:41.684342,129.33,59.8,248.21,134.74,131.33306619758304
2025-10-22 11:37:42.684342,120.18,80.38,195.68,112.95,121.44292054767823
2025-10-22 11:37:43.684341,123.53,65.16,241.03,82.13,121.39229375843063
2025-10-22 11:37:44.684340,111.84,24.9,293.42,48.61,110.48096222640652
2025-10-22 11:37:45.684340,100.88,94.41,86.36,145.43,102.00506249016486
2025-10-22 11:37:46.684339,133.5,89.54,210.72,57.16,119.43715624007093
2025-10-22 11:37:47.684339,54.7,36.06,54.9,66.82,47.95147858882943
2025-10-22 11:37:48.684338,70.88,79.77,56.47,99.79,76.68590613732256
2025-10-22 11:37:49.684338,90.25,22.99,228.85,34.7,87.36299315999814
2025-10-22 11:37:50.684337,125.47,85.74,197.07,139.9,129.87463301996775
2025-10-22 11:37:51.684337,91.73,40.87,169.71,131.65,97.72060019590377
2025-10-22 11:37:52.684336,103.63,66.93,259.83,10.11,113.62260521888462
2025-10-22 11:37:53.684336,126.82,86.62,218.75,75.53,124.04729375651621
2025-10-22 11:37:54.684335,111.35,77.45,196.25,45.08,106.68290934748407
2025-10-22 11:37:55.684335,79.87,40.89,144.11,102.92,84.33183123016667
2025-10-22 11:37:56.684334,109.97,95.43,173.36,95.98,118.84226378818306
2025-10-22 11:37:57.684334,76.84,65.17,112.25,104.8,87.19222442012807
2025-10-22 11:37:58.684333,78.6,83.78,63.12,37.99,68.40648828152786
2025-10-22 11:37:59.684333,106.56,40.31,268.77,16.12,104.27735299356917
2025-10-22 11:38:00.684332,124.14,83.84,244.43,87.22,132.7055619428718
2025-10-22 11:38:01.684332,115.03,37.92,236.26,148.34,119.5710672178291
2025-10-22 11:38:02.684331,64.69,20.53,130.16,62.17,61.93266701376786
2025-10-22 11:38:03.684330,147.94,77.54,293.54,109.6,148.77963423724512
2025-10-22 11:38:04.684330,91.49,75.97,66.69,124.94,82.86323549863597
2025-10-22 11:38:05.684329,134.49,75.93,284.49,73.91,138.17340034257873
2025-10-22 11:38:06.684329,122.26,26.66,290.21,89.11,118.43187692517037
2025-10-22 11:38:07.684328,114.03,55.53,260.09,29.89,111.96424571868491
2025-10-22 11:38:08.684328,70.88,64.62,80.87,49.54,66.51547809034491
2025-10-22 11:38:09.684327,45.3,32.77,63.49,36.8,42.938242727802134
2025-10-22 11:38:10.684327,111.15,59.58,213.91,102.86,114.58474820163092
2025-10-22 11:38:11.684326,108.58,80.03,187.23,51.44,106.51645061301258
2025-10-22 11:38:12.684326,125.73,52.73,250.86,98.08,121.33811698076967
2025-10-22 11:38:13.684325,81.82,20.17,229.99,12.6,81.91661105742423
2025-10-22 11:38:14.684325,109.92,39.04,270.18,41.49,109.10739957419555
2025-10-22 11:38:15.684324,94.1,96.85,114.47,40.72,90.87584911520412
2025-10-22 11:38:16.684324,100.99,92.88,103.35,114.33,100.17651670598026
2025-10-22 11:38:17.684323,119.79,79.25,218.22,53.57,115.8662069803096
2025-10-22 11:38:18.684323,114.29,72.24,194.28,116.87,117.75627705719151
2025-10-22 11:38:19.684322,46.46,46.11,55.11,27.02,45.10540223203015
2025-10-22 11:38:20.684322,52.54,48.43,62.64,19.07,46.94278590356943
2025-10-22 11:38:21.684321,83.22,45.11,159.68,75.67,85.69766808971039
2025-10-22 11:38:22.684320,107.6,72.88,166.96,76.16,101.77994163635144
2025-10-22 11:38:23.684320,58.33,41.5,81.65,44.32,54.22682642897457
2025-10-22 11:38:24.684319,117.51,60.79,259.26,54.28,119.1707417599361
2025-10-22 11:38:25.684319,106.82,89.79,125.06,92.2,100.77256368644412
2025-10-22 11:38:26.684318,122.44,32.07,237.39,139.96,115.34040528867342
2025-10-22 11:38:27.684318,104.16,72.53,178.25,96.82,109.10143409859576
2025-10-22 11:38:28.684317,89.15,43.93,188.05,30.55,84.67971155065537
2025-10-22 11:38:29.684317,148.55,91.26,254.37,107.74,143.4538514230399
2025-10-22 11:38:30.684316,74.87,30.77,149.26,148.69,89.93948059387387
2025-10-22 11:38:31.684316,124.1,58.32,278.09,55.41,123.82749344246001
2025-10-22 11:38:32.684315,65.04,49.84,109.75,22.19,62.42219476729208
2025-10-22 11:38:33.684315,106.38,47.96,199.89,125.3,109.0532274330014
2025-10-22 11:38:34.684314,91.28,76.18,145.78,30.3,87.94807375188864
2025-10-22 11:38:35.684314,101.63,20.42,276.97,41.08,101.81586889809836
2025-10-22 11:38:36.684313,108.1,35.53,216.01,118.98,106.46785536578172
2025-10-22 11:38:37.684313,128.17,86.53,201.8,137.71,131.25395222083864
2025-10-22 11:38:38.684312,92.92,28.6,179.41,140.86,96.36861228403046
2025-10-22 11:38:39.684312,82.17,58.49,120.0,80.12,81.302531992516
2025-10-22 11:38:40.684311,126.97,87.59,233.26,55.51,124.91536714904129
2025-10-22 11:38:41.684310,95.86,36.85,234.78,15.18,92.15564115803558
2025-10-22 11:38:42.684310,93.58,89.93,163.82,25.25,99.19888454581353
2025-10-22 11:38:43.684309,109.95,49.95,183.97,121.35,104.47271693416549
2025-10-22 11:38:44.684309,101.01,58.12,232.34,17.97,102.5437534628023
2025-10-22 11:38:45.684308,100.83,80.89,207.33,38.46,110.40780190363222
2025-10-22 11:38:46.684308,59.18,43.78,124.38,19.59,63.29238767412432
2025-10-22 11:38:47.684307,93.15,83.29,128.38,56.33,91.4190366770617
2025-10-22 11:38:48.684307,80.78,61.39,75.36,126.95,78.62443450483102
2025-10-22 11:38:49.684306,54.4,40.7,78.15,34.62,50.851462325095156
2025-10-22 11:38:50.684306,48.1,36.28,83.31,15.54,46.418031785189726
2025-10-22 11:38:51.684305,61.78,24.05,87.65,114.09,61.21341877193914
2025-10-22 11:38:52.684305,110.16,30.49,292.28,40.23,111.25173617974995
2025-10-22 11:38:53.684304,113.07,40.06,262.07,90.51,116.90956614161014
2025-10-22 11:38:54.684304,97.81,66.13,184.54,33.46,95.2320999109085
2025-10-22 11:38:55.684303,113.8,56.72,214.68,103.65,113.55210766104707
2025-10-22 11:38:56.684303,84.53,67.55,122.2,83.64,87.1639213703471
2025-10-22 11:38:57.684302,78.88,68.13,106.32,25.13,71.0619884204772
2025-10-22 11:38:58.684301,124.83,30.84,296.86,70.42,118.79643389415496
2025-10-22 11:38:59.684301,103.95,76.14,167.56,60.99,100.5679242076952
2025-10-22 11:39:00.684300,83.62,27.87,220.11,56.94,91.57637762859893
2025-10-22 11:39:01.684300,64.71,63.56,57.42,75.47,64.08911326347453
2025-10-22 11:39:02.684299,43.11,24.01,87.16,82.88,54.84950842689203
2025-10-22 11:39:03.684299,69.91,92.64,51.7,23.26,66.45133090036222
2025-10-22 11:39:04.684298,101.53,50.63,179.42,143.19,107.77935351561095
2025-10-22 11:39:05.684298,99.08,53.23,131.76,142.96,94.70072629766824
2025-10-22 11:39:06.684297,71.3,76.03,64.99,69.14,71.30297176067748
2025-10-22 11:39:07.684297,159.97,88.94,289.93,148.77,161.13567093895716
2025-10-22 11:39:08.684296,117.15,85.14,195.38,92.9,119.73671346902248
2025-10-22 11:39:09.684296,122.95,62.84,290.17,10.09,120.70561411677511
2025-10-22 11:39:10.684295,67.85,55.34,129.83,10.72,68.91262641297433
2025-10-22 11:39:11.684295,93.57,64.68,116.58,46.77,76.72831745036828
2025-10-22 11:39:12.684294,87.32,51.1,99.56,136.54,82.68974147458763
2025-10-22 11:39:13.684294,85.75,54.02,171.81,43.75,87.43246745963589
2025-10-22 11:39:14.684293,52.47,39.97,82.38,34.88,51.81177212027787
2025-10-22 11:39:15.684293,51.8,45.52,85.85,12.0,51.06927383150327
2025-10-22 11:39:16.684292,94.88,68.9,163.1,68.21,97.06392733234047
2025-10-22 11:39:17.684291,86.54,84.72,93.47,117.12,93.70682167801785
2025-10-22 11:39:18.684291,97.09,81.85,119.94,68.89,90.66066931659456
2025-10-22 11:39:19.684290,102.64,86.44,111.81,139.74,104.56485780353229
2025-10-22 11:39:20.684290,111.76,40.38,276.15,44.24,112.11350867742512
2025-10-22 11:39:21.684289,110.69,51.54,238.89,84.79,114.51044637020273
2025-10-22 11:39:22.684289,102.52,84.46,194.39,31.91,106.99171787546267
2025-10-22 11:39:23.684288,137.41,82.52,251.03,115.71,139.69015373970916
2025-10-22 11:39:24.684288,89.04,90.17,128.78,62.22,96.12689774150077
2025-10-22 11:39:25.684287,119.11,40.07,218.07,124.37,110.41279488072968
2025-10-22 11:39:26.684287,75.76,29.58,166.2,21.99,69.28339578881796
2025-10-22 11:39:27.684286,72.77,80.06,57.49,69.87,71.19592544348623
2025-10-22 11:39:28.684286,54.12,67.41,71.14,31.25,61.34568420988972
2025-10-22 11:39:29.684285,81.09,41.9,162.53,55.36,80.92688710939552
2025-10-22 11:39:30.684285,115.81,85.41,138.44,137.94,111.69965991742014
2025-10-22 11:39:31.684284,94.6,20.35,212.11,55.68,85.18557627020789
2025-10-22 11:39:32.684283,105.4,94.16,141.71,97.49,108.99836484289948
2025-10-22 11:39:33.684283,52.43,23.97,84.32,73.38,52.08981335338787
2025-10-22 11:39:34.684282,52.78,51.84,62.05,10.51,46.760044772616766
2025-10-22 11:39:35.684282,100.94,78.41,195.34,58.11,109.473467484122
2025-10-22 11:39:36.684281,78.07,68.1,104.32,22.81,69.9853253610534
2025-10-22 11:39:37.684281,70.36,24.03,124.67,118.59,73.22370863333465
2025-10-22 11:39:38.684280,137.93,89.03,194.7,149.61,132.72479343205538
2025-10-22 11:39:39.684280,64.32,34.95,138.49,40.65,67.32778254319028
2025-10-22 11:39:40.684279,78.45,57.29,93.97,122.38,81.27349570919134
2025-10-22 11:39:41.684279,155.64,85.66,296.0,96.21,150.89466159313093
2025-10-22 11:39:42.684278,50.49,41.57,73.17,13.9,45.67294382647051
2025-10-22 11:39:43.684278,107.68,74.84,156.09,122.99,108.78475355941976
2025-10-22 11:39:44.684277,115.62,67.74,186.04,131.94,116.03609109805944
2025-10-22 11:39:45.684277,142.54,94.94,283.45,97.43,151.9754197192935
2025-10-22 11:39:46.684276,111.89,20.55,243.48,116.21,106.73178871036387
2025-10-22 11:39:47.684276,167.77,94.81,279.73,135.04,158.26023325518497
2025-10-22 11:39:48.684275,156.79,96.4,255.54,113.18,147.43931622109469
2025-10-22 11:39:49.684274,90.22,41.63,156.94,106.62,89.29031166044268
2025-10-22 11:39:50.684274,87.22,78.47,115.66,76.38,89.18213665550532
2025-10-22 11:39:51.684273,118.67,64.69,276.26,19.6,119.33216468909279
2025-10-22 11:39:52.684273,77.99,66.65,88.47,130.24,85.83132706526123
2025-10-22 11:39:53.684272,107.13,90.65,175.19,76.04,113.05835543107524
2025-10-22 11:39:54.684272,85.94,54.21,88.48,144.38,82.46130161140847
2025-10-22 11:39:55.684271,130.55,87.54,278.95,50.64,137.65619290261046
2025-10-22 11:39:56.684271,79.04,71.14,134.58,18.71,79.77658423853143
2025-10-22 11:39:57.684270,57.47,28.7,108.31,104.42,67.81326299046248
2025-10-22 11:39:58.684270,103.32,51.68,253.89,46.74,111.53356107733532
2025-10-22 11:39:59.684269,122.61,85.81,184.95,121.45,122.60336033255476
2025-10-22 11:40:00.684269,62.37,68.45,92.23,19.68,65.90397562259496
2025-10-22 11:40:01.684268,71.63,56.53,106.99,41.88,68.82588502878471
2025-10-22 11:40:02.684268,114.02,45.68,277.27,49.21,116.07011911589447
2025-10-22 11:40:03.684267,80.33,74.74,163.78,14.95,89.59497967105813
2025-10-22 11:40:04.684267,84.79,86.63,88.3,75.9,84.9176111960758
2025-10-22 11:40:05.684266,89.16,54.84,183.09,26.54,87.81313339807774
2025-10-22 11:40:06.684266,131.3,35.76,287.98,137.88,131.966068783953
2025-10-22 11:40:07.684265,82.57,66.13,107.34,111.74,87.57136780148412
2025-10-22 11:40:08.684264,99.8,84.88,105.06,144.74,102.75377619354033
2025-10-22 11:40:09.684264,92.01,81.04,65.84,148.02,89.70922186126538
2025-10-22 11:40:10.684263,37.91,24.88,72.46,24.39,39.25028786851044
2025-10-22 11:40:11.684263,112.85,96.94,197.4,29.67,113.65206060443427
2025-10-22 11:40:12.684262,134.66,68.68,289.76,53.55,132.1128645403316
2025-10-22 11:40:13.684262,97.69,51.54,175.26,100.64,98.53280925166573
2025-10-22 11:40:14.684261,113.39,70.35,150.12,141.99,108.53211181876782
2025-10-22 11:40:15.684261,73.16,56.91,59.06,121.98,70.5127146514431
2025-10-22 11:40:16.684260,111.29,93.36,213.34,18.16,114.37903489668977
2025-10-22 11:40:17.684260,102.96,62.48,215.84,14.94,99.14906589052507
2025-10-22 11:40:18.684259,127.88,87.7,209.6,119.38,130.54018075015952
2025-10-22 11:40:19.684259,84.78,97.13,95.86,66.03,90.44684470289654
2025-10-22 11:40:20.684258,67.09,21.34,172.08,14.47,65.46373155504412
2025-10-22 11:40:21.684258,67.65,62.71,60.71,108.04,71.1224450990282
2025-10-22 11:40:22.684257,130.75,51.86,277.5,100.29,129.35160481910114
2025-10-22 11:40:23.684257,62.59,22.36,93.86,126.1,64.62485272413733
2025-10-22 11:40:24.684256,131.95,80.85,219.63,115.47,129.37520040026956
2025-10-22 11:40:25.684255,103.83,94.89,156.19,79.65,110.17102298283802
2025-10-22 11:40:26.684255,72.52,79.72,83.61,87.43,82.36419139286214
2025-10-22 11:40:27.684254,96.61,53.18,172.58,115.95,101.58191338266191
2025-10-22 11:40:28.684254,150.2,77.58,270.21,149.56,149.7215112580821
2025-10-22 11:40:29.684253,98.67,50.13,251.48,43.5,109.39582370844198
2025-10-22 11:40:30.684253,116.29,54.71,297.8,10.12,118.96563839985765
2025-10-22 11:40:31.684252,50.69,21.12,113.44,61.0,56.968119962752624
2025-10-22 11:40:32.684252,100.8,68.81,144.98,100.38,97.96042808876634
2025-10-22 11:40:33.684251,118.26,95.27,157.9,88.9,112.71036847427526
2025-10-22 11:40:34.684251,114.65,25.03,297.49,29.97,108.06784875481941
2025-10-22 11:40:35.684250,111.6,36.71,279.01,79.59,118.16851609320959
2025-10-22 11:40:36.684250,92.06,51.24,217.75,25.49,96.23350204482581
2025-10-22 11:40:37.684249,103.77,31.35,209.78,123.9,103.495492751502
2025-10-22 11:40:38.684249,121.52,91.3,174.95,113.14,120.67538421292075
2025-10-22 11:40:39.684248,69.64,28.41,134.39,105.01,75.62494510211779
2025-10-22 11:40:40.684247,47.55,33.73,89.75,24.06,48.77838146687621
2025-10-22 11:40:41.684247,65.99,45.58,94.87,13.32,54.07222573748438
2025-10-22 11:40:42.684246,76.57,89.73,50.24,61.41,72.14144758396898
2025-10-22 11:40:43.684246,121.72,29.06,259.68,119.37,116.45629140217903
2025-10-22 11:40:44.684245,118.2,31.86,278.6,82.96,116.30478760264901
2025-10-22 11:40:45.684245,72.63,44.25,101.74,97.26,72.14262847676554
2025-10-22 11:40:46.684244,58.4,24.43,105.59,60.88,56.22939361306422
2025-10-22 11:40:47.684244,113.41,84.93,145.57,115.19,109.08715390159897
2025-10-22 11:40:48.684243,82.22,56.84,130.92,85.61,84.85492933496131
2025-10-22 11:40:49.684243,60.97,28.36,163.32,11.52,65.73282765250875
2025-10-22 11:40:50.684242,115.03,63.45,249.42,24.47,111.61599632035919
2025-10-22 11:40:51.684242,100.54,41.57,200.85,95.75,100.29986819598115
2025-10-22 11:40:52.684241,99.91,78.22,98.16,136.7,95.77469041480799
2025-10-22 11:40:53.684241,93.95,92.8,80.65,122.85,95.00569828167824
2025-10-22 11:40:54.684240,92.04,37.39,186.6,68.13,88.45617570325048
2025-10-22 11:40:55.684240,140.09,55.83,289.98,134.71,141.9091151861748
2025-10-22 11:40:56.684239,143.41,86.8,240.95,127.46,141.11989533446683
2025-10-22 11:40:57.684239,116.11,90.52,224.14,27.15,117.99906701138755
2025-10-22 11:40:58.684238,36.12,26.09,58.09,34.68,37.575480359901384
2025-10-22 11:40:59.684237,125.47,80.21,239.41,35.37,119.09841809640005
2025-10-22 11:41:00.684237,107.67,70.02,209.44,58.8,109.6799862450286
2025-10-22 11:41:01.684236,88.94,67.02,134.88,87.78,91.5337088704756
2025-10-22 11:41:02.684236,131.59,51.25,272.92,110.27,129.65350743416715
2025-10-22 11:41:03.684235,121.71,93.99,207.65,113.16,131.84414924507902
2025-10-22 11:41:04.684235,88.59,62.49,139.53,76.08,88.35764449057467
2025-10-22 11:41:05.684234,161.43,98.76,276.41,128.33,157.89256745346864
2025-10-22 11:41:06.684234,51.31,38.24,64.52,33.57,45.324148927455695
2025-10-22 11:41:07.684233,130.23,74.36,242.92,127.61,135.5612462530459
2025-10-22 11:41:08.684233,60.84,28.31,111.78,26.53,53.19734288786302
2025-10-22 11:41:09.684232,142.77,94.06,294.86,62.27,147.98656919914237
2025-10-22 11:41:10.684232,119.97,43.75,264.58,112.18,123.79985730284
2025-10-22 11:41:11.684231,123.49,62.14,250.47,85.35,123.36849798416134
2025-10-22 11:41:12.684231,98.56,26.59,198.56,107.21,94.44449597194667
2025-10-22 11:41:13.684230,83.19,86.68,103.6,41.67,82.74464265322639
2025-10-22 11:41:14.684230,121.74,94.21,179.24,65.62,113.97543505082747
2025-10-22 11:41:15.684229,87.37,57.12,174.8,52.36,91.58082918744104
2025-10-22 11:41:16.684228,59.19,22.3,115.8,23.42,50.80216971046954
2025-10-22 11:41:17.684228,76.52,58.61,99.85,47.23,68.775530123429
2025-10-22 11:41:18.684227,101.16,32.45,263.08,37.79,102.96468901272891
2025-10-22 11:41:19.684227,85.86,50.08,176.76,23.64,82.96988942046832
2025-10-22 11:41:20.684226,131.33,53.78,289.77,68.74,127.729121174161
2025-10-22 11:41:21.684226,105.45,35.83,256.32,29.01,100.86890377410002
2025-10-22 11:41:22.684225,87.22,67.29,88.3,145.4,89.10822778007471
2025-10-22 11:41:23.684225,97.66,85.62,107.33,81.65,91.27714685693911
2025-10-22 11:41:24.684224,99.37,24.59,278.39,27.62,101.64194564967497
2025-10-22 11:41:25.684224,61.23,50.17,115.41,29.27,65.69305808128185
2025-10-22 11:41:26.684223,94.19,72.18,179.0,23.98,94.69054286513442
2025-10-22 11:41:27.684223,118.51,37.6,215.11,142.96,111.98702628577037
2025-10-22 11:41:28.684222,59.13,56.59,70.5,14.76,52.503551930078956
2025-10-22 11:41:29.684222,79.63,87.74,60.89,106.37,83.28056233182402
2025-10-22 11:41:30.684221,83.33,50.45,153.46,39.05,79.2103204213698
2025-10-22 11:41:31.684221,140.4,67.42,292.57,147.18,150.92172447840707
2025-10-22 11:41:32.684220,63.79,44.39,55.95,149.83,68.88732230459954
2025-10-22 11:41:33.684219,74.45,35.64,133.28,80.95,74.1062606015992
2025-10-22 11:41:34.684219,53.52,40.96,70.19,15.04,44.70055636383696
2025-10-22 11:41:35.684218,86.56,66.72,117.42,65.76,81.76479154064889
2025-10-22 11:41:36.684218,82.5,79.8,96.35,98.75,88.48067031551089
2025-10-22 11:41:37.684217,76.45,47.19,132.45,41.67,71.79608908715264
2025-10-22 11:41:38.684217,145.77,80.19,283.49,102.42,145.65000172299065
2025-10-22 11:41:39.684216,101.34,95.1,134.1,69.61,101.64252829398832
2025-10-22 11:41:40.684216,103.52,38.52,262.77,39.48,106.22280944875658
2025-10-22 11:41:41.684215,90.24,20.71,198.21,120.13,93.9832263776047
2025-10-22 11:41:42.684215,52.58,50.17,74.24,17.9,51.061463412467205
2025-10-22 11:41:43.684214,144.9,97.41,279.37,60.42,144.62794144409452
2025-10-22 11:41:44.684214,114.94,89.48,196.51,73.05,118.29135037787103
2025-10-22 11:41:45.684213,86.74,72.99,99.95,112.38,88.88553580127716
2025-10-22 11:41:46.684213,96.37,59.29,101.58,148.21,89.68297688827667
2025-10-22 11:41:47.684212,150.62,82.96,235.37,147.78,141.5694968684608
2025-10-22 11:41:48.684212,90.32,82.72,63.36,100.47,80.35742374321077
2025-10-22 11:41:49.684211,69.76,39.36,106.93,88.68,69.56948651623465
2025-10-22 11:41:50.684211,54.75,33.09,110.63,50.91,60.06719680431473
2025-10-22 11:41:51.684210,111.88,68.89,195.69,71.06,107.42009414202123
2025-10-22 11:41:52.684209,80.85,59.37,148.29,17.85,77.87885364889789
2025-10-22 11:41:53.684209,96.25,83.49,177.11,27.7,100.48021217570746
2025-10-22 11:41:54.684208,79.95,48.06,94.16,133.32,78.91702610362213
2025-10-22 11:41:55.684208,92.3,68.51,137.09,119.82,99.2997802690891
2025-10-22 11:41:56.684207,95.88,92.75,76.34,121.43,93.40349945530642
2025-10-22 11:41:57.684207,88.58,67.29,95.42,120.77,86.35791839503173
2025-10-22 11:41:58.684206,70.81,29.71,69.79,130.67,61.94942112341642
2025-10-22 11:41:59.684206,90.0,74.94,117.27,104.41,93.47760932951832
2025-10-22 11:42:00.684205,58.11,34.83,52.74,110.58,55.37974194207939
2025-10-22 11:42:01.684205,128.42,49.77,282.32,80.59,125.85049077132454
2025-10-22 11:42:02.684204,83.36,75.65,125.05,14.27,78.27137108061686
2025-10-22 11:42:03.684204,68.25,88.63,54.82,44.91,69.69542013582507
2025-10-22 11:42:04.684203,78.21,53.3,110.65,99.82,79.82520186896534
2025-10-22 11:42:05.684203,82.36,22.13,165.61,82.41,77.40112332122482
2025-10-22 11:42:06.684202,99.51,66.86,153.96,99.01,99.41863305033316
2025-10-22 11:42:07.684202,128.2,71.79,250.35,118.0,134.6094928204591
2025-10-22 11:42:08.684201,127.85,80.03,235.14,89.52,128.47710805149615
2025-10-22 11:42:09.684201,98.08,50.55,195.87,124.45,108.9629899205335
2025-10-22 11:42:10.684200,108.51,30.61,195.38,139.23,101.84354929793793
2025-10-22 11:42:11.684200,109.65,80.95,164.76,89.9,107.85619214489923
2025-10-22 11:42:12.684199,99.77,57.92,218.33,60.67,106.71164402048426
2025-10-22 11:42:13.684199,132.5,64.71,253.18,124.36,133.2053207906802
2025-10-22 11:42:14.684198,105.78,35.88,210.82,103.11,101.93083895312418
2025-10-22 11:42:15.684197,126.38,86.13,238.33,48.35,124.292218505168
2025-10-22 11:42:16.684197,102.05,72.17,153.12,143.39,110.61599032417585
2025-10-22 11:42:17.684196,99.81,35.83,274.71,28.45,106.28502268362048
2025-10-22 11:42:18.684196,79.74,76.29,74.13,102.02,80.70761174810875
2025-10-22 11:42:19.684195,89.08,53.69,89.21,145.47,82.63878048735683
2025-10-22 11:42:20.684195,91.42,61.55,138.34,125.19,97.28377695574268
2025-10-22 11:42:21.684194,144.92,81.84,297.42,116.67,153.48592011249792
2025-10-22 11:42:22.684194,91.7,91.65,141.36,47.26,97.67293727691509
2025-10-22 11:42:23.684193,115.06,90.92,171.84,29.63,102.97089035210718
2025-10-22 11:42:24.684193,129.68,65.49,297.76,55.62,133.34346784710633
2025-10-22 11:42:25.684192,129.89,70.17,203.61,148.4,125.7923719009232
2025-10-22 11:42:26.684192,56.65,38.36,115.24,27.39,59.401153372874965
2025-10-22 11:42:27.684191,88.83,47.68,164.52,100.03,93.2659191884485
2025-10-22 11:42:28.684191,98.97,41.31,158.98,133.4,95.0616538712904
2025-10-22 11:42:29.684190,63.98,25.91,114.09,70.99,61.52680863208294
2025-10-22 11:42:30.684190,116.07,74.09,187.5,123.58,117.96988231319284
2025-10-22 11:42:31.684189,93.57,32.06,166.99,141.67,94.5155006987011
2025-10-22 11:42:32.684189,65.97,21.39,126.17,48.52,58.45048748810412
2025-10-22 11:42:33.684188,105.87,72.48,150.74,119.55,105.32122788522138
2025-10-22 11:42:34.684187,110.29,44.28,257.68,86.9,116.96995078794804
2025-10-22 11:42:35.684187,131.72,70.06,283.1,110.63,142.13001916961005
2025-10-22 11:42:36.684186,82.09,25.66,160.85,94.79,80.18231278375919
2025-10-22 11:42:37.684186,69.07,61.23,91.12,25.25,63.08918450174157
2025-10-22 11:42:38.684185,63.52,21.16,154.78,27.7,62.801430037164394
2025-10-22 11:42:39.684185,89.92,24.11,234.83,28.46,88.47783636084485
2025-10-22 11:42:40.684184,150.86,96.2,235.72,124.4,143.6105791407643
2025-10-22 11:42:41.684184,82.3,98.75,63.89,71.87,82.80232214906863
2025-10-22 11:42:42.684183,86.84,65.15,123.17,60.55,81.67854655137134
2025-10-22 11:42:43.684183,95.23,34.92,201.12,80.79,94.1067995385159
2025-10-22 11:42:44.684182,61.79,52.18,102.18,18.28,60.53319596654413
2025-10-22 11:42:45.684182,90.83,82.33,86.27,116.15,90.16277414146752
2025-10-22 11:42:46.684181,82.56,54.59,108.75,82.97,76.54946787555843
2025-10-22 11:42:47.684181,74.07,47.09,157.39,19.41,74.82264948042013
2025-10-22 11:42:48.684180,106.93,86.25,162.39,83.04,108.41499352678073
2025-10-22 11:42:49.684180,126.06,96.2,202.48,62.13,121.25620617795752
2025-10-22 11:42:50.684179,59.45,38.6,57.46,75.09,51.624868647258616
2025-10-22 11:42:51.684179,151.74,96.6,282.75,79.19,148.96819926519703
2025-10-22 11:42:52.684178,124.92,88.36,170.79,135.29,122.36227400418909
2025-10-22 11:42:53.684177,78.49,21.99,160.27,117.63,82.71952479425248
2025-10-22 11:42:54.684177,118.5,22.93,247.61,129.37,111.76847847946938
2025-10-22 11:42:55.684176,98.89,81.73,140.03,93.46,101.51769699714032
2025-10-22 11:42:56.684176,106.08,82.41,163.77,59.09,102.16666323532255
2025-10-22 11:42:57.684175,73.37,75.1,68.37,46.01,67.26434230200651
2025-10-22 11:42:58.684175,56.17,38.27,79.48,36.64,50.444988711126015
2025-10-22 11:42:59.684174,131.46,93.9,174.23,147.08,128.48953812555408
2025-10-22 11:43:00.684174,84.83,38.12,187.04,27.04,80.79266447004908
2025-10-22 11:43:01.684173,139.01,75.53,239.96,116.3,133.00726887118054
2025-10-22 11:43:02.684173,105.87,91.57,123.78,132.25,109.2241489166011
2025-10-22 11:43:03.684171,52.75,24.02,82.94,27.55,42.60030965652785
2025-10-22 11:43:04.684171,152.35,89.7,279.66,129.57,154.61433329716354
2025-10-22 11:43:05.684170,68.54,80.11,53.19,10.4,58.12055567133392
2025-10-22 11:43:06.684170,74.1,43.34,154.62,28.21,73.87423813538913
2025-10-22 11:43:07.684169,106.14,36.68,232.28,108.59,109.86638595451277
2025-10-22 11:43:08.684168,66.89,41.98,152.61,16.2,70.20983390295056
2025-10-22 11:43:09.684168,123.96,37.74,247.61,129.28,119.10862623863233
2025-10-22 11:43:10.684167,109.75,95.78,120.79,94.52,102.92580525827839
2025-10-22 11:43:11.684167,95.59,51.46,202.85,50.64,96.85799926521887
2025-10-22 11:43:12.684166,114.56,52.7,225.71,62.28,106.65600647418992
2025-10-22 11:43:13.684166,93.68,48.64,163.87,113.1,96.14256507165614
2025-10-22 11:43:14.684165,130.34,44.48,282.04,91.64,125.33209919169795
2025-10-22 11:43:15.684165,85.04,72.96,137.43,20.37,81.86700181452032
2025-10-22 11:43:16.684164,117.14,29.65,279.19,84.22,115.63430289760238
2025-10-22 11:43:17.684164,113.92,59.21,193.7,105.77,108.90437678169121
2025-10-22 11:43:18.684163,78.46,56.77,79.99,144.24,81.15362481595515
2025-10-22 11:43:19.684163,95.17,38.3,229.27,37.92,95.73499245321325
2025-10-22 11:43:20.684162,124.58,45.81,261.21,84.77,118.36816289801051
2025-10-22 11:43:21.684162,62.74,20.7,121.5,61.66,59.31301318087659
2025-10-22 11:43:22.684161,116.85,51.91,211.63,145.77,118.60860634726426
2025-10-22 11:43:23.684161,64.3,33.7,106.09,83.29,65.43478383239047
2025-10-22 11:43:24.684160,87.99,47.78,155.73,59.05,82.53707387903668
2025-10-22 11:43:25.684159,143.96,98.58,276.61,83.51,148.96421501103356
2025-10-22 11:43:26.684159,76.97,53.19,109.08,62.34,71.85699633526568
2025-10-22 11:43:27.684158,98.19,70.83,145.31,86.96,96.39865651949759
2025-10-22 11:43:28.684158,138.19,63.49,289.98,81.88,135.2253894344474
2025-10-22 11:43:29.684157,101.01,42.16,193.1,94.52,98.01943561242894
2025-10-22 11:43:30.684157,85.06,37.06,182.57,86.14,90.65685922128162
2025-10-22 11:43:31.684156,112.57,56.41,194.67,132.37,113.08624764040019
2025-10-22 11:43:32.684156,69.35,98.5,58.3,63.46,79.3281720507157
2025-10-22 11:43:33.684155,115.33,69.23,208.63,98.47,116.92053866437737
2025-10-22 11:43:34.684155,123.46,60.15,277.2,58.5,125.08271038552414
2025-10-22 11:43:35.684154,97.5,69.86,175.5,47.48,97.15187894781285
2025-10-22 11:43:36.684154,68.13,40.13,169.36,29.79,77.02339275212546
2025-10-22 11:43:37.684153,110.17,78.78,148.59,147.9,113.43394500672113
2025-10-22 11:43:38.684153,54.14,39.9,73.49,59.8,54.05289118108075
2025-10-22 11:43:39.684152,99.34,50.59,245.79,29.64,105.16226469776146
2025-10-22 11:43:40.684152,72.47,64.93,121.83,35.79,76.25038185902999
2025-10-22 11:43:41.684151,85.72,62.28,212.12,13.49,97.6437170849704
2025-10-22 11:43:42.684151,119.09,47.7,247.95,109.81,120.29344089865687
2025-10-22 11:43:43.684150,76.17,44.19,101.59,143.9,81.32813230766921
2025-10-22 11:43:44.684149,108.28,85.93,103.47,142.68,102.38853992145883
2025-10-22 11:43:45.684149,59.18,68.57,69.71,13.78,58.02352470916685
2025-10-22 11:43:46.684148,126.47,41.15,296.16,105.4,130.65363266997036
2025-10-22 11:43:47.684148,84.12,79.63,112.14,67.09,86.85594923585599
2025-10-22 11:43:48.684147,93.82,44.47,165.23,120.68,95.98456923031692
2025-10-22 11:43:49.684147,112.69,88.46,185.78,24.01,104.82265336733053
2025-10-22 11:43:50.684146,81.94,25.83,198.79,30.2,78.84565817252614
2025-10-22 11:43:51.684146,142.74,89.69,291.14,30.55,138.39932405655085
2025-10-22 11:43:52.684145,74.32,37.02,168.49,19.13,73.10022234080293
2025-10-22 11:43:53.684145,95.14,48.58,224.55,27.78,97.4104325446461
2025-10-22 11:43:54.684144,83.84,68.29,65.59,140.71,81.84812485952688
2025-10-22 11:43:55.684144,138.99,64.15,294.82,45.6,129.80459451217817
2025-10-22 11:43:56.684143,91.34,21.68,176.0,124.06,88.57000459183624
2025-10-22 11:43:57.684143,124.08,76.39,276.43,47.17,130.67018193680178
2025-10-22 11:43:58.684142,98.08,65.93,161.11,76.13,96.5627542360665
2025-10-22 11:43:59.684142,105.72,43.04,223.6,109.1,110.51860554596236
2025-10-22 11:44:00.684141,97.35,48.21,168.95,93.54,93.5721277031806
2025-10-22 11:44:01.684141,36.83,21.83,80.87,73.87,50.08695832412039
2025-10-22 11:44:02.684140,93.67,34.14,170.31,122.68,92.7762880684806
2025-10-22 11:44:03.684139,122.17,24.39,295.16,87.87,118.54564988200656
2025-10-22 11:44:04.684139,96.02,77.98,118.39,94.62,93.38078321845964
2025-10-22 11:44:05.684138,144.11,79.91,253.05,99.34,135.75029330318063
2025-10-22 11:44:06.684138,117.5,46.45,235.72,124.64,118.9410563163712
2025-10-22 11:44:07.684137,50.62,67.71,57.7,13.45,53.92099990246259
2025-10-22 11:44:08.684137,107.42,74.88,172.5,97.41,108.65790111298003
2025-10-22 11:44:09.684136,70.48,88.89,53.11,54.48,71.21076564656491
2025-10-22 11:44:10.684136,90.5,82.81,120.91,72.14,92.07445679460187
2025-10-22 11:44:11.684135,57.41,36.52,77.17,73.39,56.1779782792344
2025-10-22 11:44:12.684135,123.75,93.65,213.53,32.27,117.38176963558308
2025-10-22 11:44:13.684134,114.79,74.3,199.82,80.16,113.15605642707777
2025-10-22 11:44:14.684134,87.66,64.18,125.33,75.1,84.73474485284845
2025-10-22 11:44:15.684133,82.74,35.08,149.76,65.98,75.80897212114644
2025-10-22 11:44:16.684133,114.98,30.24,295.71,82.48,120.54721236992907
2025-10-22 11:44:17.684132,133.5,95.07,268.59,44.74,137.11205021129018
2025-10-22 11:44:18.684132,94.35,81.66,95.92,101.43,89.80764418352423
2025-10-22 11:44:19.684131,142.98,58.29,289.61,143.8,144.82492827833678
2025-10-22 11:44:20.684131,55.89,21.83,125.04,20.2,52.70650678600292
2025-10-22 11:44:21.684130,88.27,86.38,93.68,98.64,90.92545912865636
2025-10-22 11:44:22.684130,71.81,56.38,92.62,95.19,75.01703651055375
2025-10-22 11:44:23.684129,127.96,28.27,297.06,115.41,126.51248811893542
2025-10-22 11:44:24.684128,137.0,80.42,291.0,69.89,141.56263195190405
2025-10-22 11:44:25.684128,108.6,25.45,258.7,83.12,107.17073699486775
2025-10-22 11:44:26.684127,90.53,27.81,187.31,74.77,85.22834051730476
2025-10-22 11:44:27.684127,71.65,78.58,80.2,11.59,65.7148230874163
2025-10-22 11:44:28.684126,92.38,34.09,245.43,38.85,98.68505745718028
2025-10-22 11:44:29.684126,109.23,34.65,268.5,72.96,112.66977038814542
2025-10-22 11:44:30.684125,124.53,92.93,161.34,145.82,123.88321704717517
2025-10-22 11:44:31.684125,70.03,44.38,74.9,131.37,70.91273199612314
2025-10-22 11:44:32.684124,86.7,23.54,176.83,85.18,82.02392388695168
2025-10-22 11:44:33.684124,121.9,53.15,227.44,133.73,121.5859851985396
2025-10-22 11:44:34.684123,73.33,25.56,193.01,37.86,78.49517233750264
2025-10-22 11:44:35.684123,124.32,64.04,267.62,76.48,127.70593935579178
2025-10-22 11:44:36.684122,59.41,23.78,94.31,142.6,68.74168422767264
2025-10-22 11:44:37.684122,86.04,87.94,76.67,96.69,86.20080291931782
2025-10-22 11:44:38.684121,110.86,31.66,232.12,142.66,114.08883871060027
2025-10-22 11:44:39.684121,128.82,81.45,240.41,130.05,138.81381073545083
2025-10-22 11:44:40.684120,119.83,92.82,213.06,58.58,122.05200419049189
2025-10-22 11:44:41.684119,65.3,20.8,173.36,49.53,72.54134425918427
2025-10-22 11:44:42.684119,115.75,31.23,257.59,134.19,119.84875509525676
2025-10-22 11:44:43.684118,87.9,62.49,118.67,91.62,85.17342840669063
2025-10-22 11:44:44.684118,103.87,20.53,287.85,25.7,102.08691052521951
2025-10-22 11:44:45.684117,78.84,20.06,192.0,101.07,88.00943439035993
2025-10-22 11:44:46.684117,84.53,81.73,135.83,15.09,84.69493653291835
2025-10-22 11:44:47.684116,100.3,71.84,180.82,57.38,101.70022984585619
2025-10-22 11:44:48.684116,103.73,81.35,176.46,38.68,101.40172173784492
2025-10-22 11:44:49.684115,104.09,51.04,247.92,10.58,102.24165750986725
2025-10-22 11:44:50.684115,136.59,86.83,209.12,129.24,131.92138007935873
2025-10-22 11:44:51.684114,139.14,71.05,297.61,122.21,149.28222643326265
2025-10-22 11:44:52.684114,78.17,55.7,100.63,126.12,83.22785160848257
2025-10-22 11:44:53.684113,84.16,33.32,138.38,107.65,79.78777856100055
2025-10-22 11:44:54.684113,93.4,66.61,144.07,72.31,91.02058336666352
2025-10-22 11:44:55.684112,97.61,46.98,224.31,36.16,98.207227402558
2025-10-22 11:44:56.684112,55.63,46.93,57.13,72.0,55.05073671432814
2025-10-22 11:44:57.684111,96.6,26.11,257.45,44.02,99.35961620746447
2025-10-22 11:44:58.684111,124.71,82.33,186.88,124.19,121.99851038165994
2025-10-22 11:44:59.684110,127.33,79.16,250.77,47.01,124.30224450267845
2025-10-22 11:45:00.684109,138.02,91.89,199.82,129.82,131.75527478343844
2025-10-22 11:45:01.684109,91.82,32.96,211.44,38.28,87.79441771934592
2025-10-22 11:45:02.684108,69.57,35.85,78.03,105.99,62.57633364096779
2025-10-22 11:45:03.684108,85.6,96.62,98.09,31.6,84.02761710760176
2025-10-22 11:45:04.684107,80.73,85.08,109.33,51.04,85.53234861581105
2025-10-22 11:45:05.684107,75.12,44.55,114.34,94.38,75.50691323019277
2025-10-22 11:45:06.684106,103.33,83.11,236.7,18.48,116.37118058880668
2025-10-22 11:45:07.684106,109.18,52.49,203.39,97.48,106.83214206119086
2025-10-22 11:45:08.684105,82.64,95.97,71.98,99.08,89.25523600826385
2025-10-22 11:45:09.684105,111.76,55.68,259.14,28.1,111.39783192782753
2025-10-22 11:45:10.684104,115.57,98.69,154.29,117.24,118.9514181949112
2025-10-22 11:45:11.684104,90.47,36.99,151.03,120.69,88.00232520107315
2025-10-22 11:45:12.684103,77.31,44.41,107.75,127.9,80.11207817226752
2025-10-22 11:45:13.684103,60.82,83.78,82.36,10.96,68.82245059166576
2025-10-22 11:45:14.684102,125.99,92.11,233.41,58.37,127.77396670899527
2025-10-22 11:45:15.684102,110.0,73.76,178.18,101.87,110.69417312657467
2025-10-22 11:45:16.684101,131.77,84.76,277.43,74.88,140.6310254269259
2025-10-22 11:45:17.684100,122.09,92.74,133.36,133.51,112.93498033557978
2025-10-22 11:45:18.684100,65.21,64.35,58.72,52.72,60.35531075204553
2025-10-22 11:45:19.684099,93.33,50.79,208.28,27.74,93.61036060109797
2025-10-22 11:45:20.684099,138.11,94.78,229.58,130.46,142.2628588733708
2025-10-22 11:45:21.684098,112.13,33.72,291.45,77.28,119.96332205558551
2025-10-22 11:45:22.684098,69.01,57.9,82.05,80.96,69.76991595309639
2025-10-22 11:45:23.684097,119.37,75.08,201.24,95.22,116.96054911857766
2025-10-22 11:45:24.684097,86.06,48.55,189.7,33.04,87.96537089068275
2025-10-22 11:45:25.684096,138.18,91.28,253.18,60.01,133.62930334685436
2025-10-22 11:45:26.684096,119.51,84.18,206.38,93.66,122.7168226272847
2025-10-22 11:45:27.684095,69.64,30.48,165.24,56.6,76.31383707016684
2025-10-22 11:45:28.684095,71.96,23.37,183.96,89.92,85.0235890045908
2025-10-22 11:45:29.684094,123.18,78.03,216.18,128.69,129.56205105431172
2025-10-22 11:45:30.684094,143.79,85.46,274.57,109.62,147.01684784117316
2025-10-22 11:45:31.684093,70.08,37.07,88.29,113.92,67.84071972330722
2025-10-22 11:45:32.684093,106.72,65.41,180.64,94.52,105.82569460626897
2025-10-22 11:45:33.684092,96.87,41.81,214.75,64.42,98.37630882238484
2025-10-22 11:45:34.684091,98.08,74.63,114.04,120.15,95.47796803975336
2025-10-22 11:45:35.684091,149.39,54.64,298.09,114.64,139.77052628646715
2025-10-22 11:45:36.684090,147.45,94.59,246.23,125.73,146.23364951225378
2025-10-22 11:45:37.684090,64.66,26.96,127.28,65.36,64.89503078920572
2025-10-22 11:45:38.684089,66.72,57.55,50.55,103.54,64.61164255346003
2025-10-22 11:45:39.684089,128.78,54.2,235.11,124.35,122.55054895410794
2025-10-22 11:45:40.684088,142.99,86.35,235.89,143.12,142.48478845430705
2025-10-22 11:45:41.684088,160.77,96.86,286.77,106.3,155.68833293577845
2025-10-22 11:45:42.684087,80.45,77.37,124.24,24.1,80.8342125157879
2025-10-22 11:45:43.684087,105.83,43.75,220.82,108.42,109.90078066300322
2025-10-22 11:45:44.684086,91.78,28.41,252.24,65.56,103.21317848051564
2025-10-22 11:45:45.684086,84.03,27.71,207.36,25.63,81.44812143465123
2025-10-22 11:45:46.684085,136.13,55.66,244.85,120.55,125.44888429147812
2025-10-22 11:45:47.684085,143.86,59.17,245.21,146.53,132.45929430934808
2025-10-22 11:45:48.684084,95.89,24.74,219.21,83.25,94.97466761155803
2025-10-22 11:45:49.684084,77.85,87.85,113.27,27.89,83.49632427267966
2025-10-22 11:45:50.684083,115.37,80.49,225.82,44.71,117.00737503839291
2025-10-22 11:45:51.684082,95.47,35.77,183.15,104.11,93.75822999567772
2025-10-22 11:45:52.684082,102.07,84.55,186.61,53.94,109.07214040651958
2025-10-22 11:45:53.684081,73.8,39.23,124.09,80.38,73.01454720131855
2025-10-22 11:45:54.684081,109.97,49.2,190.82,134.6,108.7897302518376
2025-10-22 11:45:55.684080,113.8,45.59,263.96,88.26,119.7783435488873
2025-10-22 11:45:56.684080,73.19,24.61,168.58,65.62,76.19225678384142
2025-10-22 11:45:57.684079,119.32,21.52,286.35,93.34,115.55788823713513
2025-10-22 11:45:58.684079,109.31,37.77,223.89,132.18,112.57003308539005
2025-10-22 11:45:59.684078,85.21,79.44,69.56,98.41,80.18228993623568
2025-10-22 11:46:00.684078,120.4,40.0,256.8,135.99,124.32588168217467
2025-10-22 11:46:01.684077,113.24,38.27,273.11,24.04,106.14077743468123
2025-10-22 11:46:02.684077,132.81,60.74,258.13,127.52,133.34810917551803
2025-10-22 11:46:03.684076,118.45,37.1,260.03,134.57,123.57395010426713
2025-10-22 11:46:04.684076,93.16,87.09,82.98,124.77,93.25033544195789
2025-10-22 11:46:05.684075,119.09,91.43,204.25,83.3,123.62164549879527
2025-10-22 11:46:06.684075,85.72,64.99,156.29,19.66,83.43488529783691
2025-10-22 11:46:07.684074,127.91,48.38,268.34,119.52,128.68763768884727
2025-10-22 11:46:08.684074,97.05,58.66,141.9,116.78,95.24813028154509
2025-10-22 11:46:09.684073,76.03,45.91,108.02,97.95,74.99188204356805
2025-10-22 11:46:10.684072,106.94,56.56,228.23,27.91,102.50699122583124
2025-10-22 11:46:11.684072,134.34,54.3,294.13,69.51,129.4507991578044
2025-10-22 11:46:12.684071,68.21,32.64,104.52,120.9,71.90375269632892
2025-10-22 11:46:13.684071,91.78,64.42,179.99,50.26,96.35062367702272
2025-10-22 11:46:14.684070,38.45,21.84,75.84,30.61,39.99081068039469
2025-10-22 11:46:15.684070,44.84,22.28,62.32,102.81,50.481186728341186
2025-10-22 11:46:16.684069,96.85,70.87,134.04,122.88,100.16314870794855
2025-10-22 11:46:17.684069,66.12,44.98,136.74,11.04,65.90590117862288
2025-10-22 11:46:18.684068,103.6,69.47,163.67,94.77,102.79194111507967
2025-10-22 11:46:19.684068,101.27,68.31,154.45,59.48,92.43760459492015
2025-10-22 11:46:20.684067,149.28,72.1,298.73,101.09,145.94713561455995
2025-10-22 11:46:21.684067,69.75,22.78,147.63,34.67,62.841180701695286
2025-10-22 11:46:22.684066,95.92,97.09,69.62,84.03,86.11417448247462
2025-10-22 11:46:23.684066,132.6,84.59,269.82,51.65,133.64697024903887
2025-10-22 11:46:24.684065,89.61,91.0,95.45,123.7,98.72847159570298
2025-10-22 11:46:25.684065,83.68,44.27,120.72,99.4,78.28210110162165
2025-10-22 11:46:26.684064,115.88,96.03,158.18,119.07,119.16238444753293
2025-10-22 11:46:27.684063,113.23,32.89,290.08,12.94,106.36444499828488
2025-10-22 11:46:28.684063,101.92,91.21,74.61,137.43,95.2952240332707
2025-10-22 11:46:29.684062,118.49,89.29,201.12,77.27,120.42042024965407
2025-10-22 11:46:30.684062,66.19,79.52,77.67,11.96,65.49488675634343
2025-10-22 11:46:31.684061,122.98,77.93,200.68,76.18,114.42779158155213
2025-10-22 11:46:32.684061,64.31,65.85,52.56,31.24,54.984233882696174
2025-10-22 11:46:33.684060,117.22,60.58,227.26,76.87,113.93372949529582
2025-10-22 11:46:34.684060,64.16,34.42,112.83,71.49,65.47538089551176
2025-10-22 11:46:35.684059,111.59,83.07,135.9,145.79,111.33228143060697
2025-10-22 11:46:36.684059,84.77,57.46,161.06,79.51,93.01069697653135
2025-10-22 11:46:37.684058,88.43,36.53,180.89,89.43,90.54183027117863
2025-10-22 11:46:38.684058,83.19,82.29,102.28,38.5,79.53742425531183
2025-10-22 11:46:39.684057,67.39,79.96,65.05,42.82,68.04768757937391
2025-10-22 11:46:40.684057,126.49,82.52,196.92,123.45,124.96360744051016
2025-10-22 11:46:41.684056,108.61,88.59,166.18,33.33,100.84674667148684
2025-10-22 11:46:42.684056,67.11,70.76,87.67,31.94,68.11532139773404
2025-10-22 11:46:43.684055,57.43,44.79,86.22,60.73,60.49316524013258
2025-10-22 11:46:44.684055,142.13,79.79,267.3,55.4,131.24934973703844
2025-10-22 11:46:45.684054,114.4,66.89,231.75,15.3,106.19347119581936
2025-10-22 11:46:46.684054,87.67,47.78,203.62,10.7,87.33099623996657
2025-10-22 11:46:47.684053,92.23,38.64,183.68,49.67,84.53433053298826
2025-10-22 11:46:48.684052,79.29,75.03,81.32,107.32,83.29495667675826
2025-10-22 11:46:49.684052,138.36,69.19,249.65,85.51,126.65644132173009
2025-10-22 11:46:50.684051,91.07,79.03,97.94,118.62,92.52120358680911
2025-10-22 11:46:51.684051,115.93,75.28,173.27,133.65,116.28353559838467
2025-10-22 11:46:52.684050,143.61,78.43,250.68,118.54,138.11483058631822
2025-10-22 11:46:53.684050,124.78,88.8,214.13,38.51,116.39144730213454
2025-10-22 11:46:54.684049,110.51,23.43,252.05,100.83,107.68474818537298
2025-10-22 11:46:55.684049,123.14,36.89,289.85,139.58,133.42706804229744
2025-10-22 11:46:56.684048,99.79,43.25,198.24,85.45,98.30500513046688
2025-10-22 11:46:57.684048,106.05,47.01,248.28,61.47,110.45188129438394
2025-10-22 11:46:58.684047,46.91,26.59,109.86,17.62,49.99663784809706
2025-10-22 11:46:59.684047,112.65,53.6,242.8,103.16,120.35647634524022
2025-10-22 11:47:00.684046,97.81,28.89,227.71,58.25,94.62750268014409
2025-10-22 11:47:01.684046,107.35,45.29,222.22,70.8,103.61720827799024
2025-10-22 11:47:02.684045,119.17,78.81,169.51,149.04,119.96292268996393
2025-10-22 11:47:03.684045,88.55,52.9,88.34,127.46,78.40890366641413
2025-10-22 11:47:04.684044,71.44,38.5,78.81,139.4,70.76093786412125
2025-10-22 11:47:05.684043,135.2,61.38,245.95,117.31,127.97805112853644
2025-10-22 11:47:06.684043,70.74,31.03,129.19,92.95,72.96919940941919
2025-10-22 11:47:07.684042,44.38,57.69,64.82,18.09,52.004052133048056
2025-10-22 11:47:08.684042,59.26,62.14,93.23,12.33,61.61020718244668
2025-10-22 11:47:09.684041,97.34,28.77,206.14,113.09,98.97330587776608
2025-10-22 11:47:10.684041,128.16,43.55,288.12,135.83,135.47140592217454
2025-10-22 11:47:11.684040,69.58,21.46,147.48,83.63,71.86131898107072
2025-10-22 11:47:12.684040,57.25,75.82,57.87,47.24,64.71039034111782
2025-10-22 11:47:13.684039,89.86,87.08,135.64,13.3,86.94045242040193
2025-10-22 11:47:14.684039,120.31,39.22,225.4,142.29,115.75162552418385
2025-10-22 11:47:15.684038,88.78,43.61,164.88,78.03,86.98392042010518
2025-10-22 11:47:16.684037,116.45,94.48,203.29,67.35,121.68155049093969
2025-10-22 11:47:17.684037,98.4,36.64,258.35,27.29,101.539964990882
2025-10-22 11:47:18.684036,131.94,97.2,238.95,77.0,135.66692114900528
2025-10-22 11:47:19.684036,47.27,30.41,71.75,64.19,49.68665857481491
2025-10-22 11:47:20.684035,92.78,36.53,169.81,87.81,86.8899682714274
2025-10-22 11:47:21.684035,78.41,62.35,73.61,89.04,71.04835692109165
2025-10-22 11:47:22.684034,70.72,83.33,54.49,48.91,67.75725089210191
2025-10-22 11:47:23.684034,129.74,85.25,266.29,25.94,127.80916340696115
2025-10-22 11:47:24.684033,91.75,63.4,135.96,102.52,92.98643321945649
2025-10-22 11:47:25.684033,144.04,63.15,267.28,139.87,139.7476914364818
2025-10-22 11:47:26.684032,95.33,61.35,127.31,101.06,89.07820461589465
2025-10-22 11:47:27.684032,75.01,59.72,87.63,60.14,68.21744731772124
2025-10-22 11:47:28.684031,67.6,63.72,52.82,89.78,65.62728582273382
2025-10-22 11:47:29.684031,103.11,51.59,203.72,78.1,102.63627252461319
2025-10-22 11:47:30.684030,99.26,36.28,241.87,16.03,94.17219116966145
2025-10-22 11:47:31.684030,105.64,73.04,215.71,18.61,105.08517338948597
2025-10-22 11:47:32.684029,113.81,32.57,276.65,51.34,109.79327396093531
2025-10-22 11:47:33.684028,80.19,52.14,186.25,31.83,88.471802291488
2025-10-22 11:47:34.684028,84.25,90.25,50.72,137.02,87.55647392355036
2025-10-22 11:47:35.684027,132.01,56.41,277.42,142.64,139.9967414404053
2025-10-22 11:47:36.684027,71.6,67.67,107.39,62.41,78.55701185159586
2025-10-22 11:47:37.684026,99.22,23.55,262.47,58.31,102.4338383942584
2025-10-22 11:47:38.684026,72.23,55.99,83.25,112.02,75.34862776357531
2025-10-22 11:47:39.684025,75.33,52.4,103.01,80.33,73.21202475117038
2025-10-22 11:47:40.684025,118.54,38.72,287.45,38.44,113.5335150381898
2025-10-22 11:47:41.684024,107.93,67.97,244.4,22.81,112.02324972455519
2025-10-22 11:47:42.684024,91.74,40.44,232.87,21.28,94.57634020338463
2025-10-22 11:47:43.684023,113.67,73.95,157.12,136.61,111.3564127204566
2025-10-22 11:47:44.684023,60.03,67.63,59.34,20.93,55.85933097713193
2025-10-22 11:47:45.684022,121.44,76.77,195.24,143.92,125.66623663917471
2025-10-22 11:47:46.684022,76.72,84.19,53.36,96.77,77.34751854812126
2025-10-22 11:47:47.684021,144.46,83.31,299.59,67.74,145.1533946635766
2025-10-22 11:47:48.684021,147.12,89.36,297.06,133.19,160.39391722622935
2025-10-22 11:47:49.684020,114.4,90.07,176.77,93.44,116.69986049498365
2025-10-22 11:47:50.684020,66.18,32.63,99.47,87.63,63.77517726528879
2025-10-22 11:47:51.684019,100.94,22.94,267.69,66.31,105.28810362244519
2025-10-22 11:47:52.684019,104.07,53.93,186.45,79.0,98.78686520966748
2025-10-22 11:47:53.684018,98.5,51.61,177.75,149.05,108.92781481112131
2025-10-22 11:47:54.684017,88.99,91.31,116.84,26.82,86.07589972285048
2025-10-22 11:47:55.684017,146.52,64.93,294.42,98.32,140.53948077070876
2025-10-22 11:47:56.684016,119.13,55.56,256.46,54.16,115.70693780870484
2025-10-22 11:47:57.684016,69.81,42.5,69.67,128.43,67.8230261193859
2025-10-22 11:47:58.684015,100.41,73.59,143.7,104.68,100.80431413804929
2025-10-22 11:47:59.684015,66.08,33.41,177.1,20.95,74.25586229533974
2025-10-22 11:48:00.684014,101.11,36.68,174.07,135.13,97.6402919930561
2025-10-22 11:48:01.684014,106.66,42.05,259.89,52.99,109.79341473188633
2025-10-22 11:48:02.684013,85.1,51.88,126.97,89.9,82.05523221137669
2025-10-22 11:48:03.684013,83.02,39.83,156.96,128.94,92.83368135535893
2025-10-22 11:48:04.684012,104.19,35.2,232.71,74.14,102.4202556771254
2025-10-22 11:48:05.684012,146.89,88.07,289.82,62.17,143.4758917806323
2025-10-22 11:48:06.684011,139.01,68.51,263.65,141.28,141.5996093049135
2025-10-22 11:48:07.684011,125.13,62.01,296.36,27.87,125.68394528971609
2025-10-22 11:48:08.684010,97.73,92.59,151.04,25.44,96.71700773826
2025-10-22 11:48:09.684010,76.25,79.1,74.98,61.98,74.40920987251418
2025-10-22 11:48:10.684009,66.93,42.87,75.5,110.78,66.25470276709068
2025-10-22 11:48:11.684009,102.31,87.23,138.34,138.09,112.60361275158137
2025-10-22 11:48:12.684008,83.71,49.26,82.97,149.04,79.27116211908915
2025-10-22 11:48:13.684007,127.58,70.32,198.22,143.69,123.3117019811603
2025-10-22 11:48:14.684007,83.55,21.86,194.79,78.47,85.25504548914378
2025-10-22 11:48:15.684006,94.0,49.02,221.92,17.48,94.7934919992853
2025-10-22 11:48:16.684006,118.94,82.64,202.25,100.61,122.09031959480181
2025-10-22 11:48:17.684005,68.44,92.11,62.15,27.51,70.1727090916824
2025-10-22 11:48:18.684005,94.03,56.86,205.26,42.33,98.61526420775854
2025-10-22 11:48:19.684004,107.06,50.58,236.67,83.02,113.01481310404164
2025-10-22 11:48:20.684004,96.03,42.5,161.34,119.77,93.65595752117896
2025-10-22 11:48:21.684003,136.82,98.29,258.7,59.23,138.61628950325036
2025-10-22 11:48:22.684003,91.59,64.95,109.34,103.71,85.99187124745087
2025-10-22 11:48:23.684002,82.52,24.57,155.6,98.83,78.86497235629395
2025-10-22 11:48:24.684002,91.03,55.87,129.29,120.38,90.78669550103024
2025-10-22 11:48:25.684001,101.2,33.57,260.87,75.42,110.3283544301282
2025-10-22 11:48:26.684001,77.72,55.82,122.12,80.57,80.70253816389234
2025-10-22 11:48:27.684000,96.23,43.97,235.67,34.52,99.80052036161393
2025-10-22 11:48:28.684000,124.41,71.36,188.0,147.8,121.57271737682935
2025-10-22 11:48:29.683999,107.26,40.58,244.48,17.59,97.40275171630239
2025-10-22 11:48:30.683998,101.12,47.88,243.57,24.31,102.0903431152584
2025-10-22 11:48:31.683998,142.39,72.58,266.15,125.49,141.23798583357043
2025-10-22 11:48:32.683997,101.8,39.32,217.43,85.69,102.16788024735004
2025-10-22 11:48:33.683997,90.53,62.82,101.01,124.72,86.60150660100172
2025-10-22 11:48:34.683996,117.88,35.8,269.36,134.21,125.66082525140774
2025-10-22 11:48:35.683996,85.26,74.13,116.75,73.23,86.72808140580541
2025-10-22 11:48:36.683995,125.85,34.39,273.4,94.79,118.34770001550854
2025-10-22 11:48:37.683995,106.55,65.27,138.52,146.69,103.45491343588793
2025-10-22 11:48:38.683994,102.97,83.47,128.34,57.26,91.68109524228657
2025-10-22 11:48:39.683994,90.05,80.63,117.65,96.79,94.90581639182
2025-10-22 11:48:40.683993,127.79,47.57,282.81,71.1,123.02049990317155
2025-10-22 11:48:41.683993,68.22,73.48,54.49,89.22,70.8670712565447
2025-10-22 11:48:42.683992,86.12,21.15,183.94,59.47,77.86875625206147
2025-10-22 11:48:43.683990,70.52,32.48,169.82,19.9,71.39725422705762
2025-10-22 11:48:44.683990,148.48,96.71,293.83,73.02,151.12800353574195
2025-10-22 11:48:45.683989,101.27,89.5,77.92,143.21,96.5881261280696
2025-10-22 11:48:46.683989,70.91,68.29,58.8,67.02,65.17612931849612
2025-10-22 11:48:47.683988,37.2,25.57,54.75,36.08,36.591228754529155
2025-10-22 11:48:48.683988,75.5,34.95,149.38,15.4,65.58748482574808
2025-10-22 11:48:49.683987,104.38,68.17,206.97,33.3,102.9554317565849
2025-10-22 11:48:50.683987,95.31,97.52,81.83,132.99,99.71868865269427
2025-10-22 11:48:51.683986,99.39,61.21,169.42,93.26,100.11655626001665
2025-10-22 11:48:52.683986,76.77,56.17,125.19,37.02,73.15227214117147
2025-10-22 11:48:53.683985,55.36,50.79,86.77,49.11,61.33228195929907
2025-10-22 11:48:54.683984,44.59,28.2,89.24,14.5,43.9794955487197
2025-10-22 11:48:55.683984,99.46,84.01,174.17,45.91,103.47052021761944
2025-10-22 11:48:56.683983,119.94,73.34,197.96,90.17,114.10755038953536
2025-10-22 11:48:57.683983,55.71,45.32,71.38,35.54,51.294678068015784
2025-10-22 11:48:58.683982,108.54,63.18,214.28,67.61,109.4856282545482
2025-10-22 11:48:59.683982,122.17,60.41,263.82,61.97,121.87935675839412
2025-10-22 11:49:00.683981,144.48,93.88,233.22,132.85,143.38428995470383
2025-10-22 11:49:01.683981,93.34,28.18,174.06,135.36,93.45991809722074
2025-10-22 11:49:02.683980,84.14,67.34,117.07,87.82,86.34765359796701
2025-10-22 11:49:03.683980,87.1,81.85,67.59,86.63,78.44861494166514
2025-10-22 11:49:04.683979,87.63,71.97,137.12,70.45,91.22538015131619
2025-10-22 11:49:05.683979,113.96,74.34,235.52,33.29,114.59987446055393
2025-10-22 11:49:06.683978,90.37,34.62,149.22,129.92,88.11345079142231
2025-10-22 11:49:07.683978,118.2,68.71,234.61,67.73,118.36730570110319
2025-10-22 11:49:08.683977,87.34,70.69,102.42,135.87,93.14916899332441
2025-10-22 11:49:09.683977,104.44,32.37,207.17,111.64,100.78356437118832
2025-10-22 11:49:10.683976,124.38,57.54,223.49,147.47,125.30792916282992
2025-10-22 11:49:11.683975,102.43,25.69,281.01,38.57,105.15005300792389
2025-10-22 11:49:12.683975,106.49,28.88,250.92,36.92,97.36345994106885
2025-10-22 11:49:13.683974,98.54,93.11,137.93,95.77,106.99907026889716
2025-10-22 11:49:14.683974,83.54,28.76,240.91,24.26,91.78158028734181
2025-10-22 11:49:15.683973,59.48,27.89,173.78,11.16,68.57170308035067
2025-10-22 11:49:16.683973,57.07,48.16,74.79,50.5,56.70089599159341
2025-10-22 11:49:17.683972,97.6,77.94,180.46,34.84,100.1473473077797
2025-10-22 11:49:18.683972,159.2,93.65,246.48,125.95,145.88545277361163
2025-10-22 11:49:19.683971,98.98,62.07,136.65,124.02,96.80187597571262
2025-10-22 11:49:20.683971,91.75,85.08,65.15,145.38,90.9848453383297
2025-10-22 11:49:21.683970,111.26,35.61,233.96,92.99,106.74233343843166
2025-10-22 11:49:22.683970,86.78,45.88,118.61,126.77,83.88213948624836
2025-10-22 11:49:23.683969,113.71,94.43,153.31,79.66,109.07885359444509
2025-10-22 11:49:24.683969,86.39,56.24,145.45,101.29,92.0372491118924
2025-10-22 11:49:25.683968,79.24,53.07,181.89,76.68,96.52840038397997
2025-10-22 11:49:26.683968,120.61,90.74,201.52,52.96,116.43428069241547
2025-10-22 11:49:27.683967,109.31,63.8,205.97,98.29,113.38753461992009
2025-10-22 11:49:28.683967,80.09,55.45,142.31,66.13,83.71995810362102
2025-10-22 11:49:29.683966,76.93,21.52,149.08,98.21,75.26689239694153
2025-10-22 11:49:30.683965,58.17,24.12,112.89,44.04,54.92587731606109
2025-10-22 11:49:31.683965,52.2,28.55,69.1,111.45,57.34957279982487
2025-10-22 11:49:32.683964,45.35,26.76,52.07,56.99,40.52864351781833
2025-10-22 11:49:33.683964,125.31,89.03,166.48,123.1,118.9794016741779
2025-10-22 11:49:34.683963,122.89,86.76,230.25,22.1,116.96473935668914
2025-10-22 11:49:35.683963,156.3,69.45,286.13,138.21,148.21367667869947
2025-10-22 11:49:36.683962,100.92,62.67,145.9,138.01,102.6578791598978
2025-10-22 11:49:37.683962,77.62,80.58,66.35,72.25,74.58979196685442
2025-10-22 11:49:38.683961,138.01,88.74,252.06,126.24,145.1807362085101
2025-10-22 11:49:39.683961,120.38,95.26,220.14,35.22,120.75409101732015
2025-10-22 11:49:40.683960,89.86,95.39,51.91,136.96,90.45592191691819
2025-10-22 11:49:41.683960,113.48,82.59,184.07,90.53,114.59989917284062
2025-10-22 11:49:42.683959,44.67,28.67,60.06,105.19,53.44919895160316
2025-10-22 11:49:43.683959,126.22,21.23,296.58,130.17,125.80115861140783
2025-10-22 11:49:44.683958,123.5,85.65,231.02,78.57,127.85684169681561
2025-10-22 11:49:45.683958,111.13,49.5,266.04,21.31,109.05314621598114
2025-10-22 11:49:46.683957,140.22,84.83,261.87,79.29,136.86469021875183
2025-10-22 11:49:47.683957,127.04,55.52,290.25,105.82,136.10012461488628
2025-10-22 11:49:48.683956,87.32,46.94,182.01,49.02,88.02700606576562
2025-10-22 11:49:49.683955,80.85,69.97,69.67,131.86,82.15190969596665
2025-10-22 11:49:50.683955,91.85,40.72,216.19,47.87,94.98156221785067
2025-10-22 11:49:51.683954,149.47,98.82,266.29,94.27,148.11807339344995
2025-10-22 11:49:52.683954,111.17,35.61,233.89,117.89,111.66520285131877
2025-10-22 11:49:53.683953,123.75,93.0,177.57,134.88,126.62394856701268
2025-10-22 11:49:54.683953,112.72,45.19,288.02,10.13,111.29834330952269
2025-10-22 11:49:55.683952,65.34,41.45,66.61,128.71,66.43723618666196
2025-10-22 11:49:56.683951,73.52,67.07,62.54,103.99,73.03450955540355
2025-10-22 11:49:57.683951,105.3,78.94,170.34,51.37,100.88454345267952
2025-10-22 11:49:58.683950,129.48,91.62,196.3,80.1,120.69122518477961
2025-10-22 11:49:59.683949,103.88,55.58,197.01,71.86,101.36289856075818
2025-10-22 11:50:00.683948,66.86,20.21,164.38,31.29,65.92762085160129
2025-10-22 11:50:01.683948,116.6,35.99,260.01,79.83,112.14780321701079
2025-10-22 11:50:02.683947,121.88,60.62,267.4,25.46,115.81061656922412
2025-10-22 11:50:03.683947,119.63,75.29,196.24,109.46,118.38944032957298
2025-10-22 11:50:04.683946,134.73,91.19,246.1,84.12,136.24367437873045
2025-10-22 11:50:05.683945,146.08,50.23,298.03,138.12,142.22344964540218
2025-10-22 11:50:06.683945,36.3,22.17,57.32,40.17,36.48652696131144
2025-10-22 11:50:07.683944,63.3,29.44,142.86,49.97,67.75420266450638
2025-10-22 11:50:08.683943,121.48,97.82,148.69,98.55,113.12512972268054
2025-10-22 11:50:09.683943,113.89,78.74,238.91,31.1,117.36999038968082
2025-10-22 11:50:10.683942,73.41,24.89,130.86,118.65,75.52336280187433
2025-10-22 11:50:11.683942,74.75,51.87,98.7,108.99,77.34374914423749
2025-10-22 11:50:12.683941,88.74,38.87,175.26,59.06,83.98227129909016
2025-10-22 11:50:13.683940,127.78,41.73,275.58,98.29,123.34456363662571
2025-10-22 11:50:14.683940,95.26,49.66,136.14,122.0,90.08188704519486
2025-10-22 11:50:15.683939,111.31,83.41,157.18,118.87,112.5521490757192
2025-10-22 11:50:16.683938,51.83,54.33,70.16,42.0,56.68704783565197
2025-10-22 11:50:17.683938,122.7,78.85,252.8,41.65,123.69413477077663
2025-10-22 11:50:18.683937,98.66,85.59,123.21,106.92,101.05251479014326
2025-10-22 11:50:19.683936,109.4,90.11,197.81,25.79,109.61158151176662
2025-10-22 11:50:20.683936,90.61,78.07,110.35,127.68,97.57307256986083
2025-10-22 11:50:21.683935,90.72,55.91,174.18,83.73,97.02185094139502
2025-10-22 11:50:22.683934,101.77,96.73,123.63,102.79,105.89339630762856
2025-10-22 11:50:23.683934,111.56,29.34,274.5,70.2,111.28697899792324
2025-10-22 11:50:24.683933,53.99,29.71,127.76,29.16,59.21804598250176
2025-10-22 11:50:25.683932,52.24,37.18,57.55,108.82,57.643533831160774
2025-10-22 11:50:26.683932,90.7,26.93,245.21,49.53,97.18216812177964
2025-10-22 11:50:27.683931,102.97,85.82,129.6,101.23,101.95761399177586
2025-10-22 11:50:28.683931,112.2,77.2,224.63,59.77,118.00531639479007
2025-10-22 11:50:29.683930,66.28,52.98,94.02,58.51,66.46577311242098
2025-10-22 11:50:30.683929,73.85,65.52,58.04,126.93,75.46665413248456
2025-10-22 11:50:31.683929,81.97,33.3,156.68,91.34,82.03973934283941
2025-10-22 11:50:32.683928,112.27,82.5,183.77,29.33,102.31372300099612
2025-10-22 11:50:33.683927,89.53,85.15,52.68,122.23,82.67518890728654
2025-10-22 11:50:34.683927,128.2,84.96,263.55,46.95,131.013094693079
2025-10-22 11:50:35.683926,95.17,89.27,133.9,22.48,89.32822374301853
2025-10-22 11:50:36.683926,100.61,80.0,193.33,25.18,103.12102731652632
2025-10-22 11:50:37.683925,88.41,25.4,186.45,90.18,86.83216784455456
2025-10-22 11:50:38.683924,145.99,76.69,252.25,115.24,137.06701364152275
2025-10-22 11:50:39.683924,118.76,51.35,263.25,71.86,119.1704438113594
2025-10-22 11:50:40.683923,95.81,41.16,175.24,90.42,91.3405405657798
2025-10-22 11:50:41.683923,124.64,93.85,214.17,78.3,126.8127755966128
2025-10-22 11:50:42.683922,65.06,97.71,52.46,56.19,75.73694253314154
2025-10-22 11:50:43.683921,104.4,59.35,204.2,60.85,103.21092706635577
2025-10-22 11:50:44.683921,101.56,61.02,202.02,92.2,109.60996705690097
2025-10-22 11:50:45.683920,61.55,26.91,61.58,138.81,59.706903664098526
2025-10-22 11:50:46.683920,128.54,79.85,227.36,91.04,126.35111537997426
2025-10-22 11:50:47.683919,109.02,97.54,216.61,10.65,115.94749257245363
2025-10-22 11:50:48.683918,66.18,41.27,122.24,61.11,69.64596963358004
2025-10-22 11:50:49.683918,79.02,48.73,164.78,11.06,76.20069167225397
2025-10-22 11:50:50.683917,108.8,89.5,206.71,19.39,110.7127814122773
2025-10-22 11:50:51.683916,127.66,49.29,277.83,77.15,123.57948306755588
2025-10-22 11:50:52.683916,78.34,48.5,160.58,65.33,85.59940554480983
2025-10-22 11:50:53.683915,52.98,52.8,72.63,29.86,54.25888228140098
2025-10-22 11:50:54.683914,116.04,94.04,140.6,126.14,114.29359659590682
2025-10-22 11:50:55.683914,99.57,98.59,118.51,115.4,107.78234846932591
2025-10-22 11:50:56.683913,101.75,42.45,255.46,47.64,107.59841743093537
2025-10-22 11:50:57.683913,76.45,58.69,109.16,78.06,77.73480779414318
2025-10-22 11:50:58.683912,112.11,57.48,239.48,71.0,114.9009211610389
2025-10-22 11:50:59.683911,89.21,92.52,127.74,31.87,90.95585065725786
2025-10-22 11:51:00.683911,81.69,49.19,113.36,97.79,78.19470156631276
2025-10-22 11:51:01.683910,86.13,76.48,68.12,118.34,82.23598546209365
2025-10-22 11:51:02.683909,65.95,22.22,192.97,30.88,75.43786278433797
2025-10-22 11:51:03.683909,88.48,45.43,157.45,65.24,83.1155208483922
2025-10-22 11:51:04.683908,92.73,23.27,185.61,128.51,93.13189668114511
2025-10-22 11:51:05.683907,70.03,47.57,71.69,141.0,73.44485479792829
2025-10-22 11:51:06.683907,99.22,87.52,137.15,62.96,97.47292312089695
2025-10-22 11:51:07.683906,109.01,56.63,240.7,46.2,109.9212478625739
2025-10-22 11:51:08.683906,51.97,40.34,81.42,69.73,58.62654688538711
2025-10-22 11:51:09.683905,108.87,75.2,183.53,98.96,112.43982139433464
2025-10-22 11:51:10.683904,45.08,54.39,50.22,14.79,45.32112112192792
2025-10-22 11:51:11.683904,62.76,23.08,78.11,134.62,61.94039174160852
2025-10-22 11:51:12.683903,95.66,54.76,142.79,122.16,94.64620327124342
2025-10-22 11:51:13.683903,67.24,60.3,99.64,21.64,64.47114260519683
2025-10-22 11:51:14.683902,108.16,96.57,95.86,139.1,104.67670977202252
2025-10-22 11:51:15.683902,136.7,54.72,298.56,122.96,141.60347648255265
2025-10-22 11:51:16.683901,138.84,31.5,285.22,148.6,131.14849800094666
2025-10-22 11:51:17.683901,42.69,21.26,70.85,57.54,43.54982011746826
2025-10-22 11:51:18.683900,66.97,47.38,114.68,71.77,72.52589811535533
2025-10-22 11:51:19.683900,78.32,30.12,163.19,30.11,70.25922612009208
2025-10-22 11:51:20.683899,95.08,60.31,117.54,144.89,94.32749851025345
2025-10-22 11:51:21.683899,84.6,39.27,138.66,86.56,78.64062887882599
2025-10-22 11:51:22.683898,60.83,41.98,122.53,37.32,65.36236225698616
2025-10-22 11:51:23.683898,36.12,30.24,64.24,16.61,37.897953599850716
2025-10-22 11:51:24.683897,77.94,34.24,144.5,69.45,74.4996591858248
2025-10-22 11:51:25.683897,94.36,49.01,207.57,74.76,101.84845623562401
2025-10-22 11:51:26.683896,124.63,69.67,164.93,146.85,113.61052538904902
2025-10-22 11:51:27.683895,114.67,88.74,157.3,111.36,113.74519302422888
2025-10-22 11:51:28.683895,75.3,78.01,69.2,85.25,76.75069942996177
2025-10-22 11:51:29.683894,100.92,67.28,141.0,118.83,99.66730870714417
2025-10-22 11:51:30.683894,102.45,25.54,264.07,61.06,104.44943616669586
2025-10-22 11:51:31.683893,68.67,79.42,61.49,66.37,71.38527075509296
2025-10-22 11:51:32.683893,118.19,69.03,201.21,146.16,124.0598900161691
2025-10-22 11:51:33.683892,83.83,20.85,251.07,28.01,91.64993270229573
2025-10-22 11:51:34.683892,61.88,57.31,52.83,102.76,65.02281238609234
2025-10-22 11:51:35.683891,89.48,73.88,155.96,83.26,100.38031289125477
2025-10-22 11:51:36.683891,85.32,75.61,168.47,27.04,93.83732448989149
2025-10-22 11:51:37.683890,129.82,88.23,181.24,149.9,128.33936692822977
2025-10-22 11:51:38.683890,99.59,58.13,206.75,43.71,99.96807017777226
2025-10-22 11:51:39.683889,94.75,81.92,178.47,20.97,98.77270984876517
2025-10-22 11:51:40.683889,112.44,77.59,150.37,129.93,109.80976442322626
2025-10-22 11:51:41.683888,112.9,94.06,157.81,121.12,118.47945524816134
2025-10-22 11:51:42.683888,89.26,38.54,170.99,124.47,95.522116279634
2025-10-22 11:51:43.683887,84.85,50.21,203.59,22.46,90.86422502930388
2025-10-22 11:51:44.683886,148.03,78.09,281.53,121.75,147.85554723880549
2025-10-22 11:51:45.683886,58.12,43.24,65.97,109.48,63.31607191161046
2025-10-22 11:51:46.683885,120.2,89.94,156.22,121.53,116.03603994489644
2025-10-22 11:51:47.683885,131.39,97.52,211.16,129.81,137.95878471254312
2025-10-22 11:51:48.683884,120.3,31.0,293.75,88.62,121.55480319965619
2025-10-22 11:51:49.683884,66.53,95.72,52.69,35.86,70.7808518033124
2025-10-22 11:51:50.683883,79.61,25.59,205.0,40.06,82.55060852050903
2025-10-22 11:51:51.683883,109.88,81.81,201.68,80.99,117.61107142983062
2025-10-22 11:51:52.683882,115.91,96.08,151.05,95.83,112.42991487449136
2025-10-22 11:51:53.683882,121.33,68.5,194.79,144.8,121.59694434520975
2025-10-22 11:51:54.683881,86.21,85.88,114.12,40.13,85.20330894282345
2025-10-22 11:51:55.683880,100.93,46.36,225.49,40.91,99.19697073637545
2025-10-22 11:51:56.683880,103.6,23.1,241.82,120.28,108.30786952022768
2025-10-22 11:51:57.683879,91.89,65.91,128.13,75.61,86.53708678725162
2025-10-22 11:51:58.683879,92.4,74.83,131.18,63.8,89.54061680175498
2025-10-22 11:51:59.683878,104.98,21.87,276.97,117.23,117.65589320620158
2025-10-22 11:52:00.683878,115.0,33.59,255.11,104.24,114.32928941625039
2025-10-22 11:52:01.683877,96.59,79.52,169.91,92.75,109.25948415447917
2025-10-22 11:52:02.683877,102.99,94.31,120.25,110.36,105.178206653669
2025-10-22 11:52:03.683876,56.26,20.03,109.61,81.96,59.437050689062424
2025-10-22 11:52:04.683876,84.8,35.22,184.37,98.75,92.78742764249714
2025-10-22 11:52:05.683875,114.94,20.86,250.38,114.72,108.66383226929236
2025-10-22 11:52:06.683875,109.6,82.01,185.62,38.4,104.42716781644697
2025-10-22 11:52:07.683874,57.25,33.27,118.51,23.27,57.03710520871087
2025-10-22 11:52:08.683874,115.62,94.63,207.61,36.27,116.88354487420969
2025-10-22 11:52:09.683873,81.31,23.1,142.28,101.19,74.59974943705554
2025-10-22 11:52:10.683872,67.9,27.54,154.7,22.38,64.89085660919108
2025-10-22 11:52:11.683872,60.25,21.9,87.91,75.93,52.646696162791315
2025-10-22 11:52:12.683871,110.07,88.56,185.04,82.05,116.17379518511909
2025-10-22 11:52:13.683871,91.7,71.73,156.36,44.52,91.74050943135593
2025-10-22 11:52:14.683870,108.91,95.25,160.81,74.16,110.64842783836701
2025-10-22 11:52:15.683870,100.26,78.8,80.97,136.5,90.85650569370354
2025-10-22 11:52:16.683869,79.37,93.89,96.24,30.47,81.89087865154607
2025-10-22 11:52:17.683869,127.75,60.63,251.77,83.91,122.72310408587724
2025-10-22 11:52:18.683868,119.47,35.3,208.49,140.13,108.29271429526467
2025-10-22 11:52:19.683868,89.77,47.14,186.3,73.84,94.34380065251598
2025-10-22 11:52:20.683867,61.74,33.62,137.98,25.56,63.51758817099813
2025-10-22 11:52:21.683867,86.68,56.22,165.94,63.66,90.71433965922155
2025-10-22 11:52:22.683866,99.51,56.39,182.95,57.96,94.77959598851494
2025-10-22 11:52:23.683866,81.47,35.72,201.1,17.78,81.98758040613828
2025-10-22 11:52:24.683865,101.16,60.16,203.07,55.41,102.19360912944246
2025-10-22 11:52:25.683865,125.4,76.71,262.09,26.95,122.50443742436678
2025-10-22 11:52:26.683864,88.93,62.87,133.88,108.63,93.31109262308891
2025-10-22 11:52:27.683864,83.74,69.43,62.54,109.44,75.28912326631615
2025-10-22 11:52:28.683863,124.32,39.69,249.09,144.93,123.62958571789346
2025-10-22 11:52:29.683862,94.54,79.43,179.17,25.52,98.64940636109336
2025-10-22 11:52:30.683862,68.77,20.77,156.91,17.52,61.22661650061836
2025-10-22 11:52:31.683861,61.32,22.17,90.49,121.79,62.661813795327575
2025-10-22 11:52:32.683861,66.08,39.99,122.1,50.68,66.89706957454963
2025-10-22 11:52:33.683860,118.04,29.5,213.45,143.52,107.57498033467996
2025-10-22 11:52:34.683860,91.63,81.38,122.99,73.33,92.22543422261693
2025-10-22 11:52:35.683859,98.06,22.17,246.83,55.98,96.58482757978162
2025-10-22 11:52:36.683859,72.18,31.2,188.22,39.74,80.2308705458427
2025-10-22 11:52:37.683858,102.6,95.72,172.02,46.55,108.76923917047264
2025-10-22 11:52:38.683858,135.56,82.33,242.23,68.9,127.65667311555298
2025-10-22 11:52:39.683857,140.44,98.48,261.2,58.63,139.34295762404398
2025-10-22 11:52:40.683857,99.41,90.93,61.15,139.95,91.61091562299528
2025-10-22 11:52:41.683856,128.33,50.0,219.84,144.11,119.79767318623976
2025-10-22 11:52:42.683856,96.7,50.3,173.52,57.15,88.7588044125302
2025-10-22 11:52:43.683855,66.85,67.0,52.11,97.76,68.62791590614954
2025-10-22 11:52:44.683855,100.32,61.69,169.44,105.56,102.8032164765269
2025-10-22 11:52:45.683854,104.62,77.23,163.89,86.47,105.06547733722245
2025-10-22 11:52:46.683853,130.4,94.69,211.13,78.0,126.25684179011462
2025-10-22 11:52:47.683853,87.96,32.82,197.19,79.85,91.69562130091019
2025-10-22 11:52:48.683852,95.12,98.84,113.83,51.35,93.78276973238798
2025-10-22 11:52:49.683852,82.43,64.45,75.62,71.72,69.25692603082811
2025-10-22 11:52:50.683851,119.57,73.75,216.67,128.16,127.47767161109269
2025-10-22 11:52:51.683851,141.22,56.56,269.19,105.06,130.13612324470088
2025-10-22 11:52:52.683850,154.77,76.69,295.95,102.23,147.6183639617954
2025-10-22 11:52:53.683850,112.38,90.94,138.14,116.57,110.11392339606319
2025-10-22 11:52:54.683849,84.86,98.12,60.86,100.75,87.31276231262652
2025-10-22 11:52:55.683849,116.38,85.39,148.42,136.69,114.44112876416592
2025-10-22 11:52:56.683848,104.37,36.84,206.99,121.35,104.87820884521317
2025-10-22 11:52:57.683848,98.79,52.23,242.16,11.31,101.24659593691055
2025-10-22 11:52:58.683847,139.6,58.52,252.97,126.31,130.45401358378268
2025-10-22 11:52:59.683846,87.82,54.83,192.32,51.44,95.52624699314455
2025-10-22 11:53:00.683846,131.85,29.91,284.87,137.26,128.00178267494917
2025-10-22 11:53:01.683845,113.22,86.83,155.78,130.46,116.13171577602245
2025-10-22 11:53:02.683845,135.38,32.52,291.06,133.0,130.31314684119644
2025-10-22 11:53:03.683844,92.72,48.73,141.5,149.05,96.60163383691541
2025-10-22 11:53:04.683844,138.28,74.81,297.01,45.37,135.7133379497155
2025-10-22 11:53:05.683843,146.35,87.7,295.07,64.3,145.29292073910096
2025-10-22 11:53:06.683843,105.79,38.52,227.31,82.39,104.08473886555389
2025-10-22 11:53:07.683842,107.78,57.74,203.15,107.64,111.38562621017131
2025-10-22 11:53:08.683842,115.67,51.32,298.32,12.68,117.94597356169714
2025-10-22 11:53:09.683841,71.67,91.61,58.55,48.92,73.09324478088998
2025-10-22 11:53:10.683841,121.91,81.72,193.7,143.36,127.55148199862857
2025-10-22 11:53:11.683840,147.21,87.24,274.17,93.07,144.49496527358215
2025-10-22 11:53:12.683840,94.04,56.43,138.86,57.68,81.49216340317781
2025-10-22 11:53:13.683839,105.12,58.48,169.42,141.24,108.2866721056151
2025-10-22 11:53:14.683838,66.33,40.9,63.81,137.48,67.06369995018312
2025-10-22 11:53:15.683838,64.56,51.39,92.84,57.14,65.04914155256859
2025-10-22 11:53:16.683837,92.83,39.63,130.02,122.98,83.45385524609914
2025-10-22 11:53:17.683837,71.66,44.7,96.33,111.07,73.4821517884927
2025-10-22 11:53:18.683836,124.29,88.07,189.13,103.81,121.48010192921299
2025-10-22 11:53:19.683836,115.58,36.59,299.21,26.8,113.69873502933943
2025-10-22 11:53:20.683835,83.62,29.09,168.47,75.61,80.36850292125231
2025-10-22 11:53:21.683835,125.32,84.25,266.41,48.63,131.85351496244135
2025-10-22 11:53:22.683834,136.72,61.9,286.2,86.66,134.24838649862568
2025-10-22 11:53:23.683834,118.71,41.73,217.16,124.58,111.00571433747955
2025-10-22 11:53:24.683833,67.7,20.92,155.5,50.68,67.46128654357949
2025-10-22 11:53:25.683833,66.25,41.03,127.92,51.22,69.27024960348496
2025-10-22 11:53:26.683832,97.62,90.36,113.69,131.7,105.48112943674447
2025-10-22 11:53:27.683831,110.18,93.5,194.68,37.68,112.71583891797903
2025-10-22 11:53:28.683831,85.35,39.71,178.4,46.33,82.81581794311012
2025-10-22 11:53:29.683830,101.45,39.69,245.64,18.51,97.4918917794275
2025-10-22 11:53:30.683830,56.65,28.04,84.65,132.05,65.8600474495222
2025-10-22 11:53:31.683829,63.51,26.62,155.76,35.32,67.32161338281716
2025-10-22 11:53:32.683829,64.53,54.53,55.28,113.61,66.53227817529232
2025-10-22 11:53:33.683828,116.39,93.98,132.44,124.3,111.44588041723597
2025-10-22 11:53:34.683828,141.75,91.63,249.41,107.63,142.12505711066245
2025-10-22 11:53:35.683827,103.51,63.6,212.54,11.35,98.00086679473993
2025-10-22 11:53:36.683827,107.13,85.28,148.33,90.09,105.106971741783
2025-10-22 11:53:37.683826,116.32,67.98,241.18,128.03,131.95190192304003
2025-10-22 11:53:38.683826,83.26,50.47,100.84,127.58,80.98244456620733
2025-10-22 11:53:39.683825,86.29,43.41,101.17,108.71,73.8273775633362
2025-10-22 11:53:40.683825,75.09,52.25,147.79,29.7,76.543984625972
2025-10-22 11:53:41.683824,105.76,79.86,138.65,99.5,101.37310116401049
2025-10-22 11:53:42.683824,42.77,20.68,72.92,31.03,38.62024525141219
2025-10-22 11:53:43.683823,127.36,58.42,271.96,83.7,127.65173547171679
2025-10-22 11:53:44.683823,111.16,26.0,289.07,63.93,112.76182893811664
2025-10-22 11:53:45.683822,61.6,67.49,72.81,14.82,58.62518091703372
2025-10-22 11:53:46.683821,70.08,36.66,97.85,69.27,61.6450966047781
2025-10-22 11:53:47.683821,133.0,91.82,200.58,114.99,129.00441818559977
2025-10-22 11:53:48.683820,81.77,79.08,79.55,133.22,89.91757575377653
2025-10-22 11:53:49.683820,91.32,66.51,114.41,112.5,90.03602330963699
2025-10-22 11:53:50.683819,90.89,59.44,176.14,21.27,86.96328380952791
2025-10-22 11:53:51.683819,111.74,66.13,207.16,122.84,119.7772259399724
2025-10-22 11:53:52.683818,84.88,44.95,146.95,41.24,74.95594539543484
2025-10-22 11:53:53.683818,92.91,47.47,145.32,126.09,92.56505146204456
2025-10-22 11:53:54.683817,85.21,22.68,169.13,90.74,80.38627747453769
2025-10-22 11:53:55.683817,95.79,77.21,186.58,29.41,100.54596379065063
2025-10-22 11:53:56.683816,105.52,27.44,253.76,53.84,100.86109517789292
2025-10-22 11:53:57.683816,85.18,69.5,151.54,17.15,83.74955378925918
2025-10-22 11:53:58.683815,99.78,59.96,120.57,145.51,95.18740842961297
2025-10-22 11:53:59.683815,119.29,60.65,254.42,17.45,110.33385648566515
2025-10-22 11:54:00.683814,74.9,42.14,134.28,66.17,74.7016236233165
2025-10-22 11:54:01.683814,90.35,78.68,134.75,39.84,87.7691329856092
2025-10-22 11:54:02.683813,122.63,60.18,241.16,130.31,128.52333039202662
2025-10-22 11:54:03.683813,98.69,70.52,133.76,80.17,91.42500819343837
2025-10-22 11:54:04.683812,135.02,83.07,232.8,96.6,130.68989042726835
2025-10-22 11:54:05.683811,115.31,67.24,167.28,127.79,109.32517791118748
2025-10-22 11:54:06.683811,55.38,52.81,66.42,46.64,55.729048176891155
2025-10-22 11:54:07.683810,117.06,76.9,246.03,41.6,120.6805989049947
2025-10-22 11:54:08.683810,74.27,49.45,59.19,149.75,72.35920205882121
2025-10-22 11:54:09.683809,66.02,27.99,105.76,96.18,65.05802962953713
2025-10-22 11:54:10.683809,98.59,71.9,203.87,44.81,106.16217816560443
2025-10-22 11:54:11.683808,75.4,24.43,152.72,91.93,76.55980352481282
2025-10-22 11:54:12.683808,52.15,40.6,52.75,57.49,47.70839441814664
2025-10-22 11:54:13.683807,109.74,90.09,195.56,26.47,109.06039825301244
2025-10-22 11:54:14.683807,66.53,50.23,78.11,128.31,74.17640813624422
2025-10-22 11:54:15.683806,76.82,62.94,53.56,83.4,64.19542252384318
2025-10-22 11:54:16.683806,71.56,41.76,119.06,90.77,74.82264210648644
2025-10-22 11:54:17.683805,123.44,83.53,272.8,14.79,126.69742998102541
2025-10-22 11:54:18.683805,93.8,43.36,190.43,63.65,91.68387687885397
2025-10-22 11:54:19.683804,124.47,29.57,262.12,139.16,121.37235641288581
2025-10-22 11:54:20.683803,138.71,68.68,271.61,125.54,140.9513457930853
2025-10-22 11:54:21.683803,97.82,51.56,150.1,110.4,92.91849749131715
2025-10-22 11:54:22.683802,92.43,93.41,124.27,17.69,87.53963561954217
2025-10-22 11:54:23.683801,108.88,90.52,173.56,79.66,113.22260724072147
2025-10-22 11:54:24.683800,47.72,60.17,53.96,18.18,49.98996741645002
2025-10-22 11:54:25.683800,127.75,58.64,270.95,97.95,130.2868167774286
2025-10-22 11:54:26.683799,165.09,93.14,271.66,144.85,156.95278890838333
2025-10-22 11:54:27.683799,83.93,86.18,80.28,56.16,78.36415589587817
2025-10-22 11:54:28.683798,134.9,74.86,282.25,71.89,136.56746718971328
2025-10-22 11:54:29.683798,97.67,63.51,187.25,73.78,102.75048849775983
2025-10-22 11:54:30.683797,82.08,46.98,90.8,126.38,75.99262824103343
2025-10-22 11:54:31.683797,112.5,74.21,162.61,122.8,110.39368186956914
2025-10-22 11:54:32.683796,123.38,51.52,283.64,55.45,122.12511819145705
2025-10-22 11:54:33.683795,106.8,30.93,224.38,133.92,109.66448463474373
2025-10-22 11:54:34.683795,119.58,30.13,249.41,112.84,112.60460577174402
2025-10-22 11:54:35.683794,110.07,51.12,262.08,26.69,109.735989438444
2025-10-22 11:54:36.683794,56.3,29.53,50.4,125.01,54.908328350895495
2025-10-22 11:54:37.683793,66.75,80.87,82.96,16.38,68.63316242518793
2025-10-22 11:54:38.683793,80.77,90.02,91.74,31.55,78.83006812970544
2025-10-22 11:54:39.683792,97.68,56.47,165.99,93.32,96.74258384768287
2025-10-22 11:54:40.683792,97.22,82.78,137.74,91.19,100.90037277437831
2025-10-22 11:54:41.683791,117.46,27.79,241.66,137.89,114.08637661364327
2025-10-22 11:54:42.683791,72.73,26.5,132.36,79.86,69.07232025819557
2025-10-22 11:54:43.683790,38.81,24.81,63.42,51.16,41.81364137129377
2025-10-22 11:54:44.683790,38.93,43.93,54.36,10.07,40.431465833696215
2025-10-22 11:54:45.683789,122.42,94.2,166.17,91.11,115.10319477830552
2025-10-22 11:54:46.683789,71.73,37.99,144.84,24.92,67.623497484051
2025-10-22 11:54:47.683788,125.92,38.62,281.13,126.94,129.1560135469901
2025-10-22 11:54:48.683787,119.68,53.27,221.24,120.29,117.11361017685512
2025-10-22 11:54:49.683787,115.14,42.27,270.98,73.3,117.26849415969416
2025-10-22 11:54:50.683786,135.63,67.62,240.76,118.51,129.75660735481978
2025-10-22 11:54:51.683786,129.07,39.22,289.27,141.78,134.84716256486797
2025-10-22 11:54:52.683785,109.71,29.27,246.22,50.53,98.84686142533185
2025-10-22 11:54:53.683785,123.32,52.51,221.76,132.09,119.23520908878925
2025-10-22 11:54:54.683784,81.04,50.04,169.47,41.95,84.3943909548424
2025-10-22 11:54:55.683784,82.86,34.86,156.64,93.73,83.27730384769829
2025-10-22 11:54:56.683783,100.44,92.69,103.18,104.95,98.16862003268247
2025-10-22 11:54:57.683783,101.35,79.18,126.42,111.56,99.75392331689007
2025-10-22 11:54:58.683782,120.54,65.88,200.66,105.7,114.2962195208756
2025-10-22 11:54:59.683782,118.59,84.06,228.15,38.83,118.31387839807286
2025-10-22 11:55:00.683781,124.63,40.44,291.05,75.83,122.89388129183703
2025-10-22 11:55:01.683781,82.05,31.3,127.53,138.03,81.5550711817599
2025-10-22 11:55:02.683780,156.98,97.44,273.85,124.9,155.7862917651138
2025-10-22 11:55:03.683779,141.38,75.5,290.28,106.85,146.2402646871147
2025-10-22 11:55:04.683779,90.38,42.8,140.93,143.87,92.45563463553124
2025-10-22 11:55:05.683778,90.65,21.85,237.94,43.28,91.23226811361555
2025-10-22 11:55:06.683778,121.48,79.25,265.42,17.58,122.90682738434218
2025-10-22 11:55:07.683777,111.68,92.93,140.95,132.2,115.05053040747651
2025-10-22 11:55:08.683777,115.19,61.44,184.31,135.22,113.03735315125523
2025-10-22 11:55:09.683776,62.37,41.55,83.78,76.61,61.30305882852818
2025-10-22 11:55:10.683776,81.15,77.62,92.09,80.56,82.50556395485081
2025-10-22 11:55:11.683775,79.61,62.87,96.45,78.25,76.02914822885228
2025-10-22 11:55:12.683775,135.24,88.65,200.05,148.07,133.83822965074876
2025-10-22 11:55:13.683774,120.7,45.56,269.29,83.65,120.45010804853554
2025-10-22 11:55:14.683774,93.68,36.48,197.94,82.7,94.30529987494992
2025-10-22 11:55:15.683773,164.65,96.97,281.83,133.53,159.66474663097821
2025-10-22 11:55:16.683772,115.33,33.82,281.59,61.57,113.93024938242507
2025-10-22 11:55:17.683772,107.8,85.11,195.45,55.32,112.28131827774162
2025-10-22 11:55:18.683771,114.61,43.18,276.1,74.94,119.58509986304489
2025-10-22 11:55:19.683771,151.14,73.56,294.86,142.96,153.82264635654747
2025-10-22 11:55:20.683770,91.84,78.42,119.29,40.07,83.03895941421675
2025-10-22 11:55:21.683770,114.67,48.37,221.49,97.27,110.183661257802
2025-10-22 11:55:22.683769,103.7,31.95,231.02,71.64,99.80124227554883
2025-10-22 11:55:23.683769,74.01,23.66,148.43,76.11,71.74677211724901
2025-10-22 11:55:24.683768,91.77,32.13,202.5,68.98,90.79054191955554
2025-10-22 11:55:25.683768,99.99,55.9,172.05,98.55,99.31920796597123
2025-10-22 11:55:26.683767,66.62,74.97,82.55,27.64,67.81432873957192
2025-10-22 11:55:27.683767,100.87,42.02,209.99,109.93,106.08601018596451
2025-10-22 11:55:28.683766,115.77,32.6,297.56,90.08,123.78474664606568
2025-10-22 11:55:29.683766,83.26,74.94,130.57,34.13,83.52093118877097
2025-10-22 11:55:30.683765,121.0,75.5,255.15,36.39,121.69170342968509
2025-10-22 11:55:31.683764,80.21,81.13,57.61,128.74,83.45226903663848
2025-10-22 11:55:32.683764,110.22,92.7,131.98,86.85,103.23596519648076
2025-10-22 11:55:33.683763,89.43,46.03,120.08,134.64,85.96108034973696
2025-10-22 11:55:34.683763,69.49,34.43,105.23,109.95,70.83234360634107
2025-10-22 11:55:35.683762,125.52,85.62,229.84,141.38,139.95823542501094
2025-10-22 11:55:36.683762,71.05,30.87,164.09,27.9,70.46355456835309
2025-10-22 11:55:37.683761,124.98,74.67,287.38,14.53,126.62608576186996
2025-10-22 11:55:38.683761,76.35,65.26,153.23,23.49,83.40976229193328
2025-10-22 11:55:39.683760,79.15,31.96,169.23,71.66,81.23854953987491
2025-10-22 11:55:40.683760,123.96,21.12,292.86,108.99,120.42312198018324
2025-10-22 11:55:41.683759,118.78,66.71,222.29,87.74,117.64374178659068
2025-10-22 11:55:42.683759,77.84,24.64,145.61,102.89,76.70326632663989
2025-10-22 11:55:43.683758,142.35,78.46,254.31,134.59,142.4075062519144
2025-10-22 11:55:44.683758,105.18,71.84,161.39,121.96,108.68273412390877
2025-10-22 11:55:45.683757,94.04,46.07,175.1,88.36,93.32887166884639
2025-10-22 11:55:46.683757,139.4,50.35,270.08,143.44,134.9386924778761
2025-10-22 11:55:47.683756,107.77,88.41,154.32,35.03,97.53020634260373
2025-10-22 11:55:48.683755,109.71,59.35,245.56,58.76,115.22713784950552
2025-10-22 11:55:49.683755,89.05,57.75,111.33,139.87,90.19241543037872
2025-10-22 11:55:50.683754,40.14,50.47,53.44,14.23,44.23017322049815
2025-10-22 11:55:51.683754,89.38,30.71,195.55,73.74,88.94125195137141
2025-10-22 11:55:52.683753,55.39,30.29,134.9,25.84,60.99302001563044
2025-10-22 11:55:53.683753,100.37,22.96,207.29,126.46,99.08700268377939
2025-10-22 11:55:54.683752,108.85,69.19,220.7,19.26,104.80124163437137
2025-10-22 11:55:55.683752,80.78,87.79,96.48,47.46,82.3057383904151
2025-10-22 11:55:56.683751,118.04,20.84,264.75,130.29,116.06438183886857
2025-10-22 11:55:57.683751,86.71,82.21,73.79,118.71,86.86044944490891
2025-10-22 11:55:58.683750,83.16,28.26,151.64,120.3,83.77092710610344
2025-10-22 11:55:59.683750,52.55,21.55,94.98,67.91,53.00539368383211
2025-10-22 11:56:00.683749,124.19,76.74,254.56,66.88,128.18424522713477
2025-10-22 11:56:01.683749,108.41,61.79,212.93,78.88,110.62694586800896
2025-10-22 11:56:02.683748,109.93,71.21,201.18,66.01,109.22013102490052
2025-10-22 11:56:03.683747,92.63,78.55,151.59,42.63,93.31993989515554
2025-10-22 11:56:04.683747,102.45,85.99,163.76,35.73,99.30415976963134
2025-10-22 11:56:05.683746,80.2,29.96,136.04,143.33,84.49940973225186
2025-10-22 11:56:06.683746,74.61,36.57,129.58,110.81,79.38495589523443
2025-10-22 11:56:07.683745,144.58,94.56,262.0,123.62,150.53964178711212
2025-10-22 11:56:08.683745,76.8,94.04,59.15,29.17,70.55949890320136
2025-10-22 11:56:09.683744,40.18,27.13,53.39,49.95,39.71141371817572
2025-10-22 11:56:10.683744,90.94,33.36,223.89,67.7,97.57648386660796
2025-10-22 11:56:11.683743,115.32,71.65,213.08,85.09,116.80374934713946
2025-10-22 11:56:12.683743,73.84,60.4,113.11,81.95,80.54395857953583
2025-10-22 11:56:13.683742,63.28,21.53,162.86,17.15,63.319076654706606
2025-10-22 11:56:14.683742,47.17,24.61,122.38,56.22,60.439987483231555
2025-10-22 11:56:15.683741,75.61,37.24,117.88,105.79,75.20454905187056
2025-10-22 11:56:16.683741,93.4,52.74,166.72,24.08,81.36118596352242
2025-10-22 11:56:17.683740,103.65,31.61,269.04,12.6,99.33720594932113
2025-10-22 11:56:18.683739,68.67,28.48,140.43,30.35,62.65132441497498
2025-10-22 11:56:19.683739,63.61,85.36,63.35,57.75,73.18396368820396
2025-10-22 11:56:20.683738,81.43,48.67,145.62,97.49,87.5728670964036
2025-10-22 11:56:21.683738,81.47,85.96,73.42,75.1,79.95355630695701
2025-10-22 11:56:22.683737,150.78,86.36,268.4,149.59,153.54559996232192
2025-10-22 11:56:23.683737,74.76,79.17,73.44,44.81,70.57201175880829
2025-10-22 11:56:24.683736,87.72,24.93,218.73,56.82,89.67710484756444
2025-10-22 11:56:25.683736,55.99,29.71,54.12,124.46,56.00663950760397
2025-10-22 11:56:26.683735,81.09,79.97,113.21,24.15,78.82070981224402
2025-10-22 11:56:27.683735,126.53,87.71,247.47,10.05,120.21984296363965
2025-10-22 11:56:28.683734,68.18,68.68,72.7,59.23,68.00097399159364
2025-10-22 11:56:29.683734,78.2,40.72,147.98,34.55,71.83563861697647
2025-10-22 11:56:30.683733,130.26,49.67,298.17,62.02,126.87760792902094
2025-10-22 11:56:31.683733,125.91,46.67,292.57,102.0,131.64203724342673
2025-10-22 11:56:32.683732,107.3,83.14,184.69,27.56,102.55677385988389
2025-10-22 11:56:33.683732,59.14,35.31,77.7,51.92,51.47323362555042
2025-10-22 11:56:34.683731,64.43,30.31,103.75,85.97,63.579342088871144
2025-10-22 11:56:35.683731,78.38,78.98,85.9,59.07,77.05392889641583
2025-10-22 11:56:36.683730,103.36,69.38,207.14,16.91,100.35344499668416
2025-10-22 11:56:37.683730,101.27,56.28,217.28,42.12,101.89814552559069
2025-10-22 11:56:38.683729,81.52,22.14,231.29,13.25,83.41514798238623
2025-10-22 11:56:39.683728,106.17,74.85,141.62,122.89,104.42075664386326
2025-10-22 11:56:40.683728,124.45,97.3,186.98,118.6,128.35617859645788
2025-10-22 11:56:41.683727,120.04,59.1,246.92,43.28,112.43813070836798
2025-10-22 11:56:42.683727,118.71,55.97,268.67,31.35,115.05154259262666
2025-10-22 11:56:43.683726,114.78,80.53,133.44,147.35,109.64069930745116
2025-10-22 11:56:44.683726,118.38,68.85,235.69,27.31,110.73605373591047
2025-10-22 11:56:45.683725,85.42,55.56,189.96,77.94,100.44119796028573
2025-10-22 11:56:46.683725,134.24,89.62,261.61,38.5,131.06747202183388
2025-10-22 11:56:47.683724,148.95,55.96,289.84,131.8,141.3538422170808
2025-10-22 11:56:48.683724,107.52,56.33,231.23,84.83,114.59589950250248
2025-10-22 11:56:49.683723,129.84,20.56,281.78,142.1,123.38869703731925
2025-10-22 11:56:50.683723,83.53,97.39,80.42,24.45,77.67963429851858
2025-10-22 11:56:51.683722,76.05,85.73,82.06,49.4,77.33337940763002
2025-10-22 11:56:52.683721,105.6,24.81,289.42,20.65,103.6825324979127
2025-10-22 11:56:53.683721,124.25,46.38,281.52,143.5,136.4166116751574
2025-10-22 11:56:54.683720,101.16,66.3,205.52,96.36,114.11114893970965
2025-10-22 11:56:55.683720,71.72,68.06,121.29,53.22,81.1038857574233
2025-10-22 11:56:56.683719,120.22,72.27,267.96,73.84,131.37284792696087
2025-10-22 11:56:57.683719,148.46,80.61,278.73,131.94,150.28921362708417
2025-10-22 11:56:58.683718,118.62,58.09,236.02,80.72,116.09395808806802
2025-10-22 11:56:59.683718,72.88,28.19,120.81,78.55,66.18038421006065
2025-10-22 11:57:00.683717,146.82,93.3,275.68,83.56,146.07137136761025
2025-10-22 11:57:01.683716,129.42,84.9,216.01,84.4,124.13035786796036
2025-10-22 11:57:02.683716,69.48,43.53,155.16,42.04,76.87689212489292
2025-10-22 11:57:03.683715,136.27,74.11,238.41,127.79,134.11725068021028
2025-10-22 11:57:04.683715,54.47,38.32,77.83,77.47,58.08072417884106
2025-10-22 11:57:05.683714,106.01,50.59,208.56,47.48,97.51453982638085
2025-10-22 11:57:06.683714,111.22,79.68,224.77,47.4,116.82345712304547
2025-10-22 11:57:07.683713,78.83,56.76,113.01,127.09,87.66802167078315
2025-10-22 11:57:08.683713,66.01,47.55,92.25,76.42,66.79204730886774
2025-10-22 11:57:09.683712,79.3,73.92,51.77,113.99,75.1862479881517
2025-10-22 11:57:10.683712,127.15,37.92,258.33,112.18,119.02484918101247
2025-10-22 11:57:11.683711,102.38,73.41,239.74,12.62,111.30215015279406
2025-10-22 11:57:12.683710,98.31,55.88,208.29,70.19,104.57068964449913
2025-10-22 11:57:13.683710,81.16,60.14,159.39,50.02,87.98500338189115
2025-10-22 11:57:14.683709,134.52,87.46,199.18,149.78,133.32503858243095
2025-10-22 11:57:15.683709,59.8,47.17,95.44,68.17,65.92399871461049
2025-10-22 11:57:16.683708,116.24,25.18,290.7,63.11,112.68153240757074
2025-10-22 11:57:17.683708,123.55,70.31,244.3,94.29,127.34816352252474
2025-10-22 11:57:18.683707,138.54,95.45,205.36,124.04,134.04146406047016
2025-10-22 11:57:19.683707,127.41,78.87,282.0,11.38,126.47031223294465
2025-10-22 11:57:20.683706,77.68,49.31,146.86,75.39,83.87556466684651
2025-10-22 11:57:21.683706,127.64,76.1,257.98,30.39,121.64908288051024
2025-10-22 11:57:22.683705,113.54,93.9,177.39,74.08,114.94511923284989
2025-10-22 11:57:23.683705,129.07,91.45,207.74,95.2,127.04328964649272
2025-10-22 11:57:24.683704,105.55,46.35,271.67,11.66,107.26428186888973
2025-10-22 11:57:25.683704,96.39,92.95,98.57,125.18,100.92888899533439
2025-10-22 11:57:26.683703,87.17,38.27,198.44,24.95,83.87860743554296
2025-10-22 11:57:27.683703,107.98,21.63,267.24,57.62,102.7766029392843
2025-10-22 11:57:28.683702,115.75,21.89,271.75,104.6,113.58921063453309
2025-10-22 11:57:29.683701,68.99,37.85,150.67,50.14,74.31365403163564
2025-10-22 11:57:30.683701,139.29,68.87,286.12,45.35,129.48510715234121
2025-10-22 11:57:31.683700,45.76,26.96,98.55,25.81,48.40725404025436
2025-10-22 11:57:32.683700,125.03,84.4,161.07,147.05,119.80834314562298
2025-10-22 11:57:33.683699,66.5,49.13,81.54,93.19,67.68772493208206
2025-10-22 11:57:34.683699,119.54,63.35,260.55,73.58,124.66236910724726
2025-10-22 11:57:35.683698,138.18,85.53,268.64,54.22,134.26960177088537
2025-10-22 11:57:36.683698,143.22,95.71,238.94,141.0,147.63087743982953
2025-10-22 11:57:37.683697,83.75,22.61,240.06,22.73,88.16683157189719
2025-10-22 11:57:38.683697,131.69,96.53,218.6,106.37,135.04907047216028
2025-10-22 11:57:39.683696,90.09,81.15,67.74,106.95,82.18046680384069
2025-10-22 11:57:40.683696,85.4,52.62,142.78,100.38,89.25555558608654
2025-10-22 11:57:41.683695,78.77,39.59,152.86,98.32,85.40252697551483
2025-10-22 11:57:42.683695,75.28,97.13,59.73,62.73,78.93237777309369
2025-10-22 11:57:43.683694,109.47,96.4,168.17,99.15,118.39368294552749
2025-10-22 11:57:44.683693,82.87,27.58,211.98,44.43,86.50487356003636
2025-10-22 11:57:45.683693,72.59,63.13,100.37,46.04,70.94120734116359
2025-10-22 11:57:46.683692,101.5,69.95,166.68,80.19,101.0402384334534
2025-10-22 11:57:47.683692,57.14,37.6,83.7,100.39,64.03807685545026
2025-10-22 11:57:48.683691,97.18,38.68,205.83,102.48,101.69707270002951
2025-10-22 11:57:49.683691,75.35,23.63,185.3,18.56,71.38694812385403
2025-10-22 11:57:50.683690,130.2,59.25,275.77,114.92,135.40798594737075
2025-10-22 11:57:51.683690,123.63,62.66,231.02,146.78,129.9779071976666
2025-10-22 11:57:52.683689,123.21,72.05,203.66,106.01,118.32487815118594
2025-10-22 11:57:53.683689,69.65,98.82,71.75,14.41,73.79079096092057
2025-10-22 11:57:54.683688,121.48,91.89,234.37,45.4,125.37800208081678
2025-10-22 11:57:55.683688,109.58,66.48,182.1,107.4,109.35344953701477
2025-10-22 11:57:56.683687,85.93,41.14,175.37,76.73,88.65151987255244
2025-10-22 11:57:57.683686,142.29,94.77,233.98,117.46,140.99919958176994
2025-10-22 11:57:58.683686,135.98,67.1,248.4,88.7,125.87574720877438
2025-10-22 11:57:59.683685,112.1,87.7,157.01,58.42,102.63006372863211
2025-10-22 11:58:00.683685,81.57,58.55,103.89,87.64,77.98341244872668
2025-10-22 11:58:01.683684,39.37,24.23,52.5,48.88,37.79066565689889
2025-10-22 11:58:02.683684,134.73,90.64,193.04,137.04,130.5299751432997
2025-10-22 11:58:03.683683,90.21,81.32,81.55,92.13,83.47314860079199
2025-10-22 11:58:04.683683,136.59,56.45,289.89,101.59,135.61410372673913
2025-10-22 11:58:05.683682,72.22,61.17,61.59,139.91,76.94962972581796
2025-10-22 11:58:06.683682,77.87,33.99,163.74,44.29,75.16270411149003
2025-10-22 11:58:07.683681,148.1,91.03,238.0,131.19,143.07541637022166
2025-10-22 11:58:08.683681,62.67,41.28,63.65,101.07,59.975179321150605
2025-10-22 11:58:09.683680,78.55,53.03,150.8,37.63,79.41070307214375
2025-10-22 11:58:10.683679,88.27,88.66,80.64,123.59,93.09275366399832
2025-10-22 11:58:11.683679,69.08,41.02,107.38,96.41,72.06426834632427
2025-10-22 11:58:12.683678,111.76,50.19,293.19,11.48,115.60442241448719
2025-10-22 11:58:13.683678,114.51,49.46,224.6,100.22,112.2456705901905
2025-10-22 11:58:14.683677,107.29,78.33,195.33,68.0,111.3943805885584
2025-10-22 11:58:15.683677,38.06,31.99,86.28,14.38,44.9489872092735
2025-10-22 11:58:16.683676,98.78,23.48,266.34,34.66,98.8665090535967
2025-10-22 11:58:17.683676,67.36,47.33,61.97,142.96,70.79332737924643
2025-10-22 11:58:18.683675,130.18,74.02,254.1,53.2,123.97844473580992
2025-10-22 11:58:19.683675,102.64,97.0,157.85,80.4,111.86717260441685
2025-10-22 11:58:20.683674,122.33,98.76,178.38,101.58,123.11739649614869
2025-10-22 11:58:21.683673,156.79,78.07,292.54,141.02,154.98085062533494
2025-10-22 11:58:22.683673,93.64,98.83,113.68,87.73,100.95598632216343
2025-10-22 11:58:23.683672,100.21,37.97,187.24,95.35,94.34124035763477
2025-10-22 11:58:24.683672,105.4,53.19,203.95,42.75,96.4815637809974
2025-10-22 11:58:25.683671,136.78,83.28,298.11,77.94,146.71887591503477
2025-10-22 11:58:26.683671,122.06,40.83,280.16,110.88,126.77373715871863
2025-10-22 11:58:27.683670,35.41,34.78,53.26,66.42,46.74319980761956
2025-10-22 11:58:28.683670,95.64,53.33,153.3,110.18,94.71599482290172
2025-10-22 11:58:29.683669,146.79,92.63,256.17,93.88,141.92360355311985
2025-10-22 11:58:30.683669,65.06,23.2,138.89,101.81,73.75363351536268
2025-10-22 11:58:31.683668,85.69,83.41,93.18,31.88,76.04436621833227
2025-10-22 11:58:32.683667,74.7,77.0,66.97,99.07,78.32262222124147
2025-10-22 11:58:33.683667,155.12,91.38,273.95,146.34,157.06249608117972
2025-10-22 11:58:34.683666,68.31,68.67,117.85,22.19,74.21199906100136
2025-10-22 11:58:35.683666,84.46,32.38,135.31,116.12,80.07976305211588
2025-10-22 11:58:36.683665,103.14,85.13,175.65,76.01,110.44816817724055
2025-10-22 11:58:37.683665,121.25,72.36,231.05,97.17,124.95605940514506
2025-10-22 11:58:38.683664,132.72,84.84,269.1,60.46,135.30400394150774
2025-10-22 11:58:39.683664,79.09,70.26,71.93,115.81,79.78852009805816
2025-10-22 11:58:40.683663,118.82,48.79,213.45,119.01,112.29231152558734
2025-10-22 11:58:41.683663,115.93,71.66,262.24,19.57,118.57523888327923
2025-10-22 11:58:42.683662,92.68,61.42,195.85,11.4,91.91135567139325
2025-10-22 11:58:43.683662,88.43,62.68,107.24,96.64,82.82914312928467
2025-10-22 11:58:44.683661,123.72,51.18,291.79,60.79,125.46602462858692
2025-10-22 11:58:45.683661,72.79,72.79,54.18,112.35,75.02356061458336
2025-10-22 11:58:46.683660,121.42,71.23,216.5,119.64,124.48292001419722
2025-10-22 11:58:47.683659,105.16,95.45,105.1,95.69,98.27836235717632
2025-10-22 11:58:48.683659,76.99,31.95,139.85,83.19,74.69240219732754
2025-10-22 11:58:49.683658,86.46,27.17,243.79,34.84,93.9579033231094
2025-10-22 11:58:50.683658,103.38,96.44,101.59,145.22,107.54946308028295
2025-10-22 11:58:51.683657,122.74,85.24,224.2,31.36,116.22974852247256
2025-10-22 11:58:52.683657,135.16,82.81,260.32,52.79,130.13364012497738
2025-10-22 11:58:53.683656,126.25,71.15,240.19,91.77,126.02984778638219
2025-10-22 11:58:54.683656,102.84,56.4,243.2,10.22,103.41452998568882
2025-10-22 11:58:55.683655,82.93,32.43,172.18,75.48,83.11717503723156
2025-10-22 11:58:56.683655,108.59,46.61,200.23,132.3,109.87455452199077
2025-10-22 11:58:57.683654,115.05,54.03,275.69,27.36,115.40541485502342
2025-10-22 11:58:58.683654,118.17,58.8,217.22,125.34,119.65549415155925
2025-10-22 11:58:59.683653,83.08,94.17,112.88,34.17,87.76595379523016
2025-10-22 11:59:00.683652,95.62,66.17,122.21,135.36,96.75033918080864
2025-10-22 11:59:01.683652,70.06,55.42,69.13,145.93,77.55437112535894
2025-10-22 11:59:02.683651,111.65,67.14,219.11,60.91,111.57448414191175
2025-10-22 11:59:03.683651,95.05,42.39,133.41,146.76,90.56553158290546
2025-10-22 11:59:04.683650,104.03,26.03,291.29,34.92,107.68402663260368
2025-10-22 11:59:05.683650,142.96,62.03,293.37,80.51,135.24690685836788
2025-10-22 11:59:06.683649,70.99,68.92,130.16,18.79,77.36103360854717
2025-10-22 11:59:07.683649,50.17,32.67,79.17,51.22,50.464447184169096
2025-10-22 11:59:08.683648,100.57,37.58,191.05,112.42,98.68187086086846
2025-10-22 11:59:09.683648,77.51,46.1,150.89,35.56,75.58373835430359
2025-10-22 11:59:10.683647,89.23,53.27,158.75,76.14,89.56557912184766
2025-10-22 11:59:11.683646,127.64,76.44,243.51,94.14,130.1264915782598
2025-10-22 11:59:12.683645,75.69,46.96,123.77,97.36,80.13023379016362
2025-10-22 11:59:13.683645,121.09,29.54,258.4,131.76,118.77009254477522
2025-10-22 11:59:14.683644,63.14,38.84,105.28,52.61,61.65349308563736
2025-10-22 11:59:15.683644,129.17,43.19,289.0,103.21,129.08032231723683
2025-10-22 11:59:16.683643,107.8,51.24,201.4,65.65,99.29312821609226
2025-10-22 11:59:17.683643,84.36,61.88,157.05,38.45,85.84894210803348
2025-10-22 11:59:18.683642,62.62,32.03,70.97,110.12,59.376508845244494
2025-10-22 11:59:19.683642,103.54,28.19,272.14,22.23,100.4818346936441
2025-10-22 11:59:20.683641,94.45,55.51,184.37,25.53,88.33018927519183
2025-10-22 11:59:21.683640,83.97,80.85,121.13,18.81,80.57809720344625
2025-10-22 11:59:22.683640,91.84,23.51,204.67,84.73,90.28727505810338
2025-10-22 11:59:23.683639,122.22,42.86,294.57,58.31,121.67557145981664
2025-10-22 11:59:24.683639,118.07,74.75,197.23,131.46,122.7868203371494
2025-10-22 11:59:25.683638,109.78,30.15,227.79,134.6,110.43688468512251
2025-10-22 11:59:26.683638,119.65,22.13,287.43,109.46,119.38619324822534
2025-10-22 11:59:27.683637,73.84,64.85,135.6,10.88,75.4034592976535
2025-10-22 11:59:28.683637,144.85,75.13,282.2,88.47,139.97855071448467
2025-10-22 11:59:29.683636,105.7,56.23,196.08,86.19,104.25154463270833
2025-10-22 11:59:30.683635,69.36,45.62,71.27,121.35,68.4482872346461
2025-10-22 11:59:31.683635,95.8,36.02,213.75,41.39,90.62649720138191
2025-10-22 11:59:32.683634,96.36,33.96,177.09,84.31,87.10627461551424
2025-10-22 11:59:33.683634,117.2,94.46,180.05,69.65,115.14325465712096
2025-10-22 11:59:34.683633,64.22,24.8,148.73,69.26,71.04325251345821
2025-10-22 11:59:35.683633,68.41,49.28,140.02,16.96,70.20351763596959
2025-10-22 11:59:36.683632,111.88,89.23,211.83,43.4,116.8847062634876
2025-10-22 11:59:37.683632,59.85,36.57,92.1,59.77,57.98592915431314
2025-10-22 11:59:38.683631,68.0,73.63,83.3,61.65,74.12670420432593
2025-10-22 11:59:39.683631,67.38,20.79,152.1,65.1,69.23789222360296
2025-10-22 11:59:40.683630,119.52,39.29,252.66,125.54,120.65396044779004
2025-10-22 11:59:41.683630,63.24,74.08,59.04,61.44,67.01698379543241
2025-10-22 11:59:42.683629,97.0,49.03,162.34,130.78,99.38684400622606
2025-10-22 11:59:43.683629,99.49,96.02,100.26,136.52,105.21366026695846
2025-10-22 11:59:44.683628,96.0,20.48,271.87,20.83,96.29217151331044
2025-10-22 11:59:45.683627,73.3,70.87,74.16,91.18,75.87153482743543
2025-10-22 11:59:46.683627,73.32,78.79,117.14,14.9,77.57906331485928
2025-10-22 11:59:47.683626,134.47,90.78,174.34,146.35,126.82755564982143
2025-10-22 11:59:48.683626,103.79,65.24,139.74,128.68,100.23079702127288
2025-10-22 11:59:49.683625,72.71,77.21,59.21,60.22,68.38091791307652
2025-10-22 11:59:50.683625,100.22,21.4,244.43,105.27,105.26748166184922
2025-10-22 11:59:51.683624,121.9,52.75,250.95,87.09,119.19303345359306
2025-10-22 11:59:52.683624,81.81,50.6,139.62,52.28,77.75191128257411
2025-10-22 11:59:53.683623,95.18,55.32,173.54,74.92,94.78713360023902
2025-10-22 11:59:54.683623,117.78,60.85,196.66,146.28,118.65211582744504
2025-10-22 11:59:55.683622,107.77,67.95,182.25,144.69,117.53282017255148
2025-10-22 11:59:56.683621,100.64,89.23,148.31,73.98,103.86478037046334
2025-10-22 11:59:57.683621,110.1,79.44,186.84,63.39,108.4787827692291
2025-10-22 11:59:58.683620,74.01,77.64,122.61,45.25,84.67778648767344
2025-10-22 11:59:59.683620,63.74,71.31,52.98,63.34,64.19662077614208
2025-10-22 12:00:00.683619,103.82,66.56,143.39,135.37,103.3119584188324
2025-10-22 12:00:01.683619,62.21,24.38,123.2,86.55,66.59421484212898
2025-10-22 12:00:02.683618,135.39,89.11,262.68,43.4,132.1085873252268
2025-10-22 12:00:03.683617,108.5,90.01,176.24,73.51,112.55364136001839
2025-10-22 12:00:04.683616,109.64,54.27,190.21,125.73,109.36416111932748
2025-10-22 12:00:05.683616,108.57,88.43,136.42,129.74,110.96483271965411
2025-10-22 12:00:06.683615,86.14,22.85,221.35,22.41,82.59904745963333
2025-10-22 12:00:07.683615,132.25,48.75,270.65,140.66,133.76311720787504
2025-10-22 12:00:08.683614,105.44,89.19,112.86,115.7,101.47356713438302
2025-10-22 12:00:09.683614,141.76,95.34,292.81,68.67,149.27708309961383
2025-10-22 12:00:10.683613,129.06,41.09,264.81,144.83,129.03010009170788
2025-10-22 12:00:11.683613,64.26,62.34,81.31,30.78,61.79014940681287
2025-10-22 12:00:12.683612,127.59,74.95,292.72,42.59,133.94151883867187
2025-10-22 12:00:13.683611,70.47,49.77,98.98,60.78,66.81244611864025
2025-10-22 12:00:14.683611,136.55,70.54,241.59,130.47,133.83147380834285
2025-10-22 12:00:15.683610,92.33,28.65,243.0,50.27,97.51940040399576
2025-10-22 12:00:16.683610,114.43,60.8,195.95,104.1,110.03901438844474
2025-10-22 12:00:17.683609,73.58,30.0,110.08,125.11,73.09914180667771
2025-10-22 12:00:18.683609,51.0,29.24,51.21,144.01,58.78016273735346
2025-10-22 12:00:19.683608,67.49,37.73,116.01,80.01,69.76731336891517
2025-10-22 12:00:20.683608,109.69,93.05,203.94,22.16,112.19395201483123
2025-10-22 12:00:21.683607,93.01,94.2,133.3,15.57,90.22526342025793
2025-10-22 12:00:22.683607,131.33,74.47,192.26,134.46,121.74957466016518
2025-10-22 12:00:23.683606,95.93,30.08,199.82,143.32,103.72679092029033
2025-10-22 12:00:24.683606,75.4,48.27,147.99,35.17,75.7127942232146
2025-10-22 12:00:25.683605,86.12,29.49,179.0,110.32,90.62382534722369
2025-10-22 12:00:26.683605,105.6,43.74,246.64,30.81,102.2467759309427
2025-10-22 12:00:27.683604,131.8,89.06,198.18,124.83,128.8655661488561
2025-10-22 12:00:28.683604,34.28,31.65,71.37,21.26,41.664736835107284
2025-10-22 12:00:29.683603,94.9,77.92,135.69,86.72,96.98212052449291
2025-10-22 12:00:30.683603,101.39,39.08,169.4,141.58,98.7097119186463
2025-10-22 12:00:31.683602,114.3,27.98,263.23,99.38,113.01768180028986
2025-10-22 12:00:32.683601,117.44,37.31,203.07,140.46,107.72782172867893
2025-10-22 12:00:33.683601,93.73,72.47,179.91,19.84,94.28613364729267
2025-10-22 12:00:34.683600,150.39,98.08,282.25,48.05,143.37035986242296
2025-10-22 12:00:35.683600,110.87,33.84,202.81,148.56,107.53394354178815
2025-10-22 12:00:36.683599,97.89,62.44,164.59,109.3,102.46069792905362
2025-10-22 12:00:37.683599,77.46,36.79,150.16,74.64,78.49821931881714
2025-10-22 12:00:38.683598,106.05,94.5,112.63,110.05,102.92078238172468
2025-10-22 12:00:39.683598,87.88,63.09,101.52,146.98,91.30867110716936
2025-10-22 12:00:40.683597,107.81,38.13,190.58,131.92,102.6855983230374
2025-10-22 12:00:41.683597,119.25,50.64,174.61,143.79,106.45775621483138
2025-10-22 12:00:42.683596,127.82,60.01,232.54,91.41,118.12442204198697
2025-10-22 12:00:43.683596,127.68,92.59,250.45,61.15,133.68596506770004
2025-10-22 12:00:44.683595,81.5,23.75,148.61,121.95,80.94714461351509
2025-10-22 12:00:45.683594,96.61,68.67,167.78,67.2,98.15574396588858
2025-10-22 12:00:46.683594,55.7,47.67,61.57,84.09,59.15335382045828
2025-10-22 12:00:47.683593,134.33,73.62,297.57,16.85,129.62776529940723
2025-10-22 12:00:48.683593,49.89,24.65,84.46,80.36,53.8556174392626
2025-10-22 12:00:49.683592,122.17,74.09,165.86,104.39,107.6555685215876
2025-10-22 12:00:50.683592,144.25,92.62,242.76,123.94,143.85654872218575
2025-10-22 12:00:51.683591,69.37,47.87,116.9,59.7,71.04008280697043
2025-10-22 12:00:52.683591,91.29,80.73,157.63,62.85,100.23310152171463
2025-10-22 12:00:53.683590,102.25,53.85,269.43,14.26,110.83346509971958
2025-10-22 12:00:54.683590,119.84,93.29,166.66,106.38,117.83022313199513
2025-10-22 12:00:55.683589,78.8,84.0,78.69,90.98,83.71671056738708
2025-10-22 12:00:56.683589,158.5,96.88,294.78,64.62,149.830172085907
2025-10-22 12:00:57.683588,96.4,50.27,189.2,95.24,101.01947827585307
2025-10-22 12:00:58.683587,122.1,84.41,258.66,18.48,123.61736464524067
2025-10-22 12:00:59.683587,74.04,83.17,62.73,56.31,71.62365087607705
2025-10-22 12:01:00.683586,104.77,89.76,114.61,146.05,108.30874885994074
2025-10-22 12:01:01.683586,123.51,79.7,235.08,60.21,122.47560473907382
2025-10-22 12:01:02.683585,129.22,89.98,256.38,81.15,138.14257953826146
2025-10-22 12:01:03.683585,63.52,26.53,108.49,58.56,57.68371977023005
2025-10-22 12:01:04.683584,100.5,78.67,129.4,141.64,106.3686119358644
2025-10-22 12:01:05.683584,76.93,30.72,107.22,84.64,64.56191405482717
2025-10-22 12:01:06.683583,157.97,95.24,287.33,119.84,157.7401604524139
2025-10-22 12:01:07.683583,118.33,39.94,271.59,104.65,122.51878733858504
2025-10-22 12:01:08.683582,48.01,40.6,57.42,39.43,45.526188959227476
2025-10-22 12:01:09.683582,123.69,84.42,226.69,85.93,127.40564886071495
2025-10-22 12:01:10.683581,57.14,82.93,56.46,12.58,60.937282570967874
2025-10-22 12:01:11.683580,99.84,27.23,188.61,131.39,96.57284114149995
2025-10-22 12:01:12.683580,81.9,25.65,150.02,134.33,84.77296318522833
2025-10-22 12:01:13.683579,128.43,63.29,231.87,136.77,128.55889403068994
2025-10-22 12:01:14.683579,93.89,51.6,154.25,89.05,89.94664238551012
2025-10-22 12:01:15.683578,141.39,79.11,270.01,91.2,138.8341354630753
2025-10-22 12:01:16.683578,105.13,56.41,221.76,97.86,114.37645161452579
2025-10-22 12:01:17.683577,135.6,74.06,240.94,126.16,134.52918991794158
2025-10-22 12:01:18.683577,115.45,65.15,276.69,29.41,121.63772728477218
2025-10-22 12:01:19.683576,126.25,78.99,253.7,33.22,122.3604139514103
2025-10-22 12:01:20.683576,148.41,90.84,286.67,78.98,147.24297353853353
2025-10-22 12:01:21.683575,90.11,67.65,152.06,47.79,89.0703029017937
2025-10-22 12:01:22.683574,72.73,36.22,112.82,72.1,66.48778087217718
2025-10-22 12:01:23.683574,64.28,24.56,54.59,142.91,57.252498212331126
2025-10-22 12:01:24.683573,122.36,55.64,226.36,103.21,116.43871797117433
2025-10-22 12:01:25.683573,112.88,20.49,284.26,95.35,114.8170709703157
2025-10-22 12:01:26.683572,147.67,68.1,291.03,116.62,144.72899938506714
2025-10-22 12:01:27.683572,86.61,24.96,149.68,147.94,87.03023451144813
2025-10-22 12:01:28.683571,140.99,81.69,224.58,137.05,135.56503081562641
2025-10-22 12:01:29.683571,112.32,75.17,231.38,25.48,112.21724123447116
2025-10-22 12:01:30.683570,67.76,73.79,82.44,57.4,73.10387478478577
2025-10-22 12:01:31.683570,154.4,79.33,282.87,140.71,152.6388829425077
2025-10-22 12:01:32.683569,99.95,96.87,115.64,70.64,97.17807382652228
2025-10-22 12:01:33.683569,101.19,93.98,117.5,114.54,105.01765350581827
2025-10-22 12:01:34.683568,79.05,72.43,92.09,33.21,70.52566006706809
2025-10-22 12:01:35.683567,142.76,60.33,242.02,142.7,131.31637784025872
2025-10-22 12:01:36.683567,114.32,76.74,151.34,142.68,112.21052408418689
2025-10-22 12:01:37.683566,146.18,86.72,282.01,84.66,144.92319895169055
2025-10-22 12:01:38.683566,59.32,50.73,51.21,82.07,57.158767716818694
2025-10-22 12:01:39.683565,100.21,20.79,272.12,16.21,95.60402466873735
2025-10-22 12:01:40.683565,100.51,53.07,169.5,97.52,96.94224946540007
2025-10-22 12:01:41.683564,128.98,61.05,270.05,73.25,126.30946841502478
2025-10-22 12:01:42.683564,88.27,26.93,202.75,32.19,80.9775036626618
2025-10-22 12:01:43.683563,67.45,31.74,124.7,58.24,65.08074095651861
2025-10-22 12:01:44.683563,90.14,95.8,118.7,33.84,90.25952315337192
2025-10-22 12:01:45.683562,117.06,75.46,201.62,122.3,122.6403054441262
2025-10-22 12:01:46.683562,93.56,24.68,238.28,64.45,96.94379599240908
2025-10-22 12:01:47.683561,86.46,85.62,153.06,22.07,93.19213592773214
2025-10-22 12:01:48.683560,58.39,61.01,70.97,63.75,64.56778486126359
2025-10-22 12:01:49.683560,133.3,79.43,265.56,72.7,133.98244103469358
2025-10-22 12:01:50.683559,78.07,37.52,166.8,97.18,88.33755922455134
2025-10-22 12:01:51.683559,119.59,65.56,219.54,93.35,117.35971725986141
2025-10-22 12:01:52.683558,64.29,36.29,109.16,67.66,64.5409430187901
2025-10-22 12:01:53.683558,78.04,49.16,149.12,25.36,74.54682328578326
2025-10-22 12:01:54.683557,103.54,76.57,164.19,38.69,95.34099405459425
2025-10-22 12:01:55.683557,59.6,42.8,66.74,64.8,54.457660833469205
2025-10-22 12:01:56.683556,116.25,45.33,254.69,75.84,114.39697491223613
2025-10-22 12:01:57.683556,57.79,42.3,125.02,25.27,63.87720859066227
2025-10-22 12:01:58.683555,113.26,62.54,194.18,114.94,112.52379036965473
2025-10-22 12:01:59.683555,103.74,98.96,143.34,63.7,105.16402806479785
2025-10-22 12:02:00.683554,38.02,24.86,67.64,19.99,36.91802739356734
2025-10-22 12:02:01.683554,86.89,53.37,124.68,146.51,93.34716841821555
2025-10-22 12:02:02.683553,50.62,51.28,53.55,59.58,53.66993261352034
2025-10-22 12:02:03.683553,130.22,77.7,289.04,18.13,129.34518587171206
2025-10-22 12:02:04.683552,92.33,49.83,184.49,48.3,90.06527153192852
2025-10-22 12:02:05.683552,104.41,81.11,137.71,121.47,106.07376440065185
2025-10-22 12:02:06.683551,131.29,64.31,264.79,71.72,126.04439605240353
2025-10-22 12:02:07.683550,44.92,23.14,56.47,89.01,46.41018212875938
2025-10-22 12:02:08.683550,96.67,22.95,231.51,85.42,98.2130947268462
2025-10-22 12:02:09.683549,55.09,27.4,76.0,87.13,54.023338996305476
2025-10-22 12:02:10.683549,124.8,84.01,169.34,136.1,119.92608703068207
2025-10-22 12:02:11.683548,108.07,93.13,124.3,106.63,105.0686264390502
2025-10-22 12:02:12.683548,109.74,76.68,186.56,53.99,105.1570064043608
2025-10-22 12:02:13.683547,126.54,84.33,270.44,16.85,126.79458348843484
2025-10-22 12:02:14.683547,126.17,91.05,190.86,66.56,116.08461000290448
2025-10-22 12:02:15.683546,105.44,22.65,271.44,59.28,104.87531505263844
2025-10-22 12:02:16.683546,108.47,92.13,155.48,45.43,101.79198100921946
2025-10-22 12:02:17.683545,85.42,66.37,132.96,84.16,89.91494180181077
2025-10-22 12:02:18.683545,96.05,38.13,194.84,119.96,101.59132141066365
2025-10-22 12:02:19.683544,61.45,46.43,91.8,14.73,53.85176483014239
2025-10-22 12:02:20.683543,135.17,54.87,268.27,131.49,134.26765988155694
2025-10-22 12:02:21.683543,94.13,26.66,271.91,35.57,102.30122380928975
2025-10-22 12:02:22.683542,99.67,64.99,142.77,100.93,95.50751065618311
2025-10-22 12:02:23.683542,123.83,55.71,271.09,98.9,129.06181328789043
2025-10-22 12:02:24.683541,124.92,76.91,233.21,20.99,112.74025503996532
2025-10-22 12:02:25.683541,154.1,86.58,293.18,115.97,154.4275212969722
2025-10-22 12:02:26.683540,95.8,91.68,91.34,117.05,96.51064967414494
2025-10-22 12:02:27.683540,100.5,35.71,212.81,74.95,96.85331017572746
2025-10-22 12:02:28.683539,67.43,63.97,89.61,47.1,68.33497537893527
2025-10-22 12:02:29.683539,104.67,32.69,213.81,93.56,99.34847688969188
2025-10-22 12:02:30.683538,139.66,80.3,246.87,130.73,140.31909402224028
2025-10-22 12:02:31.683538,91.31,47.9,197.73,49.28,93.28039447646383
2025-10-22 12:02:32.683537,61.33,29.25,106.02,35.28,53.67044980094143
2025-10-22 12:02:33.683537,144.08,70.28,263.49,131.6,140.50893524111268
2025-10-22 12:02:34.683536,97.87,65.8,142.99,116.98,99.16280064407455
2025-10-22 12:02:35.683536,89.11,70.53,124.01,115.87,95.58776636090887
2025-10-22 12:02:36.683535,66.03,88.28,51.84,59.82,71.58624890553995
2025-10-22 12:02:37.683534,120.14,96.94,183.86,143.07,132.09810386204015
2025-10-22 12:02:38.683534,42.01,21.65,63.99,98.12,49.738919247106146
2025-10-22 12:02:39.683533,114.23,71.78,182.92,74.72,105.74446369757564
2025-10-22 12:02:40.683533,109.94,24.12,297.05,55.9,112.63190470486722
2025-10-22 12:02:41.683532,68.24,21.54,103.49,92.56,60.45246609670814
2025-10-22 12:02:42.683532,54.81,28.7,79.03,31.76,44.586169331896265
2025-10-22 12:02:43.683531,82.06,76.09,131.23,25.28,82.53348053784228
2025-10-22 12:02:44.683531,115.36,78.67,180.14,137.68,120.83279049106645
2025-10-22 12:02:45.683530,102.73,85.46,153.72,49.5,98.7572549551895
2025-10-22 12:02:46.683530,125.9,66.65,268.6,78.2,129.63871570162996
2025-10-22 12:02:47.683529,90.55,28.0,188.86,83.4,87.50209774115673
2025-10-22 12:02:48.683529,101.94,36.81,191.94,102.34,96.56542288247783
2025-10-22 12:02:49.683528,121.82,60.07,247.45,86.63,121.68651682861288
2025-10-22 12:02:50.683528,101.87,35.37,162.85,130.79,92.75544983062116
2025-10-22 12:02:51.683527,49.57,42.84,69.03,83.99,58.97600245390047
2025-10-22 12:02:52.683526,87.31,63.77,144.39,60.99,87.4581800262033
2025-10-22 12:02:53.683526,112.56,69.94,198.22,82.85,111.04309213561964
2025-10-22 12:02:54.683525,99.42,74.53,130.42,84.2,93.21357372642953
2025-10-22 12:02:55.683525,117.18,57.29,213.59,106.98,114.16886181675602
2025-10-22 12:02:56.683524,81.42,60.68,132.26,42.83,78.6715060590468
2025-10-22 12:02:57.683524,62.12,24.77,86.87,114.61,61.43994378184165
2025-10-22 12:02:58.683523,96.63,54.72,167.64,107.69,99.22223164891176
2025-10-22 12:02:59.683523,67.71,78.71,74.94,75.94,76.97519032556728
2025-10-22 12:03:00.683522,134.15,77.13,264.41,51.43,128.27092276054114
2025-10-22 12:03:01.683522,84.5,55.95,102.77,143.1,87.36664624964513
2025-10-22 12:03:02.683521,104.56,64.05,168.68,103.53,103.34424612367033
2025-10-22 12:03:03.683521,114.69,57.76,220.53,76.06,110.34907758771705
2025-10-22 12:03:04.683520,78.82,21.79,158.77,103.79,79.42137896265744
2025-10-22 12:03:05.683519,75.08,58.37,72.61,138.34,78.5589644640706
2025-10-22 12:03:06.683519,91.76,86.35,136.57,42.66,92.68673358177386
2025-10-22 12:03:07.683518,105.03,41.43,194.15,124.24,103.87326222862859
2025-10-22 12:03:08.683518,100.17,39.24,169.05,125.87,95.5647790629539
2025-10-22 12:03:09.683517,92.5,22.64,226.29,65.25,92.48538790256971
2025-10-22 12:03:10.683517,82.26,51.27,128.13,46.36,73.45592664664221
2025-10-22 12:03:11.683516,96.17,55.21,184.75,41.85,91.53569891035448
2025-10-22 12:03:12.683516,79.89,23.46,178.55,75.82,80.64270857081141
2025-10-22 12:03:13.683515,122.23,57.85,270.77,61.09,122.52164885653842
2025-10-22 12:03:14.683515,91.86,34.34,155.36,143.17,92.45057515824364
2025-10-22 12:03:15.683514,111.17,43.92,265.03,39.39,109.56707582435547
2025-10-22 12:03:16.683514,100.84,96.01,145.81,74.27,106.53945021179025
2025-10-22 12:03:17.683513,91.19,70.15,100.18,135.63,92.15997446375971
2025-10-22 12:03:18.683512,92.01,23.85,181.78,142.08,94.96324101166446
2025-10-22 12:03:19.683512,91.71,62.98,138.63,132.66,99.56457561005284
2025-10-22 12:03:20.683511,94.77,82.7,57.34,139.18,86.224004819408
2025-10-22 12:03:21.683511,116.13,43.41,258.08,122.16,123.65882725950294
2025-10-22 12:03:22.683510,101.23,55.58,217.12,48.64,102.79682607605719
2025-10-22 12:03:23.683510,94.14,90.02,64.61,124.61,89.1529763247334
2025-10-22 12:03:24.683509,115.19,56.66,197.41,122.06,111.9869341129256
2025-10-22 12:03:25.683509,79.79,83.79,107.61,10.11,76.24780300740667
2025-10-22 12:03:26.683508,62.17,22.91,113.2,114.2,68.3481960747316
2025-10-22 12:03:27.683508,106.12,89.63,195.91,37.03,111.03374749505558
2025-10-22 12:03:28.683507,90.1,62.8,129.14,113.73,92.86426581110914
2025-10-22 12:03:29.683507,70.44,21.36,152.58,84.19,73.45568296926103
2025-10-22 12:03:30.683506,105.13,45.82,261.84,21.45,105.99026357388568
2025-10-22 12:03:31.683506,72.32,48.31,56.77,146.29,70.37847729585779
2025-10-22 12:03:32.683505,90.69,59.74,120.91,98.96,85.93776890067711
2025-10-22 12:03:33.683505,101.03,98.29,184.27,11.07,106.68337862635582
2025-10-22 12:03:34.683504,90.52,94.71,81.46,49.83,81.6999320386421
2025-10-22 12:03:35.683503,66.2,34.0,119.21,70.93,67.07310083959868
2025-10-22 12:03:36.683503,107.16,83.52,219.25,21.27,111.8840555833823
2025-10-22 12:03:37.683502,148.4,89.61,266.11,132.95,151.1681251661518
2025-10-22 12:03:38.683502,110.12,43.88,293.51,11.37,112.54377881621953
2025-10-22 12:03:39.683501,64.39,28.22,80.55,141.91,66.67488686241202
2025-10-22 12:03:40.683501,78.7,22.55,116.57,136.94,73.69726640358593
2025-10-22 12:03:41.683500,53.1,20.69,75.0,114.08,55.74000234052319
2025-10-22 12:03:42.683500,72.3,54.85,104.2,44.17,67.60733161558105
2025-10-22 12:03:43.683499,65.0,32.96,70.35,141.56,65.89464028139474
2025-10-22 12:03:44.683499,96.38,64.14,182.3,75.91,101.99862820350795
2025-10-22 12:03:45.683498,76.76,81.88,77.64,56.66,75.5335926638379
2025-10-22 12:03:46.683498,47.44,48.53,59.32,24.4,47.052882296751285
2025-10-22 12:03:47.683497,62.38,35.35,56.98,137.98,62.35275376276575
2025-10-22 12:03:48.683497,123.97,73.56,226.42,106.04,125.9218009114269
2025-10-22 12:03:49.683496,89.06,75.65,119.56,64.97,86.6878068347698
2025-10-22 12:03:50.683495,151.22,89.14,239.88,122.25,140.92642393744657
2025-10-22 12:03:51.683495,96.74,85.11,137.01,97.15,103.02193328570488
2025-10-22 12:03:52.683494,79.24,66.66,125.66,37.77,78.65417039286343
2025-10-22 12:03:53.683494,65.63,47.06,74.68,96.61,65.27648970840991
2025-10-22 12:03:54.683493,62.96,76.86,50.16,31.76,59.836207303816295
2025-10-22 12:03:55.683493,121.87,81.15,218.72,105.3,127.23147958152512
2025-10-22 12:03:56.683492,153.47,97.86,244.81,146.6,151.57522994327738
2025-10-22 12:03:57.683492,106.09,77.15,237.37,19.62,113.83781101645334
2025-10-22 12:03:58.683491,99.23,91.29,109.78,90.02,96.49240082220246
2025-10-22 12:03:59.683491,60.43,38.37,102.18,100.17,69.9313106751799
2025-10-22 12:04:00.683490,63.72,51.82,130.73,18.04,68.8876875728598
2025-10-22 12:04:01.683489,66.39,78.49,61.0,55.77,68.6713106081558
2025-10-22 12:04:02.683489,133.54,69.91,204.1,125.6,121.28351885459585
2025-10-22 12:04:03.683488,137.04,87.84,237.24,102.23,135.51208637133448
2025-10-22 12:04:04.683488,61.62,40.53,101.98,36.96,58.39396613363254
2025-10-22 12:04:05.683487,113.92,80.84,175.47,74.86,108.03434359664986
2025-10-22 12:04:06.683487,108.35,79.17,212.74,14.7,106.46172953942973
2025-10-22 12:04:07.683486,69.97,66.8,62.08,75.66,67.13717124654283
2025-10-22 12:04:08.683486,104.21,71.92,225.96,15.29,106.95028353017449
2025-10-22 12:04:09.683485,112.01,82.57,179.5,72.77,109.69014349580247
2025-10-22 12:04:10.683485,76.15,95.6,67.42,11.91,70.39320272280946
2025-10-22 12:04:11.683484,107.92,47.62,211.24,125.53,112.34133410372121
2025-10-22 12:04:12.683484,99.87,34.43,263.76,17.08,100.04080701047813
2025-10-22 12:04:13.683483,137.92,89.68,250.88,124.26,144.8999627367289
2025-10-22 12:04:14.683483,109.37,97.42,178.44,33.67,108.98611337284625
2025-10-22 12:04:15.683482,117.31,81.02,224.76,30.32,114.09495719154529
2025-10-22 12:04:16.683481,149.7,77.58,294.59,75.19,142.28297148772023
2025-10-22 12:04:17.683481,95.94,71.7,158.73,90.02,101.47198287472565
2025-10-22 12:04:18.683480,120.7,44.99,227.76,118.19,114.54257551484545
2025-10-22 12:04:19.683480,133.96,66.76,224.97,143.68,129.58100291120573
2025-10-22 12:04:20.683479,105.67,41.03,209.29,80.24,99.48879271783669
2025-10-22 12:04:21.683479,104.8,78.42,124.42,134.9,103.40938314519775
2025-10-22 12:04:22.683478,80.8,21.87,151.5,137.39,83.94734890278158
2025-10-22 12:04:23.683478,71.68,29.5,109.37,122.57,72.13301165559395
2025-10-22 12:04:24.683477,87.3,85.8,62.49,149.51,91.36308412539405
2025-10-22 12:04:25.683477,87.61,22.97,179.19,112.56,87.88636887071573
2025-10-22 12:04:26.683476,105.83,83.25,201.47,20.94,106.34042511646766
2025-10-22 12:04:27.683476,96.48,21.14,257.25,37.97,95.62903993847286
2025-10-22 12:04:28.683475,113.74,66.65,215.8,69.81,112.10328329041646
2025-10-22 12:04:29.683475,117.29,30.59,230.34,129.44,110.3973972401049
2025-10-22 12:04:30.683474,113.3,50.78,260.55,40.93,111.9345703124891
2025-10-22 12:04:31.683474,106.64,28.92,235.92,114.47,108.27252085662796
2025-10-22 12:04:32.683473,84.62,69.58,143.44,12.0,80.33222479453023
2025-10-22 12:04:33.683472,116.06,73.57,225.82,71.18,118.82496079512681
2025-10-22 12:04:34.683472,72.05,30.33,95.6,139.23,71.71451292353632
2025-10-22 12:04:35.683471,134.6,90.87,284.25,48.56,140.49061433578777
2025-10-22 12:04:36.683471,137.96,85.51,264.57,90.87,140.31326165295732
2025-10-22 12:04:37.683470,89.26,25.81,186.21,79.69,84.88093741174522
2025-10-22 12:04:38.683470,43.16,21.53,97.75,13.55,43.034801867063095
2025-10-22 12:04:39.683469,102.36,28.6,264.44,33.77,100.66249165794679
2025-10-22 12:04:40.683469,77.64,54.56,129.75,22.67,70.87373506672131
2025-10-22 12:04:41.683468,64.3,43.7,100.9,36.88,59.628420382278065
2025-10-22 12:04:42.683468,121.14,40.24,253.2,127.66,121.70917652397961
2025-10-22 12:04:43.683467,144.18,97.17,235.12,118.73,142.78638405385786
2025-10-22 12:04:44.683467,90.14,73.53,179.52,39.12,98.52360692226931
2025-10-22 12:04:45.683466,91.51,23.15,234.79,59.05,94.06252067470632
2025-10-22 12:04:46.683466,96.56,63.95,150.23,105.44,98.12845406152206
2025-10-22 12:04:47.683465,99.86,22.89,272.43,66.65,106.75542609934062
2025-10-22 12:04:48.683464,152.57,90.87,278.26,104.57,149.8110732603793
2025-10-22 12:04:49.683464,111.16,89.06,192.86,38.32,110.08997648656275
2025-10-22 12:04:50.683463,122.5,40.19,254.43,109.92,118.53173780938612
2025-10-22 12:04:51.683463,76.25,23.63,138.79,112.79,76.11729836905191
2025-10-22 12:04:52.683462,100.99,72.87,185.71,25.95,97.44125933140324
2025-10-22 12:04:53.683462,79.3,66.07,92.86,88.92,78.65851889482511
2025-10-22 12:04:54.683461,125.51,74.73,274.33,40.24,127.83831575411865
2025-10-22 12:04:55.683461,113.56,87.43,240.94,10.07,118.12204230558004
2025-10-22 12:04:56.683460,115.36,68.07,217.39,91.87,117.66669478764227
2025-10-22 12:04:57.683460,129.95,93.62,169.53,143.81,126.28853184173795
2025-10-22 12:04:58.683459,122.91,69.83,271.99,73.94,131.39170227878114
2025-10-22 12:04:59.683459,106.22,24.55,238.77,101.8,104.44234600414161
2025-10-22 12:05:00.683458,118.88,85.1,214.33,62.74,119.4241769192414
2025-10-22 12:05:01.683458,123.47,77.98,225.54,89.75,124.61889741869533
2025-10-22 12:05:02.683457,108.68,90.68,181.69,26.82,105.25424540136395
2025-10-22 12:05:03.683457,66.13,51.77,70.13,103.37,67.59119940359994
2025-10-22 12:05:04.683456,70.39,27.45,102.77,104.02,65.44770316865609
2025-10-22 12:05:05.683455,62.43,53.96,64.81,90.13,64.45146092263141
2025-10-22 12:05:06.683455,91.37,26.58,182.78,84.48,85.18362937323886
2025-10-22 12:05:07.683454,134.13,83.51,211.61,130.59,131.28835115711516
2025-10-22 12:05:08.683454,137.16,97.57,252.76,77.98,140.19606713260828
2025-10-22 12:05:09.683453,55.69,26.66,60.37,94.34,50.38947570289549
2025-10-22 12:05:10.683453,107.33,71.77,182.71,69.45,104.63001633230186
2025-10-22 12:05:11.683452,92.98,71.7,127.62,35.9,81.37599069967916
2025-10-22 12:05:12.683452,104.81,85.61,91.48,143.63,98.81445794999162
2025-10-22 12:05:13.683451,79.08,95.51,70.84,42.82,77.51360251527574
2025-10-22 12:05:14.683451,61.01,23.8,94.54,136.98,67.70489561064277
2025-10-22 12:05:15.683450,79.14,30.96,133.75,139.74,83.59515740419855
2025-10-22 12:05:16.683450,79.0,63.45,148.6,17.79,79.98717112483783
2025-10-22 12:05:17.683449,95.62,80.2,86.9,149.54,95.92348717542981
2025-10-22 12:05:18.683449,119.72,75.65,243.06,10.79,113.04955734908113
2025-10-22 12:05:19.683448,75.18,32.03,179.68,44.9,79.10097181854621
2025-10-22 12:05:20.683448,135.01,57.82,298.57,88.39,136.2827553169023
2025-10-22 12:05:21.683447,104.78,61.15,229.33,37.15,106.95265367239944
2025-10-22 12:05:22.683446,53.14,35.44,108.15,100.83,70.4009951216924
2025-10-22 12:05:23.683446,101.4,96.88,78.34,112.73,94.32912878816933
2025-10-22 12:05:24.683445,97.46,90.96,54.91,126.58,87.09570223314026
2025-10-22 12:05:25.683445,137.23,69.73,258.66,117.06,135.89704795637633
2025-10-22 12:05:26.683444,149.68,76.23,272.55,141.56,148.16570108514938
2025-10-22 12:05:27.683444,120.32,62.33,223.1,118.95,121.90785332816213
2025-10-22 12:05:28.683443,136.1,88.23,277.72,15.27,130.6065816981413
2025-10-22 12:05:29.683443,121.08,74.64,225.11,70.88,119.08360326224405
2025-10-22 12:05:30.683442,96.57,66.7,173.13,35.75,92.54057734909011
2025-10-22 12:05:31.683442,84.11,74.43,117.98,88.64,90.30648303212769
2025-10-22 12:05:32.683441,72.41,75.69,58.42,83.47,72.00459736779915
2025-10-22 12:05:33.683441,140.67,94.54,252.43,61.09,135.2379756768021
2025-10-22 12:05:34.683440,121.85,55.0,198.08,147.25,116.36506406158745
2025-10-22 12:05:35.683440,67.75,38.16,144.21,90.66,80.57131810917181
2025-10-22 12:05:36.683439,128.25,59.17,256.25,97.72,126.08622975175896
2025-10-22 12:05:37.683439,103.18,88.04,148.85,82.51,105.12949431582095
2025-10-22 12:05:38.683438,105.7,69.3,213.06,62.07,111.0595595737723
2025-10-22 12:05:39.683437,80.49,44.71,91.42,149.68,79.67740477115393
2025-10-22 12:05:40.683437,62.05,51.64,51.28,96.19,60.43545383879191
2025-10-22 12:05:41.683436,79.71,27.74,176.93,91.29,85.35379986016
2025-10-22 12:05:42.683436,132.65,97.05,213.17,96.52,131.71965454204644
2025-10-22 12:05:43.683434,77.31,65.79,119.69,40.94,77.0569895236235
2025-10-22 12:05:44.683434,120.18,66.21,267.67,35.72,120.70616301419456
2025-10-22 12:05:45.683433,88.56,27.01,175.19,84.76,83.1716053719797
2025-10-22 12:05:46.683433,71.84,52.02,89.85,123.19,77.57773082932756
2025-10-22 12:05:47.683432,129.91,75.77,260.85,64.39,129.09845696982006
2025-10-22 12:05:48.683432,92.27,39.26,169.55,116.63,93.89038879142471
2025-10-22 12:05:49.683431,132.27,70.77,265.96,111.14,137.43242095444145
2025-10-22 12:05:50.683431,86.75,54.66,109.11,97.31,79.53966244179657
2025-10-22 12:05:51.683430,132.7,40.36,266.72,130.42,126.38037303475532
2025-10-22 12:05:52.683430,108.64,85.38,110.13,137.58,103.10440971878488
2025-10-22 12:05:53.683429,91.05,63.26,164.63,14.78,84.11312120913004
2025-10-22 12:05:54.683428,106.02,74.28,198.78,23.77,101.6372715711988
2025-10-22 12:05:55.683428,106.57,58.46,259.74,25.4,112.42326256744894
2025-10-22 12:05:56.683427,126.79,98.4,173.86,118.7,124.97919056238314
2025-10-22 12:05:57.683427,111.49,36.47,230.72,127.26,113.00011653488677
2025-10-22 12:05:58.683426,113.06,76.4,180.12,94.68,111.16130697864381
2025-10-22 12:05:59.683426,120.98,64.82,249.72,87.71,124.94315498597621
2025-10-22 12:06:00.683425,70.25,71.78,91.14,49.54,73.1595200970335
2025-10-22 12:06:01.683425,56.45,39.5,62.44,69.19,52.397356474820945
2025-10-22 12:06:02.683424,126.46,98.74,205.28,76.34,126.1811210068634
2025-10-22 12:06:03.683424,70.11,43.64,139.43,48.26,73.43871123268123
2025-10-22 12:06:04.683423,68.9,49.58,85.19,112.14,72.77087600427978
2025-10-22 12:06:05.683423,122.52,27.93,259.25,130.2,117.9159376012582
2025-10-22 12:06:06.683422,73.27,32.97,132.62,116.64,79.66762995348748
2025-10-22 12:06:07.683422,110.1,61.25,169.25,119.02,105.1999962017776
2025-10-22 12:06:08.683421,149.37,80.83,292.84,109.18,150.12041359820762
2025-10-22 12:06:09.683421,59.31,70.44,65.97,34.54,61.95040557543681
2025-10-22 12:06:10.683420,125.31,77.8,257.58,69.72,130.18245872697133
2025-10-22 12:06:11.683420,119.19,71.77,200.73,108.61,117.82135563298684
2025-10-22 12:06:12.683419,127.73,55.02,266.27,86.52,124.81224492251361
2025-10-22 12:06:13.683418,74.89,92.58,92.95,35.85,81.31939241791277
2025-10-22 12:06:14.683418,70.57,78.6,81.04,40.06,71.62996454585519
2025-10-22 12:06:15.683417,140.96,64.47,296.91,117.73,144.91320178894136
2025-10-22 12:06:16.683417,60.4,47.36,101.27,29.79,60.150293526522915
2025-10-22 12:06:17.683416,103.13,96.43,162.65,43.73,105.74582255534635
2025-10-22 12:06:18.683416,89.28,33.85,124.24,126.68,79.57958895924673
2025-10-22 12:06:19.683415,108.44,42.0,268.7,30.32,107.9153702493663
2025-10-22 12:06:20.683415,82.12,93.33,74.75,69.31,82.86531375830627
2025-10-22 12:06:21.683414,104.47,45.82,260.42,39.31,109.10958048129123
2025-10-22 12:06:22.683414,103.92,72.74,185.93,86.33,109.43127713528645
2025-10-22 12:06:23.683413,117.58,72.82,184.14,137.45,119.08292410443761
2025-10-22 12:06:24.683413,105.35,61.83,207.32,61.33,105.47611256570879
2025-10-22 12:06:25.683412,83.62,26.33,164.54,92.56,81.18148774764062
2025-10-22 12:06:26.683412,148.99,77.65,232.87,148.53,138.32885382687294
2025-10-22 12:06:27.683411,103.44,34.22,214.22,91.86,99.89431703964335
2025-10-22 12:06:28.683411,92.52,60.52,196.14,48.35,98.88781608729803
2025-10-22 12:06:29.683410,66.15,52.32,116.34,33.04,67.78929431349161
2025-10-22 12:06:30.683409,94.44,95.21,107.85,47.85,89.4870068238982
2025-10-22 12:06:31.683409,98.91,91.2,175.61,12.84,100.90945139618414
2025-10-22 12:06:32.683408,102.26,63.29,174.61,91.22,102.30482351574909
2025-10-22 12:06:33.683408,109.03,58.28,200.27,122.95,113.8281078442491
2025-10-22 12:06:34.683407,80.96,93.55,96.32,34.61,82.5680013621427
2025-10-22 12:06:35.683407,123.25,74.21,281.57,17.23,125.18737514304783
2025-10-22 12:06:36.683406,62.19,71.64,52.25,20.05,55.545911521393855
2025-10-22 12:06:37.683406,67.83,82.75,59.71,55.72,70.3901457972283
2025-10-22 12:06:38.683405,117.45,64.79,256.13,11.97,111.81662432059213
2025-10-22 12:06:39.683405,114.38,83.84,183.43,87.72,114.47064797262614
2025-10-22 12:06:40.683404,65.02,41.93,107.29,53.64,63.99732411302413
2025-10-22 12:06:41.683404,123.39,48.63,298.82,81.68,130.45977527250687
2025-10-22 12:06:42.683403,89.57,22.53,175.01,106.84,85.27571277150359
2025-10-22 12:06:43.683403,86.54,27.08,177.48,96.56,86.23756327144027
2025-10-22 12:06:44.683402,101.77,97.25,173.87,40.18,108.82065535138695
2025-10-22 12:06:45.683402,140.58,83.94,255.83,84.37,135.6157651099824
2025-10-22 12:06:46.683401,133.69,63.55,290.91,109.45,141.00875894828073
2025-10-22 12:06:47.683401,54.71,45.58,54.31,92.77,57.65633373501753
2025-10-22 12:06:48.683400,113.58,36.34,292.1,49.55,115.95456807951622
2025-10-22 12:06:49.683399,79.88,90.49,52.3,87.95,78.4077227211624
2025-10-22 12:06:50.683399,118.61,40.26,279.78,65.69,117.40383315689579
2025-10-22 12:06:51.683398,145.67,95.38,221.27,128.89,139.75157351138262
2025-10-22 12:06:52.683398,79.7,47.66,139.77,69.81,79.81691320812676
2025-10-22 12:06:53.683397,93.36,78.66,198.25,19.99,102.90355849687607
2025-10-22 12:06:54.683397,118.48,28.18,285.51,97.91,119.52166550346732
2025-10-22 12:06:55.683396,62.99,35.75,130.56,14.9,60.229123438990456
2025-10-22 12:06:56.683396,118.44,79.38,256.35,23.4,121.40089561855564
2025-10-22 12:06:57.683395,138.72,75.59,219.35,145.85,132.70969574356948
2025-10-22 12:06:58.683395,108.34,55.72,198.86,119.82,111.51097560137747
2025-10-22 12:06:59.683394,58.52,67.77,57.64,41.3,59.462408695129795
2025-10-22 12:07:00.683394,56.15,31.7,84.36,108.38,62.89158259068388
2025-10-22 12:07:01.683393,58.39,39.5,118.66,27.91,61.098700003985535
2025-10-22 12:07:02.683393,57.63,73.1,74.75,15.41,62.11261611572814
2025-10-22 12:07:03.683392,103.59,25.76,184.29,136.34,95.52690845643963
2025-10-22 12:07:04.683391,70.07,75.4,68.0,46.19,67.33792231446375
2025-10-22 12:07:05.683391,81.79,24.9,210.01,76.59,90.96665697290221
2025-10-22 12:07:06.683390,130.68,52.18,242.5,133.97,125.67815534186471
2025-10-22 12:07:07.683390,89.03,72.44,90.2,101.93,83.60696269934725
2025-10-22 12:07:08.683389,75.72,59.27,110.47,84.95,79.7847153278776
2025-10-22 12:07:09.683389,113.08,87.08,208.53,53.93,116.91541453218167
2025-10-22 12:07:10.683388,112.88,67.54,270.32,42.41,123.49173220871288
2025-10-22 12:07:11.683388,131.07,89.19,230.13,96.16,132.84061684639698
2025-10-22 12:07:12.683387,82.81,78.86,148.24,33.78,90.70990650643938
2025-10-22 12:07:13.683387,50.24,39.2,68.04,54.14,50.9432611201962
2025-10-22 12:07:14.683386,85.48,80.46,102.94,75.73,86.21863649936023
2025-10-22 12:07:15.683386,111.6,97.96,222.84,36.12,123.0857344257073
2025-10-22 12:07:16.683385,132.72,91.3,261.78,11.69,126.63009754078502
2025-10-22 12:07:17.683385,104.09,44.73,276.18,14.82,108.44236859045209
2025-10-22 12:07:18.683384,43.15,23.73,103.63,32.89,49.735085887377956
2025-10-22 12:07:19.683384,113.51,52.33,228.49,103.67,115.52574556495011
2025-10-22 12:07:20.683383,71.57,49.09,124.71,56.34,73.32646002725988
2025-10-22 12:07:21.683382,136.25,69.06,262.87,100.47,133.5355794655658
2025-10-22 12:07:22.683382,119.26,79.72,262.42,20.55,122.82835006334136
2025-10-22 12:07:23.683381,98.34,83.86,106.2,127.83,99.23216118249522
2025-10-22 12:07:24.683381,117.97,75.52,180.14,126.95,117.13733605297861
2025-10-22 12:07:25.683380,77.7,22.55,169.8,34.2,69.29701741614606
2025-10-22 12:07:26.683380,157.01,70.53,298.83,98.79,144.74050601141738
2025-10-22 12:07:27.683379,99.77,50.01,197.0,95.61,103.30813853236361
2025-10-22 12:07:28.683379,109.34,63.23,198.16,130.67,117.18603226829121
2025-10-22 12:07:29.683378,65.67,80.69,58.03,71.74,72.04251903872569
2025-10-22 12:07:30.683378,81.94,25.91,192.04,84.9,87.71733612580168
2025-10-22 12:07:31.683377,114.74,76.79,180.54,105.55,113.63954961585075
2025-10-22 12:07:32.683377,63.35,73.23,52.88,30.59,58.61794334318732
2025-10-22 12:07:33.683376,120.47,90.66,182.52,112.98,122.60088926652358
2025-10-22 12:07:34.683376,73.13,33.57,165.89,58.55,78.43157234975624
2025-10-22 12:07:35.683375,74.53,42.27,65.3,136.04,67.90627613842622
2025-10-22 12:07:36.683374,139.36,87.43,250.56,27.48,124.47019915909665
2025-10-22 12:07:37.683374,89.05,65.53,137.4,66.7,87.36540254612014
2025-10-22 12:07:38.683373,131.57,87.65,256.02,52.88,131.26374537737684
2025-10-22 12:07:39.683373,108.63,75.58,196.11,67.72,110.2069476064587
2025-10-22 12:07:40.683372,123.75,97.4,217.28,42.46,122.39520515791042
2025-10-22 12:07:41.683372,68.64,21.98,172.18,65.74,75.99144388938659
2025-10-22 12:07:42.683371,70.09,48.79,108.56,113.17,79.60698763921192
2025-10-22 12:07:43.683371,140.77,72.54,284.64,81.86,138.1127155810247
2025-10-22 12:07:44.683370,87.21,43.5,152.03,83.49,84.15115321188146
2025-10-22 12:07:45.683370,79.89,42.92,106.13,145.42,82.36350261786869
2025-10-22 12:07:46.683369,84.69,33.61,146.65,123.39,85.54267936688275
2025-10-22 12:07:47.683369,136.76,86.45,261.08,87.72,139.1058893325106
2025-10-22 12:07:48.683368,99.19,66.61,204.48,29.81,100.73904363595285
2025-10-22 12:07:49.683368,119.32,89.28,258.85,34.37,129.24898993852008
2025-10-22 12:07:50.683367,87.87,22.08,219.66,81.34,93.4091267652875
2025-10-22 12:07:51.683367,98.13,80.04,148.92,73.64,99.41476908973583
2025-10-22 12:07:52.683366,83.75,66.28,97.18,90.22,80.31938968219389
2025-10-22 12:07:53.683365,131.61,70.83,291.28,42.38,131.42008626752806
2025-10-22 12:07:54.683365,58.55,69.69,80.29,29.3,64.84140604088819
2025-10-22 12:07:55.683364,120.92,70.52,189.04,134.76,118.87886591351136
2025-10-22 12:07:56.683364,113.1,43.65,281.32,24.35,111.34286232926895
2025-10-22 12:07:57.683363,90.82,23.21,241.59,24.42,89.26033611398863
2025-10-22 12:07:58.683362,115.7,55.33,228.34,94.4,115.13058082452913
2025-10-22 12:07:59.683362,135.51,77.66,288.52,31.87,131.89710584713202
2025-10-22 12:08:00.683361,62.39,68.86,89.27,41.97,69.64370765085927
2025-10-22 12:08:01.683360,72.34,64.6,92.49,88.96,77.82491691252544
2025-10-22 12:08:02.683360,76.57,91.99,59.9,40.77,72.06960896366729
2025-10-22 12:08:03.683359,126.01,63.75,284.39,54.87,128.3115812373892
2025-10-22 12:08:04.683359,113.29,36.93,227.84,112.66,109.46420506580333
2025-10-22 12:08:05.683358,145.52,86.12,279.94,105.63,148.16654716952945
2025-10-22 12:08:06.683357,115.43,67.18,176.66,135.58,113.66133431916492
2025-10-22 12:08:07.683357,72.05,69.77,99.2,37.43,72.17896687324338
2025-10-22 12:08:08.683356,86.97,78.37,89.44,125.2,90.94499587733577
2025-10-22 12:08:09.683355,77.66,25.81,122.79,90.89,68.0431579454525
2025-10-22 12:08:10.683355,117.39,53.31,240.45,74.7,113.85533060629393
2025-10-22 12:08:11.683354,87.79,27.34,217.9,28.43,84.98814419641494
2025-10-22 12:08:12.683354,100.29,35.29,206.62,85.98,96.97418574547699
2025-10-22 12:08:13.683353,70.32,64.29,58.47,136.11,76.80749117584693
2025-10-22 12:08:14.683352,103.44,97.14,169.57,14.31,102.33709157174735
2025-10-22 12:08:15.683352,104.29,61.88,177.56,143.83,112.93669429433399
2025-10-22 12:08:16.683351,124.94,37.78,287.13,45.26,114.32443244341182
2025-10-22 12:08:17.683351,87.97,84.46,83.46,98.28,86.82834376811881
2025-10-22 12:08:18.683350,112.04,30.48,296.37,29.01,110.24832311505978
2025-10-22 12:08:19.683349,125.62,79.29,194.62,124.82,122.93957932019066
2025-10-22 12:08:20.683349,117.03,98.36,128.01,132.59,113.93648658816163
2025-10-22 12:08:21.683348,125.76,89.73,206.38,109.25,128.5696190584278
2025-10-22 12:08:22.683347,75.8,34.69,94.83,119.65,69.76163012221737
2025-10-22 12:08:23.683347,122.6,83.34,231.32,23.5,115.86515931734928
2025-10-22 12:08:24.683346,94.99,83.08,146.22,21.59,89.77905578671971
2025-10-22 12:08:25.683346,77.76,22.28,153.82,108.79,79.16980287208648
2025-10-22 12:08:26.683345,79.9,31.54,141.48,119.25,82.13834921016236
2025-10-22 12:08:27.683344,100.88,41.25,201.64,89.7,99.17709531507803
2025-10-22 12:08:28.683344,127.67,86.58,190.32,115.88,123.49400083509553
2025-10-22 12:08:29.683343,128.8,57.32,247.99,132.1,129.5106369047433
2025-10-22 12:08:30.683342,79.68,55.21,71.64,138.75,76.77885118985539
2025-10-22 12:08:31.683342,130.72,98.95,225.91,70.08,131.24309107022066
2025-10-22 12:08:32.683341,149.11,80.25,279.41,122.33,148.40666603689513
2025-10-22 12:08:33.683341,81.19,94.6,88.49,74.71,88.69815880430602
2025-10-22 12:08:34.683340,53.4,34.21,63.12,78.6,51.84188005662998
2025-10-22 12:08:35.683339,100.73,58.5,214.35,17.87,97.30560988551042
2025-10-22 12:08:36.683339,146.01,65.74,274.92,108.09,137.02082066279644
2025-10-22 12:08:37.683338,106.29,31.67,208.05,127.67,103.88304353220158
2025-10-22 12:08:38.683337,144.04,76.8,245.43,149.5,141.8741839882155
2025-10-22 12:08:39.683337,119.04,89.7,147.11,125.29,113.9252454051474
2025-10-22 12:08:40.683336,68.77,58.33,54.01,130.0,71.29275487073552
2025-10-22 12:08:41.683335,136.36,95.84,232.05,89.38,135.37542403917152
2025-10-22 12:08:42.683335,84.64,66.11,103.1,105.99,85.14538916473374
2025-10-22 12:08:43.683334,65.95,38.7,75.76,132.51,68.5755806533039
2025-10-22 12:08:44.683333,117.27,94.6,135.0,126.87,113.03362328815423
2025-10-22 12:08:45.683333,103.46,97.8,161.8,31.14,103.67124861100203
2025-10-22 12:08:46.683332,83.4,50.06,169.82,17.62,79.67878884132588
2025-10-22 12:08:47.683331,102.79,41.66,207.59,128.05,108.78354301660725
2025-10-22 12:08:48.683331,130.06,81.52,295.75,20.69,133.76811766609512
2025-10-22 12:08:49.683330,68.51,60.79,63.91,110.16,71.55125673139432
2025-10-22 12:08:50.683329,113.4,50.33,281.38,12.73,112.37254720688988
2025-10-22 12:08:51.683329,148.83,91.1,258.12,88.19,140.61979758449624
2025-10-22 12:08:52.683328,89.29,65.72,124.96,126.03,95.5008314491037
2025-10-22 12:08:53.683328,76.13,80.59,60.18,102.32,78.71071706510625
2025-10-22 12:08:54.683327,72.12,82.36,97.04,18.61,74.04809487707699
2025-10-22 12:08:55.683326,38.17,28.3,68.84,15.93,38.18167181611059
2025-10-22 12:08:56.683326,133.15,75.44,218.37,144.46,132.0646370663582
2025-10-22 12:08:57.683325,72.3,61.2,114.72,91.97,83.41479955269828
2025-10-22 12:08:58.683325,83.4,61.15,159.76,35.98,85.81035697832988
2025-10-22 12:08:59.683324,93.79,28.96,207.14,44.16,85.6821743311787
2025-10-22 12:09:00.683323,98.86,79.83,170.11,32.02,97.41563803484735
2025-10-22 12:09:01.683323,94.64,67.88,173.54,30.48,92.20370236944615
2025-10-22 12:09:02.683322,113.91,31.03,240.35,82.96,104.39598232608988
2025-10-22 12:09:03.683321,119.27,48.86,297.78,33.82,120.75883350082101
2025-10-22 12:09:04.683321,73.43,21.94,146.25,117.17,78.3894922388961
2025-10-22 12:09:05.683320,82.84,48.4,193.05,22.51,86.80698708015784
2025-10-22 12:09:06.683320,65.61,69.55,69.29,110.67,77.62174299294067
2025-10-22 12:09:07.683319,103.89,51.94,220.49,46.81,101.6379147889614
2025-10-22 12:09:08.683318,37.6,37.97,54.94,16.58,38.93726226122433
2025-10-22 12:09:09.683318,108.84,51.77,166.88,126.25,101.21326232631593
2025-10-22 12:09:10.683317,111.77,91.97,190.09,30.66,109.1822951850795
2025-10-22 12:09:11.683317,115.77,53.86,284.5,41.44,120.76448369686595
2025-10-22 12:09:12.683316,124.04,73.1,200.84,115.06,119.79584907826089
2025-10-22 12:09:13.683316,98.11,68.24,202.11,51.12,105.06765652749469
2025-10-22 12:09:14.683315,70.52,89.19,89.56,15.78,74.63133720286993
2025-10-22 12:09:15.683315,96.72,33.11,201.42,144.78,106.00295922854046
2025-10-22 12:09:16.683314,55.16,35.99,65.98,56.91,49.279274834952275
2025-10-22 12:09:17.683313,65.99,21.67,99.56,91.92,59.20877865470767
2025-10-22 12:09:18.683313,72.53,38.74,135.34,44.24,68.97679024592104
2025-10-22 12:09:19.683312,78.96,71.8,97.02,84.54,81.88602145048709
2025-10-22 12:09:20.683312,79.24,75.3,105.88,49.28,79.28699170442056
2025-10-22 12:09:21.683311,68.17,87.93,86.95,15.73,73.21094400119185
2025-10-22 12:09:22.683311,111.59,22.03,277.32,82.47,110.9389647457458
2025-10-22 12:09:23.683310,109.42,33.73,230.18,101.65,106.39162661422564
2025-10-22 12:09:24.683310,77.91,98.5,54.74,72.85,80.12256639019081
2025-10-22 12:09:25.683309,130.89,25.47,283.36,96.45,117.23917377547694
2025-10-22 12:09:26.683309,112.93,27.87,288.97,67.76,114.4212891709673
2025-10-22 12:09:27.683308,102.25,28.49,270.13,80.99,111.69358662463358
2025-10-22 12:09:28.683307,55.38,48.38,53.46,101.28,60.48163987587537
2025-10-22 12:09:29.683307,152.65,86.76,296.64,110.82,154.53435420800275
2025-10-22 12:09:30.683306,101.37,34.96,226.37,75.66,100.69726043772177
2025-10-22 12:09:31.683306,122.39,79.04,256.53,21.28,120.8651479463004
2025-10-22 12:09:32.683305,133.06,97.97,226.17,49.93,126.833552167101
2025-10-22 12:09:33.683305,77.89,70.98,73.88,96.57,76.91221638729273
2025-10-22 12:09:34.683304,107.42,48.45,223.86,70.86,105.69201583099654
2025-10-22 12:09:35.683304,124.38,87.01,227.61,43.04,120.45311507652967
2025-10-22 12:09:36.683303,83.98,30.12,164.32,118.97,88.24206116155722
2025-10-22 12:09:37.683303,113.47,83.96,199.26,46.63,111.12969765885433
2025-10-22 12:09:38.683302,74.87,31.34,114.62,133.77,76.84888316332064
2025-10-22 12:09:39.683302,90.05,25.37,225.19,13.31,83.1983953593374
2025-10-22 12:09:40.683301,124.24,84.79,193.64,112.77,122.98504795153927
2025-10-22 12:09:41.683301,135.74,90.4,289.28,49.31,141.91783746874572
2025-10-22 12:09:42.683300,123.33,64.72,258.95,52.26,120.62902851886534
2025-10-22 12:09:43.683299,112.77,71.16,231.52,22.81,109.73691091270237
2025-10-22 12:09:44.683299,104.04,51.92,248.03,76.37,115.77456803964373
2025-10-22 12:09:45.683298,113.92,65.1,210.86,128.86,121.57284154664231
2025-10-22 12:09:46.683298,109.12,95.24,80.59,128.01,97.22444491587588
2025-10-22 12:09:47.683297,87.94,75.54,86.14,147.56,92.98671433609445
2025-10-22 12:09:48.683297,70.04,26.19,135.56,50.9,64.13007335322739
2025-10-22 12:09:49.683296,162.92,96.74,297.63,114.93,160.60629165541275
2025-10-22 12:09:50.683296,73.45,61.74,102.4,85.61,78.71739988486087
2025-10-22 12:09:51.683295,111.16,27.79,242.84,147.62,116.37293481187905
2025-10-22 12:09:52.683295,76.4,40.28,143.88,72.68,77.95546888811197
2025-10-22 12:09:53.683294,84.08,36.07,201.02,22.38,83.0507577618721
2025-10-22 12:09:54.683294,122.06,82.04,161.94,149.09,119.30236065669563
2025-10-22 12:09:55.683293,90.57,64.32,131.49,90.45,89.70350418783127
2025-10-22 12:09:56.683292,127.55,94.04,206.46,99.69,128.83684777420717
2025-10-22 12:09:57.683292,69.57,29.7,130.94,79.2,70.10432945509037
2025-10-22 12:09:58.683291,98.09,87.61,82.27,130.8,94.49254767771413
2025-10-22 12:09:59.683291,95.19,65.83,152.94,79.38,94.70278163668402
2025-10-22 12:10:00.683290,115.81,30.63,247.67,147.61,119.23364691191577
2025-10-22 12:10:01.683290,134.26,83.67,207.15,127.14,129.34234445012362
2025-10-22 12:10:02.683289,101.07,27.96,244.94,65.25,100.73396387410867
2025-10-22 12:10:03.683289,96.68,34.76,185.98,107.6,94.79996165143669
2025-10-22 12:10:04.683288,123.63,83.78,211.61,110.34,127.4018460211741
2025-10-22 12:10:05.683288,139.87,60.68,250.42,145.25,134.521279437923
2025-10-22 12:10:06.683287,118.17,49.02,237.94,128.7,121.69126283362799
2025-10-22 12:10:07.683287,97.01,97.3,135.65,55.33,100.36611601299686
2025-10-22 12:10:08.683286,80.1,31.59,126.06,118.94,77.46699732956401
2025-10-22 12:10:09.683285,70.01,22.58,187.04,23.59,72.3869635955563
2025-10-22 12:10:10.683285,122.84,48.26,280.37,64.97,121.41282854359442
2025-10-22 12:10:11.683284,70.74,46.97,67.55,131.85,70.08570031611227
2025-10-22 12:10:12.683284,100.2,64.41,207.86,56.83,106.02675306261426
2025-10-22 12:10:13.683283,92.41,20.6,188.85,133.93,93.85532681327416
2025-10-22 12:10:14.683283,95.33,44.27,184.65,113.58,100.3123793219258
2025-10-22 12:10:15.683282,82.46,77.5,57.9,140.2,84.01133653290489
2025-10-22 12:10:16.683282,107.96,57.16,215.21,30.33,99.37228269252154
2025-10-22 12:10:17.683281,99.33,94.45,97.64,97.86,95.97020823270941
2025-10-22 12:10:18.683281,143.02,96.25,245.76,76.23,137.08886783637817
2025-10-22 12:10:19.683280,98.37,82.48,139.9,58.54,94.91785972488766
2025-10-22 12:10:20.683279,120.66,36.69,254.17,145.57,123.79302239215491
2025-10-22 12:10:21.683279,107.65,35.61,240.28,128.54,115.70034765150896
2025-10-22 12:10:22.683278,109.4,28.25,281.11,66.57,112.01140315276746
2025-10-22 12:10:23.683278,134.74,87.78,221.9,99.17,130.26411428184807
2025-10-22 12:10:24.683277,120.48,46.47,297.39,41.4,120.95921001490977
2025-10-22 12:10:25.683276,80.11,61.87,121.18,37.42,74.8583623705789
2025-10-22 12:10:26.683276,107.07,82.64,165.55,107.25,112.37812563935029
2025-10-22 12:10:27.683275,89.44,86.33,99.03,70.23,86.86779524155568
2025-10-22 12:10:28.683274,91.47,50.31,185.4,108.41,102.51213227739014
2025-10-22 12:10:29.683274,143.23,83.3,269.07,91.94,140.78024381829098
2025-10-22 12:10:30.683273,89.34,81.85,51.19,124.25,80.98889469691376
2025-10-22 12:10:31.683273,69.36,35.15,103.36,134.35,75.4726447811171
2025-10-22 12:10:32.683272,127.5,60.45,249.36,123.76,129.82156369556824
2025-10-22 12:10:33.683271,80.85,49.06,171.36,59.81,88.02167196455025
2025-10-22 12:10:34.683271,122.49,56.35,268.51,61.27,121.13287981575363
2025-10-22 12:10:35.683270,164.24,95.03,290.34,97.23,154.0512858002053
2025-10-22 12:10:36.683269,96.44,43.7,264.57,10.55,103.59331811785451
2025-10-22 12:10:37.683269,130.01,82.08,196.22,149.6,129.72670777601465
2025-10-22 12:10:38.683268,125.74,85.77,221.44,51.99,119.75961805333326
2025-10-22 12:10:39.683268,106.17,39.36,220.42,67.38,99.45096865149458
2025-10-22 12:10:40.683267,79.29,25.11,146.3,131.73,82.8703598527324
2025-10-22 12:10:41.683266,118.7,77.53,255.46,62.5,127.9775920916194
2025-10-22 12:10:42.683266,110.72,38.05,280.63,79.24,119.25168041203193
2025-10-22 12:10:43.683265,101.66,66.78,173.02,64.03,98.16227140619422
2025-10-22 12:10:44.683264,85.85,74.64,105.56,127.0,94.29425470483619
2025-10-22 12:10:45.683264,137.82,75.8,271.66,122.05,143.81084518197312
2025-10-22 12:10:46.683263,119.43,72.5,274.82,16.04,122.07274149503034
2025-10-22 12:10:47.683263,83.38,63.46,93.51,112.0,82.13970972207332
2025-10-22 12:10:48.683262,118.9,79.2,194.06,112.13,120.20694450960615
2025-10-22 12:10:49.683261,123.42,76.93,229.01,96.31,126.44266485830087
2025-10-22 12:10:50.683261,87.93,41.22,187.38,64.43,89.8588257002867
2025-10-22 12:10:51.683260,68.27,40.06,65.9,105.95,61.01423735680481
2025-10-22 12:10:52.683260,116.28,77.31,215.93,55.92,114.68067165399677
2025-10-22 12:10:53.683259,47.62,22.93,76.24,71.11,48.6938741928497
2025-10-22 12:10:54.683259,54.16,23.49,52.78,115.31,50.69688304649367
2025-10-22 12:10:55.683258,90.58,80.95,76.65,132.07,89.74668491497799
2025-10-22 12:10:56.683258,87.13,60.05,115.18,121.05,88.75555552762339
2025-10-22 12:10:57.683257,118.65,82.83,203.54,107.53,123.94640965684049
2025-10-22 12:10:58.683257,71.39,81.58,65.46,59.41,72.26973174051815
2025-10-22 12:10:59.683256,73.94,36.36,110.41,125.79,76.49316491081842
2025-10-22 12:11:00.683256,136.75,89.76,219.41,118.3,134.29770939416784
2025-10-22 12:11:01.683255,128.44,78.1,243.11,72.74,126.58201953614945
2025-10-22 12:11:02.683254,130.45,90.6,186.8,142.43,129.7047921002522
2025-10-22 12:11:03.683254,114.86,51.36,175.03,120.01,102.22017548241492
2025-10-22 12:11:04.683253,94.3,56.91,194.95,70.23,101.08088733745889
2025-10-22 12:11:05.683253,147.85,79.12,293.79,113.43,150.4002106230723
2025-10-22 12:11:06.683252,91.88,35.37,237.33,39.25,96.96587716889512
2025-10-22 12:11:07.683252,130.06,98.77,192.72,107.39,128.58598073149318
2025-10-22 12:11:08.683251,144.95,51.68,288.47,124.95,137.45558081847494
2025-10-22 12:11:09.683251,74.74,59.34,75.03,133.53,78.81321549631829
2025-10-22 12:11:10.683250,117.02,81.39,204.65,89.3,119.94502350031878
2025-10-22 12:11:11.683250,64.03,22.62,164.58,51.37,71.17198255823418
2025-10-22 12:11:12.683249,90.38,24.38,162.73,121.88,85.4901614559833
2025-10-22 12:11:13.683249,69.54,54.99,115.9,28.77,68.13576665398006
2025-10-22 12:11:14.683248,108.77,61.28,239.61,29.52,108.59206231200598
2025-10-22 12:11:15.683247,84.14,48.1,107.47,131.67,82.60975078583573
2025-10-22 12:11:16.683247,82.35,38.18,202.0,26.11,85.13420689063837
2025-10-22 12:11:17.683246,149.58,71.89,272.92,147.09,147.2186610473456
2025-10-22 12:11:18.683246,89.1,35.0,223.76,43.63,93.57309663789977
2025-10-22 12:11:19.683245,66.76,54.16,75.26,107.48,71.13653546863986
2025-10-22 12:11:20.683245,121.85,58.53,293.82,20.94,121.81560619619553
2025-10-22 12:11:21.683244,45.57,40.14,93.09,12.78,50.727268441240604
2025-10-22 12:11:22.683244,104.88,56.13,234.1,61.14,110.65548006765486
2025-10-22 12:11:23.683242,57.22,49.0,63.26,19.81,47.55925255962718
2025-10-22 12:11:24.683242,128.77,52.96,240.89,140.07,126.79293687021091
2025-10-22 12:11:25.683241,62.53,93.15,66.84,22.1,71.02488001798184
2025-10-22 12:11:26.683241,73.45,22.79,212.15,32.01,81.71016665206415
2025-10-22 12:11:27.683240,84.56,64.63,91.67,123.3,84.41158796856344
2025-10-22 12:11:28.683240,91.14,66.27,145.16,67.01,90.12695498787613
2025-10-22 12:11:29.683239,123.45,93.82,210.14,59.66,121.88562981980128
2025-10-22 12:11:30.683238,118.85,54.71,230.92,144.09,125.46397045889559
2025-10-22 12:11:31.683238,140.79,82.61,252.38,124.63,141.9116957628823
2025-10-22 12:11:32.683237,124.85,91.96,198.7,127.81,131.05433837952523
2025-10-22 12:11:33.683237,116.24,72.42,191.19,74.67,108.5381410228044
2025-10-22 12:11:34.683236,134.21,74.57,278.94,18.18,124.76438205226566
2025-10-22 12:11:35.683236,116.24,76.28,190.31,97.27,114.67864486684826
2025-10-22 12:11:36.683235,103.47,33.69,251.86,36.38,99.92851043120844
2025-10-22 12:11:37.683235,126.91,75.93,251.68,78.38,129.19953196278013
2025-10-22 12:11:38.683234,116.82,93.96,140.99,140.12,117.14680563363362
2025-10-22 12:11:39.683234,115.39,67.98,189.3,139.52,118.64017004812254
2025-10-22 12:11:40.683233,48.94,20.75,69.64,88.11,49.00245009624131
2025-10-22 12:11:41.683233,66.03,46.87,94.89,85.77,69.10413180542191
2025-10-22 12:11:42.683232,95.39,27.83,155.76,123.88,85.50641135926824
2025-10-22 12:11:43.683232,92.61,25.92,200.56,70.7,87.4636619044737
2025-10-22 12:11:44.683231,112.38,89.55,227.27,23.18,117.66965282800967
2025-10-22 12:11:45.683231,77.79,74.04,61.15,88.48,73.00010012077755
2025-10-22 12:11:46.683230,130.13,56.15,293.55,113.68,138.9655829161289
2025-10-22 12:11:47.683230,105.13,20.73,261.43,60.48,101.15105624773597
2025-10-22 12:11:48.683229,100.97,28.63,188.05,135.58,97.93201276158469
2025-10-22 12:11:49.683228,86.8,53.0,178.31,24.72,85.10092945638517
2025-10-22 12:11:50.683228,106.4,79.31,147.65,86.17,101.1582114727141
2025-10-22 12:11:51.683227,35.11,25.13,71.87,12.86,36.907876275965265
2025-10-22 12:11:52.683227,125.98,95.25,201.65,77.18,123.52294047275709
2025-10-22 12:11:53.683226,80.51,89.68,56.15,75.58,76.70637990131124
2025-10-22 12:11:54.683226,78.35,45.58,126.34,79.69,76.70866389873306
2025-10-22 12:11:55.683225,127.99,89.72,192.82,132.95,129.19469866998327
2025-10-22 12:11:56.683225,103.28,82.02,151.98,108.82,108.30321115900803
2025-10-22 12:11:57.683224,91.39,34.67,240.75,15.05,92.84109139956732
2025-10-22 12:11:58.683224,87.48,88.08,95.94,30.6,78.93995350622609
2025-10-22 12:11:59.683223,109.22,95.91,138.39,104.26,110.21413962682668
2025-10-22 12:12:00.683223,84.54,39.82,180.17,26.22,79.40960951049053
2025-10-22 12:12:01.683222,104.17,51.23,246.24,21.76,104.05090828273875
2025-10-22 12:12:02.683222,75.01,73.29,63.86,88.95,73.53531704959498
2025-10-22 12:12:03.683221,44.63,30.02,72.26,33.23,43.49905667313783
2025-10-22 12:12:04.683220,106.13,60.36,264.15,12.58,112.14728876654385
2025-10-22 12:12:05.683220,86.94,68.27,118.22,116.56,92.86169060294539
2025-10-22 12:12:06.683219,83.44,45.37,177.64,61.44,88.39953518693791
2025-10-22 12:12:07.683219,129.24,55.12,284.69,97.46,132.57039471272253
2025-10-22 12:12:08.683218,70.48,61.2,80.51,45.8,63.96554674846541
2025-10-22 12:12:09.683218,122.58,71.16,219.81,110.84,123.69575244360671
2025-10-22 12:12:10.683217,106.4,76.43,168.86,95.24,107.90308911646626
2025-10-22 12:12:11.683217,139.46,97.2,286.63,48.9,144.41837440727159
2025-10-22 12:12:12.683216,116.05,81.74,226.07,21.74,113.14284361616822
2025-10-22 12:12:13.683216,78.14,65.4,140.65,19.3,78.86634053379473
2025-10-22 12:12:14.683215,59.6,70.71,75.94,18.63,61.92219779779325
2025-10-22 12:12:15.683215,65.96,58.84,92.81,63.29,69.9625765066164
2025-10-22 12:12:16.683214,138.14,87.69,263.02,103.59,143.45604013038673
2025-10-22 12:12:17.683214,106.73,51.07,239.9,42.93,106.2691775235029
2025-10-22 12:12:18.683213,133.38,69.92,293.27,81.2,139.27382074691766
2025-10-22 12:12:19.683213,72.44,53.15,93.96,109.81,76.7178432969653
2025-10-22 12:12:20.683212,118.24,25.71,280.93,120.34,121.37142303636904
2025-10-22 12:12:21.683212,122.84,85.1,189.42,107.03,120.73101915016834
2025-10-22 12:12:22.683211,68.31,82.33,62.88,26.74,65.38026002681312
2025-10-22 12:12:23.683210,60.92,31.98,128.81,44.19,63.64564795976134
2025-10-22 12:12:24.683210,72.65,61.79,109.87,35.45,71.02813255776047
2025-10-22 12:12:25.683209,67.11,58.72,135.47,65.39,83.14182339285779
2025-10-22 12:12:26.683209,88.42,89.84,67.91,107.64,86.68599413167634
2025-10-22 12:12:27.683208,111.01,83.54,166.79,63.92,104.59477026039005
2025-10-22 12:12:28.683208,105.4,66.52,212.55,44.57,106.05045830668726
2025-10-22 12:12:29.683207,82.94,54.72,144.92,41.78,79.30703093464099
2025-10-22 12:12:30.683207,102.59,20.64,208.88,148.36,102.76051072979642
2025-10-22 12:12:31.683206,43.46,28.93,88.41,49.86,51.113461905088116
2025-10-22 12:12:32.683206,92.04,45.58,193.52,52.5,91.50172750430323
2025-10-22 12:12:33.683205,109.19,29.01,236.53,131.74,111.92954520125241
2025-10-22 12:12:34.683205,76.26,67.65,121.67,52.37,80.84563144246313
2025-10-22 12:12:35.683204,88.41,79.77,152.94,42.05,94.21666694200792
2025-10-22 12:12:36.683204,108.32,88.89,151.71,90.15,107.92832696575738
2025-10-22 12:12:37.683203,105.3,80.39,189.65,39.96,105.14330463101042
2025-10-22 12:12:38.683203,105.66,28.83,272.47,39.2,104.26839214013532
2025-10-22 12:12:39.683202,113.54,80.05,195.39,112.52,121.1064281526759
2025-10-22 12:12:40.683202,112.69,64.18,177.04,115.41,108.28029983525785
2025-10-22 12:12:41.683201,101.07,93.65,116.78,101.29,102.00650207866624
2025-10-22 12:12:42.683200,139.02,97.73,293.82,19.38,140.98151072359454
2025-10-22 12:12:43.683200,74.81,44.35,65.51,132.62,68.32375245036653
2025-10-22 12:12:44.683199,103.49,89.87,125.73,93.2,101.21223596668612
2025-10-22 12:12:45.683199,112.08,73.67,243.73,29.34,115.95032681475307
2025-10-22 12:12:46.683198,86.67,31.2,137.2,125.91,82.00537561159886
2025-10-22 12:12:47.683198,124.05,71.35,264.74,38.41,122.91331583951319
2025-10-22 12:12:48.683197,77.58,70.55,133.18,23.03,79.92040962891767
2025-10-22 12:12:49.683197,117.3,91.66,136.46,100.24,106.72436723984958
2025-10-22 12:12:50.683196,94.35,76.32,102.73,114.85,91.86594981995819
2025-10-22 12:12:51.683196,144.6,89.17,215.08,147.28,138.45714909478437
2025-10-22 12:12:52.683195,106.57,45.74,209.35,129.45,111.61755698785095
2025-10-22 12:12:53.683195,137.43,94.89,219.48,120.24,137.2526624703187
2025-10-22 12:12:54.683194,127.27,37.66,256.06,128.58,121.46963069506351
2025-10-22 12:12:55.683194,42.81,25.14,108.49,21.29,49.593150428550885
2025-10-22 12:12:56.683193,91.19,57.44,110.38,137.99,89.37959137703652
2025-10-22 12:12:57.683193,59.48,51.48,56.38,94.56,61.565182468514315
2025-10-22 12:12:58.683192,62.54,35.45,86.78,68.62,57.587672800290484
2025-10-22 12:12:59.683192,102.22,50.1,190.91,113.72,105.11819012527445
2025-10-22 12:13:00.683191,126.77,85.11,239.44,94.99,133.3794740083208
2025-10-22 12:13:01.683191,80.24,39.42,165.07,78.92,85.13602909865037
2025-10-22 12:13:02.683190,55.78,59.84,100.04,17.22,63.485232661421044
2025-10-22 12:13:03.683189,99.21,52.38,201.73,41.65,95.1934835276256
2025-10-22 12:13:04.683189,119.72,85.66,139.9,134.57,111.59356977976257
2025-10-22 12:13:05.683188,53.46,40.65,69.92,53.23,52.048033896861774
2025-10-22 12:13:06.683188,125.15,90.72,225.69,99.75,132.97907107037395
2025-10-22 12:13:07.683187,99.29,46.97,226.05,51.47,101.76504325101199
2025-10-22 12:13:08.683187,96.45,21.54,210.94,149.22,103.99756366228738
2025-10-22 12:13:09.683186,100.57,47.86,196.43,80.73,99.114207483907
2025-10-22 12:13:10.683186,111.79,67.3,199.11,102.92,113.98387549917749
2025-10-22 12:13:11.683185,106.37,80.61,197.77,11.42,102.02652516271314
2025-10-22 12:13:12.683185,121.61,90.63,154.81,143.44,120.30530324643928
2025-10-22 12:13:13.683184,141.11,88.85,280.56,43.41,137.3554190169352
2025-10-22 12:13:14.683184,68.52,32.72,101.91,101.65,67.3369380060787
2025-10-22 12:13:15.683183,103.08,60.66,185.27,90.55,104.0691126729995
2025-10-22 12:13:16.683183,117.52,46.11,284.72,46.12,117.90940937809735
2025-10-22 12:13:17.683182,105.78,98.73,118.11,90.39,102.76593094005128
2025-10-22 12:13:18.683182,87.53,50.9,157.4,29.05,78.63259566654885
2025-10-22 12:13:19.683181,108.48,83.74,237.5,28.0,118.81483160127671
2025-10-22 12:13:20.683180,139.92,59.44,288.27,139.25,144.0901240251947
2025-10-22 12:13:21.683180,40.86,20.92,101.12,80.57,57.051483554247156
2025-10-22 12:13:22.683179,82.28,48.73,150.19,84.77,86.45067517436854
2025-10-22 12:13:23.683179,126.95,69.76,209.38,113.54,120.40143443082391
2025-10-22 12:13:24.683178,87.73,25.99,129.83,134.14,78.83584389840836
2025-10-22 12:13:25.683178,132.11,97.82,191.44,92.1,124.69343918271794
2025-10-22 12:13:26.683177,84.37,68.62,86.49,121.38,84.45580990578847
2025-10-22 12:13:27.683177,131.48,72.36,291.24,37.42,131.18339941509998
2025-10-22 12:13:28.683176,58.58,36.96,67.34,105.78,59.87312517834727
2025-10-22 12:13:29.683176,98.02,55.88,170.05,114.03,101.78171293821129
2025-10-22 12:13:30.683175,87.34,68.32,155.19,42.92,89.37699055035101
2025-10-22 12:13:31.683175,74.96,31.1,87.5,146.28,71.0623116847584
2025-10-22 12:13:32.683174,77.29,62.49,133.65,49.81,81.37442597434406
2025-10-22 12:13:33.683174,136.99,64.12,274.76,86.82,131.94470005663158
2025-10-22 12:13:34.683173,74.88,20.35,117.28,147.37,74.88852575806096
2025-10-22 12:13:35.683173,82.8,24.65,197.95,43.28,80.60397192629281
2025-10-22 12:13:36.683172,140.55,57.91,275.07,135.11,138.54058014292244
2025-10-22 12:13:37.683171,145.86,66.28,287.64,132.19,145.8973050930968
2025-10-22 12:13:38.683171,139.91,53.77,296.96,84.71,133.05603499713578
2025-10-22 12:13:39.683170,46.85,41.02,66.81,32.53,47.1871206870503
2025-10-22 12:13:40.683170,115.12,60.01,267.74,41.87,118.86795676697017
2025-10-22 12:13:41.683169,89.97,90.51,74.68,119.29,91.36677697908837
2025-10-22 12:13:42.683169,108.67,51.92,200.43,102.8,106.715580204487
2025-10-22 12:13:43.683168,133.44,83.05,204.92,138.62,130.6434217375152
2025-10-22 12:13:44.683168,106.84,88.44,131.92,82.09,100.15634522407828
2025-10-22 12:13:45.683167,96.39,36.88,183.11,119.88,97.42882839665894
2025-10-22 12:13:46.683167,133.33,57.58,272.02,103.02,131.0884304734723
2025-10-22 12:13:47.683166,43.73,33.91,59.07,62.24,47.227274857711926
2025-10-22 12:13:48.683166,127.84,96.42,216.65,64.26,126.0473629188115
2025-10-22 12:13:49.683165,49.05,22.31,107.25,20.36,47.62978121081741
2025-10-22 12:13:50.683165,82.87,40.67,140.93,95.14,81.72202356159283
2025-10-22 12:13:51.683164,130.72,39.34,285.22,106.04,126.59331535240815
2025-10-22 12:13:52.683164,114.12,89.93,162.28,60.6,105.75478328108466
2025-10-22 12:13:53.683163,102.18,94.21,124.38,112.28,106.75105572217552
2025-10-22 12:13:54.683163,106.88,34.69,253.2,84.74,110.42999361462877
2025-10-22 12:13:55.683162,153.42,79.85,259.05,148.63,147.3104030348147
2025-10-22 12:13:56.683161,95.8,36.46,198.23,100.17,97.85120393566825
2025-10-22 12:13:57.683161,65.22,39.78,93.29,103.23,68.56741965882023
2025-10-22 12:13:58.683160,85.53,71.61,148.99,49.79,90.51212076981987
2025-10-22 12:13:59.683160,106.21,97.07,167.32,46.16,107.94988751384781
2025-10-22 12:14:00.683159,112.02,37.03,268.29,56.91,110.60236616805118
2025-10-22 12:14:01.683159,139.18,98.69,260.6,128.28,153.09600081191513
2025-10-22 12:14:02.683158,80.9,61.21,62.54,139.23,77.12002091407967
2025-10-22 12:14:03.683158,102.56,74.81,195.5,57.82,107.67539800759567
2025-10-22 12:14:04.683157,143.53,79.35,240.35,133.8,138.4970036235331
2025-10-22 12:14:05.683157,121.49,57.72,299.88,12.64,121.58660276641358
2025-10-22 12:14:06.683156,110.02,55.83,214.43,83.71,109.07569301587412
2025-10-22 12:14:07.683156,148.79,58.93,288.5,130.28,142.12487242442555
2025-10-22 12:14:08.683155,69.02,24.55,165.2,37.47,69.5573547775741
2025-10-22 12:14:09.683155,92.99,51.18,139.63,135.85,94.63594621754744
2025-10-22 12:14:10.683154,100.76,30.69,276.38,10.89,100.74671700473569
2025-10-22 12:14:11.683154,108.24,41.36,205.68,138.1,110.05585721763744
2025-10-22 12:14:12.683153,98.45,91.27,96.39,122.11,98.82944653702518
2025-10-22 12:14:13.683152,80.67,60.72,77.12,144.52,82.30907956084506
2025-10-22 12:14:14.683152,72.91,91.8,108.87,17.94,82.16074937751378
2025-10-22 12:14:15.683151,77.5,43.85,97.6,71.89,65.66234963303879
2025-10-22 12:14:16.683151,123.49,70.92,272.03,11.75,119.59740823938787
2025-10-22 12:14:17.683150,97.54,72.54,105.19,118.95,91.54137737730949
2025-10-22 12:14:18.683150,112.82,82.58,186.49,82.38,113.70410029004225
2025-10-22 12:14:19.683149,101.68,52.63,235.21,87.13,114.41053421305779
2025-10-22 12:14:20.683149,91.14,60.91,168.03,78.49,96.61713730774014
2025-10-22 12:14:21.683148,71.42,46.06,132.54,25.56,68.06307497105902
2025-10-22 12:14:22.683148,82.5,84.22,98.23,70.2,85.57308402686915
2025-10-22 12:14:23.683147,94.88,62.77,189.15,35.51,95.35537148316601
2025-10-22 12:14:24.683147,82.87,81.03,56.22,127.77,82.7922131749136
2025-10-22 12:14:25.683146,88.0,20.46,234.36,53.14,91.4233795852319
2025-10-22 12:14:26.683146,84.0,87.23,132.06,16.4,86.55447674864973
2025-10-22 12:14:27.683145,70.07,77.6,83.36,67.38,77.25483819351851
2025-10-22 12:14:28.683145,91.6,91.23,68.22,88.93,83.7548775421324
2025-10-22 12:14:29.683144,100.85,89.75,126.5,87.52,100.25628110643424
2025-10-22 12:14:30.683144,77.08,60.72,120.8,44.94,75.66589772683703
2025-10-22 12:14:31.683143,67.98,63.54,52.82,117.85,71.11117073178369
2025-10-22 12:14:32.683142,86.28,79.74,95.91,80.17,84.62954486356047
2025-10-22 12:14:33.683142,98.25,40.43,200.89,53.3,91.31703634390556
2025-10-22 12:14:34.683141,96.11,81.98,117.52,140.38,104.1922792293594
2025-10-22 12:14:35.683141,156.89,66.77,297.06,129.91,148.51933510190463
2025-10-22 12:14:36.683140,130.87,94.91,221.85,94.83,132.929757933325
2025-10-22 12:14:37.683140,113.21,89.92,158.31,112.83,114.92688502609079
2025-10-22 12:14:38.683139,123.37,70.07,204.06,118.14,119.86980176893475
2025-10-22 12:14:39.683139,60.74,70.72,67.47,55.4,66.68212246532757
2025-10-22 12:14:40.683138,77.8,92.33,55.22,49.71,72.60694921625961
2025-10-22 12:14:41.683138,152.24,85.75,285.86,135.15,155.62325116029643
2025-10-22 12:14:42.683137,94.79,62.23,152.63,77.77,92.50136201140693
2025-10-22 12:14:43.683137,100.25,89.84,165.49,41.11,102.80511775115164
2025-10-22 12:14:44.683136,123.5,56.84,238.74,95.15,119.1555324538057
2025-10-22 12:14:45.683136,59.9,59.89,64.92,88.36,67.07927599453721
2025-10-22 12:14:46.683135,129.33,74.4,263.65,38.91,124.200304484757
2025-10-22 12:14:47.683135,69.58,58.58,115.61,18.5,67.793101204401
2025-10-22 12:14:48.683134,43.14,38.37,50.95,51.43,44.85624360282746
2025-10-22 12:14:49.683134,75.16,27.86,176.62,29.57,73.06570560236939
2025-10-22 12:14:50.683133,104.75,55.25,209.48,58.65,102.32408187900242
2025-10-22 12:14:51.683132,104.31,95.4,137.92,63.73,101.77224039400808
2025-10-22 12:14:52.683132,95.76,26.2,203.54,126.29,99.53586883767565
2025-10-22 12:14:53.683131,96.87,56.01,201.6,31.99,95.03989669455557
2025-10-22 12:14:54.683131,117.79,78.25,228.31,75.66,122.78801618672009
2025-10-22 12:14:55.683130,80.26,92.31,104.99,44.28,86.47777824805014
2025-10-22 12:14:56.683130,96.37,47.24,187.2,42.35,88.4116310896234
2025-10-22 12:14:57.683129,107.38,49.65,259.07,53.0,113.32483068776533
2025-10-22 12:14:58.683129,42.67,53.92,54.06,14.61,46.206025274696366
2025-10-22 12:14:59.683128,128.57,98.49,217.22,33.01,121.0424109747351
2025-10-22 12:15:00.683128,91.85,31.13,218.11,40.51,89.33272926292253
2025-10-22 12:15:01.683127,93.5,26.45,219.37,91.82,97.5739107448448
2025-10-22 12:15:02.683127,62.28,36.91,81.25,92.08,61.30893755684894
2025-10-22 12:15:03.683126,90.33,25.76,150.7,141.11,86.3781680671129
2025-10-22 12:15:04.683126,87.87,37.33,166.04,90.01,86.59112857958971
2025-10-22 12:15:05.683125,118.71,51.88,262.86,80.63,121.05783217855839
2025-10-22 12:15:06.683125,102.17,71.36,120.6,146.81,101.11837602173776
2025-10-22 12:15:07.683124,83.72,63.67,139.53,86.77,91.06640646124958
2025-10-22 12:15:08.683124,120.77,36.86,266.98,134.25,125.48007062786711
2025-10-22 12:15:09.683123,99.85,73.56,167.67,35.75,94.30775472340066
2025-10-22 12:15:10.683123,49.99,34.27,93.35,36.18,52.53511875927886
2025-10-22 12:15:11.683122,113.23,96.06,180.41,90.3,120.14644946663158
2025-10-22 12:15:12.683121,87.62,31.94,124.84,149.85,83.41140065796225
2025-10-22 12:15:13.683121,85.81,84.65,127.13,21.78,84.85910022939964
2025-10-22 12:15:14.683120,112.19,82.86,147.64,142.92,114.18668758219285
2025-10-22 12:15:15.683120,83.56,53.7,180.7,14.11,84.06042703348783
2025-10-22 12:15:16.683119,64.31,86.55,88.12,11.98,72.13241306743794
2025-10-22 12:15:17.683119,108.9,26.84,267.98,74.29,108.8973273204043
2025-10-22 12:15:18.683118,70.02,35.15,107.23,61.97,62.26472516858806
2025-10-22 12:15:19.683118,140.96,98.0,221.0,133.32,141.85168951954165
2025-10-22 12:15:20.683117,85.03,35.12,140.43,137.02,87.12964688717868
2025-10-22 12:15:21.683117,154.35,80.12,291.23,124.28,152.28187687941977
2025-10-22 12:15:22.683116,95.79,51.56,178.29,83.25,96.00065002644679
2025-10-22 12:15:23.683116,98.61,48.77,172.84,94.4,95.19028491631599
2025-10-22 12:15:24.683115,106.41,28.02,296.44,40.63,111.35432372918993
2025-10-22 12:15:25.683115,113.59,64.99,223.58,103.73,120.35174453219068
2025-10-22 12:15:26.683114,119.63,61.15,249.89,100.68,125.74609344677627
2025-10-22 12:15:27.683114,139.43,95.93,225.09,132.97,141.9830559793071
2025-10-22 12:15:28.683113,54.98,39.34,141.05,15.88,65.36019362306027
2025-10-22 12:15:29.683113,51.58,28.79,63.85,82.17,50.07730886894782
2025-10-22 12:15:30.683112,98.51,44.17,229.5,77.2,106.51956512186482
2025-10-22 12:15:31.683112,51.59,20.16,74.64,102.43,53.05536803537935
2025-10-22 12:15:32.683111,111.48,91.78,205.69,46.07,116.8363053583054
2025-10-22 12:15:33.683110,115.33,85.02,212.32,46.5,115.55584324430157
2025-10-22 12:15:34.683110,56.98,31.51,53.88,131.19,58.1650399280704
2025-10-22 12:15:35.683109,68.7,29.09,172.2,40.26,74.47083163589846
2025-10-22 12:15:36.683109,75.64,79.95,79.54,15.8,67.03300484140146
2025-10-22 12:15:37.683108,66.45,72.55,52.57,53.84,62.80322704336503
2025-10-22 12:15:38.683108,137.76,87.76,237.0,122.78,139.48041940771907
2025-10-22 12:15:39.683107,89.86,42.09,192.98,44.29,87.97539639173411
2025-10-22 12:15:40.683107,100.92,89.75,132.48,79.82,100.52479355334626
2025-10-22 12:15:41.683106,116.74,36.26,252.65,124.9,119.01849475120963
2025-10-22 12:15:42.683106,96.62,49.44,140.71,146.55,96.2205623105396
2025-10-22 12:15:43.683105,116.04,62.63,261.75,47.16,119.41962030420258
2025-10-22 12:15:44.683105,82.67,51.63,117.9,52.96,71.8704845087943
2025-10-22 12:15:45.683104,92.13,74.49,148.89,100.61,102.00326716922021
2025-10-22 12:15:46.683104,87.41,21.05,202.86,89.21,89.41057105785738
2025-10-22 12:15:47.683103,120.02,25.02,271.94,125.05,119.26174633800997
2025-10-22 12:15:48.683102,101.86,89.0,124.94,103.32,102.55188468975993
2025-10-22 12:15:49.683102,76.81,69.06,125.21,81.03,88.30060121530403
2025-10-22 12:15:50.683101,86.83,49.96,164.36,43.83,83.19205572438514
2025-10-22 12:15:51.683101,40.37,28.82,100.42,22.69,49.27392383223026
2025-10-22 12:15:52.683100,101.41,65.68,139.69,109.01,96.52888387757199
2025-10-22 12:15:53.683100,91.46,46.57,154.11,117.95,93.14363174139415
2025-10-22 12:15:54.683099,112.91,91.08,146.38,95.05,108.38728982162253
2025-10-22 12:15:55.683099,83.31,87.14,78.03,79.53,82.80497565693844
2025-10-22 12:15:56.683098,128.57,57.42,241.87,113.04,123.93651608862461
2025-10-22 12:15:57.683098,46.74,46.9,51.04,46.56,48.15429262318291
2025-10-22 12:15:58.683097,132.19,79.72,207.31,148.41,131.65113511649952
2025-10-22 12:15:59.683097,107.72,58.86,198.37,72.5,103.52832781387411
2025-10-22 12:16:00.683096,85.72,58.43,151.99,50.24,84.95496169500495
2025-10-22 12:16:01.683096,116.52,83.05,180.68,56.8,107.11242987505852
2025-10-22 12:16:02.683095,104.03,90.06,105.33,128.04,102.09270053178648
2025-10-22 12:16:03.683095,105.41,77.56,188.92,86.43,112.74451723535037
2025-10-22 12:16:04.683094,86.41,70.67,133.32,60.78,87.51739060140147
2025-10-22 12:16:05.683093,79.56,78.03,62.83,78.02,73.41054526643711
2025-10-22 12:16:06.683093,108.28,24.82,245.47,121.91,110.583096199576
2025-10-22 12:16:07.683092,131.85,73.91,208.7,120.06,123.55343757292437
2025-10-22 12:16:08.683092,73.43,30.86,139.29,130.78,83.43156678589472
2025-10-22 12:16:09.683091,90.49,61.38,131.18,80.03,86.0807604748546
2025-10-22 12:16:10.683091,101.47,41.91,207.07,91.99,101.59172571395347
2025-10-22 12:16:11.683090,120.58,31.79,254.0,123.65,116.95524367460288
2025-10-22 12:16:12.683090,131.16,82.07,211.53,103.11,125.09270546062751
2025-10-22 12:16:13.683089,93.6,71.68,112.0,113.76,92.13044512965864
2025-10-22 12:16:14.683089,150.04,98.2,299.79,53.08,149.70051924451764
2025-10-22 12:16:15.683088,77.7,39.21,118.61,68.54,69.00670073246971
2025-10-22 12:16:16.683088,77.44,41.57,157.85,84.83,85.20759559646089
2025-10-22 12:16:17.683087,109.45,92.64,172.09,94.95,116.86989580675434
2025-10-22 12:16:18.683087,114.15,74.71,194.72,93.29,114.43386600925714
2025-10-22 12:16:19.683086,75.12,62.91,98.62,99.78,80.97603087419093
2025-10-22 12:16:20.683085,70.64,88.75,64.15,57.86,75.13049832248494
2025-10-22 12:16:21.683085,104.06,71.08,204.32,20.53,101.06922441209562
2025-10-22 12:16:22.683084,89.05,93.58,82.2,82.35,87.81779538584146
2025-10-22 12:16:23.683084,133.6,69.56,294.24,71.53,137.46652266287578
2025-10-22 12:16:24.683083,74.41,47.22,121.47,85.54,77.22125239525856
2025-10-22 12:16:25.683083,86.71,74.05,109.56,75.79,85.0355947508405
2025-10-22 12:16:26.683082,59.51,65.73,68.83,13.51,56.2944323493625
2025-10-22 12:16:27.683082,79.98,31.87,173.49,66.63,81.47551343813055
2025-10-22 12:16:28.683081,132.15,60.64,266.75,94.76,129.3847417902191
2025-10-22 12:16:29.683081,77.42,71.95,97.81,76.71,80.64333758358828
2025-10-22 12:16:30.683080,129.62,38.87,270.38,122.07,125.08225413360918
2025-10-22 12:16:31.683080,112.99,98.18,120.64,139.06,112.91654892604733
2025-10-22 12:16:32.683079,138.21,90.02,224.1,128.86,137.93320701572856
2025-10-22 12:16:33.683079,129.9,88.41,281.61,20.4,132.88375524927446
2025-10-22 12:16:34.683078,125.95,73.58,188.55,93.92,112.14307946638792
2025-10-22 12:16:35.683078,99.35,74.52,98.74,140.11,94.78781060369033
2025-10-22 12:16:36.683077,68.77,45.45,113.17,59.84,68.74446641320404
2025-10-22 12:16:37.683076,100.84,97.7,129.53,57.01,99.05898185462759
2025-10-22 12:16:38.683076,45.09,30.66,91.85,12.45,45.57912576425873
2025-10-22 12:16:39.683075,134.46,93.51,211.49,136.34,137.36222592392346
2025-10-22 12:16:40.683075,138.35,80.69,297.54,25.32,134.81304302275524
2025-10-22 12:16:41.683074,123.37,81.4,294.26,15.31,132.19246128678202
2025-10-22 12:16:42.683074,118.18,71.01,200.65,120.54,119.78842982851891
2025-10-22 12:16:43.683073,92.57,37.94,150.6,106.41,85.50976862421012
2025-10-22 12:16:44.683073,61.67,21.16,82.4,132.12,61.779510764545
2025-10-22 12:16:45.683072,118.48,59.82,198.35,136.69,116.74423081543105
2025-10-22 12:16:46.683072,80.26,62.24,120.21,81.88,83.57820229765491
2025-10-22 12:16:47.683071,125.97,43.76,299.95,90.39,130.1092332940854
2025-10-22 12:16:48.683071,66.98,59.36,107.33,17.81,65.5549861137942
2025-10-22 12:16:49.683070,83.15,25.29,133.27,145.98,81.87283109039247
2025-10-22 12:16:50.683070,88.98,87.66,115.89,10.58,80.75248549091083
2025-10-22 12:16:51.683069,105.11,20.44,252.06,77.45,101.56012734121504
2025-10-22 12:16:52.683069,90.64,27.72,144.75,137.14,84.77536970795714
2025-10-22 12:16:53.683068,77.87,43.26,187.34,18.08,81.6575137590928
2025-10-22 12:16:54.683067,57.74,21.91,142.26,42.24,62.29795853152411
2025-10-22 12:16:55.683067,123.51,88.14,251.43,45.84,128.72982246087247
2025-10-22 12:16:56.683066,119.86,25.88,274.57,67.09,108.97150240197121
2025-10-22 12:16:57.683066,77.01,24.5,181.02,20.33,70.88422378646489
2025-10-22 12:16:58.683065,70.34,32.81,166.96,44.55,75.59587538567706
2025-10-22 12:16:59.683065,89.36,34.46,126.76,123.25,79.95903784631513
2025-10-22 12:17:00.683064,122.95,57.48,269.63,55.19,120.82373545070803
2025-10-22 12:17:01.683064,156.0,89.03,285.62,109.53,152.09384625455533
2025-10-22 12:17:02.683063,94.31,77.47,129.59,82.56,94.0991588833904
2025-10-22 12:17:03.683062,75.2,83.2,124.42,26.52,84.26531085385189
2025-10-22 12:17:04.683061,57.73,40.3,81.5,72.44,59.16879060346367
2025-10-22 12:17:05.683061,67.7,48.9,51.5,146.58,69.14523153428905
2025-10-22 12:17:06.683060,131.61,66.93,273.65,44.18,124.54096821645491
2025-10-22 12:17:07.683060,107.07,68.29,138.08,100.69,95.68976107930476
2025-10-22 12:17:08.683059,117.06,56.37,199.2,137.13,115.37301411537285
2025-10-22 12:17:09.683059,46.36,48.45,51.27,51.71,50.01603969372872
2025-10-22 12:17:10.683058,64.8,41.33,159.31,10.49,70.76692752141217
2025-10-22 12:17:11.683058,113.49,80.31,174.01,91.23,110.5824791205126
2025-10-22 12:17:12.683057,104.11,34.11,249.96,60.72,104.39883346752754
2025-10-22 12:17:13.683057,115.25,69.63,156.39,138.98,109.46127297620505
2025-10-22 12:17:14.683056,89.67,61.21,98.43,143.24,88.70332421793864
2025-10-22 12:17:15.683055,87.78,64.3,123.92,85.31,86.39777498894188
2025-10-22 12:17:16.683055,54.5,60.87,54.85,58.3,58.57109357701005
2025-10-22 12:17:17.683054,68.0,76.02,89.49,27.05,70.30474266252773
2025-10-22 12:17:18.683054,54.36,77.13,52.49,20.14,58.363499314582384
2025-10-22 12:17:19.683053,91.9,84.5,122.97,87.88,96.65843571554849
2025-10-22 12:17:20.683053,85.8,25.46,177.43,86.15,83.35076326983445
2025-10-22 12:17:21.683052,129.35,90.19,238.37,52.08,127.06195467602964
2025-10-22 12:17:22.683052,63.65,26.96,105.08,39.58,53.10395501747869
2025-10-22 12:17:23.683051,66.86,43.57,123.11,61.08,71.04420430003051
2025-10-22 12:17:24.683051,90.56,75.63,148.0,54.41,93.12911652915714
2025-10-22 12:17:25.683050,98.89,41.23,216.91,82.47,102.32119682058607
2025-10-22 12:17:26.683050,115.66,67.71,237.26,28.8,110.93739049865772
2025-10-22 12:17:27.683049,134.22,54.74,298.88,58.91,128.9924297861059
2025-10-22 12:17:28.683049,119.95,57.35,185.33,130.14,110.303263019586
2025-10-22 12:17:29.683048,83.68,86.22,125.85,37.07,88.29024008600345
2025-10-22 12:17:30.683048,134.33,92.73,220.74,86.01,129.76183571804881
2025-10-22 12:17:31.683047,66.36,21.36,140.01,50.13,62.915006076439084
2025-10-22 12:17:32.683047,72.25,35.96,157.28,75.27,80.35092983855512
2025-10-22 12:17:33.683046,76.02,63.37,57.59,123.81,73.64374478662619
2025-10-22 12:17:34.683045,53.05,39.37,101.64,12.84,52.92641629239077
2025-10-22 12:17:35.683045,69.43,46.03,120.9,23.45,64.13070450517213
2025-10-22 12:17:36.683044,55.11,56.57,59.18,40.47,54.19600534072994
2025-10-22 12:17:37.683044,68.61,22.71,171.27,22.36,67.46749525394131
2025-10-22 12:17:38.683043,66.99,66.71,71.24,36.11,61.99291657524084
2025-10-22 12:17:39.683043,97.87,37.21,226.45,76.81,102.06750059026876
2025-10-22 12:17:40.683042,153.59,86.87,257.4,145.05,149.59139729564328
2025-10-22 12:17:41.683042,45.68,24.73,83.45,16.53,40.9183160840042
2025-10-22 12:17:42.683041,53.18,34.94,79.01,60.25,53.337067693037135
2025-10-22 12:17:43.683041,108.94,92.95,127.62,109.6,106.56675338369932
2025-10-22 12:17:44.683040,104.39,47.74,213.22,88.55,105.6536639025474
2025-10-22 12:17:45.683040,124.76,76.87,251.34,76.46,129.18314232658992
2025-10-22 12:17:46.683039,90.06,75.38,169.01,35.92,95.64848565887944
2025-10-22 12:17:47.683039,121.4,85.17,216.78,71.74,121.98228296086812
2025-10-22 12:17:48.683038,51.38,53.83,81.15,18.83,55.141377487442774
2025-10-22 12:17:49.683038,120.51,37.94,276.38,86.41,119.34325476393656
2025-10-22 12:17:50.683037,129.19,65.54,275.58,51.24,125.83222639510379
2025-10-22 12:17:51.683036,71.09,65.55,75.23,107.27,76.74468982807119
2025-10-22 12:17:52.683036,124.96,90.38,253.24,91.22,139.3969547066866
2025-10-22 12:17:53.683035,106.06,40.43,246.96,34.24,101.37948418468729
2025-10-22 12:17:54.683035,122.8,84.4,226.34,60.58,122.25725974710521
2025-10-22 12:17:55.683034,74.12,93.35,86.2,27.13,77.94180568359491
2025-10-22 12:17:56.683034,94.31,74.04,114.05,69.79,85.18883973873727
2025-10-22 12:17:57.683033,64.61,20.99,91.52,148.65,67.71820219772854
2025-10-22 12:17:58.683033,94.03,94.52,94.85,115.38,98.64502803159172
2025-10-22 12:17:59.683032,87.55,23.99,172.47,147.09,93.229317063271
2025-10-22 12:18:00.683032,125.99,84.37,261.8,35.05,127.83123402629855
2025-10-22 12:18:01.683031,87.59,43.82,176.93,109.04,96.86706049591314
2025-10-22 12:18:02.683031,80.53,70.96,100.28,57.78,77.13530073222219
2025-10-22 12:18:03.683030,98.33,43.27,200.71,81.39,98.25121084228304
2025-10-22 12:18:04.683030,107.81,78.75,189.72,50.25,106.39263167882413
2025-10-22 12:18:05.683029,144.96,89.8,223.25,145.87,140.9457733503506
2025-10-22 12:18:06.683029,120.54,84.91,226.77,80.73,126.64067639148732
2025-10-22 12:18:07.683028,72.4,27.66,83.81,148.55,68.69486618746404
2025-10-22 12:18:08.683028,52.76,21.83,103.21,58.04,53.65842425860304
2025-10-22 12:18:09.683027,113.87,66.41,237.04,69.03,118.21307981274336
2025-10-22 12:18:10.683026,101.83,33.53,251.15,36.97,99.75276489220502
2025-10-22 12:18:11.683026,87.98,36.98,188.85,57.66,86.84991321255356
2025-10-22 12:18:12.683025,69.3,49.74,116.52,38.32,67.60992678924345
2025-10-22 12:18:13.683025,59.43,65.56,74.18,26.03,60.30382307747358
2025-10-22 12:18:14.683024,111.24,36.81,250.69,70.27,107.85583497210145
2025-10-22 12:18:15.683024,101.41,48.98,196.95,83.67,100.41068449825119
2025-10-22 12:18:16.683023,84.41,63.63,108.77,99.14,84.25736328835339
2025-10-22 12:18:17.683023,107.29,25.52,232.96,132.52,109.27748526302794
2025-10-22 12:18:18.683022,124.44,66.89,239.74,97.41,124.89793492672861
2025-10-22 12:18:19.683022,100.22,98.7,116.9,100.94,104.48205621276882
2025-10-22 12:18:20.683021,136.34,87.94,296.73,11.47,135.421664314398
2025-10-22 12:18:21.683021,108.01,68.22,164.08,135.08,110.29770895690557
2025-10-22 12:18:22.683020,133.38,64.64,231.55,138.78,129.53251858921976
2025-10-22 12:18:23.683020,82.28,82.58,97.72,42.91,79.1865564009019
2025-10-22 12:18:24.683019,130.93,89.47,246.02,55.1,129.60314909980033
2025-10-22 12:18:25.683019,111.59,93.66,138.42,121.19,112.46675503576007
2025-10-22 12:18:26.683018,74.64,68.54,77.89,96.81,76.95285660625171
2025-10-22 12:18:27.683018,106.91,37.03,245.2,67.3,105.72536489261556
2025-10-22 12:18:28.683017,71.05,44.87,161.91,29.83,77.14712220323695
2025-10-22 12:18:29.683016,75.52,71.31,86.64,55.73,72.80251684256568
2025-10-22 12:18:30.683016,136.02,74.85,274.07,88.99,137.49912856338725
2025-10-22 12:18:31.683015,151.39,84.43,272.88,109.14,145.90186390147483
2025-10-22 12:18:32.683015,81.31,26.96,182.84,64.38,81.39959148837372
2025-10-22 12:18:33.683014,86.38,74.45,147.24,25.64,86.60213468538258
2025-10-22 12:18:34.683014,119.43,90.08,199.43,67.69,118.40285262259547
2025-10-22 12:18:35.683013,87.5,88.49,122.12,46.46,90.16133788066054
2025-10-22 12:18:36.683013,36.39,24.51,71.51,32.77,40.44478277992341
2025-10-22 12:18:37.683012,107.71,46.89,209.5,108.11,107.9969241472759
2025-10-22 12:18:38.683012,132.33,70.99,270.07,30.57,122.7798089486491
2025-10-22 12:18:39.683011,99.88,34.14,207.92,98.6,99.29927050220633
2025-10-22 12:18:40.683011,129.71,82.49,268.54,40.69,130.04280079041956
2025-10-22 12:18:41.683010,124.09,65.92,252.0,50.08,118.70348615695308
2025-10-22 12:18:42.683010,105.19,68.73,207.33,59.71,108.58557698006655
2025-10-22 12:18:43.683009,90.25,36.84,151.45,106.87,85.31006788277976
2025-10-22 12:18:44.683008,57.65,41.89,59.96,149.62,68.8088051186977
2025-10-22 12:18:45.683008,114.87,32.44,291.69,44.13,112.81756652703551
2025-10-22 12:18:46.683007,106.1,87.46,187.09,36.04,107.10812305110025
2025-10-22 12:18:47.683007,109.35,46.91,280.9,70.54,122.00733483996093
2025-10-22 12:18:48.683006,82.75,42.98,191.88,18.54,82.97427984929121
2025-10-22 12:18:49.683006,109.73,98.08,140.18,93.61,109.71569552119716
2025-10-22 12:18:50.683005,95.74,42.47,214.72,49.51,95.73480957719755
2025-10-22 12:18:51.683005,52.4,20.34,113.79,34.74,51.47185318165551
2025-10-22 12:18:52.683004,117.43,77.5,226.2,76.98,122.04329957060325
2025-10-22 12:18:53.683004,128.79,93.92,289.7,28.96,139.752402500595
2025-10-22 12:18:54.683003,84.3,69.06,167.41,20.23,88.91238012514363
2025-10-22 12:18:55.683003,86.9,51.52,107.33,128.75,83.6870552379948
2025-10-22 12:18:56.683002,66.51,23.27,139.63,91.12,71.88832084608562
2025-10-22 12:18:57.683002,114.46,88.09,196.2,98.1,122.48127744205225
2025-10-22 12:18:58.683001,70.96,75.29,60.31,107.75,77.19473292562522
2025-10-22 12:18:59.683001,86.71,42.78,196.41,58.75,92.22017083066918
2025-10-22 12:19:00.683000,70.91,74.67,83.52,56.99,73.7842826986811
2025-10-22 12:19:01.682999,120.4,97.77,205.32,38.3,118.15835777003038
2025-10-22 12:19:02.682999,138.69,75.14,264.08,108.39,138.49249002102798
2025-10-22 12:19:03.682998,51.59,51.21,71.27,34.55,53.991366156437294
2025-10-22 12:19:04.682998,56.82,44.94,68.65,29.36,49.05831107008963
2025-10-22 12:19:05.682997,73.72,61.26,95.34,64.69,72.20328816908274
2025-10-22 12:19:06.682997,117.75,54.65,260.59,29.25,111.55024528681159
2025-10-22 12:19:07.682996,115.06,62.07,212.9,99.33,114.81739949969536
2025-10-22 12:19:08.682996,69.68,46.49,73.84,113.97,68.18766466658684
2025-10-22 12:19:09.682995,88.38,39.29,228.89,11.27,90.82126672643409
2025-10-22 12:19:10.682995,81.31,48.88,130.84,95.58,82.8556854677191
2025-10-22 12:19:11.682994,79.36,50.8,105.19,114.18,79.79325842809948
2025-10-22 12:19:12.682994,128.83,89.92,232.4,102.9,135.22380400375738
2025-10-22 12:19:13.682993,116.42,73.97,211.14,76.87,115.74121663065205
2025-10-22 12:19:14.682993,132.7,55.12,273.08,93.83,128.36014905730113
2025-10-22 12:19:15.682992,102.98,98.43,149.65,28.44,99.79635371788565
2025-10-22 12:19:16.682992,108.99,95.54,173.82,11.94,102.34898459069137
2025-10-22 12:19:17.682991,54.51,32.57,54.27,66.11,45.887226143488355
2025-10-22 12:19:18.682990,78.28,62.69,94.51,28.24,65.42711901609093
2025-10-22 12:19:19.682990,79.05,37.98,139.47,68.79,74.71493197617878
2025-10-22 12:19:20.682989,120.7,27.01,281.01,81.29,114.28794490186445
2025-10-22 12:19:21.682989,81.84,30.04,178.67,55.38,79.88952847966527
2025-10-22 12:19:22.682988,96.67,20.12,173.12,128.44,87.79899069738649
2025-10-22 12:19:23.682988,92.72,74.4,141.73,102.56,100.19371321795415
2025-10-22 12:19:24.682987,89.88,95.45,84.0,85.07,89.82792942124368
2025-10-22 12:19:25.682987,78.6,26.08,190.91,31.07,76.77418748087148
2025-10-22 12:19:26.682986,87.92,56.6,163.25,34.47,84.29893597419226
2025-10-22 12:19:27.682986,123.79,44.63,269.4,121.53,127.54221475871313
2025-10-22 12:19:28.682985,113.62,79.67,170.74,139.64,118.89350869605539
2025-10-22 12:19:29.682985,103.71,55.78,163.97,145.6,106.17286326158192
2025-10-22 12:19:30.682984,106.7,71.2,201.15,46.75,105.38206237870118
2025-10-22 12:19:31.682984,100.06,71.19,141.75,93.29,96.76434413136938
2025-10-22 12:19:32.682983,122.32,62.24,238.09,135.27,129.60888537140139
2025-10-22 12:19:33.682983,115.26,77.45,191.8,132.34,122.6709360369375
2025-10-22 12:19:34.682982,99.5,22.07,275.58,25.97,99.21775665222961
2025-10-22 12:19:35.682981,130.82,60.72,270.34,86.11,128.78603788166782
2025-10-22 12:19:36.682981,85.47,63.46,124.62,94.53,88.02146816221708
2025-10-22 12:19:37.682980,63.75,23.3,114.11,88.11,63.63528509092187
2025-10-22 12:19:38.682980,119.33,37.19,289.27,21.09,109.87553681697881
2025-10-22 12:19:39.682979,92.11,74.25,93.55,64.99,78.1786410839385
2025-10-22 12:19:40.682979,59.74,42.13,129.79,54.46,71.02211187670733
2025-10-22 12:19:41.682978,132.93,71.66,297.95,23.01,129.9912674884551
2025-10-22 12:19:42.682978,74.53,43.29,152.84,43.3,76.31052687024166
2025-10-22 12:19:43.682977,66.81,46.97,82.76,86.73,65.69862447998534
2025-10-22 12:19:44.682977,128.93,90.61,207.82,100.14,127.63083897687686
2025-10-22 12:19:45.682976,63.4,22.06,150.27,70.22,70.33541645166845
2025-10-22 12:19:46.682976,106.64,98.8,94.85,149.68,107.5817341173738
2025-10-22 12:19:47.682975,118.87,48.5,225.97,132.23,118.53608695825719
2025-10-22 12:19:48.682975,80.88,54.07,148.18,69.84,85.53524851156753
2025-10-22 12:19:49.682974,76.48,60.5,105.36,49.19,71.75978167368623
2025-10-22 12:19:50.682974,63.79,21.65,102.25,103.66,62.338333225693496
2025-10-22 12:19:51.682973,144.22,72.41,273.14,143.49,146.82835275123517
2025-10-22 12:19:52.682973,53.6,34.32,86.02,35.56,50.23375048724645
2025-10-22 12:19:53.682972,75.84,33.07,189.52,22.53,78.13361191890039
2025-10-22 12:19:54.682972,162.4,86.4,291.03,111.03,152.71104758414938
2025-10-22 12:19:55.682971,70.15,35.44,107.33,103.83,70.75018717272283
2025-10-22 12:19:56.682970,129.57,90.76,170.08,142.17,124.70729016392134
2025-10-22 12:19:57.682970,122.13,31.23,261.62,149.61,124.121663278228
2025-10-22 12:19:58.682969,78.14,93.19,68.16,55.01,77.97579149262786
2025-10-22 12:19:59.682969,98.15,84.39,189.67,21.74,103.519035404347
2025-10-22 12:20:00.682968,80.38,37.83,120.79,123.76,79.94026170143538
2025-10-22 12:20:01.682968,75.43,39.59,104.27,113.19,73.75073993027945
2025-10-22 12:20:02.682967,101.34,51.94,163.76,102.29,95.60270319760616
2025-10-22 12:20:03.682967,149.3,93.05,272.68,109.18,150.13234806108332
2025-10-22 12:20:04.682966,144.64,78.17,269.01,131.04,145.9768108389081
2025-10-22 12:20:05.682966,121.46,87.07,250.22,10.38,120.7939362750102
2025-10-22 12:20:06.682965,108.42,43.13,241.48,100.64,114.25760376874364
2025-10-22 12:20:07.682965,55.98,49.07,97.98,37.61,61.56369009479291
2025-10-22 12:20:08.682964,114.51,50.33,219.26,74.83,106.03171925958301
2025-10-22 12:20:09.682964,93.42,44.61,175.33,70.55,89.13644696787503
2025-10-22 12:20:10.682963,81.2,80.14,65.4,124.57,84.47382002497501
2025-10-22 12:20:11.682963,76.48,75.91,95.09,72.32,80.92161361736966
2025-10-22 12:20:12.682962,130.34,26.52,293.59,126.79,126.85960012689361
2025-10-22 12:20:13.682961,146.12,97.93,265.86,82.89,145.28715055329081
2025-10-22 12:20:14.682961,98.33,96.22,61.55,130.61,92.50489589731717
2025-10-22 12:20:15.682960,124.0,79.64,206.84,106.72,123.19255313198403
2025-10-22 12:20:16.682960,146.5,97.54,297.84,39.83,146.15572530737538
2025-10-22 12:20:17.682959,112.06,88.36,150.43,121.19,113.44329991580885
2025-10-22 12:20:18.682959,101.66,52.0,188.41,129.81,108.50543975574355
2025-10-22 12:20:19.682958,139.24,61.66,265.23,99.25,130.32614601230523
2025-10-22 12:20:20.682958,82.88,74.92,122.92,45.99,83.56651646837923
2025-10-22 12:20:21.682957,54.68,31.02,79.01,113.21,61.904740379531816
2025-10-22 12:20:22.682957,105.57,81.27,127.4,124.74,103.70373857198315
2025-10-22 12:20:23.682956,111.91,62.01,238.36,57.45,114.12456269500856
2025-10-22 12:20:24.682956,101.36,91.24,191.37,33.38,109.74438591419322
2025-10-22 12:20:25.682955,69.37,96.88,72.12,25.76,75.19170144230011
2025-10-22 12:20:26.682954,82.24,73.83,135.51,29.31,83.49720763806769
2025-10-22 12:20:27.682954,114.51,37.93,247.04,102.94,113.80188258081596
2025-10-22 12:20:28.682953,38.74,32.63,52.95,44.47,41.22366210909684
2025-10-22 12:20:29.682953,78.22,61.76,115.52,54.21,76.43620271875082
2025-10-22 12:20:30.682952,67.91,34.91,142.24,44.22,69.14383669204027
2025-10-22 12:20:31.682952,107.51,81.63,161.62,87.67,106.80750731075422
2025-10-22 12:20:32.682951,102.61,23.57,206.64,141.75,102.23054111060137
2025-10-22 12:20:33.682951,95.7,68.24,177.66,64.38,100.3517330729593
2025-10-22 12:20:34.682950,148.86,69.79,280.47,94.99,138.10007107517544
2025-10-22 12:20:35.682950,118.83,52.41,218.0,105.39,112.75411928952487
2025-10-22 12:20:36.682949,65.2,27.23,64.27,149.22,62.741307402861494
2025-10-22 12:20:37.682949,149.19,88.7,295.13,127.63,158.38198821318022
2025-10-22 12:20:38.682948,61.51,28.07,68.5,119.93,58.61446789373428
2025-10-22 12:20:39.682948,80.58,26.73,196.58,17.94,76.19433466750158
2025-10-22 12:20:40.682947,122.88,50.06,232.57,146.91,124.20955928196189
2025-10-22 12:20:41.682947,91.78,48.18,192.14,78.25,97.49138251199325
2025-10-22 12:20:42.682946,126.45,71.22,261.11,17.24,117.55437860417028
2025-10-22 12:20:43.682946,103.31,49.37,200.45,95.58,104.02114598202613
2025-10-22 12:20:44.682945,107.85,30.3,294.58,29.43,109.70428211237434
2025-10-22 12:20:45.682944,93.58,56.55,134.42,127.79,94.13767311484371
2025-10-22 12:20:46.682944,78.93,54.89,150.55,48.61,82.43974737526703
2025-10-22 12:20:47.682943,36.66,40.34,59.9,48.12,47.86780802503047
2025-10-22 12:20:48.682943,103.52,39.96,242.92,42.19,101.51018771531811
2025-10-22 12:20:49.682942,128.53,83.98,204.52,149.76,133.19710035372066
2025-10-22 12:20:50.682942,124.77,66.08,218.5,133.43,125.263390698515
2025-10-22 12:20:51.682941,100.31,40.63,238.49,37.67,99.61413083132105
2025-10-22 12:20:52.682941,112.08,97.24,177.67,50.78,112.06245270611862
2025-10-22 12:20:53.682940,66.28,50.77,67.39,137.66,73.07913434533585
2025-10-22 12:20:54.682940,78.42,78.72,51.07,117.82,78.12107691065752
2025-10-22 12:20:55.682939,109.77,69.2,249.59,43.0,118.20299217173086
2025-10-22 12:20:56.682939,68.87,78.81,69.86,15.63,63.52344230097506
2025-10-22 12:20:57.682938,107.66,64.49,179.1,105.97,107.17915381682337
2025-10-22 12:20:58.682938,95.18,90.45,76.66,93.01,86.71416866733513
2025-10-22 12:20:59.682937,65.39,24.42,85.0,139.95,65.73527689986835
2025-10-22 12:21:00.682937,106.04,22.04,273.78,31.79,99.81740714981603
2025-10-22 12:21:01.682936,106.91,93.09,177.57,65.67,112.9269796238265
2025-10-22 12:21:02.682936,77.55,30.8,125.32,116.56,76.37953843696737
2025-10-22 12:21:03.682935,144.4,97.74,276.5,84.19,148.64883251563577
2025-10-22 12:21:04.682934,83.62,29.69,224.99,10.12,84.65120240833262
2025-10-22 12:21:05.682934,94.9,70.88,131.41,94.98,93.8380826328658
2025-10-22 12:21:06.682933,103.19,84.66,129.19,130.65,107.09942125957451
2025-10-22 12:21:07.682933,97.02,59.03,191.64,73.01,101.69127726526344
2025-10-22 12:21:08.682932,116.2,70.92,203.24,128.47,122.09667282888128
2025-10-22 12:21:09.682932,137.87,93.0,216.57,136.8,138.72702431642543
2025-10-22 12:21:10.682931,92.27,61.61,163.62,103.79,100.66277380530285
2025-10-22 12:21:11.682931,106.01,49.85,250.57,45.7,109.42001313943969
2025-10-22 12:21:12.682930,140.87,73.94,283.12,65.39,135.0812948181578
2025-10-22 12:21:13.682930,93.09,70.66,147.51,64.3,92.47627345705311
2025-10-22 12:21:14.682929,92.45,31.61,160.02,143.79,92.61794888226245
2025-10-22 12:21:15.682929,77.08,25.83,161.29,73.44,76.15996589217485
2025-10-22 12:21:16.682928,131.89,60.22,281.6,97.85,134.25291849532758
2025-10-22 12:21:17.682928,68.96,59.05,55.14,95.7,65.17982031321674
2025-10-22 12:21:18.682927,109.79,85.39,172.25,42.63,102.92782043902082
2025-10-22 12:21:19.682927,78.7,36.58,157.86,26.01,71.05268805479929
2025-10-22 12:21:20.682926,79.9,28.87,186.78,61.65,82.99069756834193
2025-10-22 12:21:21.682926,78.75,88.9,74.01,47.51,76.11355062278747
2025-10-22 12:21:22.682925,101.17,98.21,139.61,69.18,104.75837375191809
2025-10-22 12:21:23.682924,151.47,80.1,281.16,133.64,151.10372942872036
2025-10-22 12:21:24.682924,113.39,62.54,280.36,15.65,118.71200856968784
2025-10-22 12:21:25.682923,92.63,79.48,121.87,112.88,98.79750815017269
2025-10-22 12:21:26.682923,68.66,74.02,71.34,21.59,62.77182869419537
2025-10-22 12:21:27.682922,82.01,54.64,121.5,101.55,84.09552455272552
2025-10-22 12:21:28.682922,47.01,20.5,60.4,77.75,44.0440806793287
2025-10-22 12:21:29.682921,118.47,35.99,273.85,125.63,125.40117535279641
2025-10-22 12:21:30.682921,105.36,60.87,191.98,88.57,105.79707720856423
2025-10-22 12:21:31.682920,128.12,64.92,296.24,70.19,135.49630565022193
2025-10-22 12:21:32.682920,87.98,28.24,183.6,68.92,83.16537631662621
2025-10-22 12:21:33.682919,103.54,71.83,213.85,14.16,103.04141951781364
2025-10-22 12:21:34.682919,82.96,59.84,119.58,90.46,83.90002656836126
2025-10-22 12:21:35.682918,116.94,32.07,218.92,148.96,111.5760081663422
2025-10-22 12:21:36.682918,132.64,88.22,201.14,148.32,134.00184232628166
2025-10-22 12:21:37.682917,139.86,72.34,274.72,136.19,145.81904137333305
2025-10-22 12:21:38.682917,53.08,29.0,117.35,46.22,59.12373611904638
2025-10-22 12:21:39.682916,82.94,87.94,81.04,37.24,75.71042213278301
2025-10-22 12:21:40.682916,92.68,35.71,217.08,50.61,93.3039830832883
2025-10-22 12:21:41.682915,76.23,41.32,72.36,135.9,69.5284497909242
2025-10-22 12:21:42.682914,102.45,46.68,209.37,98.31,105.90772211022755
2025-10-22 12:21:43.682914,86.95,94.11,80.5,90.13,89.11488448243821
2025-10-22 12:21:44.682913,129.32,47.21,289.68,105.53,131.74258781668087
2025-10-22 12:21:45.682913,131.11,77.39,232.81,118.2,132.15960689005092
2025-10-22 12:21:46.682912,116.09,94.63,184.79,59.51,114.63906947065902
2025-10-22 12:21:47.682912,117.15,86.55,148.14,113.25,110.2792670429107
2025-10-22 12:21:48.682911,89.57,93.59,64.07,101.23,86.12223651761859
2025-10-22 12:21:49.682911,74.44,28.27,165.03,19.85,67.85599765020658
2025-10-22 12:21:50.682910,85.33,48.94,164.96,62.94,86.65992879521895
2025-10-22 12:21:51.682910,109.02,50.24,238.32,69.06,110.57005084761285
2025-10-22 12:21:52.682909,127.1,72.42,202.38,103.5,117.62562508773291
2025-10-22 12:21:53.682909,90.03,80.57,111.9,136.01,100.9349364714724
2025-10-22 12:21:54.682908,49.66,20.28,90.82,50.39,47.645485388254556
2025-10-22 12:21:55.682908,100.14,43.41,247.28,24.57,101.03622609762489
2025-10-22 12:21:56.682907,111.05,92.33,197.3,27.04,110.80944120714506
2025-10-22 12:21:57.682907,123.44,81.04,187.27,102.99,117.26554969784706
2025-10-22 12:21:58.682906,129.76,78.61,210.13,109.69,124.25935977054144
2025-10-22 12:21:59.682905,132.68,66.54,245.8,78.25,122.74121325828348
2025-10-22 12:22:00.682905,90.16,98.04,96.29,48.88,87.62305695993399
2025-10-22 12:22:01.682904,120.2,57.68,281.22,35.66,120.52890473116308
2025-10-22 12:22:02.682904,130.21,52.42,273.84,97.65,128.00560349448358
2025-10-22 12:22:03.682903,133.17,91.46,211.12,128.63,134.701697164599
2025-10-22 12:22:04.682903,99.62,87.76,142.68,11.67,89.07060359552428
2025-10-22 12:22:05.682902,131.38,58.19,276.4,101.69,132.44387800315633
2025-10-22 12:22:06.682902,133.44,85.52,287.35,35.71,136.21294941994705
2025-10-22 12:22:07.682901,104.23,44.53,249.54,14.14,100.20105751872082
2025-10-22 12:22:08.682901,86.67,45.9,130.89,119.73,86.18516286792942
2025-10-22 12:22:09.682900,85.36,90.31,94.77,67.15,86.95324590773075
2025-10-22 12:22:10.682900,116.14,96.7,201.52,18.69,112.59104612907838
2025-10-22 12:22:11.682899,99.56,59.23,207.5,35.08,99.02650970869661
2025-10-22 12:22:12.682899,106.8,67.42,240.37,26.04,111.18005406219955
2025-10-22 12:22:13.682898,112.38,64.33,215.88,79.49,112.89665731534636
2025-10-22 12:22:14.682898,134.34,54.72,295.59,84.79,133.13213743962203
2025-10-22 12:22:15.682897,64.23,30.15,128.48,57.75,65.32961385684504
2025-10-22 12:22:16.682897,83.59,64.82,182.23,10.46,89.3202983934409
2025-10-22 12:22:17.682896,132.02,33.02,293.35,109.38,126.56008021276558
2025-10-22 12:22:18.682895,82.13,64.69,103.06,92.57,81.76332314575242
2025-10-22 12:22:19.682895,82.45,31.54,185.82,61.24,83.94728357500813
2025-10-22 12:22:20.682894,86.01,71.94,155.5,66.98,96.04580653209771
2025-10-22 12:22:21.682894,60.75,73.52,77.55,30.15,66.08948814401387
2025-10-22 12:22:22.682893,111.76,48.1,274.16,39.16,114.3422658992913
2025-10-22 12:22:23.682893,94.49,71.74,140.45,121.23,102.19437302116684
2025-10-22 12:22:24.682892,55.23,27.01,105.43,95.83,64.40246089495398
2025-10-22 12:22:25.682892,131.29,50.18,273.73,101.04,127.53273429207442
2025-10-22 12:22:26.682891,135.64,59.69,276.81,116.91,136.3342885969954
2025-10-22 12:22:27.682891,98.64,47.7,262.3,13.35,105.45429791334435
2025-10-22 12:22:28.682890,93.0,38.4,162.24,87.55,85.49216998152875
2025-10-22 12:22:29.682890,58.86,49.06,100.37,22.37,59.25115101193729
2025-10-22 12:22:30.682889,79.23,47.36,92.98,132.48,78.04780293143773
2025-10-22 12:22:31.682889,112.92,44.97,235.91,108.62,115.08207812448674
2025-10-22 12:22:32.682888,100.23,34.59,197.86,129.47,102.6284599343909
2025-10-22 12:22:33.682888,89.15,76.23,115.48,119.25,96.52700385655292
2025-10-22 12:22:34.682887,89.68,52.73,167.94,88.54,94.52146979934068
2025-10-22 12:22:35.682886,100.68,48.22,240.42,15.25,99.51363103645373
2025-10-22 12:22:36.682886,41.99,22.52,67.25,97.44,51.01597208177802
2025-10-22 12:22:37.682885,107.94,35.73,224.89,118.84,109.20840087371445
2025-10-22 12:22:38.682885,122.13,56.03,254.03,67.11,117.78131443050961
2025-10-22 12:22:39.682884,137.06,90.32,193.59,136.02,130.33377700402892
2025-10-22 12:22:40.682884,98.78,74.79,117.34,126.68,97.84584512255607
2025-10-22 12:22:41.682883,137.63,87.24,244.57,123.3,141.60055815047252
2025-10-22 12:22:42.682883,57.16,45.56,97.31,55.6,63.19037392606502
2025-10-22 12:22:43.682881,64.49,30.23,82.85,121.64,64.34017990707352
2025-10-22 12:22:44.682881,102.79,89.93,121.1,65.72,94.3942815448211
2025-10-22 12:22:45.682880,70.85,39.67,140.25,30.07,68.10113063666965
2025-10-22 12:22:46.682879,110.3,36.99,283.39,50.73,113.89391391476522
2025-10-22 12:22:47.682879,97.24,56.8,176.75,60.53,93.63009525593013
2025-10-22 12:22:48.682878,113.07,65.91,229.18,18.12,105.49405222466687
2025-10-22 12:22:49.682878,75.42,25.42,188.4,34.49,76.37091731125147
2025-10-22 12:22:50.682877,81.72,62.49,147.39,26.87,80.94937738922815
2025-10-22 12:22:51.682877,134.94,96.65,268.32,28.15,134.52193295664
2025-10-22 12:22:52.682876,73.66,93.39,97.37,24.72,80.84043252334394
2025-10-22 12:22:53.682876,86.04,61.63,158.34,41.21,86.66045772976976
2025-10-22 12:22:54.682875,141.23,79.24,284.26,66.46,138.26956932882024
2025-10-22 12:22:55.682875,124.46,67.42,287.88,40.89,128.40815807771483
2025-10-22 12:22:56.682874,126.58,87.86,220.17,97.81,129.5138621180977
2025-10-22 12:22:57.682874,51.2,35.86,84.07,21.18,47.55761523287871
2025-10-22 12:22:58.682873,119.59,92.86,168.86,148.89,126.71820410027279
2025-10-22 12:22:59.682873,92.96,58.18,171.09,65.17,93.53581962487849
2025-10-22 12:23:00.682872,55.68,25.29,64.75,83.45,48.863061271357125
2025-10-22 12:23:01.682872,122.61,69.99,195.38,135.33,120.63427451761473
2025-10-22 12:23:02.682871,106.98,29.58,262.97,25.99,99.16283557393739
2025-10-22 12:23:03.682870,132.73,86.69,269.3,36.41,131.5081064858013
2025-10-22 12:23:04.682870,111.98,77.95,170.0,112.32,112.39214943239695
2025-10-22 12:23:05.682869,78.21,62.29,116.23,80.86,82.20429141244031
2025-10-22 12:23:06.682869,78.2,79.22,117.29,44.11,83.6374447793544
2025-10-22 12:23:07.682868,80.26,41.0,172.6,34.92,79.44801306137981
2025-10-22 12:23:08.682868,56.25,42.35,90.98,24.21,53.46050767233261
2025-10-22 12:23:09.682867,74.31,20.84,147.69,142.17,83.23955262946825
2025-10-22 12:23:10.682867,113.52,32.44,285.2,81.52,118.29073400722807
2025-10-22 12:23:11.682866,130.22,78.24,296.03,27.63,133.60062075343797
2025-10-22 12:23:12.682866,102.16,74.51,172.64,56.55,100.40337796097032
2025-10-22 12:23:13.682865,47.66,20.35,112.47,28.53,49.84708272181094
2025-10-22 12:23:14.682865,121.79,68.07,203.73,141.66,123.44687042625503
2025-10-22 12:23:15.682864,149.45,79.9,284.91,141.2,153.63250784232122
2025-10-22 12:23:16.682864,108.89,89.57,147.33,119.31,112.7394488404296
2025-10-22 12:23:17.682863,85.65,21.72,133.09,138.59,78.57776698882913
2025-10-22 12:23:18.682863,59.47,35.1,155.01,17.41,67.75325107202679
2025-10-22 12:23:19.682862,58.56,53.25,96.73,43.75,64.48382938448736
2025-10-22 12:23:20.682861,81.56,44.33,91.41,135.79,76.72773755176874
2025-10-22 12:23:21.682861,70.15,74.3,64.48,88.62,74.15793877965339
2025-10-22 12:23:22.682860,88.64,61.71,131.32,115.23,93.27577135364484
2025-10-22 12:23:23.682860,100.17,45.32,187.83,139.78,106.99185502454465
2025-10-22 12:23:24.682859,134.82,83.15,267.93,63.36,134.68850606289269
2025-10-22 12:23:25.682859,86.88,43.65,187.01,57.4,89.55909912876282
2025-10-22 12:23:26.682858,70.44,20.81,136.02,64.88,64.37113514679653
2025-10-22 12:23:27.682858,96.23,79.14,151.74,15.68,88.30721500312893
2025-10-22 12:23:28.682857,49.45,30.31,66.55,111.23,57.41387909840431
2025-10-22 12:23:29.682857,57.91,54.19,71.9,38.31,56.407815678305425
2025-10-22 12:23:30.682856,134.86,90.29,240.86,105.98,138.5619075733991
2025-10-22 12:23:31.682856,71.8,51.8,124.29,79.15,79.07556552402406
2025-10-22 12:23:32.682855,118.38,57.84,208.11,82.15,107.86503548200096
2025-10-22 12:23:33.682855,95.97,48.65,190.97,97.42,101.1794497467313
2025-10-22 12:23:34.682854,124.38,41.53,281.34,116.89,128.66946666432176
2025-10-22 12:23:35.682854,109.97,50.72,266.71,49.75,115.50742904124411
2025-10-22 12:23:36.682853,102.36,25.3,182.07,143.61,96.07458596330346
2025-10-22 12:23:37.682853,58.88,43.76,107.4,29.44,60.1346570792168
2025-10-22 12:23:38.682852,69.66,63.15,111.71,23.82,69.94770655279554
2025-10-22 12:23:39.682852,47.24,33.02,75.92,35.56,46.55221371666576
2025-10-22 12:23:40.682851,111.04,93.64,180.67,51.89,111.39594575839888
2025-10-22 12:23:41.682850,52.7,44.83,55.96,18.07,42.947911858733946
2025-10-22 12:23:42.682850,103.45,44.77,185.89,106.45,99.51782272745518
2025-10-22 12:23:43.682849,91.68,94.91,123.39,36.2,91.69555449802148
2025-10-22 12:23:44.682849,58.57,58.48,55.71,62.37,58.450258266710996
2025-10-22 12:23:45.682848,91.88,47.82,175.65,58.39,88.41306837274819
2025-10-22 12:23:46.682848,87.54,66.43,156.18,35.22,87.2067019704793
2025-10-22 12:23:47.682847,127.66,89.42,232.74,106.79,135.8499423800204
2025-10-22 12:23:48.682847,72.06,43.65,88.9,116.73,71.85111450923763
2025-10-22 12:23:49.682846,86.74,83.55,76.35,124.42,89.42935693556393
2025-10-22 12:23:50.682846,89.83,22.56,188.94,131.66,94.4054496814657
2025-10-22 12:23:51.682845,127.39,77.06,217.46,116.43,127.03061594068258
2025-10-22 12:23:52.682845,67.45,86.23,50.88,63.9,71.08930042487113
2025-10-22 12:23:53.682844,68.12,58.79,57.63,68.95,60.48781356092025
2025-10-22 12:23:54.682844,67.43,82.46,86.74,14.89,70.2633966640943
2025-10-22 12:23:55.682843,87.06,48.34,177.85,58.8,89.41405752355872
2025-10-22 12:23:56.682842,130.42,54.19,264.08,120.94,130.57576039751572
2025-10-22 12:23:57.682842,42.83,44.36,61.16,15.33,43.73328886049767
2025-10-22 12:23:58.682841,112.64,57.48,224.66,77.04,111.64586016634163
2025-10-22 12:23:59.682841,112.87,84.76,225.83,31.38,116.48515584897243
2025-10-22 12:24:00.682840,84.33,34.78,161.35,113.08,88.49515059952348
2025-10-22 12:24:01.682840,142.88,76.86,282.2,78.85,138.92800625478094
2025-10-22 12:24:02.682839,98.0,96.89,166.67,21.65,102.79862029480704
2025-10-22 12:24:03.682839,120.64,56.37,261.48,49.93,116.77831298332988
2025-10-22 12:24:04.682838,89.86,87.45,58.82,143.99,89.98379374226072
2025-10-22 12:24:05.682838,109.99,40.01,211.53,115.25,106.60653868890562
2025-10-22 12:24:06.682837,108.26,70.91,149.22,100.12,100.2265194173304
2025-10-22 12:24:07.682837,104.42,80.86,208.02,13.96,105.73579537808281
2025-10-22 12:24:08.682836,97.21,21.47,183.13,149.36,95.6319958718921
2025-10-22 12:24:09.682836,115.17,62.99,246.48,37.19,113.02937076891747
2025-10-22 12:24:10.682835,100.82,95.94,133.38,33.79,94.73137933299364
2025-10-22 12:24:11.682835,114.2,85.36,130.32,129.89,107.63593553090811
2025-10-22 12:24:12.682834,88.19,80.23,69.76,127.24,86.35910816587231
2025-10-22 12:24:13.682833,108.95,41.01,213.93,93.13,103.4327733539379
2025-10-22 12:24:14.682833,104.92,39.41,192.26,109.19,99.31342534702628
2025-10-22 12:24:15.682832,94.87,93.54,77.26,120.84,93.95536410648899
2025-10-22 12:24:16.682832,113.4,21.96,276.28,125.96,119.22656724724007
2025-10-22 12:24:17.682831,102.35,66.75,123.7,137.73,97.95689912365143
2025-10-22 12:24:18.682831,105.53,34.09,204.48,83.29,95.20069218050979
2025-10-22 12:24:19.682830,154.85,94.24,288.82,121.52,158.02473285016023
2025-10-22 12:24:20.682830,49.21,66.35,50.62,15.24,51.47275160248428
2025-10-22 12:24:21.682829,151.22,87.3,280.0,125.44,152.70412376718562
2025-10-22 12:24:22.682829,116.42,91.69,163.06,100.71,114.82749957897194
2025-10-22 12:24:23.682828,138.61,70.64,256.57,125.48,137.39278531892944
2025-10-22 12:24:24.682828,116.14,75.77,243.2,12.18,113.42724039446529
2025-10-22 12:24:25.682827,121.56,74.61,193.89,138.99,123.20847809349985
2025-10-22 12:24:26.682827,95.21,81.77,118.1,143.09,104.80034248880125
2025-10-22 12:24:27.682826,42.95,26.06,78.65,21.68,41.15894186288911
2025-10-22 12:24:28.682825,133.54,59.33,224.05,137.17,124.32049385716245
2025-10-22 12:24:29.682825,121.18,69.92,237.33,72.3,120.69336765083781
2025-10-22 12:24:30.682824,121.41,50.22,230.17,108.81,116.00293067262972
2025-10-22 12:24:31.682824,78.71,36.97,110.58,142.94,80.25246695013318
2025-10-22 12:24:32.682823,55.81,51.45,99.52,17.0,59.11687621456543
2025-10-22 12:24:33.682823,100.11,83.93,113.64,104.28,96.8272436773702
2025-10-22 12:24:34.682822,121.67,61.09,275.07,94.35,132.0275716910326
2025-10-22 12:24:35.682822,100.78,63.1,195.98,73.67,105.14884159146587
2025-10-22 12:24:36.682821,92.74,34.79,183.51,118.84,96.3041902564851
2025-10-22 12:24:37.682821,50.42,35.52,83.36,78.85,58.625706001856976
2025-10-22 12:24:38.682820,125.95,38.76,291.32,109.27,128.77989251739996
2025-10-22 12:24:39.682820,120.9,70.46,243.64,23.37,113.14311288399787
2025-10-22 12:24:40.682819,102.1,65.64,173.22,104.59,105.70921022445917
2025-10-22 12:24:41.682819,135.82,85.14,294.39,36.75,138.34659326281965
2025-10-22 12:24:42.682818,60.44,60.86,65.89,36.26,57.508258914347586
2025-10-22 12:24:43.682818,94.79,55.19,118.61,146.5,92.42500710258555
2025-10-22 12:24:44.682817,132.28,90.49,197.77,135.05,131.4819864747139
2025-10-22 12:24:45.682816,112.54,67.21,253.26,65.98,122.88005372713427
2025-10-22 12:24:46.682816,107.39,74.1,163.97,108.76,107.96014338684635
2025-10-22 12:24:47.682815,95.22,40.23,183.0,128.13,100.69818135030809
2025-10-22 12:24:48.682815,94.7,34.19,221.08,50.39,93.70736587167075
2025-10-22 12:24:49.682814,129.7,82.76,223.16,81.02,124.5450532995305
2025-10-22 12:24:50.682814,68.38,35.06,114.43,118.48,75.60413760332143
2025-10-22 12:24:51.682813,124.67,89.12,197.91,118.2,127.49783434408074
2025-10-22 12:24:52.682813,87.9,21.24,178.54,133.63,91.01495279397321
2025-10-22 12:24:53.682812,91.73,31.9,230.55,12.18,87.82932188130319
2025-10-22 12:24:54.682812,151.74,70.98,274.89,133.51,144.6623355993245
2025-10-22 12:24:55.682811,89.63,71.61,132.21,90.53,93.5576652528072
2025-10-22 12:24:56.682811,132.47,89.58,273.04,11.96,129.21347365079862
2025-10-22 12:24:57.682810,86.45,95.94,103.68,41.27,87.28989119380407
2025-10-22 12:24:58.682810,141.97,79.66,275.35,80.51,138.58987826501033
2025-10-22 12:24:59.682809,99.51,50.14,205.43,33.58,93.59036047113129
2025-10-22 12:25:00.682809,92.89,45.11,166.49,124.77,97.49331686377882
2025-10-22 12:25:01.682808,83.53,26.38,229.9,26.59,87.7525824091613
2025-10-22 12:25:02.682807,110.36,24.97,299.91,13.98,105.59057219344344
2025-10-22 12:25:03.682807,76.15,67.31,115.03,57.31,79.66182816983586
2025-10-22 12:25:04.682806,149.89,75.23,290.43,130.39,150.82508519805253
2025-10-22 12:25:05.682806,54.97,46.71,53.56,100.65,59.556906924245865
2025-10-22 12:25:06.682805,120.38,39.79,295.77,45.49,117.96556516258576
2025-10-22 12:25:07.682805,120.18,69.28,268.78,31.5,121.72716268009964
2025-10-22 12:25:08.682804,76.45,41.28,89.14,141.43,75.64996606072026
2025-10-22 12:25:09.682804,137.12,91.72,196.8,141.21,133.0246121795555
2025-10-22 12:25:10.682803,73.22,53.09,117.67,32.16,68.39687254955342
2025-10-22 12:25:11.682803,98.88,71.14,221.8,14.96,105.24690469785668
2025-10-22 12:25:12.682802,113.13,86.46,154.44,120.7,113.607285158836
2025-10-22 12:25:13.682802,124.46,64.48,248.07,61.61,119.09613949415277
2025-10-22 12:25:14.682801,58.65,59.12,89.14,26.49,61.691971117369754
2025-10-22 12:25:15.682801,49.42,35.03,88.17,19.84,48.11148852512701
2025-10-22 12:25:16.682800,122.79,55.15,288.48,40.93,122.50036127755273
2025-10-22 12:25:17.682800,77.38,61.65,125.73,22.34,73.12246820711205
2025-10-22 12:25:18.682799,39.56,30.72,69.83,36.54,43.77367636832032
2025-10-22 12:25:19.682798,90.31,74.07,105.22,64.34,81.46769504775564
2025-10-22 12:25:20.682798,102.48,44.18,222.99,33.87,95.96468943024249
2025-10-22 12:25:21.682797,102.59,88.43,135.6,109.88,106.77515924226051
2025-10-22 12:25:22.682797,66.49,56.03,51.46,143.57,72.07795301946669
2025-10-22 12:25:23.682796,90.29,78.87,148.03,30.81,90.06206195442681
2025-10-22 12:25:24.682796,121.05,85.15,218.53,73.04,122.75644295956207
2025-10-22 12:25:25.682795,81.38,41.57,153.1,117.79,90.32415938297258
2025-10-22 12:25:26.682795,133.53,85.91,222.25,135.64,136.6813812552678
2025-10-22 12:25:27.682794,155.97,83.07,297.85,118.34,154.55783852777483
2025-10-22 12:25:28.682794,102.71,42.44,217.57,93.22,105.25514656967655
2025-10-22 12:25:29.682793,93.86,73.88,166.2,21.17,91.13004867202963
2025-10-22 12:25:30.682793,109.67,71.74,198.68,31.76,101.93169220342246
2025-10-22 12:25:31.682792,125.9,82.97,279.6,38.53,133.17660777485975
2025-10-22 12:25:32.682791,87.58,64.26,168.54,33.14,89.43052838314371
2025-10-22 12:25:33.682791,149.74,96.95,272.55,85.67,147.3629795995925
2025-10-22 12:25:34.682790,63.96,41.85,104.71,15.41,55.591544413197674
2025-10-22 12:25:35.682790,95.0,61.35,156.73,120.66,101.81228466204345
2025-10-22 12:25:36.682789,62.1,45.12,108.78,84.56,72.16922233606184
2025-10-22 12:25:37.682789,111.98,49.7,194.46,136.9,110.58885047607318
2025-10-22 12:25:38.682788,84.37,24.21,223.06,39.94,87.26928257348386
2025-10-22 12:25:39.682788,97.97,73.69,103.75,142.72,96.39946859700328
2025-10-22 12:25:40.682787,46.77,38.97,66.68,75.06,54.573905976819574
2025-10-22 12:25:41.682787,116.99,45.94,281.77,44.64,116.64444045436932
2025-10-22 12:25:42.682786,102.06,62.48,224.96,32.62,105.40055115230804
2025-10-22 12:25:43.682786,84.17,83.37,84.76,72.62,81.58272320373074
2025-10-22 12:25:44.682785,98.16,24.44,218.45,62.31,90.43954487984374
2025-10-22 12:25:45.682785,120.4,55.69,245.44,38.26,109.30239520441349
2025-10-22 12:25:46.682784,100.31,70.22,208.63,19.0,101.63358597177225
2025-10-22 12:25:47.682784,65.68,24.64,88.25,73.18,53.564180444870324
2025-10-22 12:25:48.682783,120.59,58.56,214.39,131.88,119.98418994611094
2025-10-22 12:25:49.682782,82.71,60.66,141.46,41.05,81.07330594138294
2025-10-22 12:25:50.682782,109.6,58.56,262.4,22.52,112.70061062803728
2025-10-22 12:25:51.682781,56.98,37.98,86.57,34.25,51.95734668551514
2025-10-22 12:25:52.682781,78.08,31.37,184.67,69.38,85.13337978646723
2025-10-22 12:25:53.682780,51.38,21.61,53.53,97.59,46.469951736474115
2025-10-22 12:25:54.682780,101.73,74.71,152.76,111.34,105.40618568533753
2025-10-22 12:25:55.682779,54.24,53.49,82.8,16.46,54.99781608291401
2025-10-22 12:25:56.682779,135.54,86.0,268.27,23.89,128.36986526067756
2025-10-22 12:25:57.682778,119.26,78.43,271.76,10.33,122.96549068787573
2025-10-22 12:25:58.682778,118.4,53.69,260.65,89.76,123.10561804627184
2025-10-22 12:25:59.682777,113.86,77.57,200.66,97.64,118.503817183688
2025-10-22 12:26:00.682777,120.36,91.74,177.58,65.93,112.31089106075187
2025-10-22 12:26:01.682776,109.89,48.8,262.29,68.26,116.90021330301371
2025-10-22 12:26:02.682776,108.53,72.38,178.24,113.68,112.37146658832962
2025-10-22 12:26:03.682775,130.81,86.16,212.28,126.22,131.93865402220234
2025-10-22 12:26:04.682774,71.67,38.98,149.69,40.59,72.6843622580864
2025-10-22 12:26:05.682774,97.91,91.0,131.39,29.3,90.7874434899277
2025-10-22 12:26:06.682773,134.39,79.76,239.49,97.29,131.19314043322476
2025-10-22 12:26:07.682773,130.49,42.62,281.58,102.34,126.39423282991551
2025-10-22 12:26:08.682772,95.88,76.06,89.45,148.96,94.51789066162438
2025-10-22 12:26:09.682772,75.25,48.85,84.46,139.36,77.59332859699693
2025-10-22 12:26:10.682771,129.12,76.96,269.71,83.21,136.08936902012536
2025-10-22 12:26:11.682771,98.43,90.61,118.91,58.21,92.58278227241541
2025-10-22 12:26:12.682770,125.68,73.95,257.25,68.26,127.88060356498721
2025-10-22 12:26:13.682770,79.11,21.02,147.59,95.98,74.12787574181014
2025-10-22 12:26:14.682769,97.94,50.0,160.51,147.57,102.65240483884406
2025-10-22 12:26:15.682769,81.35,83.83,68.08,114.65,85.14299465480435
2025-10-22 12:26:16.682768,139.61,82.0,275.74,45.33,132.88466524287506
2025-10-22 12:26:17.682768,110.86,45.46,189.38,131.32,105.84754200035609
2025-10-22 12:26:18.682767,61.58,50.57,116.2,10.35,62.37265554583428
2025-10-22 12:26:19.682767,92.27,92.32,121.5,55.24,93.62111404618135
2025-10-22 12:26:20.682766,111.85,88.98,190.47,58.53,113.34459730586966
2025-10-22 12:26:21.682766,146.27,69.03,299.88,104.42,145.42869264436658
2025-10-22 12:26:22.682765,96.51,43.39,236.91,31.87,99.3588963741181
2025-10-22 12:26:23.682764,94.89,21.01,230.7,56.32,91.22797417389256
2025-10-22 12:26:24.682764,87.15,85.46,56.92,130.65,85.77537752214899
2025-10-22 12:26:25.682763,63.57,33.47,79.93,87.41,58.2758795922991
2025-10-22 12:26:26.682763,123.89,38.8,284.32,110.77,126.9936680890673
2025-10-22 12:26:27.682762,90.49,73.52,186.39,22.14,97.21210083358254
2025-10-22 12:26:28.682762,90.74,47.3,138.99,123.39,90.04195644927525
2025-10-22 12:26:29.682761,72.98,90.01,50.22,74.74,74.9212269183332
2025-10-22 12:26:30.682761,99.13,34.59,220.93,70.31,97.81613977183751
2025-10-22 12:26:31.682760,121.91,91.29,139.77,148.06,117.03008340866114
2025-10-22 12:26:32.682760,31.48,21.66,58.36,10.93,30.7401097398934
2025-10-22 12:26:33.682759,54.5,35.25,100.88,31.53,54.36197020539455
2025-10-22 12:26:34.682759,88.2,53.46,107.32,117.03,82.32088282642589
2025-10-22 12:26:35.682758,97.64,58.07,174.95,66.59,94.9232738135451
2025-10-22 12:26:36.682758,106.89,54.35,257.01,36.4,111.74482689787482
2025-10-22 12:26:37.682757,118.54,80.46,165.17,125.21,114.74679625082669
2025-10-22 12:26:38.682757,90.4,51.75,158.61,72.36,88.01780157439686
2025-10-22 12:26:39.682756,81.01,76.96,105.06,17.13,73.48186586941824
2025-10-22 12:26:40.682755,143.15,84.52,265.94,133.55,148.70730753959884
2025-10-22 12:26:41.682755,81.05,49.14,119.28,120.07,84.37288443313501
2025-10-22 12:26:42.682754,91.14,38.15,183.75,121.11,98.49637537696302
2025-10-22 12:26:43.682754,124.36,77.61,210.14,96.69,121.18438061337997
2025-10-22 12:26:44.682753,96.57,39.18,215.49,58.87,96.19011134936143
2025-10-22 12:26:45.682753,132.59,93.23,178.77,117.35,123.61830039157267
2025-10-22 12:26:46.682752,69.67,33.08,134.84,59.09,68.96294121761062
2025-10-22 12:26:47.682752,111.9,93.54,194.18,44.22,113.88395236801139
2025-10-22 12:26:48.682751,61.25,26.22,61.42,138.27,59.20878562170475
2025-10-22 12:26:49.682751,62.58,28.57,88.01,113.08,63.366745411616456
2025-10-22 12:26:50.682750,130.51,49.02,293.88,102.56,133.31450472603427
2025-10-22 12:26:51.682750,97.41,56.29,145.42,132.48,98.24586527305613
2025-10-22 12:26:52.682749,105.3,24.0,297.27,40.94,109.66809249503308
2025-10-22 12:26:53.682749,101.17,67.58,131.04,148.84,102.78127657035137
2025-10-22 12:26:54.682748,111.63,89.43,159.17,130.57,118.46420821851541
2025-10-22 12:26:55.682748,112.36,61.71,241.36,24.69,108.37267988794041
2025-10-22 12:26:56.682747,128.21,85.65,252.89,60.36,130.81449390161444
2025-10-22 12:26:57.682747,85.24,85.67,122.07,25.63,84.60944800360721
2025-10-22 12:26:58.682746,121.82,80.78,257.7,11.39,120.11761887591089
2025-10-22 12:26:59.682745,113.62,96.51,158.96,103.75,116.5935044912558
2025-10-22 12:27:00.682745,80.82,62.95,78.92,109.56,77.0166868951514
2025-10-22 12:27:01.682744,96.94,37.7,240.22,40.49,99.23830802890514
2025-10-22 12:27:02.682744,127.15,87.54,165.59,132.02,119.7427005565211
2025-10-22 12:27:03.682743,48.55,42.62,65.28,24.04,45.836493220289626
2025-10-22 12:27:04.682743,117.25,38.68,220.97,140.94,113.88381243636634
2025-10-22 12:27:05.682742,81.43,86.26,143.67,34.83,93.2213477070259
2025-10-22 12:27:06.682742,78.3,21.86,132.96,136.52,78.19725036126438
2025-10-22 12:27:07.682741,67.62,64.52,61.66,77.19,66.18195117064995
2025-10-22 12:27:08.682741,99.75,89.71,156.66,72.1,106.23966260914484
2025-10-22 12:27:09.682740,102.46,66.26,199.75,52.91,103.73002055522264
2025-10-22 12:27:10.682740,96.38,94.19,108.68,78.42,95.29939808565081
2025-10-22 12:27:11.682739,90.12,96.86,76.61,82.5,87.79703953848366
2025-10-22 12:27:12.682739,72.57,79.9,69.4,103.79,81.43094292119896
2025-10-22 12:27:13.682738,115.51,79.56,201.46,94.1,119.03008362535927
2025-10-22 12:27:14.682738,118.2,84.88,192.18,60.35,112.18292441016852
2025-10-22 12:27:15.682737,92.81,46.97,124.33,136.37,88.04897281444092
2025-10-22 12:27:16.682736,105.93,37.28,218.06,148.55,113.82459241970462
2025-10-22 12:27:17.682736,123.26,21.17,274.67,135.1,120.16492305108954
2025-10-22 12:27:18.682735,70.45,50.87,77.17,106.59,69.89933306982304
2025-10-22 12:27:19.682735,85.16,29.25,135.77,128.62,81.14483221850728
2025-10-22 12:27:20.682734,80.06,84.96,128.61,38.31,88.73998686576456
2025-10-22 12:27:21.682734,131.94,96.18,158.64,144.13,124.35084314779338
2025-10-22 12:27:22.682733,121.27,87.63,173.21,124.32,120.54884667702997
2025-10-22 12:27:23.682733,149.32,87.98,290.89,123.57,155.9437806565209
2025-10-22 12:27:24.682732,90.33,80.14,79.97,125.92,89.12102944990853
2025-10-22 12:27:25.682732,102.96,70.14,137.04,115.4,99.21698787154438
2025-10-22 12:27:26.682731,89.46,97.81,69.76,70.33,83.79382634016662
2025-10-22 12:27:27.682731,116.58,30.7,273.36,84.02,114.36399421217745
2025-10-22 12:27:28.682730,120.06,80.09,242.96,19.38,116.93096521852391
2025-10-22 12:27:29.682730,115.72,71.13,174.22,145.67,116.8938109465739
2025-10-22 12:27:30.682729,99.21,28.57,252.4,53.68,100.9819800683562
2025-10-22 12:27:31.682729,52.5,20.77,92.4,56.42,49.56107629275035
2025-10-22 12:27:32.682728,150.66,96.53,282.78,99.97,153.06831853344806
2025-10-22 12:27:33.682727,94.27,51.54,183.06,61.92,93.18930377059931
2025-10-22 12:27:34.682727,79.8,59.99,85.6,97.81,75.22085215162782
2025-10-22 12:27:35.682726,69.33,46.06,91.3,79.72,66.42145848240483
2025-10-22 12:27:36.682726,113.09,90.38,183.45,43.43,108.9321081570528
2025-10-22 12:27:37.682725,105.47,74.53,148.39,109.58,103.65385845101417
2025-10-22 12:27:38.682725,94.02,28.23,237.5,36.32,92.88787001425102
2025-10-22 12:27:39.682724,74.27,52.45,148.28,58.17,82.44335889133079
2025-10-22 12:27:40.682724,100.32,46.18,174.41,108.96,97.26627726798502
2025-10-22 12:27:41.682723,92.43,55.34,194.86,36.02,93.48140325495068
2025-10-22 12:27:42.682723,133.81,98.65,235.88,87.65,137.57916388802875
2025-10-22 12:27:43.682722,137.0,53.46,268.73,139.58,135.31166466721228
2025-10-22 12:27:44.682722,95.68,39.49,214.97,71.95,98.78487763612516
2025-10-22 12:27:45.682721,78.83,57.22,114.11,51.85,73.28823567601376
2025-10-22 12:27:46.682721,102.16,80.2,149.88,75.14,100.0806253940174
2025-10-22 12:27:47.682720,125.58,53.89,283.44,76.43,127.40807809407706
2025-10-22 12:27:48.682720,84.3,80.53,81.88,146.19,93.91348235311317
2025-10-22 12:27:49.682719,62.81,85.85,54.69,10.45,61.43311455598868
2025-10-22 12:27:50.682719,52.17,20.89,137.96,19.91,56.0651505420341
2025-10-22 12:27:51.682718,69.77,26.05,97.81,127.13,67.8498676639708
2025-10-22 12:27:52.682717,82.59,43.46,145.03,131.13,91.4863048595935
2025-10-22 12:27:53.682717,87.66,45.5,162.71,71.47,85.96821681907441
2025-10-22 12:27:54.682716,124.14,52.3,239.44,109.57,119.97342621891252
2025-10-22 12:27:55.682716,95.38,68.0,159.98,91.27,100.25760940102745
2025-10-22 12:27:56.682715,82.49,74.47,106.62,96.7,88.51230650875709
2025-10-22 12:27:57.682715,129.13,36.06,280.88,138.89,130.1816737248337
2025-10-22 12:27:58.682714,88.96,39.75,184.53,125.54,100.4053156984559
2025-10-22 12:27:59.682714,29.14,25.32,56.45,18.87,33.5609197282659
2025-10-22 12:28:00.682713,88.77,45.42,151.46,67.42,81.74303549507675
2025-10-22 12:28:01.682713,148.1,58.93,292.63,142.89,145.86990961531757
2025-10-22 12:28:02.682712,108.98,92.76,147.79,106.62,111.94298036920813
2025-10-22 12:28:03.682712,90.22,75.08,151.96,11.43,85.51237827192897
2025-10-22 12:28:04.682711,129.93,50.39,269.48,107.1,127.56290237958109
2025-10-22 12:28:05.682711,67.48,33.69,138.12,40.22,66.50519560714115
2025-10-22 12:28:06.682710,105.17,55.89,185.58,138.92,111.39630860085363
2025-10-22 12:28:07.682710,124.5,77.02,291.29,16.39,129.33812620341968
2025-10-22 12:28:08.682709,73.92,69.94,53.26,63.35,63.60210935275068
2025-10-22 12:28:09.682709,119.31,73.44,198.73,98.2,115.98302562325671
2025-10-22 12:28:10.682708,90.24,47.67,142.94,79.18,82.63507683947199
2025-10-22 12:28:11.682707,77.54,52.86,91.53,110.33,75.94664760215618
2025-10-22 12:28:12.682707,60.13,41.81,114.23,42.72,63.85542253897609
2025-10-22 12:28:13.682706,70.37,73.13,79.89,62.82,73.0856832920893
2025-10-22 12:28:14.682706,76.6,24.69,163.55,13.7,64.41143932861368
2025-10-22 12:28:15.682705,101.34,72.5,114.16,101.39,90.73098414840453
2025-10-22 12:28:16.682705,92.07,31.47,247.58,29.62,96.19695251967988
2025-10-22 12:28:17.682704,97.54,73.07,119.66,114.97,95.3635749809665
2025-10-22 12:28:18.682704,142.94,96.86,248.24,117.36,146.30370672537998
2025-10-22 12:28:19.682703,122.21,44.31,254.94,119.96,122.72540102200657
2025-10-22 12:28:20.682703,46.73,21.07,87.2,29.3,42.762519227870406
2025-10-22 12:28:21.682702,134.19,79.47,278.84,111.28,145.65383745057807
2025-10-22 12:28:22.682702,91.62,67.5,189.5,30.75,96.86546176669556
2025-10-22 12:28:23.682700,118.94,51.72,281.28,68.27,124.06057901350194
2025-10-22 12:28:24.682700,106.55,28.47,257.16,66.28,104.8647020920682
2025-10-22 12:28:25.682699,138.42,56.88,294.09,129.7,142.67134953000698
2025-10-22 12:28:26.682699,142.21,92.0,250.8,72.99,135.8488714183976
2025-10-22 12:28:27.682698,113.07,25.94,287.67,38.38,107.23826810601972
2025-10-22 12:28:28.682697,118.12,87.23,230.76,51.72,123.23260142396612
2025-10-22 12:28:29.682697,125.83,88.57,210.83,105.14,128.5147503800618
2025-10-22 12:28:30.682696,112.41,52.06,269.36,57.14,118.43695189577052
2025-10-22 12:28:31.682696,92.55,78.48,114.01,112.18,95.79928976103643
2025-10-22 12:28:32.682695,92.95,55.88,198.31,39.74,95.52523187182081
2025-10-22 12:28:33.682695,141.66,46.14,287.55,142.28,137.86752106445124
2025-10-22 12:28:34.682694,115.68,63.47,197.24,139.49,118.7799710939847
2025-10-22 12:28:35.682694,67.75,56.37,105.06,35.73,66.94522501103859
2025-10-22 12:28:36.682693,154.36,98.18,280.52,96.48,152.51587603883044
2025-10-22 12:28:37.682693,78.51,67.54,103.92,74.5,79.84995552110371
2025-10-22 12:28:38.682692,110.03,89.76,178.97,64.32,111.42528502291319
2025-10-22 12:28:39.682692,114.34,96.59,197.72,55.07,118.61753420526124
2025-10-22 12:28:40.682691,82.85,30.04,159.56,37.62,70.6195599846897
2025-10-22 12:28:41.682691,76.73,48.68,104.37,89.14,73.52181852071999
2025-10-22 12:28:42.682690,95.58,73.27,199.88,26.01,101.91084541250851
2025-10-22 12:28:43.682690,74.66,56.88,168.91,29.13,85.07896009953521
2025-10-22 12:28:44.682689,128.96,57.38,276.48,81.93,128.1421336258235
2025-10-22 12:28:45.682688,87.78,91.05,132.83,46.41,94.64229183928578
2025-10-22 12:28:46.682688,97.88,55.84,173.14,37.07,87.41012153617771
2025-10-22 12:28:47.682687,77.72,58.14,130.82,58.19,80.02649318798417
2025-10-22 12:28:48.682687,74.32,96.09,58.61,78.68,81.2459305347507
2025-10-22 12:28:49.682686,48.08,43.85,64.17,12.28,43.77901463695644
2025-10-22 12:28:50.682686,125.88,64.88,273.94,91.55,133.0149735601404
2025-10-22 12:28:51.682685,140.8,61.0,270.89,117.96,135.41429283918504
2025-10-22 12:28:52.682685,113.61,94.71,139.89,88.13,106.86616684113483
2025-10-22 12:28:53.682684,92.81,21.99,219.51,69.59,90.98635926642987
2025-10-22 12:28:54.682684,122.16,71.42,198.03,140.71,123.20942525791799
2025-10-22 12:28:55.682683,118.85,85.71,226.52,84.83,127.77705562848296
2025-10-22 12:28:56.682683,145.79,91.22,292.62,74.1,148.25117621874014
2025-10-22 12:28:57.682682,92.67,27.21,236.23,33.14,91.36800327254461
2025-10-22 12:28:58.682682,114.44,68.68,225.6,50.11,112.14589029581964
2025-10-22 12:28:59.682681,86.39,31.99,208.61,31.68,85.15147513728735
2025-10-22 12:29:00.682681,103.59,44.81,184.53,80.77,94.03015550701882
2025-10-22 12:29:01.682680,111.05,75.14,152.21,142.83,111.70687006379677
2025-10-22 12:29:02.682680,135.5,94.74,212.77,136.83,138.45533110000343
2025-10-22 12:29:03.682679,41.76,24.74,101.87,20.07,47.16247733128533
2025-10-22 12:29:04.682678,60.55,24.41,80.32,111.96,58.76625573991573
2025-10-22 12:29:05.682678,100.08,30.11,220.31,82.6,97.8441906950092
2025-10-22 12:29:06.682677,74.21,46.3,107.47,67.0,68.87519709629026
2025-10-22 12:29:07.682677,77.82,65.65,80.27,148.7,86.53514661376299
2025-10-22 12:29:08.682676,78.84,40.43,131.99,130.32,85.9007825230766
2025-10-22 12:29:09.682676,129.58,33.73,270.44,128.6,123.843128785393
2025-10-22 12:29:10.682675,70.21,32.39,112.15,98.45,69.61536244121007
2025-10-22 12:29:11.682675,84.55,48.15,190.48,23.72,86.15058590187745
2025-10-22 12:29:12.682674,56.69,54.83,90.63,38.63,62.418819320985996
2025-10-22 12:29:13.682674,134.6,69.63,250.0,117.39,133.31003312177472
2025-10-22 12:29:14.682673,103.36,33.55,194.76,100.72,95.47169344897063
2025-10-22 12:29:15.682673,119.68,95.13,205.08,62.59,121.59739110462128
2025-10-22 12:29:16.682672,110.96,63.51,227.31,54.68,110.99862583533977
2025-10-22 12:29:17.682672,66.83,52.32,89.7,135.67,80.1596058882715
2025-10-22 12:29:18.682671,104.36,43.12,203.95,95.1,101.87263066375564
2025-10-22 12:29:19.682671,75.2,35.89,167.84,33.55,75.20654170191062
2025-10-22 12:29:20.682670,58.31,31.23,140.55,27.3,63.44808850354089
2025-10-22 12:29:21.682670,108.64,62.58,180.48,86.28,102.73552620005708
2025-10-22 12:29:22.682669,102.38,79.02,169.87,52.04,100.91605510553275
2025-10-22 12:29:23.682668,92.89,36.58,206.35,44.85,89.36755802686027
2025-10-22 12:29:24.682668,117.54,40.15,277.61,94.87,122.4906708685636
2025-10-22 12:29:25.682667,110.64,47.56,239.93,77.1,111.31880155781472
2025-10-22 12:29:26.682667,63.09,43.81,103.23,71.12,67.18174810465042
2025-10-22 12:29:27.682666,72.14,43.18,158.53,13.79,72.10683828504848
2025-10-22 12:29:28.682666,105.09,33.19,167.44,148.25,96.51863075076152
2025-10-22 12:29:29.682665,103.74,68.09,203.65,33.47,101.95157834711362
2025-10-22 12:29:30.682665,74.59,66.06,59.64,132.19,77.26021370643535
2025-10-22 12:29:31.682664,99.37,67.5,169.81,47.88,94.34859681512579
2025-10-22 12:29:32.682664,144.37,87.98,245.09,123.05,142.07486441436114
2025-10-22 12:29:33.682663,116.23,86.3,159.39,149.25,120.68418525679664
2025-10-22 12:29:34.682663,104.17,73.58,175.11,109.43,111.1830656233163
2025-10-22 12:29:35.682662,73.3,88.91,55.74,82.92,77.65795384671384
2025-10-22 12:29:36.682662,91.03,61.43,117.55,139.31,93.77903901070997
2025-10-22 12:29:37.682661,107.77,82.74,149.57,85.61,103.32821808223771
2025-10-22 12:29:38.682661,139.7,96.83,207.61,147.27,140.01567650983577
2025-10-22 12:29:39.682660,85.99,65.98,103.28,52.92,74.59782487316276
2025-10-22 12:29:40.682659,101.31,70.66,166.04,67.56,98.69293392724275
2025-10-22 12:29:41.682659,134.58,88.62,252.19,54.76,130.96779657974014
2025-10-22 12:29:42.682658,107.8,58.18,235.95,51.15,110.24649363602663
2025-10-22 12:29:43.682658,95.82,35.57,224.11,60.04,97.21969905245987
2025-10-22 12:29:44.682657,64.77,57.23,113.19,50.21,72.6910654125236
2025-10-22 12:29:45.682657,86.34,20.19,217.45,24.59,80.53814026943539
2025-10-22 12:29:46.682656,61.02,36.14,130.51,16.77,60.77914771842228
2025-10-22 12:29:47.682656,100.69,33.78,231.08,70.76,100.55374599829784
2025-10-22 12:29:48.682655,135.2,95.7,221.45,77.54,129.76908859924498
2025-10-22 12:29:49.682655,95.62,30.83,176.86,104.82,89.55434694099064
2025-10-22 12:29:50.682654,109.73,58.68,195.6,128.47,113.7192204855427
2025-10-22 12:29:51.682654,94.02,22.44,154.81,147.81,87.29429255358818
2025-10-22 12:29:52.682653,42.91,54.77,70.43,40.91,56.77038322813348
2025-10-22 12:29:53.682653,97.96,30.86,150.61,130.16,86.71081007307326
2025-10-22 12:29:54.682652,64.35,59.18,105.45,48.5,70.99401975743635
2025-10-22 12:29:55.682651,87.49,45.42,168.06,51.77,83.62502337637049
2025-10-22 12:29:56.682651,88.24,28.17,251.14,14.28,92.58165121620041
2025-10-22 12:29:57.682650,126.54,73.23,226.8,99.4,124.55368513424138
2025-10-22 12:29:58.682650,50.81,25.01,125.42,19.5,54.2616462711753
2025-10-22 12:29:59.682649,94.97,59.49,141.68,103.06,92.87026039579051
2025-10-22 12:30:00.682649,103.68,70.01,208.47,49.25,107.48731656974579
2025-10-22 12:30:01.682648,94.77,92.2,114.16,27.74,85.89524073942773
2025-10-22 12:30:02.682648,59.27,29.68,70.74,128.91,61.87059978517274
2025-10-22 12:30:03.682647,126.87,98.21,208.94,50.83,121.95282923299132
2025-10-22 12:30:04.682647,84.4,70.91,70.74,119.32,80.45070351545908
2025-10-22 12:30:05.682646,46.58,30.49,60.31,82.39,49.90161287581084
2025-10-22 12:30:06.682646,96.87,31.66,207.79,72.13,92.77243209248131
2025-10-22 12:30:07.682645,83.95,75.32,126.95,27.3,81.26559651228541
2025-10-22 12:30:08.682645,103.92,39.13,192.94,116.74,100.87775137236042
2025-10-22 12:30:09.682644,98.67,62.46,156.79,123.67,102.97943411784753
2025-10-22 12:30:10.682644,69.12,48.53,124.18,55.45,72.71222950851497
2025-10-22 12:30:11.682643,94.3,89.03,99.32,75.21,89.28517413059862
2025-10-22 12:30:12.682643,134.51,78.21,238.85,82.03,127.20081752533311
2025-10-22 12:30:13.682642,58.33,24.55,132.74,30.6,58.43711935068298
2025-10-22 12:30:14.682641,145.33,81.23,260.38,120.38,142.78671762950285
2025-10-22 12:30:15.682641,142.95,72.59,279.46,112.56,142.6761555046604
2025-10-22 12:30:16.682640,85.14,30.57,148.63,137.2,87.36941616728686
2025-10-22 12:30:17.682640,81.21,87.13,55.8,117.07,83.57213549698477
2025-10-22 12:30:18.682639,84.96,96.54,66.65,62.88,80.74891056683802
2025-10-22 12:30:19.682639,130.05,79.03,297.79,17.65,132.5405665611386
2025-10-22 12:30:20.682638,106.14,44.98,189.69,104.07,100.29173604870437
2025-10-22 12:30:21.682638,62.33,64.75,72.84,43.37,62.941508152029165
2025-10-22 12:30:22.682637,109.64,33.65,242.03,126.87,114.92096690612252
2025-10-22 12:30:23.682637,104.48,42.48,241.98,73.6,108.71613922492928
2025-10-22 12:30:24.682636,77.09,58.47,72.53,107.26,72.41365135605255
2025-10-22 12:30:25.682636,124.3,46.26,288.0,88.29,127.34264850744232
2025-10-22 12:30:26.682635,137.88,66.87,298.97,65.67,136.3882011745815
2025-10-22 12:30:27.682635,95.14,81.35,158.53,37.49,95.77639718976744
2025-10-22 12:30:28.682634,72.87,36.05,131.65,61.84,70.02574537821263
2025-10-22 12:30:29.682634,90.63,68.11,105.27,141.02,93.74648637786586
2025-10-22 12:30:30.682633,67.31,31.33,99.46,95.16,64.62138135881494
2025-10-22 12:30:31.682633,110.51,31.03,208.51,137.58,105.67096759603288
2025-10-22 12:30:32.682632,79.09,75.73,112.06,15.88,74.72650304637042
2025-10-22 12:30:33.682631,85.23,29.07,215.54,53.14,90.04451731985155
2025-10-22 12:30:34.682631,80.42,81.06,82.81,89.9,83.27991189700307
2025-10-22 12:30:35.682630,66.5,55.45,148.25,10.26,74.41226823178579
2025-10-22 12:30:36.682630,152.5,63.59,284.13,136.75,144.41126196511038
2025-10-22 12:30:37.682629,113.31,66.61,192.99,94.43,110.11594014247677
2025-10-22 12:30:38.682629,73.87,45.8,63.9,146.38,71.29230569377044
2025-10-22 12:30:39.682628,102.1,82.19,143.03,63.91,96.78075045366462
2025-10-22 12:30:40.682628,120.62,98.58,193.07,73.35,121.83811899257668
2025-10-22 12:30:41.682627,103.81,64.76,227.33,34.71,107.66061714699994
2025-10-22 12:30:42.682627,120.3,75.2,249.5,44.05,121.36538562786627
2025-10-22 12:30:43.682626,117.43,61.71,170.79,125.94,107.26536984574219
2025-10-22 12:30:44.682626,71.03,95.14,63.45,29.93,72.5493177822363
2025-10-22 12:30:45.682625,63.82,23.41,167.62,72.03,76.58023457183847
2025-10-22 12:30:46.682625,71.56,47.34,97.62,95.88,72.16551694454222
2025-10-22 12:30:47.682624,78.08,22.45,180.74,67.44,79.13528651439121
2025-10-22 12:30:48.682624,123.35,90.97,213.99,79.57,125.5799703109033
2025-10-22 12:30:49.682623,75.08,39.41,153.07,60.31,77.82930937009469
2025-10-22 12:30:50.682623,101.46,30.0,255.32,38.24,99.50445972769936
2025-10-22 12:30:51.682622,121.42,68.86,271.96,25.42,121.26709006482464
2025-10-22 12:30:52.682622,92.74,71.61,129.83,62.68,87.31269854860747
2025-10-22 12:30:53.682621,78.41,33.36,94.12,133.61,71.65921707499618
2025-10-22 12:30:54.682620,92.43,47.95,211.47,48.02,97.18476315493814
2025-10-22 12:30:55.682620,90.65,38.47,215.71,10.88,86.37504623142434
2025-10-22 12:30:56.682619,102.19,91.9,158.85,16.22,96.89093795972359
2025-10-22 12:30:57.682619,76.89,28.85,140.99,107.42,78.30575524746682
2025-10-22 12:30:58.682618,70.95,42.73,189.57,15.59,81.57005411577035
2025-10-22 12:30:59.682618,53.96,22.31,96.66,43.6,49.0611604705033
2025-10-22 12:31:00.682617,50.93,20.21,108.37,37.53,50.332183819440125
2025-10-22 12:31:01.682617,135.86,94.71,272.9,34.13,136.1219866133249
2025-10-22 12:31:02.682616,123.32,51.53,295.82,48.2,124.35142163373311
2025-10-22 12:31:03.682616,110.79,60.25,207.31,80.06,108.40697105895005
2025-10-22 12:31:04.682615,73.32,50.38,144.32,11.95,71.04769985275577
2025-10-22 12:31:05.682615,61.24,49.37,59.62,106.1,63.78196543160048
2025-10-22 12:31:06.682614,138.49,94.1,217.39,112.97,134.78853475054808
2025-10-22 12:31:07.682614,105.54,78.46,202.43,54.57,110.92641372493729
2025-10-22 12:31:08.682613,110.54,63.12,215.16,60.44,108.29670438867564
2025-10-22 12:31:09.682613,99.53,73.14,121.77,127.17,98.45485221335252
2025-10-22 12:31:10.682612,51.46,33.42,61.93,81.34,51.63574775431315
2025-10-22 12:31:11.682612,46.77,29.88,64.97,68.22,48.185698585256155
2025-10-22 12:31:12.682611,136.35,83.62,294.27,38.68,137.9385505543229
2025-10-22 12:31:13.682611,93.99,48.55,154.56,137.64,98.1720629700999
2025-10-22 12:31:14.682610,102.45,34.02,276.52,35.33,107.29580689842253
2025-10-22 12:31:15.682610,118.47,39.76,262.41,96.25,118.00238855922674
2025-10-22 12:31:16.682609,127.8,87.02,197.0,119.45,126.42917445453575
2025-10-22 12:31:17.682608,147.21,75.87,293.66,120.33,150.11644672105243
2025-10-22 12:31:18.682608,76.06,40.7,72.8,147.62,71.6796756898839
2025-10-22 12:31:19.682607,94.55,97.37,118.15,63.89,96.84067824916681
2025-10-22 12:31:20.682607,62.38,49.44,82.54,106.71,70.8267053886975
2025-10-22 12:31:21.682606,99.12,52.67,198.43,25.11,91.06168789562922
2025-10-22 12:31:22.682606,153.03,94.01,292.39,93.33,153.38632345555826
2025-10-22 12:31:23.682605,121.39,83.88,179.31,102.36,116.15899192638419
2025-10-22 12:31:24.682605,112.42,44.77,262.1,63.83,113.96131250572405
2025-10-22 12:31:25.682604,148.56,97.68,268.12,75.92,144.458313007532
2025-10-22 12:31:26.682604,95.35,22.02,212.96,136.63,102.34342169666056
2025-10-22 12:31:27.682603,136.53,86.94,229.88,140.53,140.4573023595876
2025-10-22 12:31:28.682603,99.44,28.62,217.39,102.14,100.10595862443292
2025-10-22 12:31:29.682602,90.22,41.34,223.99,34.32,94.94360716633301
2025-10-22 12:31:30.682602,109.99,55.04,272.05,73.42,123.95840886681863
2025-10-22 12:31:31.682601,130.68,63.39,252.56,76.3,122.82082147291554
2025-10-22 12:31:32.682601,110.74,31.41,238.96,78.82,103.34499849295277
2025-10-22 12:31:33.682600,135.87,47.29,279.99,122.49,132.2373202770697
2025-10-22 12:31:34.682600,125.5,47.82,265.88,82.0,120.22041886975964
2025-10-22 12:31:35.682599,59.34,50.82,114.04,13.9,62.55250626520338
2025-10-22 12:31:36.682598,99.56,75.36,178.65,35.88,98.52801010576495
2025-10-22 12:31:37.682598,64.83,81.84,79.79,42.11,73.27101411495823
2025-10-22 12:31:38.682597,128.39,66.82,238.66,93.97,123.85553778905768
2025-10-22 12:31:39.682597,92.25,82.15,137.79,96.9,101.73612301621262
2025-10-22 12:31:40.682596,150.86,76.43,268.71,148.88,148.5643043833859
2025-10-22 12:31:41.682596,82.54,24.87,180.37,40.38,74.85362418905187
2025-10-22 12:31:42.682595,116.24,24.31,250.55,145.26,116.4927166369435
2025-10-22 12:31:43.682595,107.68,59.79,237.23,38.88,108.99488832116394
2025-10-22 12:31:44.682594,85.25,25.84,189.68,80.02,86.00430878528842
2025-10-22 12:31:45.682594,132.87,82.57,200.52,139.71,129.29889845956055
2025-10-22 12:31:46.682593,95.9,90.98,73.25,88.13,84.9836494058199
2025-10-22 12:31:47.682593,125.5,22.34,291.69,86.37,116.18638253988864
2025-10-22 12:31:48.682592,110.58,85.8,117.2,138.26,105.57305428858594
2025-10-22 12:31:49.682592,128.62,46.29,284.1,64.58,121.47773397257924
2025-10-22 12:31:50.682591,112.7,89.91,194.02,81.05,119.34499505257101
2025-10-22 12:31:51.682591,57.54,66.2,71.93,42.09,63.13425348835041
2025-10-22 12:31:52.682590,97.53,63.37,165.79,36.47,88.82298379255963
2025-10-22 12:31:53.682590,92.89,51.4,133.56,133.6,92.4741074545973
2025-10-22 12:31:54.682589,69.63,58.08,132.55,21.96,73.32316680327943
2025-10-22 12:31:55.682588,76.67,58.51,120.61,43.64,74.25268644483916
2025-10-22 12:31:56.682588,117.03,20.13,279.83,129.21,120.02965165405519
2025-10-22 12:31:57.682587,72.34,90.92,69.87,38.81,74.14543229733313
2025-10-22 12:31:58.682587,120.38,33.48,283.87,100.92,122.25956994457519
2025-10-22 12:31:59.682586,97.65,91.85,87.89,137.3,99.57882531652096
2025-10-22 12:32:00.682586,68.7,37.5,118.67,51.67,64.8256113558387
2025-10-22 12:32:01.682585,123.35,52.5,259.75,128.65,129.96551954007228
2025-10-22 12:32:02.682585,83.86,52.39,154.16,41.77,80.92461586402767
2025-10-22 12:32:03.682584,56.55,33.51,104.52,11.09,50.533157059408836
2025-10-22 12:32:04.682584,112.98,38.15,279.62,40.7,111.34565896970528
2025-10-22 12:32:05.682583,108.06,51.53,195.34,105.01,105.43076129690999
2025-10-22 12:32:06.682583,119.23,25.76,273.97,142.07,123.61886689063844
2025-10-22 12:32:07.682582,98.69,81.92,139.32,80.06,98.73811896397353
2025-10-22 12:32:08.682582,133.51,61.4,296.61,79.72,135.75086646720843
2025-10-22 12:32:09.682581,114.85,64.68,262.34,64.68,124.0940532453691
2025-10-22 12:32:10.682580,119.1,36.33,284.96,56.42,115.16764024522905
2025-10-22 12:32:11.682580,53.19,37.0,106.39,33.74,57.326303523441595
2025-10-22 12:32:12.682579,115.68,79.77,184.16,117.56,118.59271699258045
2025-10-22 12:32:13.682579,75.66,21.93,194.98,35.04,76.72387961303038
2025-10-22 12:32:14.682578,149.12,66.83,289.23,119.28,144.0851638805572
2025-10-22 12:32:15.682578,99.51,89.92,108.42,134.38,104.21068701859116
2025-10-22 12:32:16.682577,80.01,68.56,94.04,74.67,77.42093576771033
2025-10-22 12:32:17.682577,99.53,62.73,184.87,100.82,107.01643581892915
2025-10-22 12:32:18.682576,133.19,58.0,279.6,88.11,130.61495784367443
2025-10-22 12:32:19.682576,145.11,71.45,298.19,71.48,139.58281326366614
2025-10-22 12:32:20.682575,54.03,52.6,50.19,65.97,54.58459988597081
2025-10-22 12:32:21.682575,126.53,84.25,279.04,29.49,131.84933632776577
2025-10-22 12:32:22.682574,121.87,50.9,230.48,143.3,123.28195561686161
2025-10-22 12:32:23.682574,100.69,44.94,210.8,59.36,97.73949966032997
2025-10-22 12:32:24.682573,134.1,71.28,287.09,41.27,130.16391918723397
2025-10-22 12:32:25.682573,112.96,74.09,189.24,49.13,103.71076924504781
2025-10-22 12:32:26.682572,129.73,69.94,255.91,54.66,122.7852862434983
2025-10-22 12:32:27.682572,74.5,70.55,99.21,35.83,72.25181715825536
2025-10-22 12:32:28.682571,97.5,59.72,162.99,90.89,96.97311439891978
2025-10-22 12:32:29.682570,118.1,81.48,249.51,12.62,118.24802506972308
2025-10-22 12:32:30.682570,91.41,69.31,114.18,93.97,87.67887012845844
2025-10-22 12:32:31.682569,110.71,92.8,187.05,59.05,114.31780832576406
2025-10-22 12:32:32.682569,104.81,81.68,158.86,44.5,97.43137461011564
2025-10-22 12:32:33.682568,115.07,53.21,196.64,149.2,115.43010906915248
2025-10-22 12:32:34.682568,81.14,34.87,173.54,107.08,91.01239404264066
2025-10-22 12:32:35.682567,140.99,81.01,262.76,106.97,140.7301866409506
2025-10-22 12:32:36.682567,113.61,38.92,234.55,103.27,110.60526323472018
2025-10-22 12:32:37.682566,110.11,64.55,256.36,12.73,111.91741301442225
2025-10-22 12:32:38.682566,77.18,70.93,69.67,101.14,76.5293913916821
2025-10-22 12:32:39.682565,67.46,60.91,73.45,76.42,67.77912753027456
2025-10-22 12:32:40.682565,70.92,50.1,90.91,101.11,72.55841977293605
2025-10-22 12:32:41.682564,98.54,49.47,196.02,102.92,104.19670684463874
2025-10-22 12:32:42.682564,112.94,44.86,256.95,51.47,110.00405575019943
2025-10-22 12:32:43.682563,121.07,33.29,251.44,139.87,120.15154019263161
2025-10-22 12:32:44.682562,50.42,41.85,50.41,71.36,50.38001354440265
2025-10-22 12:32:45.682562,112.79,25.54,274.42,105.31,116.3460988798481
2025-10-22 12:32:46.682561,113.43,57.29,223.97,138.78,123.60258702106762
2025-10-22 12:32:47.682561,128.02,92.78,224.86,83.92,130.61001562967627
2025-10-22 12:32:48.682560,70.74,88.09,83.73,16.59,72.49338515076973
2025-10-22 12:32:49.682560,100.19,70.65,219.69,10.68,103.5194801983589
2025-10-22 12:32:50.682559,70.28,43.4,103.33,91.23,71.0009563425832
2025-10-22 12:32:51.682559,91.9,66.68,194.69,15.92,95.07346736468335
2025-10-22 12:32:52.682558,139.13,89.58,275.25,38.19,135.08569318565685
2025-10-22 12:32:53.682557,111.71,65.46,217.66,64.9,111.09621770280829
2025-10-22 12:32:54.682557,93.67,24.94,187.27,130.13,94.78218111911326
2025-10-22 12:32:55.682556,73.95,23.73,173.31,34.5,70.9978064753251
2025-10-22 12:32:56.682556,130.7,90.27,244.58,99.16,138.31594126637282
2025-10-22 12:32:57.682555,140.7,55.45,284.23,136.43,140.3336048700129
2025-10-22 12:32:58.682555,96.86,60.12,172.43,67.52,95.36901007158298
2025-10-22 12:32:59.682554,79.75,62.59,155.2,24.85,82.94536539012303
2025-10-22 12:33:00.682554,73.75,62.92,98.1,55.16,71.96538224727554
2025-10-22 12:33:01.682553,122.89,83.06,240.63,26.56,119.13183031928389
2025-10-22 12:33:02.682553,82.55,66.53,81.44,138.86,85.37027330269368
2025-10-22 12:33:03.682552,59.31,75.33,63.75,14.29,59.69199985954529
2025-10-22 12:33:04.682552,111.62,35.83,292.14,41.17,114.04935481100785
2025-10-22 12:33:05.682551,45.79,28.11,52.83,102.53,50.46977875073402
2025-10-22 12:33:06.682551,135.34,46.62,273.19,124.73,130.30538772769037
2025-10-22 12:33:07.682550,132.94,66.85,294.48,54.31,132.77321384341678
2025-10-22 12:33:08.682549,103.84,57.47,194.84,91.06,105.46185707749659
2025-10-22 12:33:09.682549,104.38,34.65,232.57,89.57,105.16855696590183
2025-10-22 12:33:10.682548,94.45,76.37,177.76,13.49,94.3167604219238
2025-10-22 12:33:11.682548,108.01,94.01,97.7,149.58,106.0386720462084
2025-10-22 12:33:12.682547,158.88,82.14,296.13,125.02,154.9051424614629
2025-10-22 12:33:13.682547,48.36,22.03,122.9,28.18,53.74710626095674
2025-10-22 12:33:14.682546,81.36,87.98,69.63,100.62,84.88503390357022
2025-10-22 12:33:15.682546,68.21,23.03,97.65,134.95,67.85402380835468
2025-10-22 12:33:16.682545,97.6,68.9,165.69,83.31,100.84049224957913
2025-10-22 12:33:17.682545,80.92,21.77,220.05,42.53,85.66658201487226
2025-10-22 12:33:18.682544,90.11,71.21,147.15,56.59,91.1105021595159
2025-10-22 12:33:19.682543,82.67,39.18,126.68,126.54,82.93325075912637
2025-10-22 12:33:20.682542,136.27,97.56,203.46,122.12,134.13748841204057
2025-10-22 12:33:21.682542,123.14,97.27,224.12,75.94,131.0339235929699
2025-10-22 12:33:22.682541,91.48,57.37,169.2,15.46,82.6953821890007
2025-10-22 12:33:23.682540,103.47,50.8,249.91,76.69,115.84671096253693
2025-10-22 12:33:24.682540,87.7,93.4,52.02,142.05,90.51091886099148
2025-10-22 12:33:25.682539,69.01,77.81,79.26,15.36,65.7982745221907
2025-10-22 12:33:26.682539,97.2,70.77,208.69,23.36,102.79055519055308
2025-10-22 12:33:27.682538,61.76,75.04,69.44,23.81,63.148310190030486
2025-10-22 12:33:28.682538,103.48,49.64,223.89,83.38,108.77811039535851
2025-10-22 12:33:29.682537,128.06,96.89,246.47,19.75,126.40610051077097
2025-10-22 12:33:30.682537,85.6,62.36,153.67,28.05,83.00659925379918
2025-10-22 12:33:31.682536,78.45,76.8,132.81,34.91,85.27315549552534
2025-10-22 12:33:32.682536,159.06,89.34,279.79,148.68,158.26884918329395
2025-10-22 12:33:33.682535,90.33,42.31,146.98,108.43,86.99394857081452
2025-10-22 12:33:34.682535,75.51,81.75,77.21,20.44,68.14826321446746
2025-10-22 12:33:35.682534,51.48,26.93,60.25,104.03,52.41150671804307
2025-10-22 12:33:36.682533,108.61,67.85,251.43,12.94,112.11687666910697
2025-10-22 12:33:37.682533,85.9,37.24,137.17,141.42,88.076716726795
2025-10-22 12:33:38.682532,57.97,30.11,127.18,24.78,58.3728005589043
2025-10-22 12:33:39.682532,103.4,55.05,254.05,50.82,114.06604612780373
2025-10-22 12:33:40.682531,113.57,33.12,244.25,101.12,110.21221591036188
2025-10-22 12:33:41.682531,63.31,36.53,64.5,77.51,53.1928735393948
2025-10-22 12:33:42.682530,65.27,85.26,53.05,45.29,67.56456815780288
2025-10-22 12:33:43.682530,87.94,67.13,168.2,36.76,91.47298612314944
2025-10-22 12:33:44.682529,47.55,39.22,70.41,78.02,56.4069130965892
2025-10-22 12:33:45.682529,67.12,41.64,89.37,66.84,61.08806754136249
2025-10-22 12:33:46.682528,71.82,77.24,106.41,11.99,73.00618443809569
2025-10-22 12:33:47.682528,118.9,22.12,265.4,110.28,112.92268905975686
2025-10-22 12:33:48.682527,84.01,29.74,207.3,11.55,79.64305619307093
2025-10-22 12:33:49.682527,87.77,66.96,133.98,60.83,85.88245751081574
2025-10-22 12:33:50.682526,76.9,78.5,108.49,41.79,80.17415939017306
2025-10-22 12:33:51.682526,34.97,23.97,60.89,21.74,34.79453101940711
2025-10-22 12:33:52.682525,76.84,43.47,108.02,135.75,81.28483332483549
2025-10-22 12:33:53.682525,118.5,81.48,182.79,102.61,116.06219370222631
2025-10-22 12:33:54.682524,133.8,98.32,280.84,25.9,138.6679135800935
2025-10-22 12:33:55.682523,121.56,58.35,228.36,130.57,123.81858482174874
2025-10-22 12:33:56.682523,82.21,47.05,151.22,94.13,87.78401516724122
2025-10-22 12:33:57.682522,58.18,23.3,114.16,39.25,53.949133337167375
2025-10-22 12:33:58.682522,83.71,50.78,202.18,10.38,88.32513588614907
2025-10-22 12:33:59.682521,116.72,35.42,237.47,87.22,106.55726680783904
2025-10-22 12:34:00.682521,94.06,66.6,169.37,91.68,102.46571933520096
2025-10-22 12:34:01.682520,98.5,95.73,86.95,73.81,88.61801540291768
2025-10-22 12:34:02.682520,32.7,33.77,64.88,23.74,41.25977927395942
2025-10-22 12:34:03.682518,102.91,64.19,149.79,124.72,101.94350064993786
2025-10-22 12:34:04.682518,91.06,70.72,128.26,72.23,88.29479973260351
2025-10-22 12:34:05.682517,100.53,39.65,227.89,77.04,103.7582337417011
2025-10-22 12:34:06.682517,94.96,49.79,164.88,92.89,93.00477636267392
2025-10-22 12:34:07.682516,51.64,31.54,83.43,83.12,57.51718207911566
2025-10-22 12:34:08.682516,72.41,64.16,57.13,102.44,69.65495558773712
2025-10-22 12:34:09.682515,104.37,31.12,253.06,42.04,100.1361320805949
2025-10-22 12:34:10.682514,82.31,74.77,144.98,15.34,84.03678220092846
2025-10-22 12:34:11.682514,68.68,24.25,156.65,57.35,70.78569928262544
2025-10-22 12:34:12.682513,96.82,48.87,206.04,51.24,96.64913394276041
2025-10-22 12:34:13.682513,104.72,63.95,148.81,140.13,104.58937669260987
2025-10-22 12:34:14.682512,108.01,90.71,204.28,10.22,108.76287236282077
2025-10-22 12:34:15.682512,78.2,22.47,165.44,75.69,76.18468975351179
2025-10-22 12:34:16.682511,99.06,35.6,181.85,133.71,99.16013689637865
2025-10-22 12:34:17.682511,94.72,89.7,175.24,15.31,100.54342241652694
2025-10-22 12:34:18.682510,141.64,70.31,251.34,143.7,139.27449187675396
2025-10-22 12:34:19.682510,124.59,44.44,270.17,129.04,129.17036369263002
2025-10-22 12:34:20.682509,112.12,37.69,236.54,89.09,107.77683382351975
2025-10-22 12:34:21.682509,68.97,63.2,87.65,45.02,66.95033441861435
2025-10-22 12:34:22.682508,84.87,85.07,85.05,73.24,82.63759406597043
2025-10-22 12:34:23.682508,63.53,29.85,145.58,29.28,64.66741566065284
2025-10-22 12:34:24.682507,111.87,69.83,218.5,39.28,108.43296023949709
2025-10-22 12:34:25.682506,89.03,23.16,170.77,120.43,87.01263969828938
2025-10-22 12:34:26.682506,117.26,50.83,290.07,24.91,117.65117726690197
2025-10-22 12:34:27.682505,120.72,53.81,296.79,69.46,129.99691696336438
2025-10-22 12:34:28.682505,66.9,34.42,158.28,48.16,74.50367039888293
2025-10-22 12:34:29.682504,75.8,41.9,108.3,100.58,73.60594809358251
2025-10-22 12:34:30.682504,138.56,90.83,298.15,22.17,139.40878293111325
2025-10-22 12:34:31.682503,92.97,40.48,207.32,116.74,105.87052837669945
2025-10-22 12:34:32.682503,136.74,84.41,216.12,149.53,136.8515711729159
2025-10-22 12:34:33.682502,98.32,76.99,203.91,11.92,102.1727257332976
2025-10-22 12:34:34.682502,73.74,73.45,95.75,41.0,73.67918438108529
2025-10-22 12:34:35.682501,95.53,57.85,158.63,80.92,92.7540540628542
2025-10-22 12:34:36.682501,146.45,90.03,297.39,52.82,144.86846915464827
2025-10-22 12:34:37.682500,89.39,46.76,148.35,71.3,82.24441756452127
2025-10-22 12:34:38.682500,86.41,28.57,220.77,37.02,88.16739997396897
2025-10-22 12:34:39.682499,98.88,64.06,126.97,98.52,89.8180985579433
2025-10-22 12:34:40.682499,110.23,37.53,241.89,77.48,107.00016810355629
2025-10-22 12:34:41.682498,108.83,79.67,126.2,128.59,103.31256138699065
2025-10-22 12:34:42.682497,73.11,73.6,108.71,66.26,82.66435918363418
2025-10-22 12:34:43.682497,49.1,31.34,99.71,37.72,53.29674627504697
2025-10-22 12:34:44.682496,104.54,87.21,136.38,58.07,96.11656280421867
2025-10-22 12:34:45.682496,112.11,97.25,158.12,87.11,113.40480502060076
2025-10-22 12:34:46.682495,88.92,34.04,131.14,148.12,86.00477726848615
2025-10-22 12:34:47.682495,98.3,55.74,160.1,109.65,97.85192889835736
2025-10-22 12:34:48.682494,136.46,71.15,261.32,145.28,143.0051305425637
2025-10-22 12:34:49.682494,130.39,79.54,254.77,94.2,135.0628812849931
2025-10-22 12:34:50.682493,120.97,67.2,200.15,145.64,122.72885504673576
2025-10-22 12:34:51.682493,80.27,88.29,67.27,72.58,78.76237037239382
2025-10-22 12:34:52.682492,87.69,67.06,138.16,10.39,77.17359343485363
2025-10-22 12:34:53.682492,90.8,73.28,148.43,85.11,98.18631441277486
2025-10-22 12:34:54.682491,135.12,67.21,247.93,129.46,133.88205516207307
2025-10-22 12:34:55.682490,46.02,29.58,92.12,58.39,54.245115422830224
2025-10-22 12:34:56.682490,132.97,34.35,272.33,142.53,127.48503036095222
2025-10-22 12:34:57.682489,94.71,90.16,136.06,108.37,107.47311754777321
2025-10-22 12:34:58.682489,48.36,35.9,84.32,26.29,48.66722175876021
2025-10-22 12:34:59.682488,82.04,86.19,125.6,49.32,90.63243935064378
2025-10-22 12:35:00.682488,99.12,53.98,194.39,76.65,100.73156301016446
2025-10-22 12:35:01.682487,70.02,92.46,69.71,38.16,74.73339932584405
2025-10-22 12:35:02.682487,65.8,42.31,89.04,55.81,59.13174455515815
2025-10-22 12:35:03.682486,92.61,76.0,141.1,25.28,85.4552979823037
2025-10-22 12:35:04.682486,59.49,45.54,88.14,52.47,59.80283456169339
2025-10-22 12:35:05.682485,88.62,53.25,158.67,86.07,91.50320467288536
2025-10-22 12:35:06.682485,152.93,91.61,296.65,70.03,148.84809699876493
2025-10-22 12:35:07.682484,109.99,76.18,242.08,15.92,114.03689103852354
2025-10-22 12:35:08.682484,45.91,20.6,61.14,122.23,53.147706575091775
2025-10-22 12:35:09.682483,72.34,48.36,125.69,20.87,66.2157371825181
2025-10-22 12:35:10.682483,51.41,23.86,133.29,10.54,54.27669255073644
2025-10-22 12:35:11.682482,94.71,68.0,114.19,120.53,92.30453408459219
2025-10-22 12:35:12.682482,83.77,53.2,151.62,71.58,86.48241446990434
2025-10-22 12:35:13.682481,128.79,87.86,244.89,42.33,125.92813276340203
2025-10-22 12:35:14.682481,69.07,27.09,137.12,108.37,76.45679257112427
2025-10-22 12:35:15.682480,151.92,95.67,262.55,131.29,152.7793114317424
2025-10-22 12:35:16.682479,70.29,27.48,167.46,35.63,71.32699342994201
2025-10-22 12:35:17.682479,84.59,49.1,117.74,127.95,85.45472650797919
2025-10-22 12:35:18.682478,89.01,63.21,168.08,43.76,90.87920836373435
2025-10-22 12:35:19.682478,121.93,20.67,294.69,93.25,117.62438959441639
2025-10-22 12:35:20.682477,113.09,31.7,251.25,88.3,109.06522599528708
2025-10-22 12:35:21.682477,104.2,41.82,206.2,134.69,109.76363201124252
2025-10-22 12:35:22.682476,104.54,68.6,228.95,23.41,107.81172205793685
2025-10-22 12:35:23.682476,110.38,87.64,137.39,148.77,114.64229948060735
2025-10-22 12:35:24.682475,77.82,21.11,127.21,136.54,76.10037788761453
2025-10-22 12:35:25.682475,64.94,37.91,74.58,128.27,66.98657113039191
2025-10-22 12:35:26.682474,134.14,61.85,276.69,103.89,134.78624090043297
2025-10-22 12:35:27.682474,83.56,68.01,115.25,65.18,81.63832363457438
2025-10-22 12:35:28.682473,69.4,48.02,105.17,61.01,67.84913374698232
2025-10-22 12:35:29.682473,98.24,28.66,196.72,134.81,100.39989302522706
2025-10-22 12:35:30.682472,94.71,72.21,103.94,128.31,92.8601567874794
2025-10-22 12:35:31.682472,107.7,88.47,123.47,119.59,105.07715955402351
2025-10-22 12:35:32.682471,123.33,35.52,273.58,136.63,127.27057106237169
2025-10-22 12:35:33.682471,127.64,95.89,231.12,34.29,124.18259448310451
2025-10-22 12:35:34.682470,104.42,81.54,188.75,36.72,104.80084820675621
2025-10-22 12:35:35.682470,105.64,25.0,292.55,62.02,112.9317202223977
2025-10-22 12:35:36.682469,58.65,49.87,105.5,37.03,64.10620769196325
2025-10-22 12:35:37.682468,142.29,70.09,285.77,114.59,143.73368064904346
2025-10-22 12:35:38.682468,88.35,63.23,174.49,24.72,89.03533515465308
2025-10-22 12:35:39.682467,103.35,65.53,167.5,146.34,112.22483862319537
2025-10-22 12:35:40.682467,112.75,32.45,230.38,139.52,113.33490858901327
2025-10-22 12:35:41.682466,76.67,63.74,84.94,113.75,80.05048161102597
2025-10-22 12:35:42.682466,97.51,42.76,243.87,18.98,98.5784793349742
2025-10-22 12:35:43.682465,86.53,51.64,104.72,99.2,77.09504300832131
2025-10-22 12:35:44.682465,47.54,33.16,64.81,51.47,46.4414818790721
2025-10-22 12:35:45.682464,69.98,69.17,110.61,18.95,71.64105123301239
2025-10-22 12:35:46.682464,81.63,84.22,84.13,55.08,78.33309698061122
2025-10-22 12:35:47.682463,52.67,66.65,63.51,34.49,59.31812252328914
2025-10-22 12:35:48.682463,85.81,35.44,199.6,32.14,84.24881381857011
2025-10-22 12:35:49.682462,79.23,76.01,101.41,37.8,76.01687369231081
2025-10-22 12:35:50.682462,94.43,62.43,136.67,101.05,92.42603904602117
2025-10-22 12:35:51.682461,149.27,93.86,259.16,123.36,149.28664753696904
2025-10-22 12:35:52.682461,125.77,32.06,263.82,117.95,118.90915292063814
2025-10-22 12:35:53.682460,120.57,24.4,294.44,82.09,117.18659244547206
2025-10-22 12:35:54.682460,122.6,70.82,262.45,66.33,127.50524499544011
2025-10-22 12:35:55.682459,94.42,39.95,234.16,51.36,100.69301816489494
2025-10-22 12:35:56.682458,130.62,48.36,243.72,148.51,127.03388252089256
2025-10-22 12:35:57.682458,114.72,68.09,191.01,119.91,115.3152032607631
2025-10-22 12:35:58.682457,112.27,61.2,154.75,110.71,99.1670728141095
2025-10-22 12:35:59.682457,70.73,93.63,54.05,44.25,71.81708339148818
2025-10-22 12:36:00.682456,136.07,92.68,207.33,94.95,127.48152020680556
2025-10-22 12:36:01.682456,155.37,86.36,299.22,146.22,162.1397585909412
2025-10-22 12:36:02.682455,142.86,50.53,284.84,141.12,139.00375685726956
2025-10-22 12:36:03.682455,70.25,25.36,102.75,120.04,67.58410197686203
2025-10-22 12:36:04.682454,127.47,62.5,251.22,107.14,128.09919273516232
2025-10-22 12:36:05.682454,100.37,36.55,238.56,27.38,95.56502816524056
2025-10-22 12:36:06.682453,87.66,24.21,193.95,110.93,92.61507042380707
2025-10-22 12:36:07.682453,57.18,40.44,65.34,45.12,48.95688815262448
2025-10-22 12:36:08.682452,91.12,89.17,73.7,129.43,92.4197812325011
2025-10-22 12:36:09.682452,37.53,31.11,52.08,46.05,40.52070634922185
2025-10-22 12:36:10.682451,43.74,20.58,62.74,19.38,33.19774292246136
2025-10-22 12:36:11.682451,103.2,59.75,195.59,79.11,104.4473654009147
2025-10-22 12:36:12.682450,126.23,94.56,253.65,22.83,128.0180520460389
2025-10-22 12:36:13.682450,96.28,60.36,126.46,134.56,94.98231220713706
2025-10-22 12:36:14.682449,114.61,28.24,240.16,142.12,114.69897714956082
2025-10-22 12:36:15.682448,117.42,30.39,271.01,109.11,118.48529376856496
2025-10-22 12:36:16.682448,106.08,46.3,222.1,53.08,100.5646212226918
2025-10-22 12:36:17.682447,101.76,29.06,254.15,33.85,97.81414908177824
2025-10-22 12:36:18.682447,115.22,57.26,270.8,17.29,113.54102336031892
2025-10-22 12:36:19.682446,104.74,47.31,208.71,83.3,103.04210987908513
2025-10-22 12:36:20.682446,61.23,37.35,62.83,144.12,66.32378820697659
2025-10-22 12:36:21.682445,84.67,20.23,225.36,37.03,85.40541558483706
2025-10-22 12:36:22.682445,97.22,30.04,284.77,18.35,104.4266685512265
2025-10-22 12:36:23.682444,96.78,53.0,132.82,141.89,94.69260096285366
2025-10-22 12:36:24.682444,60.34,33.8,139.81,18.24,62.703652811314825
2025-10-22 12:36:25.682443,87.51,66.7,180.37,39.78,95.51679392869113
2025-10-22 12:36:26.682443,126.12,70.99,299.48,11.73,127.87860032296004
2025-10-22 12:36:27.682442,85.65,41.24,123.1,135.87,84.73318578897853
2025-10-22 12:36:28.682442,71.38,64.38,96.51,71.95,75.54652313723244
2025-10-22 12:36:29.682441,107.67,61.9,152.28,124.6,101.53033488848489
2025-10-22 12:36:30.682441,99.25,54.66,199.61,34.09,94.18802018106447
2025-10-22 12:36:31.682440,76.84,24.83,168.22,11.53,65.45375794743245
2025-10-22 12:36:32.682440,91.25,89.61,156.34,56.09,102.91500621772055
2025-10-22 12:36:33.682439,95.15,75.92,151.85,26.12,88.81335938538479
2025-10-22 12:36:34.682438,104.58,82.42,151.24,58.08,98.2050726511042
2025-10-22 12:36:35.682438,87.25,35.2,163.65,66.61,80.16846334195884
2025-10-22 12:36:36.682437,132.95,57.72,266.67,88.39,126.64519325985648
2025-10-22 12:36:37.682437,99.99,78.11,177.35,56.81,103.65922045580265
2025-10-22 12:36:38.682436,134.89,94.39,233.17,120.0,141.07126948331558
2025-10-22 12:36:39.682436,107.29,67.68,239.94,11.1,108.21364305388303
2025-10-22 12:36:40.682435,91.04,29.69,153.3,126.71,86.25303003627812
2025-10-22 12:36:41.682435,106.7,63.63,135.3,126.27,97.6179091758118
2025-10-22 12:36:42.682434,137.25,89.81,288.34,42.83,140.05557476072204
2025-10-22 12:36:43.682434,106.33,28.8,255.44,62.74,103.80882224768914
2025-10-22 12:36:44.682433,102.51,84.89,155.49,85.03,106.06055622270699
2025-10-22 12:36:45.682433,96.28,81.19,82.08,144.11,93.88851554967324
2025-10-22 12:36:46.682432,122.43,70.09,257.38,24.73,117.35901639069519
2025-10-22 12:36:47.682432,45.72,23.28,54.07,98.36,47.614840471655754
2025-10-22 12:36:48.682431,99.89,72.21,220.79,75.61,117.51703492479987
2025-10-22 12:36:49.682430,66.64,75.65,61.68,37.42,63.821298687492906
2025-10-22 12:36:50.682430,86.62,89.72,100.55,86.18,92.17577410212765
2025-10-22 12:36:51.682429,66.8,58.56,57.94,131.75,72.93569137050136
2025-10-22 12:36:52.682429,108.61,48.78,241.56,73.22,111.64446873033795
2025-10-22 12:36:53.682428,76.4,50.53,54.6,133.38,68.26593083501989
2025-10-22 12:36:54.682428,95.93,53.32,196.13,75.99,100.79558864201096
2025-10-22 12:36:55.682427,73.59,54.83,93.0,85.5,72.43721184430345
2025-10-22 12:36:56.682427,139.69,97.66,192.52,144.33,135.30884720317042
2025-10-22 12:36:57.682426,78.71,80.13,80.73,99.03,84.00546290082461
2025-10-22 12:36:58.682426,87.59,34.74,189.4,58.16,86.00160284269319
2025-10-22 12:36:59.682425,118.97,74.57,203.01,83.51,114.91413215444932
2025-10-22 12:37:00.682425,106.91,20.41,258.55,53.55,98.75050192509845
2025-10-22 12:37:01.682424,94.17,51.52,191.85,50.11,93.47641185943364
2025-10-22 12:37:02.682423,84.95,34.63,175.67,49.08,80.01741744393723
2025-10-22 12:37:03.682423,138.87,95.84,277.93,12.65,133.93035528281843
2025-10-22 12:37:04.682422,67.15,95.75,53.01,25.83,68.90047398890218
2025-10-22 12:37:05.682422,130.01,59.41,237.7,120.22,125.0974588227034
2025-10-22 12:37:06.682421,109.93,40.92,203.77,142.12,110.06135574470315
2025-10-22 12:37:07.682421,130.62,66.23,263.1,65.49,125.25338799146728
2025-10-22 12:37:08.682420,85.05,81.98,54.93,88.03,74.98607763240017
2025-10-22 12:37:09.682420,88.6,21.72,220.99,38.51,85.12609428049524
2025-10-22 12:37:10.682419,90.8,60.8,138.83,109.03,93.84985400618818
2025-10-22 12:37:11.682419,123.25,59.1,286.04,22.75,120.11981391158695
2025-10-22 12:37:12.682418,131.43,84.06,235.73,70.22,126.82462853532395
2025-10-22 12:37:13.682418,50.91,22.13,120.5,19.31,51.31430051288908
2025-10-22 12:37:14.682417,69.2,28.9,100.13,124.18,69.37740262578362
2025-10-22 12:37:15.682416,99.45,41.54,229.78,30.1,95.94533455683145
2025-10-22 12:37:16.682416,76.4,36.12,200.43,23.39,83.09880451441349
2025-10-22 12:37:17.682415,80.45,46.97,104.34,142.37,83.23207211924986
2025-10-22 12:37:18.682415,34.01,23.87,56.11,51.91,39.298439198746244
2025-10-22 12:37:19.682414,124.95,44.31,254.2,145.31,127.53624266030864
2025-10-22 12:37:20.682414,122.15,91.91,275.5,16.99,132.10917008177017
2025-10-22 12:37:21.682413,41.74,29.49,50.89,48.47,39.838670932565826
2025-10-22 12:37:22.682413,56.33,25.53,86.21,46.09,48.01447931739095
2025-10-22 12:37:23.682412,50.97,44.5,65.97,55.17,53.15879447001683
2025-10-22 12:37:24.682412,127.2,49.24,262.29,115.55,126.50827288071457
2025-10-22 12:37:25.682411,92.81,39.05,155.8,103.65,87.07616228195482
2025-10-22 12:37:26.682411,76.99,91.64,68.9,65.84,79.57842584495363
2025-10-22 12:37:27.682410,122.75,56.92,235.22,125.33,124.12956131740222
2025-10-22 12:37:28.682410,95.72,28.35,215.73,35.38,86.21765017871185
2025-10-22 12:37:29.682409,68.52,74.28,91.49,27.82,70.19426745444407
2025-10-22 12:37:30.682409,90.99,81.74,62.71,118.75,83.30467236538739
2025-10-22 12:37:31.682408,63.9,27.11,110.23,100.32,66.7863259206177
2025-10-22 12:37:32.682407,83.71,81.7,111.49,23.75,79.08383738096916
2025-10-22 12:37:33.682407,54.34,35.19,84.33,58.69,54.75051749788925
2025-10-22 12:37:34.682406,102.59,58.77,173.99,61.16,93.90438562350917
2025-10-22 12:37:35.682406,107.71,20.29,259.55,112.06,110.60863565444426
2025-10-22 12:37:36.682405,85.48,95.05,52.89,128.31,88.86408754942757
2025-10-22 12:37:37.682405,126.29,54.64,239.64,131.89,125.62776321856614
2025-10-22 12:37:38.682404,158.07,78.32,287.73,112.58,148.01258404213524
2025-10-22 12:37:39.682404,112.49,58.96,221.59,40.63,104.22921894324911
2025-10-22 12:37:40.682403,125.14,97.46,217.44,92.15,132.33908122546174
2025-10-22 12:37:41.682403,79.12,59.14,100.77,99.4,79.67374650403265
2025-10-22 12:37:42.682402,66.9,64.74,86.31,10.76,60.5103561614544
2025-10-22 12:37:43.682402,70.68,32.08,75.51,126.74,64.0658049122423
2025-10-22 12:37:44.682401,135.74,91.64,222.13,71.47,126.7511476911245
2025-10-22 12:37:45.682401,60.48,60.65,67.8,54.33,61.56580402945911
2025-10-22 12:37:46.682400,101.69,73.24,210.34,26.52,105.14106397756818
2025-10-22 12:37:47.682400,122.2,58.7,293.01,32.36,123.92406016494334
2025-10-22 12:37:48.682399,97.71,76.66,97.58,117.15,90.94365100817349
2025-10-22 12:37:49.682399,116.29,83.66,207.65,81.62,120.44963546621966
2025-10-22 12:37:50.682398,88.95,53.89,164.16,58.65,88.02699536521271
2025-10-22 12:37:51.682397,111.98,44.63,218.2,123.97,112.63798154994444
2025-10-22 12:37:52.682397,60.08,55.58,55.34,86.23,61.635666817617214
2025-10-22 12:37:53.682396,73.23,71.95,75.73,43.09,67.33169277267861
2025-10-22 12:37:54.682396,117.23,45.78,234.05,99.94,113.20204726191888
2025-10-22 12:37:55.682395,119.29,78.95,230.82,73.44,123.44942011949233
2025-10-22 12:37:56.682395,69.68,36.59,108.11,60.44,62.94086784967529
2025-10-22 12:37:57.682394,148.29,94.17,263.4,106.48,147.36350728616537
2025-10-22 12:37:58.682394,129.61,68.77,261.6,68.02,126.56682235766725
2025-10-22 12:37:59.682393,81.68,34.34,95.33,123.82,70.56597647423642
2025-10-22 12:38:00.682393,83.72,63.53,132.98,91.46,89.95938152221811
2025-10-22 12:38:01.682392,106.47,61.8,180.72,143.27,113.73553089139067
2025-10-22 12:38:02.682392,141.86,90.91,284.22,20.54,134.93808427053528
2025-10-22 12:38:03.682391,88.21,43.44,187.23,66.13,91.2542349148768
2025-10-22 12:38:04.682391,147.2,91.5,274.8,109.51,150.0649751204753
2025-10-22 12:38:05.682390,113.15,69.07,163.06,125.58,108.52721055313684
2025-10-22 12:38:06.682390,80.44,63.87,125.95,68.36,83.42884508866344
2025-10-22 12:38:07.682389,112.11,73.72,235.37,37.02,114.98735079773934
2025-10-22 12:38:08.682388,59.65,23.18,152.27,19.52,61.426471578141346
2025-10-22 12:38:09.682388,108.49,76.41,200.92,61.49,110.82804053705274
2025-10-22 12:38:10.682387,97.83,78.82,156.14,58.3,97.93292062650704
2025-10-22 12:38:11.682387,50.38,31.8,96.83,28.11,50.751602040733246
2025-10-22 12:38:12.682386,68.88,43.02,92.89,123.1,74.0021164016772
2025-10-22 12:38:13.682386,76.54,28.25,124.61,102.29,72.06591370078127
2025-10-22 12:38:14.682385,119.31,55.38,286.03,48.08,123.29789487812572
2025-10-22 12:38:15.682385,72.72,65.56,68.76,126.7,78.66286895124627
2025-10-22 12:38:16.682384,101.53,26.31,261.08,66.89,105.0908673091038
2025-10-22 12:38:17.682384,67.96,80.2,87.66,16.59,69.75461777653115
2025-10-22 12:38:18.682383,125.09,25.43,279.84,123.89,121.60955482093974
2025-10-22 12:38:19.682383,104.44,55.23,232.5,82.71,114.01017374845698
2025-10-22 12:38:20.682382,137.47,63.97,259.1,139.57,137.63694021304818
2025-10-22 12:38:21.682382,112.17,28.99,295.33,37.18,110.81762501445331
2025-10-22 12:38:22.682381,103.55,97.28,156.06,51.2,105.6706050816494
2025-10-22 12:38:23.682381,59.62,61.73,70.71,32.96,58.733983661014605
2025-10-22 12:38:24.682380,76.64,59.08,61.18,115.57,70.9553098277525
2025-10-22 12:38:25.682380,101.47,65.32,217.64,24.66,103.03097657046348
2025-10-22 12:38:26.682379,79.69,21.82,220.9,30.64,83.58613378792461
2025-10-22 12:38:27.682378,67.52,55.65,86.5,71.67,68.14501331116867
2025-10-22 12:38:28.682378,109.48,78.11,200.04,53.89,109.89917013340639
2025-10-22 12:38:29.682377,84.57,85.83,70.41,73.65,78.69638337639782
2025-10-22 12:38:30.682377,106.83,50.57,208.43,110.71,110.01988156451526
2025-10-22 12:38:31.682376,35.08,43.51,71.13,33.55,49.92516433402053
2025-10-22 12:38:32.682376,114.35,85.92,157.14,115.51,113.1200341847301
2025-10-22 12:38:33.682375,90.66,66.21,108.11,117.11,88.90876202464625
2025-10-22 12:38:34.682375,87.44,59.81,118.4,130.77,91.53403296543058
2025-10-22 12:38:35.682374,105.02,95.53,131.86,92.53,105.73368726544855
2025-10-22 12:38:36.682374,98.21,79.77,153.13,18.23,89.54429937854455
2025-10-22 12:38:37.682373,110.95,95.07,121.36,119.94,107.7915320404901
2025-10-22 12:38:38.682373,90.82,23.07,190.65,98.1,88.50943380373016
2025-10-22 12:38:39.682372,108.14,84.83,180.21,42.05,104.9268990603986
2025-10-22 12:38:40.682372,59.53,49.82,91.58,53.34,63.135923875347544
2025-10-22 12:38:41.682371,78.81,44.0,176.44,34.33,81.97550339089617
2025-10-22 12:38:42.682371,102.61,40.56,239.67,58.79,104.1274018372355
2025-10-22 12:38:43.682370,127.56,94.81,248.53,56.79,133.3461659125436
2025-10-22 12:38:44.682370,87.07,46.92,168.84,61.33,86.50284524562959
2025-10-22 12:38:45.682369,115.92,65.23,238.49,57.33,115.73959448368862
2025-10-22 12:38:46.682368,93.32,94.13,116.92,35.18,89.16088108010217
2025-10-22 12:38:47.682368,124.31,96.56,204.94,97.43,129.18327725291306
2025-10-22 12:38:48.682367,87.58,51.2,178.76,25.68,84.53250045110059
2025-10-22 12:38:49.682367,123.98,30.16,299.04,95.8,124.15302585542081
2025-10-22 12:38:50.682366,108.46,24.97,270.14,97.09,113.14442276971975
2025-10-22 12:38:51.682366,132.24,58.76,276.31,103.34,133.02762771755548
2025-10-22 12:38:52.682365,106.58,42.93,184.83,144.39,105.81807355965351
2025-10-22 12:38:53.682365,110.25,49.99,243.19,63.46,110.79769040395385
2025-10-22 12:38:54.682364,83.75,52.64,181.31,35.25,87.91449021616516
2025-10-22 12:38:55.682364,80.8,73.67,82.9,76.81,77.03637942649111
2025-10-22 12:38:56.682363,99.97,85.65,104.36,114.94,97.00913480678386
2025-10-22 12:38:57.682363,126.87,59.19,296.77,47.06,128.21630616615613
2025-10-22 12:38:58.682362,66.12,53.83,106.15,23.05,63.493272785570795
2025-10-22 12:38:59.682362,90.42,44.31,138.0,103.27,84.26404991234617
2025-10-22 12:39:00.682361,92.68,58.78,165.02,75.0,93.96126598454882
2025-10-22 12:39:01.682361,89.08,84.63,116.79,62.41,89.80847708678328
2025-10-22 12:39:02.682360,79.96,52.5,126.67,71.86,78.69124531585871
2025-10-22 12:39:03.682359,109.89,45.54,240.68,22.68,99.73550926513582
2025-10-22 12:39:04.682359,105.64,86.66,156.79,92.47,108.80788584146778
2025-10-22 12:39:05.682358,110.14,70.51,191.22,101.93,113.01070498977846
2025-10-22 12:39:06.682358,107.47,21.23,241.64,92.49,101.80698122186195
2025-10-22 12:39:07.682357,95.58,97.96,115.3,60.54,95.61206485287843
2025-10-22 12:39:08.682357,89.08,26.18,182.35,111.37,90.19468154923442
2025-10-22 12:39:09.682356,64.82,38.79,59.34,148.12,66.7844661237402
2025-10-22 12:39:10.682356,124.13,47.6,266.01,51.33,114.06064434318151
2025-10-22 12:39:11.682355,158.37,92.54,273.68,130.8,154.472189294314
2025-10-22 12:39:12.682355,55.61,25.39,85.71,130.54,64.56223699128742
2025-10-22 12:39:13.682354,81.9,36.88,118.62,132.55,80.56131852302653
2025-10-22 12:39:14.682354,101.52,45.55,154.35,136.13,96.31865102995225
2025-10-22 12:39:15.682353,102.88,84.74,128.09,94.93,99.7163253668556
2025-10-22 12:39:16.682353,94.32,37.97,181.0,147.79,102.87773370583406
2025-10-22 12:39:17.682352,88.69,85.78,155.73,29.59,95.56722495107338
2025-10-22 12:39:18.682352,64.19,53.05,70.83,54.47,58.728409315293156
2025-10-22 12:39:19.682351,101.15,38.79,262.98,30.23,104.58347804204303
2025-10-22 12:39:20.682350,90.08,42.08,195.96,44.97,89.00111271668962
2025-10-22 12:39:21.682350,94.0,82.91,153.43,17.89,91.1269991171696
2025-10-22 12:39:22.682349,76.62,57.49,101.65,124.92,84.18548411060107
2025-10-22 12:39:23.682349,142.58,57.26,286.14,139.52,142.42045460269088
2025-10-22 12:39:24.682348,115.71,94.5,139.52,81.91,105.41564125104622
2025-10-22 12:39:25.682348,101.22,71.21,202.87,45.44,105.6438934617212
2025-10-22 12:39:26.682347,115.2,87.15,152.22,133.97,115.9176177369009
2025-10-22 12:39:27.682347,127.94,86.68,284.9,17.04,132.34595757256156
2025-10-22 12:39:28.682346,85.07,90.24,108.27,63.2,90.1917597804144
2025-10-22 12:39:29.682346,136.83,45.12,291.58,137.23,137.56933533878689
2025-10-22 12:39:30.682345,133.65,82.26,281.69,83.63,142.40666127140602
2025-10-22 12:39:31.682345,106.73,67.84,200.53,75.25,109.18506463954571
2025-10-22 12:39:32.682344,77.79,66.71,101.83,67.72,77.4632444643854
2025-10-22 12:39:33.682343,97.62,25.53,271.35,10.61,96.61567303133396
2025-10-22 12:39:34.682343,103.9,27.0,246.52,117.78,111.16175518883927
2025-10-22 12:39:35.682342,81.16,34.39,139.83,108.16,80.85645760757315
2025-10-22 12:39:36.682342,87.87,23.01,176.15,118.73,88.21759500025732
2025-10-22 12:39:37.682341,98.7,40.6,182.23,138.3,102.66983508063092
2025-10-22 12:39:38.682341,37.13,45.14,59.47,10.49,42.65188255482326
2025-10-22 12:39:39.682340,104.29,84.8,178.75,57.88,107.61623110696682
2025-10-22 12:39:40.682340,85.82,70.24,100.45,110.76,87.3478881505544
2025-10-22 12:39:41.682339,95.22,31.82,232.54,18.67,89.67628408119798
2025-10-22 12:39:42.682339,102.42,71.5,120.01,99.78,91.67276893331243
2025-10-22 12:39:43.682337,143.63,93.63,249.5,84.41,138.53541910269774
2025-10-22 12:39:44.682337,88.74,41.07,203.28,65.31,94.73793765966194
2025-10-22 12:39:45.682336,123.63,48.64,293.77,59.25,124.49342433507533
2025-10-22 12:39:46.682336,97.01,77.49,149.84,67.09,97.12386816594135
2025-10-22 12:39:47.682335,109.92,29.35,258.19,69.58,106.26670451525847
2025-10-22 12:39:48.682335,77.68,65.99,103.6,100.56,84.15792061205252
2025-10-22 12:39:49.682334,153.58,72.38,296.65,85.1,142.28625829250345
2025-10-22 12:39:50.682333,122.99,45.8,284.48,61.73,120.78263235053457
2025-10-22 12:39:51.682333,65.44,70.56,64.38,13.55,57.364557726074274
2025-10-22 12:39:52.682332,75.46,93.59,50.09,38.39,69.44348457594221
2025-10-22 12:39:53.682332,82.59,79.31,116.3,35.45,81.66515664597833
2025-10-22 12:39:54.682331,64.72,53.54,114.41,23.34,65.88940198964875
2025-10-22 12:39:55.682331,142.44,94.08,283.21,20.63,136.22733134590828
2025-10-22 12:39:56.682330,117.87,84.28,174.2,97.38,113.83307720221003
2025-10-22 12:39:57.682330,34.42,23.73,64.04,47.19,40.67516934448251
2025-10-22 12:39:58.682329,68.04,56.06,53.24,111.66,66.29210751366631
2025-10-22 12:39:59.682329,103.4,29.69,246.72,94.07,107.85070013480606
2025-10-22 12:40:00.682328,95.38,89.45,165.61,43.55,103.1318855673745
2025-10-22 12:40:01.682328,110.74,82.14,194.69,91.76,117.81249620153449
2025-10-22 12:40:02.682327,90.56,70.47,106.83,107.59,88.75032912847897
2025-10-22 12:40:03.682327,81.32,25.3,154.46,129.28,84.93088177311823
2025-10-22 12:40:04.682326,122.97,37.67,272.57,97.01,120.16861168462628
2025-10-22 12:40:05.682326,98.9,62.1,152.9,149.42,106.74407251578486
2025-10-22 12:40:06.682325,109.72,36.19,258.98,17.99,99.6592255592603
2025-10-22 12:40:07.682325,108.52,61.62,148.26,139.43,103.12747465037627
2025-10-22 12:40:08.682324,89.71,80.85,161.38,35.67,96.02321873999452
2025-10-22 12:40:09.682324,101.75,36.19,224.36,91.48,103.84530153813598
2025-10-22 12:40:10.682323,91.9,67.81,115.63,126.26,93.78063856418756
2025-10-22 12:40:11.682322,95.19,40.97,226.98,39.04,96.59561536077503
2025-10-22 12:40:12.682322,95.7,73.18,173.14,40.86,96.77761934415656
2025-10-22 12:40:13.682321,75.11,21.94,132.45,134.37,77.6568270494399
2025-10-22 12:40:14.682321,146.24,77.38,289.33,79.0,141.3591354266108
2025-10-22 12:40:15.682320,107.72,50.29,258.64,39.93,110.91850370647832
2025-10-22 12:40:16.682320,136.98,95.72,272.48,32.74,136.22156186385945
2025-10-22 12:40:17.682319,154.9,94.73,279.25,109.66,153.03700510457156
2025-10-22 12:40:18.682319,104.41,53.1,176.28,117.13,102.88853059220938
2025-10-22 12:40:19.682318,78.6,45.33,152.91,55.66,79.79917925780146
2025-10-22 12:40:20.682318,109.15,68.68,212.86,41.2,106.5476644049559
2025-10-22 12:40:21.682317,34.27,32.25,53.22,19.46,36.150269729631155
2025-10-22 12:40:22.682317,125.29,78.49,260.01,22.76,121.93169802525837
2025-10-22 12:40:23.682316,111.96,30.64,284.45,33.77,107.69023523112865
2025-10-22 12:40:24.682316,105.63,85.75,110.17,148.82,105.53196652384682
2025-10-22 12:40:25.682315,91.55,25.21,211.54,52.26,86.74979623991302
2025-10-22 12:40:26.682315,118.13,93.81,202.55,36.82,115.06451298721088
2025-10-22 12:40:27.682314,56.29,41.65,103.67,14.63,55.02472655966679
2025-10-22 12:40:28.682314,113.88,50.9,242.47,60.48,110.44171937553402
2025-10-22 12:40:29.682313,82.12,92.01,111.01,18.46,83.01152889228041
2025-10-22 12:40:30.682312,139.44,68.91,273.71,75.08,131.67793250183013
2025-10-22 12:40:31.682312,104.68,51.85,158.06,145.75,102.47380079584232
2025-10-22 12:40:32.682311,86.88,82.21,98.73,71.84,85.05036361439527
2025-10-22 12:40:33.682311,133.3,94.78,227.47,80.33,131.6753372880579
2025-10-22 12:40:34.682310,111.19,64.2,198.16,89.66,109.52539710094474
2025-10-22 12:40:35.682310,86.87,86.59,140.59,28.37,91.17693801033731
2025-10-22 12:40:36.682309,94.82,35.34,166.63,137.7,95.24864790071378
2025-10-22 12:40:37.682309,103.61,91.35,155.56,76.88,107.6729150266486
2025-10-22 12:40:38.682308,79.7,57.96,183.05,12.11,86.48612879893071
2025-10-22 12:40:39.682308,108.73,58.09,283.54,14.17,117.16305309710378
2025-10-22 12:40:40.682307,126.59,87.71,240.99,47.77,125.76153772948288
2025-10-22 12:40:41.682307,138.92,44.39,282.01,146.98,136.26615521904756
2025-10-22 12:40:42.682306,73.74,39.66,123.1,107.75,78.36495671086932
2025-10-22 12:40:43.682306,94.36,27.25,168.56,141.97,92.65720488035936
2025-10-22 12:40:44.682305,88.37,21.88,206.43,108.95,94.8153267268374
2025-10-22 12:40:45.682305,86.16,51.02,129.25,119.99,88.28762432718477
2025-10-22 12:40:46.682304,162.36,98.86,278.53,120.84,157.09229482866255
2025-10-22 12:40:47.682304,102.39,61.17,208.38,43.75,101.97628179854681
2025-10-22 12:40:48.682303,114.77,95.66,148.26,65.46,105.35270338497756
2025-10-22 12:40:49.682302,89.82,24.45,258.92,57.2,101.59360245757671
2025-10-22 12:40:50.682302,101.2,98.8,158.62,35.56,104.08988734615086
2025-10-22 12:40:51.682301,68.06,52.51,75.8,59.08,60.86922600034809
2025-10-22 12:40:52.682301,123.67,39.05,264.1,77.16,114.36725818467494
2025-10-22 12:40:53.682300,164.39,86.38,290.08,128.96,155.97558990249703
2025-10-22 12:40:54.682300,103.77,92.15,181.81,24.22,105.50441786080192
2025-10-22 12:40:55.682299,114.52,46.45,242.85,85.4,113.29292902911119
2025-10-22 12:40:56.682299,50.44,24.67,86.23,31.63,44.722177834093266
2025-10-22 12:40:57.682298,129.34,95.53,251.56,85.01,140.21767653000074
2025-10-22 12:40:58.682298,93.71,59.43,139.23,115.89,94.6514810944693
2025-10-22 12:40:59.682297,102.82,57.26,203.03,121.02,113.76768801964478
2025-10-22 12:41:00.682297,62.42,26.18,78.19,65.65,49.810570956595626
2025-10-22 12:41:01.682296,143.08,81.49,266.12,144.85,149.49964187782467
2025-10-22 12:41:02.682296,58.4,29.17,129.52,36.18,60.872570349437495
2025-10-22 12:41:03.682295,114.29,48.72,247.88,92.37,117.31644429715621
2025-10-22 12:41:04.682294,123.75,91.02,229.05,33.75,121.03366640109445
2025-10-22 12:41:05.682294,44.43,24.98,72.97,19.72,38.526025417348514
2025-10-22 12:41:06.682293,145.38,83.93,220.12,147.04,137.32094496002196
2025-10-22 12:41:07.682293,108.46,71.44,222.77,68.85,116.38738568849696
2025-10-22 12:41:08.682292,90.94,94.3,119.66,82.56,99.47620245865026
2025-10-22 12:41:09.682292,80.37,97.17,60.49,82.02,83.01071691482612
2025-10-22 12:41:10.682291,63.7,46.04,122.17,25.44,64.9125001810209
2025-10-22 12:41:11.682291,115.58,50.52,222.78,66.17,105.46464165209582
2025-10-22 12:41:12.682290,95.53,43.16,174.64,100.36,94.12745200035873
2025-10-22 12:41:13.682290,80.15,43.3,108.4,119.48,78.08416819189684
2025-10-22 12:41:14.682289,87.87,32.24,197.83,40.38,83.76302984656314
2025-10-22 12:41:15.682289,124.85,25.15,264.8,130.97,118.35575135229799
2025-10-22 12:41:16.682288,62.74,66.84,102.6,18.12,67.91115644310182
2025-10-22 12:41:17.682288,125.55,79.81,227.18,61.78,120.46755235224317
2025-10-22 12:41:18.682287,81.67,74.2,53.46,133.9,79.78644834848365
2025-10-22 12:41:19.682287,113.74,69.62,255.29,11.0,113.77123697445887
2025-10-22 12:41:20.682286,69.08,46.14,127.02,36.47,68.60991381490263
2025-10-22 12:41:21.682286,112.74,32.14,249.3,100.98,111.21535817011804
2025-10-22 12:41:22.682285,139.99,97.02,257.41,81.62,142.04314215626908
2025-10-22 12:41:23.682284,120.28,67.68,263.58,71.18,127.24780971408316
2025-10-22 12:41:24.682284,102.42,33.21,239.0,100.72,108.59956766157437
2025-10-22 12:41:25.682283,107.92,61.41,227.31,43.15,107.66599997798218
2025-10-22 12:41:26.682283,98.63,38.0,253.59,29.61,101.245619967081
2025-10-22 12:41:27.682282,86.75,24.34,224.89,37.27,87.35376588036802
2025-10-22 12:41:28.682282,110.18,73.0,227.44,15.57,107.98728104145106
2025-10-22 12:41:29.682281,98.87,73.57,100.13,139.09,94.53108185562535
2025-10-22 12:41:30.682281,125.95,77.83,266.63,80.18,134.99427462739314
2025-10-22 12:41:31.682280,125.38,43.97,299.03,54.72,122.85475340791322
2025-10-22 12:41:32.682280,81.74,33.33,203.83,28.86,83.82063253417473
2025-10-22 12:41:33.682279,97.54,86.87,126.42,91.97,99.68492261146534
2025-10-22 12:41:34.682279,89.87,47.23,180.55,41.29,86.19747204421239
2025-10-22 12:41:35.682278,88.74,71.61,93.65,145.15,92.81288410108628
2025-10-22 12:41:36.682278,121.42,73.75,274.59,75.81,134.49201338834754
2025-10-22 12:41:37.682277,109.93,87.55,165.34,100.34,113.38244735081516
2025-10-22 12:41:38.682277,122.55,87.36,209.81,74.21,121.46584879873225
2025-10-22 12:41:39.682276,113.93,94.56,125.23,145.56,113.78818404183993
2025-10-22 12:41:40.682276,103.7,59.36,133.49,139.44,97.56735141459859
2025-10-22 12:41:41.682275,94.31,78.16,114.98,107.36,94.97483494052945
2025-10-22 12:41:42.682275,92.19,53.55,98.53,146.13,85.50149164798819
2025-10-22 12:41:43.682274,87.61,98.82,117.4,48.53,94.2859215456497
2025-10-22 12:41:44.682273,66.21,64.24,61.97,67.96,64.30339162232106
2025-10-22 12:41:45.682273,116.73,77.81,189.14,123.84,120.36262345269995
2025-10-22 12:41:46.682272,108.6,54.17,167.36,146.34,106.53879819629226
2025-10-22 12:41:47.682272,84.25,80.11,59.57,125.83,82.95682129141369
2025-10-22 12:41:48.682271,94.74,53.01,179.62,40.35,88.60297702681314
2025-10-22 12:41:49.682271,71.27,22.76,167.95,56.59,73.2908611039042
2025-10-22 12:41:50.682270,88.6,86.16,121.77,33.54,86.33326023713825
2025-10-22 12:41:51.682270,83.76,39.21,160.27,63.41,80.5094859933716
2025-10-22 12:41:52.682269,55.41,22.89,71.79,86.2,50.332634724039174
2025-10-22 12:41:53.682269,79.79,54.29,93.33,147.22,84.52264970401423
2025-10-22 12:41:54.682268,87.1,83.07,117.92,80.2,92.90527356413587
2025-10-22 12:41:55.682268,103.78,88.26,135.36,55.66,95.85315331358579
2025-10-22 12:41:56.682267,89.79,28.35,148.9,144.39,87.77518858239138
2025-10-22 12:41:57.682267,106.31,31.19,211.51,89.98,97.20113536906236
2025-10-22 12:41:58.682266,79.25,32.68,99.48,146.52,75.49566602661534
2025-10-22 12:41:59.682266,90.18,98.63,108.61,74.49,96.70396990788944
2025-10-22 12:42:00.682265,112.66,57.29,280.89,39.63,121.02420267016609
2025-10-22 12:42:01.682265,72.14,73.29,109.25,22.66,74.01584137997136
2025-10-22 12:42:02.682264,65.63,52.23,120.35,34.32,69.20397205008945
2025-10-22 12:42:03.682263,43.53,23.73,69.39,88.51,50.48727655477674
2025-10-22 12:42:04.682263,87.01,47.43,138.2,103.7,85.95964097228223
2025-10-22 12:42:05.682262,125.7,64.3,240.59,86.5,121.70044127438473
2025-10-22 12:42:06.682262,96.51,46.63,165.13,91.71,91.27565150194455
2025-10-22 12:42:07.682261,112.36,91.89,179.51,93.89,118.51697025509642
2025-10-22 12:42:08.682261,115.03,44.71,216.59,138.97,115.17208360982255
2025-10-22 12:42:09.682260,93.47,48.5,134.72,118.7,88.42355429658761
2025-10-22 12:42:10.682260,119.86,62.22,270.13,24.6,117.2553174263901
2025-10-22 12:42:11.682259,137.23,57.6,280.19,138.66,140.63028767553664
2025-10-22 12:42:12.682259,56.41,27.11,78.32,62.49,49.68427378977502
2025-10-22 12:42:13.682258,61.64,42.92,57.08,124.33,63.43358004422312
2025-10-22 12:42:14.682258,114.65,77.77,161.5,109.46,109.18010181523758
2025-10-22 12:42:15.682257,47.52,32.0,92.84,24.81,48.996514446766156
2025-10-22 12:42:16.682257,138.54,52.91,292.78,130.41,140.44618047098888
2025-10-22 12:42:17.682256,50.66,57.52,65.2,25.2,53.44549881351945
2025-10-22 12:42:18.682256,122.66,58.59,291.86,26.17,122.29473668108359
2025-10-22 12:42:19.682255,105.6,27.49,256.54,57.95,102.53753744501556
2025-10-22 12:42:20.682254,99.15,26.94,200.03,147.65,103.08959371288624
2025-10-22 12:42:21.682254,81.98,52.73,140.35,115.39,91.56008838744458
2025-10-22 12:42:22.682253,88.24,67.41,85.91,138.96,87.1708420213089
2025-10-22 12:42:23.682253,153.81,98.71,281.43,122.62,158.24281604889728
2025-10-22 12:42:24.682252,106.71,37.98,214.37,87.95,101.03114038494672
2025-10-22 12:42:25.682252,129.56,93.1,194.88,96.74,124.30361532677553
2025-10-22 12:42:26.682251,93.73,56.76,144.05,127.05,96.9894769298802
2025-10-22 12:42:27.682251,116.38,39.9,292.05,16.9,111.22557105051743
2025-10-22 12:42:28.682250,147.4,51.68,297.36,131.91,141.50947529489613
2025-10-22 12:42:29.682250,114.4,97.04,183.89,63.09,116.27673060711045
2025-10-22 12:42:30.682249,57.29,58.76,77.62,17.35,56.2359044359101
2025-10-22 12:42:31.682249,108.78,92.22,149.43,65.77,104.05682274345848
2025-10-22 12:42:32.682248,87.45,65.17,130.47,113.05,94.306478376469
2025-10-22 12:42:33.682248,105.41,42.64,176.46,144.52,103.1841139033841
2025-10-22 12:42:34.682247,69.19,46.14,87.49,89.39,67.23605306646479
2025-10-22 12:42:35.682247,80.97,51.05,110.19,129.66,84.4938302183118
2025-10-22 12:42:36.682246,131.98,47.41,260.93,110.81,124.24918645468574
2025-10-22 12:42:37.682246,69.29,87.71,64.94,67.72,76.80894876219843
2025-10-22 12:42:38.682245,81.4,21.68,215.23,36.41,82.95803666267172
2025-10-22 12:42:39.682245,78.08,49.95,126.46,82.69,79.51151957543588
2025-10-22 12:42:40.682244,136.54,50.26,291.07,140.87,140.69246754493562
2025-10-22 12:42:41.682243,67.21,23.19,166.39,21.53,66.07444042542453
2025-10-22 12:42:42.682243,126.54,46.82,268.75,139.25,131.95321868423866
2025-10-22 12:42:43.682242,97.2,63.27,159.91,96.25,98.8753571723049
2025-10-22 12:42:44.682242,116.59,81.73,239.81,33.25,119.5528931350033
2025-10-22 12:42:45.682241,91.93,79.55,123.29,66.07,89.96493081132968
2025-10-22 12:42:46.682241,79.56,30.59,204.83,21.46,81.2906112318029
2025-10-22 12:42:47.682240,118.3,51.09,221.68,146.1,121.28736218364409
2025-10-22 12:42:48.682240,94.88,37.99,188.78,65.0,88.78803091535998
2025-10-22 12:42:49.682239,67.67,21.84,182.8,36.57,73.32212082492364
2025-10-22 12:42:50.682239,138.18,63.84,253.22,128.16,133.53959524799157
2025-10-22 12:42:51.682238,116.86,34.54,247.27,126.17,116.79909503181975
2025-10-22 12:42:52.682238,114.38,45.0,237.28,126.16,118.99132742320124
2025-10-22 12:42:53.682237,90.55,86.26,68.64,149.48,93.43411527051065
2025-10-22 12:42:54.682237,101.09,84.1,101.95,126.05,97.72059780240868
2025-10-22 12:42:55.682236,108.33,26.18,241.36,128.55,111.34185385497048
2025-10-22 12:42:56.682236,86.74,44.18,174.26,87.86,92.03812135760687
2025-10-22 12:42:57.682235,77.61,25.64,185.01,25.34,73.64458185158628
2025-10-22 12:42:58.682235,151.38,62.11,267.51,144.15,140.14991594960406
2025-10-22 12:42:59.682234,113.53,20.47,294.59,76.63,114.1950579104222
2025-10-22 12:43:00.682233,134.44,44.51,286.09,113.86,130.9760671401169
2025-10-22 12:43:01.682233,60.94,24.33,64.24,102.45,52.005281307993876
2025-10-22 12:43:02.682232,157.04,98.75,260.72,139.33,155.35586128363613
2025-10-22 12:43:03.682232,99.61,80.79,86.96,148.73,96.0738231662841
2025-10-22 12:43:04.682231,71.59,58.49,82.45,74.14,68.82915371317075
2025-10-22 12:43:05.682231,38.28,40.49,65.74,24.1,44.92842120624349
2025-10-22 12:43:06.682230,63.32,76.57,57.88,40.83,63.81330766088993
2025-10-22 12:43:07.682230,127.96,78.21,250.84,110.71,136.49896739158555
2025-10-22 12:43:08.682229,68.4,90.92,66.62,29.51,71.32209064237132
2025-10-22 12:43:09.682229,77.57,29.95,173.55,52.05,77.64477101270009
2025-10-22 12:43:10.682228,105.51,54.07,240.29,28.0,104.91251934000238
2025-10-22 12:43:11.682228,138.05,58.29,260.72,133.1,134.01724516392295
2025-10-22 12:43:12.682227,110.09,82.06,182.45,69.85,109.7436472147429
2025-10-22 12:43:13.682226,90.39,28.31,241.42,12.72,89.4200203705583
2025-10-22 12:43:14.682226,106.28,33.69,239.09,87.81,106.30180779530198
2025-10-22 12:43:15.682225,102.46,39.13,241.31,44.62,101.09639623625958
2025-10-22 12:43:16.682225,62.99,38.05,57.73,94.62,55.310456979600076
2025-10-22 12:43:17.682224,61.39,50.14,85.01,10.5,52.81432089106944
2025-10-22 12:43:18.682224,76.76,51.43,135.58,58.56,78.19691132645791
2025-10-22 12:43:19.682223,56.73,26.14,74.45,87.57,53.018829671351035
2025-10-22 12:43:20.682223,63.5,28.41,114.66,57.66,60.293518393104534
2025-10-22 12:43:21.682222,88.18,75.83,128.32,48.85,86.209510774587
2025-10-22 12:43:22.682222,92.87,69.9,165.32,58.69,96.33779801650876
2025-10-22 12:43:23.682221,74.11,44.16,146.06,30.08,72.08012861904666
2025-10-22 12:43:24.682221,75.31,61.21,92.34,148.27,87.87162015499744
2025-10-22 12:43:25.682220,103.43,67.58,159.31,118.87,105.32756139833303
2025-10-22 12:43:26.682220,73.37,26.91,115.01,103.09,68.67362450285555
2025-10-22 12:43:27.682219,70.63,43.51,137.83,33.66,69.99438887123807
2025-10-22 12:43:28.682219,97.96,52.65,185.15,93.76,100.69080329989717
2025-10-22 12:43:29.682218,97.78,48.44,206.53,63.47,99.0110458962843
2025-10-22 12:43:30.682218,47.38,31.31,87.88,62.11,54.568858841397564
2025-10-22 12:43:31.682217,137.81,84.56,255.97,51.47,129.43356368138302
2025-10-22 12:43:32.682216,127.26,72.74,282.81,38.54,129.06084568962962
2025-10-22 12:43:33.682216,145.08,82.17,241.65,148.38,143.1836531745415
2025-10-22 12:43:34.682215,77.17,43.83,89.33,125.11,73.73363808276005
2025-10-22 12:43:35.682215,117.67,87.52,195.83,84.02,119.29128659486047
2025-10-22 12:43:36.682214,122.91,68.29,215.96,109.45,120.83671401700677
2025-10-22 12:43:37.682214,90.18,20.57,217.4,74.29,90.57986898572783
2025-10-22 12:43:38.682213,88.01,39.03,166.68,136.48,96.85473823771899
2025-10-22 12:43:39.682213,96.35,83.14,115.06,54.3,86.93798933312624
2025-10-22 12:43:40.682212,100.59,45.48,165.47,108.88,94.2156031920639
2025-10-22 12:43:41.682212,131.95,61.75,274.53,114.39,136.1721282556931
2025-10-22 12:43:42.682211,119.39,98.85,128.59,134.94,114.82085099641897
2025-10-22 12:43:43.682211,66.51,53.54,56.46,99.61,63.61537250736855
2025-10-22 12:43:44.682210,108.87,93.87,125.91,92.6,103.13451707337077
2025-10-22 12:43:45.682210,118.6,21.24,288.44,86.78,114.74445630545725
2025-10-22 12:43:46.682209,57.57,50.09,138.6,27.23,72.21826626989235
2025-10-22 12:43:47.682209,122.79,73.06,228.77,120.42,129.2348611003576
2025-10-22 12:43:48.682208,134.3,58.15,232.34,142.97,127.3774767981771
2025-10-22 12:43:49.682208,147.14,84.73,266.23,116.41,145.49564748888525
2025-10-22 12:43:50.682207,78.56,38.71,166.63,40.25,77.57420613095482
2025-10-22 12:43:51.682206,68.18,43.61,109.84,60.84,67.0279877121633
2025-10-22 12:43:52.682206,133.03,86.68,211.77,101.83,127.20107068215907
2025-10-22 12:43:53.682205,124.46,38.15,261.89,131.02,123.94980716957029
2025-10-22 12:43:54.682205,117.21,54.37,207.57,67.13,102.99651168995712
2025-10-22 12:43:55.682204,121.95,80.02,244.16,85.07,130.29964536061715
2025-10-22 12:43:56.682204,106.81,32.46,263.14,88.77,113.10979785745812
2025-10-22 12:43:57.682203,105.09,97.92,98.79,114.35,101.31394322282952
2025-10-22 12:43:58.682203,89.14,78.25,77.86,145.73,91.4811289607093
2025-10-22 12:43:59.682202,132.67,67.64,284.89,99.91,139.3372376703869
2025-10-22 12:44:00.682202,130.26,57.35,274.42,112.85,133.64725715481836
2025-10-22 12:44:01.682201,88.35,72.69,159.06,91.66,102.38865009266642
2025-10-22 12:44:02.682201,41.09,20.22,68.56,12.39,33.38027863235281
2025-10-22 12:44:03.682200,48.48,40.83,97.43,12.11,52.24148312444549
2025-10-22 12:44:04.682200,97.61,45.56,229.85,76.09,107.09496059717824
2025-10-22 12:44:05.682199,98.25,84.49,73.9,131.47,90.55978310381852
2025-10-22 12:44:06.682199,68.59,78.68,58.65,55.72,68.04946320521772
2025-10-22 12:44:07.682198,105.59,64.5,205.27,57.73,105.4717114015338
2025-10-22 12:44:08.682197,74.46,65.73,97.2,56.74,73.4046733425489
2025-10-22 12:44:09.682197,88.42,75.87,74.19,119.15,83.91814865730277
2025-10-22 12:44:10.682196,151.62,97.43,283.17,96.15,152.874218900443
2025-10-22 12:44:11.682196,70.34,23.8,139.54,69.32,67.79618710321901
2025-10-22 12:44:12.682195,109.34,35.24,291.11,41.74,113.55982302358971
2025-10-22 12:44:13.682195,70.44,23.6,100.77,120.83,66.27143051892445
2025-10-22 12:44:14.682194,77.46,78.67,105.44,33.96,77.78725983506953
2025-10-22 12:44:15.682194,122.18,61.99,183.77,144.96,115.08218803089673
2025-10-22 12:44:16.682193,116.46,38.78,258.87,121.92,121.54830594598596
2025-10-22 12:44:17.682193,73.29,92.27,82.12,28.61,76.4727998904093
2025-10-22 12:44:18.682192,87.31,79.01,129.88,62.13,90.89504828720786
2025-10-22 12:44:19.682192,70.48,36.75,123.89,63.92,68.4541605440155
2025-10-22 12:44:20.682191,139.7,76.73,237.72,129.69,135.5887984004487
2025-10-22 12:44:21.682191,105.27,37.71,236.77,119.97,113.98714021031654
2025-10-22 12:44:22.682190,109.38,49.16,200.5,113.79,107.54744568215412
2025-10-22 12:44:23.682190,98.37,77.07,174.4,30.21,96.97442172060211
2025-10-22 12:44:24.682189,42.32,26.26,90.8,25.64,45.69637738551172
2025-10-22 12:44:25.682189,90.35,33.0,173.03,133.98,95.2710502589252
2025-10-22 12:44:26.682188,68.71,28.53,78.17,113.28,60.42906729829782
2025-10-22 12:44:27.682188,128.93,48.3,284.85,72.58,124.2901822675234
2025-10-22 12:44:28.682187,59.55,30.05,72.7,118.39,60.55477278514111
2025-10-22 12:44:29.682186,132.3,74.66,293.56,76.67,140.81651230410694
2025-10-22 12:44:30.682186,109.88,75.82,143.9,126.64,106.33252190030134
2025-10-22 12:44:31.682185,93.24,55.94,140.65,120.19,94.19811587765822
2025-10-22 12:44:32.682185,96.95,81.4,166.62,32.94,97.32936785646646
2025-10-22 12:44:33.682184,74.34,69.63,97.26,75.26,79.0374909066902
2025-10-22 12:44:34.682184,109.74,95.69,175.2,29.22,106.2692356681836
2025-10-22 12:44:35.682183,105.39,46.94,215.06,75.58,103.23403246661655
2025-10-22 12:44:36.682183,81.74,42.57,156.75,77.49,83.91644568372288
2025-10-22 12:44:37.682182,55.17,39.11,67.35,86.96,57.20758888904537
2025-10-22 12:44:38.682182,99.02,27.51,207.1,147.95,105.55731322002403
2025-10-22 12:44:39.682181,135.16,89.81,250.92,107.25,141.59922792642385
2025-10-22 12:44:40.682181,65.84,50.91,116.41,13.83,63.29565055040914
2025-10-22 12:44:41.682180,109.15,72.42,223.28,58.42,114.9566804013952
2025-10-22 12:44:42.682180,149.86,79.98,264.08,118.02,142.80917756330626
2025-10-22 12:44:43.682179,73.55,78.62,108.92,31.01,78.22264480481832
2025-10-22 12:44:44.682179,106.27,55.32,149.66,142.07,100.9424186533867
2025-10-22 12:44:45.682178,101.39,37.01,222.84,96.64,104.82036909995463
2025-10-22 12:44:46.682178,131.11,98.61,174.05,136.0,128.5755553385717
2025-10-22 12:44:47.682177,58.71,66.75,70.82,25.12,59.70448375630906
2025-10-22 12:44:48.682177,155.03,65.53,276.08,125.02,140.6265977935702
2025-10-22 12:44:49.682176,96.78,76.98,123.77,100.97,95.7617669405212
2025-10-22 12:44:50.682176,57.17,22.66,69.07,133.9,58.87170100543935
2025-10-22 12:44:51.682175,138.94,34.67,297.91,144.17,135.65797516710904
2025-10-22 12:44:52.682174,132.39,73.07,297.36,36.2,133.13334550298083
2025-10-22 12:44:53.682174,77.38,45.35,133.0,94.89,81.61409466541265
2025-10-22 12:44:54.682173,112.07,76.76,167.45,87.77,106.16007936686896
2025-10-22 12:44:55.682173,55.01,23.62,103.52,70.59,57.13272885602553
2025-10-22 12:44:56.682172,136.37,67.76,266.17,127.5,139.2483744329291
2025-10-22 12:44:57.682172,126.81,39.16,298.0,115.32,132.18759839051208
2025-10-22 12:44:58.682171,80.54,42.88,133.24,107.94,83.05014956838176
2025-10-22 12:44:59.682171,59.04,38.32,109.9,45.88,61.44748694075588
2025-10-22 12:45:00.682170,49.81,36.17,112.63,18.42,55.7476395798968
2025-10-22 12:45:01.682170,116.14,69.73,177.89,134.81,115.14505026197375
2025-10-22 12:45:02.682169,95.01,46.35,186.83,98.78,99.0624545415027
2025-10-22 12:45:03.682169,63.2,78.21,63.83,62.97,70.8123489724131
2025-10-22 12:45:04.682168,77.59,22.25,221.09,41.67,86.04688870804647
2025-10-22 12:45:05.682168,153.67,94.42,274.45,79.8,145.51157887104415
2025-10-22 12:45:06.682167,122.18,97.89,188.62,89.18,123.30086896507493
2025-10-22 12:45:07.682167,70.58,21.64,162.46,77.93,75.32140581352618
2025-10-22 12:45:08.682166,133.43,97.6,259.2,51.79,136.94654259572468
2025-10-22 12:45:09.682166,153.09,79.62,292.91,132.52,154.17446118211564
2025-10-22 12:45:10.682165,87.49,59.34,126.47,96.51,86.92370526857586
2025-10-22 12:45:11.682164,150.54,81.2,286.08,125.52,151.51676693830774
2025-10-22 12:45:12.682164,93.95,64.25,185.11,49.25,97.6044965797514
2025-10-22 12:45:13.682163,95.19,74.03,83.17,136.01,89.05058114992545
2025-10-22 12:45:14.682163,90.64,83.26,116.38,77.92,92.08411242737175
2025-10-22 12:45:15.682162,151.77,89.41,294.32,122.49,157.470732030364
2025-10-22 12:45:16.682162,126.92,93.14,171.69,124.91,122.9466598532205
2025-10-22 12:45:17.682161,104.43,47.75,253.1,78.29,115.60785547496822
2025-10-22 12:45:18.682161,164.41,91.72,286.98,121.83,156.2812465919248
2025-10-22 12:45:19.682160,131.35,86.1,276.37,27.29,131.52915977103385
2025-10-22 12:45:20.682160,84.03,69.57,110.09,103.25,88.42130203925778
2025-10-22 12:45:21.682159,92.3,30.06,146.9,142.02,87.55307808447581
2025-10-22 12:45:22.682159,66.45,54.82,84.1,50.49,62.80600061391128
2025-10-22 12:45:23.682157,110.94,45.9,222.46,96.41,109.07728718736739
2025-10-22 12:45:24.682156,103.69,73.42,140.86,144.06,107.68518226038168
2025-10-22 12:45:25.682156,130.79,39.64,275.07,95.22,121.54335784764329
2025-10-22 12:45:26.682155,81.58,76.46,136.19,23.76,83.90628990850387
2025-10-22 12:45:27.682155,72.06,67.45,57.1,127.16,76.18867124788535
2025-10-22 12:45:28.682154,35.48,25.12,69.77,11.65,36.03148482968168
2025-10-22 12:45:29.682154,131.0,72.36,265.44,76.64,131.21609154073448
2025-10-22 12:45:30.682153,113.32,73.0,234.78,65.55,120.11695135189308
2025-10-22 12:45:31.682153,88.82,26.92,197.19,96.25,92.02056722883128
2025-10-22 12:45:32.682152,116.13,88.61,206.43,32.89,112.86688027951543
2025-10-22 12:45:33.682152,110.4,39.27,208.89,137.5,109.86315626575973
2025-10-22 12:45:34.682151,153.3,81.61,288.34,90.89,145.523927474106
2025-10-22 12:45:35.682150,70.97,97.74,86.41,38.41,82.42564689404547
2025-10-22 12:45:36.682150,59.7,39.67,135.93,29.97,66.78285431079499
2025-10-22 12:45:37.682149,102.68,86.77,157.74,105.68,111.770922076756
2025-10-22 12:45:38.682149,101.34,25.5,225.34,112.67,103.03604947835169
2025-10-22 12:45:39.682148,120.05,57.7,224.61,125.16,121.2943865947462
2025-10-22 12:45:40.682148,138.37,84.24,218.45,140.24,135.62288180022438
2025-10-22 12:45:41.682147,95.3,82.52,116.84,108.88,98.00184276392599
2025-10-22 12:45:42.682147,73.41,41.07,83.27,136.67,72.8362416340062
2025-10-22 12:45:43.682146,62.47,28.81,77.08,133.44,64.24334716287058
2025-10-22 12:45:44.682146,117.44,63.88,257.05,19.3,113.09640232891252
2025-10-22 12:45:45.682145,130.21,80.18,235.84,85.57,127.97774986788421
2025-10-22 12:45:46.682145,155.05,84.64,295.03,136.73,158.14162194503578
2025-10-22 12:45:47.682144,67.54,39.43,75.78,145.55,71.53337518469745
2025-10-22 12:45:48.682144,60.83,77.44,55.08,49.11,65.04797690083971
2025-10-22 12:45:49.682143,91.43,36.74,228.48,40.61,95.25659953453474
2025-10-22 12:45:50.682143,70.14,33.3,62.33,136.05,62.55905311342023
2025-10-22 12:45:51.682142,56.46,23.64,170.12,37.77,70.64356435075976
2025-10-22 12:45:52.682142,87.24,46.72,195.88,43.36,90.96268173307122
2025-10-22 12:45:53.682141,115.13,66.35,268.95,10.15,116.08349878342787
2025-10-22 12:45:54.682141,132.16,98.49,221.51,50.36,125.77666744009063
2025-10-22 12:45:55.682140,93.05,93.98,79.45,123.28,95.31665905406257
2025-10-22 12:45:56.682140,84.84,25.58,201.16,39.39,81.25845913599164
2025-10-22 12:45:57.682139,134.2,85.3,237.8,75.54,129.119143913596
2025-10-22 12:45:58.682138,146.23,91.07,229.96,134.25,141.28634789825622
2025-10-22 12:45:59.682138,116.35,59.72,230.95,103.33,119.86917339765635
2025-10-22 12:46:00.682137,101.95,73.26,222.98,48.02,113.21892177318668
2025-10-22 12:46:01.682137,124.87,81.34,239.69,74.65,127.54305578819651
2025-10-22 12:46:02.682136,57.85,66.98,58.47,26.41,56.362962399107495
2025-10-22 12:46:03.682136,98.03,59.37,120.13,144.97,94.6548162167137
2025-10-22 12:46:04.682135,81.9,37.62,222.62,15.32,88.91118008580989
2025-10-22 12:46:05.682135,149.33,94.0,280.83,54.94,142.28452049751496
2025-10-22 12:46:06.682134,127.08,52.94,286.49,45.32,121.67589375101392
2025-10-22 12:46:07.682134,106.54,44.82,254.29,23.46,103.62329091858349
2025-10-22 12:46:08.682133,78.59,70.59,130.61,58.95,86.29977798827281
2025-10-22 12:46:09.682133,100.4,60.54,180.94,64.89,97.61325941769493
2025-10-22 12:46:10.682132,135.4,56.42,290.24,75.31,130.4864866626598
2025-10-22 12:46:11.682132,69.59,68.47,66.39,98.46,73.78924156265879
2025-10-22 12:46:12.682131,82.04,45.62,118.17,143.97,87.03578711606755
2025-10-22 12:46:13.682131,112.21,88.53,156.56,95.53,110.27538928999604
2025-10-22 12:46:14.682130,117.39,91.69,204.58,73.79,121.96178993074537
2025-10-22 12:46:15.682130,104.96,45.96,218.85,101.11,108.95526109075539
2025-10-22 12:46:16.682129,77.29,61.5,54.96,111.32,69.44430669886118
2025-10-22 12:46:17.682128,68.9,92.41,57.16,32.38,69.7889017596004
2025-10-22 12:46:18.682128,115.48,25.47,273.8,112.02,117.45724762541569
2025-10-22 12:46:19.682127,98.26,35.83,186.93,109.84,96.06185290642874
2025-10-22 12:46:20.682127,96.49,81.2,143.65,51.17,93.94570460781192
2025-10-22 12:46:21.682126,105.08,47.24,243.57,20.43,101.001997300949
2025-10-22 12:46:22.682126,115.91,35.05,240.75,83.01,106.5233811472243
2025-10-22 12:46:23.682125,119.35,42.23,296.89,51.34,120.67597304064677
2025-10-22 12:46:24.682125,98.73,37.8,210.53,81.11,98.42947342061869
2025-10-22 12:46:25.682124,126.04,37.18,295.88,109.58,129.4270113064826
2025-10-22 12:46:26.682124,65.43,65.39,79.61,58.02,68.20303781447217
2025-10-22 12:46:27.682123,76.55,33.34,117.58,136.89,79.35167516691308
2025-10-22 12:46:28.682123,129.03,80.05,199.86,115.4,123.02175907404185
2025-10-22 12:46:29.682122,63.47,35.94,73.8,95.19,59.20533138146237
2025-10-22 12:46:30.682122,78.24,56.84,76.69,129.83,77.33543977109827
2025-10-22 12:46:31.682121,72.98,25.41,188.35,43.66,78.17162953652664
2025-10-22 12:46:32.682121,92.74,62.61,129.92,132.42,96.71521547701965
2025-10-22 12:46:33.682120,98.16,68.81,208.52,12.12,99.5339695798523
2025-10-22 12:46:34.682120,99.37,54.24,242.73,45.26,109.15733006745883
2025-10-22 12:46:35.682119,76.33,41.8,121.03,75.23,72.34914383972706
2025-10-22 12:46:36.682119,107.98,25.66,252.77,113.82,111.58824898091156
2025-10-22 12:46:37.682118,75.38,39.82,99.91,101.89,70.31094540364785
2025-10-22 12:46:38.682117,69.31,44.45,108.82,69.54,68.86614100653236
2025-10-22 12:46:39.682117,95.04,85.0,125.92,66.41,93.53062268183864
2025-10-22 12:46:40.682116,117.1,68.84,192.9,135.94,119.43864858007709
2025-10-22 12:46:41.682116,103.64,98.47,104.92,117.53,104.06102490495593
2025-10-22 12:46:42.682115,65.01,54.57,61.21,44.18,54.54911037259652
2025-10-22 12:46:43.682115,126.86,75.23,193.44,116.39,118.89401662696153
2025-10-22 12:46:44.682114,95.98,44.57,214.15,32.88,93.30493252819973
2025-10-22 12:46:45.682114,71.32,40.06,173.34,26.32,77.49587512384926
2025-10-22 12:46:46.682113,144.06,77.06,250.4,142.61,142.12913148053894
2025-10-22 12:46:47.682113,93.37,33.58,155.8,131.49,89.88616236360957
2025-10-22 12:46:48.682112,85.97,43.92,163.53,98.2,90.73694489462989
2025-10-22 12:46:49.682112,103.62,70.21,186.38,30.61,97.24631889129265
2025-10-22 12:46:50.682111,85.41,76.87,56.8,136.93,82.71845830192338
2025-10-22 12:46:51.682111,73.17,62.08,78.79,111.75,76.98019968860176
2025-10-22 12:46:52.682110,53.87,24.57,71.4,102.23,54.23285185298228
2025-10-22 12:46:53.682110,67.71,22.04,198.33,25.88,75.96668523903334
2025-10-22 12:46:54.682109,143.81,96.35,255.36,101.5,145.04130355171034
2025-10-22 12:46:55.682109,92.38,40.24,119.43,123.67,80.71098450601258
2025-10-22 12:46:56.682108,54.89,68.09,80.15,11.09,60.38879787409084
2025-10-22 12:46:57.682107,144.3,81.32,289.15,91.92,145.82780851210464
2025-10-22 12:46:58.682107,87.68,60.68,82.7,133.05,81.68895914435049
2025-10-22 12:46:59.682106,134.02,96.93,195.3,143.61,135.6387647661134
2025-10-22 12:47:00.682106,61.9,24.83,61.54,133.57,57.621074887545255
2025-10-22 12:47:01.682105,117.88,49.65,238.92,122.88,121.14324932530488
2025-10-22 12:47:02.682105,93.78,31.97,172.9,120.76,92.09540668495558
2025-10-22 12:47:03.682104,112.71,88.88,177.8,51.8,108.1505680795835
2025-10-22 12:47:04.682104,72.68,44.17,139.39,31.77,70.41590892393108
2025-10-22 12:47:05.682103,91.29,44.64,176.41,123.75,100.038846271024
2025-10-22 12:47:06.682103,65.21,56.96,120.58,11.7,67.13188228791549
2025-10-22 12:47:07.682102,100.15,42.3,241.43,35.68,100.93236520447881
2025-10-22 12:47:08.682102,106.74,46.44,299.24,11.43,115.54978214764719
2025-10-22 12:47:09.682101,115.36,71.09,227.48,53.48,114.57741394995224
2025-10-22 12:47:10.682101,121.54,36.16,281.86,72.16,117.27662768701067
2025-10-22 12:47:11.682100,111.8,30.56,289.33,46.34,111.61300454867498
2025-10-22 12:47:12.682100,78.9,71.31,74.7,131.53,84.26395626055267
2025-10-22 12:47:13.682099,73.99,35.16,90.14,134.97,71.62730485942447
2025-10-22 12:47:14.682098,76.24,85.7,86.1,38.9,76.44795816081904
2025-10-22 12:47:15.682098,112.26,44.5,245.93,79.9,112.15781339868711
2025-10-22 12:47:16.682097,96.12,41.34,179.8,106.52,95.99718915022952
2025-10-22 12:47:17.682097,122.6,96.29,204.12,48.44,119.07568284874927
2025-10-22 12:47:18.682096,77.74,62.66,60.27,112.52,71.85486356148486
2025-10-22 12:47:19.682096,86.09,43.18,150.79,82.19,83.36135766100509
2025-10-22 12:47:20.682095,129.34,39.31,282.18,71.87,118.88023443899957
2025-10-22 12:47:21.682095,119.53,54.15,280.11,43.51,120.00010284151935
2025-10-22 12:47:22.682094,130.49,91.87,170.0,144.38,125.67352071416738
2025-10-22 12:47:23.682094,143.46,67.75,290.85,138.38,148.82146875128478
2025-10-22 12:47:24.682093,72.04,78.55,97.07,27.31,73.89158816136265
2025-10-22 12:47:25.682093,109.57,86.29,142.43,83.92,102.61040394544808
2025-10-22 12:47:26.682092,147.22,78.6,268.17,143.54,148.41985777086686
2025-10-22 12:47:27.682092,108.08,50.18,168.96,128.24,101.44358777080222
2025-10-22 12:47:28.682091,111.01,41.85,223.51,90.24,106.15566687819823
2025-10-22 12:47:29.682091,46.89,21.96,84.17,106.15,57.55260719009261
2025-10-22 12:47:30.682090,124.82,92.76,175.44,126.58,124.21654656409169
2025-10-22 12:47:31.682089,46.4,49.65,51.35,51.42,50.57869803791338
2025-10-22 12:47:32.682089,94.62,82.91,102.21,92.25,90.49651011457188
2025-10-22 12:47:33.682088,106.32,33.84,284.64,18.31,106.26759868873975
2025-10-22 12:47:34.682088,96.76,92.78,126.35,74.92,99.21484787012577
2025-10-22 12:47:35.682087,34.47,25.39,62.45,19.98,35.61945164769843
2025-10-22 12:47:36.682087,115.56,65.35,190.69,131.77,116.2125256810083
2025-10-22 12:47:37.682086,152.1,97.12,238.69,133.96,146.85846843030373
2025-10-22 12:47:38.682086,71.64,81.72,81.28,45.06,74.24495402955652
2025-10-22 12:47:39.682085,51.81,47.16,64.64,18.53,46.80571846707357
2025-10-22 12:47:40.682085,138.38,76.78,287.76,91.36,143.04324366544597
2025-10-22 12:47:41.682084,96.81,21.51,253.22,56.63,98.30656065885003
2025-10-22 12:47:42.682084,90.88,70.52,77.87,148.48,88.18967093627322
2025-10-22 12:47:43.682083,104.85,63.05,211.27,20.87,99.23610100280249
2025-10-22 12:47:44.682083,91.93,70.94,136.31,75.92,91.55626519440018
2025-10-22 12:47:45.682082,123.2,36.19,258.76,148.41,125.48806473047605
2025-10-22 12:47:46.682082,72.22,35.28,119.46,101.35,73.82408800688506
2025-10-22 12:47:47.682081,87.72,52.79,123.73,122.26,87.95862514292148
2025-10-22 12:47:48.682080,86.02,50.85,125.06,117.63,86.475235926699
2025-10-22 12:47:49.682080,61.01,43.25,107.49,53.83,64.75097329427912
2025-10-22 12:47:50.682079,93.65,79.39,73.75,135.49,88.77905128481191
2025-10-22 12:47:51.682079,81.45,61.41,70.39,136.17,78.97122152790959
2025-10-22 12:47:52.682078,90.41,93.7,106.77,46.76,88.19577167642565
2025-10-22 12:47:53.682078,86.11,76.31,126.13,55.49,87.10813622962846
2025-10-22 12:47:54.682077,92.78,47.29,110.72,137.86,84.41316985014484
2025-10-22 12:47:55.682077,58.27,26.2,112.32,46.76,56.328016819085526
2025-10-22 12:47:56.682076,84.86,77.03,114.37,43.8,81.6102049838712
2025-10-22 12:47:57.682076,43.35,26.6,94.79,28.43,47.61849112411801
2025-10-22 12:47:58.682075,139.43,64.69,270.78,79.27,129.53260446404877
2025-10-22 12:47:59.682075,77.43,38.83,93.42,139.13,75.26247094070092
2025-10-22 12:48:00.682074,85.37,41.19,187.74,63.15,89.69797794225263
2025-10-22 12:48:01.682074,71.1,75.04,65.91,84.58,74.15324850269934
2025-10-22 12:48:02.682073,134.64,70.45,244.42,131.57,134.85575108058285
2025-10-22 12:48:03.682073,103.86,37.37,195.01,144.66,106.16902622464838
2025-10-22 12:48:04.682072,53.61,50.09,65.04,61.48,56.909393674892456
2025-10-22 12:48:05.682072,137.78,73.41,252.9,89.39,130.50025163568785
2025-10-22 12:48:06.682071,105.49,73.64,228.79,16.86,108.9671375835201
2025-10-22 12:48:07.682070,124.72,63.15,223.36,95.19,117.6758366937309
2025-10-22 12:48:08.682070,72.84,33.93,113.31,141.97,79.37004700991832
2025-10-22 12:48:09.682069,91.77,27.38,250.25,16.58,92.37832481656584
2025-10-22 12:48:10.682069,111.2,32.79,256.1,84.83,110.37551604337513
2025-10-22 12:48:11.682068,110.84,27.58,298.61,73.26,118.26664019197767
2025-10-22 12:48:12.682068,132.81,53.82,239.69,139.82,126.80989842598359
2025-10-22 12:48:13.682067,125.5,30.82,290.35,128.79,128.41924411010308
2025-10-22 12:48:14.682067,61.98,45.86,112.11,58.67,68.3972674951014
2025-10-22 12:48:15.682066,102.95,60.42,156.45,136.85,104.48061139804402
2025-10-22 12:48:16.682066,127.33,67.28,254.83,93.08,128.76743146658225
2025-10-22 12:48:17.682065,87.72,95.27,145.06,10.86,93.35628714877045
2025-10-22 12:48:18.682065,102.23,46.5,250.34,40.34,106.62228070665432
2025-10-22 12:48:19.682064,82.38,76.1,73.38,88.61,77.72523128810897
2025-10-22 12:48:20.682064,140.71,97.13,227.67,143.92,145.52882368210993
2025-10-22 12:48:21.682063,62.79,30.03,84.42,130.93,66.55722892367785
2025-10-22 12:48:22.682063,94.07,58.51,135.37,142.08,98.23427507104027
2025-10-22 12:48:23.682062,67.82,31.83,69.76,139.43,64.73298170103905
2025-10-22 12:48:24.682062,79.77,39.13,157.67,55.43,78.10384916247072
2025-10-22 12:48:25.682061,110.96,65.16,164.58,126.25,107.17449528717742
2025-10-22 12:48:26.682060,112.49,69.94,214.18,56.51,110.61021595143326
2025-10-22 12:48:27.682060,72.33,30.59,134.77,80.62,71.97959446667957
2025-10-22 12:48:28.682059,142.6,86.7,264.71,105.92,143.9347507566215
2025-10-22 12:48:29.682059,68.79,49.51,125.29,29.32,68.34461690467606
2025-10-22 12:48:30.682058,126.5,58.71,274.81,94.92,130.88015000198743
2025-10-22 12:48:31.682058,137.63,73.09,284.97,88.43,139.78963284043797
2025-10-22 12:48:32.682057,94.66,81.23,101.87,102.52,91.59876324937254
2025-10-22 12:48:33.682057,135.72,53.49,278.84,136.69,137.79142485934508
2025-10-22 12:48:34.682056,109.93,65.73,190.23,90.74,108.11653337616029
2025-10-22 12:48:35.682056,123.33,77.47,213.06,106.72,123.9839233409889
2025-10-22 12:48:36.682055,80.3,48.4,156.45,60.86,83.42088705131465
2025-10-22 12:48:37.682055,57.69,42.87,92.74,55.81,60.52204180588177
2025-10-22 12:48:38.682054,79.61,79.97,104.46,78.45,86.9721003764866
2025-10-22 12:48:39.682054,110.19,21.48,272.4,55.6,103.85189876040509
2025-10-22 12:48:40.682053,121.63,94.64,255.46,12.49,126.54880005792566
2025-10-22 12:48:41.682053,56.3,20.36,89.78,81.52,53.55352726144602
2025-10-22 12:48:42.682052,59.8,30.95,110.31,90.37,66.7426109331242
2025-10-22 12:48:43.682051,132.84,34.75,288.92,143.53,132.8686103174071
2025-10-22 12:48:44.682051,65.33,64.72,118.84,25.29,73.16259146722177
2025-10-22 12:48:45.682050,43.02,31.16,52.21,60.19,43.392125342838604
2025-10-22 12:48:46.682050,106.63,41.19,289.63,10.28,109.82471771436707
2025-10-22 12:48:47.682049,62.23,27.24,75.86,114.61,59.35793716763392
2025-10-22 12:48:48.682049,50.56,36.29,60.72,63.09,49.074417391373984
2025-10-22 12:48:49.682048,69.13,28.37,99.39,106.15,65.31180284190307
2025-10-22 12:48:50.682048,129.75,80.93,289.42,24.27,132.283252487412
2025-10-22 12:48:51.682047,127.35,74.81,265.06,36.49,124.34730176574507
2025-10-22 12:48:52.682047,88.95,94.23,65.94,70.96,80.99212921252362
2025-10-22 12:48:53.682046,69.92,66.11,82.82,68.0,71.50708732179106
2025-10-22 12:48:54.682046,108.03,97.43,152.9,117.04,117.86792619591102
2025-10-22 12:48:55.682045,142.53,76.71,277.0,73.89,136.30575689790274
2025-10-22 12:48:56.682045,72.92,58.32,92.02,65.44,69.89366703478811
2025-10-22 12:48:57.682044,100.69,88.96,164.69,27.53,99.43114460427218
2025-10-22 12:48:58.682043,75.57,70.44,111.62,11.97,71.18970559120888
2025-10-22 12:48:59.682043,104.17,76.65,153.65,74.83,99.38844961908084
2025-10-22 12:49:00.682042,68.87,67.07,86.82,61.45,71.88577768153318
2025-10-22 12:49:01.682042,117.7,91.77,193.27,75.06,118.85435631557789
2025-10-22 12:49:02.682041,105.17,65.57,222.32,54.02,110.39125061419786
2025-10-22 12:49:03.682041,108.23,85.79,209.49,19.15,109.65745687911532
2025-10-22 12:49:04.682040,99.02,62.63,196.03,72.55,104.70798401208717
2025-10-22 12:49:05.682040,54.33,34.7,55.42,118.58,57.70906081846035
2025-10-22 12:49:06.682039,69.0,57.64,71.86,85.38,67.45562290454683
2025-10-22 12:49:07.682039,106.55,46.69,283.73,14.81,111.68339687366722
2025-10-22 12:49:08.682038,101.31,98.59,176.94,23.87,107.17076561848127
2025-10-22 12:49:09.682038,125.62,74.98,169.74,133.07,114.95834949699174
2025-10-22 12:49:10.682037,117.87,49.36,233.04,148.46,124.31079671065065
2025-10-22 12:49:11.682037,115.19,44.2,253.72,65.04,111.39967009810911
2025-10-22 12:49:12.682036,114.33,57.63,204.61,132.5,116.70576009453671
2025-10-22 12:49:13.682035,82.95,81.72,139.71,23.14,87.45447482847553
2025-10-22 12:49:14.682035,86.96,82.55,108.25,67.68,87.25465049521466
2025-10-22 12:49:15.682034,111.14,90.08,141.85,59.04,99.37911797728873
2025-10-22 12:49:16.682034,84.22,60.02,165.0,31.66,85.9661402927298
2025-10-22 12:49:17.682033,105.85,40.74,181.36,140.56,102.9266275713563
2025-10-22 12:49:18.682033,123.11,43.5,246.85,146.68,125.19670700122522
2025-10-22 12:49:19.682032,140.27,54.48,292.96,127.55,140.7124461804292
2025-10-22 12:49:20.682032,97.8,45.19,223.75,28.23,95.57508621727315
2025-10-22 12:49:21.682031,96.74,88.9,136.5,81.19,101.58275743971093
2025-10-22 12:49:22.682031,58.72,31.53,63.03,92.05,53.15383641677834
2025-10-22 12:49:23.682030,68.86,56.13,81.92,101.37,72.90387485844406
2025-10-22 12:49:24.682030,96.57,38.36,209.35,82.4,98.60916573878522
2025-10-22 12:49:25.682029,137.05,66.14,244.61,145.55,135.54726711662653
2025-10-22 12:49:26.682028,48.61,25.21,63.26,58.13,43.34818006941831
2025-10-22 12:49:27.682028,134.86,70.46,284.07,78.92,136.32425601089696
2025-10-22 12:49:28.682027,58.89,33.48,52.65,103.73,53.321902934427506
2025-10-22 12:49:29.682027,57.88,52.15,60.38,84.65,61.13266297198984
2025-10-22 12:49:30.682026,78.07,68.82,134.23,30.02,80.76435465063476
2025-10-22 12:49:31.682026,35.35,33.49,57.89,23.8,39.031662817291235
2025-10-22 12:49:32.682025,47.4,32.26,55.98,65.85,46.19554485322919
2025-10-22 12:49:33.682025,62.09,32.86,138.89,39.45,66.17137631532842
2025-10-22 12:49:34.682024,57.43,25.61,90.0,45.72,49.11988604257694
2025-10-22 12:49:35.682024,123.7,42.7,236.88,140.74,120.62326665620364
2025-10-22 12:49:36.682023,110.59,74.46,190.77,62.92,107.09246506196463
2025-10-22 12:49:37.682022,71.19,22.73,119.34,100.95,67.47341368195724
2025-10-22 12:49:38.682022,123.7,48.93,249.14,90.88,117.50364398845768
2025-10-22 12:49:39.682021,106.1,98.52,138.57,108.48,112.40284395925856
2025-10-22 12:49:40.682021,115.69,45.37,280.17,108.41,128.541920383194
2025-10-22 12:49:41.682020,89.32,82.38,151.52,29.93,92.68015855223922
2025-10-22 12:49:42.682020,125.72,61.88,267.55,55.75,122.49579956457649
2025-10-22 12:49:43.682019,77.71,74.12,90.67,81.04,80.43517560657897
2025-10-22 12:49:44.682019,97.83,65.0,120.18,147.7,98.00902683488833
2025-10-22 12:49:45.682018,112.5,60.41,245.0,71.44,118.10308222585144
2025-10-22 12:49:46.682018,72.13,40.26,158.71,21.77,72.29463584385174
2025-10-22 12:49:47.682017,102.23,27.39,256.81,27.28,96.479460702032
2025-10-22 12:49:48.682017,126.04,60.72,241.27,118.33,126.44604340326737
2025-10-22 12:49:49.682016,120.75,56.16,271.56,32.27,116.1972261334279
2025-10-22 12:49:50.682016,66.39,25.29,185.82,13.37,71.33749610669605
2025-10-22 12:49:51.682015,116.24,70.02,203.24,77.15,111.45991382937845
2025-10-22 12:49:52.682015,102.36,97.05,116.14,107.88,104.811805450328
2025-10-22 12:49:53.682014,86.88,54.36,131.15,107.1,87.9587769823056
2025-10-22 12:49:54.682014,122.14,62.35,265.82,49.8,121.02796316382538
2025-10-22 12:49:55.682013,70.77,35.39,131.86,68.22,71.02770933482762
2025-10-22 12:49:56.682013,94.03,88.87,100.08,94.71,93.30584335996055
2025-10-22 12:49:57.682012,50.45,41.84,68.11,34.71,48.418088167628085
2025-10-22 12:49:58.682011,85.6,86.67,83.25,101.5,88.50254791060708
2025-10-22 12:49:59.682011,82.67,52.02,169.37,19.68,80.92633292369041
2025-10-22 12:50:00.682010,101.69,78.82,124.94,124.81,101.76103061959022
2025-10-22 12:50:01.682010,83.0,41.19,125.81,117.4,81.85563468384163
2025-10-22 12:50:02.682009,39.05,21.8,83.31,27.11,41.52119743795196
2025-10-22 12:50:03.682009,106.09,65.79,193.33,102.74,111.46068709718338
2025-10-22 12:50:04.682008,68.13,33.76,122.23,39.1,61.54169091004364
2025-10-22 12:50:05.682008,101.79,89.3,128.74,69.17,97.06256158681663
2025-10-22 12:50:06.682007,108.54,80.66,223.37,42.25,115.86702821396668
2025-10-22 12:50:07.682007,84.07,64.72,115.13,87.1,84.31992146356811
2025-10-22 12:50:08.682006,120.23,45.83,283.36,66.8,121.46756072132345
2025-10-22 12:50:09.682006,82.74,88.48,82.89,72.14,83.46416007079071
2025-10-22 12:50:10.682005,69.11,33.24,167.77,37.12,74.57773468603196
2025-10-22 12:50:11.682005,106.01,63.3,241.83,43.57,113.05253360376496
2025-10-22 12:50:12.682004,79.71,23.71,204.17,14.39,76.27031479601706
2025-10-22 12:50:13.682004,90.15,27.4,196.94,81.66,89.28705187883396
2025-10-22 12:50:14.682003,66.45,54.89,96.06,61.98,68.71682767941238
2025-10-22 12:50:15.682002,123.1,74.94,250.03,50.95,122.76550627780185
2025-10-22 12:50:16.682002,102.35,60.36,198.34,48.98,99.59464356531217
2025-10-22 12:50:17.682001,119.46,76.74,181.99,141.32,121.15267403288631
2025-10-22 12:50:18.682001,95.28,27.06,208.37,86.92,93.59791264459864
2025-10-22 12:50:19.682000,101.91,93.7,87.24,134.83,99.81217228023237
2025-10-22 12:50:20.682000,99.64,56.18,195.23,56.81,98.13781174163061
2025-10-22 12:50:21.681999,145.06,89.26,290.68,74.13,146.7002632360001
2025-10-22 12:50:22.681999,50.84,66.3,54.03,16.13,52.64953144318624
2025-10-22 12:50:23.681998,115.88,84.78,202.05,88.14,120.61749330856766
2025-10-22 12:50:24.681998,88.63,29.66,217.76,39.09,88.21525469005807
2025-10-22 12:50:25.681997,135.51,74.8,267.7,72.78,132.34121254376186
2025-10-22 12:50:26.681997,142.42,87.2,275.2,83.25,142.8349030800352
2025-10-22 12:50:27.681996,134.97,92.51,205.86,139.87,135.87412622213276
2025-10-22 12:50:28.681996,71.39,48.16,138.41,29.42,71.63710813903454
2025-10-22 12:50:29.681995,137.8,61.11,273.89,119.29,136.63469754643796
2025-10-22 12:50:30.681995,115.15,25.9,255.07,104.37,110.52247403744467
2025-10-22 12:50:31.681994,115.53,48.54,238.91,95.94,115.23981327863393
2025-10-22 12:50:32.681993,107.28,90.02,174.59,48.18,107.03339946325025
2025-10-22 12:50:33.681993,100.84,45.34,177.01,129.79,101.76620721500835
2025-10-22 12:50:34.681992,57.64,70.65,52.52,61.75,63.41476134359062
2025-10-22 12:50:35.681992,100.1,23.57,251.47,15.84,90.70516789776207
2025-10-22 12:50:36.681991,114.5,81.33,202.87,58.9,113.34427952800169
2025-10-22 12:50:37.681991,89.74,64.46,115.45,109.16,88.66695072126537
2025-10-22 12:50:38.681990,82.78,32.77,166.01,29.93,72.38766081224964
2025-10-22 12:50:39.681990,62.13,97.94,55.24,10.22,67.55940232863281
2025-10-22 12:50:40.681989,60.17,63.84,83.05,24.32,61.775729556547965
2025-10-22 12:50:41.681989,86.18,58.38,160.29,49.21,87.22026522778661
2025-10-22 12:50:42.681988,102.31,84.49,125.67,138.7,107.55531958549727
2025-10-22 12:50:43.681988,103.2,75.29,185.05,65.32,106.26214737399827
2025-10-22 12:50:44.681987,115.44,92.12,187.52,112.11,124.65632103725675
2025-10-22 12:50:45.681987,107.1,87.89,98.16,134.44,100.13028942895451
2025-10-22 12:50:46.681986,42.49,28.36,62.25,52.96,43.583114709302
2025-10-22 12:50:47.681986,76.32,76.07,62.11,94.54,75.50041460592772
2025-10-22 12:50:48.681985,95.61,41.28,188.27,94.44,96.11463613218557
2025-10-22 12:50:49.681985,87.82,59.6,154.21,30.52,82.28807748740462
2025-10-22 12:50:50.681984,75.76,33.83,126.15,125.53,79.91538979192435
2025-10-22 12:50:51.681983,97.47,92.56,152.18,17.22,95.41265635070175
2025-10-22 12:50:52.681983,76.32,82.5,55.79,125.75,82.99223668854275
2025-10-22 12:50:53.681982,47.26,33.76,91.84,30.11,50.622688513673964
2025-10-22 12:50:54.681982,60.66,33.11,114.15,42.43,59.451397597134694
2025-10-22 12:50:55.681981,85.02,85.13,115.62,48.98,87.03870128420898
2025-10-22 12:50:56.681981,79.48,65.78,102.9,74.45,78.65903966304181
2025-10-22 12:50:57.681980,135.41,47.74,280.85,133.41,134.88754671085974
2025-10-22 12:50:58.681980,141.17,89.19,245.48,96.87,137.59519109452162
2025-10-22 12:50:59.681979,52.38,25.9,82.14,35.03,44.77905533054422
2025-10-22 12:51:00.681979,62.68,39.21,96.99,90.84,66.93626038904911
2025-10-22 12:51:01.681978,59.37,56.28,66.47,63.79,60.873210001368584
2025-10-22 12:51:02.681977,138.02,46.55,273.04,115.07,128.30752742700346
2025-10-22 12:51:03.681976,110.75,66.27,196.86,93.29,110.88384017634925
2025-10-22 12:51:04.681975,34.8,24.64,52.29,41.32,36.4302051442586
2025-10-22 12:51:05.681975,83.15,57.78,155.03,63.45,88.16858032791717
2025-10-22 12:51:06.681974,75.95,89.83,55.25,70.57,75.5156613697034
2025-10-22 12:51:07.681974,119.07,69.05,235.61,75.7,120.41923544516004
2025-10-22 12:51:08.681973,85.01,78.35,108.61,63.5,84.44623490027351
2025-10-22 12:51:09.681973,109.4,33.25,281.28,69.37,115.10257815533313
2025-10-22 12:51:10.681972,118.01,61.89,186.54,143.37,115.54936242374418
2025-10-22 12:51:11.681972,126.46,56.06,246.65,125.28,127.12776830162255
2025-10-22 12:51:12.681971,109.48,79.96,215.66,62.26,117.1749240380505
2025-10-22 12:51:13.681971,87.11,81.98,142.74,12.7,86.42148054515762
2025-10-22 12:51:14.681970,54.87,67.35,55.82,19.11,54.3008843536972
2025-10-22 12:51:15.681970,71.12,74.48,56.28,84.56,70.97665659808807
2025-10-22 12:51:16.681969,79.36,81.1,93.76,77.04,84.03756220415798
2025-10-22 12:51:17.681968,102.72,57.6,261.34,27.58,112.90972776117854
2025-10-22 12:51:18.681968,76.92,23.32,172.51,95.97,82.75856094913489
2025-10-22 12:51:19.681967,124.28,51.17,228.23,142.33,122.54724396864331
2025-10-22 12:51:20.681967,94.2,77.8,154.69,38.03,92.9657241323308
2025-10-22 12:51:21.681966,141.74,78.15,251.45,138.96,142.26155260820371
2025-10-22 12:51:22.681966,74.85,22.68,173.82,44.4,72.59507372635154
2025-10-22 12:51:23.681965,141.31,69.16,294.64,126.57,148.31623796439393
2025-10-22 12:51:24.681965,97.24,78.29,190.51,13.41,99.08693155423744
2025-10-22 12:51:25.681964,125.02,71.22,250.56,60.86,123.04424045229266
2025-10-22 12:51:26.681964,107.2,22.86,197.76,141.59,99.17704834322805
2025-10-22 12:51:27.681963,79.27,76.4,65.68,118.93,81.58001650468795
2025-10-22 12:51:28.681963,104.4,37.7,254.78,46.85,104.87725009477525
2025-10-22 12:51:29.681962,98.44,39.86,190.46,136.45,104.40847686071208
2025-10-22 12:51:30.681961,120.12,61.85,231.31,107.81,121.92512449296942
2025-10-22 12:51:31.681961,129.77,77.96,242.48,129.63,137.6186512434628
2025-10-22 12:51:32.681960,121.36,87.41,179.57,116.06,120.71108171900427
2025-10-22 12:51:33.681960,70.19,64.4,55.54,82.96,65.42853838240676
2025-10-22 12:51:34.681959,96.3,67.56,164.24,93.07,101.67678386940813
2025-10-22 12:51:35.681959,122.71,98.78,158.53,133.17,123.4334193454224
2025-10-22 12:51:36.681958,103.75,36.9,295.5,17.64,110.91894919813862
2025-10-22 12:51:37.681958,80.65,76.96,65.32,128.87,83.72363065660707
2025-10-22 12:51:38.681957,66.06,63.76,71.88,16.39,56.80421694446927
2025-10-22 12:51:39.681957,143.36,62.97,278.95,135.29,142.25644174646226
2025-10-22 12:51:40.681956,57.17,53.3,65.19,38.91,54.06800859306421
2025-10-22 12:51:41.681955,63.01,21.21,105.07,105.36,63.30484554891261
2025-10-22 12:51:42.681955,90.76,35.29,228.87,25.18,91.58978309100183
2025-10-22 12:51:43.681954,93.13,78.84,98.52,90.55,87.02781753001668
2025-10-22 12:51:44.681954,108.84,74.1,175.79,122.22,114.18525863027668
2025-10-22 12:51:45.681953,64.07,34.96,64.18,113.57,59.47640755809797
2025-10-22 12:51:46.681953,49.34,58.82,52.34,50.94,55.33685808355659
2025-10-22 12:51:47.681952,138.9,70.78,279.02,77.24,134.6318455130684
2025-10-22 12:51:48.681952,98.29,63.28,166.03,111.07,103.66227470479498
2025-10-22 12:51:49.681951,89.91,59.92,166.9,31.92,86.53914558237943
2025-10-22 12:51:50.681951,98.46,74.61,86.91,132.72,89.80960606948709
2025-10-22 12:51:51.681950,69.78,57.12,100.58,53.3,69.4598679204807
2025-10-22 12:51:52.681949,124.89,47.36,285.49,99.32,129.32476465014003
2025-10-22 12:51:53.681949,124.01,52.43,258.33,75.65,118.98076667804027
2025-10-22 12:51:54.681948,116.25,63.61,260.3,19.49,113.97680502906606
2025-10-22 12:51:55.681948,166.2,84.81,299.66,149.0,162.0538928876398
2025-10-22 12:51:56.681947,57.43,31.78,105.54,15.7,50.89553496238441
2025-10-22 12:51:57.681947,64.46,37.3,73.77,106.14,62.04612865496277
2025-10-22 12:51:58.681946,77.78,64.88,106.42,72.33,78.84894051513942
2025-10-22 12:51:59.681946,112.38,80.06,177.96,79.45,109.30656064884319
2025-10-22 12:52:00.681945,87.01,66.8,129.47,91.95,90.62633038200596
2025-10-22 12:52:01.681945,96.27,77.46,77.96,146.61,91.2934156574638
2025-10-22 12:52:02.681944,101.86,68.35,140.34,115.55,99.34929856504297
2025-10-22 12:52:03.681944,74.55,38.06,125.96,73.98,71.72458345465608
2025-10-22 12:52:04.681943,72.26,75.51,96.95,63.07,79.44533248469529
2025-10-22 12:52:05.681942,101.99,26.36,226.21,82.95,97.82388657547708
2025-10-22 12:52:06.681942,139.4,56.76,296.51,114.15,140.25162555153474
2025-10-22 12:52:07.681941,50.94,24.01,88.01,37.27,46.049094337831605
2025-10-22 12:52:08.681941,59.41,42.42,105.92,16.63,56.48064601517386
2025-10-22 12:52:09.681940,165.84,85.94,294.56,148.32,160.94743530010766
2025-10-22 12:52:10.681940,139.92,59.57,288.1,112.28,138.74870805563424
2025-10-22 12:52:11.681939,137.58,84.74,284.5,110.3,149.7787118755713
2025-10-22 12:52:12.681939,52.68,47.98,58.4,32.1,48.03195067515774
2025-10-22 12:52:13.681938,77.6,38.87,109.78,115.4,75.48790898418306
2025-10-22 12:52:14.681937,117.36,54.55,236.44,102.1,118.70643437067217
2025-10-22 12:52:15.681937,90.08,23.32,203.07,46.55,82.13132111540186
2025-10-22 12:52:16.681936,81.54,60.04,63.49,119.63,72.93267429209547
2025-10-22 12:52:17.681936,61.84,57.28,65.87,79.19,64.24737979099575
2025-10-22 12:52:18.681935,106.59,88.21,203.33,15.95,108.37296545444141
2025-10-22 12:52:19.681935,75.34,91.52,65.1,34.44,72.14218949793135
2025-10-22 12:52:20.681934,83.27,91.74,104.66,34.47,84.14762066020863
2025-10-22 12:52:21.681934,51.94,42.55,63.6,106.52,61.673222883430014
2025-10-22 12:52:22.681933,159.03,76.08,289.92,110.02,147.04962818148113
2025-10-22 12:52:23.681933,138.46,70.89,279.12,77.22,134.7125815901524
2025-10-22 12:52:24.681932,73.57,62.28,76.69,97.0,73.51976762555462
2025-10-22 12:52:25.681932,87.71,67.67,97.25,92.26,81.43606244962896
2025-10-22 12:52:26.681931,80.12,61.83,97.11,144.14,88.79331301348594
2025-10-22 12:52:27.681930,77.97,41.15,112.08,90.25,72.31841881643273
2025-10-22 12:52:28.681930,85.17,80.95,64.64,99.28,79.6264810866516
2025-10-22 12:52:29.681929,96.48,49.93,164.06,131.35,100.46412671678166
2025-10-22 12:52:30.681929,68.89,95.42,79.38,11.64,73.84486843391576
2025-10-22 12:52:31.681928,66.72,37.31,125.79,37.55,64.06767097971374
2025-10-22 12:52:32.681928,115.11,61.02,237.24,51.18,112.05116366085883
2025-10-22 12:52:33.681927,136.09,78.16,226.63,139.1,134.8344068622415
2025-10-22 12:52:34.681927,99.76,79.26,197.54,29.37,104.85066127958437
2025-10-22 12:52:35.681926,42.56,22.93,64.47,37.2,38.423428265766674
2025-10-22 12:52:36.681926,68.62,43.4,96.65,90.95,68.93761818664183
2025-10-22 12:52:37.681925,44.08,25.23,70.61,65.16,46.96304649865114
2025-10-22 12:52:38.681925,47.18,32.71,55.19,91.8,51.33406123317785
2025-10-22 12:52:39.681924,109.36,51.51,201.34,105.21,107.26389773025954
2025-10-22 12:52:40.681924,124.18,38.95,257.49,138.27,124.46429464335435
2025-10-22 12:52:41.681923,100.88,33.5,235.68,63.45,100.34580795891226
2025-10-22 12:52:42.681922,97.75,38.05,249.19,40.47,102.10425419134693
2025-10-22 12:52:43.681922,93.98,29.74,207.55,73.37,91.9925911933783
2025-10-22 12:52:44.681921,116.02,77.53,222.09,68.85,119.20868487368287
2025-10-22 12:52:45.681921,71.2,68.15,93.96,70.48,76.36126480173243
2025-10-22 12:52:46.681920,110.47,85.7,170.23,113.13,116.47251847569672
2025-10-22 12:52:47.681920,102.51,53.81,212.98,80.69,107.03666583825613
2025-10-22 12:52:48.681919,96.26,86.42,117.12,61.1,90.53688229782044
2025-10-22 12:52:49.681919,104.68,49.81,210.33,48.21,97.80394821792274
2025-10-22 12:52:50.681918,128.29,66.35,253.12,101.1,129.38379873945152
2025-10-22 12:52:51.681918,120.09,28.37,295.48,97.71,122.57294062470558
2025-10-22 12:52:52.681917,105.17,53.16,182.02,126.4,106.48412098270953
2025-10-22 12:52:53.681917,128.54,53.45,274.13,60.7,121.26805574948875
2025-10-22 12:52:54.681916,72.62,63.24,74.09,113.07,76.40597221805456
2025-10-22 12:52:55.681916,122.43,41.93,245.15,137.08,121.99964953437164
2025-10-22 12:52:56.681915,97.95,33.23,235.14,77.89,102.91643175179884
2025-10-22 12:52:57.681915,129.42,97.5,191.54,106.29,127.38194266355191
2025-10-22 12:52:58.681914,71.54,84.18,84.59,55.55,78.54480045323311
2025-10-22 12:52:59.681913,100.82,42.76,186.11,95.07,96.3258172451337
2025-10-22 12:53:00.681913,102.59,24.83,292.28,13.58,103.1483196470698
2025-10-22 12:53:01.681912,164.92,91.62,298.27,117.73,158.81083439377628
2025-10-22 12:53:02.681912,134.02,83.21,275.07,10.61,126.39077613450901
2025-10-22 12:53:03.681911,98.36,35.35,254.58,26.1,99.52966917918715
2025-10-22 12:53:04.681911,108.34,82.58,186.36,55.33,108.29423510296466
2025-10-22 12:53:05.681910,72.79,49.84,99.61,102.33,75.28635242676197
2025-10-22 12:53:06.681910,124.91,42.98,237.36,105.16,113.84221892514728
2025-10-22 12:53:07.681909,147.87,89.58,250.68,136.36,147.1926295085211
2025-10-22 12:53:08.681909,107.78,41.41,247.49,66.8,108.49047816784525
2025-10-22 12:53:09.681908,91.8,69.43,138.33,44.1,85.095309191534
2025-10-22 12:53:10.681908,118.03,69.58,201.67,143.93,124.02863531506583
2025-10-22 12:53:11.681907,61.4,40.85,118.05,39.05,63.79792852718212
2025-10-22 12:53:12.681907,104.98,76.32,122.35,144.55,103.65989770315258
2025-10-22 12:53:13.681906,87.35,77.53,149.54,39.85,91.64505619872602
2025-10-22 12:53:14.681905,97.11,79.66,172.81,11.96,94.15976663704012
2025-10-22 12:53:15.681905,145.45,89.7,281.91,113.12,152.0244378604224
2025-10-22 12:53:16.681904,118.87,98.88,143.65,126.09,117.60502429527418
2025-10-22 12:53:17.681904,79.14,87.35,62.13,93.05,80.81480124772216
2025-10-22 12:53:18.681903,58.21,55.89,57.48,60.92,57.40756843998167
2025-10-22 12:53:19.681903,117.34,85.95,211.26,92.17,124.76710236826167
2025-10-22 12:53:20.681902,59.82,26.36,72.82,71.83,49.51303254380517
2025-10-22 12:53:21.681902,88.58,33.67,174.23,107.29,90.665283223761
2025-10-22 12:53:22.681901,86.19,32.03,222.56,24.29,87.89687838051884
2025-10-22 12:53:23.681901,105.08,44.19,182.03,136.88,104.11139242444204
2025-10-22 12:53:24.681900,107.62,64.35,200.11,56.48,103.59810699709783
2025-10-22 12:53:25.681900,94.95,62.62,143.83,120.21,98.4766778303542
2025-10-22 12:53:26.681899,98.54,68.05,147.23,98.67,97.91957872593105
2025-10-22 12:53:27.681899,115.1,77.85,160.81,112.03,109.52273620391476
2025-10-22 12:53:28.681898,119.15,20.83,261.6,139.56,116.95321163276448
2025-10-22 12:53:29.681898,118.8,49.86,247.52,60.0,111.34754479071485
2025-10-22 12:53:30.681897,90.27,36.14,124.99,126.47,80.90104899314545
2025-10-22 12:53:31.681896,62.8,35.1,63.7,110.67,58.825897807856684
2025-10-22 12:53:32.681896,116.26,72.14,243.32,45.81,118.33707825950077
2025-10-22 12:53:33.681895,97.68,65.23,214.61,30.42,103.21921498724905
2025-10-22 12:53:34.681895,79.44,44.96,74.14,127.69,70.24180004458104
2025-10-22 12:53:35.681894,131.25,82.5,183.43,136.94,123.57755691366063
2025-10-22 12:53:36.681894,123.84,74.59,224.62,104.58,125.60264071475233
2025-10-22 12:53:37.681893,106.04,60.15,209.47,32.48,99.55946385453323
2025-10-22 12:53:38.681893,122.19,23.15,274.43,141.67,122.38098435858285
2025-10-22 12:53:39.681892,136.57,72.14,269.31,132.63,143.38680370118266
2025-10-22 12:53:40.681892,134.27,96.78,163.41,145.13,126.28116376503253
2025-10-22 12:53:41.681891,97.29,22.95,265.76,47.1,100.89883414550732
2025-10-22 12:53:42.681891,81.56,33.98,124.35,139.24,82.17103308834052
2025-10-22 12:53:43.681890,102.03,31.25,281.54,21.27,104.63678724416363
2025-10-22 12:53:44.681890,126.01,73.0,297.02,11.52,128.09614947949353
2025-10-22 12:53:45.681889,125.89,90.02,207.06,88.15,124.72866363539201
2025-10-22 12:53:46.681888,139.16,89.67,229.43,89.58,131.5622391705441
2025-10-22 12:53:47.681888,127.76,74.27,260.77,45.66,124.61031891053203
2025-10-22 12:53:48.681887,106.77,38.17,266.06,40.74,107.28793744351584
2025-10-22 12:53:49.681887,113.52,63.83,234.95,56.63,113.8410663107
2025-10-22 12:53:50.681886,70.66,66.64,133.91,10.93,75.79476108562189
2025-10-22 12:53:51.681886,58.2,49.52,101.42,28.85,61.08188777984688
2025-10-22 12:53:52.681885,80.45,45.55,178.5,31.96,82.89417601743375
2025-10-22 12:53:53.681885,44.35,25.92,62.46,54.46,42.7317987970298
2025-10-22 12:53:54.681884,143.36,93.25,262.55,71.26,139.65799915002003
2025-10-22 12:53:55.681884,94.88,34.69,232.13,30.19,93.26625191724007
2025-10-22 12:53:56.681883,89.62,86.18,94.28,95.22,90.32738701451277
2025-10-22 12:53:57.681883,91.36,97.47,77.88,80.24,88.03309196750276
2025-10-22 12:53:58.681882,106.16,52.48,231.7,37.13,103.35351538221568
2025-10-22 12:53:59.681882,95.7,30.25,182.83,102.06,90.51253346083881
2025-10-22 12:54:00.681881,94.59,72.7,152.29,54.82,93.04422173324117
2025-10-22 12:54:01.681881,65.17,27.27,153.97,103.1,80.56430423574595
2025-10-22 12:54:02.681880,72.46,49.03,129.23,73.1,77.98289092129286
2025-10-22 12:54:03.681880,98.9,95.51,102.33,90.09,96.36373641835684
2025-10-22 12:54:04.681879,83.24,21.42,138.16,142.95,80.81824071776617
2025-10-22 12:54:05.681878,138.58,72.41,279.2,97.36,139.49061247493708
2025-10-22 12:54:06.681878,120.82,60.65,277.49,12.29,116.24326591781421
2025-10-22 12:54:07.681877,126.33,96.24,211.01,64.47,124.30446845529059
2025-10-22 12:54:08.681877,101.07,37.87,214.25,55.36,94.46965972636248
2025-10-22 12:54:09.681876,99.39,52.22,159.11,135.39,100.9162318472317
2025-10-22 12:54:10.681876,134.16,93.89,217.99,141.2,140.46961920581538
2025-10-22 12:54:11.681875,67.13,27.74,100.56,120.58,68.21554159967775
2025-10-22 12:54:12.681875,87.22,35.49,194.5,103.51,96.91134936975429
2025-10-22 12:54:13.681874,113.19,25.31,298.16,75.92,117.53173369737196
2025-10-22 12:54:14.681874,74.0,55.0,96.65,79.01,72.33012523566262
2025-10-22 12:54:15.681873,74.21,43.27,148.52,30.29,72.4190264162948
2025-10-22 12:54:16.681873,125.75,69.84,285.77,52.88,131.35691941954894
2025-10-22 12:54:17.681872,49.86,25.05,122.48,28.48,55.18085548867895
2025-10-22 12:54:18.681872,62.35,62.1,56.92,31.58,54.49908111938558
2025-10-22 12:54:19.681871,119.63,53.64,258.14,87.97,121.97096438006719
2025-10-22 12:54:20.681871,114.41,38.85,264.61,87.15,116.40469847673516
2025-10-22 12:54:21.681870,122.43,79.9,182.83,110.69,116.89351688270531
2025-10-22 12:54:22.681870,43.18,24.2,87.28,70.33,52.48816355748163
2025-10-22 12:54:23.681869,73.56,24.9,114.87,103.7,67.75403831906497
2025-10-22 12:54:24.681869,137.22,97.82,291.03,12.7,138.86134381241183
2025-10-22 12:54:25.681868,60.38,46.68,101.45,15.85,57.09875697963244
2025-10-22 12:54:26.681867,56.03,31.4,126.77,47.61,63.42338742645046
2025-10-22 12:54:27.681867,139.28,67.13,266.78,131.02,139.81761284300578
2025-10-22 12:54:28.681866,62.84,37.53,140.06,46.2,70.1834333417954
2025-10-22 12:54:29.681866,103.95,58.94,219.05,27.72,100.89257119746468
2025-10-22 12:54:30.681865,126.6,88.73,224.28,89.24,129.47982753615688
2025-10-22 12:54:31.681865,77.1,40.85,84.14,117.08,69.09882193458913
2025-10-22 12:54:32.681864,78.28,97.93,71.72,76.9,85.747021296984
2025-10-22 12:54:33.681864,133.45,95.41,257.67,20.66,129.21775397572495
2025-10-22 12:54:34.681863,136.7,94.56,282.43,62.84,144.612190071064
2025-10-22 12:54:35.681863,43.09,20.63,73.42,22.59,37.0699174837117
2025-10-22 12:54:36.681862,132.97,46.91,284.27,131.04,135.03253181261476
2025-10-22 12:54:37.681862,67.47,62.21,65.39,78.11,66.33803642089663
2025-10-22 12:54:38.681861,133.41,61.91,237.38,97.98,121.8275843739204
2025-10-22 12:54:39.681861,64.12,62.85,80.73,22.73,60.2708745119753
2025-10-22 12:54:40.681860,88.37,71.03,114.04,95.26,88.74746540448965
2025-10-22 12:54:41.681860,105.55,78.64,229.03,23.83,112.90730760501349
2025-10-22 12:54:42.681859,76.64,26.97,166.43,42.84,72.19558349256056
2025-10-22 12:54:43.681859,68.99,52.66,63.65,69.0,59.26156175771687
2025-10-22 12:54:44.681858,106.2,84.47,195.17,61.54,113.11417606450169
2025-10-22 12:54:45.681857,132.2,87.95,268.29,24.15,129.39631350550368
2025-10-22 12:54:46.681857,130.93,71.91,298.22,52.83,136.11740307007554
2025-10-22 12:54:47.681856,80.87,55.88,127.46,105.64,87.3150030218175
2025-10-22 12:54:48.681856,71.57,89.63,52.34,84.91,77.38887970618451
2025-10-22 12:54:49.681855,86.04,79.29,76.21,116.55,85.70819992037266
2025-10-22 12:54:50.681855,57.08,50.64,63.0,79.04,60.05605312116389
2025-10-22 12:54:51.681854,53.26,31.39,79.2,49.17,49.4304959992985
2025-10-22 12:54:52.681854,122.22,76.53,280.07,15.05,125.45633434772499
2025-10-22 12:54:53.681853,90.08,61.88,186.73,30.92,93.27449151023228
2025-10-22 12:54:54.681853,78.58,42.93,171.93,41.39,81.49013692605473
2025-10-22 12:54:55.681852,89.16,40.11,169.83,91.22,89.35167979141833
2025-10-22 12:54:56.681852,98.07,91.76,89.46,128.79,98.31632561793803
2025-10-22 12:54:57.681851,57.45,69.67,73.71,23.62,61.72601442067192
2025-10-22 12:54:58.681851,95.82,85.49,114.05,124.96,101.83154992180081
2025-10-22 12:54:59.681850,58.2,35.24,55.91,119.45,58.2973613543216
2025-10-22 12:55:00.681850,41.33,24.18,54.4,59.05,40.356148259589716
2025-10-22 12:55:01.681849,90.13,30.2,161.01,129.5,89.37768945664735
2025-10-22 12:55:02.681849,91.03,82.39,74.53,138.68,91.13734761894978
2025-10-22 12:55:03.681848,85.46,38.98,174.01,79.72,87.76327606263979
2025-10-22 12:55:04.681847,86.85,21.22,206.4,92.19,91.1506964865149
2025-10-22 12:55:05.681847,118.34,28.31,298.13,97.53,123.30387713826609
2025-10-22 12:55:06.681846,110.28,87.09,195.46,36.27,109.48565466404636
2025-10-22 12:55:07.681846,75.45,46.2,109.59,79.01,71.84729463099907
2025-10-22 12:55:08.681845,130.63,57.79,290.65,91.6,134.52475875006274
2025-10-22 12:55:09.681845,164.11,91.88,288.09,135.52,159.41251814884856
2025-10-22 12:55:10.681844,117.06,98.13,223.93,14.1,119.12572297854874
2025-10-22 12:55:11.681844,111.2,36.31,270.22,71.2,113.66201932609626
2025-10-22 12:55:12.681843,118.91,67.36,232.95,101.23,123.84910135459022
2025-10-22 12:55:13.681843,60.56,57.69,86.76,65.54,68.01957255637186
2025-10-22 12:55:14.681842,143.82,65.44,298.46,71.46,136.67405948194377
2025-10-22 12:55:15.681842,100.89,78.26,199.85,11.49,101.49804455059152
2025-10-22 12:55:16.681841,125.1,72.01,214.41,116.77,123.67243409641567
2025-10-22 12:55:17.681841,93.81,30.7,245.25,18.68,92.94194632625226
2025-10-22 12:55:18.681840,136.62,75.36,272.18,119.71,143.28392418841722
2025-10-22 12:55:19.681840,75.32,72.18,58.37,99.35,73.3986870399225
2025-10-22 12:55:20.681839,140.41,74.54,245.94,138.35,138.6908007616494
2025-10-22 12:55:21.681838,108.11,52.32,190.4,108.9,105.11084799398913
2025-10-22 12:55:22.681838,98.25,54.48,164.75,132.45,103.15048480017043
2025-10-22 12:55:23.681837,116.74,85.26,186.48,127.99,124.08848324978813
2025-10-22 12:55:24.681837,110.34,30.99,224.96,126.68,108.43111340315998
2025-10-22 12:55:25.681836,116.39,96.55,168.72,91.97,117.20792241980176
2025-10-22 12:55:26.681836,102.34,63.34,219.17,54.58,108.44774777976072
2025-10-22 12:55:27.681835,98.65,25.92,262.95,30.85,98.30339087533592
2025-10-22 12:55:28.681835,98.83,61.15,233.71,33.81,107.60594974174681
2025-10-22 12:55:29.681834,98.67,96.85,136.38,89.35,107.11664237084454
2025-10-22 12:55:30.681834,89.39,63.87,102.81,149.13,92.51080336101928
2025-10-22 12:55:31.681833,104.38,69.89,186.33,82.95,107.46444170832369
2025-10-22 12:55:32.681832,103.45,22.75,259.27,48.08,99.04341064373673
2025-10-22 12:55:33.681832,53.13,62.46,50.66,43.76,55.21477614293158
2025-10-22 12:55:34.681831,84.77,84.41,93.42,69.19,84.0212493184439
2025-10-22 12:55:35.681831,92.7,42.54,181.35,92.72,94.31925349499704
2025-10-22 12:55:36.681830,86.43,31.37,227.86,24.15,89.13414560406616
2025-10-22 12:55:37.681830,110.14,30.29,277.9,76.67,114.06549292925533
2025-10-22 12:55:38.681829,59.83,21.32,119.18,62.97,59.183847221710145
2025-10-22 12:55:39.681829,79.67,69.74,108.53,52.68,77.99618717482258
2025-10-22 12:55:40.681828,102.41,73.1,105.11,138.29,95.63552361513503
2025-10-22 12:55:41.681828,106.64,69.72,198.56,41.31,102.78819085241452
2025-10-22 12:55:42.681827,76.31,23.5,106.49,142.81,72.30509474358358
2025-10-22 12:55:43.681827,100.23,65.74,88.86,141.17,87.66658999247221
2025-10-22 12:55:44.681826,105.51,85.15,215.65,18.41,111.04401233887499
2025-10-22 12:55:45.681826,84.58,28.62,111.28,121.98,72.15272902709725
2025-10-22 12:55:46.681825,125.63,49.49,274.6,97.87,126.82200560210573
2025-10-22 12:55:47.681825,120.0,43.0,246.9,102.41,116.17348844436793
2025-10-22 12:55:48.681824,71.35,98.54,56.74,54.43,77.08625935942973
2025-10-22 12:55:49.681823,77.39,49.96,150.78,34.99,77.3552575691769
2025-10-22 12:55:50.681823,80.35,55.82,118.57,47.72,73.11316295852768
2025-10-22 12:55:51.681822,115.33,31.63,219.45,115.83,104.93872140311956
2025-10-22 12:55:52.681822,114.64,61.67,244.73,20.45,108.5238412743421
2025-10-22 12:55:53.681821,111.91,26.79,294.73,28.31,107.7831245635298
2025-10-22 12:55:54.681821,91.12,95.82,69.46,88.79,86.38021431510916
2025-10-22 12:55:55.681820,106.32,58.71,248.31,60.22,116.02559328017263
2025-10-22 12:55:56.681820,94.89,50.8,166.62,77.47,90.96789805960114
2025-10-22 12:55:57.681819,54.68,22.3,63.98,111.59,52.73332748879437
2025-10-22 12:55:58.681819,73.71,80.75,70.97,55.66,72.76888848793996
2025-10-22 12:55:59.681818,68.2,90.25,54.69,59.81,73.41961121188103
2025-10-22 12:56:00.681818,114.27,54.19,263.42,31.68,112.65476856215528
2025-10-22 12:56:01.681817,138.51,60.04,249.54,89.86,122.9411016716712
2025-10-22 12:56:02.681817,108.73,66.61,236.82,13.89,107.29824481525374
2025-10-22 12:56:03.681816,106.31,78.98,202.93,33.54,107.15952631055059
2025-10-22 12:56:04.681816,101.78,76.62,124.99,115.03,98.74121348156044
2025-10-22 12:56:05.681815,92.6,54.63,178.44,80.24,96.97335779525473
2025-10-22 12:56:06.681815,95.59,71.47,160.12,47.23,93.2795136334699
2025-10-22 12:56:07.681814,124.47,50.1,293.67,74.15,128.14713980354492
2025-10-22 12:56:08.681813,115.14,39.93,235.38,119.79,114.63657940009884
2025-10-22 12:56:09.681813,111.2,83.43,151.41,97.46,106.57688442849349
2025-10-22 12:56:10.681812,111.41,87.89,174.46,101.74,116.5704510870271
2025-10-22 12:56:11.681812,76.38,81.14,105.5,42.06,80.64071716718317
2025-10-22 12:56:12.681811,60.97,37.33,83.05,75.47,58.7606894243515
2025-10-22 12:56:13.681811,68.3,52.18,65.74,125.03,70.77604310103031
2025-10-22 12:56:14.681810,77.0,81.39,57.32,75.69,72.96117510925275
2025-10-22 12:56:15.681810,148.2,80.54,298.99,87.73,147.5658712761135
2025-10-22 12:56:16.681809,123.23,62.36,294.89,51.59,130.12563005778094
2025-10-22 12:56:17.681809,81.82,59.81,72.77,146.64,80.97045548731148
2025-10-22 12:56:18.681808,117.83,67.83,217.59,50.75,109.44316971475406
2025-10-22 12:56:19.681808,104.86,84.54,158.23,47.9,99.33802041414717
2025-10-22 12:56:20.681807,129.2,94.01,258.61,49.99,134.62820970845513
2025-10-22 12:56:21.681807,51.41,43.23,69.43,55.93,53.718661045930865
2025-10-22 12:56:22.681806,98.65,94.68,176.46,18.39,103.99584352318553
2025-10-22 12:56:23.681806,111.18,42.1,259.28,40.8,107.21458304057882
2025-10-22 12:56:24.681805,110.06,65.42,148.97,106.62,98.71437413099753
2025-10-22 12:56:25.681804,105.76,32.37,213.42,112.07,102.74744410318904
2025-10-22 12:56:26.681804,132.57,90.6,175.76,149.55,127.80028430963493
2025-10-22 12:56:27.681803,119.44,92.93,173.15,118.35,121.97865275412299
2025-10-22 12:56:28.681803,124.6,66.82,290.16,19.76,124.59996630809891
2025-10-22 12:56:29.681802,166.73,91.92,295.25,140.05,162.48383826961367
2025-10-22 12:56:30.681802,76.73,86.11,59.09,83.27,77.34320676011508
2025-10-22 12:56:31.681801,110.48,76.1,161.76,99.57,106.46488046537095
2025-10-22 12:56:32.681801,95.19,81.7,119.57,93.61,95.38310734141264
2025-10-22 12:56:33.681800,100.5,83.01,142.46,69.2,98.06716204217335
2025-10-22 12:56:34.681800,93.9,71.62,112.56,118.87,93.28354264042805
2025-10-22 12:56:35.681799,46.68,45.45,63.35,41.36,50.10132920082009
2025-10-22 12:56:36.681799,150.83,83.57,297.81,117.04,154.5361142147857
2025-10-22 12:56:37.681798,60.36,54.03,61.43,36.96,52.91341179700162
2025-10-22 12:56:38.681797,110.34,51.95,279.12,22.63,114.4637917215432
2025-10-22 12:56:39.681797,70.66,74.71,88.14,15.45,66.94495545306836
2025-10-22 12:56:40.681796,71.39,62.66,55.28,95.27,66.93006981534435
2025-10-22 12:56:41.681796,103.35,91.98,153.24,68.05,105.53541478662775
2025-10-22 12:56:42.681795,136.48,88.76,252.17,107.45,141.4929696161314
2025-10-22 12:56:43.681794,63.29,31.66,134.23,59.79,68.2130894638298
2025-10-22 12:56:44.681793,140.42,38.03,292.43,144.72,135.78944740269122
2025-10-22 12:56:45.681793,58.57,32.48,108.58,11.04,51.23177261200411
2025-10-22 12:56:46.681792,91.65,74.79,116.14,87.59,89.72383162398268
2025-10-22 12:56:47.681792,128.24,58.26,264.23,117.49,131.9579335624867
2025-10-22 12:56:48.681791,89.94,98.21,81.58,105.33,94.49445144351692
2025-10-22 12:56:49.681791,145.22,81.03,283.53,121.03,149.77438505671478
2025-10-22 12:56:50.681790,126.33,72.77,282.42,11.43,123.57582657414048
2025-10-22 12:56:51.681790,97.04,63.56,148.22,111.08,98.45038981035268
2025-10-22 12:56:52.681789,100.81,41.92,229.11,51.67,100.21548885923929
2025-10-22 12:56:53.681789,103.48,73.48,142.63,74.8,94.49537300923711
2025-10-22 12:56:54.681788,122.1,55.33,233.42,91.89,116.15906618434802
2025-10-22 12:56:55.681787,72.04,89.54,69.93,69.35,79.54157752406543
2025-10-22 12:56:56.681787,109.48,60.25,230.79,59.95,111.47127959431079
2025-10-22 12:56:57.681786,123.47,87.75,199.31,64.97,116.66911947944894
2025-10-22 12:56:58.681786,76.44,75.1,80.63,42.93,70.33767809163136
2025-10-22 12:56:59.681785,87.96,24.31,200.96,107.87,94.1641174711985
2025-10-22 12:57:00.681785,87.3,81.85,69.51,111.28,83.91996207157416
2025-10-22 12:57:01.681784,51.59,22.26,103.14,86.89,59.57920422032901
2025-10-22 12:57:02.681784,117.54,34.13,276.65,103.35,120.89493907921401
2025-10-22 12:57:03.681783,78.55,44.77,129.7,83.21,78.0150146524841
2025-10-22 12:57:04.681783,104.89,53.3,167.67,121.58,101.28362033073618
2025-10-22 12:57:05.681782,152.0,78.83,284.79,113.85,147.63447752370638
2025-10-22 12:57:06.681782,97.81,40.5,203.06,95.42,100.3669796027138
2025-10-22 12:57:07.681781,60.16,40.55,94.54,47.28,58.21677437541291
2025-10-22 12:57:08.681781,94.11,55.75,200.81,37.44,95.75537921699173
2025-10-22 12:57:09.681780,89.52,63.84,94.35,136.0,87.3461881801583
2025-10-22 12:57:10.681780,111.39,26.02,286.49,60.07,111.22991433850075
2025-10-22 12:57:11.681779,88.73,89.17,95.66,92.67,91.72137121411888
2025-10-22 12:57:12.681778,116.67,93.34,179.88,68.77,114.36098793955487
2025-10-22 12:57:13.681778,96.1,92.11,77.64,122.34,93.65693938939529
2025-10-22 12:57:14.681777,67.52,74.26,66.91,44.81,66.1699281290654
2025-10-22 12:57:15.681777,82.25,27.4,163.61,80.57,79.05295100258168
2025-10-22 12:57:16.681776,109.07,92.66,148.99,86.8,108.31869831842286
2025-10-22 12:57:17.681776,120.14,37.83,256.29,90.41,114.04454588460042
2025-10-22 12:57:18.681775,131.47,73.38,187.38,148.74,122.57659922211569
2025-10-22 12:57:19.681775,69.38,61.75,117.82,14.38,69.21425521619729
2025-10-22 12:57:20.681774,73.46,49.13,54.35,109.65,62.783627517711714
2025-10-22 12:57:21.681774,89.41,44.49,176.19,39.02,83.07501088367678
2025-10-22 12:57:22.681773,101.56,81.62,195.5,22.02,103.9506845974513
2025-10-22 12:57:23.681773,117.52,36.55,258.53,125.66,121.08076880150205
2025-10-22 12:57:24.681772,92.41,63.43,151.35,98.54,96.83673264552213
2025-10-22 12:57:25.681772,78.31,67.23,79.24,105.62,78.4569993769123
2025-10-22 12:57:26.681771,124.33,41.08,271.89,126.52,127.51763947479155
2025-10-22 12:57:27.681771,54.69,28.27,72.75,108.31,57.68405809036442
2025-10-22 12:57:28.681770,120.47,74.8,215.46,97.03,121.4547838893738
2025-10-22 12:57:29.681769,134.78,60.9,232.99,144.6,129.26275450570677
2025-10-22 12:57:30.681769,96.15,88.64,77.43,133.25,94.03601626649584
2025-10-22 12:57:31.681768,91.01,83.73,103.17,62.26,85.23791590137886
2025-10-22 12:57:32.681768,87.59,30.18,191.24,98.42,92.28274516319934
2025-10-22 12:57:33.681767,65.11,45.8,83.21,122.13,72.28127776104647
2025-10-22 12:57:34.681767,88.42,70.21,72.76,145.9,85.9875299049326
2025-10-22 12:57:35.681766,125.66,21.19,294.5,145.22,128.14430545688714
2025-10-22 12:57:36.681766,96.54,87.7,136.18,58.69,96.42299759040631
2025-10-22 12:57:37.681765,58.61,21.39,108.64,114.64,66.3098245210409
2025-10-22 12:57:38.681765,117.1,73.17,213.13,56.92,111.98078644124402
2025-10-22 12:57:39.681764,125.1,88.11,249.03,64.49,131.6965402022924
2025-10-22 12:57:40.681764,84.66,66.71,84.14,86.41,75.85723932660224
2025-10-22 12:57:41.681763,73.23,41.61,123.53,15.14,61.075245354847574
2025-10-22 12:57:42.681763,83.34,81.27,92.08,70.97,82.41187947042008
2025-10-22 12:57:43.681762,160.13,81.5,297.0,142.12,158.24387476233386
2025-10-22 12:57:44.681762,97.59,78.7,152.65,78.9,100.91448652670557
2025-10-22 12:57:45.681761,147.44,81.42,252.63,134.15,143.2858122117793
2025-10-22 12:57:46.681760,126.33,94.56,211.89,77.15,126.25191219577727
2025-10-22 12:57:47.681760,95.85,26.65,200.77,134.88,100.63243795423527
2025-10-22 12:57:48.681759,91.74,61.52,177.57,50.79,94.28769895912212
2025-10-22 12:57:49.681759,98.5,23.24,240.09,68.8,97.63607354644736
2025-10-22 12:57:50.681758,105.43,87.1,84.22,128.19,94.30704158713579
2025-10-22 12:57:51.681758,69.22,29.16,119.61,80.19,66.62725734175147
2025-10-22 12:57:52.681757,93.23,31.96,172.72,114.73,90.83907771754617
2025-10-22 12:57:53.681757,120.9,44.48,210.3,116.41,108.6879874737176
2025-10-22 12:57:54.681756,90.68,44.42,145.78,139.23,93.7969391901724
2025-10-22 12:57:55.681756,97.69,57.02,175.11,83.63,97.83299580985387
2025-10-22 12:57:56.681755,68.21,21.44,133.48,69.71,64.87971208766817
2025-10-22 12:57:57.681755,129.49,45.58,274.68,112.03,127.71493013898484
2025-10-22 12:57:58.681754,106.93,42.7,220.61,102.61,108.16241525898519
2025-10-22 12:57:59.681754,64.35,70.68,60.44,83.9,70.20799980897931
2025-10-22 12:58:00.681753,44.36,26.65,72.15,60.72,47.249840448580066
2025-10-22 12:58:01.681753,152.09,79.52,291.62,98.08,146.89897452509712
2025-10-22 12:58:02.681752,66.81,61.04,92.47,55.22,69.35110382292274
2025-10-22 12:58:03.681752,43.34,37.19,80.05,15.63,45.90818732157127
2025-10-22 12:58:04.681751,132.58,76.89,266.43,36.73,125.8401232396691
2025-10-22 12:58:05.681751,115.13,23.75,260.3,127.38,115.59487403520704
2025-10-22 12:58:06.681750,73.76,93.68,98.79,30.11,82.4814958729204
2025-10-22 12:58:07.681749,123.65,77.18,224.68,80.52,122.13033173805312
2025-10-22 12:58:08.681749,100.25,20.39,295.5,31.68,105.50397460085526
2025-10-22 12:58:09.681748,127.42,34.84,276.01,94.02,119.20285138156854
2025-10-22 12:58:10.681748,72.05,24.34,187.41,57.93,80.19081343463498
2025-10-22 12:58:11.681747,90.13,29.63,187.85,56.59,82.68522051253379
2025-10-22 12:58:12.681747,73.94,63.07,59.45,118.28,72.95575445642848
2025-10-22 12:58:13.681746,89.66,35.38,233.47,65.76,101.07425702353578
2025-10-22 12:58:14.681746,60.31,25.54,79.9,140.34,64.83630012237668
2025-10-22 12:58:15.681745,115.24,25.92,263.79,99.61,112.20819736196502
2025-10-22 12:58:16.681745,95.97,74.93,143.1,86.67,97.71383151400815
2025-10-22 12:58:17.681744,129.89,52.2,279.2,65.16,123.05639827779103
2025-10-22 12:58:18.681744,64.93,68.02,132.93,14.18,76.83112323643948
2025-10-22 12:58:19.681743,107.12,78.54,166.78,133.51,115.92475910787341
2025-10-22 12:58:20.681743,59.47,26.05,72.34,100.52,54.91116216967755
2025-10-22 12:58:21.681742,63.46,26.23,148.64,84.85,74.8220686357573
2025-10-22 12:58:22.681742,140.49,98.04,235.42,98.91,139.3735203797856
2025-10-22 12:58:23.681741,101.65,76.15,151.86,86.18,100.8555812626448
2025-10-22 12:58:24.681740,87.89,54.89,118.31,115.95,86.12007142464088
2025-10-22 12:58:25.681740,97.38,55.73,200.78,30.22,94.30289089294187
2025-10-22 12:58:26.681739,63.74,45.92,86.54,55.86,60.18381865469611
2025-10-22 12:58:27.681739,93.28,61.4,151.16,111.27,98.29861452738129
2025-10-22 12:58:28.681738,94.91,63.19,154.5,109.71,99.88206914444288
2025-10-22 12:58:29.681738,120.41,49.54,246.15,68.87,112.53793545118359
2025-10-22 12:58:30.681737,123.02,87.65,178.0,82.37,113.66927243547104
2025-10-22 12:58:31.681737,92.41,43.43,209.58,29.67,90.72764037150813
2025-10-22 12:58:32.681736,67.01,57.97,54.96,90.64,63.584479805499505
2025-10-22 12:58:33.681736,141.43,92.65,277.43,36.25,136.8809878140893
2025-10-22 12:58:34.681735,125.74,77.34,280.88,16.46,126.38217499501819
2025-10-22 12:58:35.681734,78.56,33.71,202.54,35.71,84.98177527204903
2025-10-22 12:58:36.681734,144.95,64.5,292.59,112.5,142.59126598068912
2025-10-22 12:58:37.681733,47.49,31.54,65.21,95.9,54.57844614826717
2025-10-22 12:58:38.681733,84.78,49.03,171.3,63.59,88.73925457829542
2025-10-22 12:58:39.681732,97.64,71.04,127.87,129.61,99.72939643668116
2025-10-22 12:58:40.681732,111.75,33.77,238.36,113.71,111.26460405081015
2025-10-22 12:58:41.681731,137.06,96.55,237.32,58.64,131.20868154111292
2025-10-22 12:58:42.681731,123.48,95.91,172.42,114.7,122.51508046293688
2025-10-22 12:58:43.681730,106.2,22.69,261.03,76.53,105.19135052129134
2025-10-22 12:58:44.681730,112.68,93.79,142.49,83.53,106.27721014026112
2025-10-22 12:58:45.681729,87.61,62.61,153.45,56.57,88.72734448804158
2025-10-22 12:58:46.681729,87.44,57.81,134.26,75.11,84.25594338986538
2025-10-22 12:58:47.681728,125.26,98.84,155.88,139.36,123.89577162564265
2025-10-22 12:58:48.681727,115.58,61.81,271.38,33.47,119.18846205556679
2025-10-22 12:58:49.681727,119.4,53.91,276.4,15.9,113.28380419827742
2025-10-22 12:58:50.681726,139.72,97.86,298.9,32.13,145.10446503950675
2025-10-22 12:58:51.681726,111.56,65.34,212.88,68.24,110.26307812521861
2025-10-22 12:58:52.681725,134.14,83.57,270.35,75.33,138.00118009090238
2025-10-22 12:58:53.681725,138.81,61.05,260.71,145.68,137.88324973256022
2025-10-22 12:58:54.681724,90.94,54.75,180.42,84.08,98.39052096548376
2025-10-22 12:58:55.681724,108.98,39.7,259.95,58.51,109.73990243822062
2025-10-22 12:58:56.681723,118.51,35.16,278.52,94.45,120.20161976449748
2025-10-22 12:58:57.681723,82.43,45.02,200.16,25.09,87.77695508867146
2025-10-22 12:58:58.681722,102.3,34.81,205.4,90.34,97.23470508418336
2025-10-22 12:58:59.681722,98.29,64.46,162.41,115.74,104.08773344072894
2025-10-22 12:59:00.681721,127.79,44.94,278.67,98.25,125.86017021184296
2025-10-22 12:59:01.681720,81.49,98.51,87.72,59.36,87.36157238445149
2025-10-22 12:59:02.681720,94.44,83.85,148.75,57.01,97.9546914922953
2025-10-22 12:59:03.681719,137.01,92.71,233.1,149.87,146.14626468933898
2025-10-22 12:59:04.681719,128.42,81.03,252.32,69.98,130.25788701624052
2025-10-22 12:59:05.681718,45.16,26.67,72.28,76.98,50.52728177494375
2025-10-22 12:59:06.681718,54.13,43.63,98.31,14.75,54.421267177636246
2025-10-22 12:59:07.681717,124.33,70.41,264.86,83.17,131.3694876486962
2025-10-22 12:59:08.681717,90.63,90.38,123.17,33.34,88.81094742813545
2025-10-22 12:59:09.681716,82.27,48.77,168.3,97.32,94.4055079400813
2025-10-22 12:59:10.681716,120.38,55.6,268.83,88.22,126.20737571113614
2025-10-22 12:59:11.681715,108.65,91.45,140.77,83.5,104.5917129279333
2025-10-22 12:59:12.681715,54.7,46.22,101.76,10.48,55.89717357206182
2025-10-22 12:59:13.681714,137.68,60.26,266.33,123.76,134.8276777801405
2025-10-22 12:59:14.681714,75.79,23.55,203.93,47.5,82.69269650492583
2025-10-22 12:59:15.681713,109.02,28.52,237.32,108.3,107.26951759141716
2025-10-22 12:59:16.681712,126.39,71.4,210.51,112.47,121.34341601132874
2025-10-22 12:59:17.681712,110.79,78.59,161.33,102.8,108.21405854631399
2025-10-22 12:59:18.681711,34.65,28.26,64.79,18.22,37.39920952402519
2025-10-22 12:59:19.681711,70.72,72.33,61.62,48.33,64.31998378210135
2025-10-22 12:59:20.681710,125.72,81.22,195.01,117.84,122.62979242177161
2025-10-22 12:59:21.681710,123.28,86.02,222.84,57.04,121.30728990149223
2025-10-22 12:59:22.681709,109.21,84.1,124.17,122.89,103.77163192315568
2025-10-22 12:59:23.681709,48.87,28.03,113.8,14.4,51.256945169987404
2025-10-22 12:59:24.681708,87.34,92.56,115.12,24.94,85.80669521455512
2025-10-22 12:59:25.681708,96.79,68.79,149.79,125.98,104.47908147208405
2025-10-22 12:59:26.681707,84.72,89.41,87.53,46.01,80.13268457741893
2025-10-22 12:59:27.681707,50.82,24.39,96.51,37.72,48.88200066165136
2025-10-22 12:59:28.681706,97.96,62.19,115.72,142.4,94.22012353120832
2025-10-22 12:59:29.681706,51.75,24.55,111.47,59.43,57.768410253824186
2025-10-22 12:59:30.681705,148.68,94.64,285.68,65.67,146.1906558911264
2025-10-22 12:59:31.681705,99.68,23.8,270.81,54.4,104.28838705902402
2025-10-22 12:59:32.681704,121.18,87.04,175.18,131.12,122.19796624220643
2025-10-22 12:59:33.681704,62.14,65.35,62.56,69.09,65.2565631018806
2025-10-22 12:59:34.681703,137.21,95.98,226.53,73.23,130.5792947110192
2025-10-22 12:59:35.681702,72.86,81.3,98.36,13.62,72.92743017959077
2025-10-22 12:59:36.681702,86.32,76.58,67.42,129.34,84.25933191878465
2025-10-22 12:59:37.681701,122.87,51.78,256.72,149.91,132.91829004013138
2025-10-22 12:59:38.681701,93.45,22.4,197.44,114.03,93.38027517239593
2025-10-22 12:59:39.681700,107.8,85.12,170.66,80.34,109.80312698164697
2025-10-22 12:59:40.681700,85.81,67.66,135.51,85.74,91.63598854235973
2025-10-22 12:59:41.681699,81.99,57.92,59.87,143.3,75.49106223787372
2025-10-22 12:59:42.681699,67.25,26.41,164.81,25.56,67.99949856871385
2025-10-22 12:59:43.681698,97.82,38.95,169.42,114.27,93.22872006813819
2025-10-22 12:59:44.681698,61.7,37.17,100.18,76.31,63.99658047511124
2025-10-22 12:59:45.681697,114.5,61.4,258.56,16.72,111.80585569834248
2025-10-22 12:59:46.681697,69.31,34.45,162.73,11.54,68.58514829180294
2025-10-22 12:59:47.681696,139.79,61.52,296.29,107.31,141.19231605097323
2025-10-22 12:59:48.681696,79.73,31.42,204.65,10.47,79.4668067614015
2025-10-22 12:59:49.681695,139.89,61.48,280.52,118.34,138.62261673010994
2025-10-22 12:59:50.681694,108.78,66.75,196.18,80.75,108.4281124437064
2025-10-22 12:59:51.681694,57.05,72.54,55.69,38.83,60.75576373653333
2025-10-22 12:59:52.681693,103.96,84.84,203.54,27.34,109.02326475969048
2025-10-22 12:59:53.681693,72.26,84.06,58.29,41.29,67.74910971296747
2025-10-22 12:59:54.681692,128.52,69.15,236.93,85.1,122.7320331933878
2025-10-22 12:59:55.681692,104.18,54.05,200.27,76.85,102.57334667334175
2025-10-22 12:59:56.681691,55.77,50.87,54.46,55.15,52.86016439063057
2025-10-22 12:59:57.681691,104.88,55.4,180.96,65.95,95.27604015246843
2025-10-22 12:59:58.681690,112.05,31.81,283.31,60.87,113.3096044723995
2025-10-22 12:59:59.681690,93.93,82.32,132.47,59.54,92.80375348892085
2025-10-22 13:00:00.681689,102.25,46.79,260.17,12.48,104.18925196544083
2025-10-22 13:00:01.681689,111.53,74.26,211.82,38.67,108.50504683596048
2025-10-22 13:00:02.681688,103.27,65.54,209.73,26.17,101.06265658605925
2025-10-22 13:00:03.681688,114.77,27.92,212.89,140.61,106.0438967044404
2025-10-22 13:00:04.681687,86.66,62.52,145.62,81.95,91.36845435638052
2025-10-22 13:00:05.681686,123.07,61.97,231.71,104.22,121.39217153371206
2025-10-22 13:00:06.681686,66.01,59.87,97.7,29.37,65.20921512751883
2025-10-22 13:00:07.681685,120.88,88.8,172.82,116.86,119.53172933725195
2025-10-22 13:00:08.681685,125.8,65.04,259.87,44.38,119.49995068522973
2025-10-22 13:00:09.681684,85.5,56.0,50.05,149.56,72.82857569719317
2025-10-22 13:00:10.681684,104.86,56.56,196.98,53.13,98.12192106595734
2025-10-22 13:00:11.681683,87.43,32.02,238.83,17.71,91.47556649804672
2025-10-22 13:00:12.681683,64.86,44.84,60.86,135.8,67.80098250616875
2025-10-22 13:00:13.681682,126.38,82.99,210.66,97.97,124.2677494528805
2025-10-22 13:00:14.681682,89.41,56.1,132.94,103.65,88.67626093859523
2025-10-22 13:00:15.681681,102.25,69.74,193.74,36.94,100.48175999940511
2025-10-22 13:00:16.681681,110.51,57.61,245.71,62.93,115.23569761787562
2025-10-22 13:00:17.681680,130.73,53.37,297.13,59.71,127.94463552246307
2025-10-22 13:00:18.681680,112.98,25.31,257.52,126.4,115.33978747954215
2025-10-22 13:00:19.681679,103.39,53.02,171.41,110.76,100.12028785539867
2025-10-22 13:00:20.681679,93.58,96.22,58.07,140.55,93.43253787657294
2025-10-22 13:00:21.681678,80.42,32.91,167.23,50.67,76.94183883291569
2025-10-22 13:00:22.681677,87.16,75.24,97.37,91.76,85.13383964753271
2025-10-22 13:00:23.681677,92.29,32.12,170.02,110.78,89.32278218029876
2025-10-22 13:00:24.681676,97.73,37.16,154.69,115.89,88.23379462343102
2025-10-22 13:00:25.681676,106.52,95.15,183.71,25.38,107.79628431934219
2025-10-22 13:00:26.681675,82.68,83.37,86.65,17.69,71.24440090543473
2025-10-22 13:00:27.681675,93.63,34.88,210.4,52.56,91.27104571053538
2025-10-22 13:00:28.681674,74.75,25.81,157.62,23.3,65.09164790074911
2025-10-22 13:00:29.681674,76.59,61.05,118.91,98.11,85.81872418087562
2025-10-22 13:00:30.681673,90.33,60.66,189.64,35.84,94.51986148422189
2025-10-22 13:00:31.681673,67.76,31.1,83.27,147.03,69.93985376787356
2025-10-22 13:00:32.681672,89.04,80.51,94.33,91.28,86.7431131756468
2025-10-22 13:00:33.681672,106.35,60.14,224.46,58.93,109.31155916050383
2025-10-22 13:00:34.681671,78.68,25.76,142.93,93.15,74.52032885758383
2025-10-22 13:00:35.681671,74.17,40.48,87.69,144.15,75.35674874642166
2025-10-22 13:00:36.681670,118.44,91.52,179.97,54.84,110.71800294846987
2025-10-22 13:00:37.681669,92.14,79.82,99.45,83.62,86.41827456244405
2025-10-22 13:00:38.681669,67.55,69.33,93.35,22.47,67.23176770942699
2025-10-22 13:00:39.681668,104.38,75.22,150.84,67.27,96.33236900732221
2025-10-22 13:00:40.681668,114.18,20.43,237.55,144.91,110.58824647999693
2025-10-22 13:00:41.681667,84.26,40.44,127.53,106.65,79.86555958891742
2025-10-22 13:00:42.681667,67.98,24.95,131.26,40.87,60.23013502454582
2025-10-22 13:00:43.681666,56.72,69.67,68.86,34.85,62.4980187501147
2025-10-22 13:00:44.681666,64.33,78.54,78.75,14.38,65.81309331583304
2025-10-22 13:00:45.681665,79.25,52.02,135.57,61.03,78.97745388135733
2025-10-22 13:00:46.681665,67.53,36.98,121.49,50.13,65.10907369239126
2025-10-22 13:00:47.681664,52.21,57.73,73.09,11.3,53.16140218203649
2025-10-22 13:00:48.681664,92.52,36.52,178.72,82.12,88.43324124823077
2025-10-22 13:00:49.681663,111.77,82.96,180.98,48.97,105.60323274029349
2025-10-22 13:00:50.681663,88.08,70.41,108.13,120.18,91.61099949342929
2025-10-22 13:00:51.681662,132.87,47.82,292.12,103.79,132.43354229160067
2025-10-22 13:00:52.681661,146.65,88.32,284.19,57.09,140.89930640676198
2025-10-22 13:00:53.681661,146.53,96.98,256.95,91.81,143.90824131487628
2025-10-22 13:00:54.681660,144.58,89.58,282.17,78.67,145.20289788826946
2025-10-22 13:00:55.681660,94.46,77.82,121.73,77.45,90.89604988771524
2025-10-22 13:00:56.681659,52.56,27.27,88.81,50.19,50.474473899784
2025-10-22 13:00:57.681659,90.5,60.31,168.97,57.49,92.4320060669556
2025-10-22 13:00:58.681658,55.74,67.98,65.07,13.24,56.228578482727634
2025-10-22 13:00:59.681658,133.05,29.84,294.3,88.6,121.13982039309921
2025-10-22 13:01:00.681657,125.76,48.44,281.37,53.1,119.44602299236956
2025-10-22 13:01:01.681657,121.58,59.12,267.72,34.68,116.99219051970059
2025-10-22 13:01:02.681656,81.28,30.92,216.05,11.67,82.88304306573177
2025-10-22 13:01:03.681656,133.4,82.68,235.39,103.25,132.59494043493515
2025-10-22 13:01:04.681655,121.0,94.65,211.07,45.09,119.68463651953059
2025-10-22 13:01:05.681655,119.48,94.84,211.25,70.5,124.87830408286474
2025-10-22 13:01:06.681654,102.32,82.31,179.63,65.32,108.12083958945419
2025-10-22 13:01:07.681654,99.5,96.56,82.56,140.5,100.9522578867097
2025-10-22 13:01:08.681653,80.38,96.83,74.04,40.6,78.69042631397294
2025-10-22 13:01:09.681652,147.01,87.26,265.94,130.82,149.526572269638
2025-10-22 13:01:10.681652,104.67,80.21,121.03,116.13,99.55301080386
2025-10-22 13:01:11.681651,103.01,94.91,147.05,79.25,107.35441653451764
2025-10-22 13:01:12.681651,70.98,29.69,183.31,12.57,72.6102904690683
2025-10-22 13:01:13.681650,134.28,91.32,226.13,108.63,135.17254313038364
2025-10-22 13:01:14.681650,79.03,95.57,97.69,27.4,82.55181159485558
2025-10-22 13:01:15.681649,121.78,40.94,278.06,84.47,120.95349121805052
2025-10-22 13:01:16.681649,103.3,83.51,179.33,30.49,101.71134902181288
2025-10-22 13:01:17.681648,113.57,87.77,193.86,107.8,123.54492139237068
2025-10-22 13:01:18.681648,79.3,74.65,68.13,116.19,80.902912812312
2025-10-22 13:01:19.681647,152.79,94.21,269.45,106.23,149.1521336551014
2025-10-22 13:01:20.681647,133.79,85.56,213.77,93.38,125.5679925561831
2025-10-22 13:01:21.681646,73.33,27.85,162.58,35.94,70.10563518609872
2025-10-22 13:01:22.681646,46.17,37.99,87.05,39.44,53.137061336386786
2025-10-22 13:01:23.681645,79.83,59.43,116.14,80.54,80.69277775122464
2025-10-22 13:01:24.681644,70.91,52.11,107.78,71.5,72.7484168838761
2025-10-22 13:01:25.681644,43.29,23.02,59.33,39.56,37.391841182332875
2025-10-22 13:01:26.681643,95.58,72.18,156.09,39.7,90.92591689710012
2025-10-22 13:01:27.681643,118.81,61.23,192.66,148.71,118.12114624372546
2025-10-22 13:01:28.681642,137.28,77.33,269.29,100.87,139.65336252313801
2025-10-22 13:01:29.681642,128.95,92.29,202.81,104.02,127.73007753211797
2025-10-22 13:01:30.681641,91.18,74.44,113.49,119.5,95.08920466875503
2025-10-22 13:01:31.681641,123.49,87.83,132.99,143.08,112.28447800386775
2025-10-22 13:01:32.681640,156.81,96.17,265.5,140.85,155.81252190402546
2025-10-22 13:01:33.681640,109.94,98.93,111.1,125.96,107.82081050095833
2025-10-22 13:01:34.681639,96.11,56.4,230.91,17.88,101.24153889175074
2025-10-22 13:01:35.681639,82.85,64.57,98.32,100.54,81.86149502481102
2025-10-22 13:01:36.681638,73.26,57.07,89.17,111.86,77.63275156230924
2025-10-22 13:01:37.681638,135.7,61.0,256.93,123.36,132.29064150603202
2025-10-22 13:01:38.681637,76.54,44.21,111.98,84.21,72.60941002842242
2025-10-22 13:01:39.681636,134.07,72.38,234.43,128.71,132.24417466380982
2025-10-22 13:01:40.681636,70.36,84.83,75.84,25.15,70.2018975618851
2025-10-22 13:01:41.681635,100.65,21.58,217.09,102.02,96.49429784821523
2025-10-22 13:01:42.681635,64.84,90.15,59.84,13.27,65.67727241088494
2025-10-22 13:01:43.681634,135.78,81.2,295.55,10.04,131.4344573895417
2025-10-22 13:01:44.681634,52.47,27.45,57.3,109.51,52.87126067848382
2025-10-22 13:01:45.681633,132.15,66.3,246.94,93.36,125.96471235289872
2025-10-22 13:01:46.681633,138.4,98.59,229.62,104.31,138.97569775917083
2025-10-22 13:01:47.681632,124.78,88.29,183.76,111.89,121.57968266320981
2025-10-22 13:01:48.681632,114.37,52.83,235.36,62.49,109.66269830847783
2025-10-22 13:01:49.681631,77.46,90.01,65.59,75.89,79.76917461718814
2025-10-22 13:01:50.681631,126.19,85.23,193.65,116.9,124.02667148019432
2025-10-22 13:01:51.681630,82.59,96.85,76.44,81.1,87.46300521334013
2025-10-22 13:01:52.681630,108.72,33.2,275.32,29.25,105.32054832839101
2025-10-22 13:01:53.681629,89.64,88.02,158.74,37.8,99.21490590116449
2025-10-22 13:01:54.681628,52.78,41.61,71.55,43.31,51.045280573463415
2025-10-22 13:01:55.681628,111.57,97.67,120.7,118.77,108.6526098398512
2025-10-22 13:01:56.681627,30.79,21.42,69.95,42.82,40.43614404066756
2025-10-22 13:01:57.681627,68.82,64.5,104.43,13.77,66.43491056511847
2025-10-22 13:01:58.681626,95.91,94.03,122.0,39.49,91.49379841389187
2025-10-22 13:01:59.681626,129.33,75.51,178.92,138.9,119.1383630409182
2025-10-22 13:02:00.681625,93.04,41.99,167.66,126.2,96.5787976800134
2025-10-22 13:02:01.681625,126.61,98.84,177.74,78.54,118.39017937323493
2025-10-22 13:02:02.681624,101.57,26.45,238.4,80.91,101.12739018887243
2025-10-22 13:02:03.681624,135.57,87.87,258.3,47.66,131.02189148982725
2025-10-22 13:02:04.681623,114.24,20.74,291.78,88.96,115.9327546827975
2025-10-22 13:02:05.681623,99.19,39.1,195.62,127.12,103.729303316831
2025-10-22 13:02:06.681622,59.87,71.6,55.67,29.6,58.4501129893764
2025-10-22 13:02:07.681622,77.61,73.07,93.36,18.6,68.32451805678826
2025-10-22 13:02:08.681621,83.28,39.51,188.18,12.02,78.84366460072366
2025-10-22 13:02:09.681621,90.97,66.22,147.96,74.7,92.47053666287569
2025-10-22 13:02:10.681620,123.5,48.2,212.98,137.75,115.57875706471052
2025-10-22 13:02:11.681620,113.81,78.66,173.04,118.63,114.91145487049869
2025-10-22 13:02:12.681619,144.34,98.99,187.15,140.83,133.6606912681563
2025-10-22 13:02:13.681618,68.99,39.58,120.33,40.87,64.21359731832035
2025-10-22 13:02:14.681618,94.46,59.98,157.28,76.89,92.60638157446294
2025-10-22 13:02:15.681617,100.49,29.96,203.18,133.68,102.76302753144326
2025-10-22 13:02:16.681617,106.62,76.7,142.39,129.15,106.81424577281983
2025-10-22 13:02:17.681616,56.39,24.39,70.83,61.49,45.88315407744239
2025-10-22 13:02:18.681616,134.09,69.64,260.43,103.36,133.66418300929652
2025-10-22 13:02:19.681615,76.89,72.72,116.58,45.05,80.38130471165462
2025-10-22 13:02:20.681615,67.44,27.3,168.56,14.52,67.37677891324635
2025-10-22 13:02:21.681614,124.22,53.78,271.46,38.96,116.3130234751553
2025-10-22 13:02:22.681614,116.36,68.5,173.48,105.34,107.35719590283679
2025-10-22 13:02:23.681612,72.52,50.07,118.8,50.68,70.9132425765172
2025-10-22 13:02:24.681612,113.66,38.29,250.26,75.39,109.47847767518098
2025-10-22 13:02:25.681611,54.85,22.14,139.56,13.45,55.88444531532493
2025-10-22 13:02:26.681611,133.77,68.31,240.21,109.44,128.1332566900685
2025-10-22 13:02:27.681610,106.49,26.21,289.93,29.49,106.28656387940342
2025-10-22 13:02:28.681610,54.98,45.56,66.93,34.38,49.846103931837426
2025-10-22 13:02:29.681609,89.24,42.28,175.32,84.02,90.65030885039428
2025-10-22 13:02:30.681609,56.11,47.38,86.0,26.68,54.95317935417743
2025-10-22 13:02:31.681608,66.39,38.51,84.3,97.88,64.17216441744078
2025-10-22 13:02:32.681607,135.99,69.17,241.69,110.34,129.184053460929
2025-10-22 13:02:33.681607,128.0,75.57,251.31,115.27,136.2339963535332
2025-10-22 13:02:34.681606,77.86,79.92,116.32,11.95,77.30829483514663
2025-10-22 13:02:35.681606,44.32,44.91,52.05,37.9,45.74972396304093
2025-10-22 13:02:36.681605,62.8,73.71,50.75,37.6,59.60806612977214
2025-10-22 13:02:37.681605,82.27,46.62,70.49,143.16,73.04106515097948
2025-10-22 13:02:38.681604,70.7,58.46,102.38,14.47,62.95690803663187
2025-10-22 13:02:39.681604,119.9,70.91,207.38,114.94,120.64963602216622
2025-10-22 13:02:40.681603,116.19,88.87,130.25,118.52,107.10124157296076
2025-10-22 13:02:41.681603,116.93,75.92,176.37,126.66,116.14537444157432
2025-10-22 13:02:42.681602,126.01,86.5,234.08,66.89,126.87978985430803
2025-10-22 13:02:43.681602,51.43,29.18,59.72,95.21,51.618856014088415
2025-10-22 13:02:44.681601,86.95,88.74,133.11,34.08,91.13064867389011
2025-10-22 13:02:45.681601,126.69,75.0,192.87,148.32,124.94814579635317
2025-10-22 13:02:46.681600,91.01,86.67,162.48,25.15,97.15662035097901
2025-10-22 13:02:47.681600,139.87,81.95,226.99,146.46,138.28691741386507
2025-10-22 13:02:48.681599,137.56,72.85,268.39,134.06,143.74696296631964
2025-10-22 13:02:49.681598,78.84,33.47,148.32,103.08,81.94249786738547
2025-10-22 13:02:50.681598,53.1,37.22,69.01,107.67,60.879496900483
2025-10-22 13:02:51.681597,96.57,50.56,171.64,100.06,96.8427299137581
2025-10-22 13:02:52.681597,74.46,65.21,67.37,91.63,71.10803249168858
2025-10-22 13:02:53.681596,129.81,40.73,271.13,147.61,131.3027548957554
2025-10-22 13:02:54.681596,126.24,75.68,292.43,62.25,138.12054424953828
2025-10-22 13:02:55.681595,64.25,40.05,90.22,31.67,53.570565230629526
2025-10-22 13:02:56.681595,100.08,23.55,262.97,81.4,107.16865078844108
2025-10-22 13:02:57.681594,91.35,79.74,152.56,44.77,94.62760662140747
2025-10-22 13:02:58.681594,118.58,63.31,291.02,10.93,121.36138197417264
2025-10-22 13:02:59.681593,50.36,50.67,58.87,39.65,51.008737082610814
2025-10-22 13:03:00.681593,82.26,24.17,162.12,126.4,86.09993423689275
2025-10-22 13:03:01.681592,94.99,23.48,257.65,36.93,96.70534823156027
2025-10-22 13:03:02.681592,124.33,49.53,298.77,93.47,133.23280308362072
2025-10-22 13:03:03.681591,93.83,66.93,199.69,38.35,101.15396546384349
2025-10-22 13:03:04.681590,103.8,26.16,282.2,29.63,103.96618706839283
2025-10-22 13:03:05.681590,81.77,87.14,97.19,47.13,82.13067668569445
2025-10-22 13:03:06.681589,102.26,73.69,191.9,27.8,100.07644587546031
2025-10-22 13:03:07.681589,148.55,95.78,265.58,80.36,143.63248131228238
2025-10-22 13:03:08.681588,100.37,38.46,168.97,137.51,97.46433704680535
2025-10-22 13:03:09.681588,51.66,72.23,53.97,40.94,60.503724800761816
2025-10-22 13:03:10.681587,99.53,93.94,58.25,134.53,91.15859745055077
2025-10-22 13:03:11.681587,147.63,58.18,298.27,126.92,144.02159773887607
2025-10-22 13:03:12.681586,74.01,32.43,154.52,47.3,72.21412252672522
2025-10-22 13:03:13.681586,94.34,26.58,165.99,118.71,86.93360418362624
2025-10-22 13:03:14.681585,44.21,23.93,64.4,56.08,42.64785101669756
2025-10-22 13:03:15.681585,135.39,77.72,283.11,90.64,141.9696990206403
2025-10-22 13:03:16.681584,132.84,95.66,188.34,96.14,123.49069821407701
2025-10-22 13:03:17.681584,153.93,92.83,293.06,32.31,140.88588792273214
2025-10-22 13:03:18.681583,47.63,58.02,54.98,44.0,54.35493483589893
2025-10-22 13:03:19.681583,96.99,23.71,218.3,94.93,96.5084955100914
2025-10-22 13:03:20.681582,47.59,35.02,74.38,34.05,46.78319452542227
2025-10-22 13:03:21.681582,75.57,48.25,166.8,32.5,80.82627032495736
2025-10-22 13:03:22.681581,97.41,46.46,210.54,42.3,95.02925959465212
2025-10-22 13:03:23.681580,162.87,80.93,295.21,120.6,153.1498719568815
2025-10-22 13:03:24.681580,71.92,82.4,57.76,94.49,77.32796793721396
2025-10-22 13:03:25.681579,66.97,62.3,104.01,45.02,71.42035898825733
2025-10-22 13:03:26.681579,124.63,81.2,191.31,115.64,121.07097088948261
2025-10-22 13:03:27.681578,87.43,41.11,157.78,82.07,84.41001613712345
2025-10-22 13:03:28.681578,86.77,58.09,144.08,69.23,86.17908181362469
2025-10-22 13:03:29.681577,135.35,69.3,278.33,88.58,135.94071709394865
2025-10-22 13:03:30.681577,111.08,56.01,245.28,59.74,113.67815614375978
2025-10-22 13:03:31.681576,82.38,53.22,93.56,134.78,81.59020422462058
2025-10-22 13:03:32.681576,53.01,44.16,53.99,69.19,52.172837213611764
2025-10-22 13:03:33.681575,70.08,81.35,114.56,47.42,84.53235985205879
2025-10-22 13:03:34.681575,118.75,75.95,238.99,40.54,117.88220329354539
2025-10-22 13:03:35.681574,107.07,63.45,205.96,113.29,116.18889756281988
2025-10-22 13:03:36.681573,82.13,54.0,143.8,79.65,86.1317965534926
2025-10-22 13:03:37.681573,89.95,84.04,111.48,77.72,90.95918152572972
2025-10-22 13:03:38.681572,63.38,38.61,121.97,46.38,65.31860721612964
2025-10-22 13:03:39.681572,67.47,35.42,164.52,13.22,69.93863927886444
2025-10-22 13:03:40.681571,119.13,73.83,190.38,137.66,121.50191302475127
2025-10-22 13:03:41.681571,93.18,63.69,113.2,127.26,91.2018972815642
2025-10-22 13:03:42.681570,87.05,25.37,225.4,41.57,88.87255154790867
2025-10-22 13:03:43.681570,95.13,55.11,140.87,116.54,93.12716274378353
2025-10-22 13:03:44.681569,80.86,96.64,87.85,65.02,87.5953736669782
2025-10-22 13:03:45.681569,119.28,88.51,230.52,24.77,118.44546901470842
2025-10-22 13:03:46.681568,158.82,83.99,293.78,127.76,155.66198496551078
2025-10-22 13:03:47.681568,97.61,29.95,207.22,126.04,102.45539740480152
2025-10-22 13:03:48.681567,90.18,53.47,143.58,113.4,92.50343559693883
2025-10-22 13:03:49.681567,86.38,88.05,58.91,104.44,82.45626659241172
2025-10-22 13:03:50.681566,130.92,34.72,286.89,133.3,130.212395608525
2025-10-22 13:03:51.681566,72.6,33.9,86.31,134.76,69.80845978517297
2025-10-22 13:03:52.681565,112.65,32.37,284.25,50.89,111.88882033040028
2025-10-22 13:03:53.681564,96.33,46.43,198.83,82.4,99.45666852839865
2025-10-22 13:03:54.681564,86.48,41.02,153.17,139.42,94.36659177033629
2025-10-22 13:03:55.681563,109.01,72.26,176.72,93.07,107.76286854783189
2025-10-22 13:03:56.681563,111.08,86.4,192.92,37.96,108.71497040279822
2025-10-22 13:03:57.681562,101.05,45.87,164.8,142.63,100.90907144609432
2025-10-22 13:03:58.681562,87.42,25.73,212.3,83.8,93.49885686116491
2025-10-22 13:03:59.681561,123.58,67.32,226.13,117.78,125.06541734972092
2025-10-22 13:04:00.681561,104.15,92.28,145.42,56.99,101.13811106736614
2025-10-22 13:04:01.681560,77.23,57.93,85.25,91.05,72.74998934616616
2025-10-22 13:04:02.681560,124.25,46.33,282.96,99.68,128.12409236809575
2025-10-22 13:04:03.681559,78.55,52.87,145.22,14.29,73.01991338355523
2025-10-22 13:04:04.681559,90.84,79.63,87.11,135.35,92.8859808460128
2025-10-22 13:04:05.681558,83.82,64.53,107.26,103.76,85.16796537000357
2025-10-22 13:04:06.681558,132.09,76.89,239.91,114.59,133.32840499677908
2025-10-22 13:04:07.681557,119.45,43.45,231.63,126.24,116.5389619205318
2025-10-22 13:04:08.681557,105.22,56.53,245.1,42.4,110.43953912567605
2025-10-22 13:04:09.681556,107.62,97.15,120.33,39.88,92.61939935540124
2025-10-22 13:04:10.681556,135.67,55.95,286.44,93.47,132.716525803941
2025-10-22 13:04:11.681555,65.39,29.87,135.48,27.26,61.240619264253674
2025-10-22 13:04:12.681555,95.11,47.88,197.61,72.17,97.77921271105356
2025-10-22 13:04:13.681554,61.44,64.71,76.1,59.71,67.14577816456523
2025-10-22 13:04:14.681553,47.98,35.69,89.56,25.26,49.933317802565405
2025-10-22 13:04:15.681553,114.74,49.33,255.58,112.23,123.8770387316761
2025-10-22 13:04:16.681552,133.67,56.23,286.62,101.95,134.59344707614537
2025-10-22 13:04:17.681552,124.24,63.91,263.26,81.46,127.3196898019851
2025-10-22 13:04:18.681551,76.15,94.06,59.74,59.71,76.81049987625028
2025-10-22 13:04:19.681551,45.96,27.28,120.74,26.9,55.45209601976925
2025-10-22 13:04:20.681550,73.24,78.28,82.24,79.09,79.58108016760796
2025-10-22 13:04:21.681550,98.4,44.92,237.77,37.62,101.51919032277884
2025-10-22 13:04:22.681549,67.85,28.33,167.95,11.56,67.11745986499969
2025-10-22 13:04:23.681549,113.69,44.83,235.88,112.98,115.8691858303798
2025-10-22 13:04:24.681548,88.85,21.06,187.48,94.01,85.74596179147912
2025-10-22 13:04:25.681548,110.03,89.41,161.19,65.16,106.07421248623268
2025-10-22 13:04:26.681547,60.78,21.34,104.26,21.71,46.51722580905043
2025-10-22 13:04:27.681547,153.32,84.19,296.92,81.35,147.49037946333002
2025-10-22 13:04:28.681546,99.21,54.79,202.69,50.43,98.42265000564782
2025-10-22 13:04:29.681546,74.5,44.41,129.04,63.48,73.72038447361348
2025-10-22 13:04:30.681545,84.41,46.27,171.56,88.99,92.4893399444524
2025-10-22 13:04:31.681545,97.67,91.01,118.31,74.45,95.82563794002161
2025-10-22 13:04:32.681544,80.05,69.22,120.17,38.68,78.45665311110548
2025-10-22 13:04:33.681544,134.04,92.57,214.36,82.0,126.96857973973624
2025-10-22 13:04:34.681543,124.4,55.83,290.59,10.47,117.42453698887988
2025-10-22 13:04:35.681542,105.06,23.6,196.88,138.23,98.61307773150105
2025-10-22 13:04:36.681542,77.28,60.0,161.62,28.93,84.39826632338684
2025-10-22 13:04:37.681541,72.83,58.05,65.0,140.64,76.56938063230547
2025-10-22 13:04:38.681541,120.19,70.61,281.74,18.44,123.69013709339073
2025-10-22 13:04:39.681540,83.8,53.27,154.84,62.05,85.59281042531272
2025-10-22 13:04:40.681540,118.88,76.17,244.87,106.22,132.79960098863538
2025-10-22 13:04:41.681539,51.39,25.12,93.05,33.66,47.39863035302746
2025-10-22 13:04:42.681539,119.31,66.51,246.11,69.93,121.16754161800638
2025-10-22 13:04:43.681538,88.15,60.92,129.2,128.08,94.79746384625868
2025-10-22 13:04:44.681538,91.1,29.03,189.65,120.39,95.59565775868936
2025-10-22 13:04:45.681537,102.35,49.5,183.78,133.29,106.56273155000706
2025-10-22 13:04:46.681537,113.59,34.12,257.84,106.78,115.91745656487012
2025-10-22 13:04:47.681536,92.44,40.56,231.75,27.22,95.47872203833452
2025-10-22 13:04:48.681536,79.75,90.88,76.76,80.01,84.37670347466714
2025-10-22 13:04:49.681535,74.76,92.45,72.92,40.3,76.11812836121791
2025-10-22 13:04:50.681535,95.58,69.78,123.96,127.76,97.56088362527441
2025-10-22 13:04:51.681534,72.27,70.41,118.28,17.31,74.23679348157603
2025-10-22 13:04:52.681534,68.24,66.4,76.33,30.79,62.312463932268706
2025-10-22 13:04:53.681533,105.52,28.45,255.74,87.23,108.58760364020227
2025-10-22 13:04:54.681532,119.41,77.39,203.44,105.08,120.72716241923712
2025-10-22 13:04:55.681532,129.53,56.75,275.27,107.31,132.5046669437402
2025-10-22 13:04:56.681531,113.0,85.48,171.03,86.64,111.34406076117534
2025-10-22 13:04:57.681531,84.99,93.2,89.58,53.17,84.05343222964257
2025-10-22 13:04:58.681530,131.02,75.09,246.74,104.03,132.39024953662104
2025-10-22 13:04:59.681530,117.46,29.73,244.5,119.0,112.1531941388862
2025-10-22 13:05:00.681529,72.67,71.84,113.43,19.71,73.96605999308309
2025-10-22 13:05:01.681529,125.6,54.68,295.95,63.58,129.0092089825775
2025-10-22 13:05:02.681528,157.12,90.51,299.31,101.73,155.39512984615783
2025-10-22 13:05:03.681528,129.52,29.71,286.62,122.07,125.41241516158294
2025-10-22 13:05:04.681527,93.9,50.54,104.66,143.56,85.33820129002093
2025-10-22 13:05:05.681527,126.5,58.5,221.69,135.41,122.8493552222135
2025-10-22 13:05:06.681526,77.78,86.28,57.53,71.51,74.62383866550215
2025-10-22 13:05:07.681526,101.0,65.39,186.39,50.03,98.71046692740843
2025-10-22 13:05:08.681525,116.78,82.68,188.0,25.81,102.97562487449724
2025-10-22 13:05:09.681525,30.28,21.4,84.48,29.06,42.06129571264223
2025-10-22 13:05:10.681524,151.58,97.75,230.45,141.18,146.1283864483536
2025-10-22 13:05:11.681524,103.12,46.2,257.73,32.36,107.10994098489493
2025-10-22 13:05:12.681523,119.69,22.37,298.7,114.45,123.88351571894711
2025-10-22 13:05:13.681523,146.68,98.59,263.56,110.06,150.31838608177904
2025-10-22 13:05:14.681522,99.96,58.49,198.44,39.8,96.87293790039378
2025-10-22 13:05:15.681521,145.49,95.88,250.13,108.95,144.71506483781315
2025-10-22 13:05:16.681521,111.12,52.45,246.96,88.67,118.15845871545767
2025-10-22 13:05:17.681520,107.19,75.53,151.86,59.02,95.15491524247646
2025-10-22 13:05:18.681520,91.73,57.2,168.29,55.63,90.31318696956217
2025-10-22 13:05:19.681519,51.08,30.77,92.3,65.43,56.28823705579009
2025-10-22 13:05:20.681519,152.13,91.4,278.25,104.6,150.07734281979833
2025-10-22 13:05:21.681518,67.06,76.82,71.09,75.7,74.83137611378382
2025-10-22 13:05:22.681518,103.03,83.54,150.56,59.67,98.8728338502837
2025-10-22 13:05:23.681517,59.27,32.89,106.58,43.78,57.3348959276291
2025-10-22 13:05:24.681517,95.33,36.05,186.53,122.75,98.61421837019621
2025-10-22 13:05:25.681516,118.83,29.83,223.11,137.8,109.50663855128626
2025-10-22 13:05:26.681516,116.5,39.53,250.22,125.52,120.03586050001141
2025-10-22 13:05:27.681515,146.38,98.32,247.06,113.48,145.90403758370232
2025-10-22 13:05:28.681515,86.26,49.95,152.57,75.66,85.96334334015074
2025-10-22 13:05:29.681514,119.71,79.16,239.37,15.19,114.55797659840329
2025-10-22 13:05:30.681514,82.92,49.76,125.62,123.24,87.21587624506927
2025-10-22 13:05:31.681513,130.48,54.12,294.49,106.79,136.8715363869843
2025-10-22 13:05:32.681512,106.97,77.18,139.31,142.03,108.68432782101488
2025-10-22 13:05:33.681512,75.13,73.22,83.93,87.22,79.18929548870152
2025-10-22 13:05:34.681511,78.49,64.07,64.55,101.8,71.71332750688155
2025-10-22 13:05:35.681511,96.8,85.76,135.3,35.44,90.57835850998646
2025-10-22 13:05:36.681510,45.26,24.7,63.84,71.07,45.838367144220605
2025-10-22 13:05:37.681510,131.15,87.76,180.79,133.48,124.71040572397823
2025-10-22 13:05:38.681509,108.26,52.47,196.63,123.9,110.03612214708647
2025-10-22 13:05:39.681509,116.36,56.03,263.01,53.36,117.75027749996165
2025-10-22 13:05:40.681508,73.14,63.42,95.84,85.01,77.46126324174566
2025-10-22 13:05:41.681508,67.36,75.99,74.98,64.25,73.31478566456916
2025-10-22 13:05:42.681507,141.92,62.25,296.85,87.66,137.8217958254945
2025-10-22 13:05:43.681507,128.53,86.96,243.77,54.19,127.49916965275708
2025-10-22 13:05:44.681506,113.4,67.16,222.94,60.87,112.72762530889251
2025-10-22 13:05:45.681506,75.64,24.43,116.23,126.38,72.43241801131003
2025-10-22 13:05:46.681505,62.19,32.49,94.62,84.62,61.65026592127622
2025-10-22 13:05:47.681505,99.58,42.1,151.32,111.0,88.70432215612703
2025-10-22 13:05:48.681504,107.86,61.08,171.01,131.61,108.14427334715492
2025-10-22 13:05:49.681504,82.14,91.44,83.54,70.27,84.75884466397929
2025-10-22 13:05:50.681503,73.83,29.44,81.23,147.64,68.62309234625262
2025-10-22 13:05:51.681502,114.16,28.21,259.99,129.37,118.11266713958864
2025-10-22 13:05:52.681502,88.4,79.95,102.61,76.85,86.088446059944
2025-10-22 13:05:53.681501,54.66,21.7,96.3,75.15,54.91416363013703
2025-10-22 13:05:54.681501,82.52,93.42,96.42,34.87,82.58509295972748
2025-10-22 13:05:55.681500,66.61,25.18,131.46,42.54,60.73609689225241
2025-10-22 13:05:56.681500,112.76,58.84,177.22,149.24,112.3983061788766
2025-10-22 13:05:57.681499,75.18,54.13,137.82,40.55,76.63570605068813
2025-10-22 13:05:58.681499,119.69,39.71,274.66,91.16,120.64879076061162
2025-10-22 13:05:59.681498,120.3,20.3,279.98,107.3,115.8089539165327
2025-10-22 13:06:00.681498,72.43,28.3,111.76,115.87,70.92486936469273
2025-10-22 13:06:01.681497,42.77,25.27,92.44,53.0,51.12978020546838
2025-10-22 13:06:02.681497,109.66,97.39,190.05,18.74,109.49635602733963
2025-10-22 13:06:03.681496,104.51,65.23,152.18,83.25,94.94464971089984
2025-10-22 13:06:04.681496,54.23,38.87,59.67,93.46,56.070624336515834
2025-10-22 13:06:05.681495,95.54,94.9,62.15,117.84,89.49392920512402
2025-10-22 13:06:06.681495,123.83,83.71,264.13,36.17,128.42601031652853
2025-10-22 13:06:07.681494,86.72,76.02,113.0,55.38,82.99585655981508
2025-10-22 13:06:08.681493,102.02,48.04,190.04,69.91,95.1347380652632
2025-10-22 13:06:09.681493,83.29,72.46,78.96,96.28,79.11678886699417
2025-10-22 13:06:10.681492,95.32,37.76,175.83,132.8,98.24322950815805
2025-10-22 13:06:11.681492,83.12,38.65,139.96,129.1,87.16966468098435
2025-10-22 13:06:12.681491,98.94,48.83,208.28,38.62,94.79680839476461
2025-10-22 13:06:13.681491,127.6,57.1,232.01,129.98,124.17745120163002
2025-10-22 13:06:14.681490,128.91,68.98,225.44,99.56,122.0651735113796
2025-10-22 13:06:15.681490,71.21,41.9,101.09,120.37,75.36822238291599
2025-10-22 13:06:16.681489,94.45,93.44,82.61,146.23,100.55487832261548
2025-10-22 13:06:17.681489,111.58,33.74,243.57,91.64,108.43360872397486
2025-10-22 13:06:18.681488,113.24,53.54,220.04,86.25,110.1284204080068
2025-10-22 13:06:19.681488,133.24,91.84,187.1,148.33,131.58247474782996
2025-10-22 13:06:20.681487,138.1,61.23,291.42,124.64,143.02538749911454
2025-10-22 13:06:21.681487,96.99,44.89,150.75,134.92,94.668480900299
2025-10-22 13:06:22.681486,105.55,43.22,240.64,97.4,113.40654367771096
2025-10-22 13:06:23.681485,116.62,98.41,159.91,137.08,124.4406992240869
2025-10-22 13:06:24.681485,126.76,91.93,178.38,140.87,127.52511476624163
2025-10-22 13:06:25.681484,49.03,20.8,68.77,102.45,51.61301872005379
2025-10-22 13:06:26.681484,72.09,44.53,121.36,61.94,71.1659314641914
2025-10-22 13:06:27.681483,107.43,33.04,249.83,70.04,105.67864614111372
2025-10-22 13:06:28.681483,94.83,75.47,154.35,85.9,101.2105399095649
2025-10-22 13:06:29.681482,106.63,65.48,217.7,47.16,107.59588995232315
2025-10-22 13:06:30.681482,135.27,77.63,288.96,39.51,133.5313738160575
2025-10-22 13:06:31.681481,93.99,60.8,186.23,76.66,101.66933949004478
2025-10-22 13:06:32.681481,54.83,53.81,64.78,57.58,57.90509962362427
2025-10-22 13:06:33.681480,100.33,84.25,186.38,31.24,104.34686576432675
2025-10-22 13:06:34.681480,91.64,72.08,158.24,28.6,89.3185280807548
2025-10-22 13:06:35.681479,106.14,37.31,266.86,28.2,104.61129018641738
2025-10-22 13:06:36.681479,88.29,46.63,164.27,97.94,92.25413940400006
2025-10-22 13:06:37.681478,65.29,58.41,60.76,102.68,67.93688334503904
2025-10-22 13:06:38.681478,60.42,42.6,60.61,125.21,64.51029817490195
2025-10-22 13:06:39.681477,102.42,76.17,116.47,134.1,99.74322471147792
2025-10-22 13:06:40.681477,108.17,58.29,198.6,94.25,107.63273939096402
2025-10-22 13:06:41.681476,131.77,72.6,275.36,98.77,138.71081375782478
2025-10-22 13:06:42.681476,132.52,67.54,227.85,145.98,131.29080890953185
2025-10-22 13:06:43.681475,143.4,90.02,262.22,131.13,149.8412822350743
2025-10-22 13:06:44.681474,42.74,32.13,50.93,33.1,38.11059639069848
2025-10-22 13:06:45.681474,123.53,68.96,240.97,136.5,134.05739844890581
2025-10-22 13:06:46.681473,139.81,67.22,243.78,107.83,128.34504909455438
2025-10-22 13:06:47.681473,148.95,92.03,296.57,91.97,153.38891879229791
2025-10-22 13:06:48.681472,113.13,58.98,228.69,88.31,115.8400250308627
2025-10-22 13:06:49.681472,142.73,75.56,264.31,118.92,140.86102380992835
2025-10-22 13:06:50.681471,138.02,84.83,282.51,70.92,141.40639042668357
2025-10-22 13:06:51.681471,101.79,63.47,179.3,80.0,101.57614398979544
2025-10-22 13:06:52.681470,105.48,20.73,283.95,32.98,102.45953817276916
2025-10-22 13:06:53.681470,117.01,87.45,159.55,126.85,116.85609444008271
2025-10-22 13:06:54.681469,98.43,56.86,148.87,107.04,94.5148647379061
2025-10-22 13:06:55.681469,111.69,79.5,153.76,121.46,110.09588209370935
2025-10-22 13:06:56.681468,90.26,90.55,73.17,111.54,89.39403701327716
2025-10-22 13:06:57.681468,108.12,49.52,180.86,149.26,108.86588375522271
2025-10-22 13:06:58.681467,118.07,45.31,205.5,118.66,108.10440284460485
2025-10-22 13:06:59.681467,75.03,40.48,106.87,94.17,71.19794235004618
2025-10-22 13:07:00.681466,93.67,81.7,116.9,65.0,88.90007968166475
2025-10-22 13:07:01.681466,127.54,65.31,250.45,143.92,136.56653598412112
2025-10-22 13:07:02.681465,64.16,43.13,138.92,59.05,75.17440370661437
2025-10-22 13:07:03.681464,67.02,51.59,102.47,48.2,66.26786259722165
2025-10-22 13:07:04.681464,132.01,57.9,251.64,141.89,132.83965254965227
2025-10-22 13:07:05.681463,105.83,76.6,223.78,10.22,107.61356374902518
2025-10-22 13:07:06.681463,74.13,76.92,86.02,39.04,72.08956374365478
2025-10-22 13:07:07.681462,74.32,28.97,189.07,55.37,82.48176638817684
2025-10-22 13:07:08.681462,95.59,47.34,153.02,118.55,93.31770842838749
2025-10-22 13:07:09.681461,85.75,65.08,145.25,50.68,86.32045009297319
2025-10-22 13:07:10.681461,137.33,98.37,228.12,62.94,130.20151878701193
2025-10-22 13:07:11.681460,103.98,41.36,166.74,125.91,95.93170096851559
2025-10-22 13:07:12.681460,93.17,96.64,85.73,132.07,100.27099969737547
2025-10-22 13:07:13.681459,63.81,59.31,97.15,13.64,61.642483266122966
2025-10-22 13:07:14.681459,102.76,39.48,217.49,114.05,107.89629984078297
2025-10-22 13:07:15.681458,115.4,83.6,151.09,125.23,112.07891449277253
2025-10-22 13:07:16.681458,94.77,74.77,184.35,18.06,96.40990576616453
2025-10-22 13:07:17.681457,140.06,68.1,287.46,111.85,142.70891235935946
2025-10-22 13:07:18.681457,81.19,55.23,143.46,33.4,77.45774113706234
2025-10-22 13:07:19.681456,73.63,37.15,103.23,65.2,62.69745679574267
2025-10-22 13:07:20.681456,78.07,30.38,167.15,63.16,78.1407164173259
2025-10-22 13:07:21.681455,82.0,30.67,191.61,13.56,75.78839857533525
2025-10-22 13:07:22.681454,94.77,48.87,201.09,68.75,98.63797966601605
2025-10-22 13:07:23.681454,100.24,24.13,229.0,99.67,100.87428984524945
2025-10-22 13:07:24.681453,67.77,61.66,68.26,92.81,69.84608285263349
2025-10-22 13:07:25.681453,90.49,52.28,118.68,95.0,80.7749246870096
2025-10-22 13:07:26.681452,143.48,66.44,291.22,83.63,137.4111894180585
2025-10-22 13:07:27.681451,124.16,83.35,253.32,49.69,127.68249699426703
2025-10-22 13:07:28.681450,141.93,58.62,283.39,131.55,140.68715100307762
2025-10-22 13:07:29.681450,43.65,23.31,85.87,38.1,45.22291252065308
2025-10-22 13:07:30.681449,70.87,29.37,149.54,23.62,64.49536179126369
2025-10-22 13:07:31.681449,75.13,20.52,126.36,125.22,73.30418097017592
2025-10-22 13:07:32.681448,109.43,59.35,193.75,133.88,114.57021658057141
2025-10-22 13:07:33.681448,92.07,80.8,110.98,119.92,97.5780128688662
2025-10-22 13:07:34.681447,80.48,83.18,122.5,64.21,91.16166833663658
2025-10-22 13:07:35.681447,118.92,52.07,243.74,99.73,119.1978285310013
2025-10-22 13:07:36.681446,78.48,49.99,61.99,148.51,73.22285564574385
2025-10-22 13:07:37.681446,140.01,85.33,284.7,54.72,139.09651281684262
2025-10-22 13:07:38.681445,107.55,35.0,264.65,26.54,102.46978577497413
2025-10-22 13:07:39.681445,62.92,35.34,107.3,69.57,63.88914581841536
2025-10-22 13:07:40.681444,122.23,69.4,252.27,36.75,117.86691885870934
2025-10-22 13:07:41.681444,92.91,93.28,165.67,23.08,100.98843932843317
2025-10-22 13:07:42.681443,100.71,33.54,245.55,29.15,96.52192919810679
2025-10-22 13:07:43.681443,144.76,85.13,254.67,127.93,144.50720171531478
2025-10-22 13:07:44.681442,74.31,87.74,75.58,68.2,80.11712135534947
2025-10-22 13:07:45.681442,123.35,77.02,149.47,148.71,112.98484753086939
2025-10-22 13:07:46.681441,91.39,39.65,139.86,146.04,90.99988255431573
2025-10-22 13:07:47.681440,123.7,92.2,262.63,22.69,129.5167748504122
2025-10-22 13:07:48.681440,117.47,82.15,218.63,67.75,120.24568369640367
2025-10-22 13:07:49.681439,92.88,74.73,86.15,143.3,91.74146421997834
2025-10-22 13:07:50.681439,77.16,28.76,184.74,37.55,77.53783494222718
2025-10-22 13:07:51.681438,131.35,25.71,290.97,106.18,121.57757448929972
2025-10-22 13:07:52.681438,100.09,72.06,203.89,12.36,99.80471651293755
2025-10-22 13:07:53.681437,135.58,96.51,234.96,76.08,133.94220726219584
2025-10-22 13:07:54.681437,81.59,39.24,161.29,117.2,91.51099649110525
2025-10-22 13:07:55.681436,130.24,94.77,232.72,72.6,131.71351579218293
2025-10-22 13:07:56.681436,68.01,25.08,95.77,131.54,67.6304093946805
2025-10-22 13:07:57.681435,109.45,42.03,237.19,102.0,112.69171765636894
2025-10-22 13:07:58.681434,78.18,31.32,131.75,112.81,77.82592813581209
2025-10-22 13:07:59.681434,55.33,67.1,54.68,32.44,56.48071730334578
2025-10-22 13:08:00.681433,124.19,76.52,188.69,123.89,119.59639111224254
2025-10-22 13:08:01.681433,97.41,64.57,173.77,71.63,98.79868685249116
2025-10-22 13:08:02.681432,137.32,95.95,255.57,72.56,139.15963733689702
2025-10-22 13:08:03.681431,112.81,42.04,276.27,35.79,111.2965576818583
2025-10-22 13:08:04.681430,58.91,43.49,89.75,83.35,65.39948120086046
2025-10-22 13:08:05.681429,108.81,77.61,167.59,97.22,108.50076400476915
2025-10-22 13:08:06.681429,114.52,40.48,194.01,133.82,105.26131175639024
2025-10-22 13:08:07.681428,62.06,83.13,74.17,10.25,65.89695141189905
2025-10-22 13:08:08.681428,142.24,75.42,262.52,110.21,138.5240894090382
2025-10-22 13:08:09.681427,152.86,80.55,282.16,123.24,149.56293664520143
2025-10-22 13:08:10.681427,115.43,69.83,221.73,29.15,107.39245353625823
2025-10-22 13:08:11.681426,60.11,30.21,98.79,82.41,61.33203939618769
2025-10-22 13:08:12.681426,106.61,39.27,290.58,50.66,117.1738122364458
2025-10-22 13:08:13.681425,90.55,57.5,178.92,64.38,95.3945104523653
2025-10-22 13:08:14.681425,88.87,65.6,126.64,96.82,90.14649222950126
2025-10-22 13:08:15.681424,96.55,85.23,148.35,48.38,96.80659821033863
2025-10-22 13:08:16.681424,148.15,75.02,286.4,76.57,138.82350216612554
2025-10-22 13:08:17.681423,119.02,42.04,279.15,56.08,116.19076248250683
2025-10-22 13:08:18.681423,117.7,52.39,260.96,25.74,109.84170978022985
2025-10-22 13:08:19.681422,114.81,71.28,205.89,119.56,121.30293066563301
2025-10-22 13:08:20.681421,122.34,60.8,268.0,99.33,130.74731081604443
2025-10-22 13:08:21.681421,116.63,49.02,233.71,111.92,117.08821380942587
2025-10-22 13:08:22.681420,71.5,56.54,76.8,115.85,74.44371647090269
2025-10-22 13:08:23.681420,95.25,44.62,174.82,89.15,92.68116959347763
2025-10-22 13:08:24.681419,105.9,30.85,222.48,148.76,112.00016364593488
2025-10-22 13:08:25.681419,107.32,49.99,240.48,79.48,113.1639512845029
2025-10-22 13:08:26.681418,103.1,92.65,94.99,147.96,104.2268156724198
2025-10-22 13:08:27.681418,95.33,42.46,208.74,70.26,98.05241350596559
2025-10-22 13:08:28.681417,170.21,98.25,286.35,121.92,159.35404751082015
2025-10-22 13:08:29.681417,136.76,76.89,265.73,59.64,130.17852395990565
2025-10-22 13:08:30.681416,55.37,74.37,63.42,10.16,58.29584660607907
2025-10-22 13:08:31.681416,53.47,69.71,65.4,15.02,57.54069522900112
2025-10-22 13:08:32.681415,66.57,75.26,60.42,91.74,74.03409547496041
2025-10-22 13:08:33.681415,103.47,61.88,192.77,93.43,107.50127156450282
2025-10-22 13:08:34.681414,91.4,26.49,215.48,15.23,81.21761711026252
2025-10-22 13:08:35.681413,110.16,97.26,144.72,100.67,112.07460830438117
2025-10-22 13:08:36.681413,106.05,59.94,172.05,102.52,102.11463729644223
2025-10-22 13:08:37.681412,113.62,51.88,276.25,41.69,117.35077865684676
2025-10-22 13:08:38.681412,72.78,73.79,73.35,101.57,79.14175773428052
2025-10-22 13:08:39.681411,114.4,87.15,157.02,123.12,115.20603459174643
2025-10-22 13:08:40.681411,73.22,58.87,133.71,19.4,73.55602138986285
2025-10-22 13:08:41.681410,83.91,78.78,64.11,108.31,80.18197950850202
2025-10-22 13:08:42.681410,66.95,69.85,85.4,31.96,66.98490697047706
2025-10-22 13:08:43.681409,52.64,40.74,93.36,22.92,53.11981891029293
2025-10-22 13:08:44.681409,63.19,37.73,113.04,29.64,58.873657639774
2025-10-22 13:08:45.681408,108.58,35.07,285.34,48.41,113.06546051452129
2025-10-22 13:08:46.681408,112.74,45.97,201.13,145.15,112.3784638080315
2025-10-22 13:08:47.681407,67.03,47.02,120.27,39.21,67.56236740134183
2025-10-22 13:08:48.681407,102.33,53.57,230.53,58.06,107.69906471665091
2025-10-22 13:08:49.681406,144.9,87.63,285.74,68.68,143.32356493201365
2025-10-22 13:08:50.681405,83.4,39.32,152.22,101.64,85.73521262614348
2025-10-22 13:08:51.681405,79.94,56.53,131.32,39.82,75.72950736395089
2025-10-22 13:08:52.681404,131.9,49.97,288.65,139.32,139.51327782045703
2025-10-22 13:08:53.681404,92.89,70.47,169.08,31.95,92.44185551751208
2025-10-22 13:08:54.681403,144.12,95.8,243.03,125.23,145.77374214524215
2025-10-22 13:08:55.681403,127.85,94.82,254.23,17.73,127.30894451474323
2025-10-22 13:08:56.681402,113.91,69.04,233.85,34.47,111.6990416289145
2025-10-22 13:08:57.681402,140.97,81.52,278.13,101.22,144.46151765328577
2025-10-22 13:08:58.681401,53.35,54.04,71.92,34.05,55.493477407604765
2025-10-22 13:08:59.681401,144.58,73.56,256.31,111.13,135.91617593069427
2025-10-22 13:09:00.681400,117.9,59.55,221.45,75.7,111.44343650225616
2025-10-22 13:09:01.681399,132.88,94.96,258.92,28.53,130.93247495135938
2025-10-22 13:09:02.681399,87.16,38.41,209.15,11.44,84.48474813513641
2025-10-22 13:09:03.681398,68.82,76.18,52.83,81.7,70.21647536010424
2025-10-22 13:09:04.681398,82.82,97.66,78.17,47.1,81.63468659524236
2025-10-22 13:09:05.681397,45.3,23.7,63.96,89.67,49.070646958176134
2025-10-22 13:09:06.681397,72.11,48.66,90.74,105.4,72.64367454485107
2025-10-22 13:09:07.681396,104.81,37.52,244.88,116.65,115.6711006277522
2025-10-22 13:09:08.681396,51.46,39.85,89.75,52.8,57.52530935814128
2025-10-22 13:09:09.681395,68.9,76.02,80.53,22.36,66.68051869662114
2025-10-22 13:09:10.681395,108.72,74.93,186.89,81.06,109.76150633299844
2025-10-22 13:09:11.681394,127.01,32.32,291.47,120.23,127.80152061169622
2025-10-22 13:09:12.681394,68.81,26.23,95.22,107.99,63.36058750732487
2025-10-22 13:09:13.681393,138.04,55.34,295.92,110.93,138.72946685898603
2025-10-22 13:09:14.681392,92.95,69.79,100.22,114.33,87.76401226004052
2025-10-22 13:09:15.681391,99.06,52.37,149.61,120.28,95.13533265735568
2025-10-22 13:09:16.681391,111.27,81.3,185.0,54.75,107.1343741573418
2025-10-22 13:09:17.681390,136.65,62.31,287.5,76.55,132.83546841237333
2025-10-22 13:09:18.681390,109.43,40.47,255.7,55.91,108.3288462565047
2025-10-22 13:09:19.681389,71.42,80.69,94.71,21.23,73.03828924163346
2025-10-22 13:09:20.681389,145.4,69.42,270.04,125.81,140.9007269399841
2025-10-22 13:09:21.681388,61.63,40.2,101.72,63.5,63.421398833922375
2025-10-22 13:09:22.681388,142.18,85.09,260.38,103.31,141.31521445428598
2025-10-22 13:09:23.681387,108.7,41.62,277.63,17.24,107.81353965986526
2025-10-22 13:09:24.681386,113.54,34.78,291.92,26.47,110.54286943003078
2025-10-22 13:09:25.681386,127.21,60.74,233.04,93.38,119.02853103658538
2025-10-22 13:09:26.681385,97.72,85.06,155.98,49.56,99.24970361662675
2025-10-22 13:09:27.681385,97.76,27.1,184.73,142.21,97.4903958184244
2025-10-22 13:09:28.681384,119.78,75.45,228.63,41.35,114.68080885208153
2025-10-22 13:09:29.681384,126.51,83.43,259.37,85.14,136.5792510340819
2025-10-22 13:09:30.681383,79.33,52.04,136.3,64.49,79.89378448032902
2025-10-22 13:09:31.681383,106.04,76.24,218.6,17.63,107.34906207728027
2025-10-22 13:09:32.681382,70.35,92.47,51.76,47.61,71.21960967580382
2025-10-22 13:09:33.681382,58.61,48.74,71.68,110.87,68.04080951603316
2025-10-22 13:09:34.681381,71.14,79.26,85.11,98.53,84.79040248217873
2025-10-22 13:09:35.681380,77.24,49.21,115.56,92.47,77.80958225814402
2025-10-22 13:09:36.681380,110.11,47.66,230.94,106.48,114.49986071332123
2025-10-22 13:09:37.681379,150.99,90.98,291.35,94.41,151.78278740782724
2025-10-22 13:09:38.681379,115.63,25.52,274.31,92.67,113.79342174701385
2025-10-22 13:09:39.681378,45.82,22.14,97.89,26.7,45.990884899795255
2025-10-22 13:09:40.681378,107.29,92.05,152.53,77.08,107.14970622974688
2025-10-22 13:09:41.681377,78.95,70.21,76.17,100.4,77.97839120345822
2025-10-22 13:09:42.681377,112.18,27.06,284.8,69.98,113.20630380226379
2025-10-22 13:09:43.681376,142.94,79.72,293.99,31.16,134.42366571326096
2025-10-22 13:09:44.681376,54.25,31.01,64.36,87.04,52.30049323726998
2025-10-22 13:09:45.681375,104.4,38.27,222.53,84.89,103.02022923475252
2025-10-22 13:09:46.681375,139.64,63.32,278.53,126.83,140.62435838166164
2025-10-22 13:09:47.681374,128.38,58.99,262.26,120.43,132.31225220454036
2025-10-22 13:09:48.681374,55.19,32.02,102.56,25.35,52.03511615536601
2025-10-22 13:09:49.681373,115.13,51.75,202.29,125.53,111.70321595503322
2025-10-22 13:09:50.681373,37.18,22.81,54.33,24.87,32.86799743057229
2025-10-22 13:09:51.681372,137.94,52.44,261.32,122.94,129.27386620514864
2025-10-22 13:09:52.681371,107.88,71.41,182.06,51.44,100.67989870087146
2025-10-22 13:09:53.681371,126.51,77.06,218.7,97.55,123.65467658797142
2025-10-22 13:09:54.681370,141.99,84.58,238.21,149.25,143.51981870806503
2025-10-22 13:09:55.681370,96.47,25.03,201.03,134.18,99.7667375228138
2025-10-22 13:09:56.681369,139.3,75.23,265.6,113.68,140.0443888362799
2025-10-22 13:09:57.681369,49.52,59.48,52.7,34.62,52.53262115259031
2025-10-22 13:09:58.681368,79.49,93.93,51.7,73.16,76.99991090018297
2025-10-22 13:09:59.681368,66.24,34.93,90.69,132.83,71.25344459369506
2025-10-22 13:10:00.681367,150.24,74.12,254.59,138.84,141.17927106945928
2025-10-22 13:10:01.681367,148.39,96.12,299.96,45.31,147.17547528207473
2025-10-22 13:10:02.681366,105.63,34.01,238.61,63.81,101.55131045591966
2025-10-22 13:10:03.681366,131.15,82.13,204.27,121.54,126.59973263888052
2025-10-22 13:10:04.681365,54.26,26.26,57.15,95.61,49.475099100283074
2025-10-22 13:10:05.681365,157.88,83.61,298.04,129.85,157.16854875106426
2025-10-22 13:10:06.681364,71.08,26.3,111.63,77.34,62.24198861139057
2025-10-22 13:10:07.681363,131.27,41.08,263.73,129.1,125.57732637674022
2025-10-22 13:10:08.681363,92.2,59.18,192.25,27.65,92.94289044375185
2025-10-22 13:10:09.681362,99.51,62.47,201.23,20.82,95.92038623244375
2025-10-22 13:10:10.681362,114.64,40.48,283.65,79.21,121.36070770207274
2025-10-22 13:10:11.681361,41.35,22.03,61.27,47.93,39.144937238643465
2025-10-22 13:10:12.681361,130.14,89.97,259.35,43.79,131.6124274105991
2025-10-22 13:10:13.681360,49.33,34.46,92.23,30.25,51.115483523486056
2025-10-22 13:10:14.681360,115.36,54.22,220.16,67.68,106.81524678161459
2025-10-22 13:10:15.681359,115.57,25.22,263.46,123.3,116.46489554095035
2025-10-22 13:10:16.681359,101.63,84.28,132.81,123.76,106.63064241681346
2025-10-22 13:10:17.681358,97.31,93.66,159.43,25.67,99.81598235851365
2025-10-22 13:10:18.681358,98.69,85.31,70.04,149.9,93.46630491643187
2025-10-22 13:10:19.681357,54.09,42.25,67.06,58.27,52.98404990759723
2025-10-22 13:10:20.681356,84.61,98.18,75.94,47.89,81.37964203050667
2025-10-22 13:10:21.681356,52.98,55.03,59.46,107.85,66.89338364112824
2025-10-22 13:10:22.681355,56.55,43.41,88.26,61.66,60.60533848834331
2025-10-22 13:10:23.681355,151.69,97.15,267.36,113.09,151.3466922664257
2025-10-22 13:10:24.681354,58.44,25.08,110.27,39.71,53.75563951875182
2025-10-22 13:10:25.681354,93.59,29.79,233.16,28.0,90.70654808801254
2025-10-22 13:10:26.681353,120.62,60.05,275.77,25.32,118.01531895193074
2025-10-22 13:10:27.681353,54.04,21.21,110.5,57.78,55.48985387591097
2025-10-22 13:10:28.681352,104.36,75.13,157.47,62.4,97.31342932947767
2025-10-22 13:10:29.681352,138.55,65.67,243.4,118.08,129.49589639206715
2025-10-22 13:10:30.681351,92.79,28.48,190.51,98.34,91.20284498596436
2025-10-22 13:10:31.681351,117.01,35.15,229.82,135.83,113.77537781896018
2025-10-22 13:10:32.681350,105.38,65.14,164.18,81.38,98.13537145166008
2025-10-22 13:10:33.681350,55.56,65.11,53.19,51.74,58.87622076814737
2025-10-22 13:10:34.681349,150.02,91.92,263.81,140.0,153.02428926942642
2025-10-22 13:10:35.681348,117.92,80.53,244.4,49.29,123.52102336147152
2025-10-22 13:10:36.681348,152.37,91.75,256.37,145.28,151.7520054979466
2025-10-22 13:10:37.681347,134.18,64.08,262.12,129.9,136.6793001013389
2025-10-22 13:10:38.681347,52.49,40.8,80.86,45.54,53.88383597274483
2025-10-22 13:10:39.681346,77.85,56.42,153.26,10.22,76.39205701991516
2025-10-22 13:10:40.681346,132.68,89.58,206.73,115.3,129.8015218963298
2025-10-22 13:10:41.681345,69.24,74.27,104.42,10.26,70.58899855313878
2025-10-22 13:10:42.681345,92.95,68.69,207.05,16.48,99.8982067481349
2025-10-22 13:10:43.681344,134.36,91.27,263.91,60.3,136.90692867353098
2025-10-22 13:10:44.681344,58.91,44.64,79.22,77.34,61.61264234174816
2025-10-22 13:10:45.681343,116.26,30.06,266.49,99.94,115.14209875568288
2025-10-22 13:10:46.681343,79.8,43.18,137.46,96.8,82.25570997742399
2025-10-22 13:10:47.681342,122.96,86.88,207.95,112.71,128.31252514104204
2025-10-22 13:10:48.681341,65.22,42.37,102.84,16.19,55.44271611557063
2025-10-22 13:10:49.681341,108.77,70.61,219.8,15.91,104.57108811190402
2025-10-22 13:10:50.681340,103.07,33.96,279.22,18.61,104.75774537120603
2025-10-22 13:10:51.681340,65.6,50.21,89.05,70.53,65.98235256195866
2025-10-22 13:10:52.681339,109.29,32.91,218.13,143.42,110.6559305667439
2025-10-22 13:10:53.681339,65.32,79.57,80.5,59.55,75.81933487665273
2025-10-22 13:10:54.681338,116.52,91.98,99.83,147.58,105.2732046675315
2025-10-22 13:10:55.681338,91.17,35.91,152.58,126.87,89.15866248282512
2025-10-22 13:10:56.681337,138.24,56.72,284.14,133.77,140.40938106842987
2025-10-22 13:10:57.681337,116.87,43.13,245.87,83.66,112.20567596748253
2025-10-22 13:10:58.681336,121.28,72.51,220.58,93.16,121.08752763359269
2025-10-22 13:10:59.681336,126.51,57.58,272.99,107.7,132.30919070337836
2025-10-22 13:11:00.681335,160.18,97.86,285.81,112.05,157.03828816413352
2025-10-22 13:11:01.681334,65.27,29.59,109.31,107.53,69.17349227151385
2025-10-22 13:11:02.681334,110.03,62.25,191.22,95.44,107.61831564879414
2025-10-22 13:11:03.681333,65.34,65.09,76.33,62.44,67.94574457318305
2025-10-22 13:11:04.681333,48.78,52.37,50.03,24.64,46.21614570177601
2025-10-22 13:11:05.681332,131.23,90.56,262.76,45.48,133.26601737761632
2025-10-22 13:11:06.681332,96.32,45.92,152.51,126.14,93.9659259986129
2025-10-22 13:11:07.681331,111.22,35.84,249.62,81.97,109.37535386312783
2025-10-22 13:11:08.681331,103.76,45.35,217.32,99.84,107.94017950247192
2025-10-22 13:11:09.681330,89.35,60.02,86.39,105.77,77.05366212196262
2025-10-22 13:11:10.681330,80.35,47.13,135.84,54.77,75.38619163358433
2025-10-22 13:11:11.681329,77.0,71.08,63.59,113.95,77.31994034296014
2025-10-22 13:11:12.681329,91.5,44.3,198.28,39.37,89.68948731466764
2025-10-22 13:11:13.681328,100.47,97.56,93.75,85.52,93.89604815686897
2025-10-22 13:11:14.681328,102.01,21.1,259.75,30.83,94.94291711843901
2025-10-22 13:11:15.681327,144.29,64.29,263.01,144.16,139.8824635470453
2025-10-22 13:11:16.681326,113.36,42.93,246.42,112.51,117.99980201494317
2025-10-22 13:11:17.681326,125.32,98.2,178.63,72.92,117.22385443199715
2025-10-22 13:11:18.681325,61.62,40.73,99.22,80.27,66.2630089739576
2025-10-22 13:11:19.681325,100.62,36.88,243.66,67.27,105.18202109228032
2025-10-22 13:11:20.681324,53.0,47.54,84.18,37.4,56.61411357870874
2025-10-22 13:11:21.681324,123.31,85.12,211.05,106.88,127.21229629043768
2025-10-22 13:11:22.681323,83.13,41.49,122.92,120.14,81.68009169118301
2025-10-22 13:11:23.681323,52.63,27.27,123.56,13.62,53.65795701723985
2025-10-22 13:11:24.681322,93.03,56.39,112.96,141.07,90.2449040827492
2025-10-22 13:11:25.681322,100.58,22.76,255.33,51.95,98.63256125217123
2025-10-22 13:11:26.681321,78.6,45.06,118.28,129.8,83.97716402604317
2025-10-22 13:11:27.681321,95.08,62.5,129.87,74.42,85.12960462604278
2025-10-22 13:11:28.681320,87.21,56.64,192.13,47.77,95.63971801423428
2025-10-22 13:11:29.681320,118.28,58.11,227.17,100.03,117.27794548084415
2025-10-22 13:11:30.681319,83.13,25.13,199.14,86.1,89.70205063020515
2025-10-22 13:11:31.681318,107.3,90.72,154.93,88.24,109.42609473896395
2025-10-22 13:11:32.681318,139.56,76.43,256.42,133.15,141.74721597055728
2025-10-22 13:11:33.681317,59.48,37.26,134.82,58.95,71.00587245523033
2025-10-22 13:11:34.681317,139.88,69.99,290.05,91.52,140.38983559369152
2025-10-22 13:11:35.681316,92.91,55.05,145.15,128.09,96.67701076741635
2025-10-22 13:11:36.681316,91.27,41.1,171.72,140.97,100.28948822393303
2025-10-22 13:11:37.681315,66.37,64.39,84.64,60.63,69.73624631903157
2025-10-22 13:11:38.681315,103.64,73.87,160.07,105.46,106.01847035198539
2025-10-22 13:11:39.681314,110.76,79.73,158.85,112.33,109.92723878681124
2025-10-22 13:11:40.681314,71.34,81.12,92.24,45.05,77.23901479607343
2025-10-22 13:11:41.681313,101.93,32.7,191.91,130.83,100.17114959271754
2025-10-22 13:11:42.681313,106.07,75.19,168.71,89.6,106.12211368329363
2025-10-22 13:11:43.681312,129.08,62.52,272.87,89.65,131.14361458183217
2025-10-22 13:11:44.681311,73.99,49.46,77.58,106.78,69.35976050191232
2025-10-22 13:11:45.681311,130.6,56.24,272.44,122.4,134.39682646204744
2025-10-22 13:11:46.681310,131.83,68.03,224.59,128.48,127.079792698045
2025-10-22 13:11:47.681310,84.59,36.76,203.19,40.61,87.66536156289386
2025-10-22 13:11:48.681309,88.69,31.24,209.47,27.71,84.24909074584617
2025-10-22 13:11:49.681309,113.38,87.06,204.68,27.24,110.44900600623491
2025-10-22 13:11:50.681308,32.12,43.99,53.41,34.85,45.09582561717108
2025-10-22 13:11:51.681308,44.44,20.97,97.44,12.16,42.38741937976428
2025-10-22 13:11:52.681307,111.82,91.35,175.34,46.68,107.62177475835156
2025-10-22 13:11:53.681307,76.13,85.67,82.2,40.76,75.63017148135731
2025-10-22 13:11:54.681306,78.49,46.22,160.56,58.87,83.17799078176277
2025-10-22 13:11:55.681305,44.11,25.1,95.52,21.48,45.71273250918507
2025-10-22 13:11:56.681305,62.69,64.24,94.56,75.08,75.51233754854854
2025-10-22 13:11:57.681304,108.97,55.43,256.16,19.67,108.70417366978486
2025-10-22 13:11:58.681304,71.96,54.18,152.78,23.4,77.75179030553264
2025-10-22 13:11:59.681303,148.44,82.5,288.21,68.6,141.5013394929481
2025-10-22 13:12:00.681303,95.45,74.84,231.22,18.82,110.68285178744091
2025-10-22 13:12:01.681302,92.72,91.7,93.48,87.89,91.37405167169827
2025-10-22 13:12:02.681302,88.57,51.94,198.1,53.67,96.27042241449912
2025-10-22 13:12:03.681301,66.72,35.06,156.09,32.14,70.98263285707917
2025-10-22 13:12:04.681301,108.36,53.08,177.59,141.29,108.06930950838506
2025-10-22 13:12:05.681300,82.27,45.11,140.47,97.03,84.16494098651117
2025-10-22 13:12:06.681299,110.55,29.96,219.37,130.15,106.92821825854368
2025-10-22 13:12:07.681299,53.89,27.08,101.42,21.92,48.55712030073526
2025-10-22 13:12:08.681298,90.24,75.96,92.44,130.1,91.62222039511869
2025-10-22 13:12:09.681298,110.8,92.14,157.32,62.7,105.77894853253905
2025-10-22 13:12:10.681297,51.68,30.87,58.28,65.04,46.0354175961075
2025-10-22 13:12:11.681297,127.02,71.57,221.61,130.76,128.39558755500437
2025-10-22 13:12:12.681296,91.26,60.44,166.58,42.86,88.87345959603297
2025-10-22 13:12:13.681296,115.28,73.52,226.54,12.91,107.4469825235637
2025-10-22 13:12:14.681295,33.92,35.17,58.12,19.88,39.15714400987279
2025-10-22 13:12:15.681295,89.91,61.28,153.08,58.57,88.35245744914272
2025-10-22 13:12:16.681294,107.32,26.76,236.0,68.78,98.15164345799569
2025-10-22 13:12:17.681294,120.37,91.9,237.25,26.37,122.4701676085106
2025-10-22 13:12:18.681293,82.4,67.93,123.85,37.86,78.7589965738255
2025-10-22 13:12:19.681293,114.37,90.08,150.42,123.75,114.80312725018746
2025-10-22 13:12:20.681292,98.72,27.76,247.35,65.48,101.40461572808756
2025-10-22 13:12:21.681291,94.69,20.38,228.62,69.71,92.94839880359882
2025-10-22 13:12:22.681291,127.1,41.38,262.05,143.61,128.1024015147219
2025-10-22 13:12:23.681290,115.76,42.91,269.96,13.81,105.46812005506962
2025-10-22 13:12:24.681290,79.08,68.27,98.59,115.13,86.67776110833164
2025-10-22 13:12:25.681289,146.77,77.06,275.86,129.84,147.24591078782726
2025-10-22 13:12:26.681289,108.75,97.41,119.47,102.34,104.89155976001008
2025-10-22 13:12:27.681288,90.89,95.07,104.57,70.8,92.98834765994522
2025-10-22 13:12:28.681288,90.35,63.21,166.35,29.89,87.60534263289352
2025-10-22 13:12:29.681287,77.97,73.71,101.74,71.4,81.64465349919747
2025-10-22 13:12:30.681287,79.05,62.35,114.63,92.93,84.14970941857983
2025-10-22 13:12:31.681286,133.25,71.25,261.65,83.31,130.8498208018396
2025-10-22 13:12:32.681286,119.44,82.38,216.37,36.22,113.42038858948965
2025-10-22 13:12:33.681285,107.22,92.85,206.9,13.24,111.21317461783006
2025-10-22 13:12:34.681285,99.6,59.31,197.28,75.37,103.99412940100345
2025-10-22 13:12:35.681284,134.09,92.66,271.24,54.77,138.70264287277485
2025-10-22 13:12:36.681284,130.16,86.2,272.43,17.63,128.4766359517087
2025-10-22 13:12:37.681283,114.36,94.6,179.57,68.81,114.90175903586278
2025-10-22 13:12:38.681282,55.69,29.55,124.04,33.46,58.874235933727064
2025-10-22 13:12:39.681282,142.98,74.64,268.92,114.78,140.96752692478034
2025-10-22 13:12:40.681281,103.73,23.03,220.91,123.48,102.62373371482401
2025-10-22 13:12:41.681281,82.79,39.44,89.3,138.85,74.27163247081617
2025-10-22 13:12:42.681280,146.57,63.61,280.9,144.39,144.96731435645071
2025-10-22 13:12:43.681280,96.95,68.92,216.0,17.58,102.92089899832786
2025-10-22 13:12:44.681279,116.5,98.17,170.04,72.68,114.57948295317738
2025-10-22 13:12:45.681279,116.7,79.71,171.94,128.76,117.11382441406022
2025-10-22 13:12:46.681278,84.48,34.23,213.88,44.82,90.45727697274143
2025-10-22 13:12:47.681278,120.31,71.75,198.47,119.32,119.25862876638045
2025-10-22 13:12:48.681277,114.6,75.67,154.24,125.33,109.10569189390363
2025-10-22 13:12:49.681277,85.99,95.83,59.05,86.1,82.72224702652501
2025-10-22 13:12:50.681276,141.74,85.08,258.35,96.59,139.36584872180566
2025-10-22 13:12:51.681276,108.36,68.35,258.28,15.6,114.95227422956037
2025-10-22 13:12:52.681275,93.81,43.05,176.32,76.37,89.81451491795058
2025-10-22 13:12:53.681275,91.2,44.6,125.11,87.86,77.47424140206346
2025-10-22 13:12:54.681274,58.63,45.4,95.82,67.57,65.03969644992799
2025-10-22 13:12:55.681273,134.11,90.08,289.81,57.86,143.61575686472557
2025-10-22 13:12:56.681273,46.52,88.82,56.29,14.94,64.28108136659215
2025-10-22 13:12:57.681272,71.21,42.15,89.93,86.69,65.45099188365344
2025-10-22 13:12:58.681272,81.74,43.28,163.82,75.39,85.97719974476327
2025-10-22 13:12:59.681271,100.39,42.87,215.69,26.36,91.62863910979286
2025-10-22 13:13:00.681271,54.5,24.73,53.07,121.23,52.575531100238294
2025-10-22 13:13:01.681270,101.94,63.05,176.41,96.97,103.86825939702933
2025-10-22 13:13:02.681270,137.6,83.75,292.44,29.72,135.674099559316
2025-10-22 13:13:03.681269,128.43,97.49,268.48,31.3,135.61279207504018
2025-10-22 13:13:04.681269,125.94,61.26,257.13,78.19,123.51140053219365
2025-10-22 13:13:05.681268,93.63,74.28,189.09,11.31,96.25090069697092
2025-10-22 13:13:06.681267,68.77,67.51,95.58,49.62,72.3884386581844
2025-10-22 13:13:07.681267,76.04,64.6,91.27,126.88,84.98726990969773
2025-10-22 13:13:08.681266,59.07,69.29,57.98,48.78,61.80493536624863
2025-10-22 13:13:09.681266,110.54,82.3,195.0,42.77,108.25817102315001
2025-10-22 13:13:10.681265,53.09,49.95,82.95,33.04,56.5760984054361
2025-10-22 13:13:11.681265,103.84,46.85,153.55,134.38,96.37661511582981
2025-10-22 13:13:12.681264,107.31,76.05,167.11,130.06,114.10184385841795
2025-10-22 13:13:13.681264,112.97,79.05,174.66,107.25,113.33262038888927
2025-10-22 13:13:14.681263,77.12,67.06,59.07,125.64,76.28521578074644
2025-10-22 13:13:15.681263,108.2,59.2,187.9,91.1,104.24342118482123
2025-10-22 13:13:16.681262,60.82,29.11,107.74,116.44,70.23222043605293
2025-10-22 13:13:17.681262,129.88,59.06,292.44,45.3,126.5008427328746
2025-10-22 13:13:18.681261,88.28,70.67,157.77,20.16,86.80097106128763
2025-10-22 13:13:19.681261,51.77,26.19,78.66,84.48,53.69550947807574
2025-10-22 13:13:20.681260,89.5,39.9,213.23,30.61,90.2575220768505
2025-10-22 13:13:21.681259,69.45,24.16,149.76,95.46,76.23688447829088
2025-10-22 13:13:22.681259,76.94,76.76,56.64,98.03,74.89210126596677
2025-10-22 13:13:23.681258,99.24,43.86,195.91,72.83,95.4020561557961
2025-10-22 13:13:24.681258,84.46,21.98,159.4,109.87,80.91231664792066
2025-10-22 13:13:25.681257,91.11,81.54,117.64,67.12,89.4639291763286
2025-10-22 13:13:26.681257,81.53,82.59,90.84,62.65,81.04305639741264
2025-10-22 13:13:27.681256,85.85,88.28,64.78,92.53,81.97008993587764
2025-10-22 13:13:28.681256,116.28,87.93,171.42,82.97,111.94982654820056
2025-10-22 13:13:29.681255,78.48,33.92,137.13,92.95,76.79148148778006
2025-10-22 13:13:30.681255,127.64,50.19,235.74,137.96,123.44989618950689
2025-10-22 13:13:31.681254,120.99,91.63,191.2,66.68,116.49878666130826
2025-10-22 13:13:32.681254,113.01,91.35,160.04,139.84,121.52016847965538
2025-10-22 13:13:33.681253,69.91,46.09,84.64,108.06,70.06155305036322
2025-10-22 13:13:34.681253,106.84,79.58,216.19,37.6,112.24917007505006
2025-10-22 13:13:35.681252,57.45,34.61,75.97,68.83,53.962974417576476
2025-10-22 13:13:36.681251,83.41,74.08,147.65,28.88,87.18484203182172
2025-10-22 13:13:37.681251,125.75,69.29,234.39,70.95,119.22867518999011
2025-10-22 13:13:38.681250,113.93,87.5,140.91,125.97,111.10376400338185
2025-10-22 13:13:39.681250,88.89,71.99,121.2,88.49,90.03224575860986
2025-10-22 13:13:40.681249,121.85,87.0,173.42,114.98,118.44450084741737
2025-10-22 13:13:41.681249,73.07,78.57,68.5,82.01,76.17522679558044
2025-10-22 13:13:42.681248,99.99,78.47,121.6,143.01,104.19688891980061
2025-10-22 13:13:43.681247,75.1,31.66,125.32,103.66,74.2455081352041
2025-10-22 13:13:44.681246,74.52,84.07,73.94,18.74,67.98053463364536
2025-10-22 13:13:45.681246,132.69,98.07,191.25,126.36,131.56288137715003
2025-10-22 13:13:46.681245,83.19,45.2,166.83,65.49,85.87014542573044
2025-10-22 13:13:47.681245,123.03,49.21,259.61,104.25,123.44424477379965
2025-10-22 13:13:48.681244,105.98,41.65,196.94,103.67,100.73694327301209
2025-10-22 13:13:49.681244,107.51,61.45,262.49,24.68,114.5923621267842
2025-10-22 13:13:50.681243,75.48,68.71,62.5,137.12,80.41526411830522
2025-10-22 13:13:51.681243,94.13,32.7,181.97,118.84,94.80295735621961
2025-10-22 13:13:52.681242,50.4,29.05,56.94,99.41,51.552622590277274
2025-10-22 13:13:53.681241,123.78,93.14,229.61,47.5,124.98532489634123
2025-10-22 13:13:54.681241,65.89,41.27,85.35,57.86,57.91300426682484
2025-10-22 13:13:55.681240,153.56,94.68,252.72,132.77,149.62679736928217
2025-10-22 13:13:56.681240,77.15,57.24,111.96,46.44,71.57780873306842
2025-10-22 13:13:57.681239,55.85,28.99,119.42,60.5,62.576229861215516
2025-10-22 13:13:58.681239,108.72,42.06,268.28,45.98,110.92824608871432
2025-10-22 13:13:59.681238,114.68,67.47,243.6,39.41,114.830326620002
2025-10-22 13:14:00.681238,81.81,49.76,188.43,38.84,89.33641370165597
2025-10-22 13:14:01.681237,92.18,35.37,165.12,142.76,95.81437217905061
2025-10-22 13:14:02.681237,64.7,53.0,87.46,61.21,65.04011939994457
2025-10-22 13:14:03.681236,69.5,35.72,180.06,23.69,76.83722165823774
2025-10-22 13:14:04.681236,67.75,47.42,160.4,18.7,75.75031875465221
2025-10-22 13:14:05.681235,112.46,37.21,257.26,51.24,106.25083144738288
2025-10-22 13:14:06.681234,106.25,61.77,241.39,11.21,105.73504497284652
2025-10-22 13:14:07.681234,108.87,66.99,175.42,124.14,110.92282380391075
2025-10-22 13:14:08.681233,130.3,72.02,274.25,54.53,129.30515535030403
2025-10-22 13:14:09.681233,127.74,72.83,236.46,88.97,125.18748609429926
2025-10-22 13:14:10.681232,88.86,61.93,147.9,94.54,94.26035534338517
2025-10-22 13:14:11.681232,96.9,44.18,190.01,53.34,89.91798398969412
2025-10-22 13:14:12.681231,129.51,76.85,229.95,101.95,127.80527058896814
2025-10-22 13:14:13.681231,83.28,83.81,79.46,91.43,83.94309263207064
2025-10-22 13:14:14.681230,59.16,44.46,92.5,28.92,55.900838997071624
2025-10-22 13:14:15.681230,133.1,84.46,179.9,141.18,124.33221491417828
2025-10-22 13:14:16.681229,67.43,58.9,127.6,17.83,71.42277732932222
2025-10-22 13:14:17.681229,51.43,39.16,65.13,94.93,58.14763387456979
2025-10-22 13:14:18.681228,104.92,57.22,179.35,141.42,110.6809739418435
2025-10-22 13:14:19.681228,102.81,64.16,220.72,57.56,109.9126958186321
2025-10-22 13:14:20.681227,144.39,85.36,226.72,149.06,140.41617975256344
2025-10-22 13:14:21.681226,86.88,52.89,142.04,68.76,82.8891159640499
2025-10-22 13:14:22.681226,95.55,47.95,134.63,94.3,83.27861528050147
2025-10-22 13:14:23.681225,80.11,26.89,150.38,121.09,82.8684219718931
2025-10-22 13:14:24.681225,91.69,30.18,205.65,95.71,96.0757496863434
2025-10-22 13:14:25.681224,70.04,20.21,109.47,112.4,65.52827987930272
2025-10-22 13:14:26.681224,127.0,51.27,266.46,56.5,117.04576032124612
2025-10-22 13:14:27.681223,124.53,75.19,222.24,109.04,126.07093880043257
2025-10-22 13:14:28.681223,154.66,88.47,293.26,111.28,154.45936829947715
2025-10-22 13:14:29.681222,89.79,31.73,180.82,70.46,84.36951448204613
2025-10-22 13:14:30.681222,48.0,35.91,71.5,74.88,54.46657581879397
2025-10-22 13:14:31.681221,103.69,27.16,241.25,52.08,96.61252287740687
2025-10-22 13:14:32.681221,113.03,92.67,106.54,142.09,106.542734045347
2025-10-22 13:14:33.681220,49.37,34.24,66.66,76.84,52.57132001830759
2025-10-22 13:14:34.681220,124.41,36.37,284.71,113.73,126.49130513961578
2025-10-22 13:14:35.681219,101.42,85.39,145.65,91.45,104.62614944240435
2025-10-22 13:14:36.681218,126.74,79.6,173.27,128.1,117.32787544986462
2025-10-22 13:14:37.681218,107.54,49.15,196.81,100.42,103.7787884093133
2025-10-22 13:14:38.681217,111.49,86.04,176.21,73.08,110.48684208987349
2025-10-22 13:14:39.681217,54.51,22.46,138.7,48.02,62.64884059305632
2025-10-22 13:14:40.681216,118.88,34.8,273.81,102.9,120.28487408804932
2025-10-22 13:14:41.681216,73.32,27.81,142.6,38.26,64.54120097338543
2025-10-22 13:14:42.681215,76.97,88.57,59.06,34.97,68.96639446268584
2025-10-22 13:14:43.681215,115.03,21.74,284.9,86.06,113.7859296323872
2025-10-22 13:14:44.681214,49.86,42.87,56.15,68.4,52.02428526406358
2025-10-22 13:14:45.681214,99.31,52.98,206.42,55.27,99.60546722290317
2025-10-22 13:14:46.681213,115.34,97.78,178.58,81.89,118.78115721636723
2025-10-22 13:14:47.681213,87.93,60.21,161.66,28.76,84.48086895322895
2025-10-22 13:14:48.681212,79.07,98.43,102.81,29.21,85.87098478411963
2025-10-22 13:14:49.681212,97.43,79.93,93.07,117.35,91.25245972961257
2025-10-22 13:14:50.681211,99.32,28.8,179.97,135.27,95.5263941163637
2025-10-22 13:14:51.681211,52.17,29.86,58.99,108.63,54.401838012315025
2025-10-22 13:14:52.681210,144.89,84.63,283.11,95.96,146.45906691004427
2025-10-22 13:14:53.681209,90.13,95.58,110.07,41.11,88.99984662014344
2025-10-22 13:14:54.681209,93.41,37.92,130.77,138.71,85.95290046669545
2025-10-22 13:14:55.681208,102.67,65.72,177.99,75.27,101.36112785342233
2025-10-22 13:14:56.681208,76.45,27.65,177.56,31.71,73.66879682201184
2025-10-22 13:14:57.681207,114.29,65.77,261.96,29.26,117.48872197592155
2025-10-22 13:14:58.681207,93.78,39.08,157.58,144.91,95.81826037697624
2025-10-22 13:14:59.681206,115.32,63.65,189.13,136.21,115.7806087830457
2025-10-22 13:15:00.681206,111.87,26.28,232.54,111.53,105.36126286245532
2025-10-22 13:15:01.681205,111.7,66.65,223.57,88.3,118.10983784891069
2025-10-22 13:15:02.681205,130.64,67.17,290.49,40.83,129.05650098677683
2025-10-22 13:15:03.681204,144.87,87.65,251.78,147.62,148.8000478669216
2025-10-22 13:15:04.681204,43.43,31.45,54.92,99.68,52.191485399366016
2025-10-22 13:15:05.681203,122.84,78.09,233.22,35.97,116.30380446656908
2025-10-22 13:15:06.681203,128.59,72.28,292.5,57.87,135.582718115801
2025-10-22 13:15:07.681202,131.38,72.84,283.19,86.77,138.80083436799123
2025-10-22 13:15:08.681201,119.94,62.46,268.76,71.85,126.3443015979104
2025-10-22 13:15:09.681201,123.84,57.67,249.48,125.35,128.79214549278953
2025-10-22 13:15:10.681200,103.05,21.06,245.45,72.55,98.90855802197058
2025-10-22 13:15:11.681200,101.47,36.89,238.44,72.4,104.6366279776076
2025-10-22 13:15:12.681199,104.91,74.97,140.17,107.93,101.07424706636048
2025-10-22 13:15:13.681199,65.87,30.16,149.42,21.64,64.45865828206584
2025-10-22 13:15:14.681198,107.59,86.22,165.97,52.63,103.4381730477628
2025-10-22 13:15:15.681198,96.19,38.83,188.65,109.82,98.06532883197536
2025-10-22 13:15:16.681197,88.71,67.25,117.4,147.47,98.24566426000146
2025-10-22 13:15:17.681197,119.89,50.18,294.51,23.64,118.41056863522952
2025-10-22 13:15:18.681196,115.17,41.4,216.06,127.28,111.04723116954831
2025-10-22 13:15:19.681196,82.82,48.59,139.93,61.43,78.66319899486734
2025-10-22 13:15:20.681195,108.4,23.72,201.71,143.57,101.18466409013584
2025-10-22 13:15:21.681195,105.6,94.14,133.8,115.05,110.09754252174527
2025-10-22 13:15:22.681194,128.86,87.64,249.88,14.97,121.88628448082292
2025-10-22 13:15:23.681194,100.34,91.75,208.28,16.74,111.7763645965614
2025-10-22 13:15:24.681193,87.11,74.81,104.37,100.01,88.66216914080434
2025-10-22 13:15:25.681192,117.48,71.14,201.84,123.05,120.70904626747716
2025-10-22 13:15:26.681192,135.23,92.78,223.3,77.58,128.8823308071527
2025-10-22 13:15:27.681191,118.87,73.7,186.58,102.87,113.38762204346631
2025-10-22 13:15:28.681191,88.02,20.89,212.98,63.11,87.19058138345484
2025-10-22 13:15:29.681190,90.77,55.55,117.25,121.39,87.20949853847532
2025-10-22 13:15:30.681190,114.97,98.04,201.66,62.43,121.98347460189409
2025-10-22 13:15:31.681189,49.54,31.74,61.8,57.42,46.01267535195977
2025-10-22 13:15:32.681189,156.99,94.56,291.69,147.86,164.27614770565498
2025-10-22 13:15:33.681188,72.57,90.56,94.84,15.46,76.83541422190918
2025-10-22 13:15:34.681188,132.96,86.04,279.56,19.59,130.92929882214173
2025-10-22 13:15:35.681187,113.67,71.82,214.12,16.32,103.54647175467053
2025-10-22 13:15:36.681187,83.85,23.14,194.26,74.33,84.90968854187746
2025-10-22 13:15:37.681186,82.59,33.91,200.64,58.9,89.11446309790347
2025-10-22 13:15:38.681186,111.69,31.19,255.63,105.62,113.56719429232281
2025-10-22 13:15:39.681185,105.92,90.8,193.52,32.64,110.02505937896267
2025-10-22 13:15:40.681184,98.53,34.79,224.69,63.47,97.68752695323387
2025-10-22 13:15:41.681184,85.1,72.49,135.73,13.49,79.75651223939838
2025-10-22 13:15:42.681183,101.36,32.86,245.72,62.95,102.94619021033132
2025-10-22 13:15:43.681183,126.31,55.86,248.32,137.86,130.02810466925294
2025-10-22 13:15:44.681182,100.12,75.81,148.01,50.84,92.51272565212754
2025-10-22 13:15:45.681182,147.36,72.63,282.33,102.7,141.6009287822981
2025-10-22 13:15:46.681181,81.86,21.01,124.04,145.88,76.95238052292821
2025-10-22 13:15:47.681181,98.52,49.42,170.81,71.34,90.32450946931924
2025-10-22 13:15:48.681180,129.13,67.09,276.35,98.19,136.1556890330252
2025-10-22 13:15:49.681180,152.14,91.16,262.59,107.79,145.88470332749722
2025-10-22 13:15:50.681179,83.56,77.41,52.79,97.04,73.86131634190055
2025-10-22 13:15:51.681179,89.15,24.05,209.86,69.26,89.04389389207398
2025-10-22 13:15:52.681178,74.93,83.01,114.05,47.57,85.23359046769136
2025-10-22 13:15:53.681178,94.65,25.62,182.22,137.89,95.14294574430694
2025-10-22 13:15:54.681177,105.41,31.54,202.65,129.66,102.59054494113444
2025-10-22 13:15:55.681177,102.67,45.7,232.09,62.32,105.1037308936398
2025-10-22 13:15:56.681176,108.54,72.76,173.62,73.48,103.18993964399978
2025-10-22 13:15:57.681175,56.14,28.38,76.95,92.23,55.80837033136319
2025-10-22 13:15:58.681175,116.35,88.21,210.46,59.02,119.06753377718063
2025-10-22 13:15:59.681174,68.96,69.54,102.41,30.83,71.71906203845275
2025-10-22 13:16:00.681174,123.2,80.24,182.93,130.03,120.93246192661832
2025-10-22 13:16:01.681173,127.09,76.58,259.39,83.32,132.82063093067967
2025-10-22 13:16:02.681173,102.4,74.5,181.78,33.3,98.52923222428018
2025-10-22 13:16:03.681172,78.93,50.75,172.2,47.0,86.57034895378266
2025-10-22 13:16:04.681172,135.05,85.61,277.61,43.88,134.95236281537834
2025-10-22 13:16:05.681171,48.35,30.47,64.72,27.83,40.384230135671224
2025-10-22 13:16:06.681171,105.38,28.97,253.93,97.93,110.42643040799653
2025-10-22 13:16:07.681170,76.37,68.88,94.56,49.1,72.6592745473037
2025-10-22 13:16:08.681170,93.9,39.38,197.12,102.58,99.4468253252497
2025-10-22 13:16:09.681169,124.29,67.69,235.51,104.82,125.49528576970108
2025-10-22 13:16:10.681169,118.26,61.05,200.48,142.08,119.06571008445839
2025-10-22 13:16:11.681168,105.42,59.16,158.8,139.28,105.04340353342484
2025-10-22 13:16:12.681167,63.54,41.33,124.12,25.65,63.20023055926257
2025-10-22 13:16:13.681167,118.17,57.63,231.86,115.38,121.4968477759589
2025-10-22 13:16:14.681166,94.51,63.43,181.26,27.32,91.68572655267883
2025-10-22 13:16:15.681166,132.25,31.14,265.09,138.87,122.98746076838057
2025-10-22 13:16:16.681165,106.72,22.53,227.63,137.84,107.24627218783407
2025-10-22 13:16:17.681165,122.86,77.33,179.22,143.02,120.95078574260381
2025-10-22 13:16:18.681164,117.61,47.04,296.09,32.5,119.08457326728968
2025-10-22 13:16:19.681164,89.75,54.72,188.62,37.74,91.63937967092257
2025-10-22 13:16:20.681163,92.81,60.1,116.93,142.55,93.57521453153959
2025-10-22 13:16:21.681163,105.81,98.87,138.27,63.08,103.472370607019
2025-10-22 13:16:22.681162,138.64,75.67,244.92,129.14,137.1169937552606
2025-10-22 13:16:23.681162,74.08,51.1,60.75,129.14,69.55571521294934
2025-10-22 13:16:24.681161,89.7,62.73,194.53,16.78,93.23366199194524
2025-10-22 13:16:25.681161,80.74,21.88,111.0,146.32,73.55267415696346
2025-10-22 13:16:26.681160,113.43,90.64,145.79,116.12,112.17481502576835
2025-10-22 13:16:27.681160,94.27,39.68,166.77,147.34,99.36098559693804
2025-10-22 13:16:28.681159,90.36,51.23,183.0,48.44,90.34079218655529
2025-10-22 13:16:29.681158,104.46,46.94,249.8,47.34,108.06843604453515
2025-10-22 13:16:30.681158,103.98,36.36,254.75,61.87,107.18471347811575
2025-10-22 13:16:31.681157,123.1,94.84,244.17,29.02,126.53687833206675
2025-10-22 13:16:32.681157,81.4,74.08,89.4,91.33,82.0766758316656
2025-10-22 13:16:33.681156,107.49,77.64,217.11,15.99,107.27116275637796
2025-10-22 13:16:34.681156,101.36,63.58,209.04,62.66,107.1265971844917
2025-10-22 13:16:35.681155,58.73,67.71,85.12,14.38,62.34702025768851
2025-10-22 13:16:36.681155,91.94,58.46,209.31,54.48,103.03984752788244
2025-10-22 13:16:37.681154,92.85,69.2,156.03,78.63,97.15690974475454
2025-10-22 13:16:38.681154,85.88,77.06,93.5,105.69,87.64070602643176
2025-10-22 13:16:39.681153,88.69,92.11,93.94,116.2,97.33697483882067
2025-10-22 13:16:40.681153,100.24,88.05,117.45,95.97,98.36935391533942
2025-10-22 13:16:41.681152,93.78,65.28,169.95,94.73,102.58981110357124
2025-10-22 13:16:42.681152,62.85,48.3,133.27,20.16,68.32320506912447
2025-10-22 13:16:43.681151,108.21,51.9,175.88,125.65,103.86376390506402
2025-10-22 13:16:44.681150,98.32,20.23,222.04,97.44,96.40199340088489
2025-10-22 13:16:45.681150,122.82,52.21,248.57,111.32,123.02029236769496
2025-10-22 13:16:46.681149,111.9,32.86,258.5,82.43,110.65511781326062
2025-10-22 13:16:47.681149,86.84,48.2,183.51,45.63,88.4307632500017
2025-10-22 13:16:48.681148,84.7,66.87,144.07,47.94,86.31108169638323
2025-10-22 13:16:49.681148,107.41,58.91,207.35,75.23,106.79424529705616
2025-10-22 13:16:50.681147,68.81,71.03,79.64,27.78,65.00999393022158
2025-10-22 13:16:51.681147,71.78,71.79,71.01,40.44,65.3073959355418
2025-10-22 13:16:52.681146,131.81,50.62,281.44,97.5,129.3657908086755
2025-10-22 13:16:53.681146,138.12,59.4,242.56,147.82,132.03320960246498
2025-10-22 13:16:54.681145,106.29,30.3,286.07,41.76,109.59464069001594
2025-10-22 13:16:55.681145,107.2,83.66,140.49,89.74,101.87622411892342
2025-10-22 13:16:56.681144,129.26,51.93,250.59,99.63,121.16725689096137
2025-10-22 13:16:57.681144,104.68,71.4,134.26,130.09,101.92414011263219
2025-10-22 13:16:58.681143,75.85,84.57,117.6,21.1,81.81999827692317
2025-10-22 13:16:59.681142,119.68,76.23,263.07,50.71,127.27807044995545
2025-10-22 13:17:00.681142,118.48,57.19,273.95,43.82,119.72055697563022
2025-10-22 13:17:01.681141,109.1,95.87,190.38,40.21,113.10324324347717
2025-10-22 13:17:02.681141,108.61,31.19,274.14,77.69,113.58505195924324
2025-10-22 13:17:03.681140,25.62,23.65,52.53,21.38,32.05138237026816
2025-10-22 13:17:04.681140,113.82,29.7,294.48,27.46,108.98498490239132
2025-10-22 13:17:05.681139,84.44,60.0,195.14,10.37,90.78795542154444
2025-10-22 13:17:06.681139,125.19,44.11,288.3,62.98,121.33932285991415
2025-10-22 13:17:07.681138,99.61,28.78,248.34,53.06,99.74293698597727
2025-10-22 13:17:08.681138,71.53,68.29,98.97,41.69,72.22035839445985
2025-10-22 13:17:09.681137,74.63,30.78,161.96,42.72,72.72116538194491
2025-10-22 13:17:10.681137,57.35,55.56,57.02,106.27,66.10962485321
2025-10-22 13:17:11.681136,92.29,82.65,130.53,55.58,91.59835910888964
2025-10-22 13:17:12.681136,77.86,46.27,116.44,135.06,85.06967006780323
2025-10-22 13:17:13.681135,57.66,49.33,66.06,68.93,58.317577942516024
2025-10-22 13:17:14.681134,133.4,53.52,284.03,116.12,135.2820538032349
2025-10-22 13:17:15.681134,117.49,96.29,174.19,72.87,114.93049758874267
2025-10-22 13:17:16.681133,72.2,98.25,78.5,23.72,77.38488804604897
2025-10-22 13:17:17.681133,88.68,78.66,136.31,92.63,98.70955421231125
2025-10-22 13:17:18.681132,121.71,31.1,286.58,74.69,116.68365819164922
2025-10-22 13:17:19.681132,75.52,40.96,152.4,58.31,78.00091559060984
2025-10-22 13:17:20.681131,95.17,71.69,191.35,44.71,102.27497210469866
2025-10-22 13:17:21.681131,81.06,90.51,89.2,59.22,83.80398371881739
2025-10-22 13:17:22.681130,52.87,22.43,124.37,16.06,51.981228578251184
2025-10-22 13:17:23.681130,96.96,63.65,95.46,142.67,88.90974521671399
2025-10-22 13:17:24.681129,120.2,51.87,232.97,103.54,116.61790422831925
2025-10-22 13:17:25.681129,111.5,47.5,287.06,18.3,113.77963506902847
2025-10-22 13:17:26.681128,95.71,38.94,230.52,39.99,96.83966237481991
2025-10-22 13:17:27.681127,141.24,81.12,287.01,67.65,140.2664217575225
2025-10-22 13:17:28.681127,114.68,94.88,193.2,41.23,113.66148599350448
2025-10-22 13:17:29.681126,123.86,85.67,170.38,143.93,122.61805459843112
2025-10-22 13:17:30.681126,148.7,76.75,259.59,110.14,138.29032942360658
2025-10-22 13:17:31.681125,102.9,80.49,108.96,144.27,101.6515699779034
2025-10-22 13:17:32.681125,120.19,53.62,249.24,49.18,111.58426380167282
2025-10-22 13:17:33.681124,73.63,79.98,102.48,55.33,81.79147023270234
2025-10-22 13:17:34.681124,112.04,40.67,236.81,119.77,115.43006232630597
2025-10-22 13:17:35.681123,85.06,89.66,99.6,62.25,87.1091173736082
2025-10-22 13:17:36.681123,130.4,23.27,297.36,131.72,127.35687751493082
2025-10-22 13:17:37.681122,151.7,82.05,298.26,100.48,150.62819134610973
2025-10-22 13:17:38.681121,87.47,70.76,59.29,144.12,81.85881547221102
2025-10-22 13:17:39.681121,97.98,98.98,96.53,67.85,91.9287133505695
2025-10-22 13:17:40.681120,75.03,76.94,75.29,74.13,75.8416250833618
2025-10-22 13:17:41.681120,96.89,77.77,105.46,129.71,96.35734114687511
2025-10-22 13:17:42.681119,119.38,68.84,197.92,118.56,117.49665366162695
2025-10-22 13:17:43.681119,95.56,34.15,225.17,12.32,87.3579657627177
2025-10-22 13:17:44.681118,95.46,49.31,156.86,122.23,96.18127713165336
2025-10-22 13:17:45.681118,66.78,62.82,103.79,24.36,67.51053173147086
2025-10-22 13:17:46.681117,74.99,73.88,71.75,70.39,72.51476936637472
2025-10-22 13:17:47.681117,80.12,32.6,208.16,14.75,81.95782700181974
2025-10-22 13:17:48.681116,65.2,54.46,61.94,106.26,67.0398865054122
2025-10-22 13:17:49.681116,83.53,38.52,145.09,76.73,78.24886014614907
2025-10-22 13:17:50.681115,140.5,75.12,258.42,121.92,139.46777006991422
2025-10-22 13:17:51.681115,111.47,71.19,210.01,61.01,110.87139076513222
2025-10-22 13:17:52.681114,100.63,69.96,175.62,84.78,104.64356441133975
2025-10-22 13:17:53.681113,125.21,77.71,264.42,61.14,130.49001421653813
2025-10-22 13:17:54.681113,139.16,95.01,220.47,121.45,137.850082824556
2025-10-22 13:17:55.681112,113.15,90.05,155.17,111.38,113.75981441890706
2025-10-22 13:17:56.681112,149.66,66.41,276.67,130.78,142.3847879540213
2025-10-22 13:17:57.681111,93.92,88.48,84.37,87.93,87.04410273403406
2025-10-22 13:17:58.681111,92.3,61.53,181.51,34.9,92.3219073158722
2025-10-22 13:17:59.681110,122.05,58.82,237.81,104.26,121.66852542255029
2025-10-22 13:18:00.681110,111.35,63.52,187.32,94.62,106.91428942905482
2025-10-22 13:18:01.681109,106.29,81.66,163.04,98.58,109.41539449986763
2025-10-22 13:18:02.681109,46.65,45.34,50.18,61.69,50.12482928868798
2025-10-22 13:18:03.681108,68.32,61.83,148.18,23.34,80.15803049272745
2025-10-22 13:18:04.681108,103.04,65.25,254.57,10.06,111.19705913909058
2025-10-22 13:18:05.681107,94.96,43.8,190.69,57.72,90.80322201397912
2025-10-22 13:18:06.681106,94.63,70.2,74.77,130.07,83.44363301655002
2025-10-22 13:18:07.681106,115.37,88.12,230.32,13.31,115.91620485962308
2025-10-22 13:18:08.681105,60.18,60.42,50.37,94.11,64.11110531811897
2025-10-22 13:18:09.681105,108.39,40.02,254.75,55.82,107.8018718149494
2025-10-22 13:18:10.681104,105.07,34.76,283.88,18.15,106.46448606301753
2025-10-22 13:18:11.681104,94.26,56.25,156.77,107.87,96.75102462140433
2025-10-22 13:18:12.681103,83.72,30.67,196.75,25.12,79.62852377498314
2025-10-22 13:18:13.681103,118.49,38.41,267.83,93.68,118.4504341388017
2025-10-22 13:18:14.681102,84.06,29.07,164.93,95.58,83.2596367159391
2025-10-22 13:18:15.681102,73.75,36.31,122.11,72.71,69.44581804760377
2025-10-22 13:18:16.681101,125.43,24.25,289.15,105.97,120.26349045120988
2025-10-22 13:18:17.681101,77.44,80.92,137.58,14.42,84.68545811848271
2025-10-22 13:18:18.681100,77.95,28.9,197.03,47.99,83.37414682509376
2025-10-22 13:18:19.681100,111.74,75.01,164.68,103.99,107.67856836297936
2025-10-22 13:18:20.681099,123.36,64.93,222.07,131.01,125.28454750084205
2025-10-22 13:18:21.681099,89.89,28.56,216.44,34.39,86.3388168803605
2025-10-22 13:18:22.681098,49.32,28.33,98.95,29.04,49.8494503653296
2025-10-22 13:18:23.681097,93.06,42.81,139.33,143.98,92.00154670512696
2025-10-22 13:18:24.681097,35.66,28.2,68.36,13.63,37.53105376174613
2025-10-22 13:18:25.681096,150.53,89.46,292.7,111.69,154.86431951663764
2025-10-22 13:18:26.681096,56.44,47.54,87.23,41.61,58.36672084821296
2025-10-22 13:18:27.681095,119.31,84.02,203.1,65.52,116.06427941070879
2025-10-22 13:18:28.681095,109.61,88.23,150.21,98.56,108.81939011511554
2025-10-22 13:18:29.681094,73.24,42.24,93.48,102.81,69.76333090749829
2025-10-22 13:18:30.681094,110.31,41.42,253.27,40.58,105.02669064536062
2025-10-22 13:18:31.681093,109.24,73.98,189.75,90.82,112.08697639765192
2025-10-22 13:18:32.681093,139.19,66.08,248.9,136.0,134.9107041811975
2025-10-22 13:18:33.681092,116.82,80.23,156.87,124.74,112.04455515752457
2025-10-22 13:18:34.681092,71.14,65.71,115.72,20.0,71.66636973319648
2025-10-22 13:18:35.681091,89.58,45.32,181.24,88.05,94.74014161457575
2025-10-22 13:18:36.681090,104.85,86.29,178.21,48.88,106.4072466952172
2025-10-22 13:18:37.681090,111.11,62.33,210.86,74.17,109.33789951845041
2025-10-22 13:18:38.681089,78.0,66.61,136.81,26.77,79.79652232791683
2025-10-22 13:18:39.681089,68.19,26.04,138.42,80.69,70.82997300516729
2025-10-22 13:18:40.681088,97.55,88.26,80.86,148.37,97.88022849522757
2025-10-22 13:18:41.681088,67.62,76.35,53.61,60.17,66.26057993287176
2025-10-22 13:18:42.681087,116.04,86.23,230.97,14.38,115.38501402314941
2025-10-22 13:18:43.681087,130.06,89.58,210.0,111.24,129.9782394389313
2025-10-22 13:18:44.681086,90.32,25.69,217.45,62.42,90.78185950734624
2025-10-22 13:18:45.681086,132.87,69.44,292.01,102.63,142.91157552166175
2025-10-22 13:18:46.681085,72.52,40.49,100.88,132.41,76.99512631216145
2025-10-22 13:18:47.681085,53.77,65.26,61.33,33.56,57.7876582526255
2025-10-22 13:18:48.681084,90.4,83.42,85.64,145.43,96.32852321100434
2025-10-22 13:18:49.681084,90.07,81.18,116.76,78.88,91.35553245008276
2025-10-22 13:18:50.681083,59.76,62.85,73.63,62.0,65.93397513005922
2025-10-22 13:18:51.681083,148.35,61.13,285.83,142.4,144.82182938882704
2025-10-22 13:18:52.681082,121.31,98.71,197.02,46.26,117.711186132437
2025-10-22 13:18:53.681081,116.17,92.77,121.72,128.45,108.44669541118355
2025-10-22 13:18:54.681081,124.22,98.15,257.26,38.35,133.96819110038615
2025-10-22 13:18:55.681080,132.44,92.49,202.56,140.98,135.09273119565506
2025-10-22 13:18:56.681080,107.27,71.38,204.55,65.87,110.28968346214147
2025-10-22 13:18:57.681079,130.14,71.55,195.41,146.62,123.65997813367801
2025-10-22 13:18:58.681079,48.27,40.72,54.52,66.28,50.04526510054641
2025-10-22 13:18:59.681078,111.11,40.47,284.16,28.0,111.34125170455819
2025-10-22 13:19:00.681078,92.28,96.93,119.16,64.06,96.95939376612952
2025-10-22 13:19:01.681077,90.54,31.86,161.25,128.09,89.99460157688256
2025-10-22 13:19:02.681077,143.84,73.79,234.46,131.53,133.51363099229349
2025-10-22 13:19:03.681076,91.79,31.79,186.56,108.71,93.7190997550366
2025-10-22 13:19:04.681076,101.89,94.83,167.65,18.8,101.50383556984204
2025-10-22 13:19:05.681075,64.26,36.25,65.09,149.42,67.50886239408256
2025-10-22 13:19:06.681075,97.38,84.98,129.46,62.26,93.76068545181138
2025-10-22 13:19:07.681074,81.53,97.5,76.09,55.96,82.68918623181527
2025-10-22 13:19:08.681073,116.75,44.35,207.24,123.63,109.13721977078158
2025-10-22 13:19:09.681073,72.27,51.11,100.78,80.27,71.88895419707006
2025-10-22 13:19:10.681072,63.88,43.66,101.61,76.87,67.7619816336913
2025-10-22 13:19:11.681072,118.32,79.61,199.69,116.14,122.89898703768424
2025-10-22 13:19:12.681071,104.66,69.3,141.43,140.65,105.13251449910045
2025-10-22 13:19:13.681071,118.47,39.37,242.51,78.16,108.23569282610842
2025-10-22 13:19:14.681070,68.44,25.83,138.58,49.88,64.65638649261763
2025-10-22 13:19:15.681070,111.56,28.5,282.68,12.6,101.89171693651318
2025-10-22 13:19:16.681069,73.18,60.08,150.04,20.01,79.18645129414753
2025-10-22 13:19:17.681069,57.38,51.25,94.69,19.53,58.0681364581001
2025-10-22 13:19:18.681068,117.57,95.25,229.75,13.27,119.27932441841978
2025-10-22 13:19:19.681068,117.04,60.02,252.96,42.15,114.48623531105427
2025-10-22 13:19:20.681067,127.45,83.95,230.29,68.25,124.74378390754816
2025-10-22 13:19:21.681066,110.69,23.62,267.86,71.42,106.69163499784878
2025-10-22 13:19:22.681066,102.32,67.72,160.66,104.1,102.87028232006583
2025-10-22 13:19:23.681064,84.95,98.51,87.17,69.13,89.13610297522258
2025-10-22 13:19:24.681064,74.89,74.2,91.18,69.65,78.36671691977463
2025-10-22 13:19:25.681063,106.72,54.28,230.52,40.95,104.65160685720707
2025-10-22 13:19:26.681063,110.68,71.86,229.05,47.39,114.22267834573275
2025-10-22 13:19:27.681062,53.98,26.37,74.02,117.88,59.02192613317992
2025-10-22 13:19:28.681062,112.88,62.65,229.13,40.23,108.24931872046827
2025-10-22 13:19:29.681061,96.41,56.29,120.8,129.9,90.3338058559076
2025-10-22 13:19:30.681061,72.98,41.74,135.62,69.2,75.50725177140124
2025-10-22 13:19:31.681060,114.35,53.23,234.44,78.5,112.76370799661993
2025-10-22 13:19:32.681060,92.08,30.11,236.69,39.99,94.30713249540257
2025-10-22 13:19:33.681059,86.49,60.76,163.89,59.54,91.53575989182093
2025-10-22 13:19:34.681058,99.74,31.57,212.2,96.99,98.98915594386493
2025-10-22 13:19:35.681058,70.99,45.86,167.36,40.84,81.46307771100771
2025-10-22 13:19:36.681057,71.63,52.59,64.32,119.28,69.41128090026935
2025-10-22 13:19:37.681057,74.01,79.46,70.41,35.54,67.96482994057757
2025-10-22 13:19:38.681056,58.96,25.18,125.41,58.3,62.04686262906477
2025-10-22 13:19:39.681056,118.79,68.06,256.42,64.11,123.88083880893907
2025-10-22 13:19:40.681055,92.99,62.37,96.3,125.92,85.20055496383328
2025-10-22 13:19:41.681055,91.71,53.35,176.89,80.18,95.85963664352917
2025-10-22 13:19:42.681054,87.46,59.59,169.02,28.56,86.34525083697888
2025-10-22 13:19:43.681054,71.11,27.32,122.14,111.81,72.75168083137078
2025-10-22 13:19:44.681053,117.46,89.31,244.2,22.59,122.5217582881906
2025-10-22 13:19:45.681053,99.8,76.98,124.82,110.87,98.04300586960163
2025-10-22 13:19:46.681052,101.77,73.14,124.4,110.28,95.89180751764681
2025-10-22 13:19:47.681052,58.59,36.78,111.2,10.01,53.95109284398958
2025-10-22 13:19:48.681051,88.76,43.16,192.52,33.67,86.26013732282844
2025-10-22 13:19:49.681050,98.36,90.47,59.23,130.92,89.01238734046765
2025-10-22 13:19:50.681050,74.53,47.41,78.22,127.15,72.57809721604156
2025-10-22 13:19:51.681049,104.11,71.91,193.79,26.78,99.55763042813928
2025-10-22 13:19:52.681049,89.59,32.09,201.96,10.04,78.90579685310996
2025-10-22 13:19:53.681048,157.84,85.13,297.6,137.25,159.26075420439597
2025-10-22 13:19:54.681048,96.48,38.0,194.22,106.73,98.71356256987507
2025-10-22 13:19:55.681047,85.64,89.59,100.55,56.06,86.13084400201063
2025-10-22 13:19:56.681047,95.98,85.34,133.01,65.59,95.66770642816851
2025-10-22 13:19:57.681046,83.41,82.93,60.91,100.2,79.67177572450635
2025-10-22 13:19:58.681046,141.31,97.65,280.73,12.16,135.57389288015597
2025-10-22 13:19:59.681045,102.72,77.27,183.9,29.47,99.78218439694169
2025-10-22 13:20:00.681045,136.74,94.95,218.46,128.57,138.62982650481135
2025-10-22 13:20:01.681044,60.42,33.02,141.8,53.27,69.8694683064444
2025-10-22 13:20:02.681044,88.16,79.06,156.31,66.85,99.80086172678857
2025-10-22 13:20:03.681043,128.09,86.36,253.71,41.28,127.62535666042585
2025-10-22 13:20:04.681042,119.08,70.2,180.22,134.37,115.99150292740036
2025-10-22 13:20:05.681042,129.34,52.26,252.8,127.87,127.60251614771084
2025-10-22 13:20:06.681041,94.47,77.81,111.29,117.41,95.68731010633698
2025-10-22 13:20:07.681041,112.42,93.29,153.39,56.89,104.01551894717097
2025-10-22 13:20:08.681040,72.25,94.1,50.4,71.61,76.38588962580869
2025-10-22 13:20:09.681040,71.44,33.14,92.11,144.49,73.10601839395088
2025-10-22 13:20:10.681039,82.85,67.95,134.34,31.19,80.59748040013352
2025-10-22 13:20:11.681039,146.56,67.58,286.14,108.62,141.41250388493236
2025-10-22 13:20:12.681038,78.75,46.7,91.0,141.63,78.94152445623408
2025-10-22 13:20:13.681038,85.26,54.25,87.19,129.28,79.09533842290058
2025-10-22 13:20:14.681037,140.55,73.22,263.4,116.54,138.9523867980085
2025-10-22 13:20:15.681037,101.99,66.61,220.87,40.37,107.76192368096127
2025-10-22 13:20:16.681036,73.79,37.59,94.32,148.39,76.75548717685896
2025-10-22 13:20:17.681036,86.96,47.34,178.68,37.12,84.86211920244257
2025-10-22 13:20:18.681035,108.31,94.23,96.99,138.61,103.75647667392238
2025-10-22 13:20:19.681034,84.09,70.37,86.4,104.1,81.86725435762021
2025-10-22 13:20:20.681034,77.22,43.75,59.36,146.39,68.91124996623483
2025-10-22 13:20:21.681033,49.91,32.18,57.66,79.26,49.32330309701187
2025-10-22 13:20:22.681033,110.34,56.01,220.48,65.12,107.29245820279505
2025-10-22 13:20:23.681032,119.31,20.07,288.2,95.44,115.81048120086433
2025-10-22 13:20:24.681032,80.5,78.22,126.44,38.7,84.81658706373923
2025-10-22 13:20:25.681031,128.57,73.23,281.84,45.67,130.42841297447404
2025-10-22 13:20:26.681031,160.35,91.07,269.28,149.8,156.19184697100366
2025-10-22 13:20:27.681030,50.43,55.28,70.47,27.27,54.327558266932996
2025-10-22 13:20:28.681030,69.91,31.53,133.48,15.5,59.12927773828294
2025-10-22 13:20:29.681029,79.26,55.57,142.46,53.24,81.26534492764469
2025-10-22 13:20:30.681029,79.15,37.11,127.24,124.89,81.74552301409437
2025-10-22 13:20:31.681028,73.93,75.92,133.31,27.51,83.51695335883372
2025-10-22 13:20:32.681028,124.09,49.47,248.83,122.05,123.86757774670389
2025-10-22 13:20:33.681027,101.66,68.54,132.99,101.97,94.53825984991641
2025-10-22 13:20:34.681026,104.7,30.25,226.06,101.76,103.44619782150285
2025-10-22 13:20:35.681026,95.12,33.62,228.21,73.96,100.24700675417022
2025-10-22 13:20:36.681025,141.64,83.73,289.75,68.26,142.50779343879427
2025-10-22 13:20:37.681025,94.57,40.5,178.04,83.89,90.55766858875165
2025-10-22 13:20:38.681024,122.29,80.22,262.86,27.22,124.53334264842995
2025-10-22 13:20:39.681024,64.76,66.79,87.89,68.92,73.55143824999489
2025-10-22 13:20:40.681023,96.7,53.01,179.96,66.51,93.89924992680317
2025-10-22 13:20:41.681023,101.44,29.68,203.62,146.32,105.26584133129269
2025-10-22 13:20:42.681022,70.13,62.53,89.94,106.74,79.56028322512745
2025-10-22 13:20:43.681022,94.31,69.37,91.67,149.15,91.89908263648294
2025-10-22 13:20:44.681021,129.59,38.88,286.47,140.02,133.4872228612562
2025-10-22 13:20:45.681021,105.97,59.16,184.87,100.45,105.1692974509717
2025-10-22 13:20:46.681020,103.8,78.65,225.36,15.68,110.19103195532828
2025-10-22 13:20:47.681020,57.13,47.75,55.51,26.7,45.97688757360008
2025-10-22 13:20:48.681019,103.15,31.22,193.1,128.07,99.24551214739095
2025-10-22 13:20:49.681019,124.47,72.84,282.21,18.86,125.02271738008666
2025-10-22 13:20:50.681018,135.19,63.27,292.67,75.31,134.6201179431759
2025-10-22 13:20:51.681017,94.71,65.11,103.7,91.04,81.8605671217291
2025-10-22 13:20:52.681017,75.61,79.35,83.15,71.48,78.8752261051305
2025-10-22 13:20:53.681016,93.39,70.34,171.68,65.28,99.77641493764754
2025-10-22 13:20:54.681016,64.51,78.23,64.07,58.97,70.10021784801846
2025-10-22 13:20:55.681015,48.02,29.86,58.7,83.03,49.23178144320373
2025-10-22 13:20:56.681015,62.59,20.51,72.74,135.95,59.31360716818651
2025-10-22 13:20:57.681014,102.71,92.9,68.78,141.12,95.11524666763565
2025-10-22 13:20:58.681014,79.69,85.45,79.19,73.62,81.14055336703774
2025-10-22 13:20:59.681013,122.32,61.48,283.6,38.02,123.60076298732626
2025-10-22 13:21:00.681013,78.51,82.16,90.3,69.69,82.06491371276009
2025-10-22 13:21:01.681012,146.03,80.8,281.96,92.19,143.4620369416909
2025-10-22 13:21:02.681012,100.27,90.94,121.26,97.05,101.16475580561337
2025-10-22 13:21:03.681011,114.79,67.96,184.12,128.53,114.8912596889405
2025-10-22 13:21:04.681011,130.53,66.44,224.6,101.74,120.98360070466593
2025-10-22 13:21:05.681010,85.67,98.81,71.33,84.98,87.67129945908522
2025-10-22 13:21:06.681010,98.87,63.17,208.11,34.53,101.0581496906936
2025-10-22 13:21:07.681009,90.42,84.67,173.55,34.98,101.44192147081691
2025-10-22 13:21:08.681008,74.24,72.75,66.56,119.78,80.1998568162517
2025-10-22 13:21:09.681008,102.95,84.78,196.81,39.67,109.41881133245117
2025-10-22 13:21:10.681007,118.83,54.32,293.51,29.92,121.41377201601235
2025-10-22 13:21:11.681007,104.59,67.6,175.85,91.13,104.80097607768295
2025-10-22 13:21:12.681006,117.24,90.07,184.94,112.62,122.96363912339814
2025-10-22 13:21:13.681006,79.44,57.75,87.45,129.59,80.97393154801141
2025-10-22 13:21:14.681005,155.98,80.07,293.65,131.45,154.40799928725588
2025-10-22 13:21:15.681005,74.05,76.23,80.19,49.87,72.14478751431108
2025-10-22 13:21:16.681004,87.66,61.3,111.68,122.92,88.6959179211583
2025-10-22 13:21:17.681004,105.68,74.46,230.05,48.43,116.02148325211213
2025-10-22 13:21:18.681003,109.55,92.65,163.39,50.32,105.3986769527497
2025-10-22 13:21:19.681003,65.19,46.52,87.13,78.53,65.16038684422807
2025-10-22 13:21:20.681002,112.04,71.59,236.05,39.48,114.62192340448445
2025-10-22 13:21:21.681001,96.49,29.36,188.29,122.17,95.70426860252567
2025-10-22 13:21:22.681001,149.56,75.35,282.45,148.7,152.12169242359957
2025-10-22 13:21:23.681000,81.3,87.55,72.85,113.94,88.28389606326961
2025-10-22 13:21:24.681000,144.18,89.18,262.2,101.7,143.57459318103693
2025-10-22 13:21:25.680999,107.41,34.67,265.14,72.57,111.59238901632004
2025-10-22 13:21:26.680999,85.16,57.48,88.41,128.36,80.8841089720752
2025-10-22 13:21:27.680998,92.52,78.71,133.01,62.78,91.81581215281555
2025-10-22 13:21:28.680998,91.14,53.69,182.99,40.78,90.03908537146816
2025-10-22 13:21:29.680997,103.14,28.5,253.63,49.31,100.44922562844569
2025-10-22 13:21:30.680997,133.4,77.48,206.7,94.39,119.62919871083011
2025-10-22 13:21:31.680996,87.26,84.18,78.52,137.77,93.04522440386319
2025-10-22 13:21:32.680996,112.27,50.58,185.48,129.94,106.9451138773331
2025-10-22 13:21:33.680995,97.38,33.99,178.58,109.94,92.65786510548331
2025-10-22 13:21:34.680994,93.45,69.68,171.14,47.42,95.74009324996871
2025-10-22 13:21:35.680994,100.62,39.14,210.42,88.87,100.60291305474021
2025-10-22 13:21:36.680993,135.72,56.49,252.52,128.16,129.67751977820961
2025-10-22 13:21:37.680993,87.28,34.21,204.03,75.76,93.62997365443313
2025-10-22 13:21:38.680992,89.82,51.54,168.44,28.01,82.0622604771856
2025-10-22 13:21:39.680992,79.23,92.74,84.7,52.12,82.14967830148805
2025-10-22 13:21:40.680991,128.91,95.18,234.69,34.61,124.9663839475029
2025-10-22 13:21:41.680991,86.24,41.71,133.93,131.23,87.30049022761628
2025-10-22 13:21:42.680990,83.27,53.52,106.23,136.94,85.97622297377903
2025-10-22 13:21:43.680990,82.28,59.45,80.94,143.9,82.70314815303918
2025-10-22 13:21:44.680989,158.5,65.96,299.36,133.69,149.55871488996956
2025-10-22 13:21:45.680989,86.55,76.23,82.16,104.97,83.67702685631468
2025-10-22 13:21:46.680988,68.55,28.68,201.01,10.1,76.93799518733925
2025-10-22 13:21:47.680987,78.79,28.54,132.04,79.0,69.81891581356223
2025-10-22 13:21:48.680987,93.5,45.47,180.12,69.47,90.78896884045767
2025-10-22 13:21:49.680986,114.49,96.64,217.99,20.44,117.85893102588074
2025-10-22 13:21:50.680986,80.21,92.9,92.54,35.88,81.36110398173203
2025-10-22 13:21:51.680985,97.05,79.83,101.75,124.77,95.2848869937293
2025-10-22 13:21:52.680985,109.98,65.4,148.4,148.18,106.78487888194518
2025-10-22 13:21:53.680984,92.84,73.96,161.59,27.05,90.95168829544849
2025-10-22 13:21:54.680984,138.3,83.08,218.32,111.3,129.2614360180584
2025-10-22 13:21:55.680983,147.83,60.6,296.04,113.76,141.94074553972183
2025-10-22 13:21:56.680983,78.13,68.45,139.3,11.51,78.42919941105595
2025-10-22 13:21:57.680982,88.27,96.97,130.42,16.44,90.90860077168328
2025-10-22 13:21:58.680982,138.87,77.01,275.81,102.93,141.8630461339646
2025-10-22 13:21:59.680981,81.76,69.59,94.09,87.93,80.58047652524883
2025-10-22 13:22:00.680981,87.66,26.97,235.15,24.8,89.26824775108662
2025-10-22 13:22:01.680980,103.17,70.12,175.18,72.11,102.0751747785722
2025-10-22 13:22:02.680979,161.21,71.84,286.42,149.69,151.76761756250315
2025-10-22 13:22:03.680979,111.75,59.64,218.47,103.57,116.12608453511383
2025-10-22 13:22:04.680978,120.38,83.92,227.1,48.42,119.8328337812651
2025-10-22 13:22:05.680978,84.09,52.09,92.15,126.2,78.9014350162224
2025-10-22 13:22:06.680977,112.15,78.7,207.07,104.47,122.34792533006998
2025-10-22 13:22:07.680977,98.25,90.84,101.59,130.07,101.7591875084166
2025-10-22 13:22:08.680976,112.6,69.76,192.02,59.82,104.51756906694371
2025-10-22 13:22:09.680976,81.31,87.58,90.11,78.68,86.48558244283454
2025-10-22 13:22:10.680975,111.53,34.04,269.62,107.44,119.5493561630989
2025-10-22 13:22:11.680975,86.06,57.78,76.04,129.78,77.59716591114321
2025-10-22 13:22:12.680974,128.21,76.01,237.01,84.26,125.9975331632914
2025-10-22 13:22:13.680974,138.75,85.42,271.99,47.88,133.96301786218234
2025-10-22 13:22:14.680973,80.88,71.78,127.99,10.72,76.5274414881467
2025-10-22 13:22:15.680973,75.93,71.93,120.85,27.73,77.83330863305582
2025-10-22 13:22:16.680972,94.22,58.84,134.97,134.6,96.79284590017087
2025-10-22 13:22:17.680971,110.1,38.52,290.43,51.89,117.00032461065645
2025-10-22 13:22:18.680971,64.64,33.97,98.42,92.4,65.07242391009126
2025-10-22 13:22:19.680970,139.96,72.09,283.59,118.35,144.81866413919857
2025-10-22 13:22:20.680970,113.96,44.46,234.14,122.83,117.11810726868906
2025-10-22 13:22:21.680969,90.06,51.34,146.76,104.68,90.66961427502011
2025-10-22 13:22:22.680969,105.53,50.14,263.52,39.6,112.2451930195677
2025-10-22 13:22:23.680968,48.79,27.79,106.46,36.08,53.236168499858394
2025-10-22 13:22:24.680968,86.36,66.57,178.11,26.62,92.16001444002663
2025-10-22 13:22:25.680967,80.75,59.15,112.4,48.46,73.0600682383244
2025-10-22 13:22:26.680967,89.88,70.3,108.09,128.7,93.23597670353556
2025-10-22 13:22:27.680966,137.31,98.9,231.27,62.43,131.31034216543304
2025-10-22 13:22:28.680965,95.22,98.47,141.11,22.6,96.0899051285677
2025-10-22 13:22:29.680965,86.72,56.58,199.1,32.38,94.64912196302326
2025-10-22 13:22:30.680964,131.28,49.88,267.52,129.82,131.23149019660056
2025-10-22 13:22:31.680964,144.91,86.54,233.37,147.92,142.77481592791125
2025-10-22 13:22:32.680963,121.65,43.45,231.5,96.74,110.64264789073162
2025-10-22 13:22:33.680963,104.95,23.14,287.79,63.57,110.88470628447598
2025-10-22 13:22:34.680962,109.19,28.03,279.13,53.39,108.69009510002049
2025-10-22 13:22:35.680962,83.32,96.62,97.18,21.14,81.6772683387313
2025-10-22 13:22:36.680961,108.33,23.92,272.55,54.45,104.88090913708396
2025-10-22 13:22:37.680961,153.16,93.27,266.61,117.42,150.05330454717816
2025-10-22 13:22:38.680960,86.58,70.08,72.25,137.23,84.04822321598778
2025-10-22 13:22:39.680960,85.07,34.32,141.84,114.81,82.74616738111729
2025-10-22 13:22:40.680959,103.26,37.72,254.05,25.65,100.45850587888798
2025-10-22 13:22:41.680958,94.47,38.94,146.16,122.36,87.838988974314
2025-10-22 13:22:42.680958,122.16,80.62,214.68,94.31,123.57182607384979
2025-10-22 13:22:43.680957,120.72,54.95,262.9,60.4,118.57843785720897
2025-10-22 13:22:44.680957,94.3,85.97,169.29,19.18,97.67031109781792
2025-10-22 13:22:45.680956,92.02,76.13,108.59,71.51,84.92765622574892
2025-10-22 13:22:46.680956,82.3,47.86,181.89,27.85,84.24470513233707
2025-10-22 13:22:47.680955,109.93,68.08,171.55,72.6,100.06790162674066
2025-10-22 13:22:48.680955,36.59,22.34,68.79,50.06,41.98208127874996
2025-10-22 13:22:49.680954,126.31,82.44,232.04,106.05,132.02476573048426
2025-10-22 13:22:50.680954,149.89,90.63,271.89,93.58,145.59519385048716
2025-10-22 13:22:51.680953,135.39,90.94,213.56,133.01,136.04636576343043
2025-10-22 13:22:52.680953,111.27,43.61,269.56,42.0,111.2928151589482
2025-10-22 13:22:53.680952,68.47,59.57,120.37,61.55,78.26322954089936
2025-10-22 13:22:54.680951,55.34,29.79,67.94,88.06,52.972891595071985
2025-10-22 13:22:55.680951,143.34,59.27,298.47,131.53,145.53856998593213
2025-10-22 13:22:56.680950,108.06,74.44,188.17,64.61,106.636621688946
2025-10-22 13:22:57.680950,108.63,77.27,221.27,17.64,108.66527652922105
2025-10-22 13:22:58.680949,97.98,67.41,171.2,58.76,96.88189135693867
2025-10-22 13:22:59.680949,126.67,90.43,208.13,67.5,121.15389386242691
2025-10-22 13:23:00.680948,108.18,32.23,222.37,135.58,110.03582790938066
2025-10-22 13:23:01.680948,126.38,78.81,261.12,75.17,132.8303392246487
2025-10-22 13:23:02.680947,103.36,24.65,288.54,27.61,104.72045866848765
2025-10-22 13:23:03.680947,142.49,61.59,284.96,139.65,144.24286847775932
2025-10-22 13:23:04.680946,96.6,42.73,243.38,35.87,101.76981862750732
2025-10-22 13:23:05.680946,124.4,90.66,218.84,44.29,119.87880873329239
2025-10-22 13:23:06.680945,131.48,57.62,275.71,129.49,137.47300475488785
2025-10-22 13:23:07.680944,96.52,20.45,162.62,131.46,85.40668143895842
2025-10-22 13:23:08.680944,78.19,24.49,155.38,123.63,83.68315643147952
2025-10-22 13:23:09.680943,90.77,88.96,85.7,103.95,90.86310521732317
2025-10-22 13:23:10.680943,70.43,82.6,69.46,93.15,80.6778333394349
2025-10-22 13:23:11.680942,120.64,35.58,214.98,114.09,105.21220727388554
2025-10-22 13:23:12.680942,67.15,80.75,108.32,17.28,76.37445235990234
2025-10-22 13:23:13.680941,125.81,27.17,262.94,149.32,122.44370324466192
2025-10-22 13:23:14.680941,84.3,60.17,102.41,55.76,72.01365223979226
2025-10-22 13:23:15.680940,117.03,74.9,222.9,18.16,108.08095489523943
2025-10-22 13:23:16.680940,92.55,81.39,128.08,15.73,82.32374377152604
2025-10-22 13:23:17.680939,68.94,53.78,58.67,107.23,65.91180497596864
2025-10-22 13:23:18.680939,132.13,58.99,248.78,142.27,132.59704091144894
2025-10-22 13:23:19.680938,57.64,41.84,51.53,111.55,58.691419531104906
2025-10-22 13:23:20.680937,102.65,90.47,118.64,125.88,105.86799066029741
2025-10-22 13:23:21.680937,126.51,80.98,246.64,82.44,130.99980194000574
2025-10-22 13:23:22.680936,57.45,27.74,106.27,95.81,65.01364486193364
2025-10-22 13:23:23.680936,81.17,23.0,155.84,109.71,80.31731744356897
2025-10-22 13:23:24.680935,59.28,48.35,63.78,82.15,59.77024721011416
2025-10-22 13:23:25.680935,95.07,77.23,136.8,30.07,85.72504303986724
2025-10-22 13:23:26.680934,133.65,80.43,227.22,107.84,129.93284614973393
2025-10-22 13:23:27.680934,109.49,62.06,216.77,79.98,112.13364717388718
2025-10-22 13:23:28.680933,89.21,78.72,60.27,130.34,83.37208618285541
2025-10-22 13:23:29.680932,63.72,58.45,90.24,29.54,62.29529229928372
2025-10-22 13:23:30.680932,90.31,36.73,209.32,25.2,86.43322852713302
2025-10-22 13:23:31.680931,59.94,37.76,59.81,45.09,45.957334117044574
2025-10-22 13:23:32.680931,131.66,78.1,278.87,54.2,133.64893511915602
2025-10-22 13:23:33.680930,88.1,80.63,153.1,26.45,91.59463983721582
2025-10-22 13:23:34.680930,58.1,71.43,88.02,19.09,66.00201754008032
2025-10-22 13:23:35.680929,102.27,80.45,99.73,147.22,99.4432477641651
2025-10-22 13:23:36.680929,125.49,31.28,263.3,148.77,124.48466380514719
2025-10-22 13:23:37.680928,80.49,45.04,132.22,74.25,77.12755761215203
2025-10-22 13:23:38.680928,118.83,84.34,206.15,81.5,120.31281147469966
2025-10-22 13:23:39.680927,116.32,58.65,260.68,64.95,120.6528608445656
2025-10-22 13:23:40.680927,83.61,44.84,114.39,134.87,83.70533295952828
2025-10-22 13:23:41.680926,92.86,25.96,180.98,121.92,91.76831989415773
2025-10-22 13:23:42.680926,64.04,33.92,144.74,82.92,77.08728473918073
2025-10-22 13:23:43.680925,144.37,98.27,273.5,112.42,153.61555169661742
2025-10-22 13:23:44.680924,83.52,65.3,169.73,35.45,90.76354786243952
2025-10-22 13:23:45.680924,80.84,73.26,132.15,36.53,83.6376676308932
2025-10-22 13:23:46.680923,121.92,85.89,231.46,77.12,127.82042864603852
2025-10-22 13:23:47.680923,129.0,67.43,228.59,147.11,131.68293474349142
2025-10-22 13:23:48.680922,86.78,93.52,109.47,56.21,90.79415867520221
2025-10-22 13:23:49.680922,135.54,42.16,283.4,130.63,132.32970719362496
2025-10-22 13:23:50.680921,113.45,49.19,220.34,128.72,116.48983010523963
2025-10-22 13:23:51.680921,57.15,29.29,99.86,56.7,56.09182309247367
2025-10-22 13:23:52.680920,151.6,63.84,281.47,115.78,139.57237300658522
2025-10-22 13:23:53.680920,91.28,90.77,142.87,18.44,91.96734848519992
2025-10-22 13:23:54.680919,65.46,80.16,78.88,40.94,71.93052950680024
2025-10-22 13:23:55.680919,70.3,24.15,167.13,42.56,70.94932773749636
2025-10-22 13:23:56.680918,135.02,69.37,268.65,102.91,135.91129894138697
2025-10-22 13:23:57.680918,86.35,28.34,234.42,15.36,87.85517529062966
2025-10-22 13:23:58.680917,123.06,76.48,230.39,30.12,113.49180510767282
2025-10-22 13:23:59.680916,139.57,49.56,294.89,118.49,137.0492679648246
2025-10-22 13:24:00.680916,126.73,97.63,212.39,76.25,127.7487577887658
2025-10-22 13:24:01.680915,86.79,58.64,169.32,49.95,90.21042894815385
2025-10-22 13:24:02.680915,95.44,54.34,172.07,82.2,95.30386660074544
2025-10-22 13:24:03.680914,114.83,43.23,256.09,33.02,105.2724870775726
2025-10-22 13:24:04.680914,111.71,80.37,153.25,131.08,112.28489256590488
2025-10-22 13:24:05.680913,109.84,73.78,215.44,30.67,107.76619412113338
2025-10-22 13:24:06.680913,69.26,45.39,129.15,22.97,66.19705450940066
2025-10-22 13:24:07.680912,52.31,44.64,57.73,74.51,54.5916995881538
2025-10-22 13:24:08.680912,78.32,20.43,217.42,72.04,90.06958559298081
2025-10-22 13:24:09.680911,53.9,21.3,87.2,95.67,56.054589458532064
2025-10-22 13:24:10.680911,72.58,25.5,62.04,148.71,61.110284941724444
2025-10-22 13:24:11.680910,99.81,33.71,252.68,62.49,105.36906138666093
2025-10-22 13:24:12.680910,47.65,26.69,84.98,89.98,56.93549354090172
2025-10-22 13:24:13.680909,47.32,33.82,65.62,42.46,45.223901670088075
2025-10-22 13:24:14.680908,63.36,30.97,81.98,88.12,57.79093037095133
2025-10-22 13:24:15.680908,98.38,92.49,93.34,111.51,96.4142309829933
2025-10-22 13:24:16.680907,120.33,57.28,194.07,77.12,102.368233617442
2025-10-22 13:24:17.680907,153.99,92.02,289.25,86.02,150.0024720457146
2025-10-22 13:24:18.680906,72.13,78.93,88.84,32.15,72.56775457052132
2025-10-22 13:24:19.680906,60.64,31.92,85.25,38.43,49.37977266146903
2025-10-22 13:24:20.680905,79.63,90.19,64.57,54.49,75.30305017462952
2025-10-22 13:24:21.680905,58.16,45.06,91.24,16.95,53.44357931523362
2025-10-22 13:24:22.680904,78.15,96.15,70.83,53.0,79.84981117750627
2025-10-22 13:24:23.680904,73.58,40.31,123.2,112.3,79.62135571668672
2025-10-22 13:24:24.680903,79.13,44.15,118.04,84.65,74.48835911657663
2025-10-22 13:24:25.680903,89.96,70.83,89.23,105.28,83.18067087422197
2025-10-22 13:24:26.680902,93.8,72.49,168.63,30.18,92.95876065908323
2025-10-22 13:24:27.680902,122.22,63.42,265.03,46.64,120.69470622516633
2025-10-22 13:24:28.680901,83.97,84.32,66.1,126.25,87.09451680522409
2025-10-22 13:24:29.680901,83.35,72.28,83.05,134.23,87.79164555158285
2025-10-22 13:24:30.680900,108.91,62.78,245.62,33.71,111.97559904557299
2025-10-22 13:24:31.680899,124.1,80.74,274.57,13.0,125.48786744049806
2025-10-22 13:24:32.680899,137.78,75.28,271.06,117.08,142.38536229911722
2025-10-22 13:24:33.680898,133.39,70.69,294.74,55.04,134.90411959539233
2025-10-22 13:24:34.680898,106.32,20.72,244.24,95.32,102.89695442429513
2025-10-22 13:24:35.680897,119.57,43.57,268.64,95.62,121.64270679883829
2025-10-22 13:24:36.680897,63.69,42.14,50.24,97.62,55.68693566951487
2025-10-22 13:24:37.680896,109.62,47.8,255.89,77.29,116.27271004634923
2025-10-22 13:24:38.680896,54.35,26.18,104.99,21.98,49.19488937155269
2025-10-22 13:24:39.680895,145.9,71.13,285.69,98.75,141.08129587237482
2025-10-22 13:24:40.680895,89.68,22.53,221.01,16.7,81.2041484233291
2025-10-22 13:24:41.680894,125.98,41.23,253.8,142.37,125.30205073437632
2025-10-22 13:24:42.680894,134.29,94.16,211.42,87.64,127.99471296457553
2025-10-22 13:24:43.680893,91.78,81.34,87.18,126.59,92.017292538445
2025-10-22 13:24:44.680892,114.62,25.09,286.65,132.78,125.25256466123213
2025-10-22 13:24:45.680892,73.09,65.17,102.96,79.14,79.3052105034053
2025-10-22 13:24:46.680891,81.45,57.37,147.52,39.92,81.03577740060335
2025-10-22 13:24:47.680891,43.13,56.74,55.85,18.03,48.82412534437925
2025-10-22 13:24:48.680890,108.86,74.59,224.12,55.8,115.76706474116398
2025-10-22 13:24:49.680890,64.54,36.11,169.34,16.71,72.42309327207637
2025-10-22 13:24:50.680889,69.31,34.18,126.58,77.15,70.61264495646806
2025-10-22 13:24:51.680889,132.14,46.71,271.17,125.74,129.94350610016156
2025-10-22 13:24:52.680888,75.75,24.74,151.39,98.43,77.60465321708169
2025-10-22 13:24:53.680888,127.33,75.51,211.66,145.9,130.36856697329182
2025-10-22 13:24:54.680887,119.08,46.32,299.8,27.33,118.8154304136383
2025-10-22 13:24:55.680887,138.14,62.29,253.28,144.46,136.02391997214937
2025-10-22 13:24:56.680886,113.98,70.91,191.22,100.57,112.93940729935241
2025-10-22 13:24:57.680885,119.95,42.17,263.89,82.97,117.00782139656039
2025-10-22 13:24:58.680885,85.99,70.07,168.16,55.3,96.60276411849749
2025-10-22 13:24:59.680884,97.77,30.78,287.96,20.72,106.22367373104237
2025-10-22 13:25:00.680884,94.29,58.06,180.07,89.04,100.91463499549664
2025-10-22 13:25:01.680883,126.76,66.5,264.44,19.68,116.69468188978219
2025-10-22 13:25:02.680883,76.63,70.55,66.33,64.39,68.03999224742336
2025-10-22 13:25:03.680881,112.81,75.09,233.91,25.4,112.92202899256087
2025-10-22 13:25:04.680881,105.41,62.32,231.5,13.59,103.50830733631624
2025-10-22 13:25:05.680880,51.7,33.96,58.71,70.11,48.7065072801419
2025-10-22 13:25:06.680880,150.25,87.28,276.7,142.14,155.01813178480816
2025-10-22 13:25:07.680879,96.39,23.64,259.21,91.46,108.0806763865843
2025-10-22 13:25:08.680878,81.85,31.91,166.76,81.78,82.48065532012286
2025-10-22 13:25:09.680878,81.61,90.42,74.92,54.26,78.4824548670959
2025-10-22 13:25:10.680877,126.32,93.77,254.95,25.28,128.50273567852906
2025-10-22 13:25:11.680877,116.7,93.36,224.22,20.36,118.08594411842716
2025-10-22 13:25:12.680876,69.39,44.08,161.26,15.05,73.62468695796703
2025-10-22 13:25:13.680876,143.89,86.36,296.01,59.61,143.97849648540694
2025-10-22 13:25:14.680875,78.04,44.77,148.72,84.07,83.90242844226663
2025-10-22 13:25:15.680875,74.03,86.5,56.24,30.48,66.19888874077148
2025-10-22 13:25:16.680874,82.12,21.82,164.32,143.75,89.0384743526056
2025-10-22 13:25:17.680874,98.32,62.72,117.87,143.33,95.31429921940722
2025-10-22 13:25:18.680873,134.93,61.75,248.47,100.54,125.58959707166402
2025-10-22 13:25:19.680873,109.73,98.55,157.02,57.56,107.85289572686277
2025-10-22 13:25:20.680872,80.76,66.19,58.02,125.76,75.5612132986721
2025-10-22 13:25:21.680872,135.39,86.92,240.84,145.71,144.77000050012117
2025-10-22 13:25:22.680871,65.79,65.0,94.01,47.27,70.20292754795076
2025-10-22 13:25:23.680870,86.88,27.27,211.8,89.45,95.23550177939028
2025-10-22 13:25:24.680870,77.99,47.7,113.57,118.01,81.53223816897719
2025-10-22 13:25:25.680869,90.59,39.93,176.52,78.03,88.65411869520483
2025-10-22 13:25:26.680869,105.38,28.52,275.48,29.7,103.13283240913229
2025-10-22 13:25:27.680868,81.29,63.49,57.71,115.2,72.02991114192162
2025-10-22 13:25:28.680868,105.66,89.41,89.29,136.49,98.62652460875614
2025-10-22 13:25:29.680867,64.92,36.72,92.37,109.13,67.94205968110099
2025-10-22 13:25:30.680867,95.77,44.08,160.48,96.01,89.46490215415555
2025-10-22 13:25:31.680866,107.95,71.52,197.41,56.68,106.38855797176635
2025-10-22 13:25:32.680866,128.5,70.55,297.65,57.42,136.18174502562425
2025-10-22 13:25:33.680865,94.91,82.14,166.92,15.5,94.32446689390368
2025-10-22 13:25:34.680865,145.89,97.27,242.3,126.97,146.63014757571523
2025-10-22 13:25:35.680864,126.72,69.03,228.09,127.94,128.52136471735295
2025-10-22 13:25:36.680864,133.66,32.11,286.98,149.25,132.10960715970438
2025-10-22 13:25:37.680863,103.09,75.93,126.91,94.4,94.87938072602294
2025-10-22 13:25:38.680862,84.57,35.99,150.95,102.28,83.82613713581364
2025-10-22 13:25:39.680862,96.89,23.72,213.99,105.41,97.2988578637534
2025-10-22 13:25:40.680861,96.15,79.51,100.02,131.89,96.0196124225213
2025-10-22 13:25:41.680861,123.91,88.75,175.45,120.98,121.11539027421242
2025-10-22 13:25:42.680860,60.62,49.75,123.2,28.06,67.58551044511037
2025-10-22 13:25:43.680860,101.39,32.0,249.53,31.11,97.34220441890395
2025-10-22 13:25:44.680859,66.3,71.58,79.36,50.96,69.8014939003034
2025-10-22 13:25:45.680859,106.33,59.7,182.3,97.11,104.00198511253458
2025-10-22 13:25:46.680858,106.36,59.26,223.86,54.87,107.88789932694367
2025-10-22 13:25:47.680858,90.27,56.7,128.84,128.16,92.60853348808634
2025-10-22 13:25:48.680857,42.29,58.7,58.74,28.84,52.81285872342534
2025-10-22 13:25:49.680857,101.11,36.83,188.25,121.88,99.34596897508315
2025-10-22 13:25:50.680856,55.7,76.75,61.05,14.4,59.6078223703854
2025-10-22 13:25:51.680855,116.05,67.11,194.59,112.15,114.36356643963893
2025-10-22 13:25:52.680855,96.96,24.05,232.04,70.98,96.05183226812863
2025-10-22 13:25:53.680854,79.65,42.93,139.41,87.16,80.80356871975313
2025-10-22 13:25:54.680854,108.99,62.27,186.52,80.78,103.3048669138795
2025-10-22 13:25:55.680853,74.81,64.54,125.21,26.16,75.16047172317934
2025-10-22 13:25:56.680853,123.68,85.6,191.82,98.75,120.05677958156073
2025-10-22 13:25:57.680852,117.2,94.7,163.35,91.23,114.52785411077578
2025-10-22 13:25:58.680852,109.31,32.21,266.17,79.81,112.11727629022872
2025-10-22 13:25:59.680851,129.36,62.79,252.28,82.91,123.75098707890733
2025-10-22 13:26:00.680851,81.08,64.08,115.92,110.43,88.87157884043772
2025-10-22 13:26:01.680850,57.48,22.46,62.16,64.18,42.852518355176564
2025-10-22 13:26:02.680850,81.47,81.29,75.45,88.87,80.97755006060262
2025-10-22 13:26:03.680849,105.48,57.85,182.2,93.07,102.25065372145666
2025-10-22 13:26:04.680848,79.97,55.78,165.47,37.9,85.23980995571347
2025-10-22 13:26:05.680848,139.0,93.08,260.02,65.06,137.58210704084976
2025-10-22 13:26:06.680847,115.4,65.13,201.36,126.91,118.34524825262827
2025-10-22 13:26:07.680847,114.22,82.17,232.24,42.04,119.24151378361137
2025-10-22 13:26:08.680846,111.04,66.96,244.71,31.17,113.2745101411939
2025-10-22 13:26:09.680846,137.48,75.21,254.83,106.24,135.32019984274973
2025-10-22 13:26:10.680845,102.09,74.49,135.58,143.78,106.57423434753669
2025-10-22 13:26:11.680845,117.7,79.29,280.01,14.78,126.7559363499485
2025-10-22 13:26:12.680844,83.72,58.37,151.62,43.42,83.45982992168206
2025-10-22 13:26:13.680844,86.08,68.04,165.85,17.54,87.40264061295161
2025-10-22 13:26:14.680843,113.35,61.35,221.15,54.55,108.04821401432247
2025-10-22 13:26:15.680843,97.18,67.61,213.66,13.3,100.71694692597467
2025-10-22 13:26:16.680842,46.98,47.33,69.75,38.74,52.43874979131377
2025-10-22 13:26:17.680842,87.31,35.86,154.47,116.31,87.60518661964437
2025-10-22 13:26:18.680841,109.06,51.9,196.89,108.73,106.81906430455113
2025-10-22 13:26:19.680840,98.05,86.33,186.48,35.87,106.32961233533435
2025-10-22 13:26:20.680840,104.27,85.15,159.46,64.73,103.35238038626505
2025-10-22 13:26:21.680839,109.03,49.17,235.15,85.92,112.43323079607698
2025-10-22 13:26:22.680839,118.11,68.86,161.81,135.39,109.99495702640588
2025-10-22 13:26:23.680838,115.97,89.32,149.88,118.36,113.19304813296219
2025-10-22 13:26:24.680838,125.74,32.42,299.35,95.71,125.35116051502408
2025-10-22 13:26:25.680837,119.3,77.21,252.37,51.48,124.70184832678018
2025-10-22 13:26:26.680837,74.83,28.4,117.17,111.34,71.70115033938774
2025-10-22 13:26:27.680836,141.63,68.95,249.18,140.25,137.26459626371164
2025-10-22 13:26:28.680836,68.9,39.85,143.06,63.65,75.70246196205917
2025-10-22 13:26:29.680835,147.55,91.56,284.26,125.55,156.12283770469534
2025-10-22 13:26:30.680834,79.56,41.73,158.71,58.42,80.30185005672428
2025-10-22 13:26:31.680834,77.69,64.02,111.16,104.69,86.27142115438022
2025-10-22 13:26:32.680833,55.54,59.49,63.44,30.31,54.90985611577696
2025-10-22 13:26:33.680833,106.77,85.29,144.14,93.34,104.49788089057287
2025-10-22 13:26:34.680832,94.24,74.9,96.98,147.87,95.98837091496547
2025-10-22 13:26:35.680832,107.02,65.21,227.57,29.47,106.91591922706438
2025-10-22 13:26:36.680831,102.0,93.81,134.62,110.64,109.3044410776536
2025-10-22 13:26:37.680831,133.82,63.0,255.88,123.89,133.0739400677236
2025-10-22 13:26:38.680830,135.33,89.6,267.31,56.0,136.2453647926249
2025-10-22 13:26:39.680830,159.62,77.75,287.12,123.65,149.74400496334266
2025-10-22 13:26:40.680829,85.02,67.09,179.7,30.47,93.66067558368661
2025-10-22 13:26:41.680828,100.1,78.62,164.2,11.75,91.01354455139548
2025-10-22 13:26:42.680828,63.16,45.16,80.33,95.0,65.71101752386042
2025-10-22 13:26:43.680827,135.39,73.57,271.34,103.29,138.8819319159515
2025-10-22 13:26:44.680827,112.33,30.99,257.96,141.52,121.29609935689368
2025-10-22 13:26:45.680826,102.12,64.91,190.11,74.26,104.40095442417572
2025-10-22 13:26:46.680826,95.01,59.9,204.0,40.32,99.34782741952326
2025-10-22 13:26:47.680825,74.44,43.95,121.37,117.74,81.95989762054114
2025-10-22 13:26:48.680825,36.57,22.64,69.0,38.69,39.936727539289436
2025-10-22 13:26:49.680824,57.74,42.18,100.88,39.1,59.30801338065723
2025-10-22 13:26:50.680824,71.95,83.28,77.19,47.37,74.24936454894359
2025-10-22 13:26:51.680823,73.05,41.41,147.66,49.07,74.96522429099102
2025-10-22 13:26:52.680823,73.74,38.96,158.56,30.38,73.31319606215395
2025-10-22 13:26:53.680822,85.94,41.53,200.41,38.34,88.74896151599357
2025-10-22 13:26:54.680821,110.44,20.63,248.38,141.45,113.25569710326135
2025-10-22 13:26:55.680821,112.0,64.97,223.88,33.87,106.5612348364927
2025-10-22 13:26:56.680820,44.52,27.54,57.63,50.54,41.306634305536825
2025-10-22 13:26:57.680820,78.07,94.15,64.81,58.24,78.08718668860453
2025-10-22 13:26:58.680819,68.21,28.18,161.39,15.73,65.89921475981498
2025-10-22 13:26:59.680819,66.74,30.2,86.12,89.59,58.94456278063511
2025-10-22 13:27:00.680818,84.85,75.28,131.21,69.99,91.00223394535445
2025-10-22 13:27:01.680818,57.67,29.31,87.08,100.7,60.996820832507346
2025-10-22 13:27:02.680817,86.75,27.61,167.24,110.33,86.15718365665889
2025-10-22 13:27:03.680817,114.7,88.28,164.4,104.52,114.29254596624759
2025-10-22 13:27:04.680816,99.05,31.85,226.93,47.94,93.81661916222788
2025-10-22 13:27:05.680816,106.46,55.54,202.11,65.97,101.70642117226402
2025-10-22 13:27:06.680815,67.61,72.87,65.06,35.92,63.1581864541301
2025-10-22 13:27:07.680814,123.18,38.6,297.83,129.49,134.67174089799
2025-10-22 13:27:08.680814,136.75,98.44,207.52,115.27,134.43490102514812
2025-10-22 13:27:09.680813,73.28,30.02,160.25,42.0,71.68666156319865
2025-10-22 13:27:10.680813,131.89,86.29,218.35,131.16,134.80848343246385
2025-10-22 13:27:11.680812,80.63,37.21,162.9,71.6,81.93243376815096
2025-10-22 13:27:12.680812,34.54,20.18,74.41,28.54,38.32527568244234
2025-10-22 13:27:13.680811,131.01,60.4,264.28,102.45,130.04997248761748
2025-10-22 13:27:14.680811,82.91,60.05,94.93,138.68,86.16965198160665
2025-10-22 13:27:15.680810,104.5,42.28,263.57,81.43,116.6605252392543
2025-10-22 13:27:16.680810,59.84,21.49,99.35,95.3,59.727332831724915
2025-10-22 13:27:17.680809,78.15,74.41,54.39,139.44,81.27027343437021
2025-10-22 13:27:18.680809,42.88,20.61,64.92,61.53,42.23677519701304
2025-10-22 13:27:19.680808,83.9,37.7,202.07,10.23,81.76378615525624
2025-10-22 13:27:20.680808,94.32,95.78,125.88,74.0,100.38140085251011
2025-10-22 13:27:21.680807,101.8,84.9,182.09,45.05,106.12238234045891
2025-10-22 13:27:22.680806,62.18,42.47,102.41,10.88,54.30885446300726
2025-10-22 13:27:23.680806,77.02,40.25,178.18,35.82,80.93121530177773
2025-10-22 13:27:24.680805,97.66,65.36,194.85,18.82,95.04154114949212
2025-10-22 13:27:25.680805,133.36,73.64,241.08,123.74,133.88210845111035
2025-10-22 13:27:26.680804,106.64,43.98,221.65,75.14,103.65675397839172
2025-10-22 13:27:27.680804,99.24,38.8,249.73,43.23,103.18717709082753
2025-10-22 13:27:28.680803,68.49,53.41,115.87,54.88,72.52591698224236
2025-10-22 13:27:29.680803,98.57,25.15,192.53,141.62,98.74880884176142
2025-10-22 13:27:30.680802,117.96,96.92,166.56,70.99,112.57694751197985
2025-10-22 13:27:31.680802,75.35,21.04,164.37,99.85,79.94960776008142
2025-10-22 13:27:32.680801,117.53,64.66,285.15,10.34,120.1506644470231
2025-10-22 13:27:33.680801,59.02,48.82,52.7,113.57,62.912004307469786
2025-10-22 13:27:34.680800,130.69,75.62,240.71,119.71,133.95446108694935
2025-10-22 13:27:35.680800,112.91,57.14,240.39,49.52,110.7406440285072
2025-10-22 13:27:36.680799,81.78,53.58,124.97,104.71,85.23925185258786
2025-10-22 13:27:37.680798,74.97,55.86,114.96,47.2,71.94476644834835
2025-10-22 13:27:38.680798,123.43,44.79,270.81,136.9,131.09721938018527
2025-10-22 13:27:39.680797,117.92,53.95,241.99,82.06,116.09749546611548
2025-10-22 13:27:40.680797,40.02,32.27,62.05,26.16,40.14444398754059
2025-10-22 13:27:41.680796,106.83,88.49,99.91,122.47,98.57771679015346
2025-10-22 13:27:42.680796,124.43,62.85,224.61,115.79,121.99263029163816
2025-10-22 13:27:43.680795,76.63,65.79,66.33,134.97,79.6887903752236
2025-10-22 13:27:44.680795,144.01,72.5,273.09,73.34,132.92971826891124
2025-10-22 13:27:45.680794,146.2,90.45,248.85,129.28,145.669105995454
2025-10-22 13:27:46.680794,78.3,35.57,132.57,88.15,75.28764867256405
2025-10-22 13:27:47.680793,91.26,97.12,77.63,105.13,92.72598531555806
2025-10-22 13:27:48.680793,86.44,68.18,127.47,49.81,82.34391146782946
2025-10-22 13:27:49.680792,116.55,70.35,245.72,46.81,118.36765248736907
2025-10-22 13:27:50.680791,103.33,28.99,255.41,42.96,99.96687284396478
2025-10-22 13:27:51.680791,112.63,68.83,221.6,55.2,112.02879481333302
2025-10-22 13:27:52.680790,55.34,72.32,61.54,22.29,59.12071439615197
2025-10-22 13:27:53.680790,113.28,72.86,215.35,16.42,104.45271694195233
2025-10-22 13:27:54.680789,58.16,26.15,100.49,113.33,65.96505494944093
2025-10-22 13:27:55.680789,139.93,69.15,299.53,98.37,144.18188497734542
2025-10-22 13:27:56.680788,106.47,59.43,182.37,85.07,101.49833228549868
2025-10-22 13:27:57.680788,57.5,71.4,86.94,13.8,64.61217499400902
2025-10-22 13:27:58.680787,128.98,50.95,265.05,107.36,126.5612660751597
2025-10-22 13:27:59.680787,125.2,81.74,247.61,18.34,118.94184447938152
2025-10-22 13:28:00.680786,118.72,77.88,166.28,140.23,116.78083231044126
2025-10-22 13:28:01.680786,141.33,98.78,237.71,105.72,141.78158556147082
2025-10-22 13:28:02.680785,117.1,63.12,199.9,129.31,117.38432771702044
2025-10-22 13:28:03.680785,119.4,74.62,215.87,59.66,114.06875073058855
2025-10-22 13:28:04.680784,91.98,75.47,128.67,103.48,96.98266543292615
2025-10-22 13:28:05.680783,82.76,40.54,136.41,102.23,81.70662598746547
2025-10-22 13:28:06.680783,81.51,65.75,110.18,78.71,81.67804045875175
2025-10-22 13:28:07.680782,44.25,22.0,50.62,85.06,43.30124515286048
2025-10-22 13:28:08.680782,87.47,49.44,82.71,140.28,77.54314256823795
2025-10-22 13:28:09.680781,70.35,50.67,67.77,85.07,62.7018912418309
2025-10-22 13:28:10.680781,117.1,59.95,246.32,60.58,116.11502239369447
2025-10-22 13:28:11.680780,105.33,53.74,218.79,59.04,104.44952492375823
2025-10-22 13:28:12.680780,106.09,64.86,215.0,22.23,101.52647835988788
2025-10-22 13:28:13.680779,130.44,40.44,288.57,115.0,129.9257162700099
2025-10-22 13:28:14.680779,106.23,25.21,277.69,65.01,109.16339144080528
2025-10-22 13:28:15.680778,124.81,98.87,191.72,116.0,130.04462323452032
2025-10-22 13:28:16.680777,66.7,52.07,95.22,84.9,71.61408150081124
2025-10-22 13:28:17.680777,126.85,72.78,229.11,110.58,127.24420253210059
2025-10-22 13:28:18.680776,100.24,58.41,135.72,149.42,99.7471494977921
2025-10-22 13:28:19.680776,79.35,65.14,107.44,22.52,69.39488459146854
2025-10-22 13:28:20.680775,87.99,21.36,200.33,43.3,79.68871395152625
2025-10-22 13:28:21.680775,68.36,62.75,105.36,21.83,67.44530086297331
2025-10-22 13:28:22.680774,111.41,55.44,178.98,144.83,110.36247073890793
2025-10-22 13:28:23.680774,103.17,41.14,208.4,107.68,104.72417196975479
2025-10-22 13:28:24.680773,90.94,82.56,101.77,114.3,94.56841341507634
2025-10-22 13:28:25.680773,49.61,33.49,74.07,18.38,42.818587403782935
2025-10-22 13:28:26.680772,77.86,29.36,222.4,25.15,86.69301238353117
2025-10-22 13:28:27.680772,98.49,37.96,176.74,139.63,99.97220531506785
2025-10-22 13:28:28.680771,114.3,49.43,290.7,23.06,116.77765316281335
2025-10-22 13:28:29.680770,74.13,37.91,85.2,135.73,71.65971051022483
2025-10-22 13:28:30.680770,72.69,83.9,84.6,26.01,72.5435111301835
2025-10-22 13:28:31.680769,138.89,84.59,296.96,47.7,141.01990699554455
2025-10-22 13:28:32.680769,76.48,31.44,162.29,85.55,81.65217655375638
2025-10-22 13:28:33.680768,138.54,58.9,297.78,61.71,131.28455776447925
2025-10-22 13:28:34.680768,123.63,64.14,251.28,26.58,112.93679153819579
2025-10-22 13:28:35.680767,71.22,26.79,200.87,32.86,80.47592295933379
2025-10-22 13:28:36.680767,79.22,32.12,158.6,76.06,78.99670647709019
2025-10-22 13:28:37.680766,111.99,89.78,178.44,55.56,109.53662172065133
2025-10-22 13:28:38.680766,120.79,69.21,183.55,135.97,116.81819083979798
2025-10-22 13:28:39.680765,99.11,59.59,154.7,100.52,96.32892220944773
2025-10-22 13:28:40.680765,133.71,95.31,180.52,122.45,126.19029051119733
2025-10-22 13:28:41.680764,126.33,94.15,167.04,109.72,119.03486671274203
2025-10-22 13:28:42.680764,140.4,71.43,254.41,113.09,134.67602722652555
2025-10-22 13:28:43.680763,91.0,47.79,119.49,149.04,89.51729420046003
2025-10-22 13:28:44.680762,73.86,29.35,133.75,53.75,65.72190328131407
2025-10-22 13:28:45.680762,120.23,88.26,238.92,56.16,127.07847183575296
2025-10-22 13:28:46.680761,110.24,20.54,284.99,83.43,112.69459896939684
2025-10-22 13:28:47.680761,128.12,55.85,250.58,115.58,126.27869686580115
2025-10-22 13:28:48.680760,130.62,65.98,267.46,88.32,130.97253378436977
2025-10-22 13:28:49.680760,53.71,29.15,129.85,19.05,57.56064786680083
2025-10-22 13:28:50.680759,106.53,47.96,181.62,126.42,103.78436408791868
2025-10-22 13:28:51.680759,114.61,34.24,230.08,132.57,112.75413560701718
2025-10-22 13:28:52.680758,125.88,29.55,292.55,132.13,129.11266489592424
2025-10-22 13:28:53.680758,93.42,27.35,219.24,49.12,89.50387435435854
2025-10-22 13:28:54.680757,117.04,35.9,276.54,81.54,117.41087489153686
2025-10-22 13:28:55.680757,69.27,29.99,114.88,109.57,71.45138831479545
2025-10-22 13:28:56.680756,115.34,69.76,200.22,137.87,122.47903527344678
2025-10-22 13:28:57.680755,105.2,85.65,120.69,139.59,106.81155844505257
2025-10-22 13:28:58.680755,78.77,42.24,93.09,101.98,69.48131536564519
2025-10-22 13:28:59.680754,137.37,81.77,238.51,136.54,139.6903237253461
2025-10-22 13:29:00.680754,157.49,78.66,289.31,147.2,155.53021096978605
2025-10-22 13:29:01.680753,98.14,78.16,180.8,56.61,104.68128538203715
2025-10-22 13:29:02.680753,98.04,33.39,242.52,36.84,97.06356051439064
2025-10-22 13:29:03.680752,73.31,72.61,72.28,34.19,64.85556548167527
2025-10-22 13:29:04.680752,72.93,56.86,55.23,105.5,66.06461360155646
2025-10-22 13:29:05.680751,134.31,76.53,266.06,86.94,135.5192809304488
2025-10-22 13:29:06.680751,132.32,77.04,241.96,93.47,129.82569055035714
2025-10-22 13:29:07.680750,47.61,24.81,75.2,68.84,48.86461750831871
2025-10-22 13:29:08.680750,62.99,60.1,114.2,38.78,72.15109405158543
2025-10-22 13:29:09.680749,135.89,74.92,274.1,105.48,140.81702184972627
2025-10-22 13:29:10.680748,88.33,88.8,65.58,103.19,84.58543753302115
2025-10-22 13:29:11.680748,163.84,87.56,294.35,113.66,154.80741637645025
2025-10-22 13:29:12.680747,81.32,46.75,140.45,69.06,79.42026827314336
2025-10-22 13:29:13.680747,117.52,62.18,287.11,19.12,121.25090425803802
2025-10-22 13:29:14.680746,139.2,83.2,280.25,56.15,136.98470309970094
2025-10-22 13:29:15.680746,112.28,48.01,283.01,34.72,116.07594722140797
2025-10-22 13:29:16.680745,64.22,34.27,87.92,103.72,64.31317937135941
2025-10-22 13:29:17.680745,98.89,91.62,98.95,87.23,92.84732792139691
2025-10-22 13:29:18.680744,137.18,52.69,264.02,132.35,132.07794706604435
2025-10-22 13:29:19.680744,118.19,54.49,228.26,138.65,123.47506252205427
2025-10-22 13:29:20.680743,128.48,94.73,227.71,81.11,131.87749984873113
2025-10-22 13:29:21.680743,91.74,38.75,157.88,64.48,79.77505482082472
2025-10-22 13:29:22.680742,120.01,71.29,208.23,128.9,123.86567258262289
2025-10-22 13:29:23.680742,62.55,48.19,77.31,76.79,62.693107137072225
2025-10-22 13:29:24.680741,118.72,62.98,273.43,79.64,129.5529781774835
2025-10-22 13:29:25.680740,128.01,54.18,262.63,100.25,126.02696858683655
2025-10-22 13:29:26.680740,103.79,48.56,218.04,85.7,106.94389501397168
2025-10-22 13:29:27.680739,109.62,36.17,255.69,69.54,108.89572578122107
2025-10-22 13:29:28.680739,86.57,42.94,185.77,65.64,90.46971302773493
2025-10-22 13:29:29.680738,77.76,77.92,136.02,20.26,83.88563605929363
2025-10-22 13:29:30.680738,92.56,37.95,217.47,23.83,89.21691190104292
2025-10-22 13:29:31.680737,123.21,66.33,299.25,11.41,125.43071844747732
2025-10-22 13:29:32.680737,75.44,44.95,138.24,66.3,77.31374035387066
2025-10-22 13:29:33.680736,113.03,46.39,238.29,123.8,119.51690462986554
2025-10-22 13:29:34.680736,92.46,28.44,230.96,47.76,93.29795655240824
2025-10-22 13:29:35.680735,92.36,35.33,221.88,16.68,87.82105878696288
2025-10-22 13:29:36.680735,84.27,56.6,63.52,140.11,75.29891925821354
2025-10-22 13:29:37.680734,85.14,74.07,118.32,47.57,82.07534463728337
2025-10-22 13:29:38.680733,130.67,66.24,250.94,126.47,133.7111532582545
2025-10-22 13:29:39.680733,138.45,96.27,252.7,90.64,142.04580751366046
2025-10-22 13:29:40.680732,96.48,70.43,188.62,37.64,99.42468679817955
2025-10-22 13:29:41.680732,120.71,92.98,195.27,115.83,128.15154455954587
2025-10-22 13:29:42.680731,66.6,50.03,86.01,81.73,67.20298586798488
2025-10-22 13:29:43.680731,105.29,67.34,164.76,116.9,106.45523279852902
2025-10-22 13:29:44.680730,131.14,94.05,171.34,138.75,126.0415164203857
2025-10-22 13:29:45.680730,141.82,95.31,242.25,98.74,140.03625541117387
2025-10-22 13:29:46.680729,120.07,52.35,239.87,91.97,116.63301896124511
2025-10-22 13:29:47.680729,95.81,27.4,268.92,20.18,98.7145074929566
2025-10-22 13:29:48.680728,124.76,64.75,267.55,65.54,125.86550474905187
2025-10-22 13:29:49.680728,107.11,94.75,119.25,113.8,105.77926421996109
2025-10-22 13:29:50.680727,126.54,78.07,232.53,111.58,131.09888812109102
2025-10-22 13:29:51.680727,69.39,67.49,98.49,29.8,69.31786123818193
2025-10-22 13:29:52.680726,66.17,47.78,150.54,20.59,73.34091091287186
2025-10-22 13:29:53.680725,151.3,64.71,289.39,143.0,147.7895979659239
2025-10-22 13:29:54.680725,77.94,34.67,184.08,50.08,82.76355472935353
2025-10-22 13:29:55.680724,94.4,64.83,151.62,72.9,92.52260661518787
2025-10-22 13:29:56.680724,88.64,34.82,213.7,35.81,88.90736395452592
2025-10-22 13:29:57.680723,60.27,25.48,100.78,78.41,58.78595783356912
2025-10-22 13:29:58.680723,71.09,46.58,51.98,127.43,64.33461745070187
2025-10-22 13:29:59.680722,139.51,84.88,233.59,134.76,139.40328014311746
2025-10-22 13:30:00.680722,67.41,46.3,94.75,92.95,70.20445452003938
2025-10-22 13:30:01.680721,52.98,38.1,95.68,27.76,53.466478912610995
2025-10-22 13:30:02.680721,109.44,94.78,134.69,77.27,103.18177133096847
2025-10-22 13:30:03.680720,78.63,24.26,127.99,120.32,74.67933222969677
2025-10-22 13:30:04.680719,58.0,26.05,87.13,85.24,56.32259928600997
2025-10-22 13:30:05.680719,116.18,59.07,207.7,125.72,117.00375105786674
2025-10-22 13:30:06.680718,115.91,81.25,219.13,65.3,119.46237021981366
2025-10-22 13:30:07.680718,111.1,21.98,266.07,88.69,108.76780237934125
2025-10-22 13:30:08.680717,65.8,66.97,58.64,16.03,54.3481347154754
2025-10-22 13:30:09.680717,77.55,60.88,119.21,72.41,80.72168254147188
2025-10-22 13:30:10.680716,89.37,80.98,148.82,28.81,90.9507099517776
2025-10-22 13:30:11.680716,112.94,28.39,268.8,104.57,115.92598034630217
2025-10-22 13:30:12.680715,132.01,77.39,244.5,80.89,128.26523794665658
2025-10-22 13:30:13.680715,71.66,42.15,70.15,135.48,69.19318684020081
2025-10-22 13:30:14.680714,59.82,30.34,100.07,74.99,60.30809933615627
2025-10-22 13:30:15.680714,109.87,93.65,201.79,14.88,110.40039557666923
2025-10-22 13:30:16.680713,124.01,57.44,250.89,101.85,124.43572753300744
2025-10-22 13:30:17.680713,97.8,70.87,135.34,103.22,96.65037355652323
2025-10-22 13:30:18.680712,105.93,50.9,192.23,131.16,109.37511362593811
2025-10-22 13:30:19.680712,115.85,83.29,260.65,12.45,122.46177324075167
2025-10-22 13:30:20.680711,83.58,29.2,204.98,23.37,81.02433643463664
2025-10-22 13:30:21.680710,40.71,28.45,116.93,16.81,52.88487389902279
2025-10-22 13:30:22.680710,66.43,55.22,79.83,55.96,62.807409919568094
2025-10-22 13:30:23.680709,120.09,64.04,217.13,88.62,114.94104440349265
2025-10-22 13:30:24.680709,131.81,78.3,222.73,138.65,133.64242911512605
2025-10-22 13:30:25.680708,133.42,75.89,238.38,140.29,137.47446891085636
2025-10-22 13:30:26.680708,112.4,30.99,242.19,88.93,106.11448727457872
2025-10-22 13:30:27.680707,71.07,38.15,148.5,14.0,66.63486927596955
2025-10-22 13:30:28.680707,85.41,89.41,114.17,49.68,88.86829626035885
2025-10-22 13:30:29.680706,148.48,68.0,274.98,138.52,144.20357792903354
2025-10-22 13:30:30.680706,90.26,31.49,175.11,138.28,95.9997736803915
2025-10-22 13:30:31.680705,114.88,53.24,211.1,147.8,119.51314766333196
2025-10-22 13:30:32.680704,135.11,88.9,259.58,109.29,144.15501164622597
2025-10-22 13:30:33.680704,87.85,34.11,174.12,114.03,92.18905642529694
2025-10-22 13:30:34.680703,80.58,45.93,182.96,17.34,81.52066124530567
2025-10-22 13:30:35.680703,68.67,45.94,160.04,40.36,79.2074169496156
2025-10-22 13:30:36.680702,70.23,36.37,98.89,128.05,73.48440070293213
2025-10-22 13:30:37.680702,103.78,45.28,216.1,141.56,115.82224664762303
2025-10-22 13:30:38.680701,126.22,69.92,195.98,131.19,119.95783360172476
2025-10-22 13:30:39.680701,142.35,74.08,289.14,113.77,146.5661002881156
2025-10-22 13:30:40.680700,79.96,41.76,175.55,18.73,77.49772210707351
2025-10-22 13:30:41.680700,89.93,86.89,114.63,71.88,92.16237060159175
2025-10-22 13:30:42.680699,79.99,40.41,157.35,84.9,84.49489383584343
2025-10-22 13:30:43.680698,119.86,82.7,237.41,43.76,121.40023705260091
2025-10-22 13:30:44.680697,83.35,52.72,146.66,34.37,77.36509133316095
2025-10-22 13:30:45.680697,123.01,84.43,256.07,11.85,121.532459422732
2025-10-22 13:30:46.680696,154.61,89.83,284.36,91.37,148.50692420774854
2025-10-22 13:30:47.680695,117.16,69.84,181.12,149.21,119.02963954250606
2025-10-22 13:30:48.680695,87.05,72.57,94.06,89.69,82.40145503460344
2025-10-22 13:30:49.680694,82.15,65.33,108.43,120.38,89.21699334935406
2025-10-22 13:30:50.680694,121.04,88.54,228.24,50.44,122.87188851920769
2025-10-22 13:30:51.680693,114.28,33.73,232.73,126.43,112.07813841741215
2025-10-22 13:30:52.680693,127.23,71.32,244.92,85.23,126.23743896810626
2025-10-22 13:30:53.680692,96.45,93.67,147.02,17.74,94.5164892393187
2025-10-22 13:30:54.680692,83.05,20.56,188.83,103.53,87.79350583747231
2025-10-22 13:30:55.680691,129.83,43.59,250.54,148.01,126.61456188652791
2025-10-22 13:30:56.680691,97.11,72.47,120.23,137.08,99.62675048923613
2025-10-22 13:30:57.680690,119.2,83.78,243.27,88.52,132.585217840978
2025-10-22 13:30:58.680690,99.03,40.04,213.38,85.75,101.32023923746485
2025-10-22 13:30:59.680689,93.43,23.94,232.41,67.17,95.3519110173377
2025-10-22 13:31:00.680689,65.73,36.17,147.76,12.32,65.09517087861494
2025-10-22 13:31:01.680688,77.66,83.03,66.42,126.61,86.62126670381119
2025-10-22 13:31:02.680687,50.85,23.58,122.56,64.23,61.57274579298281
2025-10-22 13:31:03.680687,67.34,32.49,123.32,51.38,63.67653146328237
2025-10-22 13:31:04.680686,84.81,86.31,90.81,63.05,82.96165861302494
2025-10-22 13:31:05.680686,54.73,27.65,62.68,74.31,47.598662293832035
2025-10-22 13:31:06.680685,85.48,34.0,182.98,53.5,82.77910655933461
2025-10-22 13:31:07.680685,53.86,52.21,60.79,45.13,53.4389847678502
2025-10-22 13:31:08.680684,117.49,64.55,160.6,142.56,108.91355915904877
2025-10-22 13:31:09.680684,85.6,64.43,126.7,89.47,88.12389099445141
2025-10-22 13:31:10.680683,84.36,80.01,60.5,139.4,85.88099071057758
2025-10-22 13:31:11.680683,90.49,66.41,136.83,108.26,95.8830521706423
2025-10-22 13:31:12.680682,68.53,42.53,97.47,88.66,68.29715698027155
2025-10-22 13:31:13.680682,83.16,49.28,152.12,56.28,81.64730698621008
2025-10-22 13:31:14.680681,85.18,77.37,142.6,12.03,83.95599780286992
2025-10-22 13:31:15.680680,113.75,49.02,250.64,86.28,117.08586667390634
2025-10-22 13:31:16.680680,98.5,42.31,147.96,148.39,95.22257774072033
2025-10-22 13:31:17.680679,88.26,93.5,75.57,74.32,84.19097229549855
2025-10-22 13:31:18.680679,96.48,88.69,110.73,56.44,88.81885401713242
2025-10-22 13:31:19.680678,101.07,42.53,252.01,21.08,101.32772743173133
2025-10-22 13:31:20.680678,130.62,69.89,235.29,137.96,133.1021484286795
2025-10-22 13:31:21.680677,79.21,64.03,141.91,42.83,83.23628727036639
2025-10-22 13:31:22.680677,46.82,22.4,81.89,25.76,41.12445489969914
2025-10-22 13:31:23.680676,101.88,24.37,266.75,15.11,95.55025223297966
2025-10-22 13:31:24.680676,65.93,51.27,85.0,90.08,69.17338313025257
2025-10-22 13:31:25.680675,56.38,64.52,55.35,29.14,54.74506071174122
2025-10-22 13:31:26.680675,54.24,26.58,84.25,78.62,54.405899124977225
2025-10-22 13:31:27.680674,83.47,49.9,93.34,142.1,81.32800317502307
2025-10-22 13:31:28.680673,105.73,92.64,133.71,105.24,107.3774697462695
2025-10-22 13:31:29.680673,162.36,94.23,288.1,137.93,161.06157552211016
2025-10-22 13:31:30.680672,75.46,44.19,87.97,101.39,68.79411478043939
2025-10-22 13:31:31.680672,122.5,98.23,232.79,34.0,125.78952749608558
2025-10-22 13:31:32.680671,153.02,88.95,281.77,99.86,148.97695839818203
2025-10-22 13:31:33.680671,95.84,60.33,200.69,76.29,105.70847133006329
2025-10-22 13:31:34.680670,93.99,22.23,200.16,101.54,91.63344263291583
2025-10-22 13:31:35.680670,116.06,74.35,153.97,135.37,110.36217558564158
2025-10-22 13:31:36.680669,76.56,37.72,123.72,123.5,80.71462972352262
2025-10-22 13:31:37.680669,58.58,45.34,65.6,54.22,53.27629928732224
2025-10-22 13:31:38.680668,125.54,79.18,201.08,108.23,121.53259538495307
2025-10-22 13:31:39.680668,138.29,67.56,248.3,143.77,137.00841055510926
2025-10-22 13:31:40.680667,140.64,78.51,274.83,133.19,148.32187790409048
2025-10-22 13:31:41.680666,77.42,66.82,60.58,143.04,80.07460300777957
2025-10-22 13:31:42.680666,51.72,36.76,55.79,83.43,51.864681364732895
2025-10-22 13:31:43.680665,130.54,94.31,221.99,76.21,128.97672861336815
2025-10-22 13:31:44.680665,75.19,65.38,134.46,25.2,78.16738284696955
2025-10-22 13:31:45.680664,68.45,44.19,101.83,113.84,75.43183734834427
2025-10-22 13:31:46.680664,90.49,88.89,65.1,123.26,88.47079248962415
2025-10-22 13:31:47.680663,73.41,58.23,100.26,68.99,73.03042534338192
2025-10-22 13:31:48.680663,143.62,56.5,267.59,140.7,136.70175835190332
2025-10-22 13:31:49.680662,123.68,66.32,254.54,90.49,127.68906847628966
2025-10-22 13:31:50.680662,79.29,26.94,144.27,120.51,80.94167950666812
2025-10-22 13:31:51.680661,63.95,31.07,99.49,118.03,69.04207402140261
2025-10-22 13:31:52.680661,112.02,56.65,268.58,40.97,117.27239121508822
2025-10-22 13:31:53.680660,107.53,53.72,150.92,134.53,99.0291295054633
2025-10-22 13:31:54.680659,57.83,23.74,104.35,74.34,58.18637792560366
2025-10-22 13:31:55.680659,87.96,28.13,186.25,79.44,85.99596231245695
2025-10-22 13:31:56.680658,95.53,33.71,235.44,24.41,92.62659385181313
2025-10-22 13:31:57.680658,131.92,94.15,191.16,110.22,126.38366075023933
2025-10-22 13:31:58.680657,75.93,35.38,152.55,27.37,69.13054748969154
2025-10-22 13:31:59.680657,132.83,92.45,231.36,92.64,134.1310664045548
2025-10-22 13:32:00.680656,81.61,58.95,79.04,138.4,80.7916414092243
2025-10-22 13:32:01.680656,72.2,35.28,138.97,101.94,79.80516778360706
2025-10-22 13:32:02.680655,76.44,29.77,150.12,40.6,68.23980623013574
2025-10-22 13:32:03.680655,65.93,68.96,59.99,116.06,75.6035896823677
2025-10-22 13:32:04.680654,62.83,50.11,134.5,17.04,68.97267477240997
2025-10-22 13:32:05.680654,114.1,68.0,214.43,77.88,113.96453566674454
2025-10-22 13:32:06.680653,90.64,94.68,85.31,108.62,94.51497177513006
2025-10-22 13:32:07.680653,101.41,60.2,160.65,94.56,97.23696065434046
2025-10-22 13:32:08.680652,101.79,46.55,223.3,103.68,111.09615843864748
2025-10-22 13:32:09.680652,71.07,56.83,79.67,56.24,63.61480689237692
2025-10-22 13:32:10.680651,90.83,24.95,228.91,83.64,98.07187277945006
2025-10-22 13:32:11.680650,84.49,36.21,189.14,15.13,78.1101636622904
2025-10-22 13:32:12.680650,122.93,57.9,228.84,135.65,124.74791819917456
2025-10-22 13:32:13.680649,56.29,26.17,62.72,133.29,58.58589113378883
2025-10-22 13:32:14.680649,66.37,52.4,73.31,83.41,64.89691420056059
2025-10-22 13:32:15.680648,79.71,33.3,122.6,144.92,82.43497656892238
2025-10-22 13:32:16.680648,94.39,54.99,173.41,112.44,102.0337241804422
2025-10-22 13:32:17.680647,101.96,75.25,133.21,135.67,104.6292500709908
2025-10-22 13:32:18.680647,63.26,35.92,120.41,50.21,64.27371512292453
2025-10-22 13:32:19.680646,78.5,63.25,111.78,60.07,77.21588591689918
2025-10-22 13:32:20.680646,139.0,79.23,255.26,101.9,136.58497857232686
2025-10-22 13:32:21.680645,101.69,98.52,57.96,149.82,96.38274337006284
2025-10-22 13:32:22.680645,104.36,63.38,175.48,74.59,99.30913000612472
2025-10-22 13:32:23.680644,86.81,73.76,131.78,55.02,87.44607370560777
2025-10-22 13:32:24.680644,49.05,35.7,66.42,64.17,50.70891840991943
2025-10-22 13:32:25.680643,104.53,46.96,265.15,43.41,111.91167230245365
2025-10-22 13:32:26.680643,61.08,25.14,117.86,61.14,60.321641460456924
2025-10-22 13:32:27.680642,73.93,48.27,70.08,145.63,74.22802080965653
2025-10-22 13:32:28.680641,85.6,63.49,176.5,13.26,87.49324762332157
2025-10-22 13:32:29.680641,71.39,21.07,171.67,60.06,74.25827778201347
2025-10-22 13:32:30.680640,95.48,51.56,173.45,73.09,92.52866373789325
2025-10-22 13:32:31.680640,78.56,23.81,152.98,114.79,80.86878164275545
2025-10-22 13:32:32.680639,124.21,89.18,201.43,63.63,117.75071348276633
2025-10-22 13:32:33.680639,72.54,93.83,52.27,68.28,76.15262093523438
2025-10-22 13:32:34.680638,100.81,97.43,94.08,85.3,93.88696440165502
2025-10-22 13:32:35.680638,102.76,57.61,134.53,146.29,98.37055720204845
2025-10-22 13:32:36.680637,71.01,49.74,62.51,129.2,69.42092910286664
2025-10-22 13:32:37.680637,82.4,61.31,144.26,13.22,76.71215149575842
2025-10-22 13:32:38.680636,71.86,67.36,62.13,66.17,65.54617804640944
2025-10-22 13:32:39.680636,64.37,31.55,110.87,116.77,72.4507558525004
2025-10-22 13:32:40.680635,94.34,61.13,226.19,12.47,101.09872968841741
2025-10-22 13:32:41.680634,53.63,25.66,105.74,74.19,59.52828347340764
2025-10-22 13:32:42.680634,108.1,26.75,248.68,93.56,106.87786464127575
2025-10-22 13:32:43.680633,115.61,71.69,234.02,38.31,113.82916425378542
2025-10-22 13:32:44.680633,108.16,21.4,298.89,35.09,107.70172790859837
2025-10-22 13:32:45.680632,91.06,31.68,208.71,34.33,85.55367356999685
2025-10-22 13:32:46.680632,108.39,35.69,292.37,19.4,109.72648242100095
2025-10-22 13:32:47.680631,68.15,25.56,109.17,51.99,56.10170098735709
2025-10-22 13:32:48.680631,87.43,87.1,108.44,33.52,82.78983601465171
2025-10-22 13:32:49.680630,108.4,74.19,143.15,119.3,103.83991146924612
2025-10-22 13:32:50.680630,144.06,97.34,289.89,59.53,147.5783497651568
2025-10-22 13:32:51.680629,89.01,40.81,181.59,67.81,88.58598204559216
2025-10-22 13:32:52.680629,98.53,46.65,248.66,27.38,103.6186481441055
2025-10-22 13:32:53.680628,60.52,69.45,66.31,22.68,59.205927277632156
2025-10-22 13:32:54.680628,56.5,61.71,67.83,49.35,61.11267641009564
2025-10-22 13:32:55.680627,114.65,40.55,240.0,137.95,119.93887990271072
2025-10-22 13:32:56.680626,113.35,39.46,261.16,89.16,116.06991628309258
2025-10-22 13:32:57.680626,148.26,90.34,276.73,106.66,149.5028677245284
2025-10-22 13:32:58.680625,115.72,72.83,214.57,55.5,111.96273035668581
2025-10-22 13:32:59.680625,118.22,71.49,257.27,37.85,120.62649662060325
2025-10-22 13:33:00.680624,97.5,67.81,230.9,17.71,106.87358303543846
2025-10-22 13:33:01.680624,136.11,66.64,253.69,104.15,130.30477739908878
2025-10-22 13:33:02.680623,138.09,96.15,283.61,18.64,136.98087315627583
2025-10-22 13:33:03.680623,93.78,82.57,151.61,66.62,100.08642585443062
2025-10-22 13:33:04.680622,109.95,89.7,127.19,139.78,110.81507809646021
2025-10-22 13:33:05.680622,131.63,90.13,187.44,127.52,126.70325314611779
2025-10-22 13:33:06.680621,64.41,21.52,142.13,101.61,73.85306892838247
2025-10-22 13:33:07.680620,124.56,58.67,236.16,143.59,128.90706954072925
2025-10-22 13:33:08.680620,66.82,24.39,144.35,76.49,70.95861874473044
2025-10-22 13:33:09.680619,124.49,68.07,204.63,127.65,120.93568167954675
2025-10-22 13:33:10.680619,46.09,21.43,57.4,97.83,47.59134394862446
2025-10-22 13:33:11.680618,95.68,55.79,185.7,32.49,90.25095826568653
2025-10-22 13:33:12.680618,68.76,22.96,179.85,40.77,73.82582666624336
2025-10-22 13:33:13.680617,83.54,84.93,76.01,104.09,85.9762558701866
2025-10-22 13:33:14.680617,83.36,64.21,93.72,126.38,85.43060503168873
2025-10-22 13:33:15.680616,64.91,41.35,118.12,31.4,62.54846988681079
2025-10-22 13:33:16.680616,122.68,95.05,188.78,63.32,116.80345097926076
2025-10-22 13:33:17.680615,110.67,69.67,213.96,92.89,117.6332181219504
2025-10-22 13:33:18.680614,110.45,91.01,154.06,120.34,115.68215972909846
2025-10-22 13:33:19.680614,96.92,54.47,225.19,44.77,103.90247984656811
2025-10-22 13:33:20.680613,86.31,62.98,176.34,26.77,89.87419375574582
2025-10-22 13:33:21.680613,105.78,28.44,264.71,84.83,110.80214154885513
2025-10-22 13:33:22.680612,79.14,92.32,54.74,99.61,82.36538425746495
2025-10-22 13:33:23.680612,78.33,98.06,79.57,24.61,77.78880049569884
2025-10-22 13:33:24.680611,92.56,46.54,167.7,69.18,87.53003359911426
2025-10-22 13:33:25.680611,127.14,47.67,242.54,119.25,120.52682104949893
2025-10-22 13:33:26.680610,85.92,55.41,75.51,115.44,73.41317249760307
2025-10-22 13:33:27.680610,43.17,21.24,78.26,39.66,42.21695291804713
2025-10-22 13:33:28.680609,110.6,37.5,264.14,32.38,104.71810422434768
2025-10-22 13:33:29.680609,57.68,24.94,159.63,18.84,64.37799897561322
2025-10-22 13:33:30.680608,51.23,41.36,86.85,23.9,51.665782861524164
2025-10-22 13:33:31.680607,84.51,60.51,139.17,22.22,76.57179147814615
2025-10-22 13:33:32.680607,92.49,38.54,187.43,69.21,89.49142727595917
2025-10-22 13:33:33.680606,109.9,98.84,132.9,110.37,111.23291142073184
2025-10-22 13:33:34.680606,125.81,44.48,277.69,76.91,121.10001153346869
2025-10-22 13:33:35.680605,91.14,29.71,249.3,21.85,94.29676214426674
2025-10-22 13:33:36.680605,122.38,87.47,204.38,70.67,119.18558749551914
2025-10-22 13:33:37.680604,134.94,92.14,238.78,99.15,137.4997726620499
2025-10-22 13:33:38.680604,86.14,65.14,86.47,105.64,79.59565289207099
2025-10-22 13:33:39.680603,87.94,23.02,193.74,75.83,84.9916035981805
2025-10-22 13:33:40.680603,113.22,56.87,279.72,37.16,119.97345944789967
2025-10-22 13:33:41.680602,96.84,83.1,132.48,71.69,95.60667380962096
2025-10-22 13:33:42.680602,54.74,56.19,97.94,36.38,64.84486327912657
2025-10-22 13:33:43.680601,77.67,76.62,117.39,40.37,81.63316992059558
2025-10-22 13:33:44.680600,109.48,62.01,212.08,86.08,111.91033548667426
2025-10-22 13:33:45.680600,92.48,97.72,102.6,45.38,88.66568182292528
2025-10-22 13:33:46.680599,46.17,22.9,73.33,48.66,43.346878564911506
2025-10-22 13:33:47.680599,68.63,76.54,129.6,19.53,81.12547374189653
2025-10-22 13:33:48.680598,125.95,53.32,296.83,85.03,132.8569258734007
2025-10-22 13:33:49.680598,82.75,94.86,57.48,118.66,88.23325011016819
2025-10-22 13:33:50.680597,86.65,50.64,102.48,115.53,79.16729034678556
2025-10-22 13:33:51.680597,125.84,77.97,173.74,125.61,116.16491896173753
2025-10-22 13:33:52.680596,115.96,37.4,236.14,116.16,112.88729295265031
2025-10-22 13:33:53.680596,142.62,82.32,273.76,115.01,146.28354252569954
2025-10-22 13:33:54.680595,67.94,85.65,50.44,52.06,68.31805529537941
2025-10-22 13:33:55.680595,53.34,23.34,69.6,88.03,50.261327213840744
2025-10-22 13:33:56.680594,81.7,89.54,68.98,78.99,81.1700723518243
2025-10-22 13:33:57.680594,112.33,26.06,247.46,106.34,108.70584579072943
2025-10-22 13:33:58.680593,150.11,98.61,286.91,113.12,157.95397450588155
2025-10-22 13:33:59.680592,65.16,64.58,75.0,53.56,65.5294881738521
2025-10-22 13:34:00.680592,74.31,38.39,75.62,140.07,69.88052776187969
2025-10-22 13:34:01.680591,105.25,66.97,164.05,86.17,99.95655029076414
2025-10-22 13:34:02.680591,88.59,21.94,221.08,35.22,84.60921550076499
2025-10-22 13:34:03.680590,95.31,91.85,118.89,66.91,94.92022710112076
2025-10-22 13:34:04.680590,41.17,20.96,55.03,142.97,55.608078361858304
2025-10-22 13:34:05.680589,103.48,35.93,197.45,123.37,101.95982082871451
2025-10-22 13:34:06.680589,117.39,79.33,192.34,84.25,114.218978798228
2025-10-22 13:34:07.680588,151.39,50.55,284.46,143.15,139.30253804037983
2025-10-22 13:34:08.680588,86.05,68.66,148.54,59.8,90.89871801001456
2025-10-22 13:34:09.680587,58.49,50.26,68.35,60.33,57.76037642983799
2025-10-22 13:34:10.680587,81.46,34.65,135.46,133.95,84.79280213244274
2025-10-22 13:34:11.680586,64.55,53.79,55.16,81.71,59.79479598336044
2025-10-22 13:34:12.680586,101.39,26.08,291.69,24.81,105.82174616544867
2025-10-22 13:34:13.680585,84.51,64.05,142.55,64.93,87.82654964184363
2025-10-22 13:34:14.680584,92.36,41.95,150.11,143.5,94.71901264206647
2025-10-22 13:34:15.680584,128.91,89.42,207.39,119.68,130.79005079123363
2025-10-22 13:34:16.680583,117.07,79.17,226.21,94.85,126.4241056233511
2025-10-22 13:34:17.680583,57.01,33.81,91.4,52.32,54.925090956788445
2025-10-22 13:34:18.680582,68.65,28.72,101.9,118.19,68.6306479168122
2025-10-22 13:34:19.680582,85.77,65.12,127.3,48.07,80.42704566256857
2025-10-22 13:34:20.680581,116.67,66.64,218.24,109.26,120.6645017043885
2025-10-22 13:34:21.680581,69.38,33.97,145.12,37.71,68.24986882588087
2025-10-22 13:34:22.680580,65.33,68.09,56.91,57.04,62.527170015402696
2025-10-22 13:34:23.680580,111.78,78.45,203.13,10.15,102.31222243977122
2025-10-22 13:34:24.680579,95.45,21.23,229.68,87.26,97.17385852176551
2025-10-22 13:34:25.680579,138.28,58.04,237.65,149.57,130.22923552089364
2025-10-22 13:34:26.680578,122.39,60.2,273.16,66.42,125.4658077711121
2025-10-22 13:34:27.680577,112.65,55.34,260.85,23.09,110.74813070521151
2025-10-22 13:34:28.680577,106.56,36.86,212.32,113.3,104.89180084143447
2025-10-22 13:34:29.680576,74.55,32.24,140.98,71.02,72.75975538411507
2025-10-22 13:34:30.680576,142.4,83.77,218.64,144.16,136.2247974501359
2025-10-22 13:34:31.680575,120.21,70.86,180.05,140.43,117.47153020770453
2025-10-22 13:34:32.680575,79.96,30.89,201.51,35.09,83.14804270126113
2025-10-22 13:34:33.680574,139.76,84.66,282.91,59.1,139.0952864421559
2025-10-22 13:34:34.680574,92.68,42.61,157.05,137.51,95.94349082700309
2025-10-22 13:34:35.680573,131.7,73.57,262.68,41.58,124.02652384405559
2025-10-22 13:34:36.680573,112.58,38.53,236.15,101.91,110.622368477886
2025-10-22 13:34:37.680572,85.63,25.78,246.8,13.08,89.85154002472339
2025-10-22 13:34:38.680572,92.98,66.27,121.67,115.94,92.78186764252355
2025-10-22 13:34:39.680571,112.52,24.31,280.87,112.6,119.1210494734698
2025-10-22 13:34:40.680570,63.21,34.64,170.3,12.91,71.22680262288551
2025-10-22 13:34:41.680570,74.05,87.79,56.35,40.76,68.913957679585
2025-10-22 13:34:42.680569,92.72,22.71,240.9,41.87,92.26924262801354
2025-10-22 13:34:43.680569,132.87,39.73,243.26,140.76,121.06923544303176
2025-10-22 13:34:44.680568,100.68,98.67,75.2,149.49,101.57340849990418
2025-10-22 13:34:45.680568,92.78,65.1,83.61,135.56,84.6568092131113
2025-10-22 13:34:46.680567,121.78,86.74,252.94,10.65,121.50111630667988
2025-10-22 13:34:47.680567,83.23,92.2,101.47,19.5,80.44507173972823
2025-10-22 13:34:48.680566,111.43,63.94,213.71,87.52,113.6450391973103
2025-10-22 13:34:49.680566,41.34,47.16,61.81,36.21,49.46550599985597
2025-10-22 13:34:50.680565,89.78,35.17,163.42,86.24,83.98197686079678
2025-10-22 13:34:51.680565,127.72,39.66,265.51,109.71,121.55693365843409
2025-10-22 13:34:52.680564,113.97,59.1,220.47,86.47,113.06370419814189
2025-10-22 13:34:53.680564,82.22,42.78,160.45,70.13,83.67152122774142
2025-10-22 13:34:54.680563,43.79,20.64,52.86,91.12,44.502031361196885
2025-10-22 13:34:55.680562,62.7,27.89,59.79,141.02,60.094588201696496
2025-10-22 13:34:56.680562,87.17,29.42,187.02,80.66,87.11053320235048
2025-10-22 13:34:57.680561,150.12,77.42,284.5,93.86,142.87776256055577
2025-10-22 13:34:58.680561,116.13,93.01,162.51,118.08,118.766826816166
2025-10-22 13:34:59.680560,113.55,76.0,163.01,142.25,115.26503569168422
2025-10-22 13:35:00.680560,127.05,38.88,270.27,107.82,122.22481544753353
2025-10-22 13:35:01.680559,81.59,82.57,103.83,51.92,82.80695309168097
2025-10-22 13:35:02.680559,59.06,42.83,121.45,22.56,62.52945434170936
2025-10-22 13:35:03.680558,58.51,41.9,109.22,17.52,57.39085521360689
2025-10-22 13:35:04.680558,97.39,25.61,255.54,74.77,104.64256122566957
2025-10-22 13:35:05.680557,73.1,33.86,192.12,14.78,77.76879625146063
2025-10-22 13:35:06.680557,94.05,77.21,75.9,124.59,86.17797109248214
2025-10-22 13:35:07.680556,97.35,76.13,159.81,47.65,95.58494790487393
2025-10-22 13:35:08.680556,73.54,48.05,156.36,25.37,76.17338798481452
2025-10-22 13:35:09.680555,116.92,93.68,153.56,145.91,121.9353467946354
2025-10-22 13:35:10.680554,127.61,32.23,292.28,131.95,130.32727253581083
2025-10-22 13:35:11.680554,146.87,85.77,270.27,111.48,146.2477583666294
2025-10-22 13:35:12.680553,88.51,20.68,203.07,125.16,96.42775473513063
2025-10-22 13:35:13.680553,141.47,59.02,299.68,81.09,135.76315161305286
2025-10-22 13:35:14.680552,161.04,97.15,293.35,85.31,153.6425249015724
2025-10-22 13:35:15.680552,70.9,85.72,65.08,29.23,68.22012963663317
2025-10-22 13:35:16.680551,72.15,46.22,134.48,70.31,77.61079174833104
2025-10-22 13:35:17.680551,137.6,57.78,291.9,99.61,136.4858809628384
2025-10-22 13:35:18.680550,107.01,68.03,249.12,19.11,112.73706781784368
2025-10-22 13:35:19.680550,102.62,75.93,205.73,24.25,104.64123676774531
2025-10-22 13:35:20.680549,124.56,92.97,241.77,80.01,135.0105579447839
2025-10-22 13:35:21.680548,116.16,67.55,178.92,118.09,111.05177814304874
2025-10-22 13:35:22.680548,63.33,48.11,82.18,79.56,64.66707547893395
2025-10-22 13:35:23.680547,85.58,46.86,149.53,105.02,89.34388617420814
2025-10-22 13:35:24.680547,90.33,72.74,118.38,95.33,90.91537168330268
2025-10-22 13:35:25.680546,87.22,89.04,60.81,123.49,87.30157880458418
2025-10-22 13:35:26.680546,60.34,33.96,63.28,131.41,62.2512172665329
2025-10-22 13:35:27.680545,94.97,77.78,157.24,29.14,91.95710242992621
2025-10-22 13:35:28.680545,114.33,36.6,267.16,92.91,117.19691667207351
2025-10-22 13:35:29.680544,65.94,48.05,89.68,76.59,66.30177428859407
2025-10-22 13:35:30.680544,140.25,88.76,277.56,40.32,135.7955018978603
2025-10-22 13:35:31.680543,88.42,54.77,106.0,130.46,85.24152105878073
2025-10-22 13:35:32.680543,143.56,79.29,290.91,127.89,152.4900980655047
2025-10-22 13:35:33.680542,90.08,94.37,113.15,49.42,90.97436650989621
2025-10-22 13:35:34.680542,111.44,48.87,195.27,138.08,110.65422717213461
2025-10-22 13:35:35.680541,149.52,98.53,230.15,140.35,146.26094690674574
2025-10-22 13:35:36.680540,106.51,50.24,221.25,63.79,104.39312207578747
2025-10-22 13:35:37.680540,75.61,68.62,79.84,67.95,71.84852693536965
2025-10-22 13:35:38.680539,97.58,70.02,155.2,49.93,91.61644248039451
2025-10-22 13:35:39.680539,96.87,69.03,150.69,82.94,96.32320894843616
2025-10-22 13:35:40.680538,129.54,88.44,235.82,90.96,133.14572239642519
2025-10-22 13:35:41.680538,95.32,77.21,175.63,11.91,93.78019195018855
2025-10-22 13:35:42.680537,98.39,41.14,175.29,120.85,97.38752521416728
2025-10-22 13:35:43.680537,63.55,37.92,92.04,81.26,62.905464113505545
2025-10-22 13:35:44.680536,112.24,64.98,170.72,132.74,110.21910071291094
2025-10-22 13:35:45.680536,110.48,56.64,234.55,28.64,104.5912215667904
2025-10-22 13:35:46.680535,68.19,60.56,50.36,85.41,62.450265814512136
2025-10-22 13:35:47.680535,69.61,43.26,118.75,79.39,73.21520457701604
2025-10-22 13:35:48.680534,103.33,27.04,258.05,64.55,104.07824494927414
2025-10-22 13:35:49.680534,124.4,47.62,266.23,70.47,117.93696169107662
2025-10-22 13:35:50.680533,100.22,87.59,114.12,122.34,102.37572475780927
2025-10-22 13:35:51.680533,68.42,60.74,50.93,103.2,66.24322851230347
2025-10-22 13:35:52.680532,119.09,80.3,202.81,113.13,123.58190965356661
2025-10-22 13:35:53.680531,46.71,32.94,72.31,73.35,52.930669385807036
2025-10-22 13:35:54.680531,104.1,96.18,126.61,64.3,98.87360074131911
2025-10-22 13:35:55.680530,90.97,64.69,176.26,65.96,98.48092015526554
2025-10-22 13:35:56.680530,118.03,78.57,261.42,13.04,120.46532318517046
2025-10-22 13:35:57.680529,74.47,61.23,109.58,48.91,73.33523691859313
2025-10-22 13:35:58.680529,137.78,85.08,265.23,42.95,130.78345342277143
2025-10-22 13:35:59.680528,131.0,61.06,262.79,77.07,124.89083070440138
2025-10-22 13:36:00.680528,115.86,22.53,266.73,128.54,117.15166683606674
2025-10-22 13:36:01.680527,108.51,85.3,132.06,142.84,110.70033070409875
2025-10-22 13:36:02.680527,144.32,94.08,261.48,66.69,138.84139037142123
2025-10-22 13:36:03.680526,75.22,25.86,118.24,118.36,72.15463270091756
2025-10-22 13:36:04.680525,81.19,39.71,160.2,38.31,75.75324182240898
2025-10-22 13:36:05.680525,115.96,77.0,237.47,31.91,116.23352915433406
2025-10-22 13:36:06.680524,102.21,89.4,147.77,73.74,103.73928627838947
2025-10-22 13:36:07.680524,121.46,77.33,190.1,146.61,124.93368022613078
2025-10-22 13:36:08.680523,97.69,47.96,234.95,44.88,103.6234427670812
2025-10-22 13:36:09.680523,57.28,23.3,88.26,117.04,61.60986405315071
2025-10-22 13:36:10.680522,108.62,58.96,221.39,53.63,106.75026397201684
2025-10-22 13:36:11.680522,100.06,47.72,192.25,67.3,95.12177495042053
2025-10-22 13:36:12.680521,134.77,42.99,291.96,73.57,123.98557756463873
2025-10-22 13:36:13.680521,123.88,22.18,268.53,127.15,117.2428007641661
2025-10-22 13:36:14.680520,85.73,32.95,187.5,47.48,82.42069660785558
2025-10-22 13:36:15.680520,117.05,56.49,216.3,113.15,115.81097548759347
2025-10-22 13:36:16.680519,115.2,62.21,275.36,50.22,123.90914549839587
2025-10-22 13:36:17.680519,126.55,81.26,257.25,64.33,130.7321099398503
2025-10-22 13:36:18.680518,100.04,94.85,65.1,133.15,93.39555012817706
2025-10-22 13:36:19.680518,81.93,34.81,174.02,36.16,77.04564854681202
2025-10-22 13:36:20.680517,79.57,45.91,183.76,55.98,89.42316625274472
2025-10-22 13:36:21.680516,67.9,27.14,79.93,141.3,65.8308496825752
2025-10-22 13:36:22.680516,163.69,88.8,291.61,149.16,161.64849138888997
2025-10-22 13:36:23.680515,75.66,46.1,75.41,91.6,64.02420608083877
2025-10-22 13:36:24.680514,139.25,77.33,269.62,101.59,139.89550387594076
2025-10-22 13:36:25.680513,129.33,59.86,222.19,128.69,122.34106136575917
2025-10-22 13:36:26.680513,81.66,21.93,161.61,129.31,85.41153657965384
2025-10-22 13:36:27.680512,71.68,28.85,146.16,39.84,66.44160688881655
2025-10-22 13:36:28.680512,153.33,95.07,280.18,137.47,159.00713848838228
2025-10-22 13:36:29.680511,123.1,60.12,269.97,36.43,118.51274269477531
2025-10-22 13:36:30.680511,85.73,22.11,254.27,10.66,89.79287705075745
2025-10-22 13:36:31.680510,51.08,50.18,83.14,17.52,53.66597074736826
2025-10-22 13:36:32.680510,132.79,68.9,287.32,31.57,127.12465800462786
2025-10-22 13:36:33.680509,78.29,25.14,155.28,64.35,72.20596185937968
2025-10-22 13:36:34.680509,116.6,74.51,205.93,53.28,109.75977602854783
2025-10-22 13:36:35.680508,66.42,56.95,80.29,58.01,64.21220817613894
2025-10-22 13:36:36.680507,39.58,45.16,53.19,12.38,41.1495598326623
2025-10-22 13:36:37.680507,91.94,94.17,109.13,54.57,90.68928317764755
2025-10-22 13:36:38.680506,132.31,77.61,244.26,135.32,139.10951184216822
2025-10-22 13:36:39.680506,106.49,47.15,206.82,105.08,106.71898908755333
2025-10-22 13:36:40.680505,66.47,63.16,54.16,86.41,65.08269804132948
2025-10-22 13:36:41.680505,120.95,58.27,234.68,138.02,127.15758242363539
2025-10-22 13:36:42.680504,160.95,93.3,276.11,113.25,152.09557814536421
2025-10-22 13:36:43.680504,113.22,28.26,279.74,63.6,111.01490844463432
2025-10-22 13:36:44.680503,40.34,33.57,55.41,37.61,41.06800210789937
2025-10-22 13:36:45.680503,103.94,59.86,250.92,24.01,110.19189256945252
2025-10-22 13:36:46.680502,103.64,98.56,119.0,110.94,107.02918283081655
2025-10-22 13:36:47.680502,86.66,35.9,202.22,24.69,83.78562140482298
2025-10-22 13:36:48.680501,86.92,49.51,201.37,68.65,99.02025123332226
2025-10-22 13:36:49.680500,107.79,56.8,197.62,115.08,110.73372485743597
2025-10-22 13:36:50.680500,124.33,66.62,227.73,130.25,127.6744601048543
2025-10-22 13:36:51.680499,132.79,73.02,273.14,79.33,134.39241444710032
2025-10-22 13:36:52.680499,95.57,54.12,176.82,60.45,92.30375237766765
2025-10-22 13:36:53.680498,94.01,39.4,234.21,14.24,93.06459464473022
2025-10-22 13:36:54.680498,92.73,20.7,219.34,65.7,89.52199470089128
2025-10-22 13:36:55.680497,59.4,43.92,84.89,39.5,55.44595162295377
2025-10-22 13:36:56.680497,126.81,89.96,142.33,147.87,117.10101287421648
2025-10-22 13:36:57.680496,113.36,36.57,231.64,109.08,109.71666597612858
2025-10-22 13:36:58.680496,71.86,80.68,114.3,14.74,77.63270770014124
2025-10-22 13:36:59.680495,95.25,57.69,187.38,107.44,106.58123595833294
2025-10-22 13:37:00.680495,106.13,96.63,186.29,13.94,107.03561698974993
2025-10-22 13:37:01.680494,74.79,64.92,118.32,50.26,78.06347273019699
2025-10-22 13:37:02.680493,129.7,78.53,276.94,39.22,130.30820206813797
2025-10-22 13:37:03.680493,116.46,78.46,163.79,87.9,105.93044656687776
2025-10-22 13:37:04.680492,104.24,21.06,249.98,84.08,102.55938481273425
2025-10-22 13:37:05.680492,101.42,85.07,153.45,19.09,92.4444186809968
2025-10-22 13:37:06.680491,72.49,68.89,109.63,71.36,81.61342444804386
2025-10-22 13:37:07.680491,109.66,32.99,243.61,90.2,107.78709762598059
2025-10-22 13:37:08.680490,78.78,44.24,196.14,38.54,88.85168127560125
2025-10-22 13:37:09.680490,95.91,81.9,194.74,17.43,102.95002335599214
2025-10-22 13:37:10.680489,96.06,31.93,220.21,59.53,94.13779980344839
2025-10-22 13:37:11.680489,94.7,39.96,251.66,55.24,106.72817095745197
2025-10-22 13:37:12.680488,98.38,29.58,214.93,115.87,102.56963340161374
2025-10-22 13:37:13.680488,132.89,50.17,267.56,135.53,132.52131625996137
2025-10-22 13:37:14.680487,41.92,33.91,56.34,27.64,39.5368957863794
2025-10-22 13:37:15.680487,112.53,33.71,192.11,143.61,103.27053360635804
2025-10-22 13:37:16.680486,43.56,38.19,67.88,17.52,43.12245446021917
2025-10-22 13:37:17.680486,112.1,31.86,216.4,125.88,106.13171530538914
2025-10-22 13:37:18.680485,98.67,82.1,138.77,55.48,93.78186720394048
2025-10-22 13:37:19.680484,133.25,92.42,226.15,80.48,130.1358668133987
2025-10-22 13:37:20.680484,138.38,49.72,282.14,92.65,128.16606811264828
2025-10-22 13:37:21.680483,90.12,89.14,118.13,47.41,89.4736625526934
2025-10-22 13:37:22.680483,107.8,21.54,286.31,59.88,108.91230103295014
2025-10-22 13:37:23.680482,73.08,52.7,122.7,37.04,70.68385565694247
2025-10-22 13:37:24.680482,77.39,38.38,105.95,121.16,75.23696796251521
2025-10-22 13:37:25.680481,124.32,89.18,264.67,18.13,127.72410826464792
2025-10-22 13:37:26.680481,81.35,90.96,83.97,91.65,88.89461912153097
2025-10-22 13:37:27.680480,76.05,54.62,93.01,91.91,73.60859265826431
2025-10-22 13:37:28.680480,66.92,46.88,159.6,11.98,73.90732376407978
2025-10-22 13:37:29.680479,89.57,93.3,72.94,64.84,81.41887351166359
2025-10-22 13:37:30.680479,91.79,61.08,106.04,144.01,91.07888579543014
2025-10-22 13:37:31.680478,119.33,82.85,245.0,53.12,125.6144483666994
2025-10-22 13:37:32.680478,89.57,36.81,148.07,134.42,89.7493362320191
2025-10-22 13:37:33.680477,152.32,83.74,277.22,123.93,149.80004791805248
2025-10-22 13:37:34.680476,69.15,73.64,87.05,23.61,67.70591143067878
2025-10-22 13:37:35.680476,110.98,92.78,115.18,123.16,105.43566575300252
2025-10-22 13:37:36.680475,71.62,78.75,75.75,78.86,77.81828501969119
2025-10-22 13:37:37.680475,44.51,51.49,74.12,13.38,50.783760158993914
2025-10-22 13:37:38.680474,102.05,96.78,61.94,124.18,91.62365793721776
2025-10-22 13:37:39.680474,114.9,65.13,253.73,27.73,114.39335720395029
2025-10-22 13:37:40.680473,67.19,34.21,87.4,138.58,71.04855036885026
2025-10-22 13:37:41.680473,72.92,72.75,77.74,69.9,73.65642163936701
2025-10-22 13:37:42.680472,98.41,86.91,121.94,59.17,91.8458267931401
2025-10-22 13:37:43.680472,96.48,74.26,151.78,43.84,91.48590198534625
2025-10-22 13:37:44.680471,70.43,85.47,82.62,17.43,71.02485706924276
2025-10-22 13:37:45.680471,143.35,96.11,242.67,100.51,140.91138739242047
2025-10-22 13:37:46.680470,105.59,40.2,204.27,130.99,107.64405248575366
2025-10-22 13:37:47.680470,119.46,45.63,245.21,110.23,118.52486320602138
2025-10-22 13:37:48.680469,55.65,22.15,141.03,30.29,59.67482872559972
2025-10-22 13:37:49.680469,95.19,70.46,165.65,95.6,104.04370718013345
2025-10-22 13:37:50.680468,108.52,56.52,243.99,47.02,111.01825224914437
2025-10-22 13:37:51.680467,126.01,64.34,208.63,143.19,123.37023202675381
2025-10-22 13:37:52.680467,99.56,69.16,183.72,50.64,99.9021264743228
2025-10-22 13:37:53.680466,107.92,35.48,277.45,27.88,106.8214949117703
2025-10-22 13:37:54.680466,146.13,78.1,252.86,139.06,142.68035655711762
2025-10-22 13:37:55.680465,113.08,45.75,276.4,24.37,110.91141381985229
2025-10-22 13:37:56.680465,100.72,69.51,190.88,48.03,101.70981224957515
2025-10-22 13:37:57.680464,74.77,25.89,148.66,97.59,77.18869243081946
2025-10-22 13:37:58.680464,130.05,33.09,283.96,147.8,131.40090730175962
2025-10-22 13:37:59.680463,53.92,47.41,58.57,92.44,59.78039427273402
2025-10-22 13:38:00.680463,57.84,68.25,56.54,59.39,62.96204884790583
2025-10-22 13:38:01.680462,34.5,44.38,62.86,30.06,47.17882780102521
2025-10-22 13:38:02.680462,110.03,89.04,110.26,148.86,107.20152191564966
2025-10-22 13:38:03.680461,125.69,61.77,280.92,34.55,122.25037051558081
2025-10-22 13:38:04.680460,96.77,28.58,207.53,134.39,103.52581436652993
2025-10-22 13:38:05.680460,96.3,56.74,134.67,139.83,96.69775908430778
2025-10-22 13:38:06.680459,66.96,28.68,65.83,141.83,62.46329327475022
2025-10-22 13:38:07.680459,71.66,37.3,91.08,139.03,73.77915807898984
2025-10-22 13:38:08.680458,85.73,31.53,131.55,138.23,82.91730477519545
2025-10-22 13:38:09.680458,141.69,70.13,269.22,107.49,137.36956892907415
2025-10-22 13:38:10.680457,69.37,23.15,82.07,133.31,62.90528795675483
2025-10-22 13:38:11.680457,79.49,25.51,144.84,140.6,84.39141596891348
2025-10-22 13:38:12.680456,115.04,32.75,289.18,49.71,113.3250883493895
2025-10-22 13:38:13.680456,91.32,55.39,200.62,15.09,91.0818100275547
2025-10-22 13:38:14.680455,63.41,66.04,50.2,102.95,68.6073682030352
2025-10-22 13:38:15.680455,152.09,72.75,282.6,123.86,145.94302902495554
2025-10-22 13:38:16.680454,135.46,96.06,254.25,43.82,133.11120579321545
2025-10-22 13:38:17.680454,112.12,97.05,185.36,30.85,110.32225311908903
2025-10-22 13:38:18.680453,97.57,24.64,264.26,45.73,101.01561788260285
2025-10-22 13:38:19.680453,112.3,47.47,244.9,76.13,112.57527862153766
2025-10-22 13:38:20.680452,110.35,37.44,222.84,85.81,102.88370254861381
2025-10-22 13:38:21.680451,74.07,66.93,53.21,148.91,79.0796150316537
2025-10-22 13:38:22.680451,140.77,42.18,264.53,127.44,126.03469125154406
2025-10-22 13:38:23.680450,115.0,32.68,294.77,66.27,118.25844057041267
2025-10-22 13:38:24.680450,101.24,24.23,239.03,111.61,106.30928776122265
2025-10-22 13:38:25.680449,113.98,95.5,175.08,100.55,120.30138175197565
2025-10-22 13:38:26.680449,83.11,47.15,155.33,31.76,76.68540381948308
2025-10-22 13:38:27.680448,44.1,31.42,88.74,24.01,47.31721601309068
2025-10-22 13:38:28.680448,56.72,35.41,100.67,40.54,56.167285364617264
2025-10-22 13:38:29.680447,112.66,86.6,227.88,17.29,115.21789046238779
2025-10-22 13:38:30.680447,104.72,37.09,234.39,27.15,94.53431126417625
2025-10-22 13:38:31.680446,129.28,84.15,166.74,149.32,121.83902389864926
2025-10-22 13:38:32.680446,56.71,50.16,84.18,77.41,65.85980941593021
2025-10-22 13:38:33.680445,93.62,87.82,95.93,101.48,92.88103556151984
2025-10-22 13:38:34.680444,91.84,61.65,165.74,56.68,91.96611880851569
2025-10-22 13:38:35.680444,89.81,22.08,225.98,56.62,90.40049944738858
2025-10-22 13:38:36.680443,52.67,55.08,66.94,50.45,57.76961595093965
2025-10-22 13:38:37.680443,69.39,46.29,74.22,110.49,67.51155621408908
2025-10-22 13:38:38.680442,98.35,96.62,159.83,19.06,100.09439723409143
2025-10-22 13:38:39.680442,127.1,57.35,273.94,111.02,133.1396406217679
2025-10-22 13:38:40.680441,87.93,74.68,150.52,16.44,85.87557837238114
2025-10-22 13:38:41.680441,164.49,91.78,291.52,117.87,156.88934065642573
2025-10-22 13:38:42.680440,110.11,47.34,260.83,74.22,116.9193879189818
2025-10-22 13:38:43.680440,52.27,35.53,66.25,54.32,48.6176395317842
2025-10-22 13:38:44.680439,87.79,70.21,60.51,147.05,82.5339971623653
2025-10-22 13:38:45.680439,85.11,42.31,131.29,149.83,90.49814733807645
2025-10-22 13:38:46.680438,96.28,34.58,170.72,148.13,98.17123347332831
2025-10-22 13:38:47.680438,79.36,28.63,236.06,23.07,90.02299921715337
2025-10-22 13:38:48.680437,85.73,48.54,168.83,33.0,81.67976338701182
2025-10-22 13:38:49.680437,69.34,65.68,83.24,41.19,66.09654664588219
2025-10-22 13:38:50.680436,69.62,27.9,155.02,68.14,74.25156699080352
2025-10-22 13:38:51.680435,84.33,41.8,153.7,98.01,86.6914361867714
2025-10-22 13:38:52.680435,60.21,30.9,60.4,95.34,52.70359224750128
2025-10-22 13:38:53.680434,134.98,88.86,210.08,131.38,133.64337641615273
2025-10-22 13:38:54.680434,138.63,82.37,280.71,60.73,137.61995549133755
2025-10-22 13:38:55.680433,142.87,54.65,290.27,101.94,134.90351965358502
2025-10-22 13:38:56.680433,91.96,84.66,91.84,130.8,95.9032699356589
2025-10-22 13:38:57.680432,87.32,70.24,149.78,10.9,82.347278871783
2025-10-22 13:38:58.680432,54.59,42.9,87.24,59.77,59.67012416850059
2025-10-22 13:38:59.680431,68.02,41.65,79.32,135.24,71.65326048624517
2025-10-22 13:39:00.680431,129.14,73.36,243.18,70.1,123.7239223220305
2025-10-22 13:39:01.680430,138.0,95.16,269.51,91.55,146.72743149393136
2025-10-22 13:39:02.680430,93.01,70.83,160.59,60.87,95.81103684632201
2025-10-22 13:39:03.680429,102.5,65.29,188.53,74.44,104.15060246752608
2025-10-22 13:39:04.680429,125.66,87.88,260.37,12.47,124.66202617270675
2025-10-22 13:39:05.680428,117.5,80.37,197.82,68.99,113.35286960497174
2025-10-22 13:39:06.680427,81.6,66.13,113.78,98.84,86.94567521906646
2025-10-22 13:39:07.680427,107.98,37.92,194.49,142.16,105.78961360574561
2025-10-22 13:39:08.680426,61.86,26.46,94.55,71.28,55.98469172378031
2025-10-22 13:39:09.680426,80.48,70.86,96.0,147.2,93.55360912323364
2025-10-22 13:39:10.680425,133.19,39.26,281.67,91.88,122.67510367911444
2025-10-22 13:39:11.680425,98.52,55.98,207.16,46.01,99.4797868146414
2025-10-22 13:39:12.680424,90.46,43.82,181.38,23.55,81.23046827650829
2025-10-22 13:39:13.680424,113.66,58.21,239.71,58.9,112.9302726151313
2025-10-22 13:39:14.680423,34.38,24.75,70.5,17.38,37.204762394178005
2025-10-22 13:39:15.680423,89.17,85.2,64.7,102.24,82.34374179619094
2025-10-22 13:39:16.680422,60.87,57.47,59.89,67.99,60.320659237025836
2025-10-22 13:39:17.680422,103.66,70.37,135.48,135.27,102.80758326999266
2025-10-22 13:39:18.680421,113.04,74.6,199.39,79.36,113.0170232736811
2025-10-22 13:39:19.680420,92.99,85.56,53.02,123.75,83.2828756346185
2025-10-22 13:39:20.680420,121.75,60.93,269.77,44.12,120.38191469961436
2025-10-22 13:39:21.680419,47.4,29.2,73.16,94.85,55.59684721286433
2025-10-22 13:39:22.680419,115.09,38.05,207.98,147.49,110.96703648700056
2025-10-22 13:39:23.680418,143.5,86.32,244.06,91.02,134.58097918859517
2025-10-22 13:39:24.680418,107.55,69.05,160.91,145.69,111.86392049093647
2025-10-22 13:39:25.680417,69.19,46.43,124.9,29.57,66.74680683181752
2025-10-22 13:39:26.680417,86.96,71.22,66.47,134.82,82.3988603307004
2025-10-22 13:39:27.680416,110.26,98.18,179.25,45.32,111.92027025030666
2025-10-22 13:39:28.680416,74.84,35.94,123.45,82.3,71.56884262001597
2025-10-22 13:39:29.680415,126.64,72.48,220.4,143.73,131.05922313306974
2025-10-22 13:39:30.680415,65.62,79.87,53.75,29.2,61.90238121019356
2025-10-22 13:39:31.680414,96.35,33.73,188.52,134.85,100.46215523708851
2025-10-22 13:39:32.680413,70.72,49.07,69.52,139.53,73.24601070792329
2025-10-22 13:39:33.680413,77.61,42.41,81.14,138.3,73.18543424016411
2025-10-22 13:39:34.680412,85.21,55.69,160.19,67.07,89.39985562366847
2025-10-22 13:39:35.680412,87.72,53.31,133.07,118.17,90.21213865052472
2025-10-22 13:39:36.680411,93.94,94.03,76.08,130.09,95.68074085252252
2025-10-22 13:39:37.680411,100.83,71.8,147.37,109.59,101.9929328176494
2025-10-22 13:39:38.680410,44.09,52.82,73.55,18.52,52.2937712603207
2025-10-22 13:39:39.680410,101.32,77.44,130.19,124.29,102.5501047120482
2025-10-22 13:39:40.680409,71.59,28.21,103.38,139.77,73.10681615823974
2025-10-22 13:39:41.680409,67.28,27.89,97.66,143.93,72.05459565194067
2025-10-22 13:39:42.680408,97.54,48.0,131.62,139.25,91.32361675417928
2025-10-22 13:39:43.680408,77.58,57.88,105.19,86.63,77.84073050144033
2025-10-22 13:39:44.680407,147.73,52.13,276.63,135.42,136.19934141708117
2025-10-22 13:39:45.680407,133.15,93.72,278.86,29.28,136.4584975516593
2025-10-22 13:39:46.680406,78.82,89.18,54.46,89.18,78.65030632592921
2025-10-22 13:39:47.680406,107.99,76.99,165.62,91.7,106.50462769995767
2025-10-22 13:39:48.680405,111.16,66.76,198.88,43.32,101.81284700098479
2025-10-22 13:39:49.680404,99.41,51.6,185.36,33.83,88.33311763676468
2025-10-22 13:39:50.680404,132.41,76.83,251.4,99.55,133.7658350043381
2025-10-22 13:39:51.680403,110.38,44.45,218.22,115.26,110.82518851130193
2025-10-22 13:39:52.680403,91.51,30.83,170.72,99.23,86.59900803378724
2025-10-22 13:39:53.680402,77.67,32.82,125.92,91.92,72.67118104801898
2025-10-22 13:39:54.680402,132.16,65.81,297.73,55.32,133.43387071224652
2025-10-22 13:39:55.680401,131.97,96.86,230.93,60.63,129.83723223583985
2025-10-22 13:39:56.680401,107.76,39.1,248.06,34.68,101.13668219556932
2025-10-22 13:39:57.680400,123.93,69.56,220.89,131.16,127.25998067806299
2025-10-22 13:39:58.680400,133.02,37.76,281.36,130.67,129.53846423339974
2025-10-22 13:39:59.680399,102.26,45.06,244.26,63.84,108.74537907327236
2025-10-22 13:40:00.680399,76.28,71.13,118.45,36.19,78.39423900912092
2025-10-22 13:40:01.680398,140.56,78.31,292.72,71.88,141.4264052524026
2025-10-22 13:40:02.680398,98.91,47.26,194.6,60.91,94.33081336184397
2025-10-22 13:40:03.680397,118.9,66.18,281.53,19.8,121.69610170480051
2025-10-22 13:40:04.680396,111.12,36.69,236.3,139.22,117.16121064490407
2025-10-22 13:40:05.680396,67.85,41.47,57.99,129.12,63.93774713155754
2025-10-22 13:40:06.680395,78.2,97.06,79.6,47.97,81.93913047522528
2025-10-22 13:40:07.680395,90.23,96.6,82.22,137.83,100.33981046590743
2025-10-22 13:40:08.680394,65.09,36.15,119.05,26.66,59.3033578209227
2025-10-22 13:40:09.680394,60.3,43.11,105.97,30.05,59.50303346371665
2025-10-22 13:40:10.680393,112.43,61.8,243.64,53.7,114.8626236672942
2025-10-22 13:40:11.680393,120.59,70.91,218.3,88.91,118.76348569162741
2025-10-22 13:40:12.680392,62.96,23.55,110.92,67.94,58.79593951674718
2025-10-22 13:40:13.680392,111.11,58.11,194.47,100.18,107.47940038620493
2025-10-22 13:40:14.680391,73.97,93.16,62.08,39.28,73.01027882784271
2025-10-22 13:40:15.680391,126.94,56.38,213.31,146.9,121.55872961073025
2025-10-22 13:40:16.680390,97.58,25.95,232.29,126.51,108.09645683208076
2025-10-22 13:40:17.680390,123.44,88.2,227.65,81.33,128.65886286893544
2025-10-22 13:40:18.680389,145.54,83.99,254.17,104.77,139.19210727624085
2025-10-22 13:40:19.680388,136.89,64.03,283.33,69.52,131.04086439658863
2025-10-22 13:40:20.680388,80.09,75.98,73.1,117.87,83.3910440733407
2025-10-22 13:40:21.680387,52.23,55.16,74.55,31.57,56.34799306308183
2025-10-22 13:40:22.680387,120.32,29.89,296.54,81.29,120.38651274260661
2025-10-22 13:40:23.680386,111.06,85.55,115.06,148.73,106.88447219139711
2025-10-22 13:40:24.680386,155.05,81.65,299.23,141.2,158.8059822728174
2025-10-22 13:40:25.680385,126.09,91.83,192.01,97.9,123.04035428721723
2025-10-22 13:40:26.680385,142.95,58.2,289.73,140.26,144.1134121084119
2025-10-22 13:40:27.680384,106.24,71.2,174.41,95.21,106.96683471766869
2025-10-22 13:40:28.680384,109.38,82.03,174.44,61.24,105.61173272680453
2025-10-22 13:40:29.680383,98.75,62.02,139.5,96.74,92.21717300937281
2025-10-22 13:40:30.680383,143.41,91.05,228.59,135.67,141.14658526694365
2025-10-22 13:40:31.680382,106.6,55.68,153.51,124.3,98.75019120971216
2025-10-22 13:40:32.680382,92.25,28.83,152.25,116.56,83.49488170210284
2025-10-22 13:40:33.680381,110.95,73.39,248.4,46.15,120.55246722789357
2025-10-22 13:40:34.680381,81.43,44.37,174.23,65.43,87.67001300154989
2025-10-22 13:40:35.680380,65.11,36.79,51.43,149.27,63.64171058722079
2025-10-22 13:40:36.680380,70.04,56.73,111.72,33.06,68.59568579007383
2025-10-22 13:40:37.680379,113.49,96.6,197.1,58.31,119.07945876007958
2025-10-22 13:40:38.680378,58.92,32.57,119.82,11.48,54.74214912912001
2025-10-22 13:40:39.680378,91.87,96.47,123.87,10.99,87.60941532599455
2025-10-22 13:40:40.680377,84.08,91.15,55.84,104.71,83.12732024422901
2025-10-22 13:40:41.680377,38.7,31.34,50.2,54.56,41.75958816840906
2025-10-22 13:40:42.680376,69.37,89.85,59.92,12.63,65.42519660729454
2025-10-22 13:40:43.680376,117.32,22.48,258.61,128.39,114.65649177915009
2025-10-22 13:40:44.680375,128.29,62.74,289.29,57.37,129.77890804296618
2025-10-22 13:40:45.680375,125.82,63.3,271.3,80.89,129.3199573853313
2025-10-22 13:40:46.680374,141.37,90.57,260.47,92.05,141.8292011788213
2025-10-22 13:40:47.680374,106.47,31.6,224.83,145.17,112.36630503303753
2025-10-22 13:40:48.680373,120.64,97.73,148.23,106.77,114.5742429197639
2025-10-22 13:40:49.680373,98.49,77.62,128.45,62.4,89.82826503376498
2025-10-22 13:40:50.680372,147.37,92.95,244.68,100.98,140.03885737974278
2025-10-22 13:40:51.680372,79.86,25.01,162.42,68.34,75.07959277626762
2025-10-22 13:40:52.680371,122.31,26.93,279.48,124.73,122.41337696467019
2025-10-22 13:40:53.680370,117.47,73.07,224.05,90.0,121.78127624221288
2025-10-22 13:40:54.680370,48.59,20.33,53.5,133.1,52.875525507598354
2025-10-22 13:40:55.680369,94.73,55.04,204.38,54.38,99.83907878998188
2025-10-22 13:40:56.680369,136.78,84.52,226.65,106.14,131.4560157813603
2025-10-22 13:40:57.680368,94.92,51.52,197.94,49.65,95.21549192696355
2025-10-22 13:40:58.680368,102.82,42.05,214.77,123.78,110.287519197177
2025-10-22 13:40:59.680367,91.94,52.02,151.25,77.22,86.90477557150338
2025-10-22 13:41:00.680367,67.65,62.53,61.8,56.95,61.21667954699804
2025-10-22 13:41:01.680366,78.82,69.78,83.93,109.6,81.92376968173224
2025-10-22 13:41:02.680366,81.51,38.09,219.19,27.56,90.54402533908484
2025-10-22 13:41:03.680365,102.06,43.64,193.44,112.15,102.35737724076353
2025-10-22 13:41:04.680365,60.78,58.94,71.55,94.66,69.85087417032935
2025-10-22 13:41:05.680364,99.3,20.81,232.74,94.75,99.37204958599992
2025-10-22 13:41:06.680363,62.16,28.33,94.96,94.39,61.6254923675371
2025-10-22 13:41:07.680363,79.68,61.01,90.31,111.86,79.93289139982332
2025-10-22 13:41:08.680362,139.8,91.78,215.27,134.16,137.2059925288226
2025-10-22 13:41:09.680362,67.46,39.58,152.04,27.41,71.07187974379336
2025-10-22 13:41:10.680361,111.06,43.85,257.04,52.17,109.66829566330367
2025-10-22 13:41:11.680361,97.63,41.73,248.46,47.79,105.16656075838334
2025-10-22 13:41:12.680360,100.07,29.63,239.39,80.43,102.90955268705852
2025-10-22 13:41:13.680360,63.49,47.39,94.48,51.28,62.39124397801463
2025-10-22 13:41:14.680359,59.32,51.77,76.58,61.12,61.14105384070759
2025-10-22 13:41:15.680359,95.72,62.3,142.31,85.09,90.88774581018932
2025-10-22 13:41:16.680358,33.37,34.19,50.74,63.34,45.08112340549149
2025-10-22 13:41:17.680358,145.84,91.09,247.06,145.01,148.5722725460049
2025-10-22 13:41:18.680357,131.05,80.55,247.09,74.17,129.27940523932713
2025-10-22 13:41:19.680356,56.76,46.82,93.57,65.48,64.6539599707944
2025-10-22 13:41:20.680356,106.23,54.46,236.79,51.5,108.72025831977743
2025-10-22 13:41:21.680355,128.42,70.69,167.78,144.64,114.53509023424022
2025-10-22 13:41:22.680355,63.38,56.92,104.37,22.53,64.3902262464999
2025-10-22 13:41:23.680354,71.26,24.08,136.11,73.91,67.81572341282317
2025-10-22 13:41:24.680354,114.95,54.73,176.62,134.24,107.1977500811537
2025-10-22 13:41:25.680353,74.16,52.75,157.25,12.51,76.22261665890326
2025-10-22 13:41:26.680353,63.93,26.34,114.16,57.4,59.06318180168298
2025-10-22 13:41:27.680352,94.1,37.28,181.32,98.01,92.74725570757492
2025-10-22 13:41:28.680352,84.34,98.47,79.34,47.82,82.53172913697016
2025-10-22 13:41:29.680351,100.65,95.28,135.53,98.38,107.87405802166543
2025-10-22 13:41:30.680351,96.52,60.02,154.32,105.96,97.50846009270371
2025-10-22 13:41:31.680350,111.07,71.05,204.23,41.2,105.13130896802363
2025-10-22 13:41:32.680349,152.23,95.42,264.7,84.57,144.0250279482587
2025-10-22 13:41:33.680349,90.14,58.44,178.33,62.55,95.32085024564601
2025-10-22 13:41:34.680348,106.52,34.49,215.0,119.1,105.67141460454208
2025-10-22 13:41:35.680347,118.02,35.11,257.37,102.58,115.43414019866722
2025-10-22 13:41:36.680347,44.03,30.2,82.29,41.2,48.18555512433676
2025-10-22 13:41:37.680346,82.95,67.05,133.87,61.43,86.01324067426765
2025-10-22 13:41:38.680346,142.72,85.32,283.73,72.23,142.27662097179402
2025-10-22 13:41:39.680345,134.59,54.45,264.82,144.66,135.6369693377287
2025-10-22 13:41:40.680345,96.55,92.64,86.58,112.6,94.67338638512311
2025-10-22 13:41:41.680344,103.81,98.83,157.58,90.08,114.61718515636764
2025-10-22 13:41:42.680343,117.51,72.11,263.56,31.88,121.63970839938938
2025-10-22 13:41:43.680343,98.11,83.0,164.11,29.59,96.70474093685704
2025-10-22 13:41:44.680342,79.65,50.81,108.09,136.17,85.03597864639441
2025-10-22 13:41:45.680342,49.33,37.42,64.79,18.72,42.04942595576425
2025-10-22 13:41:46.680341,143.57,91.45,203.2,145.48,135.6618666259082
2025-10-22 13:41:47.680341,124.49,94.04,258.16,41.95,132.9115159155155
2025-10-22 13:41:48.680340,81.2,25.69,212.91,18.17,80.63145317959095
2025-10-22 13:41:49.680340,95.83,69.55,122.57,70.0,85.56055454693781
2025-10-22 13:41:50.680339,80.2,60.63,51.34,135.66,72.75675805846424
2025-10-22 13:41:51.680339,102.52,95.57,138.35,44.65,98.19759764170321
2025-10-22 13:41:52.680338,83.52,82.03,109.28,42.03,82.2130558601291
2025-10-22 13:41:53.680338,72.07,40.97,115.12,42.3,63.62219492013755
2025-10-22 13:41:54.680337,117.98,22.97,281.48,67.35,109.65423003265923
2025-10-22 13:41:55.680337,34.5,28.55,68.91,21.61,39.4546850719201
2025-10-22 13:41:56.680336,111.58,70.48,208.45,114.32,120.6344985113073
2025-10-22 13:41:57.680335,56.45,27.11,99.78,52.72,54.194462823556385
2025-10-22 13:41:58.680335,62.54,56.12,118.89,19.79,67.81287379609401
2025-10-22 13:41:59.680334,155.07,96.81,262.11,140.98,155.13740313793278
2025-10-22 13:42:00.680334,109.77,83.94,156.05,114.68,111.64390758542305
2025-10-22 13:42:01.680333,62.73,22.95,118.21,78.38,62.76179655093669
2025-10-22 13:42:02.680333,102.14,41.35,219.81,84.14,103.58402094260764
2025-10-22 13:42:03.680332,108.27,84.32,166.16,86.37,109.25040251918048
2025-10-22 13:42:04.680331,75.68,31.4,131.56,104.07,76.07323606575038
2025-10-22 13:42:05.680330,110.68,85.16,224.04,38.35,117.5297809656517
2025-10-22 13:42:06.680330,93.23,21.95,252.47,77.3,102.40378428789796
2025-10-22 13:42:07.680329,122.44,42.5,234.7,134.11,118.55228915004771
2025-10-22 13:42:08.680329,134.19,78.59,287.74,32.58,132.26568926499812
2025-10-22 13:42:09.680328,103.64,85.35,168.17,66.53,106.42701867591445
2025-10-22 13:42:10.680328,90.6,51.9,127.37,107.6,85.6997376563743
2025-10-22 13:42:11.680327,95.26,36.51,243.1,14.83,94.4178902582611
2025-10-22 13:42:12.680327,97.24,79.84,121.3,97.31,95.71361459319715
2025-10-22 13:42:13.680326,96.25,49.97,126.57,123.76,87.7089887893329
2025-10-22 13:42:14.680326,67.21,65.82,57.78,91.37,68.47709921036875
2025-10-22 13:42:15.680325,98.71,73.18,171.06,94.19,106.74115427448378
2025-10-22 13:42:16.680324,122.14,63.28,282.34,15.35,119.61520560611879
2025-10-22 13:42:17.680324,89.18,51.41,138.26,109.5,89.10664177621135
2025-10-22 13:42:18.680323,83.67,79.31,123.07,29.55,82.52850285811769
2025-10-22 13:42:19.680323,69.23,29.64,169.63,62.26,78.33975846142253
2025-10-22 13:42:20.680322,128.77,72.61,244.33,117.57,133.12214066131378
2025-10-22 13:42:21.680322,136.56,82.91,288.37,39.33,135.94155395952464
2025-10-22 13:42:22.680321,115.05,70.31,227.25,77.1,118.81052342753111
2025-10-22 13:42:23.680321,76.54,57.1,77.47,136.38,78.99955822046849
2025-10-22 13:42:24.680320,101.41,50.47,211.86,78.18,104.54227191710774
2025-10-22 13:42:25.680320,76.06,96.45,82.02,31.5,79.09329445026752
2025-10-22 13:42:26.680319,106.76,87.09,171.82,97.72,114.58133610836822
2025-10-22 13:42:27.680319,68.34,37.39,141.27,76.11,76.41620254484083
2025-10-22 13:42:28.680318,103.69,61.29,183.8,119.08,109.60493731563048
2025-10-22 13:42:29.680318,79.28,29.45,182.43,40.26,77.7244232897363
2025-10-22 13:42:30.680317,115.6,59.43,241.24,16.61,105.59955718911087
2025-10-22 13:42:31.680317,161.22,95.41,285.37,137.04,160.65059203756456
2025-10-22 13:42:32.680316,72.97,97.11,52.64,26.35,69.56819848323975
2025-10-22 13:42:33.680315,130.44,87.47,260.43,34.53,128.85638556016056
2025-10-22 13:42:34.680315,71.57,20.03,139.0,136.15,79.02997737787987
2025-10-22 13:42:35.680314,106.32,29.23,234.76,130.29,111.21895693822368
2025-10-22 13:42:36.680314,116.24,77.93,196.0,87.9,115.34818096103986
2025-10-22 13:42:37.680313,126.59,39.72,262.41,140.87,126.84184090772756
2025-10-22 13:42:38.680313,161.57,98.47,294.1,93.9,156.22930695012562
2025-10-22 13:42:39.680312,150.26,94.52,291.74,43.47,143.5446109131893
2025-10-22 13:42:40.680312,57.86,32.28,97.02,50.21,55.43515290963437
2025-10-22 13:42:41.680311,84.76,48.36,162.82,45.72,82.3095289022137
2025-10-22 13:42:42.680311,139.7,77.89,268.83,89.17,137.47028676731276
2025-10-22 13:42:43.680310,89.57,45.79,201.0,24.53,88.30079486519628
2025-10-22 13:42:44.680310,155.48,87.47,259.85,139.41,149.506041961589
2025-10-22 13:42:45.680309,147.51,72.53,253.14,142.99,140.7774872054013
2025-10-22 13:42:46.680309,110.24,21.31,236.28,132.99,108.27702045921268
2025-10-22 13:42:47.680308,89.85,27.64,193.51,73.67,86.78894918847635
2025-10-22 13:42:48.680307,112.45,70.5,175.9,144.82,116.91698317464517
2025-10-22 13:42:49.680307,65.65,68.57,115.87,33.26,75.76516111494459
2025-10-22 13:42:50.680306,67.3,37.58,118.63,85.05,71.48095244155704
2025-10-22 13:42:51.680306,105.63,73.73,129.99,140.88,103.94071567391394
2025-10-22 13:42:52.680305,82.21,88.85,77.95,27.63,73.32573263457954
2025-10-22 13:42:53.680305,67.26,29.79,68.27,142.7,63.92087849873317
2025-10-22 13:42:54.680304,84.8,72.73,73.5,116.88,81.70001340129552
2025-10-22 13:42:55.680304,98.15,58.86,188.89,135.5,113.18769899617965
2025-10-22 13:42:56.680303,82.02,21.3,202.34,50.5,81.69259480287097
2025-10-22 13:42:57.680303,148.47,75.86,290.21,96.15,144.27359253885004
2025-10-22 13:42:58.680302,130.08,98.49,232.83,34.61,126.051840935272
2025-10-22 13:42:59.680302,110.69,48.51,197.97,137.23,111.1181145512808
2025-10-22 13:43:00.680301,83.04,41.81,139.03,86.51,80.00385092756156
2025-10-22 13:43:01.680301,109.0,53.72,195.69,143.17,114.20069890399272
2025-10-22 13:43:02.680300,92.48,60.62,186.47,84.61,103.23052188738716
2025-10-22 13:43:03.680299,129.26,76.57,171.22,137.93,117.15809061336307
2025-10-22 13:43:04.680299,71.65,83.42,58.57,74.32,74.07342156142124
2025-10-22 13:43:05.680298,119.07,73.4,261.27,31.09,121.43547762069466
2025-10-22 13:43:06.680298,106.83,89.07,156.8,86.05,108.73355153368576
2025-10-22 13:43:07.680297,122.63,72.9,246.95,75.29,125.65897196064174
2025-10-22 13:43:08.680297,68.63,28.79,191.99,12.94,74.8454742595882
2025-10-22 13:43:09.680296,103.36,53.45,219.7,43.98,101.58878369157308
2025-10-22 13:43:10.680296,116.36,83.22,206.0,71.68,117.76151406715445
2025-10-22 13:43:11.680295,95.07,26.26,213.46,46.36,86.67709314606344
2025-10-22 13:43:12.680295,138.44,63.6,289.65,65.74,131.97624967081651
2025-10-22 13:43:13.680294,66.74,29.17,98.62,58.05,55.92755202139093
2025-10-22 13:43:14.680294,91.11,55.23,131.25,125.33,92.04064956565472
2025-10-22 13:43:15.680293,87.85,39.58,135.0,136.32,87.57446936270456
2025-10-22 13:43:16.680293,63.23,79.55,64.53,29.63,65.06881507000332
2025-10-22 13:43:17.680292,70.52,77.72,106.45,11.95,73.24874210125668
2025-10-22 13:43:18.680292,91.95,32.17,186.19,48.95,81.93130612835853
2025-10-22 13:43:19.680291,74.34,23.56,158.41,75.02,74.4802628406984
2025-10-22 13:43:20.680290,91.81,66.76,157.76,99.12,100.53292066866238
2025-10-22 13:43:21.680290,142.88,76.12,271.58,109.96,141.54530906163254
2025-10-22 13:43:22.680289,127.38,23.21,291.7,100.5,119.42714743308531
2025-10-22 13:43:23.680289,102.63,24.4,260.19,62.08,102.91939955905178
2025-10-22 13:43:24.680288,61.94,22.67,173.43,11.51,65.94255933764094
2025-10-22 13:43:25.680288,111.65,65.86,199.95,94.0,111.74984361555983
2025-10-22 13:43:26.680287,88.27,30.25,184.48,82.7,87.16451964162349
2025-10-22 13:43:27.680287,71.34,38.33,129.28,72.78,72.61832705072376
2025-10-22 13:43:28.680286,72.63,50.23,61.44,140.08,71.50300489495731
2025-10-22 13:43:29.680286,87.28,43.6,161.07,101.3,90.4540879702883
2025-10-22 13:43:30.680285,120.56,80.2,265.77,46.16,129.15858447084725
2025-10-22 13:43:31.680285,74.1,73.49,79.33,70.49,74.61911007659096
2025-10-22 13:43:32.680284,110.39,95.87,188.99,67.51,118.10589413885756
2025-10-22 13:43:33.680284,151.05,95.0,298.56,52.35,147.59603951538546
2025-10-22 13:43:34.680283,52.0,39.03,88.94,29.33,52.21447534449103
2025-10-22 13:43:35.680282,109.87,81.75,186.29,60.22,108.83174111040721
2025-10-22 13:43:36.680282,140.72,59.1,267.16,134.61,136.6550963651235
2025-10-22 13:43:37.680281,97.75,81.73,106.29,147.69,102.14418264245668
2025-10-22 13:43:38.680281,85.62,81.04,77.11,145.83,92.66171276403465
2025-10-22 13:43:39.680280,109.73,56.92,171.56,115.66,103.07589739824564
2025-10-22 13:43:40.680280,90.96,52.35,117.61,133.83,88.19782068943094
2025-10-22 13:43:41.680279,122.31,60.93,250.4,70.31,119.76009706679056
2025-10-22 13:43:42.680279,133.94,78.25,224.25,143.43,135.0235112816497
2025-10-22 13:43:43.680278,116.37,44.54,207.97,136.65,112.03615430745356
2025-10-22 13:43:44.680277,68.82,48.55,52.01,119.37,63.722067293291836
2025-10-22 13:43:45.680277,64.88,24.2,158.42,15.71,63.02520512851957
2025-10-22 13:43:46.680276,43.14,23.43,76.22,12.23,37.24562053272728
2025-10-22 13:43:47.680276,87.09,70.39,151.25,69.88,94.5741382461094
2025-10-22 13:43:48.680275,77.15,33.18,145.77,115.23,83.44437778886866
2025-10-22 13:43:49.680275,119.44,95.99,192.3,24.9,110.70012978978299
2025-10-22 13:43:50.680274,75.34,27.03,138.74,93.57,73.97534277839642
2025-10-22 13:43:51.680274,95.72,76.01,115.13,98.67,92.2263353296809
2025-10-22 13:43:52.680273,106.29,59.76,159.68,138.92,105.5345151403944
2025-10-22 13:43:53.680273,144.62,81.34,236.63,145.58,140.70653109437853
2025-10-22 13:43:54.680272,128.69,48.53,277.67,68.02,121.34103788280088
2025-10-22 13:43:55.680272,88.75,94.76,50.23,97.33,81.76942068077675
2025-10-22 13:43:56.680271,133.92,58.56,293.11,69.76,131.31035084073375
2025-10-22 13:43:57.680271,127.74,69.01,265.13,20.82,118.3754536149907
2025-10-22 13:43:58.680270,138.55,97.27,240.47,75.69,135.89844979438078
2025-10-22 13:43:59.680269,109.32,78.23,128.95,136.04,104.9028724906335
2025-10-22 13:44:00.680269,90.85,23.67,186.38,135.98,95.04523189914994
2025-10-22 13:44:01.680268,93.9,66.24,194.89,30.97,97.90316104830517
2025-10-22 13:44:02.680268,73.86,56.89,139.13,11.14,72.56131293953088
2025-10-22 13:44:03.680267,53.27,36.04,99.22,82.45,64.36572754974614
2025-10-22 13:44:04.680267,114.97,62.73,185.98,124.12,111.97628572064505
2025-10-22 13:44:05.680266,96.54,98.59,165.28,20.49,102.99512957610169
2025-10-22 13:44:06.680266,134.4,39.28,286.32,92.14,124.13426960362992
2025-10-22 13:44:07.680265,103.46,60.48,248.74,29.86,111.00622456555129
2025-10-22 13:44:08.680265,116.35,60.84,275.99,40.47,121.48197689383103
2025-10-22 13:44:09.680264,114.11,63.31,200.62,86.37,109.16936798001774
2025-10-22 13:44:10.680264,87.69,97.97,98.05,29.05,84.18000810125935
2025-10-22 13:44:11.680263,116.44,75.81,169.67,111.32,111.03120278230743
2025-10-22 13:44:12.680262,60.98,27.38,64.76,113.86,55.942358804320655
2025-10-22 13:44:13.680262,82.29,59.97,152.27,10.97,78.00715316876541
2025-10-22 13:44:14.680261,60.25,39.98,102.9,50.59,61.10347054409802
2025-10-22 13:44:15.680261,111.36,45.06,250.02,106.96,119.03810706661652
2025-10-22 13:44:16.680260,114.71,64.17,223.63,88.27,116.88978242071757
2025-10-22 13:44:17.680260,75.76,44.27,123.12,49.48,69.09180289355766
2025-10-22 13:44:18.680259,75.89,53.16,102.06,77.98,72.83748751216103
2025-10-22 13:44:19.680259,86.98,48.83,194.05,43.74,91.53641157871573
2025-10-22 13:44:20.680258,114.09,79.33,215.93,76.57,119.78433229858635
2025-10-22 13:44:21.680258,108.54,79.55,146.15,132.78,110.0810504311585
2025-10-22 13:44:22.680257,52.32,41.65,86.11,56.61,58.08203654829304
2025-10-22 13:44:23.680257,77.81,37.79,139.21,136.07,87.90086987325014
2025-10-22 13:44:24.680256,74.36,28.83,131.49,87.22,71.42977306967421
2025-10-22 13:44:25.680256,98.34,29.56,217.46,63.69,92.9597472645344
2025-10-22 13:44:26.680255,92.56,60.88,113.3,135.39,91.45008362432537
2025-10-22 13:44:27.680255,84.17,78.71,81.33,59.27,75.58593415303025
2025-10-22 13:44:28.680254,43.23,39.5,72.3,34.9,48.55258450920964
2025-10-22 13:44:29.680253,62.51,73.75,74.44,25.66,64.37752344887095
2025-10-22 13:44:30.680253,81.31,83.99,126.16,24.58,84.7955918582866
2025-10-22 13:44:31.680252,85.08,58.62,113.84,83.09,80.10536215988236
2025-10-22 13:44:32.680252,79.47,41.83,139.41,88.14,80.45163785580664
2025-10-22 13:44:33.680251,104.03,25.17,294.0,47.5,110.5690396582036
2025-10-22 13:44:34.680251,120.12,85.09,150.4,149.63,117.45643431398227
2025-10-22 13:44:35.680250,101.43,66.25,154.7,85.76,96.70718818468055
2025-10-22 13:44:36.680250,74.62,83.94,74.68,64.89,77.30146958807188
2025-10-22 13:44:37.680249,112.07,80.04,159.64,113.2,110.49143710991662
2025-10-22 13:44:38.680249,110.92,46.08,200.12,147.83,112.66166423270076
2025-10-22 13:44:39.680248,86.5,76.49,184.04,17.1,96.9806670275827
2025-10-22 13:44:40.680248,116.61,53.49,223.99,110.83,116.17116539089804
2025-10-22 13:44:41.680247,136.18,98.23,282.12,19.76,137.78881614135906
2025-10-22 13:44:42.680246,90.84,87.97,58.16,105.91,82.48296932750019
2025-10-22 13:44:43.680246,152.88,80.51,294.17,100.19,148.5762047649211
2025-10-22 13:44:44.680245,140.9,61.54,261.13,145.83,138.2827132584012
2025-10-22 13:44:45.680245,159.53,85.18,287.82,116.6,152.24604528035619
2025-10-22 13:44:46.680244,114.96,48.71,202.82,86.12,102.52727989306322
2025-10-22 13:44:47.680244,112.41,89.71,185.04,77.36,115.81394489766515
2025-10-22 13:44:48.680243,64.59,38.7,59.78,132.99,63.86792845532784
2025-10-22 13:44:49.680243,86.41,27.71,198.35,55.33,84.63702279221495
2025-10-22 13:44:50.680242,62.42,65.82,97.51,15.64,65.38213405366791
2025-10-22 13:44:51.680242,89.39,83.9,94.38,141.03,98.3202766555713
2025-10-22 13:44:52.680241,122.48,60.11,199.15,142.75,118.33197553496422
2025-10-22 13:44:53.680241,100.39,48.37,216.14,41.74,97.55015075971663
2025-10-22 13:44:54.680240,68.72,20.42,124.24,120.12,71.60470219503193
2025-10-22 13:44:55.680239,134.47,98.86,229.76,80.32,134.3886920406406
2025-10-22 13:44:56.680239,79.26,82.83,73.07,131.72,89.53522166499083
2025-10-22 13:44:57.680238,144.19,90.34,265.86,114.74,147.8400637415396
2025-10-22 13:44:58.680238,62.38,36.27,72.46,99.85,59.89177901327111
2025-10-22 13:44:59.680237,94.37,77.22,126.0,73.48,91.0931008766725
2025-10-22 13:45:00.680237,124.58,78.11,232.04,103.77,129.4208068113994
2025-10-22 13:45:01.680236,64.03,50.5,125.05,34.58,69.80871763329185
2025-10-22 13:45:02.680236,59.82,30.92,103.87,58.86,58.535768847520195
2025-10-22 13:45:03.680235,83.0,21.03,201.65,96.74,90.53204195183685
2025-10-22 13:45:04.680235,81.14,62.84,82.05,125.49,81.06570038605173
2025-10-22 13:45:05.680234,107.24,72.98,149.26,140.55,109.2943737033917
2025-10-22 13:45:06.680234,52.08,34.17,108.47,22.2,54.25417378255254
2025-10-22 13:45:07.680233,129.31,55.03,257.48,112.24,127.28200668068237
2025-10-22 13:45:08.680232,118.4,55.15,215.1,136.22,119.36511502182213
2025-10-22 13:45:09.680232,59.04,34.22,147.31,31.28,67.75562316116259
2025-10-22 13:45:10.680231,49.47,41.83,59.48,61.1,51.059031916950545
2025-10-22 13:45:11.680231,124.26,73.19,290.34,21.78,128.21993135108758
2025-10-22 13:45:12.680230,37.96,26.03,61.54,13.22,34.321709594488354
2025-10-22 13:45:13.680230,105.05,93.46,183.49,10.16,103.86858296550385
2025-10-22 13:45:14.680229,136.3,55.0,276.31,140.85,138.60718685864578
2025-10-22 13:45:15.680229,92.67,24.31,187.33,117.06,91.89215767336187
2025-10-22 13:45:16.680228,74.93,37.44,90.59,106.94,67.32995222637359
2025-10-22 13:45:17.680228,84.09,79.77,135.59,21.7,84.96143897135185
2025-10-22 13:45:18.680227,44.1,21.75,83.15,72.35,50.43069317316446
2025-10-22 13:45:19.680227,74.71,40.45,121.88,65.68,70.03774520298948
2025-10-22 13:45:20.680226,107.55,44.56,257.62,33.8,106.54799479617118
2025-10-22 13:45:21.680226,127.88,91.04,252.56,10.2,123.43391441829156
2025-10-22 13:45:22.680225,69.87,35.76,121.84,91.65,72.851958897712
2025-10-22 13:45:23.680225,140.57,94.93,240.0,120.04,143.4003265037818
2025-10-22 13:45:24.680224,120.11,94.05,176.81,63.08,112.66126227183486
2025-10-22 13:45:25.680223,96.2,51.25,131.48,141.88,93.41841604967424
2025-10-22 13:45:26.680223,80.79,72.67,51.65,134.11,78.52398321075762
2025-10-22 13:45:27.680222,122.66,83.04,256.17,55.97,129.63197523478743
2025-10-22 13:45:28.680222,102.49,32.83,178.75,147.1,99.51077869324958
2025-10-22 13:45:29.680221,94.28,30.37,145.89,135.77,86.16258764251917
2025-10-22 13:45:30.680221,137.3,89.18,284.11,16.7,133.28307670074983
2025-10-22 13:45:31.680220,106.07,74.1,230.34,23.04,110.88858942672182
2025-10-22 13:45:32.680220,127.54,60.24,220.74,101.16,116.62794658496665
2025-10-22 13:45:33.680219,141.44,98.89,260.7,76.95,143.03382275590872
2025-10-22 13:45:34.680219,120.39,39.97,295.05,47.49,118.23569168822249
2025-10-22 13:45:35.680218,82.67,46.37,122.19,117.03,83.26770920682348
2025-10-22 13:45:36.680218,76.58,23.86,161.72,68.23,74.27600809749134
2025-10-22 13:45:37.680217,149.39,93.0,262.64,135.46,152.30778786865395
2025-10-22 13:45:38.680217,81.84,52.43,119.99,99.46,82.12871850494125
2025-10-22 13:45:39.680216,131.86,92.91,247.46,80.59,136.80609673228184
2025-10-22 13:45:40.680215,76.49,61.99,100.62,42.85,69.81658770620979
2025-10-22 13:45:41.680215,75.38,45.74,146.52,56.3,78.20936947639134
2025-10-22 13:45:42.680214,91.1,43.0,236.82,37.82,100.31945891331964
2025-10-22 13:45:43.680214,80.12,56.04,143.52,42.89,79.7624498530392
2025-10-22 13:45:44.680213,59.62,27.18,99.19,102.95,64.02510410386708
2025-10-22 13:45:45.680213,108.22,41.58,216.63,70.18,99.97074332387177
2025-10-22 13:45:46.680212,126.32,69.45,258.97,68.04,126.11816210113614
2025-10-22 13:45:47.680212,96.92,53.8,157.78,122.93,98.8275342478491
2025-10-22 13:45:48.680211,69.4,79.86,87.43,12.78,68.76008988151149
2025-10-22 13:45:49.680211,81.31,63.85,72.41,149.43,83.4233933984943
2025-10-22 13:45:50.680210,76.66,38.75,143.32,80.36,78.55187694358762
2025-10-22 13:45:51.680210,126.88,86.23,227.06,62.9,123.84349514002778
2025-10-22 13:45:52.680209,91.59,93.97,136.79,33.42,94.7040764195269
2025-10-22 13:45:53.680209,89.16,31.39,185.19,92.43,89.8761979210623
2025-10-22 13:45:54.680208,96.72,52.4,196.49,51.36,95.55640898980685
2025-10-22 13:45:55.680208,71.05,36.1,86.67,106.07,65.31326713627737
2025-10-22 13:45:56.680207,127.83,96.78,210.99,126.0,136.7835593913663
2025-10-22 13:45:57.680206,115.92,88.95,216.49,24.07,114.30822426530534
2025-10-22 13:45:58.680206,125.64,57.99,250.55,117.1,127.63468802828754
2025-10-22 13:45:59.680205,102.8,63.25,205.59,23.0,98.05119567453701
2025-10-22 13:46:00.680205,93.77,27.02,172.22,127.36,90.74216237142427
2025-10-22 13:46:01.680204,72.11,76.72,50.05,89.53,71.20385494270913
2025-10-22 13:46:02.680204,118.35,59.33,223.09,112.73,119.17938040258164
2025-10-22 13:46:03.680203,112.87,91.49,183.98,63.3,113.58808327830533
2025-10-22 13:46:04.680203,146.27,92.41,220.58,140.78,140.42937471410588
2025-10-22 13:46:05.680202,123.53,78.88,259.02,46.05,126.45214819327275
2025-10-22 13:46:06.680202,65.91,45.41,54.52,118.2,62.684131174265325
2025-10-22 13:46:07.680201,139.98,94.06,236.59,116.18,141.17677010905058
2025-10-22 13:46:08.680201,152.25,81.04,254.72,136.02,144.0964786364328
2025-10-22 13:46:09.680200,62.17,62.3,59.52,95.09,67.98984919998206
2025-10-22 13:46:10.680200,87.61,54.92,203.69,20.81,92.90673084466941
2025-10-22 13:46:11.680199,115.07,65.77,234.01,17.97,106.84642088880759
2025-10-22 13:46:12.680198,123.77,76.8,245.88,46.16,121.49122256846024
2025-10-22 13:46:13.680198,85.46,96.14,69.2,109.35,90.543252702308
2025-10-22 13:46:14.680197,137.55,78.04,238.15,138.9,138.19753415900735
2025-10-22 13:46:15.680197,135.43,59.66,278.05,85.31,130.41788144396853
2025-10-22 13:46:16.680196,116.53,26.26,230.85,130.5,108.60988299600845
2025-10-22 13:46:17.680196,105.16,29.41,202.76,124.57,100.55474143683557
2025-10-22 13:46:18.680195,97.79,22.56,252.49,49.5,97.19315512045107
2025-10-22 13:46:19.680195,58.48,72.71,73.57,23.96,63.26179915729821
2025-10-22 13:46:20.680194,78.54,23.3,180.91,57.19,77.57354217008793
2025-10-22 13:46:21.680194,128.5,95.21,228.06,71.31,130.27537791154208
2025-10-22 13:46:22.680193,52.4,57.02,67.71,50.2,58.91525549944789
2025-10-22 13:46:23.680193,88.08,68.87,106.85,85.57,83.58933305031722
2025-10-22 13:46:24.680192,101.65,97.89,113.2,101.79,103.13632001856148
2025-10-22 13:46:25.680191,139.19,92.79,198.77,128.57,131.63864296856545
2025-10-22 13:46:26.680191,68.49,31.22,66.77,103.35,56.367537235188664
2025-10-22 13:46:27.680190,51.4,22.08,122.64,35.14,55.0757137326026
2025-10-22 13:46:28.680190,70.87,84.4,84.42,38.78,75.27331456114054
2025-10-22 13:46:29.680189,124.68,60.65,294.35,61.62,131.1052141360476
2025-10-22 13:46:30.680189,85.08,76.8,69.22,146.12,88.24132105821721
2025-10-22 13:46:31.680188,93.62,77.98,116.5,51.61,84.27306484073424
2025-10-22 13:46:32.680188,86.46,89.9,101.37,26.46,80.65422394041356
2025-10-22 13:46:33.680187,110.58,68.29,204.54,32.68,102.1615877682938
2025-10-22 13:46:34.680187,73.84,62.77,52.27,145.93,76.13860457662625
2025-10-22 13:46:35.680186,122.93,61.87,215.9,90.63,113.89232564244178
2025-10-22 13:46:36.680186,73.58,73.7,104.28,14.95,71.19493040311164
2025-10-22 13:46:37.680185,70.58,77.4,66.4,28.2,64.27875646259065
2025-10-22 13:46:38.680185,84.53,95.59,80.32,16.52,75.18078265739126
2025-10-22 13:46:39.680184,86.14,69.29,163.64,32.02,90.23444843584201
2025-10-22 13:46:40.680183,106.6,71.66,158.65,101.12,103.63197601423582
2025-10-22 13:46:41.680183,127.85,75.42,280.71,47.13,131.466715958587
2025-10-22 13:46:42.680182,55.15,45.28,99.31,32.07,58.98048875083059
2025-10-22 13:46:43.680182,108.06,98.01,169.98,10.86,102.20756202198993
2025-10-22 13:46:44.680181,77.83,40.8,133.86,117.81,84.1627894892781
2025-10-22 13:46:45.680181,116.16,48.99,271.16,70.37,120.07952366289187
2025-10-22 13:46:46.680180,103.28,39.53,188.53,107.04,97.82507039698005
2025-10-22 13:46:47.680180,124.02,31.6,297.78,90.05,123.34808579779028
2025-10-22 13:46:48.680179,81.43,77.94,66.65,100.58,78.9932721744512
2025-10-22 13:46:49.680179,123.27,98.97,193.98,37.11,115.109919946059
2025-10-22 13:46:50.680178,52.28,45.79,74.53,39.95,53.35056048460481
2025-10-22 13:46:51.680178,117.97,23.73,296.3,69.6,114.93286407504318
2025-10-22 13:46:52.680177,85.56,61.23,149.46,88.21,93.12462537600112
2025-10-22 13:46:53.680177,93.05,90.83,127.59,29.61,89.62240363970713
2025-10-22 13:46:54.680176,44.02,39.48,58.67,36.28,44.72000837835605
2025-10-22 13:46:55.680176,94.98,54.65,147.38,67.24,85.0667287327429
2025-10-22 13:46:56.680175,128.22,57.47,277.6,63.13,124.7907255467841
2025-10-22 13:46:57.680175,99.62,41.97,163.78,140.01,98.14466953571103
2025-10-22 13:46:58.680174,120.52,51.35,287.6,70.38,126.19523667398289
2025-10-22 13:46:59.680173,63.46,74.7,53.45,54.72,64.31062416773943
2025-10-22 13:47:00.680173,99.86,66.56,188.45,37.93,97.50844821924316
2025-10-22 13:47:01.680172,110.28,68.42,214.22,54.83,109.53349544118211
2025-10-22 13:47:02.680172,84.46,59.02,170.91,14.06,83.75113544308233
2025-10-22 13:47:03.680171,70.19,52.87,75.87,113.9,71.95366422744037
2025-10-22 13:47:04.680171,90.47,66.96,180.27,37.62,95.18704388266092
2025-10-22 13:47:05.680170,75.59,78.64,70.63,88.98,78.234095871253
2025-10-22 13:47:06.680170,83.7,60.38,152.38,31.96,82.4114901563665
2025-10-22 13:47:07.680169,86.46,22.59,157.28,138.97,86.35601423857479
2025-10-22 13:47:08.680169,89.38,60.19,108.45,119.64,86.52238309763746
2025-10-22 13:47:09.680168,110.7,49.94,182.33,123.75,104.45135078687315
2025-10-22 13:47:10.680168,122.34,52.31,297.46,24.19,120.46466771838885
2025-10-22 13:47:11.680167,103.21,59.32,172.07,102.38,101.78481829417439
2025-10-22 13:47:12.680166,119.79,47.19,264.4,77.88,118.64455969075816
2025-10-22 13:47:13.680166,110.96,70.29,200.68,70.22,109.44866716616345
2025-10-22 13:47:14.680165,110.89,87.85,163.38,85.82,110.05944314466802
2025-10-22 13:47:15.680165,137.42,75.52,296.17,83.77,143.43795581461583
2025-10-22 13:47:16.680164,102.71,60.72,132.68,147.75,99.64953806730374
2025-10-22 13:47:17.680164,125.11,59.08,291.81,17.77,120.85532959577196
2025-10-22 13:47:18.680163,128.39,90.71,243.9,58.43,130.24320047870697
2025-10-22 13:47:19.680163,148.13,73.96,263.84,144.07,144.91838244837425
2025-10-22 13:47:20.680162,69.07,90.22,50.99,43.21,68.99669351129833
2025-10-22 13:47:21.680162,98.84,53.15,185.2,86.44,99.50085513079405
2025-10-22 13:47:22.680161,85.04,21.11,254.88,11.22,89.59057961280317
2025-10-22 13:47:23.680161,93.86,70.56,146.47,52.61,89.79295188802675
2025-10-22 13:47:24.680160,116.51,57.16,209.66,143.35,120.14435497238841
2025-10-22 13:47:25.680160,92.44,39.34,161.6,111.95,90.61146262619144
2025-10-22 13:47:26.680159,59.1,27.04,104.86,65.78,58.27960228190313
2025-10-22 13:47:27.680158,108.29,41.31,217.91,138.84,113.8537979045658
2025-10-22 13:47:28.680158,73.37,33.33,102.96,124.02,72.39716712809926
2025-10-22 13:47:29.680157,63.72,34.51,105.06,79.65,64.80491292990867
2025-10-22 13:47:30.680157,120.49,93.79,140.89,117.65,112.57085807266581
2025-10-22 13:47:31.680156,101.35,41.44,167.79,149.29,100.92914749629503
2025-10-22 13:47:32.680156,104.03,61.75,148.74,142.98,104.04118571892243
2025-10-22 13:47:33.680155,106.4,51.43,163.88,145.93,104.0501342770143
2025-10-22 13:47:34.680155,105.64,95.31,155.7,91.35,112.55545736777866
2025-10-22 13:47:35.680154,73.68,42.11,134.28,80.69,77.569672751884
2025-10-22 13:47:36.680154,108.61,48.83,191.82,88.21,99.69570458140741
2025-10-22 13:47:37.680153,112.69,62.87,183.28,84.32,103.33201648305742
2025-10-22 13:47:38.680152,119.84,26.11,270.07,125.73,119.3762547388418
2025-10-22 13:47:39.680152,112.86,87.0,200.96,61.94,116.19081538191207
2025-10-22 13:47:40.680151,68.17,33.16,172.23,25.9,73.65075106411369
2025-10-22 13:47:41.680151,84.27,36.9,126.33,128.51,82.08643215793448
2025-10-22 13:47:42.680150,82.49,49.47,176.75,89.81,95.8019087213896
2025-10-22 13:47:43.680149,42.57,40.79,52.77,34.0,43.14485050512732
2025-10-22 13:47:44.680148,86.93,94.1,83.05,23.66,76.67869049968505
2025-10-22 13:47:45.680148,100.91,79.7,168.32,81.19,106.57577763146686
2025-10-22 13:47:46.680147,149.44,88.7,250.6,142.51,147.9524622198473
2025-10-22 13:47:47.680147,128.63,56.15,238.27,148.57,129.27802823557394
2025-10-22 13:47:48.680146,50.77,30.81,53.12,119.35,55.237996128689495
2025-10-22 13:47:49.680146,78.04,98.66,100.31,22.63,83.92739133599478
2025-10-22 13:47:50.680145,58.55,44.59,62.96,33.87,48.06969524087137
2025-10-22 13:47:51.680145,112.26,46.79,202.96,119.56,108.25497962334909
2025-10-22 13:47:52.680144,91.38,72.37,102.18,138.32,94.39815375166005
2025-10-22 13:47:53.680144,149.97,89.29,244.36,131.61,144.20589216056672
2025-10-22 13:47:54.680143,48.35,42.33,52.69,85.69,54.14899805693075
2025-10-22 13:47:55.680143,116.19,62.38,224.88,126.99,124.06403876970717
2025-10-22 13:47:56.680142,139.57,94.96,199.71,143.5,135.9636454745539
2025-10-22 13:47:57.680141,86.92,23.42,159.89,93.63,78.55056218022015
2025-10-22 13:47:58.680141,76.75,41.19,139.87,93.81,81.39770759590576
2025-10-22 13:47:59.680140,132.81,56.49,295.46,113.6,139.69269078464987
2025-10-22 13:48:00.680140,113.03,37.83,257.53,72.44,110.8492875306148
2025-10-22 13:48:01.680139,50.26,44.64,51.51,64.57,50.748620958579565
2025-10-22 13:48:02.680139,57.74,28.88,126.48,63.31,65.20146284579737
2025-10-22 13:48:03.680138,109.51,55.74,177.75,142.59,109.69707641278778
2025-10-22 13:48:04.680138,46.41,20.58,118.33,25.33,51.087275733998595
2025-10-22 13:48:05.680137,95.77,94.96,135.34,30.5,94.18035548500205
2025-10-22 13:48:06.680137,117.41,52.32,215.45,125.65,115.96560968315492
2025-10-22 13:48:07.680136,108.29,75.33,183.02,130.79,118.67098708711595
2025-10-22 13:48:08.680136,96.02,86.24,125.57,70.72,94.89724564639756
2025-10-22 13:48:09.680135,126.18,41.18,243.56,139.43,121.61573143204177
2025-10-22 13:48:10.680135,53.66,23.83,70.51,142.13,61.519867441894654
2025-10-22 13:48:11.680134,53.86,48.76,65.94,47.17,53.67785900615346
2025-10-22 13:48:12.680134,59.15,26.19,80.05,91.76,55.558736534265904
2025-10-22 13:48:13.680133,115.99,64.49,266.34,22.17,116.76151411433081
2025-10-22 13:48:14.680132,41.85,31.73,56.86,76.55,48.32121029147757
2025-10-22 13:48:15.680132,131.72,59.38,276.6,62.54,125.3219610312729
2025-10-22 13:48:16.680131,102.24,76.97,114.73,85.3,89.9284448422989
2025-10-22 13:48:17.680131,87.42,90.27,117.39,100.59,100.37158117338292
2025-10-22 13:48:18.680130,93.01,86.0,107.11,52.16,85.54456239164804
2025-10-22 13:48:19.680130,111.1,49.38,241.76,97.9,116.90290493447893
2025-10-22 13:48:20.680129,134.99,69.43,286.15,93.39,139.31071577193862
2025-10-22 13:48:21.680129,134.93,59.84,277.96,136.73,140.68972915626946
2025-10-22 13:48:22.680128,156.3,85.45,282.27,142.93,155.939914011837
2025-10-22 13:48:23.680128,94.18,90.87,121.22,72.05,96.15419175057431
2025-10-22 13:48:24.680127,127.95,43.78,294.46,67.58,123.94015481382561
2025-10-22 13:48:25.680127,87.57,72.48,83.16,73.26,75.81844581716818
2025-10-22 13:48:26.680126,87.33,22.17,236.95,26.22,87.70642573319924
2025-10-22 13:48:27.680126,141.12,98.78,217.76,98.44,134.33995600735173
2025-10-22 13:48:28.680125,69.3,77.54,65.49,22.31,62.9053395675316
2025-10-22 13:48:29.680124,150.0,91.45,293.48,88.41,151.46518693021272
2025-10-22 13:48:30.680124,71.18,27.26,120.92,80.8,66.19813489321515
2025-10-22 13:48:31.680123,86.33,69.97,71.54,145.22,85.36659311441996
2025-10-22 13:48:32.680123,97.12,79.87,158.17,59.15,99.23349538473084
2025-10-22 13:48:33.680122,50.5,28.96,65.07,91.23,52.32732131750849
2025-10-22 13:48:34.680122,96.45,42.67,178.23,73.53,89.6359073749938
2025-10-22 13:48:35.680121,111.2,39.41,258.26,105.41,118.39989591673915
2025-10-22 13:48:36.680121,65.01,21.14,117.92,68.69,59.851421177779514
2025-10-22 13:48:37.680120,107.18,83.67,180.02,28.83,101.66863426481446
2025-10-22 13:48:38.680120,85.79,63.8,131.28,104.73,92.2173379419103
2025-10-22 13:48:39.680119,110.96,53.39,234.3,84.84,114.05993242610802
2025-10-22 13:48:40.680119,95.07,88.01,131.82,54.65,94.46442625360245
2025-10-22 13:48:41.680118,48.81,63.83,72.09,22.03,58.02193767075987
2025-10-22 13:48:42.680118,148.34,83.15,275.22,107.3,145.60390303914173
2025-10-22 13:48:43.680117,91.74,21.26,179.4,136.68,91.88895053056822
2025-10-22 13:48:44.680117,66.03,37.82,98.44,94.82,67.471713849585
2025-10-22 13:48:45.680116,97.05,24.78,205.1,85.03,91.10705232804392
2025-10-22 13:48:46.680115,61.45,64.55,57.05,53.67,60.14136329953224
2025-10-22 13:48:47.680115,66.66,46.07,93.01,62.68,63.557083839803525
2025-10-22 13:48:48.680114,90.98,77.69,103.62,104.83,90.82462601828333
2025-10-22 13:48:49.680114,78.71,21.25,156.09,128.7,83.2934841056091
2025-10-22 13:48:50.680113,100.9,77.89,184.5,27.71,99.92110485515128
2025-10-22 13:48:51.680113,142.06,91.47,212.24,110.84,131.51107892810575
2025-10-22 13:48:52.680112,69.64,76.82,80.52,72.1,76.95087946168024
2025-10-22 13:48:53.680112,113.51,25.34,244.29,148.33,115.73249068474796
2025-10-22 13:48:54.680111,112.96,80.03,215.35,56.48,115.96890605631418
2025-10-22 13:48:55.680111,91.02,35.65,197.62,75.99,92.46447940515839
2025-10-22 13:48:56.680110,138.88,86.12,256.25,85.36,137.0216498032309
2025-10-22 13:48:57.680110,122.9,95.75,168.07,83.19,114.87182218645907
2025-10-22 13:48:58.680109,74.59,30.88,168.03,76.83,81.3678094497071
2025-10-22 13:48:59.680109,103.41,49.09,252.35,33.99,107.25239487077924
2025-10-22 13:49:00.680108,77.18,51.04,113.27,121.32,83.75867664779733
2025-10-22 13:49:01.680108,48.69,25.27,73.77,95.87,54.030178049709335
2025-10-22 13:49:02.680107,109.12,64.66,198.18,63.7,104.60557679631417
2025-10-22 13:49:03.680106,144.88,86.87,262.31,114.77,145.055038654612
2025-10-22 13:49:04.680106,90.36,36.59,176.09,69.4,85.15198215078601
2025-10-22 13:49:05.680105,70.47,58.1,86.1,94.43,73.7610273044193
2025-10-22 13:49:06.680105,131.71,84.22,286.86,14.64,131.23633880912305
2025-10-22 13:49:07.680104,118.39,82.61,188.81,91.35,116.1973038474114
2025-10-22 13:49:08.680104,77.01,64.58,117.73,23.84,72.47151517117666
2025-10-22 13:49:09.680103,91.46,91.55,121.56,44.48,91.12018649720285
2025-10-22 13:49:10.680103,50.89,50.92,57.54,42.45,51.28914008885621
2025-10-22 13:49:11.680102,78.17,59.44,115.61,69.23,78.29284227506211
2025-10-22 13:49:12.680102,41.28,35.28,50.56,63.09,45.518927006846894
2025-10-22 13:49:13.680101,124.08,51.66,272.46,88.67,125.43025710705066
2025-10-22 13:49:14.680101,96.51,50.85,245.22,41.28,107.43124878949715
2025-10-22 13:49:15.680100,64.68,47.1,155.52,32.76,76.9162194767566
2025-10-22 13:49:16.680100,132.28,91.64,213.96,135.61,137.03060072623978
2025-10-22 13:49:17.680099,86.13,87.93,121.95,35.57,87.66980365400431
2025-10-22 13:49:18.680098,93.66,32.53,164.67,86.54,83.10561766199436
2025-10-22 13:49:19.680098,93.51,46.89,227.1,14.02,94.60516751893837
2025-10-22 13:49:20.680097,142.65,37.06,299.44,138.04,136.0881358942251
2025-10-22 13:49:21.680097,95.38,35.8,196.89,105.61,98.20066163402406
2025-10-22 13:49:22.680096,112.21,39.03,266.09,29.03,105.39919910831456
2025-10-22 13:49:23.680096,138.56,82.51,231.25,145.42,139.63903596308862
2025-10-22 13:49:24.680095,79.33,28.08,211.81,50.58,87.92327796769622
2025-10-22 13:49:25.680095,57.71,45.8,79.68,13.88,49.727202442296694
2025-10-22 13:49:26.680094,94.8,23.21,256.7,21.1,93.14261713841215
2025-10-22 13:49:27.680094,157.49,89.12,297.6,116.26,157.07552047367258
2025-10-22 13:49:28.680093,80.87,79.52,84.74,83.07,81.73877881764106
2025-10-22 13:49:29.680093,43.89,30.02,52.19,95.08,49.74715924818866
2025-10-22 13:49:30.680092,114.8,51.63,230.95,122.62,119.67987788374407
2025-10-22 13:49:31.680092,89.57,77.7,174.0,16.37,94.41925935532595
2025-10-22 13:49:32.680091,69.55,45.02,77.81,90.47,63.98461526384705
2025-10-22 13:49:33.680091,106.66,21.35,220.39,113.85,99.7207300571342
2025-10-22 13:49:34.680090,92.71,65.69,140.24,32.37,81.48224641506742
2025-10-22 13:49:35.680089,98.63,42.46,135.52,143.64,90.6150144191648
2025-10-22 13:49:36.680089,104.74,62.29,162.49,90.42,98.00636242950304
2025-10-22 13:49:37.680088,67.09,91.31,54.69,28.12,67.65418163971844
2025-10-22 13:49:38.680088,92.87,55.12,140.77,131.11,95.99495645730431
2025-10-22 13:49:39.680087,67.09,44.01,116.31,52.75,67.5650711351708
2025-10-22 13:49:40.680087,88.68,34.56,194.6,56.93,87.23087118683094
2025-10-22 13:49:41.680086,126.66,51.58,284.08,36.96,118.61597482719228
2025-10-22 13:49:42.680086,95.38,81.08,181.65,17.47,98.61623003979119
2025-10-22 13:49:43.680085,89.85,56.72,98.6,123.96,82.69560884153462
2025-10-22 13:49:44.680084,108.19,29.19,223.36,138.09,109.32138864219911
2025-10-22 13:49:45.680084,110.12,65.02,197.42,61.72,104.16287869625003
2025-10-22 13:49:46.680083,110.76,95.91,196.27,17.09,110.3029289018024
2025-10-22 13:49:47.680083,106.42,55.32,189.73,108.32,106.28479606682761
2025-10-22 13:49:48.680082,125.57,83.48,234.63,56.96,123.57307171118774
2025-10-22 13:49:49.680082,50.92,24.11,62.35,108.43,52.515252199033064
2025-10-22 13:49:50.680081,85.41,49.92,71.97,139.07,74.31335412209451
2025-10-22 13:49:51.680081,124.76,92.47,229.31,39.86,123.04535604842023
2025-10-22 13:49:52.680080,55.71,46.51,80.43,53.08,58.08855190790574
2025-10-22 13:49:53.680080,55.23,32.63,133.88,49.85,66.61622365660324
2025-10-22 13:49:54.680079,101.33,60.14,233.66,23.27,104.99640302765053
2025-10-22 13:49:55.680079,91.53,97.77,93.82,79.4,92.80629184019574
2025-10-22 13:49:56.680078,60.26,87.22,105.53,11.14,77.53126307067276
2025-10-22 13:49:57.680078,129.6,95.56,222.16,51.87,124.81613810196174
2025-10-22 13:49:58.680077,124.23,44.42,283.76,79.84,123.47635709106166
2025-10-22 13:49:59.680077,92.65,73.5,86.76,121.93,87.07068290670638
2025-10-22 13:50:00.680076,101.57,48.88,241.37,17.12,100.4983592573722
2025-10-22 13:50:01.680075,112.37,75.82,187.2,99.31,113.92040418073165
2025-10-22 13:50:02.680075,106.21,29.31,245.7,87.15,105.98136415112128
2025-10-22 13:50:03.680074,63.27,20.67,142.76,66.25,66.5993711596546
2025-10-22 13:50:04.680074,86.67,75.29,114.75,89.87,90.00716162580346
2025-10-22 13:50:05.680073,97.42,73.62,161.0,92.98,103.69587384884984
2025-10-22 13:50:06.680073,120.54,86.48,160.49,118.82,115.06233758170438
2025-10-22 13:50:07.680072,95.52,32.72,215.19,93.75,99.81587978453224
2025-10-22 13:50:08.680072,108.02,69.1,178.93,58.23,99.93963077938997
2025-10-22 13:50:09.680071,118.46,66.27,210.56,38.9,104.20235443588284
2025-10-22 13:50:10.680071,121.53,28.84,278.65,122.83,122.73560651271384
2025-10-22 13:50:11.680070,134.55,88.17,248.37,51.63,128.9746198961937
2025-10-22 13:50:12.680070,75.32,91.54,85.7,23.34,76.139760843256
2025-10-22 13:50:13.680069,98.41,93.43,183.66,15.16,104.89752615813536
2025-10-22 13:50:14.680069,73.36,21.15,124.33,89.73,65.96048565817101
2025-10-22 13:50:15.680068,74.51,34.77,155.08,56.89,75.44911282229091
2025-10-22 13:50:16.680068,83.95,90.42,132.2,21.2,89.13447800941098
2025-10-22 13:50:17.680067,115.42,79.37,226.03,17.4,111.09163031804154
2025-10-22 13:50:18.680066,135.53,63.65,297.38,120.47,145.19109505333307
2025-10-22 13:50:19.680066,78.22,90.54,56.32,86.59,79.37078848492497
2025-10-22 13:50:20.680065,99.91,50.69,227.48,37.49,101.26730688560946
2025-10-22 13:50:21.680065,121.52,35.97,280.91,88.68,120.17675303426591
2025-10-22 13:50:22.680064,108.95,67.98,199.69,82.9,110.52106139864328
2025-10-22 13:50:23.680064,125.62,49.82,298.56,77.46,130.13497112348094
2025-10-22 13:50:24.680063,86.62,85.36,119.09,54.77,89.34552417756645
2025-10-22 13:50:25.680063,139.28,68.78,292.21,47.36,131.66989258619725
2025-10-22 13:50:26.680062,87.46,25.25,186.34,36.97,76.15970738448034
2025-10-22 13:50:27.680062,98.79,53.42,214.27,46.57,100.45608137868405
2025-10-22 13:50:28.680061,125.93,89.84,285.73,38.8,138.4858580299283
2025-10-22 13:50:29.680061,130.69,89.46,247.68,93.93,137.80682900003825
2025-10-22 13:50:30.680060,136.65,93.98,251.81,29.96,128.59252614187653
2025-10-22 13:50:31.680059,78.2,84.4,79.33,12.74,68.5732054496987
2025-10-22 13:50:32.680059,129.99,73.07,289.07,33.92,130.1890038790824
2025-10-22 13:50:33.680058,107.68,72.24,135.25,143.28,105.25791193136864
2025-10-22 13:50:34.680058,96.39,52.43,184.28,74.13,96.42246634437726
2025-10-22 13:50:35.680057,133.67,43.82,296.38,118.39,134.62545738621603
2025-10-22 13:50:36.680057,144.96,94.05,244.16,95.72,139.38470044873964
2025-10-22 13:50:37.680056,111.16,55.62,153.75,136.57,101.22873129110734
2025-10-22 13:50:38.680056,98.83,22.94,212.34,113.18,97.95814527397079
2025-10-22 13:50:39.680055,117.46,64.21,251.05,20.02,111.59994896733357
2025-10-22 13:50:40.680055,124.09,49.5,253.03,136.46,128.00594998676414
2025-10-22 13:50:41.680054,98.92,29.63,201.96,135.9,102.67317284291828
2025-10-22 13:50:42.680053,114.56,49.76,276.8,44.63,117.04655094070509
2025-10-22 13:50:43.680053,102.86,49.72,238.5,42.33,105.0585452131311
2025-10-22 13:50:44.680052,98.68,65.64,221.5,22.57,103.9351542195156
2025-10-22 13:50:45.680052,136.67,36.72,299.4,131.27,134.563004868066
2025-10-22 13:50:46.680051,79.91,74.02,78.88,107.04,82.00419903985535
2025-10-22 13:50:47.680051,55.06,37.57,67.98,83.66,55.97661062106147
2025-10-22 13:50:48.680050,128.22,90.3,269.44,41.15,134.28486232134767
2025-10-22 13:50:49.680050,94.88,89.15,118.0,67.1,93.34901825784799
2025-10-22 13:50:50.680049,50.85,23.34,79.84,70.21,49.800895756791114
2025-10-22 13:50:51.680049,75.32,43.4,132.74,63.74,74.38228547626123
2025-10-22 13:50:52.680048,125.18,88.45,229.65,44.86,122.14305224970511
2025-10-22 13:50:53.680048,83.22,33.61,177.91,76.03,85.5348459977228
2025-10-22 13:50:54.680047,104.16,63.77,203.08,55.41,103.99016250490776
2025-10-22 13:50:55.680047,66.83,43.97,131.05,52.44,71.91390882634947
2025-10-22 13:50:56.680046,92.25,32.52,226.69,73.71,99.19400678741248
2025-10-22 13:50:57.680045,65.97,33.04,96.14,109.8,67.37987585040382
2025-10-22 13:50:58.680045,62.56,27.66,97.83,81.51,59.597895367577124
2025-10-22 13:50:59.680044,120.61,56.64,251.75,63.38,116.65850785197446
2025-10-22 13:51:00.680044,106.98,83.67,92.98,133.27,96.24446937494281
2025-10-22 13:51:01.680043,65.65,69.97,50.43,45.04,59.130967490331116
2025-10-22 13:51:02.680043,74.53,37.23,141.55,98.73,80.91208045400005
2025-10-22 13:51:03.680042,80.61,52.97,107.59,71.09,73.0371764361692
2025-10-22 13:51:04.680042,60.55,66.37,56.32,49.71,60.0399202791768
2025-10-22 13:51:05.680041,146.5,95.16,283.24,47.57,142.12187377304838
2025-10-22 13:51:06.680041,94.51,64.2,108.47,145.74,93.70284243692508
2025-10-22 13:51:07.680040,91.1,57.47,138.42,117.41,93.73604177006196
2025-10-22 13:51:08.680040,107.95,67.46,232.92,49.37,113.59293588206295
2025-10-22 13:51:09.680039,89.58,62.16,206.08,12.78,95.62774158371606
2025-10-22 13:51:10.680038,136.53,57.53,291.79,82.15,132.8619198318228
2025-10-22 13:51:11.680038,74.82,49.53,142.63,20.55,71.82498386406677
2025-10-22 13:51:12.680037,97.82,93.7,100.94,90.79,95.18568471208393
2025-10-22 13:51:13.680037,93.47,71.86,149.47,104.93,101.72867392874447
2025-10-22 13:51:14.680036,84.78,33.15,146.22,99.41,80.42365550533421
2025-10-22 13:51:15.680036,83.3,35.59,212.61,15.95,85.01909642841534
2025-10-22 13:51:16.680035,145.97,77.86,293.14,137.87,154.43141888279177
2025-10-22 13:51:17.680035,125.82,96.3,179.56,142.37,130.3487387290485
2025-10-22 13:51:18.680034,143.16,88.03,265.94,100.58,143.9049609773295
2025-10-22 13:51:19.680034,91.94,49.2,173.76,66.94,90.22823839196403
2025-10-22 13:51:20.680033,87.15,46.13,153.31,106.71,90.45287103736601
2025-10-22 13:51:21.680033,128.71,54.2,274.72,80.97,125.84262676929636
2025-10-22 13:51:22.680032,75.42,29.46,124.47,126.52,77.43587645405495
2025-10-22 13:51:23.680031,77.3,50.67,129.56,32.63,70.86153252509449
2025-10-22 13:51:24.680031,73.98,69.86,87.83,26.96,66.72748447157657
2025-10-22 13:51:25.680030,94.1,32.76,206.24,57.87,90.02174293523107
2025-10-22 13:51:26.680030,79.76,56.08,90.25,117.31,78.54759800601742
2025-10-22 13:51:27.680029,116.98,58.48,250.32,63.05,117.07734753819679
2025-10-22 13:51:28.680029,115.42,21.35,267.77,131.04,117.37436949276277
2025-10-22 13:51:29.680028,82.49,68.57,73.49,114.13,79.08419081817483
2025-10-22 13:51:30.680028,124.15,65.7,225.93,112.26,123.10444545616768
2025-10-22 13:51:31.680027,119.03,29.61,290.54,73.02,116.80202509530169
2025-10-22 13:51:32.680027,73.15,42.75,97.05,103.71,71.26840940727784
2025-10-22 13:51:33.680026,63.51,33.57,119.79,36.62,60.22152073002075
2025-10-22 13:51:34.680026,135.96,76.89,258.64,103.72,136.79965831890442
2025-10-22 13:51:35.680025,129.13,77.92,226.14,123.69,131.50822964892413
2025-10-22 13:51:36.680025,112.45,67.8,181.7,144.84,117.32277034548538
2025-10-22 13:51:37.680024,87.81,54.45,127.41,66.85,78.88773571763934
2025-10-22 13:51:38.680023,147.87,83.48,289.12,140.07,156.45214828291074
2025-10-22 13:51:39.680023,102.57,35.37,218.44,86.49,100.66781760264362
2025-10-22 13:51:40.680022,131.24,47.55,244.47,149.04,126.96210428470272
2025-10-22 13:51:41.680022,150.53,84.14,298.43,125.53,156.6913476182313
2025-10-22 13:51:42.680021,106.47,69.55,155.81,121.65,105.8063206894531
2025-10-22 13:51:43.680021,111.72,89.47,205.22,91.73,124.61318811477113
2025-10-22 13:51:44.680020,74.82,83.09,93.49,25.91,74.79320835115432
2025-10-22 13:51:45.680020,100.27,31.68,225.44,49.74,93.64171433604884
2025-10-22 13:51:46.680019,91.98,81.67,117.43,98.05,95.60656751968915
2025-10-22 13:51:47.680019,115.55,97.33,87.9,142.27,103.29124259755538
2025-10-22 13:51:48.680018,88.34,85.03,116.11,53.11,87.95630691883817
2025-10-22 13:51:49.680018,100.44,44.46,231.52,72.66,106.3693578169529
2025-10-22 13:51:50.680017,75.18,86.26,69.14,51.81,74.19196348216987
2025-10-22 13:51:51.680017,65.81,80.4,83.45,26.76,70.60788275932703
2025-10-22 13:51:52.680016,120.78,83.73,198.54,131.46,127.64206674818124
2025-10-22 13:51:53.680015,103.5,33.11,194.55,118.43,98.70630179384571
2025-10-22 13:51:54.680015,60.94,39.22,126.16,29.62,63.55331329831276
2025-10-22 13:51:55.680014,92.01,48.59,191.44,49.74,91.82401338279155
2025-10-22 13:51:56.680014,135.38,95.1,219.25,92.31,131.74235055684971
2025-10-22 13:51:57.680013,92.66,24.81,244.77,19.54,90.04211598372983
2025-10-22 13:51:58.680013,93.79,80.5,114.53,105.15,95.56336268489619
2025-10-22 13:51:59.680012,94.18,68.7,90.1,137.29,88.73951866693461
2025-10-22 13:52:00.680012,63.99,25.76,87.07,120.72,63.205059087242255
2025-10-22 13:52:01.680011,122.83,73.93,215.56,88.85,119.42845640981048
2025-10-22 13:52:02.680011,86.91,24.71,257.75,29.83,95.93679338223157
2025-10-22 13:52:03.680010,96.07,47.97,160.42,122.79,96.69671171128746
2025-10-22 13:52:04.680010,57.03,49.86,91.52,62.48,64.9525153612523
2025-10-22 13:52:05.680009,87.08,60.28,156.64,55.59,88.33394448536336
2025-10-22 13:52:06.680009,82.62,84.84,61.56,146.72,90.05265231866633
2025-10-22 13:52:07.680008,41.42,51.28,54.39,15.09,45.08888953348182
2025-10-22 13:52:08.680008,58.51,51.34,55.73,53.08,53.064385554556466
2025-10-22 13:52:09.680007,120.09,71.54,201.22,111.92,118.51156222536532
2025-10-22 13:52:10.680006,75.16,25.54,113.56,142.35,75.35225246104173
2025-10-22 13:52:11.680006,109.29,56.05,198.05,118.68,111.20512710858551
2025-10-22 13:52:12.680005,102.43,21.96,229.44,99.25,99.8450292530588
2025-10-22 13:52:13.680005,91.41,70.53,152.77,63.81,93.89534421737802
2025-10-22 13:52:14.680004,69.97,43.14,130.28,44.31,69.65589436259043
2025-10-22 13:52:15.680004,54.67,38.3,56.29,112.84,58.619447784041604
2025-10-22 13:52:16.680003,131.14,74.02,179.29,134.84,117.7031820136338
2025-10-22 13:52:17.680003,89.89,46.43,132.63,108.46,84.7337920733579
2025-10-22 13:52:18.680002,126.59,99.0,271.59,18.66,134.78806597099657
2025-10-22 13:52:19.680002,124.8,83.62,173.29,134.51,120.60384277441992
2025-10-22 13:52:20.680001,85.51,88.51,59.73,93.85,80.82861659484176
2025-10-22 13:52:21.680001,121.16,74.69,265.53,15.71,120.30306548611323
2025-10-22 13:52:22.680000,74.4,82.82,55.52,109.45,79.83369626982278
2025-10-22 13:52:23.679999,95.61,78.03,154.01,104.41,106.05539874247125
2025-10-22 13:52:24.679999,103.34,98.16,90.24,143.76,104.70276137494251
2025-10-22 13:52:25.679998,129.39,79.47,222.49,123.32,131.1078030341063
2025-10-22 13:52:26.679998,59.37,37.21,87.94,70.33,59.150261035233456
2025-10-22 13:52:27.679997,120.55,64.72,274.04,32.16,121.17362013742083
2025-10-22 13:52:28.679997,97.78,86.78,164.44,30.76,98.9142385052953
2025-10-22 13:52:29.679996,100.76,90.78,122.38,111.1,104.21152632069169
2025-10-22 13:52:30.679996,92.38,81.99,163.35,11.01,92.28544987605426
2025-10-22 13:52:31.679995,142.95,87.34,244.34,131.21,143.1516468390136
2025-10-22 13:52:32.679995,97.26,70.18,162.99,74.5,98.91568800259013
2025-10-22 13:52:33.679994,65.45,23.48,134.32,80.48,68.28410067297739
2025-10-22 13:52:34.679994,68.21,64.4,99.9,46.13,71.44878456454077
2025-10-22 13:52:35.679993,63.7,47.88,66.41,101.65,64.1989479684162
2025-10-22 13:52:36.679993,111.67,20.99,278.57,63.56,107.04337373859006
2025-10-22 13:52:37.679992,56.44,24.55,59.15,96.95,49.49270253370709
2025-10-22 13:52:38.679991,142.72,63.55,284.46,117.73,140.71414239391305
2025-10-22 13:52:39.679991,79.27,25.54,154.59,74.82,74.27613042158983
2025-10-22 13:52:40.679990,43.5,45.98,53.76,10.68,41.39074203683349
2025-10-22 13:52:41.679990,135.65,21.59,283.01,129.27,121.72271536194091
2025-10-22 13:52:42.679989,96.84,36.84,218.72,69.56,98.12085038523075
2025-10-22 13:52:43.679989,83.12,51.24,90.95,146.26,82.10138294309988
2025-10-22 13:52:44.679988,109.73,80.08,172.64,78.83,107.59441411131432
2025-10-22 13:52:45.679988,128.22,66.44,224.9,142.11,129.08925447327056
2025-10-22 13:52:46.679987,60.15,24.51,85.3,123.3,62.564292906016824
2025-10-22 13:52:47.679987,104.4,95.54,137.65,57.95,100.61302276605967
2025-10-22 13:52:48.679986,100.78,27.82,194.84,125.87,97.6424622090246
2025-10-22 13:52:49.679986,106.87,80.48,168.14,91.62,108.98008451843218
2025-10-22 13:52:50.679985,57.85,28.69,96.03,33.67,50.069960752341444
2025-10-22 13:52:51.679985,86.47,43.65,212.81,43.61,94.57554744004095
2025-10-22 13:52:52.679984,113.0,33.87,240.89,119.07,113.13893576500699
2025-10-22 13:52:53.679983,72.54,44.85,86.5,118.36,72.04959991673098
2025-10-22 13:52:54.679983,98.12,48.1,197.84,80.74,99.65922189831483
2025-10-22 13:52:55.679982,77.43,70.04,88.07,90.54,79.51289180637278
2025-10-22 13:52:56.679982,98.48,22.11,190.86,142.36,96.88344422928934
2025-10-22 13:52:57.679981,126.46,71.26,258.49,86.98,130.63369847460723
2025-10-22 13:52:58.679981,123.69,52.51,281.75,42.24,119.42606550655495
2025-10-22 13:52:59.679980,122.93,49.56,256.64,100.51,121.98289077328884
2025-10-22 13:53:00.679980,45.6,23.88,75.83,38.41,42.550027730493156
2025-10-22 13:53:01.679979,98.42,57.98,202.86,24.13,94.8367460364351
2025-10-22 13:53:02.679979,151.5,78.44,288.56,117.45,149.2886097255294
2025-10-22 13:53:03.679978,69.37,69.58,64.94,84.51,71.13512739961854
2025-10-22 13:53:04.679978,119.87,70.69,268.76,39.17,123.94456114265529
2025-10-22 13:53:05.679977,124.05,25.85,283.67,143.58,126.87882935586991
2025-10-22 13:53:06.679977,135.33,27.67,294.55,144.09,131.15441445129787
2025-10-22 13:53:07.679976,80.21,97.64,78.36,64.83,85.20215775051227
2025-10-22 13:53:08.679976,105.01,41.64,219.06,109.3,108.49821238680452
2025-10-22 13:53:09.679975,141.21,93.87,241.18,88.62,136.9898923542149
2025-10-22 13:53:10.679975,51.61,53.63,54.43,55.74,54.33953667855955
2025-10-22 13:53:11.679974,108.62,60.93,178.49,132.62,110.51847764110849
2025-10-22 13:53:12.679973,105.73,42.13,214.94,70.7,99.83929759916545
2025-10-22 13:53:13.679973,75.21,46.58,161.72,20.0,75.98783908460788
2025-10-22 13:53:14.679972,53.45,33.86,95.19,61.09,57.83034486203269
2025-10-22 13:53:15.679972,132.09,46.21,289.45,141.75,138.36813211948316
2025-10-22 13:53:16.679971,79.53,20.25,163.27,100.35,79.32577267327977
2025-10-22 13:53:17.679971,136.99,27.58,298.67,138.11,131.16067686178798
2025-10-22 13:53:18.679970,93.23,58.84,218.78,18.82,98.99463722664692
2025-10-22 13:53:19.679970,108.09,32.03,255.98,70.01,107.01934065939191
2025-10-22 13:53:20.679969,108.87,53.22,212.33,89.21,108.23982389001327
2025-10-22 13:53:21.679969,80.66,35.76,176.03,41.02,79.0867170293977
2025-10-22 13:53:22.679968,94.45,32.4,218.34,82.07,98.28459004952506
2025-10-22 13:53:23.679965,112.15,64.01,274.47,38.4,122.1890689409147
2025-10-22 13:53:24.679964,83.92,35.01,190.88,48.13,84.5891138173567
2025-10-22 13:53:25.679964,103.81,91.62,145.6,107.15,110.82360120322966
2025-10-22 13:53:26.679963,140.24,58.18,297.08,111.21,140.54470165850688
2025-10-22 13:53:27.679963,89.87,81.99,95.83,76.06,84.90731945665796
2025-10-22 13:53:28.679962,72.4,46.08,95.25,127.08,77.02196288448745
2025-10-22 13:53:29.679962,113.26,33.0,271.17,102.37,118.49187288478008
2025-10-22 13:53:30.679961,109.39,93.67,180.17,53.01,111.48294696162695
2025-10-22 13:53:31.679960,142.04,91.58,269.02,48.79,136.31149248284646
2025-10-22 13:53:32.679960,66.49,31.07,158.25,11.98,65.64672217107803
2025-10-22 13:53:33.679959,73.74,77.49,74.28,47.51,70.52589861057895
2025-10-22 13:53:34.679959,40.15,40.17,67.93,14.62,43.545404616708716
2025-10-22 13:53:35.679958,108.52,75.72,122.78,143.1,103.20314383224513
2025-10-22 13:53:36.679958,99.14,96.7,122.87,60.94,97.34072507826018
2025-10-22 13:53:37.679957,89.63,37.38,173.41,72.13,85.28101689560334
2025-10-22 13:53:38.679957,110.33,58.86,203.1,134.15,117.19062016878891
2025-10-22 13:53:39.679956,85.96,66.06,123.26,94.12,88.82305204250622
2025-10-22 13:53:40.679956,64.11,59.25,52.41,115.82,68.45349275864368
2025-10-22 13:53:41.679955,64.21,36.44,111.35,97.36,71.17064589138946
2025-10-22 13:53:42.679955,58.08,48.86,68.3,71.59,59.28546888468375
2025-10-22 13:53:43.679954,114.24,69.02,217.98,74.14,114.79571050900917
2025-10-22 13:53:44.679954,111.4,66.06,164.12,87.43,99.77565006491862
2025-10-22 13:53:45.679953,146.82,57.84,291.98,148.65,146.27665433580407
2025-10-22 13:53:46.679953,122.75,97.95,206.12,89.06,128.566660947297
2025-10-22 13:53:47.679952,119.13,60.82,271.94,55.87,123.31244883942782
2025-10-22 13:53:48.679952,129.57,54.87,292.1,45.14,124.28517628187768
2025-10-22 13:53:49.679951,131.85,69.99,254.92,141.04,139.66336909130632
2025-10-22 13:53:50.679951,54.31,39.77,59.86,81.24,54.14858800400752
2025-10-22 13:53:51.679950,106.26,94.68,111.76,100.29,100.81087039038073
2025-10-22 13:53:52.679949,142.75,63.99,296.0,70.97,135.11699085994786
2025-10-22 13:53:53.679949,83.07,20.64,199.5,21.73,74.79879753331332
2025-10-22 13:53:54.679948,54.01,29.34,95.82,103.84,64.26207297258438
2025-10-22 13:53:55.679948,104.24,21.92,264.45,75.46,105.62426099374973
2025-10-22 13:53:56.679947,95.41,27.42,242.36,46.96,96.0587413892398
2025-10-22 13:53:57.679947,107.47,36.56,285.74,18.27,107.94164436764314
2025-10-22 13:53:58.679946,68.5,23.06,77.87,122.9,59.531308250656465
2025-10-22 13:53:59.679946,62.78,31.51,129.11,51.61,64.9755521805836
2025-10-22 13:54:00.679945,73.25,23.01,109.83,142.85,73.07346322446979
2025-10-22 13:54:01.679945,74.45,82.22,85.57,10.54,68.9288073862087
2025-10-22 13:54:02.679944,67.51,37.43,78.33,143.91,70.98052623379172
2025-10-22 13:54:03.679944,70.5,95.05,66.99,12.28,70.06417021892209
2025-10-22 13:54:04.679943,131.6,57.36,235.84,140.08,127.46313355879145
2025-10-22 13:54:05.679943,109.89,78.75,209.26,52.89,112.78975689343116
2025-10-22 13:54:06.679942,117.8,78.95,220.74,67.47,119.2344237151377
2025-10-22 13:54:07.679942,138.41,81.77,279.25,104.95,145.6629458437827
2025-10-22 13:54:08.679941,84.19,81.96,90.54,73.15,82.72466759661167
2025-10-22 13:54:09.679940,116.7,84.27,193.39,85.37,117.21127244371586
2025-10-22 13:54:10.679940,128.71,52.68,255.7,116.21,126.36770975541683
2025-10-22 13:54:11.679939,114.45,71.21,166.02,121.78,109.72558863344568
2025-10-22 13:54:12.679939,131.53,67.12,277.22,63.57,129.55826150574222
2025-10-22 13:54:13.679938,94.47,51.52,124.67,114.33,86.03567504815665
2025-10-22 13:54:14.679938,72.53,28.82,171.82,21.96,70.58900016233285
2025-10-22 13:54:15.679937,125.12,86.87,206.33,99.32,125.16205704962776
2025-10-22 13:54:16.679937,124.91,61.5,204.97,147.08,121.63155181406597
2025-10-22 13:54:17.679936,112.48,27.81,277.73,99.4,117.29531906441599
2025-10-22 13:54:18.679936,93.16,87.27,100.26,110.95,95.7894809268998
2025-10-22 13:54:19.679935,113.07,51.97,215.54,117.25,114.15094584962507
2025-10-22 13:54:20.679934,117.57,82.22,149.77,142.6,114.44537554009403
2025-10-22 13:54:21.679934,95.72,87.06,85.77,120.41,93.20831396090635
2025-10-22 13:54:22.679933,98.47,68.6,169.93,83.17,101.93802331437713
2025-10-22 13:54:23.679933,129.49,56.74,299.03,46.96,127.65849008343007
2025-10-22 13:54:24.679932,118.12,69.73,235.4,20.6,109.75382534029296
2025-10-22 13:54:25.679932,73.59,98.61,62.71,40.7,76.18928433141717
2025-10-22 13:54:26.679931,131.22,82.02,287.16,15.77,130.45784827017283
2025-10-22 13:54:27.679931,139.48,82.26,279.87,43.09,133.81040198092322
2025-10-22 13:54:28.679930,90.17,80.79,116.99,85.34,92.51353512220237
2025-10-22 13:54:29.679930,75.14,68.14,93.84,27.4,67.76667165783373
2025-10-22 13:54:30.679929,110.79,27.22,228.01,141.84,110.48480898117225
2025-10-22 13:54:31.679929,111.67,54.76,196.91,110.1,108.51801680766036
2025-10-22 13:54:32.679928,109.51,74.32,218.6,65.16,115.83226056247325
2025-10-22 13:54:33.679928,73.25,21.09,119.08,117.61,69.88832276264303
2025-10-22 13:54:34.679927,98.32,77.46,189.43,55.37,106.68114029368675
2025-10-22 13:54:35.679927,104.17,36.05,202.11,48.32,88.51883334810574
2025-10-22 13:54:36.679926,101.66,43.15,176.46,133.1,101.17004873967815
2025-10-22 13:54:37.679925,49.86,35.06,97.4,23.33,51.59350799193456
2025-10-22 13:54:38.679925,92.83,31.89,247.17,26.63,95.6887241921185
2025-10-22 13:54:39.679924,86.78,44.83,160.64,106.55,91.97833533528808
2025-10-22 13:54:40.679924,66.81,72.61,66.05,35.01,63.14588514432538
2025-10-22 13:54:41.679923,74.24,31.49,148.18,87.19,77.7617324698883
2025-10-22 13:54:42.679923,54.99,35.64,83.05,91.13,61.0303522997697
2025-10-22 13:54:43.679922,69.99,50.66,101.37,74.78,70.75266993434246
2025-10-22 13:54:44.679922,83.14,64.11,162.49,35.36,87.97839555376271
2025-10-22 13:54:45.679921,102.32,42.47,187.08,120.8,101.58198649667476
2025-10-22 13:54:46.679921,134.68,85.78,260.24,80.43,137.07311051752342
2025-10-22 13:54:47.679920,85.99,59.07,109.14,125.33,87.30307549305644
2025-10-22 13:54:48.679920,99.58,61.97,200.12,77.38,106.56836927935196
2025-10-22 13:54:49.679919,131.91,60.61,298.85,44.74,129.08632993683486
2025-10-22 13:54:50.679919,150.2,98.73,240.41,139.13,149.2018312843761
2025-10-22 13:54:51.679918,78.24,63.4,86.49,124.43,82.46794881060887
2025-10-22 13:54:52.679917,69.22,68.44,55.63,97.68,70.38543654756302
2025-10-22 13:54:53.679917,97.51,82.02,116.91,143.11,104.57085343858552
2025-10-22 13:54:54.679916,115.0,37.25,238.95,134.3,117.25905069583649
2025-10-22 13:54:55.679916,132.5,58.81,272.41,47.71,120.83491624168107
2025-10-22 13:54:56.679915,109.57,49.35,194.97,105.99,104.43104920729078
2025-10-22 13:54:57.679915,125.93,79.25,274.98,94.43,141.0387951851886
2025-10-22 13:54:58.679914,94.98,33.04,220.1,42.05,91.1855532482066
2025-10-22 13:54:59.679914,107.5,95.85,164.38,50.99,107.41910913393944
2025-10-22 13:55:00.679913,45.64,39.79,78.43,41.05,51.760186133345364
2025-10-22 13:55:01.679913,95.46,23.85,195.4,109.56,92.6000109186994
2025-10-22 13:55:02.679912,116.88,31.03,273.29,109.38,119.54214999747825
2025-10-22 13:55:03.679912,104.38,53.02,196.35,45.4,94.6390023914397
2025-10-22 13:55:04.679911,111.05,38.3,215.2,130.63,109.9137278175741
2025-10-22 13:55:05.679911,132.66,87.77,293.26,27.83,137.54254571858735
2025-10-22 13:55:06.679910,77.55,85.59,89.57,32.07,76.08015174110122
2025-10-22 13:55:07.679910,119.53,81.69,150.95,143.87,114.78887745405476
2025-10-22 13:55:08.679909,98.99,40.15,219.42,60.84,98.24438142130398
2025-10-22 13:55:09.679908,133.23,46.07,270.56,140.99,132.47009037760682
2025-10-22 13:55:10.679908,116.7,66.36,201.63,91.98,112.10212693256723
2025-10-22 13:55:11.679907,122.84,70.02,204.92,103.43,117.1827638375496
2025-10-22 13:55:12.679907,118.35,94.69,193.95,112.2,127.88364149708895
2025-10-22 13:55:13.679906,127.8,85.51,213.27,125.18,131.70677836260217
2025-10-22 13:55:14.679906,40.09,37.74,50.67,29.27,40.0592051123003
2025-10-22 13:55:15.679905,92.72,29.75,227.5,45.18,92.39660108453532
2025-10-22 13:55:16.679905,86.41,40.4,219.04,18.1,89.76832492479389
2025-10-22 13:55:17.679904,59.97,54.42,73.76,72.01,63.77228199588266
2025-10-22 13:55:18.679904,124.62,85.35,208.92,50.29,115.45039731171336
2025-10-22 13:55:19.679903,122.22,47.87,291.75,77.12,127.05183317958793
2025-10-22 13:55:20.679903,57.5,48.72,55.2,135.5,67.96793626101245
2025-10-22 13:55:21.679902,125.89,67.42,204.02,145.8,124.03309426996411
2025-10-22 13:55:22.679902,96.79,94.6,106.41,91.56,97.42977933005307
2025-10-22 13:55:23.679901,94.19,89.76,68.36,129.34,91.09004702911433
2025-10-22 13:55:24.679901,70.0,21.98,135.94,118.71,75.6163546456242
2025-10-22 13:55:25.679900,65.6,37.86,123.19,62.28,68.46962398703201
2025-10-22 13:55:26.679899,151.15,60.45,295.11,148.55,148.49427371493186
2025-10-22 13:55:27.679899,118.01,68.23,216.92,100.02,119.22311075089424
2025-10-22 13:55:28.679898,89.34,68.04,72.37,139.97,83.61479059507236
2025-10-22 13:55:29.679898,65.22,26.92,103.68,98.37,64.33608396066867
2025-10-22 13:55:30.679897,105.61,31.23,215.59,105.61,101.550640296587
2025-10-22 13:55:31.679897,117.42,87.18,231.38,10.75,115.25949158572737
2025-10-22 13:55:32.679896,79.23,56.76,102.19,136.08,86.2009267104906
2025-10-22 13:55:33.679896,98.64,73.29,143.33,100.14,99.64263898132731
2025-10-22 13:55:34.679895,113.01,46.33,220.79,127.14,114.8904454123646
2025-10-22 13:55:35.679895,72.87,34.24,149.2,47.0,71.45483363534836
2025-10-22 13:55:36.679894,144.56,94.45,295.36,38.03,143.51774693266537
2025-10-22 13:55:37.679894,119.11,72.41,170.72,99.54,107.31865186282579
2025-10-22 13:55:38.679893,119.69,39.5,284.02,62.3,117.62753422737084
2025-10-22 13:55:39.679893,58.58,34.66,68.29,109.99,59.85185187527996
2025-10-22 13:55:40.679892,63.49,77.44,69.44,24.48,64.47372538675607
2025-10-22 13:55:41.679892,75.88,41.86,116.86,77.6,71.59618109768645
2025-10-22 13:55:42.679891,99.39,31.21,158.52,130.3,89.28993021502393
2025-10-22 13:55:43.679890,117.65,87.55,230.7,46.34,122.30535069062962
2025-10-22 13:55:44.679890,95.49,54.78,149.21,105.29,93.23619035622491
2025-10-22 13:55:45.679889,121.17,80.72,215.43,125.54,130.0476628127439
2025-10-22 13:55:46.679889,96.71,22.04,213.74,114.88,98.26932100326131
2025-10-22 13:55:47.679888,64.07,60.11,55.49,89.2,64.52107521422977
2025-10-22 13:55:48.679888,59.28,23.39,147.76,40.55,64.35079564530947
2025-10-22 13:55:49.679887,123.32,76.96,199.45,118.69,122.0165631812941
2025-10-22 13:55:50.679887,132.83,86.33,233.4,103.38,133.83605752831062
2025-10-22 13:55:51.679886,140.82,83.0,255.69,100.97,138.4026077614284
2025-10-22 13:55:52.679886,76.42,30.79,149.85,69.18,74.3399937540153
2025-10-22 13:55:53.679885,94.65,35.54,170.25,105.22,89.98712056298899
2025-10-22 13:55:54.679885,112.37,89.08,204.23,70.87,119.9801060292781
2025-10-22 13:55:55.679884,54.56,45.2,115.45,11.99,59.80489367274766
2025-10-22 13:55:56.679884,128.05,47.52,277.87,84.3,124.13175698726039
2025-10-22 13:55:57.679883,98.96,73.44,203.54,11.24,100.16276587080743
2025-10-22 13:55:58.679883,69.69,47.71,129.09,11.22,64.99869205959544
2025-10-22 13:55:59.679882,120.71,48.71,266.37,85.88,121.58024622830828
2025-10-22 13:56:00.679882,116.14,43.35,218.94,138.81,115.17094706202325
2025-10-22 13:56:01.679881,64.57,57.89,110.46,15.27,65.26108539547536
2025-10-22 13:56:02.679880,59.5,31.99,94.48,71.83,58.820312125945634
2025-10-22 13:56:03.679880,123.93,73.57,211.24,102.04,120.5700589180911
2025-10-22 13:56:04.679879,120.35,50.41,254.24,58.65,113.37252317302897
2025-10-22 13:56:05.679879,76.18,80.03,84.41,70.46,79.38925354354885
2025-10-22 13:56:06.679878,129.57,52.07,259.86,135.7,131.1847266725195
2025-10-22 13:56:07.679878,66.34,30.47,105.95,93.54,65.82309521429019
2025-10-22 13:56:08.679877,126.36,97.66,179.51,124.76,127.51292114065133
2025-10-22 13:56:09.679877,98.57,47.9,182.13,76.7,94.03590702513341
2025-10-22 13:56:10.679876,101.38,42.44,195.91,107.33,101.54655481854952
2025-10-22 13:56:11.679876,116.79,88.52,170.51,110.34,117.40377331807326
2025-10-22 13:56:12.679875,79.14,61.03,67.01,139.77,78.4813145782936
2025-10-22 13:56:13.679875,66.42,72.05,102.24,21.45,71.05259998587852
2025-10-22 13:56:14.679874,128.33,56.04,298.17,106.26,138.82627622438795
2025-10-22 13:56:15.679874,91.21,76.02,153.85,39.62,92.14459550661944
2025-10-22 13:56:16.679873,112.92,60.0,165.49,131.61,105.94860565249871
2025-10-22 13:56:17.679873,98.61,33.61,226.51,67.66,98.48021721007761
2025-10-22 13:56:18.679872,162.99,82.39,286.04,137.61,154.49644553344922
2025-10-22 13:56:19.679872,135.55,70.35,259.63,116.42,136.36955240578527
2025-10-22 13:56:20.679871,78.47,73.24,76.71,93.11,78.19864810809133
2025-10-22 13:56:21.679870,84.24,78.52,107.64,86.32,88.77007544008555
2025-10-22 13:56:22.679870,88.46,77.84,61.21,91.34,75.47393333872463
2025-10-22 13:56:23.679869,136.75,58.55,274.3,77.35,127.15883860627807
2025-10-22 13:56:24.679869,118.93,95.32,183.64,78.13,118.3332471937649
2025-10-22 13:56:25.679868,142.75,81.1,298.13,66.93,143.45576134126708
2025-10-22 13:56:26.679868,91.32,67.74,161.98,91.34,100.74345371252019
2025-10-22 13:56:27.679867,136.43,70.09,278.02,92.61,137.04019588744285
2025-10-22 13:56:28.679867,84.38,97.51,60.94,67.28,80.38825544898859
2025-10-22 13:56:29.679866,100.64,22.26,239.4,111.07,105.334527397168
2025-10-22 13:56:30.679866,48.88,43.9,55.74,43.92,47.55227051766279
2025-10-22 13:56:31.679865,95.78,82.5,62.32,143.68,88.51490794565527
2025-10-22 13:56:32.679865,117.94,39.78,265.49,78.45,115.40385163327801
2025-10-22 13:56:33.679864,126.54,68.78,254.52,99.31,130.65646908827316
2025-10-22 13:56:34.679864,60.53,47.54,88.97,71.11,64.74693724987011
2025-10-22 13:56:35.679863,66.36,33.77,126.71,91.38,73.27339278624899
2025-10-22 13:56:36.679863,112.36,88.73,157.86,91.27,109.91965810600242
2025-10-22 13:56:37.679862,78.81,65.61,153.21,26.8,84.2348430694474
2025-10-22 13:56:38.679862,51.42,39.04,96.37,15.17,51.641132222523495
2025-10-22 13:56:39.679861,109.85,91.45,170.95,119.71,120.8521435415482
2025-10-22 13:56:40.679860,94.71,54.21,134.51,117.97,91.05238050484579
2025-10-22 13:56:41.679860,123.18,25.87,282.75,118.2,121.57303735804473
2025-10-22 13:56:42.679859,147.73,76.95,274.84,134.78,147.86552776608835
2025-10-22 13:56:43.679859,79.49,46.69,143.43,64.22,79.32514419099738
2025-10-22 13:56:44.679858,116.55,20.32,253.11,115.68,109.40668398007665
2025-10-22 13:56:45.679858,113.95,76.65,208.31,65.37,113.93879723931161
2025-10-22 13:56:46.679857,130.03,89.8,267.48,17.52,128.75560051262062
2025-10-22 13:56:47.679857,119.71,57.27,235.4,114.86,122.27872763866958
2025-10-22 13:56:48.679856,92.16,90.0,117.84,63.8,93.06801526428583
2025-10-22 13:56:49.679856,35.74,26.36,62.94,17.72,35.7999248522042
2025-10-22 13:56:50.679855,108.81,48.85,168.47,142.24,103.41524005097416
2025-10-22 13:56:51.679855,129.36,85.97,273.96,22.66,129.82093238532408
2025-10-22 13:56:52.679854,68.83,69.04,104.91,46.72,75.37701762685113
2025-10-22 13:56:53.679854,89.79,45.49,214.58,21.78,91.68734387731298
2025-10-22 13:56:54.679853,112.57,65.27,220.67,41.01,107.16313490184172
2025-10-22 13:56:55.679853,81.19,56.87,145.06,51.24,82.29557700651823
2025-10-22 13:56:56.679852,88.16,70.55,83.24,140.55,88.24407969381015
2025-10-22 13:56:57.679852,114.69,45.43,271.32,18.09,107.9786842987359
2025-10-22 13:56:58.679851,115.39,56.32,235.26,120.08,122.80109677693304
2025-10-22 13:56:59.679851,95.84,71.01,179.79,85.18,106.49799084888757
2025-10-22 13:57:00.679850,73.53,30.02,96.47,125.18,69.03234877295905
2025-10-22 13:57:01.679849,143.13,97.21,248.05,51.44,133.33203777988905
2025-10-22 13:57:02.679849,92.3,67.85,85.79,135.29,86.62469841284974
2025-10-22 13:57:03.679848,113.46,88.35,133.16,140.94,112.16902548393969
2025-10-22 13:57:04.679848,98.32,24.91,194.34,116.94,94.27335715067292
2025-10-22 13:57:05.679847,84.02,62.48,115.18,58.12,77.46806069748526
2025-10-22 13:57:06.679847,87.02,83.75,120.7,37.23,85.54695744056454
2025-10-22 13:57:07.679846,88.44,70.63,120.84,73.91,86.35349140871622
2025-10-22 13:57:08.679846,121.27,45.11,236.53,129.64,119.51151401095825
2025-10-22 13:57:09.679845,30.51,20.21,54.11,11.49,28.85351593519846
2025-10-22 13:57:10.679845,75.92,43.76,152.26,72.0,82.06811151075104
2025-10-22 13:57:11.679844,91.46,67.89,117.65,118.3,92.84705458111043
2025-10-22 13:57:12.679844,52.35,29.53,65.48,129.83,60.39779402206396
2025-10-22 13:57:13.679843,98.09,54.76,201.41,84.0,104.68836966091841
2025-10-22 13:57:14.679843,48.61,20.84,82.73,95.01,54.35150004067691
2025-10-22 13:57:15.679842,91.82,51.6,185.42,29.79,87.54900705140734
2025-10-22 13:57:16.679842,137.71,81.51,209.91,119.44,127.56990445674282
2025-10-22 13:57:17.679841,72.32,79.32,80.24,63.0,76.30198163345142
2025-10-22 13:57:18.679840,97.9,45.85,186.38,114.4,101.78014806765546
2025-10-22 13:57:19.679840,98.42,23.91,247.43,94.2,105.21824590281365
2025-10-22 13:57:20.679839,138.62,90.59,222.23,119.64,135.82371461946633
2025-10-22 13:57:21.679839,95.13,40.8,174.71,139.84,100.81475364689366
2025-10-22 13:57:22.679838,85.98,41.06,119.16,135.27,83.34041819654136
2025-10-22 13:57:23.679838,43.36,37.65,63.15,48.16,47.51610526069833
2025-10-22 13:57:24.679837,80.58,33.99,167.05,43.72,76.04438548596275
2025-10-22 13:57:25.679837,91.09,39.63,195.4,70.01,92.58727685999344
2025-10-22 13:57:26.679836,90.11,50.35,120.71,133.37,88.04456964890211
2025-10-22 13:57:27.679836,82.58,41.12,182.55,66.04,88.67710220334584
2025-10-22 13:57:28.679835,103.7,70.33,178.91,72.69,103.41575848849052
2025-10-22 13:57:29.679835,74.66,38.82,119.47,103.47,76.00679060960509
2025-10-22 13:57:30.679834,75.21,69.76,63.01,97.6,73.243501323039
2025-10-22 13:57:31.679834,75.01,76.92,56.72,78.12,71.04249711461233
2025-10-22 13:57:32.679833,124.58,79.51,226.54,62.61,120.29094230910806
2025-10-22 13:57:33.679833,109.99,40.32,249.87,66.09,108.5232990950732
2025-10-22 13:57:34.679832,82.84,81.21,61.76,110.95,81.20712698738181
2025-10-22 13:57:35.679832,69.3,53.19,85.05,93.96,70.9126963442831
2025-10-22 13:57:36.679831,113.44,35.04,242.87,105.09,111.53959718815452
2025-10-22 13:57:37.679831,103.3,92.07,193.41,44.9,113.05719854469802
2025-10-22 13:57:38.679830,139.45,64.13,268.4,108.35,134.3128969834473
2025-10-22 13:57:39.679829,138.14,94.59,265.88,49.35,136.9743720726818
2025-10-22 13:57:40.679829,78.49,51.65,165.59,15.08,78.6930555646714
2025-10-22 13:57:41.679828,97.41,68.14,129.07,141.33,100.97628128694022
2025-10-22 13:57:42.679828,125.73,82.6,224.32,119.51,132.45642162812848
2025-10-22 13:57:43.679827,78.96,96.46,75.64,48.31,80.51832158069877
2025-10-22 13:57:44.679827,116.83,90.11,191.01,70.91,116.52637097976759
2025-10-22 13:57:45.679826,111.48,71.45,159.3,129.83,109.42339275653784
2025-10-22 13:57:46.679826,120.34,66.13,221.31,91.93,117.89295928345747
2025-10-22 13:57:47.679825,65.7,50.88,109.27,59.45,70.19261990031515
2025-10-22 13:57:48.679825,108.13,87.84,145.89,102.81,108.17104589470961
2025-10-22 13:57:49.679824,75.98,41.3,160.52,54.6,79.87376554687178
2025-10-22 13:57:50.679824,82.12,88.02,98.4,43.8,82.2703898616075
2025-10-22 13:57:51.679823,61.12,62.4,77.05,54.02,65.15388615942942
2025-10-22 13:57:52.679823,97.99,51.48,163.79,120.8,99.05834994323462
2025-10-22 13:57:53.679822,148.01,92.86,230.14,132.21,141.8247271373047
2025-10-22 13:57:54.679822,123.56,34.17,296.18,96.78,125.48028124697818
2025-10-22 13:57:55.679821,114.91,36.35,260.25,88.85,114.18972162491143
2025-10-22 13:57:56.679820,118.1,22.67,292.25,96.29,118.48827096532776
2025-10-22 13:57:57.679820,75.75,94.87,69.64,42.83,76.83694575758389
2025-10-22 13:57:58.679819,128.47,68.31,266.54,56.14,125.46426990197892
2025-10-22 13:57:59.679819,84.7,51.19,151.3,77.61,86.58487137025044
2025-10-22 13:58:00.679818,61.8,38.12,116.9,56.62,65.58447765525227
2025-10-22 13:58:01.679818,123.83,20.16,291.55,109.53,119.65965051628474
2025-10-22 13:58:02.679817,75.76,60.1,97.22,74.6,74.15965774228368
2025-10-22 13:58:03.679817,100.58,57.05,165.7,93.77,97.03292908491215
2025-10-22 13:58:04.679816,117.23,75.96,181.37,107.88,113.93927065175802
2025-10-22 13:58:05.679816,109.75,48.19,230.47,110.44,115.40817610604637
2025-10-22 13:58:06.679815,93.28,30.71,223.45,92.54,101.05963963037048
2025-10-22 13:58:07.679815,110.11,21.7,240.87,83.89,100.10152392901594
2025-10-22 13:58:08.679814,101.1,77.48,114.02,149.67,102.74912777492175
2025-10-22 13:58:09.679814,76.44,80.72,79.45,84.17,80.96341264916063
2025-10-22 13:58:10.679813,117.53,73.44,215.56,43.95,110.27009126008399
2025-10-22 13:58:11.679813,132.88,85.45,258.04,98.26,139.78808061423365
2025-10-22 13:58:12.679812,83.36,93.61,75.21,46.13,78.5402816134822
2025-10-22 13:58:13.679811,97.62,54.81,153.82,116.73,96.90809726513638
2025-10-22 13:58:14.679811,135.0,64.91,288.24,105.46,140.08973136825978
2025-10-22 13:58:15.679810,103.23,55.76,214.41,37.58,99.8757670901259
2025-10-22 13:58:16.679810,85.62,32.71,166.77,58.02,78.16356201309196
2025-10-22 13:58:17.679809,122.22,89.11,248.96,79.54,135.1605143541916
2025-10-22 13:58:18.679809,95.19,33.84,212.66,84.31,97.73759155180333
2025-10-22 13:58:19.679808,77.56,80.16,71.92,75.08,76.61714428050543
2025-10-22 13:58:20.679808,111.06,58.21,220.6,72.89,109.96428402074467
2025-10-22 13:58:21.679807,98.61,23.5,182.8,110.48,88.82172570922883
2025-10-22 13:58:22.679807,97.13,71.42,186.59,59.33,103.61296977310603
2025-10-22 13:58:23.679806,134.05,79.61,277.09,78.22,138.6333313622913
2025-10-22 13:58:24.679806,82.17,55.42,127.34,103.86,86.6969750755984
2025-10-22 13:58:25.679805,60.82,59.49,71.58,30.11,57.31670830859914
2025-10-22 13:58:26.679805,135.49,92.63,213.47,129.24,136.11041846118
2025-10-22 13:58:27.679804,77.06,40.49,130.54,76.51,74.81077449559128
2025-10-22 13:58:28.679804,135.46,81.03,246.02,95.09,133.34996025746722
2025-10-22 13:58:29.679803,84.9,27.0,224.85,25.27,86.28069839982227
2025-10-22 13:58:30.679802,78.27,55.43,153.92,23.42,78.7194348096572
2025-10-22 13:58:31.679802,140.75,88.2,299.79,12.11,136.597626917857
2025-10-22 13:58:32.679801,63.54,34.07,59.47,148.71,64.59565736133385
2025-10-22 13:58:33.679801,79.84,59.81,129.87,87.46,86.38223742826483
2025-10-22 13:58:34.679800,77.4,44.78,152.59,33.42,75.01398051523813
2025-10-22 13:58:35.679800,143.96,80.16,279.96,63.33,136.81277747826286
2025-10-22 13:58:36.679799,84.97,87.2,66.49,117.29,86.86358607710572
2025-10-22 13:58:37.679799,136.67,74.19,260.28,98.98,135.01001328666305
2025-10-22 13:58:38.679798,79.1,55.26,98.22,109.36,78.95718950736119
2025-10-22 13:58:39.679798,104.3,73.43,204.98,22.15,102.75679116401693
2025-10-22 13:58:40.679797,80.04,38.92,159.43,79.67,83.34136708713889
2025-10-22 13:58:41.679797,100.28,37.46,226.42,114.99,109.76335060976332
2025-10-22 13:58:42.679796,103.36,65.59,150.67,136.61,105.2643185803645
2025-10-22 13:58:43.679796,73.94,25.78,154.45,59.23,71.25788754332481
2025-10-22 13:58:44.679795,68.19,39.31,146.74,23.46,68.56049107602769
2025-10-22 13:58:45.679795,117.0,75.28,188.01,109.24,115.86717818704945
2025-10-22 13:58:46.679794,95.75,32.06,233.7,17.87,89.9853324318317
2025-10-22 13:58:47.679794,85.9,87.66,94.34,78.83,87.82648206394882
2025-10-22 13:58:48.679793,87.77,38.11,206.13,55.71,92.2178399582893
2025-10-22 13:58:49.679792,117.92,72.92,191.82,50.91,104.25834692181883
2025-10-22 13:58:50.679792,86.36,97.26,118.36,16.89,87.51726915138813
2025-10-22 13:58:51.679791,76.8,75.7,59.41,136.7,82.87596619149623
2025-10-22 13:58:52.679791,119.0,40.52,257.37,109.53,119.50190402543524
2025-10-22 13:58:53.679790,82.01,39.46,145.16,103.17,83.98659384921798
2025-10-22 13:58:54.679790,93.02,90.47,130.16,24.52,89.20536383279726
2025-10-22 13:58:55.679789,89.65,82.36,87.95,140.88,95.59277562928027
2025-10-22 13:58:56.679789,63.19,42.57,88.8,77.15,63.42585392118599
2025-10-22 13:58:57.679788,71.56,27.53,106.42,113.73,68.51242095106853
2025-10-22 13:58:58.679788,112.85,51.6,213.79,109.79,111.9599516963939
2025-10-22 13:58:59.679787,66.67,55.15,96.11,74.11,71.26944903692943
2025-10-22 13:59:00.679787,85.45,32.28,150.82,143.54,90.136029351633
2025-10-22 13:59:01.679786,97.51,31.23,248.24,19.1,94.18733203765362
2025-10-22 13:59:02.679786,76.53,41.01,170.12,26.61,77.05763629450958
2025-10-22 13:59:03.679784,78.86,78.03,99.7,40.23,76.98898493163017
2025-10-22 13:59:04.679783,113.51,23.03,282.38,81.24,112.71241123478549
2025-10-22 13:59:05.679783,112.08,62.92,197.26,96.13,109.90357533960525
2025-10-22 13:59:06.679782,114.44,93.36,155.42,149.28,123.00451978933697
2025-10-22 13:59:07.679782,86.41,59.0,95.5,118.75,81.8621900130651
2025-10-22 13:59:08.679781,71.02,91.01,73.79,21.65,71.96121645945576
2025-10-22 13:59:09.679781,132.16,87.1,231.9,97.06,132.51293462623778
2025-10-22 13:59:10.679780,127.74,64.24,229.97,133.77,127.86416373109248
2025-10-22 13:59:11.679780,137.74,69.08,250.64,122.96,134.33506318072085
2025-10-22 13:59:12.679779,95.0,77.21,191.54,64.7,109.04359260923152
2025-10-22 13:59:13.679779,91.26,94.38,61.19,121.86,89.74521397664887
2025-10-22 13:59:14.679778,99.06,53.32,200.24,41.03,95.08956505257405
2025-10-22 13:59:15.679778,97.72,86.84,174.12,30.11,101.72441574803123
2025-10-22 13:59:16.679777,118.21,53.42,237.07,74.55,112.86430464376974
2025-10-22 13:59:17.679776,88.62,67.4,149.21,28.49,84.25747304877088
2025-10-22 13:59:18.679776,153.99,92.69,278.22,107.23,151.231421598911
2025-10-22 13:59:19.679775,81.91,65.38,93.61,135.52,87.79358372377746
2025-10-22 13:59:20.679775,97.26,64.05,184.21,73.01,101.95218764248662
2025-10-22 13:59:21.679774,81.45,22.04,148.53,109.29,77.55987457705679
2025-10-22 13:59:22.679774,110.45,33.51,218.35,113.44,105.06760502405771
2025-10-22 13:59:23.679773,83.46,50.62,162.97,20.72,78.51367973318406
2025-10-22 13:59:24.679773,148.32,83.28,260.0,123.1,144.23105879449685
2025-10-22 13:59:25.679772,92.4,72.44,190.15,12.26,95.84395497315634
2025-10-22 13:59:26.679772,88.9,69.72,139.62,43.19,85.44643122607133
2025-10-22 13:59:27.679771,67.31,26.62,129.14,103.94,72.9452320280033
2025-10-22 13:59:28.679771,105.86,56.39,236.27,62.29,111.66520462394071
2025-10-22 13:59:29.679770,128.06,73.86,222.88,108.19,125.43374878379947
2025-10-22 13:59:30.679770,68.42,56.45,54.0,135.5,71.44774132208319
2025-10-22 13:59:31.679769,64.65,63.72,82.92,84.03,73.53249060181571
2025-10-22 13:59:32.679769,95.23,71.36,89.12,133.36,88.98622725850333
2025-10-22 13:59:33.679768,154.48,97.68,276.64,114.02,154.58386417284834
2025-10-22 13:59:34.679767,103.9,28.9,261.85,36.24,100.52350816113895
2025-10-22 13:59:35.679767,124.49,84.33,189.79,109.28,120.90640797993935
2025-10-22 13:59:36.679766,119.37,70.29,267.37,54.28,126.32814980238362
2025-10-22 13:59:37.679766,134.1,74.86,271.5,96.33,138.18901743035295
2025-10-22 13:59:38.679765,94.23,79.62,150.61,91.85,103.32965417226916
2025-10-22 13:59:39.679765,101.92,91.36,132.32,122.13,109.67727006069848
2025-10-22 13:59:40.679764,103.84,84.0,169.8,98.97,112.6871947257414
2025-10-22 13:59:41.679764,97.67,31.84,259.48,26.5,99.33797074059646
2025-10-22 13:59:42.679763,98.04,94.11,73.95,148.27,98.68994220590434
2025-10-22 13:59:43.679763,82.84,82.79,100.37,69.11,85.28939983409497
2025-10-22 13:59:44.679762,109.54,86.91,185.98,81.77,115.5809622807612
2025-10-22 13:59:45.679761,141.33,73.77,256.66,106.16,135.1389096785146
2025-10-22 13:59:46.679761,71.83,81.52,69.61,53.0,72.2145390588483
2025-10-22 13:59:47.679760,110.39,26.59,246.3,74.04,102.20733158036408
2025-10-22 13:59:48.679760,116.07,79.58,211.2,70.45,117.27175878621682
2025-10-22 13:59:49.679759,101.93,68.53,167.68,60.32,96.69010427814013
2025-10-22 13:59:50.679759,73.01,76.89,93.42,19.77,70.47273740127687
2025-10-22 13:59:51.679758,108.63,33.37,196.45,134.15,102.52775650577885
2025-10-22 13:59:52.679758,94.02,96.36,119.82,47.02,93.4912705905063
2025-10-22 13:59:53.679757,148.98,91.5,262.82,129.98,150.52859029567674
2025-10-22 13:59:54.679757,131.01,92.16,274.66,41.17,136.78185844023852
2025-10-22 13:59:55.679756,86.69,31.9,168.21,120.62,90.62320302516427
2025-10-22 13:59:56.679756,96.57,42.38,197.09,122.61,104.90525890022477
2025-10-22 13:59:57.679755,88.04,32.64,178.67,54.73,81.05222248042581
2025-10-22 13:59:58.679754,93.55,21.69,159.16,144.54,87.57984961893784
2025-10-22 13:59:59.679754,82.45,83.35,61.16,134.93,86.8512439858061
2025-10-22 14:00:00.679753,60.47,65.1,64.68,60.8,64.12356036557773
2025-10-22 14:00:01.679753,79.62,68.46,108.77,73.85,81.63569741635104
2025-10-22 14:00:02.679752,50.29,27.22,107.23,24.48,50.88122195836301
2025-10-22 14:00:03.679752,124.18,65.42,224.22,90.52,118.13488638331589
2025-10-22 14:00:04.679751,80.84,68.99,110.51,112.79,90.1535496393723
2025-10-22 14:00:05.679751,132.2,81.2,208.27,138.22,130.65174799531871
2025-10-22 14:00:06.679750,76.77,64.51,137.17,11.42,75.81363514959722
2025-10-22 14:00:07.679750,100.04,47.17,235.79,31.56,100.83872643629161
2025-10-22 14:00:08.679749,130.37,53.45,289.34,101.45,133.93051547441917
2025-10-22 14:00:09.679749,93.56,67.72,122.84,114.47,93.56205417189697
2025-10-22 14:00:10.679748,60.55,41.49,82.98,53.58,56.460181665165926
2025-10-22 14:00:11.679748,126.96,42.47,294.19,109.76,131.58302139626508
2025-10-22 14:00:12.679747,84.38,24.42,158.75,108.2,81.59763235608207
2025-10-22 14:00:13.679746,113.3,92.58,166.46,94.14,114.98710470549315
2025-10-22 14:00:14.679746,88.85,53.96,109.84,130.54,86.00912695735848
2025-10-22 14:00:15.679745,75.2,51.01,132.29,41.15,73.54263469996555
2025-10-22 14:00:16.679745,116.51,72.65,223.69,20.57,107.679042310841
2025-10-22 14:00:17.679744,123.41,36.28,286.05,101.24,124.3694453495284
2025-10-22 14:00:18.679744,86.88,87.46,82.05,112.85,90.78791788914893
2025-10-22 14:00:19.679743,81.88,22.38,158.88,55.37,70.13375138481979
2025-10-22 14:00:20.679743,105.89,22.01,212.96,98.9,94.84714124235931
2025-10-22 14:00:21.679742,127.8,91.45,216.52,81.29,126.92037253237392
2025-10-22 14:00:22.679742,53.2,29.14,101.65,84.96,62.16634069292375
2025-10-22 14:00:23.679741,104.57,93.52,186.8,22.7,107.38307168315097
2025-10-22 14:00:24.679741,95.16,66.54,123.89,114.47,93.29138606326204
2025-10-22 14:00:25.679740,83.82,48.2,91.37,131.31,77.74893163369842
2025-10-22 14:00:26.679739,140.79,93.71,284.32,38.84,139.9927327322466
2025-10-22 14:00:27.679739,61.82,32.03,78.55,138.1,67.21020161364495
2025-10-22 14:00:28.679738,144.77,89.97,281.59,97.82,149.02457858391648
2025-10-22 14:00:29.679738,100.63,64.17,146.93,119.19,99.97597659535019
2025-10-22 14:00:30.679737,79.09,37.74,112.23,114.56,75.49608446823133
2025-10-22 14:00:31.679737,135.1,98.75,172.8,148.75,130.80093009616462
2025-10-22 14:00:32.679736,115.53,55.08,261.9,32.52,112.8068756910091
2025-10-22 14:00:33.679736,121.6,88.9,219.72,42.07,118.828103096849
2025-10-22 14:00:34.679735,124.89,83.73,258.52,15.71,122.68745836665663
2025-10-22 14:00:35.679735,106.78,92.05,151.22,102.33,111.76937333997782
2025-10-22 14:00:36.679734,92.07,67.9,118.89,69.17,83.46992942625846
2025-10-22 14:00:37.679734,124.91,83.51,276.57,40.44,132.91342799315478
2025-10-22 14:00:38.679733,59.15,21.97,89.99,98.22,57.732331610619866
2025-10-22 14:00:39.679733,77.17,70.81,74.11,118.29,81.20940250286314
2025-10-22 14:00:40.679732,36.64,28.37,85.05,15.11,42.925723672626276
2025-10-22 14:00:41.679732,106.39,30.61,263.12,123.52,119.08428706359462
2025-10-22 14:00:42.679731,133.5,35.29,298.19,125.25,132.29358886736728
2025-10-22 14:00:43.679730,87.71,56.35,128.21,80.47,82.77641507649193
2025-10-22 14:00:44.679730,122.79,60.85,242.59,136.72,130.5587154075842
2025-10-22 14:00:45.679729,94.32,35.38,221.49,83.05,100.90648145593806
2025-10-22 14:00:46.679729,107.8,84.87,195.5,20.59,105.28144713498106
2025-10-22 14:00:47.679728,120.64,85.99,223.13,88.71,127.66764346814814
2025-10-22 14:00:48.679728,59.46,59.71,111.39,15.54,66.49844158919932
2025-10-22 14:00:49.679727,139.88,94.54,240.8,103.09,140.081580319316
2025-10-22 14:00:50.679727,132.17,47.91,277.66,128.8,133.09790145335936
2025-10-22 14:00:51.679726,54.79,28.35,59.78,99.32,52.04056545637579
2025-10-22 14:00:52.679726,147.52,57.26,280.76,143.69,141.63139500881078
2025-10-22 14:00:53.679725,82.96,84.83,90.44,80.19,85.51830272600799
2025-10-22 14:00:54.679725,52.72,33.62,114.31,15.36,54.37810603315182
2025-10-22 14:00:55.679724,136.3,46.66,273.16,119.96,129.36915790460145
2025-10-22 14:00:56.679724,105.84,34.63,259.57,53.77,106.1656437371495
2025-10-22 14:00:57.679723,60.97,41.52,61.94,122.46,63.82745575709587
2025-10-22 14:00:58.679722,79.81,67.08,129.07,12.76,74.92200002860258
2025-10-22 14:00:59.679722,139.15,69.81,298.52,92.3,143.00102330709456
2025-10-22 14:01:00.679721,116.21,74.2,229.34,82.6,122.46338235289875
2025-10-22 14:01:01.679721,77.27,79.59,90.18,81.89,83.17431611356702
2025-10-22 14:01:02.679720,103.79,46.97,240.19,54.01,106.51928682197692
2025-10-22 14:01:03.679720,115.31,34.71,280.75,79.32,117.64422740480686
2025-10-22 14:01:04.679719,119.47,23.03,279.93,104.83,116.65984548872109
2025-10-22 14:01:05.679719,58.99,37.72,107.35,14.89,54.229879651795564
2025-10-22 14:01:06.679718,120.33,57.37,293.33,16.87,120.28391077144502
2025-10-22 14:01:07.679718,148.5,87.59,226.03,147.93,141.09235653366127
2025-10-22 14:01:08.679717,117.04,83.7,212.08,60.48,117.60363290973915
2025-10-22 14:01:09.679717,60.5,38.66,127.44,28.64,63.46522769798317
2025-10-22 14:01:10.679716,56.82,31.34,112.25,47.6,59.02745410163641
2025-10-22 14:01:11.679716,85.84,24.26,202.29,57.11,84.46059570793392
2025-10-22 14:01:12.679715,67.22,51.32,136.29,21.32,70.9616358173548
2025-10-22 14:01:13.679715,116.31,55.13,271.19,41.83,117.47242952897886
2025-10-22 14:01:14.679714,85.66,25.1,231.16,17.55,85.70045228310045
2025-10-22 14:01:15.679713,125.26,67.58,296.86,36.88,130.39049590714313
2025-10-22 14:01:16.679713,58.92,31.16,153.58,24.47,66.76771556471589
2025-10-22 14:01:17.679712,97.51,60.2,181.25,127.64,109.99655865976999
2025-10-22 14:01:18.679712,88.09,87.7,103.61,107.91,96.40640075090666
2025-10-22 14:01:19.679711,84.91,42.55,114.06,148.67,85.20841027498366
2025-10-22 14:01:20.679711,129.45,98.14,229.26,37.48,125.37479042360991
2025-10-22 14:01:21.679710,89.13,56.33,153.49,102.88,94.81416522514017
2025-10-22 14:01:22.679710,108.02,76.21,209.71,14.84,104.1082185571086
2025-10-22 14:01:23.679709,127.54,47.07,282.25,81.18,124.60516174039151
2025-10-22 14:01:24.679709,107.17,81.62,192.41,81.04,114.74040606197485
2025-10-22 14:01:25.679708,121.33,45.8,275.93,94.06,124.63197947000049
2025-10-22 14:01:26.679708,70.61,42.64,81.9,108.58,67.62720827305176
2025-10-22 14:01:27.679707,101.21,58.54,130.27,123.27,92.98158564632529
2025-10-22 14:01:28.679706,139.84,84.52,287.85,74.33,143.5344241880419
2025-10-22 14:01:29.679706,96.68,43.1,210.36,25.19,89.90861796987639
2025-10-22 14:01:30.679705,131.68,86.74,212.3,113.97,129.8005810478145
2025-10-22 14:01:31.679705,146.88,98.89,287.26,33.99,142.4869775449219
2025-10-22 14:01:32.679704,85.54,38.9,176.8,81.33,88.8817599715818
2025-10-22 14:01:33.679704,144.1,72.07,250.89,147.25,140.71851074825204
2025-10-22 14:01:34.679703,83.86,44.04,147.57,25.74,71.6126462479484
2025-10-22 14:01:35.679703,132.66,90.12,229.49,79.08,129.71906448157077
2025-10-22 14:01:36.679702,105.99,39.86,194.87,127.7,103.99663127949114
2025-10-22 14:01:37.679702,94.31,42.28,177.61,91.15,92.75425775584979
2025-10-22 14:01:38.679701,136.01,96.59,219.93,109.96,136.19142203551922
2025-10-22 14:01:39.679701,99.33,78.21,168.71,15.96,93.0012707895495
2025-10-22 14:01:40.679700,76.28,69.35,118.85,55.78,81.51971524278407
2025-10-22 14:01:41.679699,53.14,35.97,74.39,36.27,47.698968602327284
2025-10-22 14:01:42.679699,95.24,92.95,144.72,70.45,103.93308362552413
2025-10-22 14:01:43.679698,95.67,53.61,207.94,20.4,93.45186295260997
2025-10-22 14:01:44.679698,134.86,26.66,296.7,149.75,132.42261967032374
2025-10-22 14:01:45.679697,59.12,40.33,59.12,140.45,65.96057467617496
2025-10-22 14:01:46.679697,86.38,35.5,234.38,21.03,92.52622036200084
2025-10-22 14:01:47.679696,117.86,90.35,212.3,65.82,122.03391992987595
2025-10-22 14:01:48.679696,116.26,71.02,236.89,74.19,121.48289197674563
2025-10-22 14:01:49.679695,113.38,72.6,197.84,81.29,111.94070181371552
2025-10-22 14:01:50.679695,112.73,52.87,213.08,131.51,116.69004275903413
2025-10-22 14:01:51.679694,114.94,83.38,248.31,14.44,119.19268700275657
2025-10-22 14:01:52.679694,92.66,96.2,146.04,14.6,94.85546517099729
2025-10-22 14:01:53.679693,86.63,27.76,195.65,40.26,80.8581941205475
2025-10-22 14:01:54.679693,71.0,43.98,134.37,97.6,81.88328064431795
2025-10-22 14:01:55.679692,112.88,55.36,266.23,42.52,116.23291978581878
2025-10-22 14:01:56.679692,47.94,26.09,60.92,119.85,55.33661669406612
2025-10-22 14:01:57.679691,90.8,40.07,185.99,77.84,91.5322577003512
2025-10-22 14:01:58.679690,75.58,21.06,141.19,64.58,65.98967457027956
2025-10-22 14:01:59.679690,107.11,86.29,184.64,44.29,107.42850356230126
2025-10-22 14:02:00.679689,132.41,93.19,251.58,52.59,132.6241023005128
2025-10-22 14:02:01.679689,132.77,21.93,298.26,115.98,123.8364472861072
2025-10-22 14:02:02.679688,110.33,41.2,273.02,90.26,120.71744926071165
2025-10-22 14:02:03.679688,50.82,40.07,72.56,12.58,44.482273754644204
2025-10-22 14:02:04.679687,78.01,36.75,199.19,59.38,90.18494515576307
2025-10-22 14:02:05.679687,122.21,81.41,149.55,148.53,115.15422659834259
2025-10-22 14:02:06.679686,104.27,35.83,270.41,19.78,103.27117937054523
2025-10-22 14:02:07.679686,119.88,94.53,222.57,33.63,120.8060734356646
2025-10-22 14:02:08.679685,134.44,94.32,276.46,10.27,132.2608030650167
2025-10-22 14:02:09.679685,151.77,86.03,286.62,85.42,146.11687010856792
2025-10-22 14:02:10.679684,79.58,43.47,170.67,54.47,83.97675881463205
2025-10-22 14:02:11.679684,119.29,74.93,232.97,40.19,115.49657232560281
2025-10-22 14:02:12.679683,100.75,30.39,264.2,34.89,101.7020552274794
2025-10-22 14:02:13.679683,93.67,41.77,246.74,13.73,97.90683817269846
2025-10-22 14:02:14.679682,111.68,36.29,206.74,145.16,109.25730207391341
2025-10-22 14:02:15.679682,65.01,38.51,103.97,43.42,59.271126200714086
2025-10-22 14:02:16.679681,73.43,63.6,89.26,112.77,81.08476747578389
2025-10-22 14:02:17.679681,64.5,97.47,52.56,23.01,69.05985276382927
2025-10-22 14:02:18.679680,86.98,75.48,123.54,85.47,91.86986307952267
2025-10-22 14:02:19.679679,69.85,74.35,58.6,80.72,70.84693521296735
2025-10-22 14:02:20.679679,90.83,57.14,96.84,144.93,86.53889499804306
2025-10-22 14:02:21.679678,92.07,30.27,214.33,87.68,97.13496823417488
2025-10-22 14:02:22.679678,73.56,37.87,100.27,95.66,68.21336336914041
2025-10-22 14:02:23.679677,83.91,39.06,161.07,68.59,81.7039020702065
2025-10-22 14:02:24.679677,79.04,82.85,75.12,94.36,82.7434587253865
2025-10-22 14:02:25.679676,121.45,86.21,233.3,101.17,133.30758545270197
2025-10-22 14:02:26.679676,110.66,81.17,224.29,30.43,114.05005847210184
2025-10-22 14:02:27.679675,87.03,86.13,91.65,118.73,94.17999495644453
2025-10-22 14:02:28.679675,98.97,70.77,129.32,85.58,91.288885039116
2025-10-22 14:02:29.679674,92.85,39.81,214.24,47.36,93.84209535353973
2025-10-22 14:02:30.679674,122.15,77.59,219.76,76.6,120.07695536227376
2025-10-22 14:02:31.679673,140.44,96.77,266.58,67.87,141.94500480748357
2025-10-22 14:02:32.679673,79.99,82.58,68.36,97.67,81.23472873651932
2025-10-22 14:02:33.679672,118.75,83.5,242.52,56.36,125.83530011768244
2025-10-22 14:02:34.679672,84.16,78.41,94.48,64.16,80.36016834610115
2025-10-22 14:02:35.679671,64.68,47.29,99.72,124.03,78.3610504970557
2025-10-22 14:02:36.679671,125.45,71.46,236.87,97.98,126.41900246568214
2025-10-22 14:02:37.679670,94.46,40.1,221.01,58.05,98.1434751726478
2025-10-22 14:02:38.679669,74.11,54.12,98.2,88.94,74.33039260006325
2025-10-22 14:02:39.679669,101.6,73.08,156.34,83.08,100.06132466493916
2025-10-22 14:02:40.679668,140.86,72.14,280.87,110.13,142.39389551208563
2025-10-22 14:02:41.679668,110.93,69.09,204.5,65.22,109.00786229250971
2025-10-22 14:02:42.679667,72.28,64.99,138.23,11.91,76.46799629222728
2025-10-22 14:02:43.679667,112.67,40.83,230.96,115.19,112.84191443363207
2025-10-22 14:02:44.679666,97.75,94.88,174.65,10.38,101.96080469302582
2025-10-22 14:02:45.679666,75.28,90.1,73.94,36.27,74.45699639391198
2025-10-22 14:02:46.679665,86.35,84.21,96.19,98.12,90.49850367404825
2025-10-22 14:02:47.679665,65.63,94.39,71.39,11.96,70.99519391234756
2025-10-22 14:02:48.679664,132.93,77.55,231.66,87.22,125.7423587821029
2025-10-22 14:02:49.679664,50.72,48.93,69.91,29.29,51.40546100863518
2025-10-22 14:02:50.679663,145.63,70.33,279.15,141.19,147.1446534864054
2025-10-22 14:02:51.679663,104.02,58.15,222.36,21.61,100.28178870226917
2025-10-22 14:02:52.679662,111.84,28.18,293.03,69.91,116.22246496326139
2025-10-22 14:02:53.679661,91.22,68.51,108.36,123.69,91.4330683164707
2025-10-22 14:02:54.679661,121.35,29.93,293.38,100.69,123.30849536532057
2025-10-22 14:02:55.679660,74.18,91.38,83.9,13.06,73.47815992438703
2025-10-22 14:02:56.679660,67.59,34.2,109.34,107.56,71.47884101031397
2025-10-22 14:02:57.679659,119.36,31.43,262.73,120.35,118.74506190189453
2025-10-22 14:02:58.679659,137.54,83.62,261.87,78.97,136.19999260223676
2025-10-22 14:02:59.679658,87.16,30.14,175.99,84.45,84.90557359038034
2025-10-22 14:03:00.679658,78.97,69.21,98.59,121.5,88.40954607847715
2025-10-22 14:03:01.679657,122.98,53.05,234.84,106.18,118.29038238369598
2025-10-22 14:03:02.679657,87.19,20.54,235.6,37.32,88.69475112053829
2025-10-22 14:03:03.679656,80.06,94.43,55.58,80.36,79.84406332492318
2025-10-22 14:03:04.679656,126.28,66.25,225.44,111.17,123.01400592439789
2025-10-22 14:03:05.679655,136.55,81.11,258.95,57.42,129.79655432223296
2025-10-22 14:03:06.679655,109.26,90.09,157.52,95.47,111.32706543154659
2025-10-22 14:03:07.679654,114.55,21.59,293.37,83.85,115.81835603623975
2025-10-22 14:03:08.679654,78.53,77.2,112.19,28.5,78.00162045192424
2025-10-22 14:03:09.679653,82.92,64.15,115.36,93.77,85.43019077606333
2025-10-22 14:03:10.679653,81.7,70.94,115.12,58.97,81.82195684616346
2025-10-22 14:03:11.679652,127.7,83.21,240.09,92.17,132.0709532635594
2025-10-22 14:03:12.679651,111.43,63.18,193.95,126.76,115.1194986252162
2025-10-22 14:03:13.679651,51.89,28.44,103.89,42.48,54.05738953953228
2025-10-22 14:03:14.679650,78.92,58.85,124.26,71.33,81.01651826689071
2025-10-22 14:03:15.679650,90.7,67.1,104.48,122.99,89.42738130410818
2025-10-22 14:03:16.679649,108.09,52.96,264.27,45.23,114.98950690185035
2025-10-22 14:03:17.679649,70.61,43.31,57.78,93.15,57.64692907016167
2025-10-22 14:03:18.679648,77.12,70.61,70.04,87.19,73.71183377982965
2025-10-22 14:03:19.679648,73.87,43.8,153.05,22.04,72.40584201440026
2025-10-22 14:03:20.679647,97.67,92.27,165.24,32.14,102.15627037394037
2025-10-22 14:03:21.679647,107.24,60.35,252.26,18.94,109.83143787553338
2025-10-22 14:03:22.679646,99.2,75.49,150.82,56.82,94.3856480326833
2025-10-22 14:03:23.679646,76.8,28.27,227.88,24.96,87.7608170819294
2025-10-22 14:03:24.679645,86.35,60.58,88.69,100.73,77.02247993933403
2025-10-22 14:03:25.679645,86.15,77.11,155.27,27.8,90.76606603409866
2025-10-22 14:03:26.679644,112.21,44.16,266.39,29.33,108.09765819592864
2025-10-22 14:03:27.679643,116.97,89.83,197.59,84.62,121.08707520963422
2025-10-22 14:03:28.679643,152.19,98.32,270.66,129.54,156.1859866995629
2025-10-22 14:03:29.679642,72.59,50.95,96.02,136.05,81.45394346332083
2025-10-22 14:03:30.679642,89.6,75.49,104.94,99.25,89.02043299091986
2025-10-22 14:03:31.679641,99.13,71.35,161.32,61.66,96.44565130065259
2025-10-22 14:03:32.679641,83.39,42.62,110.08,139.46,82.21830695398529
2025-10-22 14:03:33.679640,78.68,40.06,152.31,48.19,75.51738872762158
2025-10-22 14:03:34.679640,138.63,78.76,261.57,83.77,134.64828477175024
2025-10-22 14:03:35.679639,113.63,73.67,189.27,101.12,113.83376144488398
2025-10-22 14:03:36.679639,70.02,51.54,61.66,116.35,67.50836790007047
2025-10-22 14:03:37.679638,159.32,92.06,287.49,103.6,152.98387734215748
2025-10-22 14:03:38.679638,97.85,34.41,218.65,47.23,92.45888625506302
2025-10-22 14:03:39.679637,85.64,46.85,196.9,30.38,88.75665490123386
2025-10-22 14:03:40.679636,105.39,80.29,114.98,146.14,103.73286806136991
2025-10-22 14:03:41.679636,45.1,32.92,58.06,102.78,54.48108863052037
2025-10-22 14:03:42.679635,69.31,56.39,111.05,39.97,69.59737315920837
2025-10-22 14:03:43.679635,96.51,73.19,144.4,36.72,87.3224801732362
2025-10-22 14:03:44.679634,85.11,61.87,140.7,75.47,88.28015128204973
2025-10-22 14:03:45.679634,99.52,93.78,84.32,137.68,99.54015095326972
2025-10-22 14:03:46.679633,82.36,93.23,97.27,17.72,79.34103021708339
2025-10-22 14:03:47.679633,118.71,47.43,245.57,97.03,116.90648749149896
2025-10-22 14:03:48.679632,101.87,20.35,268.59,18.79,94.83670242995987
2025-10-22 14:03:49.679632,91.42,50.54,213.4,72.26,103.86449374556081
2025-10-22 14:03:50.679631,107.92,26.56,276.14,63.28,109.02474755994837
2025-10-22 14:03:51.679631,79.48,85.27,82.05,62.35,79.67306268692363
2025-10-22 14:03:52.679630,111.58,32.6,246.36,137.77,117.86492573656155
2025-10-22 14:03:53.679629,116.69,93.43,176.2,72.72,114.08391452746548
2025-10-22 14:03:54.679629,136.98,86.81,263.38,67.83,136.02686598387783
2025-10-22 14:03:55.679628,72.64,79.3,82.89,21.6,68.86853766188128
2025-10-22 14:03:56.679628,134.18,82.22,279.37,104.03,145.7399190338936
2025-10-22 14:03:57.679627,146.45,71.35,285.74,95.83,140.62585837624653
2025-10-22 14:03:58.679627,140.14,74.93,287.28,49.73,133.7141841909894
2025-10-22 14:03:59.679626,64.05,91.93,53.92,24.86,67.08350841905542
2025-10-22 14:04:00.679626,119.53,58.98,274.84,30.22,118.17708981960429
2025-10-22 14:04:01.679625,85.37,26.84,211.13,17.31,80.49705383781128
2025-10-22 14:04:02.679625,97.71,82.38,176.61,45.64,103.34045009060955
2025-10-22 14:04:03.679624,78.3,59.47,96.77,113.38,81.41119436842584
2025-10-22 14:04:04.679624,70.5,89.22,64.01,15.95,67.0006753761229
2025-10-22 14:04:05.679623,114.93,45.92,199.95,115.2,106.05237214635854
2025-10-22 14:04:06.679623,135.14,70.71,289.13,73.66,136.9249230633162
2025-10-22 14:04:07.679622,96.12,80.65,130.97,65.15,92.6370791900608
2025-10-22 14:04:08.679622,135.83,63.37,289.63,108.8,140.40555470368304
2025-10-22 14:04:09.679621,108.64,75.3,166.62,110.09,109.61689405096678
2025-10-22 14:04:10.679620,76.26,75.82,99.18,72.27,82.09626396341407
2025-10-22 14:04:11.679620,119.71,29.7,286.14,113.09,123.48019393360164
2025-10-22 14:04:12.679619,68.91,56.09,120.09,20.65,68.32939501359502
2025-10-22 14:04:13.679619,75.28,55.39,143.36,56.87,82.16715887382429
2025-10-22 14:04:14.679618,115.6,51.61,261.34,70.85,118.52501242784689
2025-10-22 14:04:15.679618,82.32,50.04,107.94,117.34,80.86963047397505
2025-10-22 14:04:16.679617,97.13,97.27,141.42,17.63,94.60008948861136
2025-10-22 14:04:17.679617,59.3,54.29,78.34,60.27,62.75327796464285
2025-10-22 14:04:18.679616,71.53,46.89,111.72,73.28,71.69260488156517
2025-10-22 14:04:19.679616,147.78,92.84,235.64,140.11,145.03642255093246
2025-10-22 14:04:20.679615,100.78,42.95,187.2,132.39,104.1577318720109
2025-10-22 14:04:21.679615,42.65,30.76,83.94,13.51,43.46183871675537
2025-10-22 14:04:22.679614,109.89,63.34,232.12,73.2,116.03701719286741
2025-10-22 14:04:23.679614,123.77,74.0,226.71,86.8,122.4074550663884
2025-10-22 14:04:24.679613,101.52,87.41,143.63,44.98,95.79596513345807
2025-10-22 14:04:25.679612,83.19,80.11,85.54,59.43,77.57862055127939
2025-10-22 14:04:26.679612,76.32,23.71,172.88,100.17,83.89744340687733
2025-10-22 14:04:27.679611,54.49,27.86,102.94,35.11,52.020379515322965
2025-10-22 14:04:28.679611,109.12,59.33,216.79,93.23,113.41411369529584
2025-10-22 14:04:29.679610,102.88,68.51,137.83,132.91,102.12122169783075
2025-10-22 14:04:30.679610,87.18,20.54,239.35,65.4,95.39715230758708
2025-10-22 14:04:31.679609,88.18,27.64,206.24,50.39,85.99282733281501
2025-10-22 14:04:32.679609,112.03,26.21,262.0,82.59,108.43494379082016
2025-10-22 14:04:33.679608,105.69,41.5,224.3,85.63,105.30390195736805
2025-10-22 14:04:34.679608,142.44,87.26,230.22,127.75,138.1810017624465
2025-10-22 14:04:35.679607,90.58,63.9,92.42,135.32,86.66090174045301
2025-10-22 14:04:36.679607,117.65,96.3,190.58,71.73,119.63530449793862
2025-10-22 14:04:37.679606,118.59,33.24,275.1,113.27,121.95651517557687
2025-10-22 14:04:38.679606,102.58,86.98,159.09,78.33,106.85065503863059
2025-10-22 14:04:39.679605,101.77,77.47,201.13,18.38,102.85828140683563
2025-10-22 14:04:40.679605,119.09,92.15,156.26,105.97,114.05660491485843
2025-10-22 14:04:41.679604,108.74,45.23,256.55,30.87,105.97751649440565
2025-10-22 14:04:42.679603,151.4,92.84,272.48,140.96,156.27783857839685
2025-10-22 14:04:43.679602,107.72,43.78,227.77,112.15,112.74517436827824
2025-10-22 14:04:44.679602,118.92,68.07,261.61,47.98,122.24309563342496
2025-10-22 14:04:45.679601,148.34,69.0,294.99,142.01,151.40756217211282
2025-10-22 14:04:46.679600,114.49,92.3,186.6,28.63,107.89423461969275
2025-10-22 14:04:47.679600,152.83,78.81,299.91,125.8,154.54169446890216
2025-10-22 14:04:48.679599,119.02,89.98,223.2,29.01,117.8175572559665
2025-10-22 14:04:49.679599,61.71,36.25,99.22,65.36,61.076832487404914
2025-10-22 14:04:50.679598,102.31,52.26,184.49,89.99,99.55013503878611
2025-10-22 14:04:51.679598,113.2,47.4,254.64,68.59,113.97088862412399
2025-10-22 14:04:52.679597,126.38,83.96,185.01,112.85,119.99472811907492
2025-10-22 14:04:53.679597,80.23,96.5,68.46,47.96,78.31067775217896
2025-10-22 14:04:54.679596,97.87,67.51,225.44,30.34,107.59116794851708
2025-10-22 14:04:55.679596,75.7,48.35,149.26,34.66,76.03299146354959
2025-10-22 14:04:56.679595,128.62,94.73,220.8,83.66,130.3069308335061
2025-10-22 14:04:57.679594,82.55,70.79,140.55,18.61,81.37718557277287
2025-10-22 14:04:58.679594,126.92,55.64,256.34,113.14,127.42112808615119
2025-10-22 14:04:59.679593,84.88,41.2,163.45,85.72,86.8836180431425
2025-10-22 14:05:00.679593,114.83,93.86,155.71,87.71,111.11533890357835
2025-10-22 14:05:01.679592,58.56,37.75,54.5,121.08,59.44424584130466
2025-10-22 14:05:02.679592,74.51,46.11,82.5,102.02,68.22904486694048
2025-10-22 14:05:03.679591,141.28,78.07,297.4,51.51,138.66931499932872
2025-10-22 14:05:04.679591,100.76,61.11,180.08,48.32,94.34798657747328
2025-10-22 14:05:05.679590,95.48,97.19,155.52,10.14,97.31110243247338
2025-10-22 14:05:06.679590,97.24,79.93,144.16,84.03,99.9923903618603
2025-10-22 14:05:07.679589,82.74,36.21,134.29,98.66,78.20934864503778
2025-10-22 14:05:08.679588,67.47,70.13,66.27,45.75,64.11230879533753
2025-10-22 14:05:09.679588,86.01,49.0,197.96,12.54,86.60128665240599
2025-10-22 14:05:10.679587,78.93,24.65,204.81,29.92,80.01318149312613
2025-10-22 14:05:11.679587,85.2,59.81,157.34,54.01,87.99711796550092
2025-10-22 14:05:12.679586,90.23,33.79,185.36,86.32,89.90653568350902
2025-10-22 14:05:13.679586,106.88,59.83,178.34,145.48,112.48024321608439
2025-10-22 14:05:14.679585,100.4,54.23,212.87,54.83,102.07775462061451
2025-10-22 14:05:15.679585,66.72,55.79,97.86,108.63,78.96736448246719
2025-10-22 14:05:16.679584,118.17,55.0,235.19,89.12,115.97712009450201
2025-10-22 14:05:17.679584,60.89,37.8,78.25,70.04,56.4733786367846
2025-10-22 14:05:18.679583,73.26,56.66,87.05,106.52,75.73160408806866
2025-10-22 14:05:19.679583,80.65,28.65,215.79,35.78,86.46415231788822
2025-10-22 14:05:20.679582,100.98,74.69,111.07,117.21,94.03137446286414
2025-10-22 14:05:21.679582,72.4,72.46,103.45,55.6,78.40047871317388
2025-10-22 14:05:22.679581,72.34,29.55,156.37,27.73,67.45366159286377
2025-10-22 14:05:23.679580,101.79,51.2,218.36,68.29,104.89493428831825
2025-10-22 14:05:24.679580,106.56,83.69,158.36,112.76,111.83277833128768
2025-10-22 14:05:25.679579,116.66,52.45,289.04,44.27,121.9903993557883
2025-10-22 14:05:26.679579,122.42,25.57,294.29,91.96,119.68249061846075
2025-10-22 14:05:27.679578,77.55,69.89,113.34,80.75,85.08972111016577
2025-10-22 14:05:28.679578,37.24,23.87,62.96,35.98,38.194368252296805
2025-10-22 14:05:29.679577,152.22,89.58,283.4,114.38,152.6628273488161
2025-10-22 14:05:30.679577,119.39,82.39,210.09,68.26,117.89939661466451
2025-10-22 14:05:31.679576,118.42,67.83,253.58,11.77,112.52084100588301
2025-10-22 14:05:32.679576,98.51,93.84,181.91,12.55,104.05702772004481
2025-10-22 14:05:33.679575,72.41,74.42,80.92,68.84,75.23144253727077
2025-10-22 14:05:34.679575,46.97,21.16,79.43,100.66,54.64044589903018
2025-10-22 14:05:35.679574,112.07,83.91,203.94,34.47,110.09710465635933
2025-10-22 14:05:36.679573,88.37,74.04,155.25,38.14,91.28780664482142
2025-10-22 14:05:37.679573,123.21,78.77,210.35,146.86,131.78509936900156
2025-10-22 14:05:38.679572,113.56,92.99,142.81,124.41,114.0926737881155
2025-10-22 14:05:39.679572,61.28,25.26,69.32,96.98,52.90810674827832
2025-10-22 14:05:40.679571,100.49,33.41,200.1,118.1,100.45793906492992
2025-10-22 14:05:41.679571,109.37,78.19,194.25,75.81,112.55089918183914
2025-10-22 14:05:42.679570,130.87,41.82,296.42,123.51,134.66040333679877
2025-10-22 14:05:43.679569,131.37,44.76,296.02,76.31,126.6292665307477
2025-10-22 14:05:44.679569,79.89,83.21,77.97,35.34,72.06046069523332
2025-10-22 14:05:45.679568,113.35,97.61,163.07,126.9,122.97176365004253
2025-10-22 14:05:46.679568,104.75,54.56,238.74,31.98,105.4803273204289
2025-10-22 14:05:47.679567,82.82,33.43,144.44,102.92,80.72468201407787
2025-10-22 14:05:48.679567,87.98,66.99,166.86,17.43,87.16269711770424
2025-10-22 14:05:49.679566,137.94,57.58,299.02,95.12,137.63501408806232
2025-10-22 14:05:50.679565,112.53,95.89,183.01,51.89,113.2171194641646
2025-10-22 14:05:51.679565,67.59,78.55,53.04,78.01,70.72442303888948
2025-10-22 14:05:52.679564,142.01,76.46,242.44,130.05,136.94477859850974
2025-10-22 14:05:53.679564,72.32,59.08,80.24,145.86,82.69808866582441
2025-10-22 14:05:54.679563,65.15,75.82,78.19,17.98,65.00819024687152
2025-10-22 14:05:55.679563,89.34,48.92,178.02,19.99,82.04756606487382
2025-10-22 14:05:56.679562,85.07,26.87,164.53,108.59,84.6295343522334
2025-10-22 14:05:57.679562,85.41,36.62,208.92,20.91,85.40657144412906
2025-10-22 14:05:58.679561,39.05,23.75,86.45,54.69,48.909795351277815
2025-10-22 14:05:59.679561,97.01,86.03,136.45,100.94,104.06320742066318
2025-10-22 14:06:00.679560,92.52,83.97,165.84,29.31,97.65103922097559
2025-10-22 14:06:01.679559,90.1,85.34,100.76,115.78,95.93988297368996
2025-10-22 14:06:02.679559,130.97,98.7,200.25,118.07,132.93494306004578
2025-10-22 14:06:03.679558,110.54,79.26,176.87,22.37,97.24822233374104
2025-10-22 14:06:04.679558,126.62,89.66,254.54,13.21,123.94103917768152
2025-10-22 14:06:05.679557,109.01,43.69,247.24,76.61,111.49588593741808
2025-10-22 14:06:06.679557,79.78,95.51,78.02,37.13,78.54187413906546
2025-10-22 14:06:07.679556,86.89,30.71,145.9,149.77,89.11422231669766
2025-10-22 14:06:08.679555,100.68,49.27,193.72,122.34,107.26190385765679
2025-10-22 14:06:09.679555,83.51,60.38,92.34,124.23,82.68609804091119
2025-10-22 14:06:10.679554,87.53,26.33,207.41,51.56,85.92594303007867
2025-10-22 14:06:11.679554,111.68,85.1,238.8,30.52,120.38159319233621
2025-10-22 14:06:12.679553,103.25,93.11,177.56,20.5,103.96538231635792
2025-10-22 14:06:13.679553,93.45,64.62,124.7,141.68,97.98349140040368
2025-10-22 14:06:14.679552,113.42,77.69,239.07,16.75,114.04721068269869
2025-10-22 14:06:15.679551,54.58,25.16,51.99,149.62,58.10141172565284
2025-10-22 14:06:16.679551,43.48,28.1,53.48,75.88,45.36880268044655
2025-10-22 14:06:17.679550,121.44,88.5,138.94,136.83,113.16474644806426
2025-10-22 14:06:18.679550,56.38,29.34,148.98,17.43,63.083115201242755
2025-10-22 14:06:19.679549,79.66,68.0,135.32,23.31,79.3522927331904
2025-10-22 14:06:20.679549,98.78,71.03,135.48,142.85,104.64050266483332
2025-10-22 14:06:21.679548,147.13,65.5,299.88,133.28,149.40505990140414
2025-10-22 14:06:22.679548,79.58,42.5,146.0,74.7,80.09668656634847
2025-10-22 14:06:23.679547,78.72,84.43,73.28,43.3,72.83742412677088
2025-10-22 14:06:24.679547,129.76,65.73,279.27,97.04,136.12930691592248
2025-10-22 14:06:25.679546,125.94,85.81,244.95,73.33,131.082736725243
2025-10-22 14:06:26.679545,109.38,49.81,280.04,17.48,112.65456089631385
2025-10-22 14:06:27.679545,89.64,38.9,201.67,50.63,90.26119726947839
2025-10-22 14:06:28.679544,88.37,22.69,187.12,88.73,85.39924217399295
2025-10-22 14:06:29.679544,138.34,98.63,228.83,89.39,135.79575390901908
2025-10-22 14:06:30.679543,94.64,39.88,238.03,27.97,97.17731196672628
2025-10-22 14:06:31.679543,90.52,95.36,139.73,37.33,97.05464728773453
2025-10-22 14:06:32.679542,61.0,54.68,58.19,66.11,58.05028228360646
2025-10-22 14:06:33.679542,88.74,45.49,128.32,137.85,88.8067590352065
2025-10-22 14:06:34.679541,87.65,73.43,181.68,41.9,99.67510531765276
2025-10-22 14:06:35.679540,104.48,59.48,162.74,84.54,95.51793966599521
2025-10-22 14:06:36.679540,73.96,22.48,119.41,123.05,71.75821311809597
2025-10-22 14:06:37.679539,103.43,51.92,187.57,47.82,91.93406330742796
2025-10-22 14:06:38.679539,135.61,63.0,300.0,69.73,135.58117073709093
2025-10-22 14:06:39.679538,63.21,41.16,148.99,50.82,75.58822627837333
2025-10-22 14:06:40.679537,67.7,81.21,71.73,45.49,71.20659609178617
2025-10-22 14:06:41.679537,106.52,51.95,189.18,86.2,100.05324054256482
2025-10-22 14:06:42.679536,122.84,84.68,209.02,134.82,131.93105666933076
2025-10-22 14:06:43.679535,160.57,89.6,279.77,126.76,154.03978514614795
2025-10-22 14:06:44.679535,113.85,39.78,264.5,77.35,114.88789115580282
2025-10-22 14:06:45.679534,143.42,98.49,214.43,105.54,134.60471848723907
2025-10-22 14:06:46.679533,77.22,79.17,107.51,30.37,77.94503737860992
2025-10-22 14:06:47.679533,87.82,39.07,208.35,61.8,94.57121159202659
2025-10-22 14:06:48.679532,96.66,23.97,198.87,114.62,94.70724087187676
2025-10-22 14:06:49.679532,75.72,22.33,183.9,52.12,76.98364391673701
2025-10-22 14:06:50.679531,129.5,80.14,192.24,145.94,126.83993644571092
2025-10-22 14:06:51.679530,123.1,49.45,261.51,143.48,131.92368631764325
2025-10-22 14:06:52.679530,63.93,27.47,115.4,58.33,60.18194403599791
2025-10-22 14:06:53.679529,43.44,35.19,53.45,51.54,44.04957347501867
2025-10-22 14:06:54.679528,110.79,56.39,225.08,130.05,121.75571799516605
2025-10-22 14:06:55.679528,46.62,35.25,80.44,72.62,56.37695602554316
2025-10-22 14:06:56.679527,121.3,81.14,254.98,11.72,119.5444740021904
2025-10-22 14:06:57.679527,108.15,21.82,295.02,23.52,104.44999661999422
2025-10-22 14:06:58.679526,127.06,92.37,215.15,82.73,127.25159889108906
2025-10-22 14:06:59.679525,112.52,58.5,193.13,122.02,111.60675609175175
2025-10-22 14:07:00.679525,100.02,70.97,140.96,110.34,99.80288611667827
2025-10-22 14:07:01.679524,90.13,94.89,113.73,44.11,90.35273854920936
2025-10-22 14:07:02.679524,86.35,89.13,80.04,76.01,83.69889128966197
2025-10-22 14:07:03.679523,76.15,27.71,152.58,79.69,75.71706099992277
2025-10-22 14:07:04.679522,121.4,43.92,290.88,61.9,121.80593705382097
2025-10-22 14:07:05.679522,78.5,95.09,57.55,19.5,68.68028735566487
2025-10-22 14:07:06.679521,82.97,81.55,79.55,44.47,73.52337887847844
2025-10-22 14:07:07.679520,115.73,95.01,218.8,17.52,116.71278836509299
2025-10-22 14:07:08.679520,96.51,26.48,244.68,40.76,95.05801032450391
2025-10-22 14:07:09.679519,72.25,53.74,80.8,130.72,77.20728765360988
2025-10-22 14:07:10.679518,78.4,60.32,99.53,65.54,73.16438656460436
2025-10-22 14:07:11.679518,104.52,65.54,227.93,31.5,107.59113173250577
2025-10-22 14:07:12.679517,102.86,38.51,195.85,118.5,101.79379819689491
2025-10-22 14:07:13.679517,99.86,81.77,167.32,75.8,106.23346290728425
2025-10-22 14:07:14.679516,69.01,26.22,175.7,71.16,80.23210992952939
2025-10-22 14:07:15.679515,127.47,45.69,299.34,93.98,131.59756520914107
2025-10-22 14:07:16.679515,83.49,62.58,120.44,17.67,71.06732191431051
2025-10-22 14:07:17.679514,86.21,63.34,111.62,149.64,94.9966833163929
2025-10-22 14:07:18.679513,89.59,47.02,151.24,85.66,86.09339840572649
2025-10-22 14:07:19.679513,88.47,27.38,242.76,27.46,92.28735678853742
2025-10-22 14:07:20.679512,114.02,96.71,187.64,58.95,116.41788001567613
2025-10-22 14:07:21.679512,148.41,92.04,226.66,137.01,141.32442063699312
2025-10-22 14:07:22.679511,132.67,81.11,263.32,118.97,143.33078984975364
2025-10-22 14:07:23.679510,105.23,85.12,104.85,121.93,98.280959124795
2025-10-22 14:07:24.679510,98.1,20.1,246.31,95.68,103.28255967885158
2025-10-22 14:07:25.679509,77.2,51.22,109.84,91.36,76.86860875854192
2025-10-22 14:07:26.679508,143.6,74.49,267.23,106.92,138.82444826130111
2025-10-22 14:07:27.679508,109.36,79.28,184.74,62.01,107.49411358418125
2025-10-22 14:07:28.679507,132.49,39.79,252.32,144.17,124.49918041361403
2025-10-22 14:07:29.679507,69.72,72.19,85.6,29.48,67.71519037848957
2025-10-22 14:07:30.679506,100.09,34.01,177.73,124.8,95.36278639475094
2025-10-22 14:07:31.679506,109.67,94.59,141.25,105.71,110.70582841138145
2025-10-22 14:07:32.679505,112.08,41.45,290.42,51.19,118.31403859953102
2025-10-22 14:07:33.679505,96.11,89.57,152.93,66.31,103.89940847849714
2025-10-22 14:07:34.679504,117.35,55.41,266.59,45.53,116.96360008990378
2025-10-22 14:07:35.679503,74.38,27.27,160.03,112.15,84.18258320084935
2025-10-22 14:07:36.679503,115.87,97.34,190.83,53.1,116.52814865041708
2025-10-22 14:07:37.679502,92.29,38.73,177.95,27.92,78.53835905321344
2025-10-22 14:07:38.679502,111.31,42.24,262.82,78.36,115.80568159168776
2025-10-22 14:07:39.679501,109.17,75.78,197.09,76.46,112.3361941937031
2025-10-22 14:07:40.679501,65.02,26.61,108.61,105.42,67.06361192036928
2025-10-22 14:07:41.679500,78.54,51.64,76.34,113.09,71.32300371495936
2025-10-22 14:07:42.679500,112.08,29.48,235.91,138.52,113.32287940932822
2025-10-22 14:07:43.679499,113.19,71.64,189.46,116.56,115.94792829413618
2025-10-22 14:07:44.679499,127.48,98.03,197.3,63.39,120.85867116140285
2025-10-22 14:07:45.679498,130.57,53.79,294.32,67.55,128.86536447968945
2025-10-22 14:07:46.679498,102.25,23.09,232.35,95.72,100.58019204369235
2025-10-22 14:07:47.679497,72.63,75.73,86.88,32.27,70.41263365725926
2025-10-22 14:07:48.679497,79.8,57.28,133.85,20.85,73.09604220833842
2025-10-22 14:07:49.679496,120.21,53.66,255.1,113.79,126.19377222604608
2025-10-22 14:07:50.679495,116.83,54.34,225.9,54.66,106.01495511431754
2025-10-22 14:07:51.679495,116.9,39.01,242.69,131.93,118.78699873162411
2025-10-22 14:07:52.679494,69.73,60.93,66.44,87.69,67.9197997988506
2025-10-22 14:07:53.679494,88.81,59.54,179.73,37.94,91.40181633034992
2025-10-22 14:07:54.679493,97.55,54.77,198.35,45.02,96.03412250729303
2025-10-22 14:07:55.679493,135.57,75.34,296.37,13.07,129.37111518864558
2025-10-22 14:07:56.679492,71.56,24.82,133.65,83.68,69.38383593951872
2025-10-22 14:07:57.679492,89.74,81.3,100.4,92.38,89.17841472201745
2025-10-22 14:07:58.679491,117.4,73.36,263.54,11.22,118.15267741371845
2025-10-22 14:07:59.679491,71.74,75.44,80.86,53.74,72.72205982300135
2025-10-22 14:08:00.679490,93.24,82.07,106.23,100.75,92.97510768490642
2025-10-22 14:08:01.679490,94.38,47.88,211.12,73.61,102.12569757713246
2025-10-22 14:08:02.679489,135.45,93.54,253.66,75.82,138.0354870019538
2025-10-22 14:08:03.679489,80.08,91.07,111.16,25.65,84.01717342560563
2025-10-22 14:08:04.679488,63.11,31.82,81.33,149.3,70.16519208074308
2025-10-22 14:08:05.679487,41.03,51.63,50.61,69.69,54.96752051788509
2025-10-22 14:08:06.679487,84.98,38.08,139.34,134.0,87.67302311592887
2025-10-22 14:08:07.679486,96.12,22.7,223.22,82.28,94.97379272229847
2025-10-22 14:08:08.679486,120.52,67.28,238.94,53.13,116.05943105409014
2025-10-22 14:08:09.679485,60.8,38.25,132.35,28.97,64.8028020014687
2025-10-22 14:08:10.679485,96.43,98.58,146.49,46.07,102.4215529106546
2025-10-22 14:08:11.679484,86.18,57.87,135.42,40.63,77.78838030745868
2025-10-22 14:08:12.679484,145.42,97.06,233.86,110.91,140.80036152394098
2025-10-22 14:08:13.679483,121.86,87.79,187.84,129.31,126.01630614759932
2025-10-22 14:08:14.679483,102.94,61.71,234.84,22.55,105.98812738933225
2025-10-22 14:08:15.679482,91.82,40.36,184.39,77.95,91.21728150839232
2025-10-22 14:08:16.679482,113.57,87.68,113.35,143.57,106.40423581112019
2025-10-22 14:08:17.679481,77.32,75.31,89.68,17.62,68.13676986301796
2025-10-22 14:08:18.679481,83.94,33.48,208.47,19.31,83.39359957037479
2025-10-22 14:08:19.679480,109.41,92.83,123.79,124.41,108.29652104768722
2025-10-22 14:08:20.679480,120.85,94.28,210.12,50.78,120.34503045668892
2025-10-22 14:08:21.679479,63.02,35.82,100.01,63.46,60.72339334080595
2025-10-22 14:08:22.679479,86.2,62.36,118.98,69.84,80.87758362592942
2025-10-22 14:08:23.679478,71.38,44.02,203.19,21.75,87.52766687350451
2025-10-22 14:08:24.679478,56.7,37.56,87.42,97.19,64.50092697961901
2025-10-22 14:08:25.679477,107.8,62.08,202.73,78.43,107.6159612461793
2025-10-22 14:08:26.679476,87.18,53.07,117.56,116.73,85.14529419266407
2025-10-22 14:08:27.679476,121.56,89.87,141.99,125.18,112.44899588860267
2025-10-22 14:08:28.679475,120.82,80.91,207.68,103.11,123.35922755560874
2025-10-22 14:08:29.679475,87.67,67.1,116.3,121.46,92.67622383226832
2025-10-22 14:08:30.679474,45.59,33.66,61.44,81.48,51.63550882908037
2025-10-22 14:08:31.679474,94.38,66.54,103.68,131.13,90.52491090481332
2025-10-22 14:08:32.679473,131.25,40.56,293.39,104.27,129.3035897166863
2025-10-22 14:08:33.679473,82.23,53.93,86.28,133.55,79.51065438286967
2025-10-22 14:08:34.679472,151.84,79.96,279.18,132.32,150.17697708683133
2025-10-22 14:08:35.679472,69.64,28.8,122.51,98.26,70.90783318588737
2025-10-22 14:08:36.679471,59.21,24.6,158.18,12.05,62.425106662519006
2025-10-22 14:08:37.679471,93.76,44.3,174.57,85.41,91.70446557997928
2025-10-22 14:08:38.679470,86.68,55.88,136.47,74.0,83.74091360103668
2025-10-22 14:08:39.679470,128.42,60.47,280.05,72.77,128.9316089164666
2025-10-22 14:08:40.679469,64.03,27.3,122.63,58.35,62.27450661478225
2025-10-22 14:08:41.679469,104.53,64.17,158.18,114.66,102.45784800609407
2025-10-22 14:08:42.679468,45.85,37.25,72.37,41.04,48.6748619238596
2025-10-22 14:08:43.679468,91.9,92.18,111.5,78.06,95.07687688931794
2025-10-22 14:08:44.679467,109.92,60.76,230.52,69.69,113.57739269790193
2025-10-22 14:08:45.679467,59.05,70.21,74.65,69.19,71.32477667010662
2025-10-22 14:08:46.679466,87.87,39.1,186.64,16.17,79.0010869055383
2025-10-22 14:08:47.679465,139.16,87.91,236.64,123.0,139.49042290129668
2025-10-22 14:08:48.679465,89.78,58.65,107.28,142.8,90.00404346811207
2025-10-22 14:08:49.679464,88.29,86.16,122.39,48.14,89.41844573590576
2025-10-22 14:08:50.679464,134.89,30.4,294.22,117.35,127.10232728807568
2025-10-22 14:08:51.679463,91.43,40.28,158.3,106.93,89.08990727197983
2025-10-22 14:08:52.679463,91.06,48.39,188.74,58.45,92.6425098344279
2025-10-22 14:08:53.679462,112.74,67.4,230.7,58.04,114.61731521111886
2025-10-22 14:08:54.679462,113.96,93.95,181.38,91.6,119.64780252941488
2025-10-22 14:08:55.679461,89.82,32.08,195.76,75.48,90.03050146876336
2025-10-22 14:08:56.679461,106.63,63.15,216.0,14.5,99.44266784308371
2025-10-22 14:08:57.679460,149.05,78.39,288.18,103.45,146.36984768878608
2025-10-22 14:08:58.679460,89.11,47.8,246.64,14.49,101.02355119422437
2025-10-22 14:08:59.679459,115.65,50.5,208.62,105.04,108.91642851354887
2025-10-22 14:09:00.679459,81.23,28.08,226.32,15.85,85.38874999021925
2025-10-22 14:09:01.679458,57.89,52.98,89.85,44.83,62.496264415938846
2025-10-22 14:09:02.679458,104.22,38.62,224.13,81.28,102.95824819641145
2025-10-22 14:09:03.679457,132.16,52.29,260.24,149.61,134.1700798582802
2025-10-22 14:09:04.679457,67.9,76.78,68.37,88.04,76.44409226722236
2025-10-22 14:09:05.679456,79.81,46.86,162.28,36.24,79.51972559185802
2025-10-22 14:09:06.679455,88.85,74.83,143.47,50.41,90.57591325536629
2025-10-22 14:09:07.679455,80.27,85.62,55.29,110.73,81.40982944551563
2025-10-22 14:09:08.679454,85.17,45.83,160.56,55.7,82.35482276589518
2025-10-22 14:09:09.679454,43.38,38.56,61.59,22.87,42.478000702574
2025-10-22 14:09:10.679453,111.74,33.74,223.49,117.57,107.54677000827392
2025-10-22 14:09:11.679453,91.79,22.66,199.27,100.3,91.33337701069624
2025-10-22 14:09:12.679452,72.11,75.05,93.7,37.39,73.14119213951342
2025-10-22 14:09:13.679452,124.97,74.96,232.51,53.48,118.01195611777649
2025-10-22 14:09:14.679451,89.51,48.39,161.42,79.38,88.58686050751739
2025-10-22 14:09:15.679451,82.24,22.99,209.01,45.42,83.52833512351543
2025-10-22 14:09:16.679450,74.2,52.2,104.96,139.41,85.42911853736388
2025-10-22 14:09:17.679450,123.05,94.92,207.37,105.91,130.78255054017387
2025-10-22 14:09:18.679449,72.07,30.02,94.99,107.97,65.17046433148464
2025-10-22 14:09:19.679449,97.43,40.16,207.16,96.1,101.56537054430264
2025-10-22 14:09:20.679448,110.53,83.19,177.2,48.33,104.45431213393566
2025-10-22 14:09:21.679448,118.7,58.16,244.27,84.35,119.32909846726878
2025-10-22 14:09:22.679447,136.69,54.33,280.07,131.49,137.54598661450063
2025-10-22 14:09:23.679447,129.15,70.95,278.46,17.85,122.75607529424609
2025-10-22 14:09:24.679446,83.58,67.39,99.87,78.11,79.27492891234081
2025-10-22 14:09:25.679446,71.24,23.86,182.93,28.63,72.7882941630863
2025-10-22 14:09:26.679445,83.76,21.29,154.19,116.67,80.35372920717214
2025-10-22 14:09:27.679444,78.92,59.3,122.69,62.21,78.95742975278114
2025-10-22 14:09:28.679444,152.39,77.01,280.6,144.19,151.49492644290382
2025-10-22 14:09:29.679443,128.1,76.55,288.73,46.13,134.24007568559412
2025-10-22 14:09:30.679443,122.55,83.4,253.66,15.98,121.11638996436612
2025-10-22 14:09:31.679442,139.7,82.99,234.98,97.42,131.4681775108081
2025-10-22 14:09:32.679442,65.85,30.48,140.83,89.45,75.49954127110841
2025-10-22 14:09:33.679441,66.46,75.55,52.43,66.73,66.8109480525272
2025-10-22 14:09:34.679441,59.5,49.4,104.55,64.05,68.95200205529854
2025-10-22 14:09:35.679440,72.14,70.36,112.35,24.18,73.79367072188793
2025-10-22 14:09:36.679440,57.45,65.06,75.38,16.31,58.486170507071755
2025-10-22 14:09:37.679439,140.9,89.43,250.06,139.69,147.59293119069514
2025-10-22 14:09:38.679439,109.71,31.28,233.69,145.64,114.9636047942939
2025-10-22 14:09:39.679438,88.71,78.94,71.94,120.52,85.03916267597563
2025-10-22 14:09:40.679438,68.64,55.37,119.4,56.31,74.84460492740416
2025-10-22 14:09:41.679437,56.05,55.62,57.94,49.86,55.215713737006375
2025-10-22 14:09:42.679437,85.07,45.82,132.77,100.69,82.930067923371
2025-10-22 14:09:43.679436,104.37,88.07,83.95,144.04,97.85483925247303
2025-10-22 14:09:44.679435,66.82,40.21,157.74,24.69,72.55801839726077
2025-10-22 14:09:45.679435,108.33,89.72,101.8,130.37,101.32542341972699
2025-10-22 14:09:46.679434,70.7,53.16,120.78,71.8,77.23693729984694
2025-10-22 14:09:47.679434,114.83,79.47,143.19,137.76,110.14042693039707
2025-10-22 14:09:48.679433,61.53,47.3,60.41,100.87,61.952555634814615
2025-10-22 14:09:49.679433,46.74,47.18,52.62,34.75,46.42340794663184
2025-10-22 14:09:50.679432,80.72,41.41,155.42,93.07,86.03379772544777
2025-10-22 14:09:51.679432,118.47,64.05,219.54,114.18,120.74531544341326
2025-10-22 14:09:52.679431,151.55,87.77,275.07,145.35,155.409011004883
2025-10-22 14:09:53.679431,105.77,66.83,143.1,98.48,96.03440962430847
2025-10-22 14:09:54.679430,42.74,53.72,58.41,33.04,51.07338443324978
2025-10-22 14:09:55.679430,88.23,53.22,114.77,125.15,86.05305021527538
2025-10-22 14:09:56.679429,47.0,46.05,51.56,37.46,46.08147059351365
2025-10-22 14:09:57.679429,53.8,47.02,70.87,36.82,52.24014390843712
2025-10-22 14:09:58.679428,129.32,60.61,238.69,97.31,121.44241380626303
2025-10-22 14:09:59.679428,85.7,39.01,186.94,35.16,82.81701546947549
2025-10-22 14:10:00.679427,56.33,24.85,94.84,109.26,62.812911581690074
2025-10-22 14:10:01.679427,124.98,77.12,246.26,44.09,121.35342076011169
2025-10-22 14:10:02.679426,135.48,58.25,277.87,139.91,140.50411351260635
2025-10-22 14:10:03.679425,108.01,33.26,222.73,121.7,107.89988054145934
2025-10-22 14:10:04.679425,164.81,97.55,295.19,78.94,153.12952024753787
2025-10-22 14:10:05.679424,47.6,41.72,84.89,30.71,52.607671503522816
2025-10-22 14:10:06.679424,66.4,29.45,119.26,68.26,64.2974331505379
2025-10-22 14:10:07.679423,97.74,96.43,75.73,109.88,92.75522443816818
2025-10-22 14:10:08.679423,66.67,22.29,162.9,65.21,73.25102741752016
2025-10-22 14:10:09.679422,106.63,38.3,198.23,137.82,106.2407949223937
2025-10-22 14:10:10.679422,108.88,20.59,261.32,110.8,111.03950230365596
2025-10-22 14:10:11.679421,111.3,74.21,131.32,132.34,102.88331669709395
2025-10-22 14:10:12.679421,87.87,79.88,52.31,138.49,83.17413179259948
2025-10-22 14:10:13.679420,160.86,81.23,299.55,146.06,159.6584496820851
2025-10-22 14:10:14.679420,138.68,67.48,233.9,139.45,131.78285507298312
2025-10-22 14:10:15.679419,95.61,48.05,239.16,18.9,99.77517363443256
2025-10-22 14:10:16.679419,115.5,58.53,214.4,127.26,119.05498718979473
2025-10-22 14:10:17.679418,70.69,74.21,98.33,25.29,71.71299031245974
2025-10-22 14:10:18.679418,125.28,36.09,280.93,88.17,120.14112278082527
2025-10-22 14:10:19.679417,64.83,41.57,63.93,112.68,62.50858813306609
2025-10-22 14:10:20.679416,72.94,32.57,111.29,132.03,76.1136368071492
2025-10-22 14:10:21.679416,98.89,50.88,233.54,11.54,98.03071392004924
2025-10-22 14:10:22.679415,90.53,84.5,82.58,131.44,93.16765982506595
2025-10-22 14:10:23.679414,75.82,71.25,110.6,32.27,75.3161404138393
2025-10-22 14:10:24.679413,56.98,53.4,52.56,69.68,56.431012865292324
2025-10-22 14:10:25.679413,113.15,76.09,177.77,124.53,116.22770714374956
2025-10-22 14:10:26.679412,86.67,50.42,108.06,136.57,84.91261927268305
2025-10-22 14:10:27.679412,117.78,29.72,281.48,102.16,119.91936116209023
2025-10-22 14:10:28.679411,107.53,48.73,252.72,39.65,108.30854040069596
2025-10-22 14:10:29.679411,120.76,80.58,204.46,84.8,118.5920091567878
2025-10-22 14:10:30.679410,107.06,40.69,246.48,77.2,109.89412188449768
2025-10-22 14:10:31.679410,129.53,78.2,238.36,98.27,130.2730355143798
2025-10-22 14:10:32.679409,106.07,49.58,223.65,70.11,106.0414004494367
2025-10-22 14:10:33.679409,135.28,56.16,273.15,108.53,131.81658208999303
2025-10-22 14:10:34.679408,42.55,32.18,69.89,32.03,43.62161537584481
2025-10-22 14:10:35.679407,86.84,49.58,162.38,85.73,90.72741943626586
2025-10-22 14:10:36.679407,64.9,80.4,82.43,28.15,70.57729633211403
2025-10-22 14:10:37.679406,103.5,26.35,214.02,82.6,94.08559336322652
2025-10-22 14:10:38.679406,88.67,24.08,195.41,74.76,85.80772780793212
2025-10-22 14:10:39.679405,79.26,72.89,128.26,54.11,85.7751797748886
2025-10-22 14:10:40.679405,79.17,37.32,128.95,131.76,83.72785750283064
2025-10-22 14:10:41.679404,88.31,34.93,208.44,47.49,89.70013727413492
2025-10-22 14:10:42.679404,99.23,29.63,202.28,114.62,98.54419653382588
2025-10-22 14:10:43.679403,98.16,49.37,160.9,123.56,97.68942335563189
2025-10-22 14:10:44.679403,89.3,58.69,95.85,147.85,87.59119056155184
2025-10-22 14:10:45.679402,111.76,72.59,247.41,69.85,124.5630982322155
2025-10-22 14:10:46.679402,93.62,69.77,181.81,48.16,99.13871545823349
2025-10-22 14:10:47.679401,112.57,52.78,223.95,109.81,115.60387379022384
2025-10-22 14:10:48.679401,101.57,72.69,185.15,43.19,100.60652793659912
2025-10-22 14:10:49.679400,72.26,25.58,166.51,40.71,71.10612524771312
2025-10-22 14:10:50.679400,130.96,89.47,222.73,83.62,128.2657571646292
2025-10-22 14:10:51.679399,131.97,91.62,241.4,102.19,138.63248441278884
2025-10-22 14:10:52.679398,82.74,59.61,159.11,34.46,84.54808127222479
2025-10-22 14:10:53.679398,111.68,83.02,122.84,113.33,100.93716939788685
2025-10-22 14:10:54.679397,127.73,70.36,220.94,112.77,124.0211262332374
2025-10-22 14:10:55.679397,82.06,75.23,69.99,131.96,84.88125747640868
2025-10-22 14:10:56.679396,109.36,51.18,208.01,128.38,113.70509920596163
2025-10-22 14:10:57.679396,58.34,60.91,74.79,21.67,57.31123606694972
2025-10-22 14:10:58.679395,87.39,47.94,216.38,42.45,97.54962027985043
2025-10-22 14:10:59.679395,78.58,22.76,159.82,109.7,81.39232401320407
2025-10-22 14:11:00.679394,81.69,36.58,110.98,139.01,79.39862470951326
2025-10-22 14:11:01.679394,66.3,50.02,106.49,67.91,70.60952763596453
2025-10-22 14:11:02.679393,108.68,54.83,225.68,19.52,99.21521109264728
2025-10-22 14:11:03.679392,69.37,40.48,164.06,28.73,75.39384830335352
2025-10-22 14:11:04.679392,89.26,32.79,215.14,77.12,96.53373408110063
2025-10-22 14:11:05.679391,48.23,36.83,57.32,65.87,48.87276920908929
2025-10-22 14:11:06.679391,97.83,67.54,223.98,32.77,107.649732309453
2025-10-22 14:11:07.679390,37.01,23.66,74.02,27.47,39.72456818687872
2025-10-22 14:11:08.679390,80.08,82.65,82.44,110.5,88.04880175276571
2025-10-22 14:11:09.679389,59.9,36.52,76.43,95.08,60.262124911673325
2025-10-22 14:11:10.679389,98.61,92.97,182.57,10.99,103.5134187370448
2025-10-22 14:11:11.679388,113.8,96.59,153.74,140.72,122.40473876110786
2025-10-22 14:11:12.679388,134.35,93.68,251.43,39.58,130.23932114074904
2025-10-22 14:11:13.679387,129.22,53.03,233.15,134.6,123.41530519632204
2025-10-22 14:11:14.679387,66.82,29.47,164.68,14.36,67.25695213838287
2025-10-22 14:11:15.679386,141.88,86.01,241.58,110.23,137.49572866012457
2025-10-22 14:11:16.679386,114.51,88.19,106.23,143.82,104.56726492972862
2025-10-22 14:11:17.679385,122.32,72.88,171.95,137.69,115.49655365014793
2025-10-22 14:11:18.679385,99.16,62.91,211.87,25.13,100.19270675592153
2025-10-22 14:11:19.679384,105.39,50.89,179.91,129.47,105.33168981697663
2025-10-22 14:11:20.679383,105.38,77.75,161.43,108.09,108.87711177810392
2025-10-22 14:11:21.679383,88.99,81.4,105.83,74.32,87.27431799118365
2025-10-22 14:11:22.679382,71.02,39.11,134.8,56.68,71.46828263058275
2025-10-22 14:11:23.679382,49.77,29.0,53.32,43.17,39.27326945059781
2025-10-22 14:11:24.679381,65.78,70.21,70.08,71.94,70.497229286321
2025-10-22 14:11:25.679381,112.41,49.01,296.22,12.24,116.07976247161054
2025-10-22 14:11:26.679380,74.51,76.62,52.75,115.37,77.09623163501034
2025-10-22 14:11:27.679380,104.87,44.68,257.91,17.46,103.45046069654019
2025-10-22 14:11:28.679379,89.72,22.06,233.27,72.27,95.68896486655575
2025-10-22 14:11:29.679379,70.32,45.65,136.47,26.97,69.32053459661262
2025-10-22 14:11:30.679378,89.37,44.42,211.88,47.69,95.48866971095474
2025-10-22 14:11:31.679378,139.14,81.53,269.74,114.41,144.56366523615318
2025-10-22 14:11:32.679377,99.05,65.28,132.51,130.26,98.39132772651895
2025-10-22 14:11:33.679377,95.2,60.59,184.42,27.46,91.25230425440866
2025-10-22 14:11:34.679376,110.89,22.87,261.98,54.06,101.1048811367653
2025-10-22 14:11:35.679376,138.2,67.91,290.22,91.8,139.4631235430515
2025-10-22 14:11:36.679375,129.23,37.12,298.19,87.3,125.66779014513627
2025-10-22 14:11:37.679374,124.2,60.53,250.18,65.17,118.4746928894202
2025-10-22 14:11:38.679374,127.87,53.43,255.56,84.41,120.38434458828615
2025-10-22 14:11:39.679373,158.58,91.38,268.89,139.51,154.18555981216167
2025-10-22 14:11:40.679373,127.42,94.88,206.7,126.38,134.62563163205851
2025-10-22 14:11:41.679372,103.62,94.0,121.54,65.15,96.43544282720632
2025-10-22 14:11:42.679372,95.57,54.83,180.56,98.9,101.41486476568784
2025-10-22 14:11:43.679371,137.64,94.65,213.93,126.36,136.68044253068257
2025-10-22 14:11:44.679371,67.93,38.45,148.03,57.29,75.2379073669228
2025-10-22 14:11:45.679370,125.2,49.2,251.25,128.05,125.65209393311434
2025-10-22 14:11:46.679370,69.43,60.04,51.21,91.14,63.58508649094241
2025-10-22 14:11:47.679369,123.82,48.29,253.99,123.9,125.1995317223542
2025-10-22 14:11:48.679369,60.18,76.76,50.14,72.56,67.88137569093935
2025-10-22 14:11:49.679368,68.88,49.53,104.67,47.77,65.82025398342317
2025-10-22 14:11:50.679368,73.78,55.55,71.32,106.76,70.49996120100558
2025-10-22 14:11:51.679367,56.58,22.96,59.51,109.85,51.37225043282681
2025-10-22 14:11:52.679366,97.2,50.01,257.34,13.32,105.10523326118265
2025-10-22 14:11:53.679366,131.54,56.46,215.81,127.18,118.43446021270344
2025-10-22 14:11:54.679365,99.2,93.28,150.05,54.2,102.47257769529963
2025-10-22 14:11:55.679365,130.45,73.98,250.49,90.08,130.19609251171786
2025-10-22 14:11:56.679364,70.47,23.53,119.2,119.72,71.5555911115826
2025-10-22 14:11:57.679364,75.52,74.7,146.06,10.25,83.3159872945098
2025-10-22 14:11:58.679363,84.97,48.25,117.9,139.68,87.40951062160323
2025-10-22 14:11:59.679363,92.6,33.64,212.83,81.48,97.12742325486113
2025-10-22 14:12:00.679362,91.54,39.65,217.89,40.91,93.57899764651023
2025-10-22 14:12:01.679362,114.92,61.0,250.14,102.96,126.19940467058818
2025-10-22 14:12:02.679361,123.95,20.36,285.71,116.99,119.48492993241972
2025-10-22 14:12:03.679361,95.24,53.51,170.0,108.46,99.4832768611889
2025-10-22 14:12:04.679360,56.59,34.26,78.57,76.62,56.11725076030667
2025-10-22 14:12:05.679360,111.33,32.7,268.17,57.29,108.4904844492497
2025-10-22 14:12:06.679359,79.22,82.43,56.74,85.96,75.34266490246367
2025-10-22 14:12:07.679358,125.55,83.65,224.58,30.62,115.40707815577797
2025-10-22 14:12:08.679358,42.02,21.55,89.47,18.46,41.53098084118473
2025-10-22 14:12:09.679357,56.86,75.94,67.55,11.02,60.48793424795195
2025-10-22 14:12:10.679357,49.04,35.38,77.97,14.63,44.18521295281744
2025-10-22 14:12:11.679356,93.8,75.21,183.25,49.91,102.62172835461698
2025-10-22 14:12:12.679356,98.91,34.29,239.55,88.69,106.91288668049961
2025-10-22 14:12:13.679355,80.81,90.01,96.63,15.12,77.03265509320593
2025-10-22 14:12:14.679355,113.97,47.69,244.98,51.58,107.8342095854693
2025-10-22 14:12:15.679354,108.53,26.04,284.07,20.84,102.72335653106101
2025-10-22 14:12:16.679354,114.54,50.06,200.24,128.68,110.87286249154612
2025-10-22 14:12:17.679353,106.21,86.7,222.37,14.24,113.005905812993
2025-10-22 14:12:18.679353,111.82,91.34,168.54,79.4,112.06956915415894
2025-10-22 14:12:19.679352,96.02,98.28,105.77,104.04,101.54365716817499
2025-10-22 14:12:20.679352,139.53,43.79,278.34,118.76,129.2619052112419
2025-10-22 14:12:21.679351,71.61,83.21,93.59,18.33,73.377870561353
2025-10-22 14:12:22.679351,74.13,39.93,210.98,13.8,86.25853111456628
2025-10-22 14:12:23.679350,133.85,54.33,272.61,142.68,137.5255860707502
2025-10-22 14:12:24.679349,125.25,85.3,243.78,11.89,118.27875319710796
2025-10-22 14:12:25.679349,133.56,64.42,284.66,83.56,134.42202230738124
2025-10-22 14:12:26.679348,54.06,20.13,114.88,75.67,59.821804232071365
2025-10-22 14:12:27.679348,107.82,35.46,281.53,15.71,105.6214849452654
2025-10-22 14:12:28.679347,48.5,27.79,77.53,79.85,53.23151131855395
2025-10-22 14:12:29.679347,56.43,26.58,112.93,34.2,54.206358330195584
2025-10-22 14:12:30.679346,55.45,22.5,122.07,52.81,58.62145005104887
2025-10-22 14:12:31.679346,122.36,81.26,252.57,77.82,132.0039337893866
2025-10-22 14:12:32.679345,47.55,21.81,123.9,37.85,55.85834845980784
2025-10-22 14:12:33.679345,72.82,53.5,57.49,102.01,64.38159801099317
2025-10-22 14:12:34.679344,82.6,60.0,73.41,148.08,81.54312423441665
2025-10-22 14:12:35.679344,98.92,61.92,224.79,16.28,101.82691643877907
2025-10-22 14:12:36.679343,103.96,89.44,78.13,128.03,93.60743685110862
2025-10-22 14:12:37.679343,143.81,76.4,294.78,100.02,146.68383147487162
2025-10-22 14:12:38.679342,96.87,24.66,198.34,109.26,93.82652394997942
2025-10-22 14:12:39.679342,90.09,50.97,156.35,67.86,86.05753186759748
2025-10-22 14:12:40.679341,49.72,41.01,70.11,66.85,54.98825680182191
2025-10-22 14:12:41.679340,132.33,89.69,220.49,86.45,128.26370182192997
2025-10-22 14:12:42.679340,120.13,84.45,216.95,64.32,120.2024172769776
2025-10-22 14:12:43.679339,99.55,34.32,182.56,120.61,96.13658328155675
2025-10-22 14:12:44.679339,105.52,46.95,211.61,82.52,103.58000789247768
2025-10-22 14:12:45.679338,135.44,94.13,249.28,43.2,130.53544153073676
2025-10-22 14:12:46.679338,106.98,93.94,188.71,48.09,113.207008221491
2025-10-22 14:12:47.679337,142.42,43.17,294.46,148.48,139.6998292923182
2025-10-22 14:12:48.679337,71.02,26.91,141.4,95.68,75.13415599354738
2025-10-22 14:12:49.679336,84.0,78.05,89.58,64.91,78.85747695857893
2025-10-22 14:12:50.679336,129.15,70.32,239.2,99.46,126.84677968730372
2025-10-22 14:12:51.679335,63.95,21.49,128.49,73.66,64.18903134205388
2025-10-22 14:12:52.679335,76.93,24.0,192.5,28.01,75.61111248051257
2025-10-22 14:12:53.679334,148.27,91.41,279.37,66.07,142.76878621674712
2025-10-22 14:12:54.679334,132.82,76.61,297.89,16.98,131.23527085960833
2025-10-22 14:12:55.679333,125.55,95.18,196.11,85.19,123.41344737207153
2025-10-22 14:12:56.679333,125.75,76.73,253.26,62.22,126.86330277360996
2025-10-22 14:12:57.679332,146.63,62.54,272.99,120.38,137.29107673368588
2025-10-22 14:12:58.679331,107.08,86.41,145.93,68.82,100.72387166431895
2025-10-22 14:12:59.679331,125.94,35.03,246.82,134.78,118.61680857707367
2025-10-22 14:13:00.679330,116.24,56.72,258.92,57.49,117.68380997234445
2025-10-22 14:13:01.679330,115.83,79.24,179.7,116.85,116.84792771750558
2025-10-22 14:13:02.679329,127.42,44.78,265.43,101.63,122.47235789483832
2025-10-22 14:13:03.679329,76.45,29.9,120.0,104.4,71.91903714862036
2025-10-22 14:13:04.679328,132.97,48.31,297.65,130.92,139.72576365363878
2025-10-22 14:13:05.679328,120.51,96.03,161.87,93.33,115.16076150976343
2025-10-22 14:13:06.679327,128.26,98.46,233.27,42.15,127.66625384939248
2025-10-22 14:13:07.679327,64.64,59.07,54.24,140.04,73.72298373502899
2025-10-22 14:13:08.679326,105.55,25.17,242.18,107.75,106.95666613497116
2025-10-22 14:13:09.679326,136.78,64.3,282.1,131.2,143.05191627270824
2025-10-22 14:13:10.679325,85.38,54.61,95.03,136.36,83.03632841113262
2025-10-22 14:13:11.679325,114.75,29.97,262.52,96.89,113.29857999349812
2025-10-22 14:13:12.679324,75.18,31.83,182.35,44.25,79.67504491488879
2025-10-22 14:13:13.679324,113.2,92.0,98.23,142.66,103.82537575680854
2025-10-22 14:13:14.679323,78.63,75.42,80.0,93.58,80.36389509227277
2025-10-22 14:13:15.679323,94.42,47.69,125.07,104.23,82.24768885373865
2025-10-22 14:13:16.679322,129.86,45.74,288.55,109.62,131.48468958962903
2025-10-22 14:13:17.679322,101.33,61.72,205.44,35.12,99.65239795991472
2025-10-22 14:13:18.679321,149.09,97.95,300.0,47.42,148.51563393390512
2025-10-22 14:13:19.679320,95.63,45.98,228.01,20.59,95.73104150594658
2025-10-22 14:13:20.679320,89.3,60.42,190.83,72.96,102.12848616538936
2025-10-22 14:13:21.679319,107.16,94.21,135.43,141.33,115.84014244055707
2025-10-22 14:13:22.679319,107.43,22.68,184.27,147.62,96.23031830595637
2025-10-22 14:13:23.679318,69.47,48.43,84.03,83.13,66.09092266632663
2025-10-22 14:13:24.679318,92.15,97.06,60.28,141.9,94.78215499128227
2025-10-22 14:13:25.679317,133.53,94.45,219.44,118.09,136.59515221242034
2025-10-22 14:13:26.679317,93.6,59.98,153.32,121.15,100.20400933267742
2025-10-22 14:13:27.679316,157.47,85.1,267.96,146.74,152.22148146643266
2025-10-22 14:13:28.679316,115.84,46.14,207.07,147.84,114.78235472834875
2025-10-22 14:13:29.679315,50.44,33.27,69.0,57.5,48.952741132663235
2025-10-22 14:13:30.679315,85.87,89.28,116.5,60.94,91.73969375558795
2025-10-22 14:13:31.679314,129.25,84.24,230.95,125.18,136.3897165392691
2025-10-22 14:13:32.679314,71.04,60.9,110.66,46.05,72.92803454862675
2025-10-22 14:13:33.679313,66.04,33.17,169.82,16.96,71.15632668553096
2025-10-22 14:13:34.679313,148.3,89.28,295.76,77.64,148.93395944782637
2025-10-22 14:13:35.679312,128.82,62.16,232.62,140.33,128.92973911115413
2025-10-22 14:13:36.679311,119.78,72.42,245.17,51.78,120.21757365672134
2025-10-22 14:13:37.679311,90.8,84.71,147.45,46.76,95.9560915196261
2025-10-22 14:13:38.679310,125.28,97.95,147.16,144.46,121.84531544300394
2025-10-22 14:13:39.679310,94.14,32.1,175.71,125.06,93.85833658157453
2025-10-22 14:13:40.679309,131.06,77.15,227.54,113.34,129.49145886706128
2025-10-22 14:13:41.679309,138.79,90.06,204.5,142.3,134.73061409049362
2025-10-22 14:13:42.679308,155.91,96.88,280.42,118.09,156.13062140575394
2025-10-22 14:13:43.679308,64.45,28.16,111.01,75.86,62.685885708427
2025-10-22 14:13:44.679307,138.17,81.8,244.09,75.25,129.21319293960966
2025-10-22 14:13:45.679307,136.98,85.62,273.79,65.91,138.18325863393136
2025-10-22 14:13:46.679306,146.72,94.69,274.82,124.09,154.5507334836363
2025-10-22 14:13:47.679306,101.51,84.51,185.37,42.75,106.45779167387367
2025-10-22 14:13:48.679305,100.1,48.62,228.79,26.22,98.39494322789675
2025-10-22 14:13:49.679305,152.85,92.67,290.05,103.49,154.0345364679286
2025-10-22 14:13:50.679304,77.2,24.45,157.43,73.01,74.2288035664933
2025-10-22 14:13:51.679304,97.69,90.53,139.52,40.23,95.16764868821939
2025-10-22 14:13:52.679303,104.26,55.22,217.94,34.54,100.06486499224144
2025-10-22 14:13:53.679303,145.21,98.23,242.73,84.77,138.85750998596427
2025-10-22 14:13:54.679302,77.65,30.09,147.25,55.56,70.50649869698306
2025-10-22 14:13:55.679301,133.85,83.26,231.26,76.44,126.31864549136941
2025-10-22 14:13:56.679301,92.08,38.65,179.37,125.28,98.2562900811497
2025-10-22 14:13:57.679300,85.42,23.53,203.24,95.77,92.05940817575957
2025-10-22 14:13:58.679300,89.15,21.41,228.5,51.11,89.73102381876244
2025-10-22 14:13:59.679299,105.54,20.46,234.74,81.26,97.1208339785766
2025-10-22 14:14:00.679299,120.6,73.68,231.76,19.99,110.50113852826934
2025-10-22 14:14:01.679298,65.49,39.13,104.23,67.4,64.41854720273099
2025-10-22 14:14:02.679298,58.35,53.76,80.15,33.07,57.63339887764979
2025-10-22 14:14:03.679297,81.12,33.96,189.39,60.25,86.0260423262257
2025-10-22 14:14:04.679297,53.93,38.77,90.2,49.35,56.43898833481561
2025-10-22 14:14:05.679296,95.94,57.55,158.04,100.95,96.40464256625066
2025-10-22 14:14:06.679296,137.81,93.8,233.71,87.92,134.5709422547439
2025-10-22 14:14:07.679295,98.41,51.07,198.38,59.06,96.99252675826949
2025-10-22 14:14:08.679295,105.32,75.45,208.51,25.7,105.52621592928314
2025-10-22 14:14:09.679294,55.91,45.21,55.64,84.05,56.14089216783926
2025-10-22 14:14:10.679293,111.67,27.84,274.6,123.2,121.09497263655953
2025-10-22 14:14:11.679293,61.42,25.25,132.39,71.2,66.74085477983333
2025-10-22 14:14:12.679292,121.47,36.18,252.0,129.8,119.75628191405117
2025-10-22 14:14:13.679292,58.04,39.73,84.51,126.49,70.5219430153417
2025-10-22 14:14:14.679291,81.48,83.08,133.42,30.51,87.70295253882341
2025-10-22 14:14:15.679291,116.36,40.39,234.05,105.29,111.58639172891253
2025-10-22 14:14:16.679290,57.64,20.63,116.37,74.06,60.19838678269057
2025-10-22 14:14:17.679290,74.94,50.71,124.46,38.86,70.58551709992568
2025-10-22 14:14:18.679289,77.86,81.66,62.13,100.4,79.44719851962438
2025-10-22 14:14:19.679289,115.2,59.42,197.3,123.47,113.60507301190246
2025-10-22 14:14:20.679288,89.76,37.45,169.4,81.66,86.0027340306804
2025-10-22 14:14:21.679288,78.29,38.65,139.72,66.38,74.6444397922261
2025-10-22 14:14:22.679287,117.45,34.43,267.71,77.03,113.13112625976473
2025-10-22 14:14:23.679287,97.5,49.26,197.52,70.47,98.10024847570213
2025-10-22 14:14:24.679286,106.98,35.58,258.39,34.93,102.54227630161758
2025-10-22 14:14:25.679286,109.33,69.13,150.97,138.08,107.40512586588214
2025-10-22 14:14:26.679285,103.25,29.24,277.23,53.41,108.72416264123346
2025-10-22 14:14:27.679285,72.27,65.62,62.13,97.37,70.87647505666011
2025-10-22 14:14:28.679284,135.53,81.98,257.63,101.13,138.510698989129
2025-10-22 14:14:29.679283,81.59,69.52,148.34,54.5,90.2135597775488
2025-10-22 14:14:30.679283,119.37,98.86,182.82,55.69,115.39008313846199
2025-10-22 14:14:31.679282,131.62,94.55,185.14,123.28,127.36608787662098
2025-10-22 14:14:32.679282,108.98,64.99,170.6,96.12,102.91708066216162
2025-10-22 14:14:33.679281,87.08,63.4,98.76,105.72,82.44094513900566
2025-10-22 14:14:34.679281,117.91,76.1,216.49,62.02,115.45898242443495
2025-10-22 14:14:35.679280,72.09,33.51,162.13,43.33,74.24971594759859
2025-10-22 14:14:36.679280,94.29,20.0,291.46,18.57,101.49294980053654
2025-10-22 14:14:37.679279,124.4,70.5,204.11,141.95,124.82595422601821
2025-10-22 14:14:38.679279,114.51,24.83,295.07,91.18,119.39440591331913
2025-10-22 14:14:39.679278,90.73,58.99,190.47,37.62,94.29304450336544
2025-10-22 14:14:40.679278,132.19,84.44,283.86,15.24,130.56308977991736
2025-10-22 14:14:41.679277,116.78,94.27,125.02,147.58,113.98205843340557
2025-10-22 14:14:42.679277,43.73,45.71,51.36,75.29,53.36360433368029
2025-10-22 14:14:43.679276,60.51,31.51,87.4,80.15,58.10580722556254
2025-10-22 14:14:44.679275,112.22,64.71,200.15,118.42,116.087208311924
2025-10-22 14:14:45.679275,136.68,38.48,295.12,123.3,132.56857478987092
2025-10-22 14:14:46.679274,120.64,50.31,261.74,117.8,127.3213089220657
2025-10-22 14:14:47.679274,132.12,44.08,221.85,137.75,116.1977986514184
2025-10-22 14:14:48.679273,88.62,30.93,187.48,94.02,90.65163607716023
2025-10-22 14:14:49.679273,118.24,79.09,227.57,97.64,127.34707769342974
2025-10-22 14:14:50.679272,87.19,76.13,105.92,41.62,78.19048386449695
2025-10-22 14:14:51.679272,116.19,93.72,171.02,116.37,121.33782268130247
2025-10-22 14:14:52.679271,99.95,51.34,170.87,61.09,89.26130904419678
2025-10-22 14:14:53.679271,102.16,97.67,113.61,54.37,93.73498074638108
2025-10-22 14:14:54.679270,85.65,36.94,194.66,47.96,86.65035617637285
2025-10-22 14:14:55.679269,92.58,20.03,229.56,62.42,91.60960248590665
2025-10-22 14:14:56.679269,141.56,91.62,292.82,73.17,148.32536735985846
2025-10-22 14:14:57.679268,119.8,60.05,261.92,27.12,114.20994729853314
2025-10-22 14:14:58.679268,110.05,31.81,258.11,83.51,110.23066479901283
2025-10-22 14:14:59.679267,87.52,56.97,191.55,28.46,91.79533497363829
2025-10-22 14:15:00.679267,124.42,89.87,214.26,55.68,120.37123864639406
2025-10-22 14:15:01.679266,123.25,80.0,241.14,48.72,122.1647037384208
2025-10-22 14:15:02.679266,92.28,26.15,263.21,32.05,98.73406761422383
2025-10-22 14:15:03.679265,112.54,40.39,279.28,32.06,110.64088557911529
2025-10-22 14:15:04.679265,30.71,21.48,67.83,24.02,36.09601517920675
2025-10-22 14:15:05.679264,123.55,94.38,174.2,117.48,122.84190235479672
2025-10-22 14:15:06.679264,98.24,47.51,235.35,10.27,96.64826005404758
2025-10-22 14:15:07.679263,133.83,60.23,298.22,88.34,137.36498622760993
2025-10-22 14:15:08.679263,62.59,27.16,107.48,78.76,61.70387616813472
2025-10-22 14:15:09.679262,131.14,77.34,231.81,148.42,137.83440259084375
2025-10-22 14:15:10.679261,74.01,30.34,188.58,24.22,76.83029604461282
2025-10-22 14:15:11.679261,104.36,53.16,251.0,22.29,106.5456852952159
2025-10-22 14:15:12.679260,90.17,47.24,183.15,48.36,88.38764994177637
2025-10-22 14:15:13.679260,127.02,87.66,210.54,118.22,130.57251585957866
2025-10-22 14:15:14.679259,99.38,56.74,229.63,28.67,103.16810328824417
2025-10-22 14:15:15.679259,141.59,52.45,276.69,135.99,136.48953370217217
2025-10-22 14:15:16.679258,64.02,36.37,137.82,47.5,69.19197352109866
2025-10-22 14:15:17.679258,71.86,72.97,61.88,70.72,69.16164596546479
2025-10-22 14:15:18.679257,67.49,50.53,87.07,72.62,65.9611983020806
2025-10-22 14:15:19.679257,128.28,78.05,244.24,111.48,134.58865972748106
2025-10-22 14:15:20.679256,86.79,50.39,149.84,106.06,91.39735405248537
2025-10-22 14:15:21.679256,116.87,49.67,289.42,44.39,120.74725757202376
2025-10-22 14:15:22.679255,138.47,45.66,298.9,141.29,140.84384019732727
2025-10-22 14:15:23.679254,132.79,39.58,277.54,114.38,126.06016107419711
2025-10-22 14:15:24.679254,121.58,91.45,258.68,16.0,126.62863706229224
2025-10-22 14:15:25.679253,98.58,26.45,227.0,59.33,93.41627989662973
2025-10-22 14:15:26.679253,50.17,37.27,51.94,56.99,45.71122912357031
2025-10-22 14:15:27.679252,93.02,36.57,181.32,109.44,94.66394084930036
2025-10-22 14:15:28.679252,83.27,94.06,67.59,86.36,84.46127174518602
2025-10-22 14:15:29.679251,65.83,42.65,59.22,149.02,68.84484903945292
2025-10-22 14:15:30.679251,157.21,80.09,281.21,101.36,144.70457748526255
2025-10-22 14:15:31.679250,49.66,36.86,68.69,70.87,53.297799429398964
2025-10-22 14:15:32.679250,93.82,32.69,234.89,30.57,93.17759277407242
2025-10-22 14:15:33.679249,91.04,70.92,163.14,61.85,96.81676009327491
2025-10-22 14:15:34.679249,112.28,72.94,246.57,12.01,113.00035340334965
2025-10-22 14:15:35.679248,109.89,66.5,223.15,10.41,102.44397611434292
2025-10-22 14:15:36.679248,71.32,39.99,106.66,103.77,72.79746436837014
2025-10-22 14:15:37.679247,78.65,28.66,198.54,33.43,80.81785853644746
2025-10-22 14:15:38.679247,124.11,88.28,174.92,89.98,114.56751724103809
2025-10-22 14:15:39.679246,108.41,56.2,242.62,105.11,121.98130088463633
2025-10-22 14:15:40.679245,82.01,61.89,55.22,140.79,75.56749985309268
2025-10-22 14:15:41.679245,100.03,78.02,146.86,84.32,99.91254252796075
2025-10-22 14:15:42.679244,116.75,83.85,208.34,106.79,125.7489367425231
2025-10-22 14:15:43.679243,82.72,31.49,153.0,73.02,76.39697271479596
2025-10-22 14:15:44.679242,93.46,22.88,246.12,65.91,98.695784204021
2025-10-22 14:15:45.679242,104.02,81.56,176.08,65.23,106.66335961023026
2025-10-22 14:15:46.679241,71.08,34.92,60.0,146.77,64.79206984391561
2025-10-22 14:15:47.679241,142.53,69.34,293.6,83.03,139.44819317841905
2025-10-22 14:15:48.679240,110.0,75.75,168.53,139.54,116.26185064350913
2025-10-22 14:15:49.679240,120.09,69.89,222.74,104.87,122.76007677705438
2025-10-22 14:15:50.679239,127.92,63.33,223.55,114.99,121.75367301092541
2025-10-22 14:15:51.679239,125.19,94.12,160.35,147.92,124.59384321185311
2025-10-22 14:15:52.679238,104.4,50.1,173.14,124.25,101.86796767704979
2025-10-22 14:15:53.679238,129.12,94.62,222.23,37.9,121.59640820019489
2025-10-22 14:15:54.679237,106.13,65.78,232.35,22.62,107.27571881778566
2025-10-22 14:15:55.679237,110.68,91.46,121.18,128.31,107.60575147070325
2025-10-22 14:15:56.679236,81.48,71.67,137.09,41.98,85.41458094275747
2025-10-22 14:15:57.679236,71.94,84.53,85.1,33.38,74.47011032052164
2025-10-22 14:15:58.679235,73.83,31.81,136.37,143.62,85.57530547840739
2025-10-22 14:15:59.679234,80.37,56.81,114.83,83.44,79.5731517027979
2025-10-22 14:16:00.679234,52.15,35.99,78.4,33.95,48.45351540604852
2025-10-22 14:16:01.679233,94.49,51.43,152.54,140.32,99.52790986589567
2025-10-22 14:16:02.679233,71.39,57.0,97.12,67.02,71.08442286447733
2025-10-22 14:16:03.679231,74.99,61.35,122.86,61.5,79.88605080164135
2025-10-22 14:16:04.679231,105.51,22.85,260.83,136.04,117.02647396183546
2025-10-22 14:16:05.679230,61.46,28.45,141.55,22.35,61.38464293839946
2025-10-22 14:16:06.679230,150.52,84.44,241.01,134.26,141.31555946593213
2025-10-22 14:16:07.679229,122.89,24.78,253.16,145.25,117.50870297226761
2025-10-22 14:16:08.679229,132.93,58.47,258.62,115.07,129.89563075052556
2025-10-22 14:16:09.679228,95.3,59.3,160.93,76.28,93.2444686966471
2025-10-22 14:16:10.679228,74.09,60.96,79.24,72.89,68.84333065333179
2025-10-22 14:16:11.679227,56.9,35.14,78.84,72.96,55.90891540471378
2025-10-22 14:16:12.679227,136.39,49.82,269.55,103.1,126.50654766767605
2025-10-22 14:16:13.679226,103.16,58.39,207.27,84.17,108.28689198687182
2025-10-22 14:16:14.679226,119.88,78.4,179.67,127.44,118.52422599163691
2025-10-22 14:16:15.679225,127.37,94.15,184.22,143.45,130.89560573480725
2025-10-22 14:16:16.679225,96.42,33.57,254.79,83.22,110.04964099007977
2025-10-22 14:16:17.679224,110.68,62.01,246.31,11.16,107.32311363711545
2025-10-22 14:16:18.679223,68.41,46.16,150.46,19.75,72.34522284172255
2025-10-22 14:16:19.679223,91.25,25.21,223.88,39.8,87.98477272718159
2025-10-22 14:16:20.679222,106.77,32.5,225.86,134.25,110.95485521570227
2025-10-22 14:16:21.679222,60.86,46.94,76.72,80.44,62.61945140796918
2025-10-22 14:16:22.679221,77.96,85.48,92.54,22.29,74.97634096492861
2025-10-22 14:16:23.679221,84.54,56.49,107.22,96.4,79.70011671324626
2025-10-22 14:16:24.679220,110.07,51.69,204.14,127.64,112.64838484009691
2025-10-22 14:16:25.679220,53.23,21.54,71.25,87.65,49.78751304946624
2025-10-22 14:16:26.679219,119.8,62.14,202.77,124.82,116.86855324763577
2025-10-22 14:16:27.679219,69.55,81.45,59.17,32.83,65.03714516498252
2025-10-22 14:16:28.679218,56.41,29.3,141.17,11.44,59.526546968705304
2025-10-22 14:16:29.679218,65.64,20.1,153.73,69.87,70.33208084950647
2025-10-22 14:16:30.679217,75.12,28.66,155.18,124.52,85.87152557092318
2025-10-22 14:16:31.679217,71.25,32.26,130.65,77.35,70.92172715366851
2025-10-22 14:16:32.679216,91.44,37.87,207.27,68.65,95.01048436363595
2025-10-22 14:16:33.679216,124.37,65.69,284.39,42.44,126.80744354149888
2025-10-22 14:16:34.679215,90.14,48.46,228.03,19.43,96.73886662031329
2025-10-22 14:16:35.679214,119.9,27.01,268.58,130.46,120.31470859036575
2025-10-22 14:16:36.679214,66.67,28.28,147.64,80.48,74.67233891783965
2025-10-22 14:16:37.679213,88.78,34.3,170.73,104.36,89.34456985152656
2025-10-22 14:16:38.679213,100.0,88.19,150.25,47.43,98.6596499070011
2025-10-22 14:16:39.679212,106.77,93.43,139.59,136.78,115.79954348419483
2025-10-22 14:16:40.679212,106.11,75.14,130.29,133.56,103.27802077461197
2025-10-22 14:16:41.679211,153.88,78.56,276.94,135.64,149.46735074024247
2025-10-22 14:16:42.679211,75.25,71.68,124.85,10.07,75.40494096282286
2025-10-22 14:16:43.679210,121.76,26.8,299.49,108.09,125.05912344534738
2025-10-22 14:16:44.679210,92.72,96.12,67.14,107.46,89.53890102615391
2025-10-22 14:16:45.679209,76.88,36.57,152.05,57.4,75.53396509632023
2025-10-22 14:16:46.679209,84.98,46.61,197.09,47.79,92.15128780092064
2025-10-22 14:16:47.679208,101.79,78.71,173.05,91.93,109.63800222422188
2025-10-22 14:16:48.679208,126.34,48.18,252.98,100.55,120.20515930107366
2025-10-22 14:16:49.679207,127.39,76.98,197.46,142.37,126.13006135783088
2025-10-22 14:16:50.679207,68.29,53.13,92.68,44.43,63.34195449905698
2025-10-22 14:16:51.679206,62.91,21.63,163.71,38.78,67.91888418026171
2025-10-22 14:16:52.679206,110.94,71.92,174.41,98.74,108.02543405114497
2025-10-22 14:16:53.679205,125.07,67.25,216.67,122.7,123.16420597625677
2025-10-22 14:16:54.679204,79.56,51.23,191.95,10.3,85.4580905746843
2025-10-22 14:16:55.679204,83.7,67.07,188.49,17.2,93.65789987236788
2025-10-22 14:16:56.679203,103.38,68.61,137.8,98.1,95.25034306955675
2025-10-22 14:16:57.679203,81.58,38.68,114.12,118.28,77.2697697921372
2025-10-22 14:16:58.679202,62.09,30.21,122.06,40.84,60.07233546971745
2025-10-22 14:16:59.679202,134.48,87.06,280.45,77.79,143.25920373538418
2025-10-22 14:17:00.679201,50.57,38.68,50.75,65.75,47.79339192258581
2025-10-22 14:17:01.679201,80.99,40.31,105.68,144.46,80.74092174263811
2025-10-22 14:17:02.679200,69.17,42.12,100.64,97.7,70.84113132309216
2025-10-22 14:17:03.679200,145.33,85.89,289.52,26.52,135.22431234949894
2025-10-22 14:17:04.679199,63.22,57.82,78.57,33.16,59.193503076958145
2025-10-22 14:17:05.679199,77.4,24.16,148.35,63.52,69.47138969759831
2025-10-22 14:17:06.679198,102.45,84.52,182.83,80.81,113.25617019131919
2025-10-22 14:17:07.679198,82.98,36.53,175.33,66.49,84.31596443336723
2025-10-22 14:17:08.679197,91.36,46.32,164.15,119.59,96.36267494418927
2025-10-22 14:17:09.679197,143.19,96.83,294.93,43.49,145.65504169565645
2025-10-22 14:17:10.679196,132.21,82.26,260.58,46.47,128.68369118543103
2025-10-22 14:17:11.679195,138.52,76.53,270.45,102.77,139.98179661070964
2025-10-22 14:17:12.679195,76.61,41.07,137.69,57.86,73.5449742319069
2025-10-22 14:17:13.679194,128.41,37.55,287.75,108.95,127.04219398937589
2025-10-22 14:17:14.679194,123.33,78.06,256.46,30.87,122.2613173839824
2025-10-22 14:17:15.679193,81.95,64.96,106.2,116.56,87.60445416090619
2025-10-22 14:17:16.679193,101.35,85.12,195.83,16.23,104.63915861301584
2025-10-22 14:17:17.679192,120.31,23.71,290.77,119.15,123.09900772701587
2025-10-22 14:17:18.679192,100.66,45.99,208.29,64.23,98.47370304517413
2025-10-22 14:17:19.679191,112.79,33.84,208.58,110.59,101.7292131985483
2025-10-22 14:17:20.679191,83.79,60.68,51.44,133.34,72.35101821679481
2025-10-22 14:17:21.679190,115.86,88.19,193.8,129.33,128.01034867079142
2025-10-22 14:17:22.679190,73.39,46.95,86.83,129.74,75.45162815008777
2025-10-22 14:17:23.679189,111.51,96.44,150.92,138.1,120.96243162767271
2025-10-22 14:17:24.679189,108.87,48.61,217.84,109.88,111.70957655180418
2025-10-22 14:17:25.679188,149.22,84.96,277.67,113.46,148.46260561321708
2025-10-22 14:17:26.679188,70.96,31.41,143.78,84.3,75.82570906561646
2025-10-22 14:17:27.679187,92.13,82.71,109.47,72.71,88.6995359587606
2025-10-22 14:17:28.679186,114.93,54.23,223.35,96.2,113.44166461770646
2025-10-22 14:17:29.679186,69.57,48.78,64.96,129.25,69.69027527302127
2025-10-22 14:17:30.679185,58.05,57.75,79.32,13.65,55.510424309451125
2025-10-22 14:17:31.679185,99.63,86.29,87.47,148.1,98.8345741706915
2025-10-22 14:17:32.679184,124.39,38.17,270.48,126.73,125.68977638935031
2025-10-22 14:17:33.679184,144.59,82.83,277.28,108.79,146.35991309939206
2025-10-22 14:17:34.679183,98.86,51.06,139.51,131.44,93.66465172664043
2025-10-22 14:17:35.679183,95.23,21.28,285.42,12.79,99.16588171289551
