timestamp,cpu_load,memory_usage,disk_io,network_io,prediction
2025-10-19 06:09:02.834711,12.2,73.91,207.53,82.53,52.6016006347243
2025-10-19 06:09:03.834711,65.9,32.97,109.37,87.86,52.193638239174
2025-10-19 06:09:04.834710,24.49,96.66,279.34,100.72,53.12497868126922
2025-10-19 06:09:05.834710,40.86,92.25,56.53,128.75,52.21367901969111
2025-10-19 06:09:06.834709,92.47,75.93,191.13,146.21,53.12664793481403
2025-10-19 06:09:07.834709,33.62,40.1,268.27,97.78,53.12649102683026
2025-10-19 06:09:08.834708,43.91,29.38,85.56,42.54,51.63397034987363
2025-10-19 06:09:09.834708,93.38,68.92,73.34,28.89,51.37451487821914
2025-10-19 06:09:10.834708,31.71,54.42,205.74,106.46,52.854119840672496
2025-10-19 06:09:11.834707,74.9,91.07,285.21,39.56,52.57371287809771
2025-10-19 06:09:12.834707,40.21,66.92,262.34,141.88,53.47905471227088
2025-10-19 06:09:13.834706,70.13,65.17,276.51,16.37,52.34380395341217
2025-10-19 06:09:14.834706,33.1,82.66,160.16,93.2,52.438158402949306
2025-10-19 06:09:15.834705,56.37,69.95,64.35,121.37,52.2191588991735
2025-10-19 06:09:16.834705,13.56,63.21,272.68,115.61,53.286063647980086
2025-10-19 06:09:17.834704,60.67,27.29,248.03,142.74,53.47336892759054
2025-10-19 06:09:18.834704,45.58,50.17,261.4,148.39,53.563352394784005
2025-10-19 06:09:19.834704,38.89,37.05,72.33,127.37,52.37155800534812
2025-10-19 06:09:20.834703,83.8,97.96,157.09,10.9,51.60187508095966
2025-10-19 06:09:21.834703,69.0,54.12,158.39,128.86,52.81845481761024
2025-10-19 06:09:22.834702,38.96,47.03,68.09,146.64,52.51955170283301
2025-10-19 06:09:23.834702,23.42,29.25,288.77,115.1,53.42047007940567
2025-10-19 06:09:24.834701,13.75,95.85,233.75,66.08,52.547952899956606
2025-10-19 06:09:25.834701,84.89,61.08,254.09,54.65,52.60072657716753
2025-10-19 06:09:26.834700,45.12,71.29,203.5,21.44,51.9934939974997
2025-10-19 06:09:27.834700,59.48,34.97,193.25,35.62,52.13306889217064
2025-10-19 06:09:28.834699,24.07,29.47,281.61,82.38,53.065514705310456
2025-10-19 06:09:29.834699,23.41,90.03,177.5,40.39,52.00845732833956
2025-10-19 06:09:30.834698,85.05,66.08,162.34,140.84,52.93655536292341
2025-10-19 06:09:31.834698,83.72,70.68,156.06,32.16,51.84489483658951
2025-10-19 06:09:32.834698,67.15,78.92,163.06,22.38,51.77471877924767
2025-10-19 06:09:33.834697,22.3,46.06,235.76,42.97,52.41358813997607
2025-10-19 06:09:34.834697,54.19,31.61,85.69,90.27,52.092687283339885
2025-10-19 06:09:35.834696,91.42,98.56,197.1,71.62,52.40163223321856
2025-10-19 06:09:36.834696,38.93,88.97,133.94,34.58,51.72143698897694
2025-10-19 06:09:37.834695,64.2,69.71,126.58,27.56,51.64458725571424
2025-10-19 06:09:38.834695,23.48,74.35,159.32,59.75,52.12330487829821
2025-10-19 06:09:39.834694,78.64,59.24,51.64,22.63,51.213392658429825
2025-10-19 06:09:40.834694,23.63,84.53,86.35,80.41,51.91756784136753
2025-10-19 06:09:41.834694,51.95,34.19,194.72,71.95,52.49344200374964
2025-10-19 06:09:42.834693,71.0,74.33,169.42,88.79,52.458053760183695
2025-10-19 06:09:43.834693,32.06,50.83,213.21,112.88,52.96172223894118
2025-10-19 06:09:44.834692,31.85,40.35,270.21,69.06,52.858739723026
2025-10-19 06:09:45.834692,75.82,47.58,234.27,56.47,52.533782967364345
2025-10-19 06:09:46.834691,39.97,64.84,219.88,37.44,52.245792093297645
2025-10-19 06:09:47.834691,69.07,61.4,206.72,87.48,52.66483350748593
2025-10-19 06:09:48.834690,37.15,44.56,191.0,31.28,52.06399756577153
2025-10-19 06:09:49.834690,77.73,67.85,89.39,44.79,51.61561612731983
2025-10-19 06:09:50.834689,50.5,43.8,149.1,35.13,51.878774490083586
2025-10-19 06:09:51.834689,88.11,84.49,129.72,117.28,52.50564534725968
2025-10-19 06:09:52.834689,58.09,43.38,242.78,75.9,52.77369906620433
2025-10-19 06:09:53.834688,92.5,46.57,77.56,97.7,52.097589832622916
2025-10-19 06:09:54.834688,31.95,41.81,271.44,27.0,52.456300716075695
2025-10-19 06:09:55.834687,70.99,69.19,294.26,80.88,53.05600973681781
2025-10-19 06:09:56.834687,47.13,82.34,77.49,10.65,51.199167491223065
2025-10-19 06:09:57.834686,51.3,36.66,145.01,127.4,52.76040246027018
2025-10-19 06:09:58.834686,14.2,40.13,249.28,23.72,52.30894628556389
2025-10-19 06:09:59.834685,22.22,64.14,87.19,123.86,52.37429362222984
2025-10-19 06:10:00.834685,14.09,76.34,280.75,102.79,53.1845059255037
2025-10-19 06:10:01.834684,48.15,91.69,198.14,129.62,52.978837874404825
2025-10-19 06:10:02.834684,47.29,96.92,227.64,131.83,53.1494361991956
2025-10-19 06:10:03.834683,66.27,42.26,264.31,129.52,53.40886917913738
2025-10-19 06:10:04.834683,78.42,60.71,175.25,49.66,52.13223693145577
2025-10-19 06:10:05.834683,15.76,97.68,91.82,32.07,51.45863417906689
2025-10-19 06:10:06.834682,17.0,40.84,153.0,115.07,52.67724372001079
2025-10-19 06:10:07.834682,44.36,96.35,176.26,107.66,52.64236905486795
2025-10-19 06:10:08.834681,31.94,40.21,94.12,106.01,52.27634730209391
2025-10-19 06:10:09.834681,13.16,38.81,269.54,144.7,53.58900115168335
2025-10-19 06:10:10.834680,50.29,31.56,235.26,84.73,52.837548504519056
2025-10-19 06:10:11.834680,22.51,37.63,56.39,66.75,51.69938768779943
2025-10-19 06:10:12.834679,14.5,68.02,237.55,106.77,53.00550087106189
2025-10-19 06:10:13.834679,89.28,21.56,134.14,116.69,52.62258840195643
2025-10-19 06:10:14.834678,73.77,87.51,178.83,136.9,52.95274258693242
2025-10-19 06:10:15.834678,33.85,71.01,120.17,136.99,52.66647827239075
2025-10-19 06:10:16.834678,62.55,65.6,103.37,137.37,52.58899588463869
2025-10-19 06:10:17.834677,30.69,94.23,81.41,64.32,51.72034650146521
2025-10-19 06:10:18.834677,91.16,22.68,240.51,15.92,52.21417907139192
2025-10-19 06:10:19.834676,65.51,44.72,115.92,115.64,52.478727966280125
2025-10-19 06:10:20.834676,62.35,35.38,243.19,84.05,52.8672877861794
2025-10-19 06:10:21.834675,94.77,69.72,91.31,116.65,52.31778317923286
2025-10-19 06:10:22.834675,93.96,69.01,294.22,108.67,53.32479960316565
2025-10-19 06:10:23.834674,33.67,55.69,291.1,79.71,53.04907909021785
2025-10-19 06:10:24.834674,13.23,83.82,111.53,53.14,51.78939566541014
2025-10-19 06:10:25.834673,76.79,63.78,78.48,33.33,51.45297440570616
2025-10-19 06:10:26.834673,41.37,87.64,62.21,100.33,51.97644137374426
2025-10-19 06:10:27.834673,59.93,47.34,159.28,25.0,51.82958587258703
2025-10-19 06:10:28.834672,42.8,58.73,147.55,27.35,51.77177037288446
2025-10-19 06:10:29.834672,63.98,45.06,232.27,149.58,53.427416980636416
2025-10-19 06:10:30.834671,65.28,76.93,76.28,145.85,52.50856356572002
2025-10-19 06:10:31.834671,32.78,79.6,213.94,97.25,52.76919605941163
2025-10-19 06:10:32.834670,24.84,91.29,124.15,131.72,52.60484099612599
2025-10-19 06:10:33.834670,87.81,59.59,119.81,16.89,51.521205523270204
2025-10-19 06:10:34.834669,84.98,56.15,80.09,109.11,52.20634547157413
2025-10-19 06:10:35.834669,42.62,51.33,105.93,121.37,52.470407471121014
2025-10-19 06:10:36.834668,20.2,71.48,253.8,58.28,52.6179093010552
2025-10-19 06:10:37.834668,44.26,46.32,186.84,101.06,52.713771938955894
2025-10-19 06:10:38.834667,74.03,67.32,177.52,144.7,53.05295398305607
2025-10-19 06:10:39.834667,11.72,98.61,220.64,62.91,52.44297903848753
2025-10-19 06:10:40.834667,25.76,80.97,77.0,126.54,52.31932619635155
2025-10-19 06:10:41.834666,86.52,93.21,267.52,116.86,53.22338658302722
2025-10-19 06:10:42.834666,23.81,90.2,112.74,121.96,52.451278176935936
2025-10-19 06:10:43.834665,92.79,81.89,268.66,57.97,52.67784321090215
2025-10-19 06:10:44.834665,73.12,48.48,233.47,82.06,52.77554296458561
2025-10-19 06:10:45.834664,73.73,67.59,82.38,94.08,52.055226327434944
2025-10-19 06:10:46.834664,14.95,51.18,110.54,30.13,51.612989750475265
2025-10-19 06:10:47.834663,71.69,95.85,208.19,26.49,52.028700428547396
2025-10-19 06:10:48.834663,32.35,84.55,186.45,36.22,52.02453265623137
2025-10-19 06:10:49.834662,92.24,77.13,101.94,65.85,51.87163953369899
2025-10-19 06:10:50.834662,48.97,88.37,158.94,106.27,52.54904111836913
2025-10-19 06:10:51.834662,13.03,74.82,247.13,60.57,52.59919333730666
2025-10-19 06:10:52.834661,42.61,70.83,85.0,17.38,51.32244756564353
2025-10-19 06:10:53.834661,38.49,98.0,197.81,74.38,52.43299172082088
2025-10-19 06:10:54.834660,78.22,31.23,108.61,34.71,51.67837770078762
2025-10-19 06:10:55.834660,34.82,70.97,135.69,17.53,51.594243180280074
2025-10-19 06:10:56.834659,50.97,32.37,64.94,53.79,51.62798529012639
2025-10-19 06:10:57.834659,24.31,53.43,211.26,28.52,52.13148816366612
2025-10-19 06:10:58.834658,22.08,82.36,281.13,27.99,52.453767299078834
2025-10-19 06:10:59.834658,19.11,76.36,200.85,127.15,52.99354920678038
2025-10-19 06:11:00.834657,69.5,55.37,178.54,70.78,52.36242665960851
2025-10-19 06:11:01.834657,44.4,35.3,223.94,28.87,52.23109171221579
2025-10-19 06:11:02.834657,45.96,76.66,139.94,127.14,52.66786396403379
2025-10-19 06:11:03.834656,17.03,94.97,192.07,34.59,52.02236696924574
2025-10-19 06:11:04.834656,59.98,22.23,168.06,98.08,52.62263440522284
2025-10-19 06:11:05.834655,90.35,36.59,258.99,107.27,53.17424772166092
2025-10-19 06:11:06.834655,61.86,55.91,126.68,55.98,51.941655011799696
2025-10-19 06:11:07.834654,53.41,35.35,130.16,132.58,52.73328923748935
2025-10-19 06:11:08.834654,62.16,53.34,180.38,143.64,53.079975209221935
2025-10-19 06:11:09.834653,79.87,78.99,244.62,136.04,53.30900174889731
2025-10-19 06:11:10.834653,14.26,96.92,214.47,135.25,53.11220959500414
2025-10-19 06:11:11.834652,12.34,79.03,96.28,128.94,52.448496990453215
2025-10-19 06:11:12.834652,17.81,23.48,272.06,11.6,52.33954975248227
2025-10-19 06:11:13.834652,10.55,79.03,259.24,32.31,52.38394070504934
2025-10-19 06:11:14.834651,23.02,83.5,260.76,18.97,52.25602452072767
2025-10-19 06:11:15.834651,51.32,91.4,276.16,80.68,52.922504395258024
2025-10-19 06:11:16.834650,11.58,26.12,164.22,67.27,52.298092287732736
2025-10-19 06:11:17.834650,77.59,55.24,101.01,136.29,52.58226307330644
2025-10-19 06:11:18.834649,51.11,69.26,98.25,13.51,51.35822110965463
2025-10-19 06:11:19.834649,57.21,75.93,187.7,29.59,51.980663246006706
2025-10-19 06:11:20.834648,51.97,58.43,129.18,95.87,52.3367555123243
2025-10-19 06:11:21.834648,54.64,74.73,274.16,42.4,52.56791386537024
2025-10-19 06:11:22.834647,20.39,55.61,114.69,39.95,51.723124034749894
2025-10-19 06:11:23.834647,86.6,82.79,252.09,102.82,53.021666233690624
2025-10-19 06:11:24.834646,45.96,78.22,236.58,100.76,52.92615321644188
2025-10-19 06:11:25.834646,56.77,42.98,77.68,66.23,51.79957681929029
2025-10-19 06:11:26.834646,67.06,29.54,159.07,127.6,52.848591091399335
2025-10-19 06:11:27.834645,61.32,20.53,85.66,141.9,52.609212662438004
2025-10-19 06:11:28.834645,47.24,78.03,257.69,26.07,52.316902687156634
2025-10-19 06:11:29.834644,69.64,61.61,108.63,131.03,52.56204675019755
2025-10-19 06:11:30.834644,32.7,63.37,134.45,34.99,51.76841974922941
2025-10-19 06:11:31.834643,37.47,41.98,186.85,16.91,51.906954282175704
2025-10-19 06:11:32.834643,29.63,53.48,106.88,30.87,51.59698915768663
2025-10-19 06:11:33.834642,36.01,87.83,190.98,84.44,52.50982062579177
2025-10-19 06:11:34.834642,58.82,85.13,286.37,120.78,53.374624823246826
2025-10-19 06:11:35.834641,45.94,78.8,215.98,48.54,52.31033464621577
2025-10-19 06:11:36.834641,58.82,97.64,165.82,25.87,51.79373138726832
2025-10-19 06:11:37.834640,62.46,97.74,110.55,56.45,51.794260417381004
2025-10-19 06:11:38.834640,65.86,94.91,62.21,149.01,52.43571732208101
2025-10-19 06:11:39.834640,29.13,25.27,77.3,19.4,51.372594657555844
2025-10-19 06:11:40.834639,24.74,97.65,116.27,146.5,52.69568694512596
2025-10-19 06:11:41.834639,37.57,50.38,68.21,31.71,51.403584303612234
2025-10-19 06:11:42.834638,55.88,56.9,206.11,107.53,52.862537640583426
2025-10-19 06:11:43.834638,46.96,47.24,176.63,62.45,52.28448054783075
2025-10-19 06:11:44.834637,53.58,45.05,121.51,122.52,52.57457330305257
2025-10-19 06:11:45.834637,78.16,93.94,228.08,50.82,52.373135761499796
2025-10-19 06:11:46.834636,72.48,57.45,170.55,19.06,51.81638960949236
2025-10-19 06:11:47.834636,10.17,47.18,187.17,54.65,52.26541043270405
2025-10-19 06:11:48.834635,11.56,41.43,120.76,43.17,51.80898010737563
2025-10-19 06:11:49.834635,63.53,51.1,113.18,91.49,52.220537830941716
2025-10-19 06:11:50.834634,45.41,36.14,80.03,56.46,51.72841424052401
2025-10-19 06:11:51.834634,21.71,90.86,261.55,123.33,53.2577825968505
2025-10-19 06:11:52.834634,85.21,58.46,109.46,104.58,52.31567260920385
2025-10-19 06:11:53.834633,42.51,67.52,238.02,103.14,52.97369570762953
2025-10-19 06:11:54.834633,90.74,81.9,129.6,116.27,52.499315286981584
2025-10-19 06:11:55.834632,31.15,94.45,245.12,17.43,52.140416388741336
2025-10-19 06:11:56.834632,52.34,73.87,190.7,86.82,52.55331380020674
2025-10-19 06:11:57.834631,33.91,43.79,283.34,131.51,53.52727900089845
2025-10-19 06:11:58.834631,48.74,95.0,121.8,12.69,51.43547730230755
2025-10-19 06:11:59.834630,63.78,97.47,282.4,103.46,53.1665317902303
2025-10-19 06:12:00.834630,35.58,31.12,273.97,138.55,53.56528303404043
2025-10-19 06:12:01.834629,71.89,49.73,182.26,59.36,52.2807328378001
2025-10-19 06:12:02.834629,39.64,35.2,212.19,94.88,52.806826425616656
2025-10-19 06:12:03.834629,48.75,88.35,110.99,69.89,51.9413497510066
2025-10-19 06:12:04.834628,79.04,71.78,153.67,144.48,52.9165033602098
2025-10-19 06:12:05.834628,80.71,38.68,182.75,21.39,51.93358442571422
2025-10-19 06:12:06.834627,33.15,84.94,216.24,113.44,52.929619070195514
2025-10-19 06:12:07.834627,36.83,95.11,239.23,79.91,52.71209952622924
2025-10-19 06:12:08.834626,55.21,98.87,121.06,104.05,52.308856580914636
2025-10-19 06:12:09.834626,12.42,70.88,53.16,49.5,51.46300775063304
2025-10-19 06:12:10.834625,30.5,22.41,251.83,99.79,53.086021235404935
2025-10-19 06:12:11.834625,64.84,72.16,60.77,90.6,51.89903578229662
2025-10-19 06:12:12.834624,19.87,30.64,189.65,39.33,52.15654350195753
2025-10-19 06:12:13.834624,86.92,55.97,184.28,132.75,52.991349592832165
2025-10-19 06:12:14.834624,31.46,29.68,280.95,106.06,53.29063901302465
2025-10-19 06:12:15.834623,47.59,82.21,182.97,18.35,51.836843990007594
2025-10-19 06:12:16.834623,69.17,82.99,113.44,39.42,51.668229221788955
2025-10-19 06:12:17.834622,11.58,27.94,190.71,50.12,52.27078708539065
2025-10-19 06:12:18.834622,59.6,47.09,153.01,116.64,52.682640584087444
2025-10-19 06:12:19.834621,25.43,57.51,118.76,11.0,51.461920701589186
2025-10-19 06:12:20.834621,65.03,40.78,120.57,75.05,52.117258072671326
2025-10-19 06:12:21.834620,32.14,80.3,189.04,24.19,51.928720845342205
2025-10-19 06:12:22.834620,62.43,24.07,170.19,42.31,52.09183000834782
2025-10-19 06:12:23.834619,62.3,97.09,111.54,39.97,51.641211723103154
2025-10-19 06:12:24.834619,78.17,77.52,77.03,114.83,52.21168504224085
2025-10-19 06:12:25.834618,68.96,58.63,214.23,24.81,52.10328139949942
2025-10-19 06:12:26.834618,65.79,93.83,116.36,109.3,52.34246864565905
2025-10-19 06:12:27.834618,30.87,70.81,57.01,20.36,51.20189380026175
2025-10-19 06:12:28.834617,13.64,63.65,293.68,131.35,53.54966228917446
2025-10-19 06:12:29.834617,32.01,80.73,71.17,72.04,51.76158862331621
2025-10-19 06:12:30.834616,18.16,22.13,103.03,10.46,51.428428154050316
2025-10-19 06:12:31.834616,83.72,74.49,295.37,99.26,53.23132047566179
2025-10-19 06:12:32.834615,76.31,44.25,277.95,60.41,52.81027168137
2025-10-19 06:12:33.834615,61.58,23.69,127.25,36.98,51.8116900903719
2025-10-19 06:12:34.834614,63.98,74.79,193.5,74.2,52.44477989054061
2025-10-19 06:12:35.834614,46.64,21.71,143.5,91.41,52.427863529300154
2025-10-19 06:12:36.834614,60.81,81.95,269.27,148.7,53.55833360571855
2025-10-19 06:12:37.834613,48.5,56.76,72.17,131.09,52.3756503739068
2025-10-19 06:12:38.834613,85.34,98.64,126.4,102.86,52.32621476849295
2025-10-19 06:12:39.834612,33.27,95.34,77.14,114.51,52.181128100343635
2025-10-19 06:12:40.834612,50.25,22.6,252.07,54.59,52.649934259157746
2025-10-19 06:12:41.834611,43.19,81.69,283.64,121.15,53.369045586821755
2025-10-19 06:12:42.834611,24.87,70.89,267.26,122.51,53.31176548179679
2025-10-19 06:12:43.834610,49.59,76.43,174.21,131.08,52.88924578823978
2025-10-19 06:12:44.834610,58.54,47.08,176.17,98.9,52.63473643421737
2025-10-19 06:12:45.834609,77.55,97.2,88.62,44.73,51.56472722756285
2025-10-19 06:12:46.834609,44.29,35.85,101.51,60.8,51.88548981786386
2025-10-19 06:12:47.834608,60.56,41.25,79.75,60.13,51.75436391714631
2025-10-19 06:12:48.834608,90.99,32.33,76.59,69.59,51.84301262361868
2025-10-19 06:12:49.834608,57.28,81.64,130.52,20.03,51.57402644655189
2025-10-19 06:12:50.834607,77.35,72.56,70.34,93.67,51.97917335539518
2025-10-19 06:12:51.834607,46.49,76.87,52.94,142.24,52.3491697359572
2025-10-19 06:12:52.834606,56.28,46.26,288.82,95.84,53.207724379162954
2025-10-19 06:12:53.834606,28.93,58.19,225.36,70.06,52.600934467461755
2025-10-19 06:12:54.834605,56.81,66.67,102.13,122.35,52.43545455486819
2025-10-19 06:12:55.834605,29.32,56.99,231.5,33.41,52.281203230577454
2025-10-19 06:12:56.834604,86.68,50.57,167.61,51.41,52.12434018583262
2025-10-19 06:12:57.834604,33.77,97.22,262.81,29.53,52.34748225244579
2025-10-19 06:12:58.834603,73.49,59.43,143.17,69.36,52.153512321024486
2025-10-19 06:12:59.834603,53.56,88.43,163.52,10.85,51.6507135077634
2025-10-19 06:13:00.834603,27.93,53.66,176.75,87.87,52.52081851680735
2025-10-19 06:13:01.834602,92.32,37.31,234.58,98.18,52.95492506242616
2025-10-19 06:13:02.834602,21.47,61.24,138.67,38.91,51.83220248345644
2025-10-19 06:13:03.834601,79.49,85.63,172.22,98.1,52.545236877435414
2025-10-19 06:13:04.834601,37.68,42.43,124.81,70.19,52.09029792967914
2025-10-19 06:13:05.834600,88.75,71.87,234.0,79.59,52.71767052546661
2025-10-19 06:13:06.834600,33.16,52.92,82.55,35.17,51.50958514911865
2025-10-19 06:13:07.834599,53.97,86.93,131.8,22.51,51.59651262412177
2025-10-19 06:13:08.834599,40.42,40.9,199.07,114.54,52.91792993818971
2025-10-19 06:13:09.834598,75.48,47.04,289.29,96.83,53.21857827674049
2025-10-19 06:13:10.834598,76.87,37.08,215.3,44.98,52.33795090859605
2025-10-19 06:13:11.834598,94.33,30.74,277.97,107.81,53.28998622371706
2025-10-19 06:13:12.834597,10.91,38.0,181.96,96.98,52.66136815932497
2025-10-19 06:13:13.834597,92.0,87.91,88.88,46.7,51.5997872992355
2025-10-19 06:13:14.834596,71.36,50.45,68.25,63.35,51.709635883764
2025-10-19 06:13:15.834596,32.26,42.91,159.52,45.06,52.03181352141152
2025-10-19 06:13:16.834595,11.27,30.0,105.73,108.23,52.37585526756481
2025-10-19 06:13:17.834595,51.23,58.93,126.68,133.11,52.68272274618311
2025-10-19 06:13:18.834594,76.74,61.77,245.35,87.19,52.86764036234356
2025-10-19 06:13:19.834594,50.08,36.66,94.93,115.23,52.37541304878745
2025-10-19 06:13:20.834593,67.77,62.77,178.17,87.06,52.506225843687105
2025-10-19 06:13:21.834593,70.07,40.97,141.84,23.04,51.727571467567856
2025-10-19 06:13:22.834593,37.52,62.37,277.86,97.89,53.14368839670322
2025-10-19 06:13:23.834592,61.6,80.69,154.05,110.13,52.57235371697956
2025-10-19 06:13:24.834592,17.36,51.55,227.19,44.65,52.37544790846817
2025-10-19 06:13:25.834591,20.45,55.34,242.09,71.74,52.710964487878286
2025-10-19 06:13:26.834591,51.33,25.42,220.8,49.8,52.43226935004336
2025-10-19 06:13:27.834590,61.55,84.64,109.87,13.92,51.40000010049795
2025-10-19 06:13:28.834590,31.7,41.76,287.93,65.83,52.91987044849827
2025-10-19 06:13:29.834589,66.95,23.02,236.32,135.07,53.343419934852726
2025-10-19 06:13:30.834589,36.51,84.76,209.33,10.67,51.89926757241868
2025-10-19 06:13:31.834588,68.59,49.78,184.18,63.94,52.335189498838986
2025-10-19 06:13:32.834588,69.8,54.76,90.78,64.95,51.83858042106247
2025-10-19 06:13:33.834587,52.77,24.44,51.55,143.77,52.4390730774289
2025-10-19 06:13:34.834587,26.11,24.83,187.69,117.07,52.90694690706811
2025-10-19 06:13:35.834587,48.73,97.47,51.81,102.38,51.9252795871149
2025-10-19 06:13:36.834586,30.31,61.45,214.4,92.99,52.75902782890664
2025-10-19 06:13:37.834586,49.19,75.07,118.91,34.35,51.660867535774656
2025-10-19 06:13:38.834585,91.14,91.98,91.14,52.62,51.662688384759456
2025-10-19 06:13:39.834585,90.31,56.76,296.87,109.1,53.36238459840589
2025-10-19 06:13:40.834584,40.49,92.37,191.92,142.73,53.071336654442526
2025-10-19 06:13:41.834584,46.01,50.49,106.75,108.8,52.354558845297035
2025-10-19 06:13:42.834582,31.67,38.53,262.21,47.84,52.61371297764121
2025-10-19 06:13:43.834582,72.04,70.72,125.2,64.18,51.98973469357921
2025-10-19 06:13:44.834581,45.79,89.28,94.95,102.92,52.17365904508082
2025-10-19 06:13:45.834581,86.3,30.56,75.48,53.19,51.68129138518802
2025-10-19 06:13:46.834580,22.86,38.36,253.3,116.45,53.22985793823038
2025-10-19 06:13:47.834580,74.47,81.07,121.84,114.48,52.44189288266977
2025-10-19 06:13:48.834580,41.42,41.8,91.32,76.26,51.97122653185045
2025-10-19 06:13:49.834579,58.65,23.56,133.89,39.65,51.873154732086704
2025-10-19 06:13:50.834579,29.22,44.21,116.77,126.46,52.58869353656071
2025-10-19 06:13:51.834578,29.8,80.31,245.27,126.41,53.21727456830534
2025-10-19 06:13:52.834578,66.82,92.46,160.09,109.6,52.58094149285932
2025-10-19 06:13:53.834577,61.9,40.86,52.94,109.01,52.08452869054154
2025-10-19 06:13:54.834577,50.11,69.15,195.46,58.94,52.316560282205
2025-10-19 06:13:55.834576,79.74,85.32,199.93,121.73,52.92212537539173
2025-10-19 06:13:56.834576,27.28,34.46,210.89,131.04,53.150707437846414
2025-10-19 06:13:57.834575,76.04,45.39,98.51,98.93,52.22316470649553
2025-10-19 06:13:58.834575,68.67,79.62,68.81,122.07,52.23451240736727
2025-10-19 06:13:59.834575,41.89,53.39,212.67,135.35,53.17208772152437
2025-10-19 06:14:00.834574,65.71,46.41,259.05,48.97,52.59536911284
2025-10-19 06:14:01.834574,15.16,48.5,100.21,74.63,51.99237047564663
2025-10-19 06:14:02.834573,59.68,49.12,232.44,37.48,52.33796403686497
2025-10-19 06:14:03.834573,81.61,39.51,58.73,26.36,51.31836071098958
2025-10-19 06:14:04.834572,74.06,60.87,99.03,43.38,51.66442380835143
2025-10-19 06:14:05.834572,11.78,89.58,71.21,77.4,51.79970109223522
2025-10-19 06:14:06.834571,46.75,39.52,168.51,95.81,52.57587066739425
2025-10-19 06:14:07.834571,65.0,53.0,105.69,18.29,51.46974849409316
2025-10-19 06:14:08.834570,20.86,87.75,270.13,39.43,52.49718992992293
2025-10-19 06:14:09.834570,41.73,34.83,64.79,103.51,52.104088283951164
2025-10-19 06:14:10.834570,87.34,69.62,125.81,105.65,52.39572321266393
2025-10-19 06:14:11.834569,41.39,64.22,93.58,11.78,51.324499029465144
2025-10-19 06:14:12.834569,59.86,43.42,105.08,149.97,52.75487377177922
2025-10-19 06:14:13.834568,51.73,30.67,224.68,43.55,52.38428019150057
2025-10-19 06:14:14.834568,68.26,64.01,134.82,96.29,52.36213785687678
2025-10-19 06:14:15.834567,25.85,49.12,82.89,97.36,52.118737967309656
2025-10-19 06:14:16.834567,69.18,66.7,220.77,17.77,52.05741250036189
2025-10-19 06:14:17.834566,83.61,52.04,213.61,68.13,52.52923509339727
2025-10-19 06:14:18.834566,28.14,56.19,160.17,137.41,52.90737317896902
2025-10-19 06:14:19.834565,24.29,98.81,141.59,94.98,52.33082912322177
2025-10-19 06:14:20.834565,32.59,34.38,77.99,18.31,51.3513979924338
2025-10-19 06:14:21.834564,23.3,56.23,133.55,109.44,52.49476136347415
2025-10-19 06:14:22.834564,90.28,61.28,93.63,146.51,52.632187867042106
2025-10-19 06:14:23.834564,78.53,90.38,156.23,143.28,52.889286588061765
2025-10-19 06:14:24.834563,60.56,96.23,264.57,57.56,52.62947560124023
2025-10-19 06:14:25.834563,73.68,65.73,210.93,123.65,53.03024117799907
2025-10-19 06:14:26.834562,71.16,98.43,173.6,137.41,52.912569441575414
2025-10-19 06:14:27.834562,79.72,45.68,173.14,106.0,52.68942167314119
2025-10-19 06:14:28.834561,58.48,75.21,105.62,49.98,51.740846676713794
2025-10-19 06:14:29.834561,94.23,80.22,157.67,48.18,51.99337996311904
2025-10-19 06:14:30.834560,32.84,20.78,196.82,112.36,52.9165104829824
2025-10-19 06:14:31.834560,75.95,66.91,212.22,120.54,53.00519669054601
2025-10-19 06:14:32.834559,16.76,98.77,247.33,134.2,53.27453964413063
2025-10-19 06:14:33.834559,59.16,68.62,113.85,141.14,52.676635443784036
2025-10-19 06:14:34.834559,30.73,28.86,127.2,34.34,51.777757385314246
2025-10-19 06:14:35.834558,42.37,38.58,59.32,48.03,51.53251548324817
2025-10-19 06:14:36.834558,60.73,71.84,270.37,41.47,52.54324041765752
2025-10-19 06:14:37.834557,35.43,58.15,127.7,56.5,51.94860174310908
2025-10-19 06:14:38.834557,14.54,76.74,127.65,122.06,52.55301639976409
2025-10-19 06:14:39.834556,29.21,56.71,186.84,144.6,53.11843472542527
2025-10-19 06:14:40.834556,87.37,89.1,108.53,16.28,51.40864774392061
2025-10-19 06:14:41.834555,48.16,38.34,213.4,39.43,52.27215940214572
2025-10-19 06:14:42.834555,32.97,35.19,222.05,56.06,52.48409493960422
2025-10-19 06:14:43.834554,13.64,59.83,142.98,145.21,52.88531277137916
2025-10-19 06:14:44.834554,89.73,79.12,294.35,73.33,52.96785370224797
2025-10-19 06:14:45.834553,26.88,78.59,174.0,25.94,51.868056136551175
2025-10-19 06:14:46.834553,22.67,43.67,285.33,117.99,53.4073559184988
2025-10-19 06:14:47.834553,22.1,90.73,265.83,18.84,52.2704488846177
2025-10-19 06:14:48.834552,37.13,23.59,66.97,31.88,51.44077858856601
2025-10-19 06:14:49.834552,62.21,56.56,159.35,59.85,52.15243454277558
2025-10-19 06:14:50.834551,46.79,45.04,52.91,19.05,51.20790575267198
2025-10-19 06:14:51.834551,78.63,75.76,299.91,19.86,52.485782806233956
2025-10-19 06:14:52.834550,17.94,58.92,190.58,147.0,53.15812606318441
2025-10-19 06:14:53.834550,64.63,69.56,89.44,121.16,52.35166381907625
2025-10-19 06:14:54.834549,25.32,91.03,216.1,87.94,52.672709255516615
2025-10-19 06:14:55.834549,69.38,21.05,140.38,70.95,52.2144075557199
2025-10-19 06:14:56.834548,64.48,62.07,155.51,92.89,52.442750671395565
2025-10-19 06:14:57.834548,61.47,55.78,109.34,25.15,51.551188941803005
2025-10-19 06:14:58.834547,67.25,46.1,123.9,55.13,51.93403867612048
2025-10-19 06:14:59.834547,94.49,78.77,201.68,31.92,52.07334359491786
2025-10-19 06:15:00.834547,39.99,76.54,250.71,74.6,52.75126016663937
2025-10-19 06:15:01.834546,42.03,40.78,257.35,54.6,52.64959730097984
2025-10-19 06:15:02.834546,84.45,40.68,91.9,92.18,52.13002641516794
2025-10-19 06:15:03.834545,62.09,73.25,67.38,148.51,52.492572334110214
2025-10-19 06:15:04.834545,36.64,94.15,222.72,84.97,52.67441452082932
2025-10-19 06:15:05.834544,91.89,28.87,261.95,85.77,52.994301092971725
2025-10-19 06:15:06.834544,74.17,56.6,217.39,47.54,52.343135250403435
2025-10-19 06:15:07.834543,85.87,72.8,156.33,111.51,52.61028705319257
2025-10-19 06:15:08.834543,37.23,26.79,216.82,35.3,52.26865886437087
2025-10-19 06:15:09.834542,48.11,47.25,288.81,46.82,52.732105613021055
2025-10-19 06:15:10.834542,93.06,77.23,68.27,125.31,52.26672180519867
2025-10-19 06:15:11.834541,85.15,39.61,269.66,64.5,52.81287514029055
2025-10-19 06:15:12.834541,69.69,86.31,58.22,38.02,51.354720708668545
2025-10-19 06:15:13.834541,11.88,97.29,81.58,108.97,52.14818789543501
2025-10-19 06:15:14.834540,14.72,41.9,224.06,126.35,53.16394254167604
2025-10-19 06:15:15.834540,27.19,76.8,223.64,115.84,53.00513775568687
2025-10-19 06:15:16.834539,50.93,23.6,271.27,99.13,53.181530058193644
2025-10-19 06:15:17.834539,55.41,33.36,298.7,13.61,52.485629072132824
2025-10-19 06:15:18.834538,46.67,92.31,100.72,22.02,51.41741183659749
2025-10-19 06:15:19.834538,47.57,39.76,277.27,56.79,52.77870542442659
2025-10-19 06:15:20.834537,63.4,31.27,200.7,87.35,52.67887028829193
2025-10-19 06:15:21.834537,62.62,73.95,258.9,77.47,52.82680429414708
2025-10-19 06:15:22.834536,31.53,24.74,144.84,32.1,51.856738633362596
2025-10-19 06:15:23.834536,38.85,37.95,149.13,20.61,51.74773932169601
2025-10-19 06:15:24.834536,61.31,50.87,154.67,135.04,52.86347299905426
2025-10-19 06:15:25.834535,91.43,93.5,212.03,67.69,52.45128632845347
2025-10-19 06:15:26.834535,35.62,52.97,113.6,91.55,52.22041632791057
2025-10-19 06:15:27.834534,33.43,64.42,174.51,133.52,52.93334555881293
2025-10-19 06:15:28.834534,58.01,41.68,90.17,148.8,52.66671475235708
2025-10-19 06:15:29.834533,82.33,35.31,58.23,104.85,52.081275096503234
2025-10-19 06:15:30.834533,25.19,20.88,293.52,131.09,53.61361679606467
2025-10-19 06:15:31.834532,59.01,93.78,138.81,16.07,51.560874577092285
2025-10-19 06:15:32.834532,22.83,68.2,211.71,81.01,52.61820201838129
2025-10-19 06:15:33.834531,55.79,36.87,219.92,86.67,52.7660698197767
2025-10-19 06:15:34.834531,82.5,96.55,213.66,35.29,52.141888604451836
2025-10-19 06:15:35.834531,77.24,88.24,66.83,147.6,52.45724203537019
2025-10-19 06:15:36.834530,11.85,90.26,275.87,126.33,53.364171198206236
2025-10-19 06:15:37.834530,24.31,74.6,133.46,76.34,52.14529947844296
2025-10-19 06:15:38.834529,76.9,27.83,124.02,18.47,51.60894732646402
2025-10-19 06:15:39.834529,49.54,33.46,190.09,63.48,52.38797566667635
2025-10-19 06:15:40.834528,87.33,95.67,93.25,102.92,52.154526780164595
2025-10-19 06:15:41.834528,56.02,88.49,69.38,92.34,51.93611374108438
2025-10-19 06:15:42.834527,37.72,71.72,171.92,73.3,52.32572305130192
2025-10-19 06:15:43.834527,80.35,50.2,99.5,124.72,52.470258448938004
2025-10-19 06:15:44.834526,90.08,80.74,118.25,62.24,51.91810676069778
2025-10-19 06:15:45.834526,37.56,93.19,162.89,80.07,52.30919258895136
2025-10-19 06:15:46.834525,80.71,39.81,90.33,90.38,52.10561033687572
2025-10-19 06:15:47.834525,16.92,96.27,99.52,115.31,52.306856587080205
2025-10-19 06:15:48.834525,34.01,93.09,269.86,67.07,52.75461286261867
2025-10-19 06:15:49.834524,52.73,53.02,273.84,136.65,53.511744808122394
2025-10-19 06:15:50.834524,55.77,45.37,230.21,97.46,52.911950424968964
2025-10-19 06:15:51.834523,83.72,31.08,144.04,120.96,52.70173555195893
2025-10-19 06:15:52.834523,47.33,73.83,95.11,40.74,51.597572448314494
2025-10-19 06:15:53.834522,59.15,68.85,196.04,78.96,52.51371506843789
2025-10-19 06:15:54.834522,11.83,41.5,68.21,17.73,51.2823800345395
2025-10-19 06:15:55.834521,48.4,85.59,115.79,64.42,51.91842181058387
2025-10-19 06:15:56.834521,34.06,20.75,69.38,56.5,51.696179861926005
2025-10-19 06:15:57.834520,12.05,70.96,220.93,28.79,52.158120747605615
2025-10-19 06:15:58.834520,77.64,45.46,135.41,33.7,51.78926147979614
2025-10-19 06:15:59.834520,64.52,33.08,235.18,96.87,52.95211867304516
2025-10-19 06:16:00.834519,34.95,77.7,157.4,57.37,52.084769672473605
2025-10-19 06:16:01.834519,79.97,47.65,266.46,18.12,52.3346600484332
2025-10-19 06:16:02.834518,19.36,66.62,71.57,103.41,52.08927115118375
2025-10-19 06:16:03.834518,54.15,74.89,211.06,26.01,52.07237039281732
2025-10-19 06:16:04.834517,68.29,77.08,116.56,136.53,52.633206747102065
2025-10-19 06:16:05.834517,37.74,55.27,269.64,56.73,52.712985260438046
2025-10-19 06:16:06.834516,36.21,63.33,173.73,42.6,52.051731810780936
2025-10-19 06:16:07.834516,15.89,86.69,54.14,61.16,51.55610103900504
2025-10-19 06:16:08.834515,63.83,28.37,133.68,128.7,52.72554641683305
2025-10-19 06:16:09.834515,35.94,64.5,160.15,91.31,52.44841432744357
2025-10-19 06:16:10.834514,92.59,32.32,112.5,85.47,52.18825772383157
2025-10-19 06:16:11.834514,16.21,45.88,50.97,94.52,51.92599825282793
2025-10-19 06:16:12.834514,35.35,27.81,153.45,66.5,52.23049997684222
2025-10-19 06:16:13.834513,23.46,66.73,146.49,18.25,51.66552599621872
2025-10-19 06:16:14.834513,23.83,48.19,249.3,93.59,52.971985717814036
2025-10-19 06:16:15.834512,74.2,39.03,225.25,24.03,52.1854115953131
2025-10-19 06:16:16.834512,73.27,39.55,167.71,64.76,52.271310169619774
2025-10-19 06:16:17.834511,87.05,70.86,131.76,76.46,52.14327282461391
2025-10-19 06:16:18.834511,36.19,67.51,260.71,92.15,52.98855311284673
2025-10-19 06:16:19.834510,10.11,96.99,272.02,65.7,52.74675590244158
2025-10-19 06:16:20.834510,83.92,66.42,219.95,134.33,53.18057272950519
2025-10-19 06:16:21.834509,73.65,77.23,50.27,54.73,51.48815900093704
2025-10-19 06:16:22.834509,66.7,43.72,80.66,140.77,52.53509517884717
2025-10-19 06:16:23.834509,17.61,94.22,135.07,113.36,52.48098106042845
2025-10-19 06:16:24.834508,82.75,43.21,126.83,34.94,51.75899646055074
2025-10-19 06:16:25.834508,79.5,74.36,171.18,24.67,51.84738176714376
2025-10-19 06:16:26.834507,44.13,32.61,251.84,67.78,52.76049314129127
2025-10-19 06:16:27.834507,43.64,30.89,179.91,124.49,52.92763009200396
2025-10-19 06:16:28.834506,24.07,75.78,115.36,96.24,52.239256970249905
2025-10-19 06:16:29.834506,33.73,80.38,56.35,127.14,52.21583419836603
2025-10-19 06:16:30.834505,90.05,36.08,70.1,83.07,51.932815643339524
2025-10-19 06:16:31.834505,94.28,47.49,231.91,126.91,53.20245910785227
2025-10-19 06:16:32.834504,34.5,20.1,53.43,50.04,51.549601419949845
2025-10-19 06:16:33.834504,18.63,97.33,127.87,142.82,52.722523023678555
2025-10-19 06:16:34.834504,46.03,73.45,82.14,42.4,51.54499290439318
2025-10-19 06:16:35.834503,67.88,65.62,78.01,67.2,51.77508105056935
2025-10-19 06:16:36.834503,37.66,23.75,222.81,83.5,52.77149448489051
2025-10-19 06:16:37.834502,61.29,90.53,232.95,90.9,52.79205792120633
2025-10-19 06:16:38.834502,28.77,31.82,103.05,55.84,51.85209172411451
2025-10-19 06:16:39.834501,69.78,28.58,79.76,61.85,51.79099248990484
2025-10-19 06:16:40.834501,40.33,69.48,268.83,45.1,52.573836112601576
2025-10-19 06:16:41.834500,45.66,24.6,258.95,69.93,52.83184186316307
2025-10-19 06:16:42.834500,73.28,89.48,172.15,131.03,52.85722523069526
2025-10-19 06:16:43.834499,76.96,49.12,191.77,62.03,52.35827208802204
2025-10-19 06:16:44.834499,29.83,25.21,299.14,82.63,53.168206650865564
2025-10-19 06:16:45.834498,83.58,31.96,81.79,149.28,52.641926561895914
2025-10-19 06:16:46.834498,38.87,79.45,216.79,83.62,52.652846915459996
2025-10-19 06:16:47.834498,76.54,31.09,262.17,25.67,52.41083398148821
2025-10-19 06:16:48.834497,55.81,22.67,168.19,103.22,52.67233779995384
2025-10-19 06:16:49.834497,72.71,41.48,153.45,144.71,52.96524718793885
2025-10-19 06:16:50.834496,48.06,76.37,292.95,135.57,53.56654972548643
2025-10-19 06:16:51.834496,21.52,98.13,133.37,111.61,52.44883055305783
2025-10-19 06:16:52.834495,53.63,72.16,119.66,74.21,52.05488421517356
2025-10-19 06:16:53.834495,88.95,39.26,57.34,84.66,51.875076467690356
2025-10-19 06:16:54.834494,20.4,43.97,261.32,149.34,53.58187075242585
2025-10-19 06:16:55.834494,18.28,70.78,296.46,107.88,53.326330814528326
2025-10-19 06:16:56.834494,82.69,78.35,206.04,27.31,52.05269969571733
2025-10-19 06:16:57.834493,38.88,23.78,187.15,40.42,52.16453737845356
2025-10-19 06:16:58.834493,10.69,51.05,199.57,131.21,53.06581537745623
2025-10-19 06:16:59.834492,38.31,49.26,53.95,132.98,52.30847950873098
2025-10-19 06:17:00.834492,93.6,22.29,294.41,135.05,53.654439758331584
2025-10-19 06:17:01.834491,53.44,58.65,186.87,64.84,52.34428854782139
2025-10-19 06:17:02.834491,73.4,48.7,156.56,42.22,51.97943839971611
2025-10-19 06:17:03.834490,90.41,21.6,107.13,99.38,52.31097355093672
2025-10-19 06:17:04.834490,15.64,93.54,100.61,76.56,51.942272227206466
2025-10-19 06:17:05.834489,72.15,24.99,210.55,84.12,52.7100982388141
2025-10-19 06:17:06.834489,18.34,54.88,221.9,69.66,52.583808474190086
2025-10-19 06:17:07.834488,45.1,47.4,113.62,141.69,52.7141277027316
2025-10-19 06:17:08.834488,92.46,33.87,296.51,55.69,52.88003642465631
2025-10-19 06:17:09.834488,84.58,75.63,255.06,69.41,52.7257257746927
2025-10-19 06:17:10.834487,48.57,20.74,87.75,65.57,51.88195213105962
2025-10-19 06:17:11.834487,68.38,83.69,163.24,24.4,51.787704006280684
2025-10-19 06:17:12.834486,56.28,69.82,280.96,42.88,52.61657997868186
2025-10-19 06:17:13.834486,45.86,59.62,193.08,111.62,52.82825553487124
2025-10-19 06:17:14.834485,33.74,41.59,291.68,96.22,53.23401540557833
2025-10-19 06:17:15.834485,73.46,39.75,266.76,115.7,53.292262525076254
2025-10-19 06:17:16.834484,57.44,64.23,101.03,128.68,52.49463284171024
2025-10-19 06:17:17.834484,93.11,61.56,205.98,111.56,52.893477372960035
2025-10-19 06:17:18.834483,30.13,65.86,79.33,147.22,52.555515714701855
2025-10-19 06:17:19.834483,89.17,29.5,98.53,65.88,51.92870082071691
2025-10-19 06:17:20.834482,26.61,20.69,64.34,128.96,52.3700366026405
2025-10-19 06:17:21.834482,54.79,64.92,175.81,101.73,52.63209876557712
2025-10-19 06:17:22.834482,92.76,38.97,60.55,17.3,51.24131804812803
2025-10-19 06:17:23.834481,79.77,44.82,278.41,128.79,53.47304160312477
2025-10-19 06:17:24.834481,61.13,31.78,72.05,108.6,52.196859124969784
2025-10-19 06:17:25.834480,75.21,26.62,295.67,57.66,52.90601399305335
2025-10-19 06:17:26.834480,68.66,42.3,147.09,19.79,51.722074215697916
2025-10-19 06:17:27.834479,80.1,83.05,143.38,132.43,52.72731976320311
2025-10-19 06:17:28.834479,25.98,40.17,189.65,138.57,53.10116042437705
2025-10-19 06:17:29.834478,17.02,22.68,236.33,43.24,52.45604298763825
2025-10-19 06:17:30.834478,55.72,43.89,190.16,104.12,52.764907092425496
2025-10-19 06:17:31.834478,66.81,88.64,276.0,11.94,52.26130188519957
2025-10-19 06:17:32.834477,60.52,65.73,223.87,132.0,53.18005210101895
2025-10-19 06:17:33.834477,36.07,91.27,149.93,77.2,52.21528688674278
2025-10-19 06:17:34.834476,59.96,62.97,146.69,136.62,52.817110463219116
2025-10-19 06:17:35.834476,65.57,82.28,266.25,133.93,53.3988734798295
2025-10-19 06:17:36.834475,26.98,85.55,245.35,46.9,52.440618284383
2025-10-19 06:17:37.834475,82.29,59.81,286.19,43.78,52.66895495757756
2025-10-19 06:17:38.834474,21.45,89.67,140.58,136.13,52.73773181503594
2025-10-19 06:17:39.834474,70.09,56.29,135.06,131.33,52.71439577975639
2025-10-19 06:17:40.834473,15.82,43.38,91.09,53.67,51.74907408000563
2025-10-19 06:17:41.834473,85.64,40.18,55.77,140.92,52.40926367397789
2025-10-19 06:17:42.834472,87.36,32.08,169.42,63.48,52.279818624786365
2025-10-19 06:17:43.834472,85.79,31.98,135.69,38.43,51.857711905962496
2025-10-19 06:17:44.834472,61.78,76.71,81.55,46.77,51.57896869120972
2025-10-19 06:17:45.834471,81.57,91.43,146.05,37.83,51.81363016752072
2025-10-19 06:17:46.834471,11.78,77.78,297.47,143.78,53.6678444452033
2025-10-19 06:17:47.834470,32.69,65.74,92.14,139.59,52.550300354629464
2025-10-19 06:17:48.834470,81.29,98.29,221.81,47.36,52.299364470997375
2025-10-19 06:17:49.834469,54.31,23.17,208.61,129.64,53.14277122315155
2025-10-19 06:17:50.834469,77.13,94.14,208.34,135.03,53.081738360356056
2025-10-19 06:17:51.834468,74.43,75.6,114.8,129.52,52.55835772892639
2025-10-19 06:17:52.834468,69.57,42.36,152.73,133.29,52.849591309151634
2025-10-19 06:17:53.834467,20.93,30.62,109.9,62.43,51.95426661318382
2025-10-19 06:17:54.834467,78.58,47.47,107.41,38.41,51.68218751505498
2025-10-19 06:17:55.834467,34.37,69.11,291.34,126.98,53.48632136145935
2025-10-19 06:17:56.834466,11.16,58.24,151.78,19.53,51.719503132883034
2025-10-19 06:17:57.834466,65.99,78.79,276.03,129.54,53.41411934744593
2025-10-19 06:17:58.834465,53.63,96.49,123.65,99.46,52.282043594737935
2025-10-19 06:17:59.834465,62.39,66.77,85.99,133.9,52.46083211205394
2025-10-19 06:18:00.834464,39.03,52.76,196.58,94.73,52.6944147082725
2025-10-19 06:18:01.834464,79.4,57.84,285.05,119.75,53.40057552706773
2025-10-19 06:18:02.834463,37.76,90.88,81.34,79.73,51.87425554041888
2025-10-19 06:18:03.834463,64.11,23.48,62.57,71.73,51.80280229379427
2025-10-19 06:18:04.834462,26.33,22.8,184.37,113.11,52.85412937129664
2025-10-19 06:18:05.834462,37.44,95.72,102.19,28.76,51.485064185682596
2025-10-19 06:18:06.834462,40.75,64.51,135.33,11.69,51.54601921404738
2025-10-19 06:18:07.834461,11.2,95.96,94.92,17.8,51.339902138921296
2025-10-19 06:18:08.834461,81.02,28.58,98.32,70.13,51.97012413532611
2025-10-19 06:18:09.834460,29.89,79.19,87.03,20.54,51.35067998371692
2025-10-19 06:18:10.834460,82.24,23.03,241.62,95.68,52.99080556856906
2025-10-19 06:18:11.834459,74.9,53.09,118.07,120.47,52.52373350546477
2025-10-19 06:18:12.834459,78.53,50.35,128.93,132.22,52.69963191214672
2025-10-19 06:18:13.834458,18.38,91.67,230.83,33.26,52.2215880738715
2025-10-19 06:18:14.834458,19.63,52.92,122.73,96.87,52.320670412931996
2025-10-19 06:18:15.834457,80.82,24.43,222.76,128.27,53.20306822390845
2025-10-19 06:18:16.834457,14.25,63.72,106.21,114.01,52.381230633703815
2025-10-19 06:18:17.834457,68.59,82.95,92.64,37.14,51.53522220141039
2025-10-19 06:18:18.834456,21.22,40.04,119.25,123.74,52.58219325724671
2025-10-19 06:18:19.834456,67.34,91.52,286.76,57.82,52.75784602553818
2025-10-19 06:18:20.834455,30.03,60.55,72.07,48.89,51.574304299350274
2025-10-19 06:18:21.834455,77.33,34.8,271.01,50.88,52.69595134668818
2025-10-19 06:18:22.834454,37.9,80.75,69.71,113.23,52.15205774817706
2025-10-19 06:18:23.834454,82.5,61.69,163.61,120.6,52.75453025666189
2025-10-19 06:18:24.834453,12.88,23.6,140.44,106.58,52.555244185044636
2025-10-19 06:18:25.834453,94.19,36.48,65.09,28.11,51.37399949757986
2025-10-19 06:18:26.834452,46.21,25.11,152.69,57.51,52.14376302542912
2025-10-19 06:18:27.834452,81.6,86.08,269.42,78.02,52.86918132462149
2025-10-19 06:18:28.834452,52.86,49.42,169.16,96.94,52.574683647374734
2025-10-19 06:18:29.834451,85.53,52.79,247.22,41.77,52.452560581919904
2025-10-19 06:18:30.834451,11.85,63.38,225.86,32.79,52.23504542696517
2025-10-19 06:18:31.834450,23.65,62.7,176.79,44.21,52.08462484593281
2025-10-19 06:18:32.834450,58.03,60.25,248.95,122.48,53.23049102332425
2025-10-19 06:18:33.834449,71.34,83.21,54.96,119.22,52.127376505776546
2025-10-19 06:18:34.834449,39.85,85.34,52.23,98.76,51.9116105823098
2025-10-19 06:18:35.834448,40.39,84.86,219.18,88.75,52.70669361535182
2025-10-19 06:18:36.834448,43.55,93.82,147.78,142.19,52.828228725276034
2025-10-19 06:18:37.834447,76.05,93.67,74.39,31.03,51.3618544570205
2025-10-19 06:18:38.834447,62.98,41.99,170.29,64.63,52.27998354071845
2025-10-19 06:18:39.834446,68.37,44.21,56.99,31.04,51.34692914607154
2025-10-19 06:18:40.834446,93.6,97.76,142.59,17.37,51.58735669711728
2025-10-19 06:18:41.834446,60.26,79.28,275.62,63.45,52.77209133924891
2025-10-19 06:18:42.834445,74.86,96.72,292.74,105.8,53.24553066951809
2025-10-19 06:18:43.834445,30.05,67.44,229.25,10.12,52.02753802419361
2025-10-19 06:18:44.834444,63.57,46.15,154.34,93.26,52.46514246812345
2025-10-19 06:18:45.834444,87.58,25.69,201.82,85.75,52.67816025819386
2025-10-19 06:18:46.834443,17.7,98.53,239.21,129.32,53.18438771817262
2025-10-19 06:18:47.834443,65.57,95.34,292.49,117.89,53.36327473467989
2025-10-19 06:18:48.834442,69.22,66.72,131.37,145.03,52.81075681306515
2025-10-19 06:18:49.834442,69.4,57.12,124.05,147.5,52.8106802822647
2025-10-19 06:18:50.834441,29.21,58.74,235.3,87.93,52.82592193118509
2025-10-19 06:18:51.834441,70.69,97.52,102.27,83.03,52.00743070444404
2025-10-19 06:18:52.834440,40.48,75.68,260.19,36.66,52.43634763297776
2025-10-19 06:18:53.834440,44.82,33.92,197.39,77.54,52.562171966532134
2025-10-19 06:18:54.834440,17.16,62.03,282.2,35.57,52.56477534679623
2025-10-19 06:18:55.834439,25.01,59.97,194.27,13.44,51.88468852858426
2025-10-19 06:18:56.834439,59.39,69.47,233.94,13.55,52.08254321852772
2025-10-19 06:18:57.834438,52.1,31.62,281.42,79.4,53.03230071051617
2025-10-19 06:18:58.834438,76.18,87.29,297.8,63.21,52.87555148120486
2025-10-19 06:18:59.834437,32.5,96.5,144.2,29.36,51.7138729391326
2025-10-19 06:19:00.834437,57.96,85.03,66.2,23.7,51.260860335049784
2025-10-19 06:19:01.834436,51.09,75.93,227.99,114.01,53.01203048179372
2025-10-19 06:19:02.834436,32.41,29.67,122.11,91.07,52.29787395005632
2025-10-19 06:19:03.834435,84.02,59.37,295.7,142.82,53.67809240951889
2025-10-19 06:19:04.834435,61.28,50.75,195.63,119.88,52.93569992571075
2025-10-19 06:19:05.834434,18.47,65.53,282.47,32.58,52.53179499073044
2025-10-19 06:19:06.834434,65.52,27.47,253.45,43.56,52.54297810914084
2025-10-19 06:19:07.834434,80.05,76.94,299.77,35.95,52.63876308085062
2025-10-19 06:19:08.834433,37.96,54.08,67.34,24.56,51.32397839884526
2025-10-19 06:19:09.834433,82.83,25.12,173.08,135.96,53.01116735309732
2025-10-19 06:19:10.834432,53.98,37.04,73.15,56.49,51.69056463501924
2025-10-19 06:19:11.834432,80.24,82.36,81.37,92.69,52.01314556282473
2025-10-19 06:19:12.834431,38.85,93.06,230.46,146.32,53.31067772806428
2025-10-19 06:19:13.834431,23.91,31.74,221.78,42.79,52.35976780991577
2025-10-19 06:19:14.834430,58.98,83.56,51.98,50.85,51.4498042626509
2025-10-19 06:19:15.834430,71.59,34.57,263.93,134.27,53.46487632822726
2025-10-19 06:19:16.834429,84.46,71.73,180.13,98.15,52.609820646760525
2025-10-19 06:19:17.834429,18.35,40.63,58.25,73.59,51.77073405303105
2025-10-19 06:19:18.834429,92.44,48.58,61.79,134.08,52.36203368908567
2025-10-19 06:19:19.834428,28.02,72.29,100.17,38.82,51.60843925841371
2025-10-19 06:19:20.834428,52.39,41.79,145.38,45.92,51.96641799836109
2025-10-19 06:19:21.834427,66.27,59.67,90.64,84.18,52.01605219715469
2025-10-19 06:19:22.834423,68.28,71.35,215.44,115.55,52.96714345295429
2025-10-19 06:19:23.834422,54.11,26.62,104.85,148.17,52.762684958326325
2025-10-19 06:19:24.834422,64.38,26.85,92.38,66.26,51.90372000504599
2025-10-19 06:19:25.834421,10.34,50.37,231.46,149.02,53.40932019903938
2025-10-19 06:19:26.834421,59.39,42.05,175.92,22.11,51.89878583900217
2025-10-19 06:19:27.834420,57.56,71.47,254.49,56.31,52.60255877727146
2025-10-19 06:19:28.834420,71.62,44.21,75.94,16.16,51.30419299165526
2025-10-19 06:19:29.834420,75.9,62.15,224.94,55.6,52.452635984964445
2025-10-19 06:19:30.834419,13.74,57.7,76.0,66.33,51.768406335145336
2025-10-19 06:19:31.834419,42.22,31.79,84.38,26.18,51.465682682139324
2025-10-19 06:19:32.834418,92.33,87.79,249.11,85.17,52.827220102450774
2025-10-19 06:19:33.834418,54.74,53.66,85.5,118.44,52.32935957056017
2025-10-19 06:19:34.834417,66.26,83.11,168.9,142.25,52.958398303332174
2025-10-19 06:19:35.834417,68.03,97.76,107.07,23.77,51.45964919839916
2025-10-19 06:19:36.834416,70.03,58.97,276.21,106.77,53.22609972566927
2025-10-19 06:19:37.834416,43.49,74.34,50.64,48.8,51.43734184757944
2025-10-19 06:19:38.834415,13.32,89.81,244.97,108.55,53.028019431594394
2025-10-19 06:19:39.834415,85.37,60.72,172.21,144.2,53.030165033557104
2025-10-19 06:19:40.834415,64.3,36.88,277.99,11.68,52.35088316196476
2025-10-19 06:19:41.834414,28.94,77.17,240.07,145.94,53.38330993146275
2025-10-19 06:19:42.834414,31.79,66.79,122.32,109.88,52.42245209737552
2025-10-19 06:19:43.834413,24.55,47.14,50.54,133.06,52.29438870395799
2025-10-19 06:19:44.834413,87.03,24.59,287.2,20.58,52.50544818883469
2025-10-19 06:19:45.834412,71.16,89.31,290.84,122.8,53.41143727017572
2025-10-19 06:19:46.834412,80.45,42.69,181.69,95.97,52.64277827786311
2025-10-19 06:19:47.834411,30.6,77.64,71.97,123.39,52.267259988347746
2025-10-19 06:19:48.834411,12.45,45.2,66.34,120.66,52.26187340322611
2025-10-19 06:19:49.834410,58.47,88.54,62.12,32.5,51.318650828069224
2025-10-19 06:19:50.834410,85.6,93.97,231.61,29.79,52.188577354535774
2025-10-19 06:19:51.834409,64.26,29.33,261.94,113.99,53.26640164571846
2025-10-19 06:19:52.834409,33.95,20.52,207.61,14.57,52.02891627514462
2025-10-19 06:19:53.834409,78.08,98.58,266.83,79.62,52.85115249653478
2025-10-19 06:19:54.834408,56.62,38.44,298.37,145.82,53.75429806226845
2025-10-19 06:19:55.834408,40.65,47.31,116.34,98.11,52.307383698873245
2025-10-19 06:19:56.834407,64.65,44.28,270.67,136.25,53.50471389193665
2025-10-19 06:19:57.834407,92.06,71.84,69.64,140.11,52.42562965203008
2025-10-19 06:19:58.834406,22.26,35.85,113.17,127.44,52.592113426961
2025-10-19 06:19:59.834406,32.54,61.26,282.32,81.45,53.01027220700877
2025-10-19 06:20:00.834405,92.7,93.68,130.87,72.88,52.06798480628789
2025-10-19 06:20:01.834405,92.22,69.48,91.92,121.28,52.366187478762214
2025-10-19 06:20:02.834404,63.57,88.8,182.28,149.74,53.09328546488568
2025-10-19 06:20:03.834404,19.17,76.17,212.13,18.6,52.00441464853192
2025-10-19 06:20:04.834404,83.83,95.97,242.74,130.23,53.21605862278566
2025-10-19 06:20:05.834403,11.02,28.11,247.15,143.35,53.47327956032082
2025-10-19 06:20:06.834403,88.08,80.7,261.66,95.71,53.00728601358936
2025-10-19 06:20:07.834402,31.66,62.73,298.39,38.66,52.679969344703466
2025-10-19 06:20:08.834402,59.32,74.56,217.87,113.69,52.957075624807935
2025-10-19 06:20:09.834401,24.05,41.72,180.29,102.65,52.701425781194324
2025-10-19 06:20:10.834401,92.99,41.26,197.38,129.28,53.050873534493995
2025-10-19 06:20:11.834400,69.49,77.73,292.57,14.08,52.38761287029745
2025-10-19 06:20:12.834400,86.75,52.78,68.27,76.81,51.83622878715205
2025-10-19 06:20:13.834399,47.8,29.32,153.34,27.5,51.850418994824246
2025-10-19 06:20:14.834399,44.68,93.09,202.34,24.24,51.98006283129342
2025-10-19 06:20:15.834398,30.44,73.66,112.44,114.61,52.404639820809216
2025-10-19 06:20:16.834398,25.22,29.1,165.74,115.27,52.76565881952377
2025-10-19 06:20:17.834398,80.18,67.64,299.01,31.66,52.60786237469338
2025-10-19 06:20:18.834397,65.02,21.59,188.79,91.63,52.67192196097049
2025-10-19 06:20:19.834397,80.97,54.98,55.27,16.19,51.1772011828627
2025-10-19 06:20:20.834396,73.83,96.66,287.78,63.08,52.80606219695594
2025-10-19 06:20:21.834396,34.55,59.29,89.86,31.38,51.50192856441303
2025-10-19 06:20:22.834395,17.63,51.0,95.52,19.11,51.42654183398538
2025-10-19 06:20:23.834395,23.58,62.77,127.51,143.41,52.780706165699435
2025-10-19 06:20:24.834394,84.5,47.02,176.37,21.0,51.88263136219314
2025-10-19 06:20:25.834394,74.38,59.04,195.05,132.45,53.04110282368237
2025-10-19 06:20:26.834393,86.32,53.52,84.31,145.7,52.586823252252756
2025-10-19 06:20:27.834393,59.23,80.67,163.34,90.91,52.436120980321725
2025-10-19 06:20:28.834393,40.46,76.44,127.99,42.23,51.7833739168626
2025-10-19 06:20:29.834392,78.51,89.64,237.16,138.15,53.27282210537456
2025-10-19 06:20:30.834392,71.87,80.02,123.22,19.51,51.53258334782505
2025-10-19 06:20:31.834391,68.23,44.77,239.28,132.63,53.30138954003417
2025-10-19 06:20:32.834391,36.82,47.47,89.8,11.6,51.328947711820156
2025-10-19 06:20:33.834390,93.75,22.64,130.01,20.44,51.66813848341776
2025-10-19 06:20:34.834390,68.01,43.54,222.35,135.06,53.23645649423984
2025-10-19 06:20:35.834389,13.36,50.35,111.17,30.91,51.62520128248981
2025-10-19 06:20:36.834389,21.45,46.34,164.59,112.95,52.70995005973778
2025-10-19 06:20:37.834388,22.94,66.03,77.12,36.93,51.4769843606513
2025-10-19 06:20:38.834388,71.45,91.86,252.54,21.43,52.22277724843286
2025-10-19 06:20:39.834388,89.94,83.86,133.05,91.38,52.27396701373808
2025-10-19 06:20:40.834387,57.1,50.02,233.74,102.47,52.971917974420144
2025-10-19 06:20:41.834387,14.7,42.02,206.13,63.98,52.46495245018052
2025-10-19 06:20:42.834386,12.79,80.55,215.99,12.91,51.96310318459005
2025-10-19 06:20:43.834386,66.21,70.22,127.67,19.27,51.56944098560959
2025-10-19 06:20:44.834385,55.64,76.63,110.51,20.81,51.48264844064026
2025-10-19 06:20:45.834385,69.28,24.85,189.0,135.45,53.09163622505612
2025-10-19 06:20:46.834384,39.99,88.29,107.88,38.54,51.62170004479131
2025-10-19 06:20:47.834384,85.32,66.18,127.11,48.04,51.851007427353395
2025-10-19 06:20:48.834383,34.26,72.99,252.3,65.34,52.67579383817692
2025-10-19 06:20:49.834383,67.35,43.45,93.41,128.44,52.484348234958155
2025-10-19 06:20:50.834382,87.72,30.24,287.12,134.49,53.59759947326098
2025-10-19 06:20:51.834382,70.11,68.09,230.39,121.27,53.10738327397617
2025-10-19 06:20:52.834381,55.84,94.39,51.29,116.77,52.06649862609605
2025-10-19 06:20:53.834381,13.63,41.01,209.07,141.36,53.23047376650806
2025-10-19 06:20:54.834381,31.19,54.78,69.77,35.2,51.43873230242654
2025-10-19 06:20:55.834380,37.89,87.17,163.61,88.68,52.40576738415523
2025-10-19 06:20:56.834380,74.56,86.37,189.31,124.07,52.88641377587165
2025-10-19 06:20:57.834379,28.55,31.94,207.23,67.69,52.52256487825885
2025-10-19 06:20:58.834379,54.11,66.76,268.88,72.83,52.84652430577118
2025-10-19 06:20:59.834378,63.16,56.61,250.33,29.56,52.345081126827964
2025-10-19 06:21:00.834378,68.4,80.28,105.28,68.11,51.906362439110275
2025-10-19 06:21:01.834377,17.95,34.79,82.66,111.36,52.27544195588144
2025-10-19 06:21:02.834377,54.81,87.94,105.93,38.14,51.60797468025422
2025-10-19 06:21:03.834376,44.84,81.57,58.5,83.25,51.801035336934056
2025-10-19 06:21:04.834376,93.36,46.32,134.14,29.02,51.7358749285873
2025-10-19 06:21:05.834376,52.27,58.61,281.61,32.78,52.54003105526055
2025-10-19 06:21:06.834375,34.87,90.34,283.16,65.73,52.81697493977156
2025-10-19 06:21:07.834375,66.76,90.97,55.99,126.61,52.19211840083297
2025-10-19 06:21:08.834374,94.06,76.11,282.12,144.57,53.596179221929226
2025-10-19 06:21:09.834374,88.89,41.01,100.1,48.67,51.75254850975089
2025-10-19 06:21:10.834373,36.49,65.56,283.15,82.94,53.022341793105106
2025-10-19 06:21:11.834373,26.11,42.04,116.74,36.44,51.721485714266784
2025-10-19 06:21:12.834372,57.94,26.34,187.76,80.18,52.54822969925402
2025-10-19 06:21:13.834372,80.91,25.66,234.37,125.36,53.23496352586997
2025-10-19 06:21:14.834371,75.35,44.47,188.95,13.29,51.879239740407115
2025-10-19 06:21:15.834371,16.94,33.68,194.79,40.58,52.19128096267134
2025-10-19 06:21:16.834371,64.27,24.01,139.62,120.73,52.687047731246096
2025-10-19 06:21:17.834370,87.99,58.1,284.41,43.79,52.66224228184806
2025-10-19 06:21:18.834370,14.59,65.04,275.36,126.07,53.39863273390707
2025-10-19 06:21:19.834369,74.96,65.72,181.03,119.31,52.828694797239976
2025-10-19 06:21:20.834369,93.45,21.9,267.41,104.2,53.212627841745835
2025-10-19 06:21:21.834368,66.15,74.96,277.7,101.03,53.15337968205508
2025-10-19 06:21:22.834368,38.45,98.2,88.7,66.24,51.77157471084407
2025-10-19 06:21:23.834367,89.45,43.47,268.26,12.0,52.291669039788005
2025-10-19 06:21:24.834367,61.14,20.09,182.7,65.81,52.392105961803466
2025-10-19 06:21:25.834366,64.67,43.72,92.85,133.94,52.53411732109166
2025-10-19 06:21:26.834366,55.54,66.04,201.61,33.18,52.10519155258633
2025-10-19 06:21:27.834365,47.33,58.88,195.35,89.88,52.631318252064254
2025-10-19 06:21:28.834365,41.79,53.73,146.1,68.84,52.17309556703532
2025-10-19 06:21:29.834365,84.33,22.76,273.7,45.37,52.67598147392514
2025-10-19 06:21:30.834364,52.88,39.5,293.42,81.06,53.10000055953361
2025-10-19 06:21:31.834364,43.21,98.9,86.68,137.33,52.44710742692408
2025-10-19 06:21:32.834363,74.23,77.89,154.54,63.29,52.12644934617102
2025-10-19 06:21:33.834363,31.93,27.76,293.16,13.62,52.464969930670925
2025-10-19 06:21:34.834362,60.76,49.14,195.42,51.06,52.271646788110445
2025-10-19 06:21:35.834362,14.87,64.39,151.93,113.92,52.62334314940776
2025-10-19 06:21:36.834361,28.16,48.65,163.31,11.74,51.7208148026851
2025-10-19 06:21:37.834361,45.82,61.64,159.68,21.66,51.77691515496509
2025-10-19 06:21:38.834360,43.49,92.87,64.96,33.33,51.335019890863826
2025-10-19 06:21:39.834360,94.86,96.2,71.45,11.93,51.15748874879525
2025-10-19 06:21:40.834359,20.57,79.03,270.68,132.82,53.416901646406416
2025-10-19 06:21:41.834359,80.61,60.91,226.51,60.39,52.509285638521824
2025-10-19 06:21:42.834359,70.09,87.61,135.75,99.4,52.360026666013894
2025-10-19 06:21:43.834358,52.78,92.2,185.84,33.64,51.98428737208135
2025-10-19 06:21:44.834358,41.17,96.9,105.64,77.7,51.974855183015094
2025-10-19 06:21:45.834357,17.36,32.77,182.44,105.47,52.75425804903518
2025-10-19 06:21:46.834357,88.69,35.23,60.9,75.36,51.81049407508831
2025-10-19 06:21:47.834356,63.66,82.68,263.36,49.16,52.56312038619092
2025-10-19 06:21:48.834356,77.34,22.02,61.52,108.23,52.1524387303701
2025-10-19 06:21:49.834355,48.49,86.07,275.27,61.29,52.73864879802366
2025-10-19 06:21:50.834355,49.75,64.62,52.07,130.33,52.24864251071993
2025-10-19 06:21:51.834354,65.09,42.1,118.02,123.7,52.571998591411365
2025-10-19 06:21:52.834354,58.72,32.81,167.63,133.4,52.945218268556346
2025-10-19 06:21:53.834353,79.49,22.51,71.07,69.64,51.829489564744534
2025-10-19 06:21:54.834353,94.71,39.7,139.43,106.12,52.52006270773049
2025-10-19 06:21:55.834353,81.05,52.23,192.15,75.2,52.48275457382753
2025-10-19 06:21:56.834352,77.46,23.8,218.07,104.45,52.94869483571554
2025-10-19 06:21:57.834352,51.01,81.9,89.42,85.34,51.98576567149629
2025-10-19 06:21:58.834351,26.69,48.02,179.66,83.68,52.504712888796334
2025-10-19 06:21:59.834351,43.4,79.76,259.36,140.48,53.429400018594364
2025-10-19 06:22:00.834350,37.52,53.7,193.95,118.48,52.908551654556945
2025-10-19 06:22:01.834350,35.01,67.98,160.01,38.48,51.93134082092329
2025-10-19 06:22:02.834349,59.96,93.79,186.93,44.06,52.08836058106645
2025-10-19 06:22:03.834349,85.63,90.48,112.42,140.87,52.63198279088286
2025-10-19 06:22:04.834348,36.07,95.05,164.96,75.14,52.269642313351405
2025-10-19 06:22:05.834348,76.65,45.55,66.64,120.61,52.26244029340527
2025-10-19 06:22:06.834347,10.4,28.12,203.1,100.55,52.82427854926607
2025-10-19 06:22:07.834347,32.83,29.92,201.15,97.19,52.77854673697682
2025-10-19 06:22:08.834346,88.96,37.27,182.02,64.8,52.351667605309686
2025-10-19 06:22:09.834346,21.94,59.54,176.8,57.08,52.214100871390976
2025-10-19 06:22:10.834346,26.57,67.11,108.52,83.21,52.0903987981832
2025-10-19 06:22:11.834345,17.37,93.85,104.0,27.22,51.48277754371913
2025-10-19 06:22:12.834345,35.0,62.83,176.47,139.76,53.006648834998146
2025-10-19 06:22:13.834344,34.77,53.04,236.54,94.1,52.901174617953714
2025-10-19 06:22:14.834344,92.44,73.97,183.97,80.54,52.45650849451083
2025-10-19 06:22:15.834343,44.0,35.26,157.15,77.42,52.34411528350529
2025-10-19 06:22:16.834343,33.78,79.29,217.58,22.01,52.06156733644794
2025-10-19 06:22:17.834342,28.02,38.78,175.1,119.52,52.84147839463805
2025-10-19 06:22:18.834342,79.39,40.2,178.54,47.38,52.160034980854235
2025-10-19 06:22:19.834341,41.95,57.12,222.98,73.71,52.62520938847071
2025-10-19 06:22:20.834341,18.47,42.98,142.87,85.54,52.3342595597772
2025-10-19 06:22:21.834340,89.59,91.42,152.51,72.21,52.18057027971249
2025-10-19 06:22:22.834340,10.3,51.54,274.1,110.07,53.258442465288496
2025-10-19 06:22:23.834340,82.0,94.99,101.73,49.49,51.68421012502672
2025-10-19 06:22:24.834339,17.09,72.58,221.24,30.69,52.175597805495045
2025-10-19 06:22:25.834339,20.53,54.59,142.0,55.34,52.01931700183343
2025-10-19 06:22:26.834338,88.65,89.22,147.64,130.37,52.7204266787717
2025-10-19 06:22:27.834338,39.31,31.1,185.47,49.79,52.23465276681049
2025-10-19 06:22:28.834337,51.99,53.17,89.42,23.34,51.43146913788906
2025-10-19 06:22:29.834337,49.5,35.79,144.35,132.2,52.80466344553369
2025-10-19 06:22:30.834336,82.57,32.46,297.91,115.44,53.467491157041614
2025-10-19 06:22:31.834336,85.36,83.37,250.89,83.76,52.83004424649975
2025-10-19 06:22:32.834335,70.88,98.22,236.51,47.37,52.37803482292813
2025-10-19 06:22:33.834335,74.18,57.99,80.65,15.27,51.29903674632108
2025-10-19 06:22:34.834334,78.43,94.97,158.39,107.99,52.55234842606043
2025-10-19 06:22:35.834334,48.97,39.23,150.67,66.59,52.19855578541886
2025-10-19 06:22:36.834334,58.38,66.68,220.87,17.98,52.06000837675009
2025-10-19 06:22:37.834333,24.93,43.18,201.42,63.14,52.42986368118472
2025-10-19 06:22:38.834333,11.6,98.91,114.13,51.75,51.76608012127002
2025-10-19 06:22:39.834332,16.57,64.23,147.85,44.55,51.93103259503463
2025-10-19 06:22:40.834332,16.3,54.02,118.98,12.36,51.481739209130815
2025-10-19 06:22:41.834331,89.29,27.39,285.88,99.91,53.2610897845193
2025-10-19 06:22:42.834331,43.39,96.9,231.52,77.05,52.64047341774659
2025-10-19 06:22:43.834330,93.05,40.92,191.66,134.76,53.07386712571022
2025-10-19 06:22:44.834330,46.82,23.58,151.91,106.92,52.619786210920076
2025-10-19 06:22:45.834329,53.64,79.31,248.28,73.2,52.720391988387696
2025-10-19 06:22:46.834329,79.66,79.75,297.78,108.76,53.32776648196246
2025-10-19 06:22:47.834328,65.31,91.25,120.6,48.04,51.77679757702769
2025-10-19 06:22:48.834328,15.92,74.47,110.08,126.04,52.50129226565116
2025-10-19 06:22:49.834328,65.61,63.56,286.37,61.13,52.83178172064186
2025-10-19 06:22:50.834327,84.17,31.99,262.14,51.39,52.65796102673019
2025-10-19 06:22:51.834327,77.85,30.96,264.48,138.14,53.51091601184227
2025-10-19 06:22:52.834326,90.63,89.12,139.03,15.73,51.56609630391201
2025-10-19 06:22:53.834326,35.13,82.74,259.6,90.4,52.94173343441332
2025-10-19 06:22:54.834325,10.28,38.86,146.84,36.92,51.89179597000946
2025-10-19 06:22:55.834325,44.15,23.71,157.42,130.71,52.8790334141436
2025-10-19 06:22:56.834324,57.06,53.69,98.2,108.59,52.30185429916389
2025-10-19 06:22:57.834324,56.09,78.71,271.02,117.85,53.27446523527922
2025-10-19 06:22:58.834323,38.63,69.18,103.76,112.29,52.34292718146654
2025-10-19 06:22:59.834323,28.48,73.18,269.61,57.4,52.69111235194337
2025-10-19 06:23:00.834323,27.31,72.48,196.81,17.97,51.922358233732886
2025-10-19 06:23:01.834322,77.86,96.94,195.03,13.28,51.829004913597
2025-10-19 06:23:02.834322,55.67,36.88,220.02,90.48,52.803429274880365
2025-10-19 06:23:03.834321,21.58,40.61,103.3,109.11,52.35469328127546
2025-10-19 06:23:04.834321,24.3,76.91,131.86,118.44,52.540216126306824
2025-10-19 06:23:05.834320,55.65,35.95,158.83,78.08,52.35837841444489
2025-10-19 06:23:06.834320,28.65,53.99,220.98,23.15,52.13056254642275
2025-10-19 06:23:07.834319,61.77,43.09,265.19,85.49,52.986504409902416
2025-10-19 06:23:08.834319,87.39,43.7,199.82,22.0,52.022694833714844
2025-10-19 06:23:09.834318,81.91,89.99,236.1,44.44,52.36046879487924
2025-10-19 06:23:10.834318,50.69,38.22,268.97,78.57,52.94743231992075
2025-10-19 06:23:11.834317,33.89,64.68,266.09,45.25,52.56821689768711
2025-10-19 06:23:12.834317,90.25,59.02,157.54,126.38,52.782224135199996
2025-10-19 06:23:13.834316,65.82,35.74,273.24,38.38,52.585503854679
2025-10-19 06:23:14.834316,23.3,59.17,221.85,114.34,53.00882957830157
2025-10-19 06:23:15.834316,77.77,43.91,128.78,125.64,52.6453418179418
2025-10-19 06:23:16.834315,61.62,32.58,270.4,148.38,53.63898231365408
2025-10-19 06:23:17.834315,11.94,86.56,155.0,22.7,51.72276576896567
2025-10-19 06:23:18.834314,94.92,60.55,82.64,70.53,51.83997486146371
2025-10-19 06:23:19.834314,90.15,44.3,91.58,40.24,51.620377766209174
2025-10-19 06:23:20.834313,70.74,81.31,198.81,79.74,52.51642988584145
2025-10-19 06:23:21.834313,93.37,44.7,291.48,16.05,52.45283535193839
2025-10-19 06:23:22.834312,17.46,91.33,113.21,59.1,51.84417292567847
2025-10-19 06:23:23.834312,49.41,22.09,63.5,77.28,51.863620906793905
2025-10-19 06:23:24.834312,12.15,69.42,193.26,74.08,52.45079120879591
2025-10-19 06:23:25.834311,51.0,74.5,159.38,137.53,52.8754957139775
2025-10-19 06:23:26.834311,17.35,33.0,172.66,47.87,52.14472097777752
2025-10-19 06:23:27.834310,17.93,64.7,247.21,44.86,52.46363939395447
2025-10-19 06:23:28.834310,52.64,54.01,242.98,13.14,52.15116602401705
2025-10-19 06:23:29.834309,41.37,56.0,172.28,118.6,52.79042477235207
2025-10-19 06:23:30.834309,32.37,88.94,203.9,126.24,52.9812279420702
2025-10-19 06:23:31.834308,34.13,22.64,80.96,40.08,51.596238954379444
2025-10-19 06:23:32.834308,86.34,83.47,183.29,71.38,52.34935115180104
2025-10-19 06:23:33.834307,17.57,81.61,171.04,53.72,52.116126365721904
2025-10-19 06:23:34.834307,67.34,82.82,138.98,68.32,52.084273792365096
2025-10-19 06:23:35.834306,36.78,38.07,126.43,132.53,52.70861486616539
2025-10-19 06:23:36.834306,10.22,48.85,135.84,49.87,51.94257911119955
2025-10-19 06:23:37.834306,45.73,81.09,129.89,12.5,51.49871686941139
2025-10-19 06:23:38.834305,33.87,69.7,127.36,105.92,52.406481456900714
2025-10-19 06:23:39.834305,90.34,69.58,148.26,63.23,52.105429175055235
2025-10-19 06:23:40.834304,78.81,39.67,186.13,83.7,52.55258430481101
2025-10-19 06:23:41.834304,71.94,96.65,246.9,73.73,52.690856713085836
2025-10-19 06:23:42.834303,84.1,40.31,150.42,22.48,51.76899238154097
2025-10-19 06:23:43.834303,91.58,88.33,196.95,127.7,52.959209158623494
2025-10-19 06:23:44.834302,38.18,94.13,134.35,144.53,52.77868313231596
2025-10-19 06:23:45.834302,46.19,48.17,275.59,65.7,52.842657038138555
2025-10-19 06:23:46.834301,35.13,76.32,282.0,149.86,53.646360688242424
2025-10-19 06:23:47.834301,28.06,87.96,99.88,149.98,52.65710594811807
2025-10-19 06:23:48.834300,40.0,49.76,64.46,11.96,51.19356811080719
2025-10-19 06:23:49.834300,57.31,24.42,52.81,40.54,51.4476302922811
2025-10-19 06:23:50.834299,49.22,56.07,82.35,126.11,52.382918824095476
2025-10-19 06:23:51.834299,69.5,43.06,153.1,49.65,52.04169346286724
2025-10-19 06:23:52.834299,57.9,54.45,282.65,89.73,53.102817837451745
2025-10-19 06:23:53.834298,71.31,88.94,221.07,124.6,53.05701715754425
2025-10-19 06:23:54.834298,49.11,93.08,144.36,118.73,52.58428838086804
2025-10-19 06:23:55.834297,59.59,25.93,278.85,94.45,53.17306784748181
2025-10-19 06:23:56.834297,74.62,51.02,232.56,149.63,53.42006697150199
2025-10-19 06:23:57.834296,33.0,45.28,172.3,61.95,52.25961884733423
2025-10-19 06:23:58.834296,22.36,32.25,156.81,24.82,51.838413934446265
2025-10-19 06:23:59.834295,28.28,47.57,187.91,127.23,52.97057082865692
2025-10-19 06:24:00.834295,38.77,32.39,212.04,144.23,53.28764695101942
2025-10-19 06:24:01.834294,67.92,81.8,50.11,33.53,51.27511457529247
2025-10-19 06:24:02.834294,70.77,62.61,61.26,10.44,51.14156303325025
2025-10-19 06:24:03.834293,75.75,97.81,152.29,41.31,51.870545033381426
2025-10-19 06:24:04.834293,73.65,72.02,191.96,11.1,51.830764083527825
2025-10-19 06:24:05.834293,40.82,34.89,104.37,58.37,51.878769309368245
2025-10-19 06:24:06.834292,76.96,48.88,206.51,149.42,53.282359024103776
2025-10-19 06:24:07.834292,80.2,24.43,136.89,140.91,52.86694871423726
2025-10-19 06:24:08.834291,37.73,79.94,265.3,53.7,52.621688647386655
2025-10-19 06:24:09.834291,26.46,95.57,263.12,10.78,52.17042787402745
2025-10-19 06:24:10.834290,77.21,66.73,130.98,49.2,51.882015216298086
2025-10-19 06:24:11.834290,43.61,90.95,280.37,111.78,53.24641087272741
2025-10-19 06:24:12.834289,48.06,64.08,173.52,126.57,52.86139228096146
2025-10-19 06:24:13.834289,80.61,28.51,167.51,74.79,52.384607045456086
2025-10-19 06:24:14.834288,25.41,32.36,82.29,76.14,51.93672633064562
2025-10-19 06:24:15.834288,65.74,59.43,285.67,73.25,52.95174260413824
2025-10-19 06:24:16.834288,79.87,27.62,201.04,105.46,52.86154808331647
2025-10-19 06:24:17.834287,31.81,77.64,253.28,15.86,52.195250231857926
2025-10-19 06:24:18.834287,17.47,43.71,280.74,19.96,52.43487569829572
2025-10-19 06:24:19.834286,66.28,45.51,59.01,113.13,52.14944787026256
2025-10-19 06:24:20.834286,89.3,96.81,273.62,87.92,52.970439472326
2025-10-19 06:24:21.834285,94.06,63.02,139.62,52.63,51.96713924998936
2025-10-19 06:24:22.834285,43.98,42.98,66.26,52.42,51.60508274502836
2025-10-19 06:24:23.834284,15.7,65.12,64.18,100.49,52.023951575994346
2025-10-19 06:24:24.834284,19.17,67.85,255.6,109.36,53.12715750076499
2025-10-19 06:24:25.834283,19.02,79.88,226.33,23.97,52.12629563364288
2025-10-19 06:24:26.834283,45.06,25.76,251.39,136.09,53.429408466126695
2025-10-19 06:24:27.834282,77.44,23.12,124.82,85.42,52.26801547494881
2025-10-19 06:24:28.834282,11.74,98.46,187.24,121.21,52.82867917783189
2025-10-19 06:24:29.834282,74.08,47.06,155.75,132.32,52.84893334579891
2025-10-19 06:24:30.834281,32.13,70.24,128.62,124.63,52.5932763699938
2025-10-19 06:24:31.834281,89.92,95.34,208.14,53.08,52.286352758747604
2025-10-19 06:24:32.834280,51.41,33.0,140.8,12.86,51.636128378630076
2025-10-19 06:24:33.834280,18.86,88.92,289.13,96.06,53.14435688011451
2025-10-19 06:24:34.834279,30.72,52.47,298.93,97.28,53.265837424969355
2025-10-19 06:24:35.834279,84.87,62.77,149.15,54.58,52.03725643068917
2025-10-19 06:24:36.834278,76.87,94.08,283.21,101.84,53.160526498530075
2025-10-19 06:24:37.834278,82.18,63.27,250.66,79.84,52.82255014494919
2025-10-19 06:24:38.834277,17.17,58.4,90.53,104.52,52.21414513795445
2025-10-19 06:24:39.834277,87.53,46.63,178.55,126.61,52.916094839656886
2025-10-19 06:24:40.834277,80.95,41.76,169.07,116.44,52.77481907913703
2025-10-19 06:24:41.834276,16.21,36.34,59.86,47.52,51.533992184294604
2025-10-19 06:24:42.834276,36.35,64.4,248.37,115.43,53.15269167602027
2025-10-19 06:24:43.834275,89.37,79.52,77.86,17.73,51.274042518949855
2025-10-19 06:24:44.834275,18.34,29.93,76.94,105.98,52.200537726916856
2025-10-19 06:24:45.834274,16.57,94.65,292.31,31.88,52.53171201650852
2025-10-19 06:24:46.834274,27.63,89.46,215.02,49.66,52.2992610239407
2025-10-19 06:24:47.834273,49.76,26.84,157.64,107.38,52.649687555271896
2025-10-19 06:24:48.834273,91.72,90.0,275.64,33.85,52.46910200630954
2025-10-19 06:24:49.834272,90.95,85.63,294.13,97.98,53.19478956079173
2025-10-19 06:24:50.834272,91.32,96.23,136.48,128.17,52.62855104897428
2025-10-19 06:24:51.834272,32.12,49.14,143.27,101.14,52.4775451989932
2025-10-19 06:24:52.834271,89.91,45.93,187.82,64.96,52.37054174878522
2025-10-19 06:24:53.834271,19.56,85.25,240.8,141.72,53.33368199937505
2025-10-19 06:24:54.834270,80.42,27.72,116.13,71.05,52.075437488150044
2025-10-19 06:24:55.834270,67.09,82.59,280.82,141.55,53.549837958015424
2025-10-19 06:24:56.834269,24.01,95.22,119.71,37.64,51.665233505224705
2025-10-19 06:24:57.834269,85.02,53.68,214.0,86.03,52.70182235139116
2025-10-19 06:24:58.834268,58.88,40.44,214.31,148.15,53.3249973114545
2025-10-19 06:24:59.834268,71.51,93.69,232.5,136.42,53.22484517541698
2025-10-19 06:25:00.834267,65.23,66.88,121.32,90.8,52.2324755375899
2025-10-19 06:25:01.834267,52.42,47.38,152.69,70.34,52.23277048349289
2025-10-19 06:25:02.834265,37.46,86.42,298.02,18.62,52.44692475473645
2025-10-19 06:25:03.834265,22.81,72.94,76.45,134.22,52.40329324974742
2025-10-19 06:25:04.834265,45.11,98.9,249.6,74.21,52.70636817091643
2025-10-19 06:25:05.834264,92.1,48.58,199.82,88.38,52.65688589381435
2025-10-19 06:25:06.834264,34.73,76.84,232.07,117.63,53.067379895438016
2025-10-19 06:25:07.834263,79.17,39.22,127.92,69.15,52.1018943110143
2025-10-19 06:25:08.834263,68.12,57.87,207.59,28.99,52.10945489100745
2025-10-19 06:25:09.834262,36.32,24.87,253.61,128.26,53.36694547570142
2025-10-19 06:25:10.834262,28.06,91.41,98.04,107.56,52.23166688831752
2025-10-19 06:25:11.834261,49.9,96.03,271.8,18.5,52.29068444468025
2025-10-19 06:25:12.834261,38.52,27.03,285.73,36.09,52.64373766225771
2025-10-19 06:25:13.834260,53.95,77.32,180.58,70.38,52.334896933666506
2025-10-19 06:25:14.834260,74.18,67.82,168.4,83.07,52.407546007371366
2025-10-19 06:25:15.834260,58.42,56.11,224.21,111.13,52.99520343496198
2025-10-19 06:25:16.834259,41.31,27.81,145.37,121.13,52.71562565496948
2025-10-19 06:25:17.834259,25.12,43.6,144.63,79.97,52.28881786281951
2025-10-19 06:25:18.834258,31.94,83.5,83.25,108.63,52.175520405094055
2025-10-19 06:25:19.834258,57.17,29.92,108.42,30.01,51.633978134594784
2025-10-19 06:25:20.834257,19.98,90.25,60.51,128.23,52.233042768839205
2025-10-19 06:25:21.834257,91.33,46.78,228.23,144.97,53.35856831903383
2025-10-19 06:25:22.834256,48.48,87.63,146.01,30.94,51.752774093753956
2025-10-19 06:25:23.834256,38.59,93.96,169.37,137.11,52.894126335918116
2025-10-19 06:25:24.834255,56.89,57.8,238.85,59.65,52.57289203316052
2025-10-19 06:25:25.834255,73.85,52.9,109.85,56.12,51.85791402496365
2025-10-19 06:25:26.834255,66.82,39.93,272.97,115.81,53.32618967043165
2025-10-19 06:25:27.834254,55.82,53.44,105.53,22.91,51.51287574325938
2025-10-19 06:25:28.834254,75.95,68.42,75.75,122.06,52.2890885069317
2025-10-19 06:25:29.834253,78.45,94.94,189.56,76.94,52.41852707710723
2025-10-19 06:25:30.834253,44.16,64.85,299.44,86.36,53.14347997401272
2025-10-19 06:25:31.834252,77.63,25.11,100.52,11.87,51.423974174419214
2025-10-19 06:25:32.834252,61.43,96.87,297.5,102.12,53.23511740539198
2025-10-19 06:25:33.834251,30.55,39.01,60.64,10.49,51.17588504312808
2025-10-19 06:25:34.834251,69.19,94.21,78.98,119.25,52.23856228949897
2025-10-19 06:25:35.834250,93.15,47.77,85.15,34.23,51.522479975941025
2025-10-19 06:25:36.834250,89.94,64.16,212.69,117.42,52.98186469736448
2025-10-19 06:25:37.834249,86.32,90.89,67.51,76.73,51.771411084848374
2025-10-19 06:25:38.834249,16.18,65.5,213.05,72.0,52.54248074090328
2025-10-19 06:25:39.834248,70.31,36.99,249.72,79.6,52.85657839005618
2025-10-19 06:25:40.834248,63.91,44.49,181.6,13.3,51.84007322037863
2025-10-19 06:25:41.834248,74.83,73.59,236.43,138.66,53.29912085003307
2025-10-19 06:25:42.834247,38.11,77.24,172.25,88.8,52.46867548812932
2025-10-19 06:25:43.834247,36.7,71.34,58.06,60.14,51.591323427337485
2025-10-19 06:25:44.834246,81.75,48.74,70.17,80.71,51.890441236519955
2025-10-19 06:25:45.834246,21.42,96.14,177.91,61.04,52.20070686466762
2025-10-19 06:25:46.834245,93.4,76.8,288.74,81.74,53.02288320224002
2025-10-19 06:25:47.834245,35.92,87.6,182.02,56.91,52.19615137862548
2025-10-19 06:25:48.834244,83.61,38.36,111.94,12.7,51.47209964780678
2025-10-19 06:25:49.834244,11.9,60.81,247.23,58.11,52.59799233479522
2025-10-19 06:25:50.834243,43.34,66.84,55.42,51.72,51.50289671411767
2025-10-19 06:25:51.834243,52.91,77.42,265.18,55.53,52.64271025654212
2025-10-19 06:25:52.834242,27.23,66.58,263.61,40.5,52.50605788720254
2025-10-19 06:25:53.834242,63.97,26.29,159.42,23.61,51.85002631819613
2025-10-19 06:25:54.834241,63.72,63.78,219.7,66.9,52.53136820691973
2025-10-19 06:25:55.834241,43.33,83.85,173.35,82.18,52.40012915812875
2025-10-19 06:25:56.834241,47.51,78.1,133.8,134.2,52.70109198449699
2025-10-19 06:25:57.834240,71.96,49.32,212.87,13.53,52.00160287218146
2025-10-19 06:25:58.834240,28.34,44.87,144.9,74.72,52.237494218642304
2025-10-19 06:25:59.834239,78.46,54.91,193.25,67.37,52.40869401179073
2025-10-19 06:26:00.834239,48.06,67.31,154.31,120.71,52.69710753484419
2025-10-19 06:26:01.834238,61.02,50.5,107.42,117.43,52.441568555633026
2025-10-19 06:26:02.834238,56.96,57.22,235.79,70.4,52.661420695394234
2025-10-19 06:26:03.834237,44.1,41.17,205.3,52.76,52.353366490913764
2025-10-19 06:26:04.834237,88.4,22.77,187.48,69.08,52.4450212575493
2025-10-19 06:26:05.834236,47.03,71.59,82.63,70.48,51.82206035385356
2025-10-19 06:26:06.834236,82.35,37.7,247.43,145.84,53.48375631560054
2025-10-19 06:26:07.834235,74.47,46.04,137.48,22.34,51.68955004622581
2025-10-19 06:26:08.834235,65.08,88.02,73.82,100.6,52.040424169174344
2025-10-19 06:26:09.834235,88.6,68.73,55.28,128.35,52.24016103433064
2025-10-19 06:26:10.834234,94.95,31.42,242.04,130.36,53.31518504498173
2025-10-19 06:26:11.834234,66.49,29.82,110.22,114.65,52.46218391317742
2025-10-19 06:26:12.834233,48.08,27.27,70.94,36.43,51.50017349817983
2025-10-19 06:26:13.834233,29.46,21.59,59.01,140.61,52.452821884865315
2025-10-19 06:26:14.834232,44.24,20.62,77.23,111.93,52.274274683347286
2025-10-19 06:26:15.834232,56.78,94.86,277.19,55.68,52.68081424960014
2025-10-19 06:26:16.834231,28.13,53.31,166.43,125.72,52.83228176892495
2025-10-19 06:26:17.834231,78.78,75.54,150.01,87.86,52.343552547156754
2025-10-19 06:26:18.834230,25.89,87.53,97.26,83.08,51.996897438212066
2025-10-19 06:26:19.834230,87.86,83.33,192.99,103.19,52.70893883784576
2025-10-19 06:26:20.834229,59.18,51.43,65.77,34.59,51.41675631002851
2025-10-19 06:26:21.834229,74.35,94.87,119.02,35.32,51.63966782073896
2025-10-19 06:26:22.834228,50.66,32.2,248.48,24.37,52.32344376215183
2025-10-19 06:26:23.834228,53.69,86.0,197.65,77.17,52.478004814663606
2025-10-19 06:26:24.834227,90.81,49.59,83.41,110.22,52.245125652013435
2025-10-19 06:26:25.834227,33.9,23.54,157.66,44.94,52.05121471707113
2025-10-19 06:26:26.834226,65.17,94.44,65.92,122.6,52.20088391592019
2025-10-19 06:26:27.834226,60.71,94.51,186.57,140.84,53.021136057533
2025-10-19 06:26:28.834226,38.59,55.78,123.4,23.43,51.609604489066506
2025-10-19 06:26:29.834225,72.15,39.22,278.13,68.52,52.89757098990128
2025-10-19 06:26:30.834225,73.82,86.6,246.36,149.78,53.439171869930405
2025-10-19 06:26:31.834224,43.02,48.57,118.02,120.61,52.53193513784878
2025-10-19 06:26:32.834224,92.48,64.54,174.73,31.32,51.9460910046524
2025-10-19 06:26:33.834223,12.7,50.68,213.73,80.79,52.654434318305896
2025-10-19 06:26:34.834223,40.26,50.63,188.08,12.22,51.854553216710016
2025-10-19 06:26:35.834222,83.39,56.82,207.87,124.96,53.04060012430037
2025-10-19 06:26:36.834222,19.63,53.87,258.37,129.12,53.35502080171309
2025-10-19 06:26:37.834221,49.14,71.97,214.91,102.62,52.838309787158025
2025-10-19 06:26:38.834221,49.02,28.11,232.69,133.85,53.30423529080334
2025-10-19 06:26:39.834221,25.72,46.73,154.57,54.36,52.089307132092294
2025-10-19 06:26:40.834220,52.93,46.33,79.97,143.7,52.555636020814774
2025-10-19 06:26:41.834220,79.54,85.47,86.43,79.87,51.91129361480731
2025-10-19 06:26:42.834219,42.54,75.32,294.08,139.27,53.61001180388783
2025-10-19 06:26:43.834219,41.58,34.95,156.92,14.95,51.73931149626146
2025-10-19 06:26:44.834218,28.54,42.43,226.99,58.69,52.52449794867867
2025-10-19 06:26:45.834218,71.42,64.86,84.1,118.57,52.30551441800811
2025-10-19 06:26:46.834217,29.12,31.65,244.74,136.52,53.38879981624074
2025-10-19 06:26:47.834217,92.46,35.42,246.56,33.33,52.394767206266586
2025-10-19 06:26:48.834216,84.87,25.57,144.95,76.53,52.28564260048723
2025-10-19 06:26:49.834216,40.95,26.25,93.43,127.75,52.50485678937463
2025-10-19 06:26:50.834216,77.12,44.08,76.28,51.5,51.6479384468582
2025-10-19 06:26:51.834215,13.33,26.91,125.23,111.29,52.51439249665304
2025-10-19 06:26:52.834215,90.41,78.83,198.1,82.83,52.546423098571324
2025-10-19 06:26:53.834214,81.35,87.14,283.88,51.72,52.69038301562637
2025-10-19 06:26:54.834214,43.66,53.02,228.93,97.84,52.896751128407985
2025-10-19 06:26:55.834213,35.39,76.94,242.59,107.93,53.02957881034709
2025-10-19 06:26:56.834213,72.05,48.42,286.49,128.77,53.51030980625983
2025-10-19 06:26:57.834212,61.71,47.54,292.65,70.07,52.9769654688829
2025-10-19 06:26:58.834212,34.1,39.83,82.8,54.67,51.72008254052096
2025-10-19 06:26:59.834211,52.12,20.08,199.31,43.9,52.26891768667106
2025-10-19 06:27:00.834211,84.37,92.11,209.95,93.26,52.68962534161344
2025-10-19 06:27:01.834210,71.25,23.35,203.24,127.17,53.089940628561514
2025-10-19 06:27:02.834210,48.51,29.49,116.91,73.68,52.10224598948852
2025-10-19 06:27:03.834210,14.52,82.1,50.02,67.8,51.60554145023556
2025-10-19 06:27:04.834209,90.85,73.08,226.58,84.56,52.72421878320087
2025-10-19 06:27:05.834209,26.0,38.56,244.79,34.57,52.39236739510755
2025-10-19 06:27:06.834208,24.39,74.06,123.08,139.24,52.69896669739829
2025-10-19 06:27:07.834208,66.52,85.75,156.55,20.87,51.71461862830583
2025-10-19 06:27:08.834207,40.49,30.87,81.69,91.73,52.08661919868294
2025-10-19 06:27:09.834207,83.39,83.02,213.38,19.82,52.012101379181644
2025-10-19 06:27:10.834206,57.03,98.82,140.69,50.96,51.90035076281305
2025-10-19 06:27:11.834206,74.83,50.37,204.77,20.16,52.02082502408376
2025-10-19 06:27:12.834205,27.35,80.24,178.38,131.35,52.90811742594327
2025-10-19 06:27:13.834205,82.65,73.45,274.33,54.72,52.689966361127354
2025-10-19 06:27:14.834205,81.94,25.37,89.26,98.93,52.2053041611735
2025-10-19 06:27:15.834204,63.13,81.44,125.37,65.31,51.98469486995699
2025-10-19 06:27:16.834204,77.54,37.2,223.88,142.12,53.322870503169995
2025-10-19 06:27:17.834203,42.17,54.78,85.18,135.51,52.49094978521235
2025-10-19 06:27:18.834203,54.69,82.83,98.91,39.31,51.58986133818749
2025-10-19 06:27:19.834202,81.24,68.4,172.68,38.49,51.99840445063261
2025-10-19 06:27:20.834202,76.13,35.89,275.98,25.21,52.472543397160635
2025-10-19 06:27:21.834201,24.97,89.39,231.23,67.38,52.55724102854633
2025-10-19 06:27:22.834201,45.27,92.37,193.06,37.6,52.060849502943896
2025-10-19 06:27:23.834200,27.62,28.24,195.99,41.63,52.21640219303507
2025-10-19 06:27:24.834200,41.45,49.42,119.38,43.97,51.796773124593706
2025-10-19 06:27:25.834199,67.66,61.82,259.8,78.42,52.85988773926971
2025-10-19 06:27:26.834199,43.62,45.43,191.99,62.64,52.371153157901304
2025-10-19 06:27:27.834198,49.6,81.67,106.5,40.14,51.640225845630425
2025-10-19 06:27:28.834198,23.09,74.85,209.03,18.48,51.98878533239095
2025-10-19 06:27:29.834197,42.6,92.89,200.95,145.1,53.14163424170102
2025-10-19 06:27:30.834197,28.47,22.19,81.05,14.42,51.3493040201785
2025-10-19 06:27:31.834196,44.86,54.87,77.31,14.53,51.278964512620945
2025-10-19 06:27:32.834196,52.86,41.3,261.49,76.28,52.88051504091641
2025-10-19 06:27:33.834195,75.27,64.77,169.54,52.57,52.1235069813259
2025-10-19 06:27:34.834195,52.77,97.83,169.09,36.28,51.91154766615902
2025-10-19 06:27:35.834195,36.0,89.54,243.37,12.15,52.08774830436903
2025-10-19 06:27:36.834194,48.46,84.17,177.69,126.42,52.850576924403086
2025-10-19 06:27:37.834194,22.83,41.92,108.44,24.63,51.56317333251353
2025-10-19 06:27:38.834193,30.11,75.98,295.35,59.45,52.843918933355624
2025-10-19 06:27:39.834193,94.87,94.37,140.75,116.81,52.54442315978826
2025-10-19 06:27:40.834192,66.61,20.07,216.26,140.17,53.29030543875661
2025-10-19 06:27:41.834192,16.93,97.62,280.57,52.71,52.665792187834874
2025-10-19 06:27:42.834191,49.6,25.2,71.57,134.83,52.458289743288645
2025-10-19 06:27:43.834191,64.67,73.18,118.14,119.97,52.48764939608108
2025-10-19 06:27:44.834190,65.2,22.65,117.02,129.24,52.65084640623712
2025-10-19 06:27:45.834190,90.16,39.19,85.75,121.88,52.386734318658625
2025-10-19 06:27:46.834189,79.26,45.94,171.15,80.66,52.433361133844684
2025-10-19 06:27:47.834189,38.02,98.76,242.4,56.51,52.49700434897627
2025-10-19 06:27:48.834188,49.36,22.34,219.55,119.61,53.10548483939752
2025-10-19 06:27:49.834188,10.7,41.0,237.47,100.46,52.98658942454692
2025-10-19 06:27:50.834187,79.45,27.64,200.48,84.22,52.65314379401699
2025-10-19 06:27:51.834187,26.97,58.26,175.56,72.54,52.358990032965856
2025-10-19 06:27:52.834186,82.47,79.4,221.2,52.75,52.3779620448344
2025-10-19 06:27:53.834186,94.15,23.92,205.15,19.04,52.05365725239962
2025-10-19 06:27:54.834185,76.19,92.43,112.97,36.9,51.626493817288654
2025-10-19 06:27:55.834185,38.98,92.42,272.61,66.19,52.76183671802289
2025-10-19 06:27:56.834185,28.44,46.52,268.69,22.27,52.388470818081316
2025-10-19 06:27:57.834184,15.2,97.53,212.79,90.52,52.669757965924916
2025-10-19 06:27:58.834184,57.81,94.19,178.4,63.09,52.22621455217609
2025-10-19 06:27:59.834183,15.88,39.71,80.73,60.17,51.76240565781682
2025-10-19 06:28:00.834183,60.39,80.83,260.17,134.01,53.36947652492931
2025-10-19 06:28:01.834182,60.15,74.56,242.36,73.53,52.699460879947644
2025-10-19 06:28:02.834182,93.38,32.45,192.07,26.05,52.03819838932895
2025-10-19 06:28:03.834176,37.53,64.84,284.76,50.84,52.721672430989884
2025-10-19 06:28:04.834176,22.8,74.88,212.02,51.65,52.325440535974096
2025-10-19 06:28:05.834175,75.45,34.58,235.16,59.26,52.585974657139815
2025-10-19 06:28:06.834175,49.56,79.36,64.88,31.6,51.339129936794386
2025-10-19 06:28:07.834174,84.48,32.76,97.25,101.7,52.26310465005881
2025-10-19 06:28:08.834174,40.44,63.69,154.36,148.87,52.97537034081748
2025-10-19 06:28:09.834173,94.23,35.2,148.01,41.52,51.94828255719516
2025-10-19 06:28:10.834173,93.83,66.47,74.87,133.54,52.39846857065555
2025-10-19 06:28:11.834172,86.22,41.51,292.2,132.96,53.59218046842173
2025-10-19 06:28:12.834172,82.64,52.44,257.15,73.96,52.817380954190796
2025-10-19 06:28:13.834171,54.05,33.08,282.57,140.4,53.625990554875145
2025-10-19 06:28:14.834171,87.8,85.48,235.18,59.52,52.50847575262428
2025-10-19 06:28:15.834170,39.15,44.25,236.61,53.29,52.52076515782815
2025-10-19 06:28:16.834170,28.73,42.34,181.03,87.0,52.553069438497026
2025-10-19 06:28:17.834169,26.08,67.86,279.28,19.38,52.38346071648518
2025-10-19 06:28:18.834169,93.27,81.61,254.4,132.26,53.32052859264531
2025-10-19 06:28:19.834169,74.26,25.03,296.15,56.6,52.90082897778595
2025-10-19 06:28:20.834168,55.44,48.78,172.04,61.03,52.24382574653112
2025-10-19 06:28:21.834168,48.75,74.33,157.92,146.82,52.95780153882995
2025-10-19 06:28:22.834167,56.09,42.52,93.61,137.02,52.569845384503374
2025-10-19 06:28:23.834167,13.54,82.68,244.29,72.34,52.685474257158006
2025-10-19 06:28:24.834166,92.35,23.76,202.61,71.16,52.5443345037465
2025-10-19 06:28:25.834166,18.19,93.83,178.33,130.25,52.87582240326229
2025-10-19 06:28:26.834165,84.47,95.31,98.98,16.74,51.35234629596745
2025-10-19 06:28:27.834165,33.62,97.29,198.27,111.26,52.79318193720248
2025-10-19 06:28:28.834164,30.43,74.46,150.82,134.31,52.79873205602027
2025-10-19 06:28:29.834164,53.04,84.34,282.21,77.04,52.93071247686125
2025-10-19 06:28:30.834163,76.58,46.94,102.77,51.37,51.783573949156754
2025-10-19 06:28:31.834163,89.79,56.31,64.21,60.35,51.64983876784687
2025-10-19 06:28:32.834163,60.28,65.35,180.88,48.62,52.144927804486194
2025-10-19 06:28:33.834162,71.69,38.83,106.61,28.18,51.5925966007743
2025-10-19 06:28:34.834162,93.39,58.66,109.17,72.61,52.004670629407926
2025-10-19 06:28:35.834161,38.87,97.63,130.38,82.2,52.14927310603123
2025-10-19 06:28:36.834161,30.82,83.62,114.08,20.45,51.48722007948826
2025-10-19 06:28:37.834160,78.51,45.84,122.54,101.83,52.378762167760385
2025-10-19 06:28:38.834160,34.47,23.07,210.7,128.45,53.142577416615595
2025-10-19 06:28:39.834159,83.75,81.9,276.41,106.62,53.18962355739313
2025-10-19 06:28:40.834159,22.0,36.89,286.25,42.46,52.69258876427337
2025-10-19 06:28:41.834158,64.8,39.56,94.62,22.29,51.47049476120465
2025-10-19 06:28:42.834158,52.67,40.29,255.06,130.78,53.374780589560665
2025-10-19 06:28:43.834157,84.94,23.94,174.58,131.94,52.98215916257775
2025-10-19 06:28:44.834157,61.78,33.55,156.5,40.27,51.98410933413285
2025-10-19 06:28:45.834157,68.32,59.29,55.09,144.54,52.410557934669306
2025-10-19 06:28:46.834156,39.6,57.02,284.34,53.68,52.75920163849172
2025-10-19 06:28:47.834156,55.58,59.7,137.95,60.86,52.04303261751118
2025-10-19 06:28:48.834155,73.77,85.61,191.06,61.36,52.29056614576434
2025-10-19 06:28:49.834155,12.05,98.7,79.36,27.3,51.34439719227119
2025-10-19 06:28:50.834154,14.82,23.31,212.05,88.22,52.76039477409439
2025-10-19 06:28:51.834154,32.55,98.43,203.91,85.03,52.56785649736062
2025-10-19 06:28:52.834153,58.91,83.23,102.23,60.0,51.80701812155195
2025-10-19 06:28:53.834153,34.64,76.55,216.16,14.78,51.98838911143179
2025-10-19 06:28:54.834152,79.91,78.41,54.09,149.51,52.423182456610725
2025-10-19 06:28:55.834152,36.79,21.24,238.77,88.08,52.904921366597215
2025-10-19 06:28:56.834151,63.27,23.32,249.24,116.76,53.234858568501004
2025-10-19 06:28:57.834151,44.5,58.49,225.74,129.09,53.17329098909909
2025-10-19 06:28:58.834150,13.5,54.62,208.81,139.55,53.19016089240539
2025-10-19 06:28:59.834150,35.96,54.67,56.05,57.77,51.583917256767954
2025-10-19 06:29:00.834149,73.76,21.22,198.15,76.08,52.57210145895469
2025-10-19 06:29:01.834149,21.22,31.69,138.55,60.69,52.08868084973574
2025-10-19 06:29:02.834149,38.32,63.85,190.65,107.24,52.76627361851568
2025-10-19 06:29:03.834148,83.69,44.95,74.89,112.72,52.23112668092709
2025-10-19 06:29:04.834148,22.77,81.3,214.58,131.84,53.104410025814
2025-10-19 06:29:05.834147,19.85,44.97,167.58,107.58,52.67613999094729
2025-10-19 06:29:06.834147,66.88,94.06,224.41,138.95,53.205545432193134
2025-10-19 06:29:07.834146,29.36,49.54,92.93,54.59,51.75809522772975
2025-10-19 06:29:08.834146,76.62,30.97,268.36,72.16,52.893605740039646
2025-10-19 06:29:09.834145,55.18,52.35,181.26,115.37,52.81286918259224
2025-10-19 06:29:10.834145,86.42,31.9,148.61,96.99,52.49305597242814
2025-10-19 06:29:11.834144,48.62,56.33,266.26,70.94,52.83068145938698
2025-10-19 06:29:12.834144,57.45,96.34,285.42,29.65,52.47071207824486
2025-10-19 06:29:13.834143,41.44,39.71,297.79,131.69,53.61257077323032
2025-10-19 06:29:14.834143,86.31,52.79,111.17,94.99,52.240992820887094
2025-10-19 06:29:15.834142,40.23,81.7,192.85,140.75,53.07394997433518
2025-10-19 06:29:16.834142,80.82,69.42,274.57,86.94,53.009147533673605
2025-10-19 06:29:17.834141,58.32,65.4,138.86,31.36,51.753662553447946
2025-10-19 06:29:18.834140,68.55,94.58,202.87,82.28,52.541773896298984
2025-10-19 06:29:19.834140,59.71,55.56,192.18,87.5,52.59660997790785
2025-10-19 06:29:20.834139,85.47,86.64,119.02,59.79,51.889239100747936
2025-10-19 06:29:21.834139,84.16,92.02,121.27,73.83,52.02854248280352
2025-10-19 06:29:22.834138,36.85,39.37,115.19,71.85,52.0598180038374
2025-10-19 06:29:23.834137,75.3,26.08,185.05,134.08,53.055368963102296
2025-10-19 06:29:24.834137,55.94,69.58,169.91,29.79,51.8976356622136
2025-10-19 06:29:25.834136,52.35,71.12,295.29,35.24,52.61714598312383
2025-10-19 06:29:26.834136,73.89,23.38,220.37,117.4,53.0868547248037
2025-10-19 06:29:27.834135,58.36,98.24,208.86,87.21,52.61565681573889
2025-10-19 06:29:28.834134,85.3,35.99,295.93,122.58,53.52040758915066
2025-10-19 06:29:29.834134,26.43,61.94,225.38,95.17,52.837943820945945
2025-10-19 06:29:30.834133,42.29,97.03,183.21,86.91,52.477749780822634
2025-10-19 06:29:31.834133,43.68,75.24,103.71,56.3,51.79171683563798
2025-10-19 06:29:32.834132,23.18,51.31,144.12,68.66,52.16459570862276
2025-10-19 06:29:33.834132,40.88,53.58,170.37,129.94,52.89369311138521
2025-10-19 06:29:34.834131,25.67,48.74,125.03,15.65,51.55415625097045
2025-10-19 06:29:35.834130,58.46,67.97,276.49,24.97,52.422448960688506
2025-10-19 06:29:36.834130,92.72,80.83,57.86,16.75,51.155751202213544
2025-10-19 06:29:37.834129,91.94,80.27,231.27,125.93,53.13796897557484
2025-10-19 06:29:38.834129,34.19,44.79,65.49,87.61,51.93839927665021
2025-10-19 06:29:39.834128,39.48,84.73,178.69,25.68,51.880910864246005
2025-10-19 06:29:40.834127,18.55,96.08,266.77,148.9,53.524681911124645
2025-10-19 06:29:41.834127,50.93,36.81,121.43,114.45,52.5090823529826
2025-10-19 06:29:42.834126,88.41,28.93,128.67,35.2,51.79380946151657
2025-10-19 06:29:43.834125,69.35,31.69,117.84,108.43,52.43976799024878
2025-10-19 06:29:44.834125,56.4,95.46,253.92,119.51,53.17287750524424
2025-10-19 06:29:45.834124,80.9,24.73,128.2,33.32,51.77973285351666
2025-10-19 06:29:46.834124,70.29,20.7,273.16,76.69,52.97919567575663
2025-10-19 06:29:47.834123,83.2,41.18,296.31,66.25,52.9695741807637
2025-10-19 06:29:48.834123,55.66,57.07,267.27,116.57,53.276134578286694
2025-10-19 06:29:49.834123,59.31,35.9,149.16,46.87,52.00505172986643
2025-10-19 06:29:50.834122,51.39,83.87,255.07,30.44,52.3359819615512
2025-10-19 06:29:51.834122,34.45,89.79,72.69,124.68,52.26445211042854
2025-10-19 06:29:52.834121,47.97,27.78,292.45,11.93,52.44480698021595
2025-10-19 06:29:53.834121,79.43,82.78,128.68,26.17,51.621782491873006
2025-10-19 06:29:54.834120,89.79,73.24,218.11,146.39,53.27663252860748
2025-10-19 06:29:55.834120,63.01,70.09,139.9,103.63,52.45065818013164
2025-10-19 06:29:56.834119,71.38,29.36,238.44,48.46,52.50726635612471
2025-10-19 06:29:57.834119,67.32,85.92,224.01,69.55,52.5451483609253
2025-10-19 06:29:58.834118,80.04,64.1,56.88,109.55,52.0741994481111
2025-10-19 06:29:59.834118,23.67,74.16,90.14,94.49,52.0902694739385
2025-10-19 06:30:00.834117,37.76,59.52,102.67,145.67,52.675088062327305
2025-10-19 06:30:01.834117,30.98,96.36,234.86,44.51,52.344500207384584
2025-10-19 06:30:02.834116,67.13,31.25,276.89,94.31,53.15287828658597
2025-10-19 06:30:03.834116,27.39,27.61,87.24,92.9,52.13268811546448
2025-10-19 06:30:04.834116,43.88,31.0,200.86,64.39,52.45813375889154
2025-10-19 06:30:05.834115,52.32,79.0,160.39,128.4,52.78551940308528
2025-10-19 06:30:06.834115,78.36,20.32,180.26,10.77,51.84650159656805
2025-10-19 06:30:07.834114,74.52,29.76,285.42,120.53,53.45429246739181
2025-10-19 06:30:08.834114,77.38,60.0,191.32,21.74,51.94915347070482
2025-10-19 06:30:09.834113,90.61,62.0,210.66,39.25,52.21855138420763
2025-10-19 06:30:10.834113,54.09,69.77,203.69,22.94,52.01140522614002
2025-10-19 06:30:11.834112,35.56,44.46,179.14,15.11,51.84449191754691
2025-10-19 06:30:12.834112,64.28,32.45,197.26,80.37,52.59115710059401
2025-10-19 06:30:13.834111,87.02,45.7,239.79,59.95,52.59985647901867
2025-10-19 06:30:14.834111,73.79,74.14,144.53,43.91,51.8915240493103
2025-10-19 06:30:15.834110,56.2,78.46,90.48,143.39,52.558162515367236
2025-10-19 06:30:16.834110,90.64,35.09,190.8,23.98,52.00724783765528
2025-10-19 06:30:17.834110,46.4,63.17,179.22,123.69,52.86540064835012
2025-10-19 06:30:18.834109,69.98,56.38,111.15,120.99,52.486646521773324
2025-10-19 06:30:19.834109,33.43,41.31,210.22,33.21,52.190365379007616
2025-10-19 06:30:20.834108,58.82,59.69,94.4,141.94,52.594610240018646
2025-10-19 06:30:21.834108,49.4,33.4,197.81,71.04,52.50237945799242
2025-10-19 06:30:22.834107,28.85,43.63,288.14,92.77,53.17854868310324
2025-10-19 06:30:23.834107,75.95,68.09,145.08,25.66,51.72751141467248
2025-10-19 06:30:24.834106,71.74,71.95,230.18,37.84,52.293446183240206
2025-10-19 06:30:25.834106,83.96,45.69,143.24,102.05,52.49161498119947
2025-10-19 06:30:26.834105,67.05,42.55,261.69,38.97,52.51883972387197
2025-10-19 06:30:27.834105,82.71,66.49,84.32,89.29,52.020995134949274
2025-10-19 06:30:28.834104,65.83,88.39,192.59,132.47,52.98196686694355
2025-10-19 06:30:29.834104,46.23,23.12,252.37,72.19,52.82090317827812
2025-10-19 06:30:30.834104,37.77,26.59,50.43,26.8,51.298649745291904
2025-10-19 06:30:31.834103,66.28,21.79,97.64,130.62,52.56210056207221
2025-10-19 06:30:32.834103,19.64,49.75,277.12,38.63,52.586578744803724
2025-10-19 06:30:33.834102,61.88,98.58,173.86,48.66,52.05553819043918
2025-10-19 06:30:34.834102,89.53,92.66,163.32,59.17,52.11022599520796
2025-10-19 06:30:35.834101,36.83,59.01,91.27,78.69,51.96736732756099
2025-10-19 06:30:36.834101,92.21,40.81,259.93,70.92,52.82113018155098
2025-10-19 06:30:37.834100,74.64,45.93,226.14,57.89,52.506715993756806
2025-10-19 06:30:38.834100,94.24,64.7,207.15,90.58,52.69191025904115
2025-10-19 06:30:39.834099,35.66,34.88,208.15,106.24,52.89561343035874
2025-10-19 06:30:40.834099,85.75,25.15,124.84,73.3,52.14773051954035
2025-10-19 06:30:41.834098,79.09,66.68,236.41,31.39,52.272625706737216
2025-10-19 06:30:42.834097,62.7,40.23,74.09,131.06,52.4116278237468
2025-10-19 06:30:43.834097,22.09,38.53,163.99,17.65,51.797521646824755
2025-10-19 06:30:44.834096,18.11,44.75,80.56,92.28,52.064057985035404
2025-10-19 06:30:45.834096,58.4,43.18,278.0,118.65,53.375384206702215
2025-10-19 06:30:46.834095,78.41,83.26,102.44,71.63,51.92055003163137
2025-10-19 06:30:47.834095,17.13,94.52,72.76,124.79,52.25844409469107
2025-10-19 06:30:48.834094,14.85,82.19,223.2,90.17,52.74608464593035
2025-10-19 06:30:49.834094,33.88,67.06,268.31,63.94,52.75704628785578
2025-10-19 06:30:50.834093,32.75,93.24,268.95,33.47,52.424618685335645
2025-10-19 06:30:51.834093,13.63,24.11,266.92,121.79,53.37662315456156
2025-10-19 06:30:52.834093,60.71,46.4,298.39,44.91,52.7661091996932
2025-10-19 06:30:53.834092,63.33,51.1,129.26,43.96,51.846767995954266
2025-10-19 06:30:54.834092,63.16,66.82,294.81,12.96,52.40591220153138
2025-10-19 06:30:55.834091,85.34,69.82,279.96,109.52,53.255628925084075
2025-10-19 06:30:56.834091,16.37,21.4,104.49,35.65,51.680949097528696
2025-10-19 06:30:57.834090,86.13,67.12,116.35,95.84,52.25430475758047
2025-10-19 06:30:58.834090,86.68,25.54,169.68,40.69,52.07112907445671
2025-10-19 06:30:59.834089,68.62,26.17,254.49,48.09,52.59437913798717
2025-10-19 06:31:00.834089,82.83,25.67,235.09,38.36,52.397529879903644
2025-10-19 06:31:01.834088,15.95,64.97,138.83,93.54,52.355439154129826
2025-10-19 06:31:02.834088,34.79,87.93,209.65,138.89,53.13583052409686
2025-10-19 06:31:03.834087,38.55,25.17,167.04,143.58,53.05253209868563
2025-10-19 06:31:04.834087,69.73,53.54,200.95,135.03,53.10620004811648
2025-10-19 06:31:05.834087,10.08,58.61,298.85,21.74,52.52529903811781
2025-10-19 06:31:06.834086,87.92,37.76,171.89,99.82,52.63545764167737
2025-10-19 06:31:07.834086,56.89,53.72,105.42,60.22,51.872623133586906
2025-10-19 06:31:08.834085,25.87,43.42,242.26,58.67,52.60425216568643
2025-10-19 06:31:09.834085,18.12,78.76,283.84,111.69,53.28325007136579
2025-10-19 06:31:10.834084,40.19,74.43,105.93,97.86,52.206712764912815
2025-10-19 06:31:11.834084,61.38,95.52,106.0,77.75,51.979432426715704
2025-10-19 06:31:12.834083,71.79,59.14,69.1,71.68,51.781042610508834
2025-10-19 06:31:13.834083,32.14,65.97,225.49,126.54,53.13552493993384
2025-10-19 06:31:14.834082,84.41,29.34,255.4,134.33,53.42815869032254
2025-10-19 06:31:15.834082,90.94,64.38,185.38,43.07,52.11680742388116
2025-10-19 06:31:16.834082,12.27,96.91,255.16,61.83,52.61946741955888
2025-10-19 06:31:17.834081,37.69,92.58,144.94,96.83,52.376405546089
2025-10-19 06:31:18.834081,31.23,81.79,134.23,87.33,52.244361600311734
2025-10-19 06:31:19.834080,60.97,76.74,213.58,56.35,52.37628694988563
2025-10-19 06:31:20.834080,55.76,41.73,104.01,28.99,51.5819863574322
2025-10-19 06:31:21.834079,74.74,61.05,276.69,106.45,53.22229345522566
2025-10-19 06:31:22.834079,58.21,42.37,66.85,69.75,51.77676746331412
2025-10-19 06:31:23.834078,51.38,44.26,272.37,136.18,53.51314250334353
2025-10-19 06:31:24.834078,36.61,46.57,71.43,15.06,51.26576876474399
2025-10-19 06:31:25.834077,87.02,58.57,192.91,14.71,51.89191348720158
2025-10-19 06:31:26.834077,36.54,64.46,104.3,109.48,52.32606732330264
2025-10-19 06:31:27.834076,50.39,34.21,124.51,12.96,51.54824039381205
2025-10-19 06:31:28.834076,90.28,93.83,248.3,38.3,52.36017198452642
2025-10-19 06:31:29.834076,83.61,39.7,181.11,102.17,52.7043408208432
2025-10-19 06:31:30.834075,53.66,50.82,165.16,133.95,52.90900372517303
2025-10-19 06:31:31.834075,45.75,86.14,294.68,46.04,52.69468000201748
2025-10-19 06:31:32.834074,36.04,47.96,264.69,118.85,53.29874998639073
2025-10-19 06:31:33.834074,17.13,79.61,176.23,87.96,52.47806629165464
2025-10-19 06:31:34.834073,67.59,93.75,135.47,12.44,51.507993153758925
2025-10-19 06:31:35.834073,76.61,29.66,152.63,129.56,52.83298027794208
2025-10-19 06:31:36.834072,21.02,84.92,102.95,117.41,52.3633366377014
2025-10-19 06:31:37.834072,10.09,58.67,63.77,100.78,52.034720044246306
2025-10-19 06:31:38.834071,35.83,31.42,236.68,64.22,52.647023471114096
2025-10-19 06:31:39.834071,84.55,34.25,131.02,149.89,52.90699301875609
2025-10-19 06:31:40.834070,85.38,94.71,182.2,89.96,52.50550306158732
2025-10-19 06:31:41.834066,82.31,50.06,192.0,57.13,52.310638761749686
2025-10-19 06:31:42.834066,86.91,55.55,111.3,38.84,51.694390511140405
2025-10-19 06:31:43.834065,38.55,84.88,250.84,93.58,52.92235665813802
2025-10-19 06:31:44.834065,26.49,26.89,107.85,112.12,52.42968142556627
2025-10-19 06:31:45.834065,79.04,59.56,296.79,28.28,52.57604773876895
2025-10-19 06:31:46.834064,76.77,37.81,152.61,149.32,53.01111753374149
2025-10-19 06:31:47.834064,24.27,54.17,69.87,132.62,52.382245188016135
2025-10-19 06:31:48.834063,59.71,80.0,272.1,22.9,52.3600644926718
2025-10-19 06:31:49.834063,62.5,87.53,100.62,145.41,52.617542279297744
2025-10-19 06:31:50.834062,85.7,40.44,259.02,20.64,52.330664473954776
2025-10-19 06:31:51.834062,52.41,72.6,103.91,43.21,51.670363951526674
2025-10-19 06:31:52.834061,62.67,73.28,291.03,104.85,53.26411312292032
2025-10-19 06:31:53.834061,14.72,27.11,211.98,99.86,52.866594623679866
2025-10-19 06:31:54.834060,52.82,58.86,114.2,37.86,51.69518327958229
2025-10-19 06:31:55.834060,77.74,82.85,168.81,102.89,52.57772908454293
2025-10-19 06:31:56.834059,24.66,25.85,152.99,48.11,52.05330464646141
2025-10-19 06:31:57.834059,89.27,73.71,158.84,70.01,52.22096098731444
2025-10-19 06:31:58.834059,51.34,44.58,298.36,119.78,53.49278181902768
2025-10-19 06:31:59.834058,13.86,43.86,160.11,41.87,52.002621139183205
2025-10-19 06:32:00.834058,86.11,38.92,283.39,136.15,53.58007882092501
2025-10-19 06:32:01.834057,66.12,62.8,270.73,148.56,53.59491611592767
2025-10-19 06:32:02.834057,30.6,62.49,84.71,33.0,51.48506752225489
2025-10-19 06:32:03.834056,14.96,81.3,288.86,128.94,53.47284871436211
2025-10-19 06:32:04.834056,82.75,64.08,173.01,30.94,51.93395984005336
2025-10-19 06:32:05.834055,23.81,38.17,259.97,72.0,52.835942452233404
2025-10-19 06:32:06.834055,24.38,46.99,92.62,120.23,52.395171345406496
2025-10-19 06:32:07.834054,75.58,59.34,203.97,121.1,52.978491734133435
2025-10-19 06:32:08.834054,13.5,68.37,257.76,28.19,52.352981458197966
2025-10-19 06:32:09.834054,62.36,92.56,274.93,10.97,52.2400406975141
2025-10-19 06:32:10.834053,79.07,86.42,134.17,97.68,52.336834484492194
2025-10-19 06:32:11.834053,41.09,69.83,289.96,25.41,52.49567401829215
2025-10-19 06:32:12.834052,26.57,60.8,201.54,118.62,52.939242337315406
2025-10-19 06:32:13.834052,82.48,48.07,106.02,71.02,51.989151577966595
2025-10-19 06:32:14.834051,82.18,92.12,274.23,127.57,53.364480081427864
2025-10-19 06:32:15.834051,15.11,86.64,152.98,57.22,52.04565468773356
2025-10-19 06:32:16.834050,70.32,33.8,171.15,80.79,52.45372730681694
2025-10-19 06:32:17.834050,16.9,55.82,293.02,48.71,52.75936308049749
2025-10-19 06:32:18.834049,21.1,41.59,158.44,31.57,51.89768281495206
2025-10-19 06:32:19.834049,13.21,83.47,135.29,69.19,52.071967329521684
2025-10-19 06:32:20.834049,24.36,34.32,243.09,139.69,53.406442789471015
2025-10-19 06:32:21.834048,72.99,70.69,132.69,114.12,52.51266408349021
2025-10-19 06:32:22.834048,72.36,60.73,69.59,107.26,52.1252020462623
2025-10-19 06:32:23.834047,84.29,64.16,68.77,12.25,51.19671109327443
2025-10-19 06:32:24.834047,32.97,36.69,235.79,148.58,53.449710747040314
2025-10-19 06:32:25.834046,62.17,21.13,73.79,79.21,51.938718893210066
2025-10-19 06:32:26.834046,10.61,35.84,249.65,12.77,52.211791091940434
2025-10-19 06:32:27.834045,64.26,43.59,264.63,69.3,52.826176388186816
2025-10-19 06:32:28.834045,78.15,46.91,149.44,108.09,52.58119284955117
2025-10-19 06:32:29.834044,62.37,74.49,120.86,138.67,52.680928555116616
2025-10-19 06:32:30.834044,47.55,28.31,107.0,39.69,51.72253528526136
2025-10-19 06:32:31.834044,79.34,71.04,151.73,123.91,52.70840807653858
2025-10-19 06:32:32.834043,93.08,81.49,67.17,148.12,52.4747099839932
2025-10-19 06:32:33.834043,58.85,47.79,96.96,99.96,52.221073354640104
2025-10-19 06:32:34.834042,62.18,35.54,212.5,16.21,52.04723322683432
2025-10-19 06:32:35.834042,65.0,73.85,199.92,96.04,52.69171275258969
2025-10-19 06:32:36.834041,54.84,77.66,190.77,37.2,52.06791287162264
2025-10-19 06:32:37.834041,48.6,46.37,277.59,82.05,53.01426470509049
2025-10-19 06:32:38.834040,89.58,69.61,229.26,105.11,52.94269733760599
2025-10-19 06:32:39.834040,40.94,87.59,75.59,92.36,51.970870603705826
2025-10-19 06:32:40.834039,37.0,68.34,129.2,124.78,52.6008133760097
2025-10-19 06:32:41.834039,64.75,57.73,242.14,26.46,52.26962684752604
2025-10-19 06:32:42.834038,63.03,74.85,292.6,39.68,52.63984977006717
2025-10-19 06:32:43.834038,71.33,61.18,290.08,108.61,53.314446455462274
2025-10-19 06:32:44.834038,47.38,73.08,217.34,46.86,52.310352447752564
2025-10-19 06:32:45.834037,69.72,21.02,220.49,35.49,52.29916761999156
2025-10-19 06:32:46.834037,61.63,22.99,86.53,124.68,52.4434725628335
2025-10-19 06:32:47.834036,35.77,49.27,299.0,100.35,53.300933937060194
2025-10-19 06:32:48.834036,18.37,86.57,179.6,67.75,52.28967473559973
2025-10-19 06:32:49.834035,46.54,23.14,104.73,12.06,51.45138382489579
2025-10-19 06:32:50.834035,21.18,34.38,226.65,113.76,53.06786290107354
2025-10-19 06:32:51.834034,84.8,93.88,103.72,49.09,51.69271139309737
2025-10-19 06:32:52.834034,65.13,50.74,153.83,103.36,52.552858955101755
2025-10-19 06:32:53.834033,35.18,58.11,281.67,92.44,53.118030668491514
2025-10-19 06:32:54.834033,12.69,89.63,174.09,59.82,52.178767189556865
2025-10-19 06:32:55.834033,62.66,70.63,182.07,147.95,53.10345656646947
2025-10-19 06:32:56.834032,23.32,49.06,92.82,55.26,51.7647423127887
2025-10-19 06:32:57.834032,30.37,44.79,107.84,112.05,52.400775457262746
2025-10-19 06:32:58.834031,18.04,33.87,95.67,136.6,52.59039532453186
2025-10-19 06:32:59.834031,67.63,34.49,88.13,85.25,52.052636125082714
2025-10-19 06:33:00.834030,61.45,43.6,287.94,134.16,53.57775588480773
2025-10-19 06:33:01.834030,46.87,70.69,112.86,107.61,52.34386893148243
2025-10-19 06:33:02.834029,48.46,36.02,56.67,47.66,51.51882253063491
2025-10-19 06:33:03.834029,47.01,64.97,169.68,46.73,52.06746858573666
2025-10-19 06:33:04.834028,51.84,64.65,143.96,121.64,52.65504264200885
2025-10-19 06:33:05.834028,90.06,91.64,142.49,28.29,51.70204895503878
2025-10-19 06:33:06.834027,94.9,39.18,251.35,38.91,52.46837282161755
2025-10-19 06:33:07.834027,39.48,70.91,188.8,121.21,52.880371329799274
2025-10-19 06:33:08.834027,12.74,27.61,121.63,32.26,51.729881339655755
2025-10-19 06:33:09.834026,46.67,50.43,117.36,50.06,51.843289537477254
2025-10-19 06:33:10.834026,16.72,83.81,183.1,99.01,52.614974711399576
2025-10-19 06:33:11.834025,79.44,48.56,132.69,139.59,52.79378449625523
2025-10-19 06:33:12.834025,23.98,95.26,72.25,21.83,51.25896818982675
2025-10-19 06:33:13.834024,76.01,38.33,75.25,59.19,51.72585126236617
2025-10-19 06:33:14.834024,32.34,75.79,220.13,107.19,52.90434978523904
2025-10-19 06:33:15.834023,31.57,70.94,88.96,116.92,52.30593015323235
2025-10-19 06:33:16.834023,62.22,53.74,174.92,47.96,52.12500828719897
2025-10-19 06:33:17.834022,55.53,52.53,248.95,126.17,53.278323854855365
2025-10-19 06:33:18.834022,68.17,82.95,199.91,41.02,52.1453103402459
2025-10-19 06:33:19.834021,75.88,96.83,269.96,128.99,53.34800540478753
2025-10-19 06:33:20.834021,56.57,94.21,54.32,30.58,51.249526456096454
2025-10-19 06:33:21.834021,54.22,95.33,60.05,85.36,51.808052595914454
2025-10-19 06:33:22.834020,73.75,80.36,117.74,124.28,52.51588883238952
2025-10-19 06:33:23.834020,42.82,38.83,138.3,83.38,52.29551237251517
2025-10-19 06:33:24.834019,31.47,66.43,99.13,74.98,51.9617672588849
2025-10-19 06:33:25.834019,79.95,56.62,163.11,143.9,52.985145164081835
2025-10-19 06:33:26.834018,68.61,22.84,126.42,127.92,52.68795729435486
2025-10-19 06:33:27.834018,72.06,23.14,269.26,40.95,52.60894423206521
2025-10-19 06:33:28.834017,45.08,26.84,113.49,149.96,52.825764673591195
2025-10-19 06:33:29.834017,63.33,24.32,127.33,49.99,51.936927808656556
2025-10-19 06:33:30.834016,49.27,79.54,179.22,122.88,52.831800818418216
2025-10-19 06:33:31.834016,86.96,75.21,175.94,14.59,51.77398079170427
2025-10-19 06:33:32.834015,79.77,91.87,219.87,87.99,52.69199347110685
2025-10-19 06:33:33.834015,42.72,31.91,59.55,129.86,52.335510975133694
2025-10-19 06:33:34.834014,69.32,83.95,158.36,40.32,51.9151881087221
2025-10-19 06:33:35.834014,18.79,87.93,111.41,27.22,51.531647987032585
2025-10-19 06:33:36.834014,89.64,21.0,226.39,97.89,52.93407845274885
2025-10-19 06:33:37.834013,37.68,65.66,293.65,108.01,53.32064827063657
2025-10-19 06:33:38.834013,20.3,93.46,172.1,101.39,52.56408465538818
2025-10-19 06:33:39.834012,33.6,28.69,262.49,123.37,53.36104622853938
2025-10-19 06:33:40.834012,12.2,80.25,168.53,27.98,51.855972362052285
2025-10-19 06:33:41.834011,15.78,51.54,172.53,14.32,51.790426646039535
2025-10-19 06:33:42.834011,61.13,20.64,225.91,109.3,53.04241394117528
2025-10-19 06:33:43.834010,24.78,59.63,167.06,87.36,52.45476799582988
2025-10-19 06:33:44.834010,93.55,61.01,193.45,50.88,52.240706955985864
2025-10-19 06:33:45.834009,15.95,59.15,161.23,75.96,52.31417083807532
2025-10-19 06:33:46.834009,68.66,32.14,85.93,22.3,51.43588681221563
2025-10-19 06:33:47.834008,48.84,87.14,280.78,57.64,52.73108072490058
2025-10-19 06:33:48.834008,40.07,39.39,234.15,33.18,52.32082747899903
2025-10-19 06:33:49.834008,11.46,67.59,86.56,48.73,51.63901831826191
2025-10-19 06:33:50.834007,44.89,74.68,141.5,106.39,52.478661756367636
2025-10-19 06:33:51.834007,84.59,46.3,92.18,21.87,51.442800452615835
2025-10-19 06:33:52.834006,24.43,42.09,273.97,74.39,52.927609746895264
2025-10-19 06:33:53.834006,22.58,56.92,80.0,140.19,52.50518630005319
2025-10-19 06:33:54.834005,91.63,68.93,262.7,136.24,53.42327548052801
2025-10-19 06:33:55.834005,92.95,80.19,159.44,30.81,51.83491271458306
2025-10-19 06:33:56.834004,75.66,72.14,99.05,22.29,51.442857605863466
2025-10-19 06:33:57.834004,25.16,64.24,289.09,137.97,53.58824696836198
2025-10-19 06:33:58.834003,51.0,76.4,65.18,129.73,52.29427486244665
2025-10-19 06:33:59.834003,60.61,72.14,136.42,119.76,52.58482805261012
2025-10-19 06:34:00.834003,28.22,36.63,184.16,49.63,52.21740873269886
2025-10-19 06:34:01.834002,90.52,57.06,104.81,24.89,51.52248046928711
2025-10-19 06:34:02.834002,69.19,89.8,76.76,95.6,52.004966698321226
2025-10-19 06:34:03.834001,83.63,83.88,214.76,130.16,53.085064682009985
2025-10-19 06:34:04.834001,58.53,31.96,199.44,80.22,52.60211402045336
2025-10-19 06:34:05.834000,88.82,50.8,175.73,92.73,52.56687051166203
2025-10-19 06:34:06.834000,44.63,25.93,104.03,57.51,51.88274219270783
2025-10-19 06:34:07.833999,75.04,64.39,256.95,68.81,52.74770459535707
2025-10-19 06:34:08.833999,51.84,58.86,61.54,102.09,52.03518527404358
2025-10-19 06:34:09.833998,26.93,82.31,269.64,122.49,53.30629990660406
2025-10-19 06:34:10.833998,24.15,45.86,200.58,71.08,52.497938721942525
2025-10-19 06:34:11.833998,25.11,98.82,200.28,57.31,52.27982377513845
2025-10-19 06:34:12.833997,80.96,70.26,242.17,92.78,52.8913562805769
2025-10-19 06:34:13.833997,12.12,51.65,234.42,94.71,52.8979452410188
2025-10-19 06:34:14.833996,44.52,44.22,211.7,26.49,52.128704420233774
2025-10-19 06:34:15.833996,17.96,51.67,259.2,102.69,53.10734469487391
2025-10-19 06:34:16.833995,10.52,92.16,161.41,31.88,51.83693290502712
2025-10-19 06:34:17.833995,90.63,58.32,247.84,82.22,52.838303384321364
2025-10-19 06:34:18.833994,47.07,74.22,118.11,138.92,52.66909242816922
2025-10-19 06:34:19.833994,17.75,59.68,287.3,88.97,53.112056622379
2025-10-19 06:34:20.833993,83.51,69.14,147.72,74.36,52.2108628226884
2025-10-19 06:34:21.833993,35.68,29.24,196.83,10.82,51.92138932264562
2025-10-19 06:34:22.833993,94.18,75.46,161.39,79.63,52.324839583448195
2025-10-19 06:34:23.833992,85.85,83.43,241.81,138.23,53.30819068311481
2025-10-19 06:34:24.833992,91.84,33.8,218.22,13.57,52.05497553899001
2025-10-19 06:34:25.833991,13.84,90.73,136.64,128.21,52.63844920245352
2025-10-19 06:34:26.833991,66.67,96.64,157.24,82.7,52.2990355691754
2025-10-19 06:34:27.833990,16.84,38.06,206.85,48.16,52.3220547164205
2025-10-19 06:34:28.833990,86.28,33.17,143.13,72.68,52.22673698477032
2025-10-19 06:34:29.833989,63.79,68.17,235.28,142.51,53.33874218622993
2025-10-19 06:34:30.833989,92.58,47.59,164.45,40.84,52.00995553567665
2025-10-19 06:34:31.833988,13.73,73.01,163.6,62.97,52.179395595595295
2025-10-19 06:34:32.833988,92.3,56.39,297.26,56.17,52.85323322011913
2025-10-19 06:34:33.833988,36.65,96.0,243.59,40.62,52.354049559790354
2025-10-19 06:34:34.833987,76.65,28.55,134.67,39.3,51.86607914567874
2025-10-19 06:34:35.833987,80.91,41.43,169.12,68.05,52.30769022439422
2025-10-19 06:34:36.833986,47.5,34.6,277.61,66.52,52.882728245492515
2025-10-19 06:34:37.833986,33.32,64.4,185.32,85.51,52.526836343792695
2025-10-19 06:34:38.833985,63.9,95.18,63.17,96.73,51.93488628847967
2025-10-19 06:34:39.833985,39.3,47.64,297.29,116.69,53.45237463124008
2025-10-19 06:34:40.833984,38.67,26.19,226.82,78.29,52.738678789544814
2025-10-19 06:34:41.833984,30.8,74.8,154.66,102.05,52.50675000308998
2025-10-19 06:34:42.833983,15.46,31.68,96.51,121.48,52.45212078541642
2025-10-19 06:34:43.833983,79.85,52.64,179.35,34.96,52.02467988124083
2025-10-19 06:34:44.833983,49.8,92.31,289.81,60.49,52.79870036255636
2025-10-19 06:34:45.833982,58.94,91.87,98.82,12.62,51.317068018760295
2025-10-19 06:34:46.833982,83.79,20.72,291.37,117.37,53.469724867312664
2025-10-19 06:34:47.833981,39.67,52.21,108.4,60.31,51.891776437893455
2025-10-19 06:34:48.833981,10.18,40.28,85.01,82.51,52.000373945897124
2025-10-19 06:34:49.833980,28.26,82.97,114.28,135.91,52.60577048227291
2025-10-19 06:34:50.833980,41.85,46.27,249.4,59.4,52.644935773649074
2025-10-19 06:34:51.833979,60.67,90.37,195.31,82.82,52.51326967647862
2025-10-19 06:34:52.833979,76.03,27.11,201.74,36.52,52.19946037965448
2025-10-19 06:34:53.833978,35.32,22.16,80.73,37.31,51.56898186741685
2025-10-19 06:34:54.833978,21.81,94.38,122.09,55.12,51.84828510329943
2025-10-19 06:34:55.833977,67.63,20.08,223.1,101.26,52.950552495216755
2025-10-19 06:34:56.833977,27.85,25.54,171.84,66.06,52.32797784824478
2025-10-19 06:34:57.833976,13.96,34.95,159.34,86.81,52.44709087021058
2025-10-19 06:34:58.833976,29.23,66.2,237.01,61.27,52.56551349213903
2025-10-19 06:34:59.833975,77.84,92.26,73.29,91.88,51.946601695213324
2025-10-19 06:35:00.833975,36.36,62.1,251.56,105.33,53.075675491281125
2025-10-19 06:35:01.833975,44.1,67.31,271.24,40.01,52.54089696273332
2025-10-19 06:35:02.833974,76.71,95.42,127.42,10.21,51.44083302148637
2025-10-19 06:35:03.833974,22.91,44.4,192.14,87.54,52.61434979377126
2025-10-19 06:35:04.833973,31.42,84.83,276.39,121.32,53.327048904227716
2025-10-19 06:35:05.833973,33.54,83.64,132.83,24.78,51.629139213394616
2025-10-19 06:35:06.833972,80.98,75.82,253.12,105.61,53.065113598967166
2025-10-19 06:35:07.833972,83.62,36.19,216.24,58.79,52.477907314965506
2025-10-19 06:35:08.833971,93.35,81.22,298.64,60.62,52.864545229168684
2025-10-19 06:35:09.833971,82.57,27.57,169.16,48.8,52.143579147414584
2025-10-19 06:35:10.833970,78.65,65.87,76.85,121.05,52.28920741848146
2025-10-19 06:35:11.833970,22.24,92.59,98.13,87.65,52.03776681683931
2025-10-19 06:35:12.833970,63.67,29.8,171.78,62.31,52.284690833186325
2025-10-19 06:35:13.833969,86.71,23.5,152.68,36.61,51.94414785249042
2025-10-19 06:35:14.833969,38.24,86.86,293.93,118.2,53.38730659723239
2025-10-19 06:35:15.833968,32.91,63.01,203.26,121.33,52.971149216606406
2025-10-19 06:35:16.833968,20.4,60.33,260.75,82.76,52.90927021465759
2025-10-19 06:35:17.833967,60.94,97.7,258.26,62.44,52.640669125463425
2025-10-19 06:35:18.833967,61.61,71.53,234.31,38.97,52.32707851188928
2025-10-19 06:35:19.833966,67.52,53.61,241.44,74.19,52.73390882617983
2025-10-19 06:35:20.833966,87.57,71.41,105.44,120.4,52.426805274344886
2025-10-19 06:35:21.833965,61.1,81.46,135.29,86.81,52.245510724265294
2025-10-19 06:35:22.833965,51.26,83.4,258.59,46.17,52.50761416185853
2025-10-19 06:35:23.833964,82.76,98.79,162.87,15.26,51.673579979880124
2025-10-19 06:35:24.833964,36.02,76.36,78.09,122.36,52.29198145587422
2025-10-19 06:35:25.833963,18.49,68.92,206.08,136.33,53.121943686917064
2025-10-19 06:35:26.833963,79.14,95.65,73.27,46.04,51.497901343564216
2025-10-19 06:35:27.833962,62.89,65.52,78.84,58.19,51.69254500906768
2025-10-19 06:35:28.833962,51.91,57.4,65.63,109.75,52.133384045831484
2025-10-19 06:35:29.833961,48.57,56.58,149.85,100.43,52.4940904561735
2025-10-19 06:35:30.833961,80.47,68.32,177.27,32.45,51.96462540643448
2025-10-19 06:35:31.833961,90.51,37.47,61.11,136.59,52.40016278220951
2025-10-19 06:35:32.833960,18.79,41.24,146.56,75.11,52.2558397356391
2025-10-19 06:35:33.833960,25.7,76.24,179.59,130.89,52.91642418619848
2025-10-19 06:35:34.833959,51.6,50.86,226.42,81.64,52.73010499612447
2025-10-19 06:35:35.833959,68.68,75.25,166.42,103.09,52.57886890527987
2025-10-19 06:35:36.833958,75.62,21.23,224.03,142.84,53.35577108583078
2025-10-19 06:35:37.833958,59.88,57.11,181.05,101.77,52.672748270457504
2025-10-19 06:35:38.833957,31.23,40.24,244.26,99.13,53.01116770585507
2025-10-19 06:35:39.833957,20.98,88.45,95.13,74.42,51.900340789355724
2025-10-19 06:35:40.833956,27.46,63.84,192.99,122.3,52.92440464511455
2025-10-19 06:35:41.833956,60.41,22.95,220.35,110.87,53.024281894176426
2025-10-19 06:35:42.833955,36.6,54.84,278.85,117.24,53.34793341351086
2025-10-19 06:35:43.833955,74.0,50.98,152.53,105.52,52.56642871409484
2025-10-19 06:35:44.833954,55.2,23.06,265.0,16.38,52.34874804945242
2025-10-19 06:35:45.833954,23.56,86.04,278.33,82.65,52.961573315669966
2025-10-19 06:35:46.833953,45.98,95.91,157.59,73.85,52.216476261094186
2025-10-19 06:35:47.833953,18.18,22.54,260.38,20.6,52.36571260786748
2025-10-19 06:35:48.833953,10.86,62.74,199.83,89.86,52.64896165510783
2025-10-19 06:35:49.833952,49.64,51.74,187.26,124.69,52.93597656193003
2025-10-19 06:35:50.833952,64.93,94.74,259.53,123.17,53.239346033260716
2025-10-19 06:35:51.833951,82.25,94.42,283.58,63.81,52.794228818742845
2025-10-19 06:35:52.833951,54.09,94.6,252.72,16.84,52.175041324188975
2025-10-19 06:35:53.833950,41.84,67.06,241.21,57.74,52.55244400920069
2025-10-19 06:35:54.833950,26.02,85.85,205.03,100.91,52.74719067951168
2025-10-19 06:35:55.833949,91.79,47.58,278.24,136.32,53.5406023817237
2025-10-19 06:35:56.833949,88.25,53.7,113.33,96.86,52.26917202750369
2025-10-19 06:35:57.833948,42.15,72.34,74.66,103.0,52.09279629328814
2025-10-19 06:35:58.833948,10.55,72.97,132.57,129.67,52.658798022514254
2025-10-19 06:35:59.833947,29.19,64.17,159.68,27.16,51.82611594491336
2025-10-19 06:36:00.833947,33.84,33.73,93.67,25.11,51.501869236325724
2025-10-19 06:36:01.833946,87.13,24.59,256.06,138.98,53.48412228670162
2025-10-19 06:36:02.833946,74.68,52.49,274.98,21.1,52.40133398128304
2025-10-19 06:36:03.833945,50.65,93.08,239.28,127.28,53.17361387293536
2025-10-19 06:36:04.833945,56.06,29.55,230.24,100.96,52.97085605394
2025-10-19 06:36:05.833944,78.88,53.7,227.9,103.52,52.945106693020556
2025-10-19 06:36:06.833944,41.43,89.95,285.96,63.87,52.81454866679433
2025-10-19 06:36:07.833944,94.57,42.5,235.33,97.32,52.94244300394358
2025-10-19 06:36:08.833943,58.18,83.64,178.79,107.13,52.67075472047913
2025-10-19 06:36:09.833943,29.73,27.93,94.49,90.98,52.15231662556047
2025-10-19 06:36:10.833942,43.54,88.91,253.95,149.62,53.47450141104237
2025-10-19 06:36:11.833942,70.77,22.01,200.17,109.57,52.90547714702817
2025-10-19 06:36:12.833941,62.53,42.83,206.75,83.62,52.65689905991209
2025-10-19 06:36:13.833941,16.15,47.36,115.59,125.58,52.56892750523947
2025-10-19 06:36:14.833940,28.35,61.8,244.8,147.28,53.44570771213376
2025-10-19 06:36:15.833940,57.28,76.82,157.24,138.83,52.872991883011416
2025-10-19 06:36:16.833939,25.58,53.29,249.34,132.38,53.33925788243963
2025-10-19 06:36:17.833939,62.66,94.35,293.66,29.89,52.52014742716826
2025-10-19 06:36:18.833939,16.32,87.77,143.7,70.19,52.11975817407146
2025-10-19 06:36:19.833938,66.05,65.29,278.17,14.94,52.338647943166784
2025-10-19 06:36:20.833938,52.01,78.37,228.97,103.57,52.91246934615471
2025-10-19 06:36:21.833937,77.89,49.03,93.26,14.01,51.36826434443769
2025-10-19 06:36:22.833935,25.35,64.83,74.33,23.61,51.33518122672736
2025-10-19 06:36:23.833935,30.73,36.68,278.67,142.04,53.615365344987
2025-10-19 06:36:24.833935,16.82,42.71,204.04,23.28,52.059155216494865
2025-10-19 06:36:25.833934,66.04,58.08,58.77,72.23,51.732891497625054
2025-10-19 06:36:26.833934,21.63,53.18,81.78,135.75,52.47764099124842
2025-10-19 06:36:27.833933,44.73,45.75,55.11,61.56,51.629588537721425
2025-10-19 06:36:28.833933,13.96,90.26,291.61,109.52,53.2856387268376
2025-10-19 06:36:29.833932,58.12,41.42,117.36,75.61,52.10453182625313
2025-10-19 06:36:30.833932,48.79,59.33,290.35,53.49,52.78580760088965
2025-10-19 06:36:31.833931,82.92,30.74,169.74,102.52,52.66113970961419
2025-10-19 06:36:32.833931,11.92,29.12,288.41,15.53,52.4559444269522
2025-10-19 06:36:33.833930,49.49,77.65,113.63,110.84,52.368256473086525
2025-10-19 06:36:34.833930,45.46,54.44,159.13,99.72,52.54012688807892
2025-10-19 06:36:35.833929,44.12,69.94,198.3,28.39,52.03506738043693
2025-10-19 06:36:36.833929,71.17,68.27,279.75,36.57,52.55154561974223
2025-10-19 06:36:37.833929,55.29,51.72,154.22,44.81,51.98723906513524
2025-10-19 06:36:38.833928,64.17,58.63,102.06,110.0,52.32831599482158
2025-10-19 06:36:39.833928,65.31,58.75,292.94,76.1,53.01917624032707
2025-10-19 06:36:40.833927,94.57,35.4,199.58,124.21,53.02281516111075
2025-10-19 06:36:41.833927,22.76,89.07,186.24,26.31,51.920470589646875
2025-10-19 06:36:42.833926,72.77,51.0,282.79,39.59,52.62415852872192
2025-10-19 06:36:43.833926,85.14,98.29,270.01,71.86,52.79354609044787
2025-10-19 06:36:44.833925,29.16,27.48,147.33,138.54,52.89495579114042
2025-10-19 06:36:45.833925,74.32,75.57,72.28,70.12,51.75706981715734
2025-10-19 06:36:46.833924,82.23,20.16,172.9,107.2,52.739914306893496
2025-10-19 06:36:47.833924,25.86,56.93,158.43,72.27,52.26703876274659
2025-10-19 06:36:48.833924,24.24,41.03,145.48,126.23,52.74471899385118
2025-10-19 06:36:49.833923,21.14,47.74,125.44,149.53,52.85249374527619
2025-10-19 06:36:50.833923,84.89,68.56,291.67,81.0,53.04433723978262
2025-10-19 06:36:51.833922,65.06,36.32,70.97,52.68,51.643220449896354
2025-10-19 06:36:52.833922,75.98,21.55,285.83,126.76,53.52964598013757
2025-10-19 06:36:53.833921,62.46,94.52,226.36,22.53,52.08948717091483
2025-10-19 06:36:54.833921,66.72,51.42,233.04,106.01,53.00020855202188
2025-10-19 06:36:55.833920,68.52,61.93,273.69,59.16,52.74761678281615
2025-10-19 06:36:56.833920,28.42,53.36,203.07,11.99,51.92804339298417
2025-10-19 06:36:57.833919,26.0,58.8,65.96,18.76,51.253098798702894
2025-10-19 06:36:58.833919,49.27,37.82,269.46,25.85,52.44089255864517
2025-10-19 06:36:59.833919,10.42,37.82,215.77,33.18,52.22519272992266
2025-10-19 06:37:00.833918,71.53,76.21,225.39,73.83,52.60918463834919
2025-10-19 06:37:01.833918,41.84,35.06,114.08,84.34,52.18145155833044
2025-10-19 06:37:02.833917,87.94,40.37,215.43,14.24,52.036220579956655
2025-10-19 06:37:03.833917,29.72,28.21,156.95,120.77,52.773324949518916
2025-10-19 06:37:04.833916,35.6,48.36,294.28,141.13,53.67150163393079
2025-10-19 06:37:05.833916,44.16,37.76,139.56,32.98,51.81657085135472
2025-10-19 06:37:06.833915,37.82,86.78,238.63,77.39,52.697641314104395
2025-10-19 06:37:07.833915,14.6,73.01,143.82,29.92,51.754234368500185
2025-10-19 06:37:08.833914,18.3,28.99,190.58,27.61,52.05077622501768
2025-10-19 06:37:09.833914,24.87,31.28,235.68,67.61,52.6746863593042
2025-10-19 06:37:10.833913,71.34,65.1,102.12,53.87,51.775693671714215
2025-10-19 06:37:11.833913,43.19,96.1,115.14,134.71,52.57808982405
2025-10-19 06:37:12.833913,86.92,77.7,219.42,119.94,53.020841846053536
2025-10-19 06:37:13.833912,90.32,53.27,271.79,47.05,52.63400695995299
2025-10-19 06:37:14.833912,60.04,57.77,124.57,49.23,51.86219456104927
2025-10-19 06:37:15.833911,28.72,37.63,281.65,117.79,53.39528676542551
2025-10-19 06:37:16.833911,20.64,62.56,202.58,142.83,53.17612577872773
2025-10-19 06:37:17.833910,43.82,46.77,100.47,133.13,52.562156902197515
2025-10-19 06:37:18.833910,86.7,23.67,260.66,140.08,53.520760252502704
2025-10-19 06:37:19.833909,11.39,61.38,272.52,34.67,52.50542732467182
2025-10-19 06:37:20.833909,57.94,30.6,228.88,36.87,52.34221513598703
2025-10-19 06:37:21.833908,15.83,82.68,253.49,83.68,52.84423466895084
2025-10-19 06:37:22.833908,27.25,77.68,66.3,142.52,52.42191327066096
2025-10-19 06:37:23.833907,58.7,21.98,196.15,17.54,51.99416757327641
2025-10-19 06:37:24.833907,55.8,51.12,222.4,92.21,52.810446760961085
2025-10-19 06:37:25.833906,35.43,79.95,150.81,76.76,52.23354775149098
2025-10-19 06:37:26.833906,81.63,29.46,157.03,109.36,52.66145348521553
2025-10-19 06:37:27.833906,86.59,97.26,264.37,99.38,53.03117225364647
2025-10-19 06:37:28.833905,81.43,60.59,264.18,33.45,52.45035783033324
2025-10-19 06:37:29.833905,71.93,89.04,223.88,115.14,52.98038350265202
2025-10-19 06:37:30.833904,10.09,66.41,298.03,112.88,53.38993791310912
2025-10-19 06:37:31.833904,33.42,86.83,218.86,40.48,52.235129846445346
2025-10-19 06:37:32.833903,94.73,41.65,297.85,147.12,53.759040310610544
2025-10-19 06:37:33.833903,66.55,29.12,247.48,30.36,52.380875527250225
2025-10-19 06:37:34.833902,87.12,77.06,220.27,12.16,51.984189558514394
2025-10-19 06:37:35.833902,10.56,98.95,102.86,38.85,51.581123128992864
2025-10-19 06:37:36.833902,25.81,54.67,265.92,67.23,52.7956051374965
2025-10-19 06:37:37.833901,83.17,87.78,261.69,96.82,53.00703511223987
2025-10-19 06:37:38.833901,62.89,65.4,225.91,72.85,52.61949955684888
2025-10-19 06:37:39.833900,10.71,84.02,180.77,98.21,52.59447169783356
2025-10-19 06:37:40.833900,56.21,20.42,150.29,69.88,52.25794879368005
2025-10-19 06:37:41.833899,75.93,43.92,284.23,111.49,53.338238152346214
2025-10-19 06:37:42.833899,12.55,34.46,252.49,15.71,52.257551047459565
2025-10-19 06:37:43.833898,27.19,41.75,153.58,54.7,52.095149374481835
2025-10-19 06:37:44.833898,42.88,59.17,132.32,41.36,51.82525739177298
2025-10-19 06:37:45.833897,94.05,82.22,165.43,39.82,51.95081359622921
2025-10-19 06:37:46.833897,19.17,95.84,206.87,96.29,52.69661321440603
2025-10-19 06:37:47.833896,24.93,54.09,290.3,146.27,53.69094049316516
2025-10-19 06:37:48.833896,36.57,77.39,267.86,32.97,52.438914699648066
2025-10-19 06:37:49.833896,57.24,44.74,228.81,101.15,52.94115044330055
2025-10-19 06:37:50.833895,43.47,35.68,50.92,134.74,52.33070080556435
2025-10-19 06:37:51.833895,17.16,34.16,184.58,132.73,53.02708779351571
2025-10-19 06:37:52.833894,90.46,33.09,199.8,113.5,52.9240633965161
2025-10-19 06:37:53.833894,58.98,80.17,142.31,111.03,52.51921090582033
2025-10-19 06:37:54.833893,25.11,59.08,233.21,63.38,52.57684073859156
2025-10-19 06:37:55.833893,59.91,40.74,91.25,24.81,51.47501704395786
2025-10-19 06:37:56.833892,82.55,98.07,182.98,144.54,53.0321479956398
2025-10-19 06:37:57.833892,59.61,94.64,217.88,13.73,51.95894193417086
2025-10-19 06:37:58.833891,46.86,38.98,251.7,13.77,52.22746038787471
2025-10-19 06:37:59.833891,87.34,56.22,58.52,21.2,51.24104174244346
2025-10-19 06:38:00.833890,61.29,74.13,294.68,94.57,53.1828534214143
2025-10-19 06:38:01.833890,64.85,75.66,292.1,14.03,52.387878999902185
2025-10-19 06:38:02.833890,13.14,83.48,157.11,100.18,52.488082110532865
2025-10-19 06:38:03.833889,72.38,78.42,276.47,50.31,52.6509226141108
2025-10-19 06:38:04.833889,20.7,57.54,132.47,43.89,51.85308801805655
2025-10-19 06:38:05.833888,59.9,58.68,229.17,97.74,52.8881560053842
2025-10-19 06:38:06.833888,59.98,62.49,140.74,93.99,52.373889092265344
2025-10-19 06:38:07.833887,46.59,39.68,102.11,84.27,52.10961083039217
2025-10-19 06:38:08.833887,75.77,39.76,299.11,82.58,53.14466043157162
2025-10-19 06:38:09.833886,46.28,43.15,174.47,72.7,52.3785032212857
2025-10-19 06:38:10.833886,18.39,24.93,183.51,11.93,51.8678093489166
2025-10-19 06:38:11.833885,79.06,41.35,249.44,105.28,53.096537980307254
2025-10-19 06:38:12.833885,74.03,65.58,151.15,144.97,52.917549802470845
2025-10-19 06:38:13.833885,19.68,57.48,283.97,33.33,52.559724918964925
2025-10-19 06:38:14.833884,14.06,56.3,242.35,41.61,52.419494115797
2025-10-19 06:38:15.833884,76.4,75.7,132.12,82.44,52.19540052512366
2025-10-19 06:38:16.833883,35.58,54.64,109.32,55.67,51.84799485142065
2025-10-19 06:38:17.833883,47.98,81.06,189.95,16.56,51.85860226257574
2025-10-19 06:38:18.833882,54.5,87.62,76.35,60.7,51.66873834485319
2025-10-19 06:38:19.833882,30.07,73.89,210.57,69.26,52.489542096438036
2025-10-19 06:38:20.833881,27.7,43.2,187.91,111.94,52.82960027507914
2025-10-19 06:38:21.833881,48.16,40.01,293.29,56.7,52.862950809167344
2025-10-19 06:38:22.833880,81.41,71.19,297.06,70.39,52.96637223021677
2025-10-19 06:38:23.833880,89.81,81.76,299.01,43.68,52.70186601034549
2025-10-19 06:38:24.833879,81.9,56.03,230.12,95.59,52.876608255316334
2025-10-19 06:38:25.833879,59.65,68.1,202.2,52.18,52.28882186814375
2025-10-19 06:38:26.833879,37.52,77.0,113.35,74.87,52.01996715543782
2025-10-19 06:38:27.833878,75.31,66.53,261.22,60.7,52.688706874177626
2025-10-19 06:38:28.833878,85.04,75.87,190.64,112.46,52.79777567404334
2025-10-19 06:38:29.833877,55.6,94.13,227.91,55.1,52.41331546300757
2025-10-19 06:38:30.833877,15.06,89.11,284.65,52.29,52.69690381432693
2025-10-19 06:38:31.833876,22.15,70.71,287.46,30.02,52.52552187984815
2025-10-19 06:38:32.833876,38.66,43.67,235.15,132.17,53.27662846285182
2025-10-19 06:38:33.833875,53.37,40.58,226.33,51.27,52.452138186342886
2025-10-19 06:38:34.833875,93.52,58.56,124.8,147.36,52.811063117512404
2025-10-19 06:38:35.833874,68.94,96.11,234.72,79.31,52.68065085745626
2025-10-19 06:38:36.833874,36.42,68.35,163.31,58.73,52.14418341973027
2025-10-19 06:38:37.833874,85.76,51.37,194.69,55.4,52.30620649793648
2025-10-19 06:38:38.833873,53.1,76.48,173.2,57.61,52.1733456356064
2025-10-19 06:38:39.833873,34.31,82.49,176.08,139.42,52.97033339959716
2025-10-19 06:38:40.833872,72.74,49.16,271.14,128.74,53.42692196605043
2025-10-19 06:38:41.833872,28.66,47.02,240.46,33.86,52.349073335443144
2025-10-19 06:38:42.833871,33.53,83.86,265.49,121.76,53.274650001269436
2025-10-19 06:38:43.833871,56.43,42.5,93.4,28.88,51.52307818813505
2025-10-19 06:38:44.833870,52.76,46.54,208.19,118.61,52.99708714869467
2025-10-19 06:38:45.833870,28.08,96.49,262.49,145.17,53.4651235416809
2025-10-19 06:38:46.833869,41.96,75.65,131.16,82.06,52.186680609805016
2025-10-19 06:38:47.833869,53.05,58.54,90.54,113.23,52.29820094382421
2025-10-19 06:38:48.833869,30.26,74.35,178.82,56.99,52.200700793944264
2025-10-19 06:38:49.833868,73.41,49.29,274.01,57.6,52.754136298342026
2025-10-19 06:38:50.833868,20.95,39.42,227.51,46.74,52.41645893614844
2025-10-19 06:38:51.833867,36.36,66.34,280.06,124.18,53.40339774269851
2025-10-19 06:38:52.833867,54.38,24.59,286.35,55.48,52.838382557746996
2025-10-19 06:38:53.833866,61.01,24.7,137.58,138.3,52.84496886623984
2025-10-19 06:38:54.833866,83.56,62.7,239.25,57.95,52.55087575472908
2025-10-19 06:38:55.833865,63.36,88.26,55.42,127.26,52.19962693197984
2025-10-19 06:38:56.833865,57.23,52.67,153.36,95.63,52.47256579427219
2025-10-19 06:38:57.833864,85.13,64.74,62.26,42.08,51.44949619010885
2025-10-19 06:38:58.833864,71.1,25.9,251.64,28.81,52.39316065276141
2025-10-19 06:38:59.833864,44.7,65.6,112.37,124.54,52.51297291895846
2025-10-19 06:39:00.833863,68.45,97.56,284.49,73.64,52.88919635054392
2025-10-19 06:39:01.833863,88.46,97.93,189.37,99.07,52.62679620405951
2025-10-19 06:39:02.833862,29.15,71.42,105.86,72.68,51.9675948460968
2025-10-19 06:39:03.833862,33.07,77.72,79.94,76.2,51.85336356482543
2025-10-19 06:39:04.833861,45.35,76.45,228.22,21.26,52.11557803075922
2025-10-19 06:39:05.833861,86.8,39.34,211.42,84.73,52.698052698060245
2025-10-19 06:39:06.833860,10.07,60.03,291.65,123.81,53.47161567510273
2025-10-19 06:39:07.833860,92.38,34.27,250.18,90.88,52.97238900083239
2025-10-19 06:39:08.833859,45.65,28.11,230.67,57.22,52.55246666651263
2025-10-19 06:39:09.833859,54.98,71.89,207.04,101.34,52.78405122458732
2025-10-19 06:39:10.833858,52.41,60.05,56.07,144.6,52.415172725393504
2025-10-19 06:39:11.833858,53.86,51.16,118.46,45.71,51.80594883748432
2025-10-19 06:39:12.833858,29.56,88.54,202.06,125.81,52.96787833226208
2025-10-19 06:39:13.833857,91.99,71.31,180.87,127.81,52.901233932873595
2025-10-19 06:39:14.833857,18.77,83.0,282.1,15.65,52.33861373208836
2025-10-19 06:39:15.833856,25.56,35.48,56.06,26.87,51.31538418374065
2025-10-19 06:39:16.833856,53.93,31.83,250.83,136.95,53.42518073685161
2025-10-19 06:39:17.833855,62.1,64.34,168.7,78.76,52.37294877545618
2025-10-19 06:39:18.833855,67.33,32.13,187.96,53.95,52.28654804784683
2025-10-19 06:39:19.833854,88.82,97.62,257.09,38.99,52.40779631154169
2025-10-19 06:39:20.833854,55.53,77.85,194.57,95.18,52.64854415664176
2025-10-19 06:39:21.833853,43.4,57.33,187.73,131.05,52.99118533073111
2025-10-19 06:39:22.833853,26.88,69.11,263.31,128.93,53.35556285195451
2025-10-19 06:39:23.833853,14.41,23.02,124.86,93.76,52.34903140857556
2025-10-19 06:39:24.833852,68.78,31.62,90.3,126.6,52.468577110101016
2025-10-19 06:39:25.833852,25.73,84.05,169.21,142.62,52.96215113333515
2025-10-19 06:39:26.833851,21.32,98.04,99.59,145.93,52.6005293306941
2025-10-19 06:39:27.833851,61.45,81.23,86.33,93.06,52.04497677931243
2025-10-19 06:39:28.833850,66.41,36.51,294.42,130.68,53.58985352493766
2025-10-19 06:39:29.833850,45.03,90.43,278.52,129.56,53.40928140684003
2025-10-19 06:39:30.833849,36.38,50.4,89.44,44.62,51.64170655359406
2025-10-19 06:39:31.833849,28.25,79.65,213.68,135.6,53.13856128990734
2025-10-19 06:39:32.833848,38.07,30.59,56.94,50.77,51.55888351853736
2025-10-19 06:39:33.833848,22.66,83.57,130.61,106.25,52.40518756891182
2025-10-19 06:39:34.833847,66.19,44.47,207.03,54.47,52.37394135198296
2025-10-19 06:39:35.833847,92.34,90.17,164.3,97.04,52.48556659120127
2025-10-19 06:39:36.833847,18.58,72.76,140.18,56.74,51.99453929849039
2025-10-19 06:39:37.833846,31.46,36.47,186.77,54.16,52.27539544272505
2025-10-19 06:39:38.833846,48.74,70.01,269.14,112.13,53.222814298966824
2025-10-19 06:39:39.833845,13.35,96.5,59.91,52.46,51.48733163320182
2025-10-19 06:39:40.833845,82.93,20.02,290.15,80.67,53.1094380039768
2025-10-19 06:39:41.833844,42.56,43.57,187.04,126.74,52.96748518465723
2025-10-19 06:39:42.833844,88.05,23.23,176.48,107.41,52.75622135654873
2025-10-19 06:39:43.833843,39.03,41.1,217.37,63.82,52.524848638959874
2025-10-19 06:39:44.833843,77.66,78.96,198.59,58.09,52.309606362153545
2025-10-19 06:39:45.833842,74.79,86.32,255.59,49.55,52.519688420588295
2025-10-19 06:39:46.833842,38.35,74.53,145.27,45.98,51.914876237151006
2025-10-19 06:39:47.833841,72.24,48.96,243.67,33.65,52.36112288452546
2025-10-19 06:39:48.833841,14.39,48.79,72.44,111.94,52.20446269643006
2025-10-19 06:39:49.833840,12.33,60.33,183.24,115.34,52.810586624599885
2025-10-19 06:39:50.833840,38.42,79.22,203.91,149.21,53.2186934511689
2025-10-19 06:39:51.833840,27.09,80.09,239.94,109.44,53.02507693565697
2025-10-19 06:39:52.833839,52.48,40.76,152.23,78.53,52.31993002773027
2025-10-19 06:39:53.833839,38.19,95.53,173.54,92.34,52.481002079188926
2025-10-19 06:39:54.833838,16.22,39.0,252.22,54.61,52.625113678487274
2025-10-19 06:39:55.833838,12.42,64.37,82.44,55.27,51.685335297462764
2025-10-19 06:39:56.833837,71.72,87.66,198.09,119.55,52.88754091793934
2025-10-19 06:39:57.833837,37.43,46.47,105.07,114.76,52.40955053621406
2025-10-19 06:39:58.833836,57.86,96.08,271.94,38.01,52.480008212550466
2025-10-19 06:39:59.833836,89.65,87.08,252.96,107.4,53.06384433695478
2025-10-19 06:40:00.833835,46.58,81.09,172.32,26.03,51.856023997006176
2025-10-19 06:40:01.833835,75.05,77.99,179.83,106.43,52.678430562801395
2025-10-19 06:40:02.833834,40.76,77.05,168.06,142.35,52.96442046062568
2025-10-19 06:40:03.833834,54.94,63.39,122.01,95.14,52.28361834829034
2025-10-19 06:40:04.833834,71.57,76.74,210.11,39.14,52.19135033450503
2025-10-19 06:40:05.833833,10.58,43.64,268.58,75.19,52.90413574446763
2025-10-19 06:40:06.833833,48.23,55.99,251.94,106.53,53.098924919521096
2025-10-19 06:40:07.833832,55.78,35.36,94.67,66.47,51.90457858591058
2025-10-19 06:40:08.833832,92.14,31.33,142.68,43.47,51.944780348335016
2025-10-19 06:40:09.833831,86.86,57.64,119.35,137.62,52.68923850151566
2025-10-19 06:40:10.833831,52.01,68.28,226.77,35.01,52.25365644455506
2025-10-19 06:40:11.833830,60.51,62.59,181.74,27.24,51.94712511955214
2025-10-19 06:40:12.833830,75.03,87.65,246.31,135.47,53.2988792896417
2025-10-19 06:40:13.833829,86.35,21.54,295.81,57.54,52.91359714065362
2025-10-19 06:40:14.833829,64.68,75.44,127.08,103.54,52.37293798996056
2025-10-19 06:40:15.833828,40.79,65.69,236.81,139.56,53.32228694973581
2025-10-19 06:40:16.833828,21.68,40.57,149.34,112.43,52.63260499344323
2025-10-19 06:40:17.833827,29.55,94.06,68.48,109.7,52.0904077442683
2025-10-19 06:40:18.833827,14.75,44.07,192.62,107.42,52.80966428340882
2025-10-19 06:40:19.833827,15.6,25.89,142.25,99.98,52.497480929771335
2025-10-19 06:40:20.833826,55.71,94.67,160.3,16.81,51.68133533684824
2025-10-19 06:40:21.833826,21.9,30.54,113.21,22.3,51.58401643340075
2025-10-19 06:40:22.833825,58.57,90.76,270.37,110.78,53.18366376691736
2025-10-19 06:40:23.833825,17.68,32.31,85.69,148.81,52.657647735901186
2025-10-19 06:40:24.833824,90.9,77.44,149.8,12.19,51.607737233115714
2025-10-19 06:40:25.833824,51.27,42.2,59.84,113.92,52.166727303658085
2025-10-19 06:40:26.833823,49.56,84.32,182.74,106.82,52.687770483173146
2025-10-19 06:40:27.833823,76.31,72.78,136.47,101.07,52.40336146226034
2025-10-19 06:40:28.833822,37.56,44.8,280.58,112.05,53.32278556450079
2025-10-19 06:40:29.833822,14.94,96.41,228.09,60.33,52.46125973568095
2025-10-19 06:40:30.833821,91.74,23.12,291.33,38.02,52.69844554887637
2025-10-19 06:40:31.833821,18.09,42.19,270.97,65.14,52.82199496925217
2025-10-19 06:40:32.833821,37.89,27.17,114.95,134.65,52.68499560446071
2025-10-19 06:40:33.833820,94.22,63.02,199.75,43.57,52.20048502806416
2025-10-19 06:40:34.833820,45.58,81.04,162.18,71.71,52.243689298900414
2025-10-19 06:40:35.833819,68.05,62.52,226.41,32.75,52.23894804196232
2025-10-19 06:40:36.833819,55.3,66.81,270.4,125.02,53.35921874410563
2025-10-19 06:40:37.833818,51.36,72.51,259.76,148.22,53.51779025193605
2025-10-19 06:40:38.833818,73.64,33.13,66.74,95.71,52.041749208199185
2025-10-19 06:40:39.833817,61.08,82.31,284.29,36.68,52.55474238435593
2025-10-19 06:40:40.833817,57.92,26.01,85.37,114.09,52.33012544772299
2025-10-19 06:40:41.833816,73.87,41.95,98.5,135.26,52.57982510018333
2025-10-19 06:40:42.833816,91.88,32.3,142.76,65.2,52.15380238018753
2025-10-19 06:40:43.833816,39.35,33.34,230.07,127.29,53.21858528475815
2025-10-19 06:40:44.833815,64.58,29.07,262.2,142.27,53.54165686912077
2025-10-19 06:40:45.833815,73.22,92.28,264.42,59.88,52.65732612669402
2025-10-19 06:40:46.833814,88.77,23.17,140.96,30.22,51.820320851333065
2025-10-19 06:40:47.833814,62.65,28.91,145.74,32.54,51.859233332962816
2025-10-19 06:40:48.833813,52.02,55.84,145.78,100.42,52.473434325702215
2025-10-19 06:40:49.833813,41.96,88.22,279.15,102.93,53.15861957704167
2025-10-19 06:40:50.833812,68.48,73.53,52.58,15.22,51.12426446902101
2025-10-19 06:40:51.833812,74.77,78.64,175.47,44.73,52.05751682024324
2025-10-19 06:40:52.833811,71.89,80.47,134.97,43.36,51.82521397387341
2025-10-19 06:40:53.833811,22.54,28.58,229.24,124.16,53.191381513718845
2025-10-19 06:40:54.833810,44.54,39.65,157.73,148.06,53.02336625244919
2025-10-19 06:40:55.833810,21.87,55.0,218.86,12.14,52.01119389142238
2025-10-19 06:40:56.833810,62.19,74.72,162.55,67.89,52.21867417623038
2025-10-19 06:40:57.833809,49.26,87.75,207.35,148.37,53.215505699361124
2025-10-19 06:40:58.833809,37.84,91.29,203.76,38.28,52.12623773024297
2025-10-19 06:40:59.833808,28.39,67.36,65.23,119.84,52.21313826322608
2025-10-19 06:41:00.833808,69.95,69.95,142.47,74.96,52.18736696414612
2025-10-19 06:41:01.833807,77.55,67.5,233.26,118.12,53.09317157882464
2025-10-19 06:41:02.833807,70.94,35.25,226.62,46.38,52.41479118640536
2025-10-19 06:41:03.833806,55.53,26.85,268.59,63.9,52.82144708844425
2025-10-19 06:41:04.833806,68.23,54.52,225.53,127.97,53.16758908284218
2025-10-19 06:41:05.833805,21.05,26.9,147.96,27.48,51.82531826942638
2025-10-19 06:41:06.833805,93.09,40.3,182.37,76.96,52.46634952306919
2025-10-19 06:41:07.833805,94.5,72.04,154.07,148.94,52.96135587850261
2025-10-19 06:41:08.833804,90.2,82.6,182.11,91.35,52.53752540429784
2025-10-19 06:41:09.833804,14.82,47.67,178.7,31.83,51.998767440478595
2025-10-19 06:41:10.833803,35.26,95.71,232.0,76.33,52.63794646428227
2025-10-19 06:41:11.833803,18.65,41.28,221.99,15.98,52.086628394645174
2025-10-19 06:41:12.833802,30.15,54.68,123.13,40.56,51.775536184581654
2025-10-19 06:41:13.833802,31.31,70.96,281.6,62.89,52.81169167760382
2025-10-19 06:41:14.833801,65.14,62.73,238.58,77.66,52.73784143983482
2025-10-19 06:41:15.833801,15.8,47.81,254.95,141.25,53.46359791116845
2025-10-19 06:41:16.833800,45.94,93.33,294.99,15.08,52.38564428091248
2025-10-19 06:41:17.833800,31.0,25.56,279.42,33.29,52.58529588838717
2025-10-19 06:41:18.833799,41.95,46.33,180.02,33.28,52.021943400286396
2025-10-19 06:41:19.833799,35.51,34.81,121.12,111.73,52.48427431196623
2025-10-19 06:41:20.833799,13.53,34.85,70.19,27.37,51.396631686187284
2025-10-19 06:41:21.833798,30.58,42.05,186.39,19.45,51.928949732062954
2025-10-19 06:41:22.833798,51.65,33.07,77.95,130.32,52.43634588951477
2025-10-19 06:41:23.833797,35.97,82.04,183.81,58.02,52.22519089061281
2025-10-19 06:41:24.833797,66.09,78.1,186.37,32.56,51.99886736536579
2025-10-19 06:41:25.833796,37.59,44.94,269.1,62.75,52.78457438669151
2025-10-19 06:41:26.833796,13.15,47.49,273.6,24.71,52.43674583152743
2025-10-19 06:41:27.833795,56.26,25.14,61.01,34.04,51.427412871909205
2025-10-19 06:41:28.833795,63.09,21.59,130.26,59.67,52.050466691301274
2025-10-19 06:41:29.833794,33.96,65.48,102.22,135.24,52.562450083024565
2025-10-19 06:41:30.833794,27.86,45.08,65.07,126.53,52.3120444181141
2025-10-19 06:41:31.833794,74.06,61.11,156.2,97.06,52.488267261123895
2025-10-19 06:41:32.833793,67.28,85.35,102.39,107.4,52.26287734134976
2025-10-19 06:41:33.833793,26.12,31.91,144.06,124.26,52.732445733809804
2025-10-19 06:41:34.833792,84.88,79.54,295.91,15.38,52.41516213903077
2025-10-19 06:41:35.833792,85.89,57.66,220.0,84.71,52.714819529725666
2025-10-19 06:41:36.833791,74.61,61.2,217.69,128.65,53.12180253566164
2025-10-19 06:41:37.833791,82.35,88.94,114.82,21.83,51.496140070093205
2025-10-19 06:41:38.833790,84.59,88.79,70.18,75.99,51.7818125906067
2025-10-19 06:41:39.833790,23.2,38.51,156.62,137.24,52.91461009567725
2025-10-19 06:41:40.833789,92.58,97.9,212.12,128.26,53.030532562776415
2025-10-19 06:41:41.833789,77.39,58.71,126.36,142.34,52.77061201637385
2025-10-19 06:41:42.833788,42.35,28.32,60.66,13.36,51.22057046590289
2025-10-19 06:41:43.833788,85.52,47.93,268.25,20.65,52.36823796350374
2025-10-19 06:41:44.833787,51.87,62.41,99.61,143.78,52.6359301396723
2025-10-19 06:41:45.833787,30.15,47.22,96.94,43.05,51.67156307788983
2025-10-19 06:41:46.833787,69.83,31.1,274.8,82.42,53.02698636657295
2025-10-19 06:41:47.833786,36.7,73.91,296.13,42.5,52.68743975740259
2025-10-19 06:41:48.833786,85.97,83.07,79.24,111.59,52.18341548485773
2025-10-19 06:41:49.833785,89.15,54.41,174.02,146.45,53.07151526547379
2025-10-19 06:41:50.833785,89.57,45.68,153.61,14.7,51.70233676602779
2025-10-19 06:41:51.833784,19.74,96.8,132.02,106.56,52.394886409465954
2025-10-19 06:41:52.833784,38.98,98.02,189.19,43.74,52.09067109561
2025-10-19 06:41:53.833783,47.99,78.26,134.63,44.08,51.833840010298665
2025-10-19 06:41:54.833783,94.47,59.09,226.17,81.28,52.71233497059203
2025-10-19 06:41:55.833782,84.18,30.89,170.06,123.85,52.86886564207819
2025-10-19 06:41:56.833782,27.74,46.76,97.3,106.94,52.29200371464007
2025-10-19 06:41:57.833782,42.06,74.54,146.46,60.43,52.06093898699424
2025-10-19 06:41:58.833781,68.98,24.01,84.26,27.28,51.48792500219136
2025-10-19 06:41:59.833781,79.58,67.61,68.94,117.26,52.20759969274634
2025-10-19 06:42:00.833780,42.08,79.47,233.35,89.92,52.802125837150435
2025-10-19 06:42:01.833780,15.78,81.55,246.49,144.4,53.39579197163045
2025-10-19 06:42:02.833776,39.87,71.34,88.05,65.8,51.80612989753118
2025-10-19 06:42:03.833775,38.62,41.01,147.34,70.06,52.21153332032475
2025-10-19 06:42:04.833775,82.04,40.74,202.39,142.79,53.209070877667614
2025-10-19 06:42:05.833774,67.53,66.2,121.54,85.01,52.178732812249926
2025-10-19 06:42:06.833774,17.56,57.95,299.61,122.98,53.50935160382295
2025-10-19 06:42:07.833773,77.44,27.33,115.54,101.07,52.36318555651392
2025-10-19 06:42:08.833773,59.74,32.5,67.02,32.7,51.434949702854404
2025-10-19 06:42:09.833772,40.55,68.62,88.91,140.0,52.53249100562021
2025-10-19 06:42:10.833772,61.09,97.64,243.9,58.35,52.52456596233677
2025-10-19 06:42:11.833771,10.73,90.99,281.38,123.28,53.3629401063615
2025-10-19 06:42:12.833771,65.01,83.44,113.83,85.42,52.11440725181082
2025-10-19 06:42:13.833770,19.02,42.15,83.4,20.85,51.3926051744847
2025-10-19 06:42:14.833770,46.24,43.65,191.12,75.4,52.49269618108661
2025-10-19 06:42:15.833770,32.56,42.38,94.31,24.29,51.483740567350004
2025-10-19 06:42:16.833769,50.67,56.25,120.18,111.28,52.441157674230595
2025-10-19 06:42:17.833769,85.88,60.91,126.97,134.33,52.692951015180306
2025-10-19 06:42:18.833768,87.62,60.38,105.46,135.61,52.59134956697039
2025-10-19 06:42:19.833768,82.96,94.01,295.39,41.33,52.640537733244294
2025-10-19 06:42:20.833767,21.88,60.12,287.74,62.74,52.86007724051989
2025-10-19 06:42:21.833767,54.33,72.45,178.05,57.42,52.20373947771191
2025-10-19 06:42:22.833766,20.53,62.41,194.1,67.52,52.40287599800774
2025-10-19 06:42:23.833766,52.61,42.13,189.3,50.28,52.242472200064874
2025-10-19 06:42:24.833765,73.95,36.36,173.08,13.6,51.81029445968471
2025-10-19 06:42:25.833765,70.17,32.67,71.02,90.78,52.01764696601872
2025-10-19 06:42:26.833764,25.88,21.66,190.59,11.29,51.90455851551571
2025-10-19 06:42:27.833764,40.04,33.46,200.02,112.46,52.91459882320208
2025-10-19 06:42:28.833764,11.23,40.6,252.24,43.8,52.51817283341246
2025-10-19 06:42:29.833763,80.25,94.34,238.0,43.13,52.35109589739702
2025-10-19 06:42:30.833763,28.62,21.47,102.37,123.9,52.52287119053307
2025-10-19 06:42:31.833762,94.69,69.22,264.36,76.57,52.854690483571716
2025-10-19 06:42:32.833762,52.27,50.63,293.83,138.07,53.6359373890333
2025-10-19 06:42:33.833761,73.73,32.54,161.44,40.34,52.01274401007459
2025-10-19 06:42:34.833761,80.44,53.75,54.17,112.84,52.10783916231996
2025-10-19 06:42:35.833760,73.2,43.07,257.4,57.58,52.6750751880244
2025-10-19 06:42:36.833760,25.94,30.87,81.68,143.77,52.58977528395281
2025-10-19 06:42:37.833759,66.8,62.95,104.75,56.44,51.81796697174807
2025-10-19 06:42:38.833759,55.15,71.63,96.05,28.07,51.48353809866122
2025-10-19 06:42:39.833758,21.2,34.56,116.16,20.14,51.572548293307705
2025-10-19 06:42:40.833758,11.63,67.33,289.79,116.93,53.38366968153978
2025-10-19 06:42:41.833757,87.57,35.13,208.89,52.04,52.375073834453694
2025-10-19 06:42:42.833757,19.27,55.68,86.66,29.26,51.470030752165826
2025-10-19 06:42:43.833757,47.14,89.54,258.63,71.29,52.74106495614302
2025-10-19 06:42:44.833756,28.54,38.54,73.93,56.3,51.69052967272013
2025-10-19 06:42:45.833756,21.09,24.1,78.67,123.99,52.39309934606939
2025-10-19 06:42:46.833755,22.98,38.81,220.36,123.03,53.11695379129878
2025-10-19 06:42:47.833755,60.95,76.23,94.76,38.45,51.569782983884906
2025-10-19 06:42:48.833754,74.91,63.72,157.73,96.47,52.48662046125493
2025-10-19 06:42:49.833754,44.3,37.86,75.94,18.21,51.334011104240076
2025-10-19 06:42:50.833753,86.88,43.27,228.55,17.38,52.13204853533117
2025-10-19 06:42:51.833753,18.05,48.8,218.57,17.71,52.07326520308699
2025-10-19 06:42:52.833752,57.63,81.98,117.04,52.71,51.817544440760415
2025-10-19 06:42:53.833752,86.41,70.06,122.49,66.4,51.99777520062399
2025-10-19 06:42:54.833751,25.02,57.58,61.24,139.31,52.39550377783414
2025-10-19 06:42:55.833751,61.86,39.77,220.44,31.22,52.22809759201062
2025-10-19 06:42:56.833751,57.16,59.48,185.07,111.6,52.78552792509143
2025-10-19 06:42:57.833750,54.84,45.02,252.72,34.19,52.42085205235275
2025-10-19 06:42:58.833750,86.42,53.74,272.4,17.71,52.35281509307071
2025-10-19 06:42:59.833749,52.06,21.19,246.12,36.36,52.44411663676749
2025-10-19 06:43:00.833749,19.37,39.12,293.66,146.01,53.72992460000903
2025-10-19 06:43:01.833748,32.76,52.71,112.55,83.6,52.13834719918145
2025-10-19 06:43:02.833748,27.58,74.16,231.91,102.8,52.92734319914671
2025-10-19 06:43:03.833747,69.77,62.91,169.81,63.51,52.23366205809939
2025-10-19 06:43:04.833747,12.43,30.73,223.55,113.47,53.054257306723436
2025-10-19 06:43:05.833746,74.86,35.11,154.59,57.45,52.1375837595056
2025-10-19 06:43:06.833746,79.44,34.88,156.48,143.22,52.97740127830095
2025-10-19 06:43:07.833746,33.52,43.19,70.22,121.45,52.293386391434986
2025-10-19 06:43:08.833745,28.76,67.9,219.18,16.66,52.03630343020544
2025-10-19 06:43:09.833745,23.41,28.33,146.96,89.94,52.421697099398834
2025-10-19 06:43:10.833744,81.63,43.15,215.27,112.25,52.978714708507574
2025-10-19 06:43:11.833744,34.18,93.16,237.71,20.7,52.134514745119404
2025-10-19 06:43:12.833743,11.04,93.77,264.25,80.76,52.85597601657706
2025-10-19 06:43:13.833743,35.96,88.43,291.07,48.1,52.69172599262017
2025-10-19 06:43:14.833742,57.11,72.71,208.22,14.33,51.947701210989806
2025-10-19 06:43:15.833742,86.71,30.76,72.63,78.14,51.90702245452898
2025-10-19 06:43:16.833741,40.21,45.66,154.97,85.66,52.39578701093011
2025-10-19 06:43:17.833741,41.62,87.32,66.61,132.19,52.308506323610615
2025-10-19 06:43:18.833741,53.81,34.13,213.57,65.55,52.532265302672855
2025-10-19 06:43:19.833740,83.42,90.95,286.26,73.7,52.909628724750924
2025-10-19 06:43:20.833740,46.14,21.17,67.06,36.56,51.490322248681565
2025-10-19 06:43:21.833739,89.09,98.38,166.16,18.12,51.71944146461172
2025-10-19 06:43:22.833739,74.59,41.66,248.77,38.68,52.44847398395964
2025-10-19 06:43:23.833738,36.74,24.23,78.01,111.7,52.27053166292854
2025-10-19 06:43:24.833738,72.55,54.46,244.31,30.34,52.323875041380816
2025-10-19 06:43:25.833737,72.39,61.07,52.08,24.57,51.23161984455069
2025-10-19 06:43:26.833737,37.55,37.66,90.87,10.06,51.33520926269367
2025-10-19 06:43:27.833736,17.16,60.26,271.92,70.73,52.85267586964873
2025-10-19 06:43:28.833736,90.36,81.57,170.21,95.51,52.51585445459946
2025-10-19 06:43:29.833735,50.59,35.91,184.62,134.77,53.04427281087053
2025-10-19 06:43:30.833735,41.25,38.26,145.46,125.2,52.73901263655813
2025-10-19 06:43:31.833735,14.74,81.93,170.49,148.71,53.03120860977779
2025-10-19 06:43:32.833734,80.13,78.03,188.24,75.21,52.42137024750591
2025-10-19 06:43:33.833734,38.45,38.17,258.51,99.86,53.09754639950974
2025-10-19 06:43:34.833733,74.91,69.17,243.84,141.2,53.37019115364679
2025-10-19 06:43:35.833733,62.89,84.28,208.89,73.62,52.50638008273021
2025-10-19 06:43:36.833732,16.57,50.38,249.11,14.56,52.203330598183115
2025-10-19 06:43:37.833732,80.84,25.14,295.05,33.22,52.66870760428156
2025-10-19 06:43:38.833731,49.72,87.39,149.67,53.27,51.98861133195578
2025-10-19 06:43:39.833731,23.06,52.83,218.79,101.96,52.88276544561092
2025-10-19 06:43:40.833730,59.11,48.31,237.82,25.64,52.25346673489001
2025-10-19 06:43:41.833730,76.53,98.87,103.28,127.59,52.44157710183562
2025-10-19 06:43:42.833729,83.46,65.1,77.42,133.41,52.412978989573006
2025-10-19 06:43:43.833729,42.61,22.38,202.68,16.9,52.0222042231509
2025-10-19 06:43:44.833729,44.96,31.84,179.74,129.77,52.97628317299507
2025-10-19 06:43:45.833728,51.21,50.83,202.33,29.47,52.09710168496562
2025-10-19 06:43:46.833728,89.91,36.78,283.72,66.72,52.91384377116053
2025-10-19 06:43:47.833727,67.95,30.21,105.74,48.64,51.7993626446537
2025-10-19 06:43:48.833727,55.23,95.96,58.03,53.46,51.48781650963746
2025-10-19 06:43:49.833726,16.89,93.77,170.76,112.06,52.65961958869193
2025-10-19 06:43:50.833726,89.9,44.15,178.17,73.97,52.40895894486407
2025-10-19 06:43:51.833725,51.87,95.79,291.64,58.88,52.787422363648034
2025-10-19 06:43:52.833725,18.2,74.64,207.02,13.82,51.93332655937589
2025-10-19 06:43:53.833724,55.25,52.42,242.87,141.94,53.39853472902419
2025-10-19 06:43:54.833724,80.95,36.85,133.42,58.87,52.03557774460556
2025-10-19 06:43:55.833724,94.74,71.96,78.16,94.9,52.03375191443225
2025-10-19 06:43:56.833723,75.3,95.33,135.75,23.5,51.61394719276134
2025-10-19 06:43:57.833723,15.83,34.26,133.08,51.52,51.96676771339368
2025-10-19 06:43:58.833722,63.8,42.41,286.07,95.4,53.19485132512649
2025-10-19 06:43:59.833722,60.44,66.79,94.01,123.51,52.403140754130405
2025-10-19 06:44:00.833721,61.36,87.16,164.2,133.85,52.845711189581955
2025-10-19 06:44:01.833721,34.07,95.68,149.28,13.24,51.58640390842801
2025-10-19 06:44:02.833720,77.6,32.79,101.46,72.6,52.004141634520415
2025-10-19 06:44:03.833720,57.34,60.93,160.16,25.01,51.812988195592254
2025-10-19 06:44:04.833719,32.04,61.38,259.91,83.16,52.907001689068764
2025-10-19 06:44:05.833719,26.32,20.35,258.08,51.32,52.653935371796294
2025-10-19 06:44:06.833718,14.19,25.36,144.92,33.78,51.87243476709776
2025-10-19 06:44:07.833718,52.68,50.93,188.44,81.18,52.52282277693759
2025-10-19 06:44:08.833718,38.35,38.84,179.79,97.71,52.65552210093334
2025-10-19 06:44:09.833717,54.36,43.61,104.31,34.68,51.63564881989549
2025-10-19 06:44:10.833717,10.2,88.75,68.05,10.82,51.140334169049105
2025-10-19 06:44:11.833716,88.06,34.25,289.31,138.87,53.64533008003038
2025-10-19 06:44:12.833716,58.84,50.77,272.88,43.64,52.61078659148751
2025-10-19 06:44:13.833715,76.35,29.94,288.05,16.97,52.46665646171305
2025-10-19 06:44:14.833715,74.35,66.39,136.74,21.21,51.64264129316644
2025-10-19 06:44:15.833714,79.6,48.35,164.21,129.25,52.86237345642248
2025-10-19 06:44:16.833714,54.33,82.9,101.35,19.81,51.414216519300844
2025-10-19 06:44:17.833713,55.55,98.41,156.46,129.67,52.746270362023814
2025-10-19 06:44:18.833713,10.78,66.53,189.21,108.79,52.76935689758719
2025-10-19 06:44:19.833713,21.05,46.86,270.79,11.85,52.29838677581395
2025-10-19 06:44:20.833712,49.23,76.87,194.98,56.43,52.277575585012855
2025-10-19 06:44:21.833712,27.83,60.18,119.8,56.54,51.90362573977371
2025-10-19 06:44:22.833711,20.92,37.05,62.52,12.42,51.20766744624366
2025-10-19 06:44:23.833711,74.97,61.95,55.25,144.51,52.40693486312773
2025-10-19 06:44:24.833710,38.83,41.14,187.63,24.14,51.98235155352248
2025-10-19 06:44:25.833710,22.1,90.17,223.03,70.81,52.545411478307855
2025-10-19 06:44:26.833709,40.57,52.77,279.95,146.5,53.63999759007166
2025-10-19 06:44:27.833709,62.4,75.75,292.61,95.65,53.1796977429294
2025-10-19 06:44:28.833708,60.59,95.71,67.14,29.98,51.30979224942169
2025-10-19 06:44:29.833708,15.48,37.69,252.65,68.98,52.76842400239398
2025-10-19 06:44:30.833707,92.98,85.01,233.77,109.42,52.98420584864522
2025-10-19 06:44:31.833707,60.41,93.05,279.91,82.48,52.95732878431686
2025-10-19 06:44:32.833707,78.1,87.06,180.94,78.6,52.40097178261834
2025-10-19 06:44:33.833706,68.51,71.49,266.34,78.76,52.882862481655074
2025-10-19 06:44:34.833706,48.54,83.75,219.62,125.74,53.068470366981735
2025-10-19 06:44:35.833705,89.24,67.92,66.67,18.63,51.241276026135345
2025-10-19 06:44:36.833705,58.06,60.86,110.66,32.16,51.61802276923384
2025-10-19 06:44:37.833704,25.27,91.07,248.41,118.2,53.13770991772126
2025-10-19 06:44:38.833704,48.64,80.06,191.68,55.8,52.24884818761368
2025-10-19 06:44:39.833703,19.67,21.24,267.45,103.86,53.21059254218321
2025-10-19 06:44:40.833703,92.8,67.62,235.04,22.52,52.178063561422974
2025-10-19 06:44:41.833702,40.0,62.23,194.66,11.77,51.867064488110714
2025-10-19 06:44:42.833702,10.45,37.61,115.09,70.9,52.052868404884244
2025-10-19 06:44:43.833702,49.58,68.57,246.33,46.95,52.47306024358609
2025-10-19 06:44:44.833701,62.98,54.3,88.49,82.23,51.99417311154681
2025-10-19 06:44:45.833701,12.42,77.68,103.94,83.24,52.049604607755334
2025-10-19 06:44:46.833700,48.78,26.3,297.05,104.77,53.369421655794945
2025-10-19 06:44:47.833700,66.41,37.6,155.13,40.04,51.96819777647771
2025-10-19 06:44:48.833699,65.94,95.58,75.52,106.92,52.098710559407905
2025-10-19 06:44:49.833699,65.49,82.97,106.59,80.44,52.02834752645014
2025-10-19 06:44:50.833698,34.08,40.62,60.42,106.5,52.1005612318435
2025-10-19 06:44:51.833698,57.6,37.53,260.19,74.13,52.85872052568716
2025-10-19 06:44:52.833697,14.33,94.17,176.38,80.54,52.384199664402786
2025-10-19 06:44:53.833697,33.23,70.85,136.72,87.73,52.278740459765075
2025-10-19 06:44:54.833696,63.72,58.02,145.4,137.23,52.823914998459045
2025-10-19 06:44:55.833696,88.29,35.3,192.65,28.35,52.05904838311685
2025-10-19 06:44:56.833695,71.15,91.38,233.92,115.87,53.037349070523156
2025-10-19 06:44:57.833695,18.71,78.11,102.52,25.49,51.48292503705735
2025-10-19 06:44:58.833694,48.18,34.63,293.04,136.0,53.636889431093266
2025-10-19 06:44:59.833694,64.6,77.94,86.07,134.44,52.44889846837166
2025-10-19 06:45:00.833693,61.23,84.89,94.13,29.87,51.46982314281943
2025-10-19 06:45:01.833693,50.28,22.07,245.57,12.61,52.21014116666271
2025-10-19 06:45:02.833693,79.97,78.32,126.04,46.18,51.80820144410952
2025-10-19 06:45:03.833692,46.09,97.4,258.09,130.23,53.2957406578059
2025-10-19 06:45:04.833692,28.62,46.14,145.5,127.49,52.74896606874014
2025-10-19 06:45:05.833691,13.17,95.44,131.98,130.09,52.62434088863264
2025-10-19 06:45:06.833691,28.31,29.31,258.74,39.26,52.5267384413723
2025-10-19 06:45:07.833690,22.38,80.43,218.99,36.19,52.204414869089824
2025-10-19 06:45:08.833690,18.12,34.22,134.51,37.37,51.83763773130223
2025-10-19 06:45:09.833689,72.67,43.22,231.04,76.48,52.71689529923294
2025-10-19 06:45:10.833689,12.34,31.42,98.76,64.64,51.9149158939877
2025-10-19 06:45:11.833688,22.96,46.52,177.36,29.59,51.97176510597356
2025-10-19 06:45:12.833688,87.82,31.45,107.75,120.37,52.50174468772337
2025-10-19 06:45:13.833687,61.87,83.41,217.17,143.76,53.230175699270816
2025-10-19 06:45:14.833687,21.88,28.3,182.08,111.21,52.814876440711345
2025-10-19 06:45:15.833686,12.39,85.77,249.11,107.88,53.04999784197692
2025-10-19 06:45:16.833686,61.67,36.38,238.21,58.34,52.590525087322035
2025-10-19 06:45:17.833686,73.5,27.68,252.17,10.24,52.21362206393187
2025-10-19 06:45:18.833685,94.19,49.49,133.84,100.96,52.42491968745919
2025-10-19 06:45:19.833685,36.66,23.31,225.48,111.29,53.055158641867074
2025-10-19 06:45:20.833684,88.26,47.52,80.72,12.13,51.28552806030241
2025-10-19 06:45:21.833684,20.18,70.99,50.24,27.42,51.233742419037554
2025-10-19 06:45:22.833683,93.4,83.41,242.4,99.64,52.938218935568216
2025-10-19 06:45:23.833683,71.73,67.71,85.9,48.4,51.63211559101876
2025-10-19 06:45:24.833682,90.52,49.17,168.11,52.07,52.1355946786963
2025-10-19 06:45:25.833682,15.17,48.03,108.08,28.17,51.585864878064605
2025-10-19 06:45:26.833681,72.67,21.83,236.46,104.57,53.05111550185327
2025-10-19 06:45:27.833681,50.71,95.19,286.78,129.19,53.44230009151525
2025-10-19 06:45:28.833680,18.45,73.4,154.11,49.01,51.993138853601
2025-10-19 06:45:29.833680,46.7,33.06,272.6,42.55,52.62662875561929
2025-10-19 06:45:30.833679,23.27,48.93,99.04,39.72,51.64788050809324
2025-10-19 06:45:31.833679,48.17,32.73,102.21,73.19,52.013944419998644
2025-10-19 06:45:32.833678,79.39,86.75,239.36,14.23,52.090848864343904
2025-10-19 06:45:33.833678,54.4,43.84,65.2,100.95,52.067340072517304
2025-10-19 06:45:34.833677,20.66,42.47,207.98,113.23,52.95034986797595
2025-10-19 06:45:35.833677,19.49,61.06,51.34,123.21,52.18150165938484
2025-10-19 06:45:36.833676,13.24,28.6,100.9,16.6,51.46624652851519
2025-10-19 06:45:37.833676,12.92,85.17,68.5,148.2,52.476790084025616
2025-10-19 06:45:38.833675,92.19,34.27,131.4,132.17,52.737643348711494
2025-10-19 06:45:39.833675,20.84,72.16,99.62,47.19,51.686643289776
2025-10-19 06:45:40.833674,60.14,81.86,205.02,26.77,52.03650871286414
2025-10-19 06:45:41.833674,59.34,91.19,147.76,126.3,52.6786107501826
2025-10-19 06:45:42.833673,56.26,95.51,181.37,20.28,51.82603117670785
2025-10-19 06:45:43.833673,81.44,52.27,92.13,60.44,51.80609546774338
2025-10-19 06:45:44.833672,51.66,84.94,208.21,35.67,52.13474774271845
2025-10-19 06:45:45.833672,89.71,77.54,152.47,36.09,51.85293639248717
2025-10-19 06:45:46.833671,90.53,41.96,281.0,96.85,53.18251877907768
2025-10-19 06:45:47.833671,10.98,90.33,236.72,81.38,52.7204404500319
2025-10-19 06:45:48.833670,53.21,27.5,155.06,136.88,52.920132705820265
2025-10-19 06:45:49.833670,32.17,63.76,146.53,23.18,51.71808592475073
2025-10-19 06:45:50.833669,47.33,51.58,258.42,104.73,53.12304911296801
2025-10-19 06:45:51.833669,13.45,40.07,71.56,137.5,52.46064807085619
2025-10-19 06:45:52.833668,75.71,59.51,86.63,110.95,52.25375704729648
2025-10-19 06:45:53.833667,47.21,55.65,70.66,136.58,52.42242420081409
2025-10-19 06:45:54.833667,62.72,59.79,124.15,29.27,51.663766591848514
2025-10-19 06:45:55.833666,49.76,28.33,168.95,113.88,52.7705638705725
2025-10-19 06:45:56.833666,78.43,30.74,136.33,107.85,52.53434811117154
2025-10-19 06:45:57.833665,50.99,89.82,276.53,83.34,52.9526876583525
2025-10-19 06:45:58.833664,89.83,22.93,53.59,94.89,51.97968540510292
2025-10-19 06:45:59.833664,74.51,84.89,90.98,18.59,51.343935700080905
2025-10-19 06:46:00.833663,92.43,63.25,101.11,118.36,52.39681147317256
2025-10-19 06:46:01.833663,38.52,64.98,274.55,123.24,53.367038523142625
2025-10-19 06:46:02.833662,33.87,64.82,56.11,80.56,51.78863249055193
2025-10-19 06:46:03.833661,24.69,32.98,162.04,45.97,52.06969423756022
2025-10-19 06:46:04.833661,56.55,83.66,252.27,80.69,52.80726784976145
2025-10-19 06:46:05.833660,84.23,45.85,50.02,113.14,52.10102390252499
2025-10-19 06:46:06.833660,81.31,84.37,296.81,130.65,53.52698579948806
2025-10-19 06:46:07.833659,79.61,69.47,152.83,146.4,52.93422157751866
2025-10-19 06:46:08.833658,72.1,61.87,250.15,46.54,52.50003172470777
2025-10-19 06:46:09.833658,53.69,37.05,224.9,39.41,52.335379536612244
2025-10-19 06:46:10.833657,80.75,81.44,298.08,46.89,52.72844532529554
2025-10-19 06:46:11.833657,77.41,71.78,281.22,82.36,52.99664105226974
2025-10-19 06:46:12.833656,63.21,25.93,171.3,117.17,52.81869830399457
2025-10-19 06:46:13.833655,90.63,52.92,140.78,85.5,52.30707090311191
2025-10-19 06:46:14.833655,23.31,24.21,184.45,108.82,52.81085408484816
2025-10-19 06:46:15.833654,93.64,75.86,142.5,18.22,51.629567489626886
2025-10-19 06:46:16.833654,56.84,55.23,98.87,110.08,52.31741427302662
2025-10-19 06:46:17.833653,91.26,32.6,205.13,70.1,52.53362082692909
2025-10-19 06:46:18.833652,51.31,40.33,297.68,19.62,52.527328151462214
2025-10-19 06:46:19.833652,91.35,94.13,219.61,97.57,52.77968370925631
2025-10-19 06:46:20.833651,69.51,68.36,150.7,12.9,51.633699068193806
2025-10-19 06:46:21.833651,83.04,52.05,201.44,59.86,52.384291994433674
2025-10-19 06:46:22.833650,92.47,31.48,285.3,87.64,53.1329092201058
2025-10-19 06:46:23.833649,22.01,69.05,158.88,115.19,52.66538517099512
2025-10-19 06:46:24.833649,11.34,26.88,158.68,67.98,52.27419087684279
2025-10-19 06:46:25.833648,80.83,96.69,274.79,145.89,53.537423997643884
2025-10-19 06:46:26.833648,93.65,87.25,66.34,91.28,51.911589272205305
2025-10-19 06:46:27.833647,83.95,35.84,117.08,79.61,52.15049921888296
2025-10-19 06:46:28.833646,86.96,26.48,217.31,75.03,52.655938135828784
2025-10-19 06:46:29.833646,76.54,55.62,78.2,147.59,52.56918034362656
2025-10-19 06:46:30.833645,31.44,68.42,74.18,79.88,51.87284184788651
2025-10-19 06:46:31.833645,40.35,87.65,201.76,68.53,52.4137994364172
2025-10-19 06:46:32.833644,67.12,72.36,211.11,56.41,52.370577524583915
2025-10-19 06:46:33.833644,93.66,62.54,278.1,16.01,52.35294952241458
2025-10-19 06:46:34.833644,47.88,22.15,161.49,101.26,52.618441503115704
2025-10-19 06:46:35.833643,20.51,54.74,127.04,121.88,52.58264926310702
2025-10-19 06:46:36.833643,68.85,48.32,235.01,59.53,52.566157203561836
2025-10-19 06:46:37.833642,45.09,43.12,91.65,144.5,52.63076825888585
2025-10-19 06:46:38.833642,12.8,88.22,179.7,145.55,53.03991137721351
2025-10-19 06:46:39.833641,49.51,93.06,102.76,18.11,51.38931170078022
2025-10-19 06:46:40.833641,46.81,95.82,143.51,67.58,52.08083498845213
2025-10-19 06:46:41.833640,29.09,45.02,190.84,78.11,52.515249970543515
2025-10-19 06:46:42.833640,56.77,20.8,294.24,67.18,52.999597422786465
2025-10-19 06:46:43.833640,48.94,87.53,146.32,108.66,52.50611267776817
2025-10-19 06:46:44.833639,76.86,92.02,111.54,31.29,51.56525951087285
2025-10-19 06:46:45.833639,56.63,92.4,121.93,103.37,52.317109146973046
2025-10-19 06:46:46.833638,28.27,82.33,108.15,48.91,51.7327970668896
2025-10-19 06:46:47.833638,71.13,22.18,185.55,148.6,53.20458019395807
2025-10-19 06:46:48.833637,45.21,90.66,279.44,85.65,52.98923494104596
2025-10-19 06:46:49.833637,67.41,72.97,121.52,72.41,52.046131855432925
2025-10-19 06:46:50.833636,44.55,20.68,152.43,39.46,51.974810845859885
2025-10-19 06:46:51.833636,83.15,81.49,236.83,104.09,52.95454043604196
2025-10-19 06:46:52.833635,52.57,69.71,288.05,48.49,52.70884390261475
2025-10-19 06:46:53.833635,93.06,31.86,167.07,101.53,52.63555226129269
2025-10-19 06:46:54.833634,24.66,35.56,103.1,108.17,52.352485278839254
2025-10-19 06:46:55.833634,91.32,73.33,116.27,96.23,52.24787398869343
2025-10-19 06:46:56.833633,39.25,30.35,242.75,77.62,52.81068079534648
2025-10-19 06:46:57.833633,85.21,40.1,269.24,42.82,52.6002236594582
2025-10-19 06:46:58.833633,71.4,23.56,90.08,122.52,52.44063752831384
2025-10-19 06:46:59.833632,63.47,62.49,273.44,63.51,52.787463945865554
2025-10-19 06:47:00.833632,25.69,32.43,81.42,27.18,51.45854550189632
2025-10-19 06:47:01.833631,68.83,94.11,226.5,13.62,52.004723076161696
2025-10-19 06:47:02.833631,32.36,68.53,125.12,56.06,51.91423718327149
2025-10-19 06:47:03.833630,13.01,94.63,248.96,123.59,53.18716146824749
2025-10-19 06:47:04.833630,68.68,90.88,227.55,75.98,52.618412254472425
2025-10-19 06:47:05.833629,31.02,40.83,181.97,120.79,52.88720170673381
2025-10-19 06:47:06.833629,61.95,45.26,208.31,46.52,52.302656184862556
2025-10-19 06:47:07.833628,19.38,70.85,157.52,131.52,52.81319831270693
2025-10-19 06:47:08.833628,27.4,39.61,239.54,55.22,52.56237058153528
2025-10-19 06:47:09.833627,92.38,83.82,215.73,148.22,53.26497083022867
2025-10-19 06:47:10.833627,80.54,94.7,82.39,112.56,52.191302318076296
2025-10-19 06:47:11.833626,67.32,95.79,119.38,123.17,52.48962146874209
2025-10-19 06:47:12.833626,26.91,70.64,112.53,130.24,52.561010770080365
2025-10-19 06:47:13.833625,62.5,50.18,244.17,145.47,53.44313349888188
2025-10-19 06:47:14.833625,15.29,97.83,87.92,12.23,51.24573504061636
2025-10-19 06:47:15.833625,49.45,55.81,120.04,116.39,52.49051498798593
2025-10-19 06:47:16.833624,11.04,42.41,79.07,55.97,51.708682588137705
2025-10-19 06:47:17.833624,16.54,93.28,267.24,15.77,52.244275236620844
2025-10-19 06:47:18.833623,23.35,39.26,82.76,100.9,52.16779494749118
2025-10-19 06:47:19.833623,27.35,57.45,127.75,112.77,52.49408262173833
2025-10-19 06:47:20.833622,27.52,92.24,273.41,120.68,53.293290315613454
2025-10-19 06:47:21.833622,16.67,64.92,198.22,69.82,52.443156457805976
2025-10-19 06:47:22.833621,79.85,53.49,143.5,97.29,52.43469747045883
2025-10-19 06:47:23.833621,11.87,58.52,227.31,89.75,52.80121918637602
2025-10-19 06:47:24.833620,14.25,63.36,74.43,61.45,51.70392905622101
2025-10-19 06:47:25.833620,59.9,39.24,56.37,41.79,51.455391810428154
2025-10-19 06:47:26.833619,46.19,67.11,215.43,108.34,52.904045802745344
2025-10-19 06:47:27.833619,51.4,25.49,162.93,86.85,52.48153045359598
2025-10-19 06:47:28.833619,71.89,34.32,286.01,88.72,53.14267185562593
2025-10-19 06:47:29.833618,27.24,51.75,232.84,147.96,53.40426410472372
2025-10-19 06:47:30.833618,18.6,92.98,161.66,15.95,51.68293879412826
2025-10-19 06:47:31.833617,41.95,81.25,72.57,86.83,51.911257194837034
2025-10-19 06:47:32.833617,58.88,46.45,286.04,141.88,53.637778098126034
2025-10-19 06:47:33.833616,21.16,94.56,113.47,19.55,51.45804117065411
2025-10-19 06:47:34.833616,58.52,38.81,269.0,62.54,52.7916589934293
2025-10-19 06:47:35.833615,46.65,68.11,140.36,10.08,51.55163281112501
2025-10-19 06:47:36.833615,86.85,62.03,288.29,91.42,53.137332534283225
2025-10-19 06:47:37.833614,70.8,68.16,210.22,136.43,53.146204816424046
2025-10-19 06:47:38.833614,18.59,94.76,132.67,20.45,51.568911959110366
2025-10-19 06:47:39.833613,86.07,87.16,106.98,49.83,51.727845387712556
2025-10-19 06:47:40.833613,23.44,70.28,55.43,134.25,52.29557291972374
2025-10-19 06:47:41.833612,72.09,95.55,200.37,22.42,51.94807667178321
2025-10-19 06:47:42.833611,57.01,96.15,112.97,10.52,51.36555249459536
2025-10-19 06:47:43.833610,42.79,94.85,158.31,116.75,52.63681658287148
2025-10-19 06:47:44.833610,79.02,64.84,210.51,31.77,52.14095129174129
2025-10-19 06:47:45.833610,75.82,87.27,138.4,128.58,52.656867500631435
2025-10-19 06:47:46.833609,66.4,47.3,267.64,126.95,53.39385923951267
2025-10-19 06:47:47.833609,45.25,44.68,165.02,144.8,53.022837081619166
2025-10-19 06:47:48.833608,74.09,72.73,222.19,126.88,53.110557716958816
2025-10-19 06:47:49.833607,68.1,36.32,262.12,54.37,52.67985419111333
2025-10-19 06:47:50.833607,71.64,21.03,209.2,52.26,52.40105011137784
2025-10-19 06:47:51.833606,82.72,30.9,126.2,115.31,52.55216157029021
2025-10-19 06:47:52.833606,88.62,91.74,254.73,148.25,53.46096273903016
2025-10-19 06:47:53.833605,90.06,88.94,291.25,50.35,52.71364074840869
2025-10-19 06:47:54.833604,86.35,66.5,233.69,119.24,53.10787085793517
2025-10-19 06:47:55.833603,70.02,64.41,152.32,119.75,52.68176750969672
2025-10-19 06:47:56.833603,37.24,35.3,186.77,71.11,52.44113794836383
2025-10-19 06:47:57.833602,73.5,30.28,201.22,61.74,52.43556402103792
2025-10-19 06:47:58.833602,42.14,87.32,292.6,56.04,52.778416962547006
2025-10-19 06:47:59.833601,67.72,35.44,163.63,126.31,52.85116994257094
2025-10-19 06:48:00.833600,85.45,68.5,281.17,123.37,53.398090130706436
2025-10-19 06:48:01.833600,20.29,57.27,60.19,94.71,51.95912006293735
2025-10-19 06:48:02.833599,55.18,28.88,265.87,48.71,52.6568510919068
2025-10-19 06:48:03.833599,57.13,28.33,184.48,79.26,52.518693726252366
2025-10-19 06:48:04.833598,94.65,70.62,59.25,109.87,52.07968108838427
2025-10-19 06:48:05.833597,56.0,41.05,293.18,121.12,53.483646579883164
2025-10-19 06:48:06.833597,26.22,36.86,97.29,105.75,52.29602665134216
2025-10-19 06:48:07.833596,14.7,56.0,273.24,95.34,53.10439757512294
2025-10-19 06:48:08.833595,71.6,90.77,196.73,60.3,52.30245861910706
2025-10-19 06:48:09.833595,40.83,69.44,131.04,127.92,52.639265939316545
2025-10-19 06:48:10.833594,78.29,72.58,238.27,83.15,52.77376872526607
2025-10-19 06:48:11.833594,56.46,42.81,206.46,12.02,51.96303447738856
2025-10-19 06:48:12.833593,31.04,61.17,60.06,103.59,52.038153966780214
2025-10-19 06:48:13.833592,53.4,22.09,120.2,47.3,51.87636911159582
2025-10-19 06:48:14.833592,91.79,29.61,202.85,149.14,53.290447894893916
2025-10-19 06:48:15.833591,94.59,32.53,297.03,130.87,53.61188679890022
2025-10-19 06:48:16.833590,44.25,82.85,167.81,102.63,52.569877320085645
2025-10-19 06:48:17.833590,71.7,61.62,269.41,30.07,52.443968987442965
2025-10-19 06:48:18.833589,86.03,87.23,121.65,20.42,51.521653643280374
2025-10-19 06:48:19.833589,49.24,46.96,264.51,101.57,53.13227142868796
2025-10-19 06:48:20.833588,91.29,75.91,279.8,12.33,52.30539394241318
2025-10-19 06:48:21.833587,82.47,58.54,165.03,25.23,51.84487189195236
2025-10-19 06:48:22.833587,82.63,52.13,296.73,138.26,53.65089272042251
2025-10-19 06:48:23.833586,10.16,59.35,206.69,75.01,52.54731946030462
2025-10-19 06:48:24.833586,30.35,85.99,272.42,136.95,53.455169409705896
2025-10-19 06:48:25.833585,49.72,70.47,64.03,28.04,51.31416233328322
2025-10-19 06:48:26.833584,89.3,48.55,201.35,126.4,53.03274045467656
2025-10-19 06:48:27.833584,34.56,88.9,78.68,20.18,51.2873453722229
2025-10-19 06:48:28.833583,61.67,95.18,66.54,127.8,52.25331072100191
2025-10-19 06:48:29.833582,90.59,63.92,107.84,90.89,52.16605349542141
2025-10-19 06:48:30.833582,78.84,63.12,151.22,146.2,52.93368932149662
2025-10-19 06:48:31.833581,91.58,28.3,73.72,11.16,51.269038403252665
2025-10-19 06:48:32.833581,69.43,86.66,282.16,84.75,53.001346901029855
2025-10-19 06:48:33.833580,64.54,79.25,173.52,125.09,52.82320264901043
2025-10-19 06:48:34.833579,72.84,23.17,78.47,43.86,51.61866529078212
2025-10-19 06:48:35.833579,27.86,36.51,71.37,119.2,52.28828267595712
2025-10-19 06:48:36.833578,20.5,41.53,136.81,126.34,52.69871819117517
2025-10-19 06:48:37.833578,19.39,82.65,272.25,23.01,52.35775753859844
2025-10-19 06:48:38.833577,58.41,40.14,154.79,74.61,52.29666523915398
2025-10-19 06:48:39.833576,63.95,94.07,227.46,135.9,53.19231704354107
2025-10-19 06:48:40.833576,41.0,71.78,285.22,17.66,52.39236421276101
2025-10-19 06:48:41.833575,10.04,79.84,191.96,106.99,52.74567926859794
2025-10-19 06:48:42.833575,94.37,30.16,292.41,80.0,53.09906142695546
2025-10-19 06:48:43.833574,83.91,80.93,101.65,71.68,51.92048433577004
2025-10-19 06:48:44.833573,86.9,98.12,115.99,44.99,51.71188471373265
2025-10-19 06:48:45.833573,25.12,98.72,232.19,118.35,53.040542090628314
2025-10-19 06:48:46.833572,12.89,69.43,84.66,69.09,51.82285492321853
2025-10-19 06:48:47.833572,91.5,96.26,252.24,34.84,52.3439203111787
2025-10-19 06:48:48.833571,39.73,26.29,203.84,94.55,52.77309094409596
2025-10-19 06:48:49.833570,93.38,25.08,270.11,90.36,53.08820579264914
2025-10-19 06:48:50.833570,75.47,53.07,92.26,19.92,51.413715212635765
2025-10-19 06:48:51.833569,30.43,94.19,228.86,81.12,52.66989651868776
2025-10-19 06:48:52.833569,12.36,75.91,241.94,38.51,52.35646235004121
2025-10-19 06:48:53.833568,79.78,95.51,214.37,136.63,53.12723939795861
2025-10-19 06:48:54.833567,54.45,60.48,186.95,24.81,51.95475826274008
2025-10-19 06:48:55.833567,34.81,22.84,253.94,112.11,53.21573712773292
2025-10-19 06:48:56.833566,14.05,77.32,276.11,102.15,53.152008056662865
2025-10-19 06:48:57.833566,16.55,64.51,57.7,28.45,51.29372097662523
2025-10-19 06:48:58.833565,30.85,93.86,211.97,40.69,52.18931840257892
2025-10-19 06:48:59.833565,24.14,89.77,209.47,73.61,52.5007376216793
2025-10-19 06:49:00.833564,74.44,45.1,293.79,120.62,53.47569276132605
2025-10-19 06:49:01.833563,16.02,86.25,179.69,65.51,52.26899877043516
2025-10-19 06:49:02.833563,23.19,50.75,178.76,116.78,52.8156777847918
2025-10-19 06:49:03.833562,70.89,83.15,87.49,22.35,51.36440411347923
2025-10-19 06:49:04.833561,61.87,69.34,59.32,38.04,51.38749735537361
2025-10-19 06:49:05.833561,36.06,55.94,274.71,146.11,53.60326735085879
2025-10-19 06:49:06.833560,46.17,88.23,99.98,141.21,52.57241173831583
2025-10-19 06:49:07.833560,52.12,83.67,179.22,144.42,53.03358456462845
2025-10-19 06:49:08.833559,80.53,52.79,237.59,12.64,52.11948160727417
2025-10-19 06:49:09.833559,86.04,32.07,288.31,74.06,53.01673277756899
2025-10-19 06:49:10.833559,27.29,41.78,117.37,59.62,51.94940056774149
2025-10-19 06:49:11.833558,82.31,57.68,148.3,47.58,51.97304373655802
2025-10-19 06:49:12.833558,53.7,34.72,172.08,61.0,52.26588047846408
2025-10-19 06:49:13.833557,58.97,76.07,96.71,117.91,52.348794979693444
2025-10-19 06:49:14.833557,13.52,35.79,83.95,68.84,51.86959922991129
2025-10-19 06:49:15.833556,64.85,32.11,90.42,139.77,52.59579584984315
2025-10-19 06:49:16.833556,60.78,94.91,101.24,84.55,52.02073912000484
2025-10-19 06:49:17.833555,19.75,58.72,276.83,145.28,53.60218145449863
2025-10-19 06:49:18.833555,32.21,20.27,171.84,109.0,52.75148865018637
2025-10-19 06:49:19.833554,75.86,79.1,73.39,19.9,51.27182750179806
2025-10-19 06:49:20.833554,19.54,30.49,56.53,70.37,51.746377957671754
2025-10-19 06:49:21.833553,23.72,28.4,277.36,52.98,52.760225730098384
2025-10-19 06:49:22.833553,17.43,84.36,135.61,90.51,52.27843175921768
2025-10-19 06:49:23.833553,82.53,22.94,295.68,36.78,52.70995727542746
2025-10-19 06:49:24.833552,39.38,25.56,60.77,104.3,52.10486152088979
2025-10-19 06:49:25.833551,33.16,52.56,187.07,16.14,51.884029342854056
2025-10-19 06:49:26.833551,47.06,81.6,60.78,12.72,51.13115635808279
2025-10-19 06:49:27.833550,90.85,71.75,251.32,55.08,52.57330399569953
2025-10-19 06:49:28.833550,48.87,33.09,261.49,70.12,52.83387294470745
2025-10-19 06:49:29.833550,76.78,21.57,266.08,128.85,53.44440549369972
2025-10-19 06:49:30.833549,23.28,88.71,98.53,108.26,52.245301072329525
2025-10-19 06:49:31.833549,42.78,74.18,75.68,129.34,52.35004344704083
2025-10-19 06:49:32.833548,58.72,75.53,126.75,59.72,51.947310099050476
2025-10-19 06:49:33.833548,38.55,75.21,50.34,37.88,51.32877835628402
2025-10-19 06:49:34.833547,58.88,21.33,293.41,106.03,53.36999947567755
2025-10-19 06:49:35.833547,85.48,30.49,182.37,125.31,52.949319465383596
2025-10-19 06:49:36.833546,86.2,90.37,178.66,148.35,53.058051053271306
2025-10-19 06:49:37.833546,90.32,47.78,51.95,37.76,51.379388143310386
2025-10-19 06:49:38.833545,78.21,33.27,263.56,52.95,52.67861037177945
2025-10-19 06:49:39.833545,26.78,58.73,260.61,14.95,52.25534133550732
2025-10-19 06:49:40.833544,28.88,38.16,247.16,26.51,52.327709738448384
2025-10-19 06:49:41.833544,53.17,64.22,120.7,12.58,51.47699186026532
2025-10-19 06:49:42.833543,89.16,66.22,258.35,105.85,53.110461232214
2025-10-19 06:49:43.833543,16.53,90.54,61.87,148.74,52.43817036290688
2025-10-19 06:49:44.833543,88.88,42.52,165.69,103.48,52.63026264903135
2025-10-19 06:49:45.833542,48.62,86.7,296.07,34.8,52.59253080697698
2025-10-19 06:49:46.833542,92.1,89.08,141.29,142.01,52.799307885013626
2025-10-19 06:49:47.833541,14.97,97.68,179.44,45.51,52.056279489031226
2025-10-19 06:49:48.833541,83.9,96.93,244.78,103.73,52.96919016021913
2025-10-19 06:49:49.833540,67.15,96.12,221.96,100.82,52.82052122252179
2025-10-19 06:49:50.833540,34.25,31.19,202.91,86.06,52.67831855195695
2025-10-19 06:49:51.833539,78.41,29.17,271.73,110.43,53.28448508586506
2025-10-19 06:49:52.833539,20.24,49.13,238.83,58.0,52.57047744998526
2025-10-19 06:49:53.833538,16.41,58.5,161.15,28.59,51.856714848792464
2025-10-19 06:49:54.833538,54.82,67.04,269.16,22.38,52.35974341910834
2025-10-19 06:49:55.833538,45.29,28.53,266.62,107.27,53.227660941527745
2025-10-19 06:49:56.833537,93.91,91.46,127.92,67.08,51.999649086287725
2025-10-19 06:49:57.833536,90.58,66.55,259.72,100.42,53.06474808275659
2025-10-19 06:49:58.833536,68.42,65.93,109.4,57.0,51.84351135705764
2025-10-19 06:49:59.833536,55.48,64.42,174.33,93.9,52.54927258185359
2025-10-19 06:50:00.833535,77.07,70.13,250.66,66.38,52.68159836207417
2025-10-19 06:50:01.833535,67.28,70.26,123.23,42.1,51.766437346020616
2025-10-19 06:50:02.833534,37.54,59.68,67.25,100.96,52.05344580712013
2025-10-19 06:50:03.833534,14.41,52.35,292.95,97.66,53.23778163237115
2025-10-19 06:50:04.833533,76.37,28.51,234.41,24.78,52.258115864707136
2025-10-19 06:50:05.833533,37.11,27.79,121.48,112.94,52.50894608054304
2025-10-19 06:50:06.833532,92.31,61.92,61.67,132.89,52.32888827638858
2025-10-19 06:50:07.833528,24.9,64.66,219.31,71.02,52.56774037551201
2025-10-19 06:50:08.833527,37.24,57.71,98.38,140.38,52.60388605441866
2025-10-19 06:50:09.833527,21.07,40.83,241.68,79.92,52.810713569524076
2025-10-19 06:50:10.833527,28.43,65.75,76.46,61.32,51.70974542233957
2025-10-19 06:50:11.833526,60.4,32.42,145.43,65.86,52.1742470012073
2025-10-19 06:50:12.833526,69.97,20.03,224.32,41.84,52.38257152967269
2025-10-19 06:50:13.833525,38.49,95.09,224.64,53.31,52.37704154054133
2025-10-19 06:50:14.833525,20.18,78.17,232.9,133.46,53.2227874688839
2025-10-19 06:50:15.833524,50.6,93.18,169.44,37.52,51.93272562058621
2025-10-19 06:50:16.833524,40.31,45.29,221.83,48.97,52.3984646893499
2025-10-19 06:50:17.833523,41.09,53.13,245.96,103.99,53.04694663047577
2025-10-19 06:50:18.833523,89.44,72.1,194.92,122.89,52.92740966055895
2025-10-19 06:50:19.833522,86.72,45.84,86.21,93.1,52.10042911254342
2025-10-19 06:50:20.833522,17.41,31.54,159.86,144.66,53.014624227262686
2025-10-19 06:50:21.833521,86.15,64.13,225.61,134.91,53.219996844048616
2025-10-19 06:50:22.833521,86.68,40.13,288.39,56.33,52.83302965466442
2025-10-19 06:50:23.833521,24.47,64.1,148.83,52.55,52.01382545582527
2025-10-19 06:50:24.833520,84.19,96.59,114.04,24.6,51.50672010279439
2025-10-19 06:50:25.833520,89.51,76.44,276.91,89.87,53.038919843689534
2025-10-19 06:50:26.833519,63.05,27.57,270.25,55.19,52.744951466305665
2025-10-19 06:50:27.833519,81.7,57.78,298.12,45.15,52.74907592500125
2025-10-19 06:50:28.833518,16.15,63.86,271.75,89.78,53.03030899778823
2025-10-19 06:50:29.833518,17.04,32.0,192.96,103.52,52.79276631606725
2025-10-19 06:50:30.833517,92.1,94.35,224.27,149.94,53.310611321426194
2025-10-19 06:50:31.833517,45.82,65.63,213.15,109.16,52.90213469727816
2025-10-19 06:50:32.833516,60.74,94.02,111.58,54.96,51.791205906164514
2025-10-19 06:50:33.833516,48.95,43.59,156.92,35.5,51.924423251351925
2025-10-19 06:50:34.833516,54.83,69.46,151.07,72.35,52.20880422355097
2025-10-19 06:50:35.833515,66.34,80.17,247.25,101.46,52.98680529878544
2025-10-19 06:50:36.833515,87.61,85.76,203.34,81.89,52.55439465170284
2025-10-19 06:50:37.833514,77.65,93.55,193.17,140.48,53.05439457441913
2025-10-19 06:50:38.833514,92.8,52.45,282.44,137.15,53.56338065634915
2025-10-19 06:50:39.833513,87.93,62.09,264.29,149.11,53.566977543947964
2025-10-19 06:50:40.833513,64.87,43.74,141.04,101.07,52.47346529680618
2025-10-19 06:50:41.833512,52.65,45.48,251.02,37.79,52.44586477744157
2025-10-19 06:50:42.833512,13.64,76.92,84.37,34.31,51.47320626548866
2025-10-19 06:50:43.833511,75.42,29.77,150.58,14.95,51.713624431101174
2025-10-19 06:50:44.833511,80.88,63.01,249.22,20.3,52.239541220590546
2025-10-19 06:50:45.833510,11.31,29.29,245.39,75.67,52.80758484992048
2025-10-19 06:50:46.833510,60.4,72.95,139.74,80.57,52.22231982071286
2025-10-19 06:50:47.833510,36.64,59.5,227.37,29.81,52.22039703466022
2025-10-19 06:50:48.833509,54.02,59.34,89.81,55.53,51.735105432664234
2025-10-19 06:50:49.833509,91.36,72.19,58.96,46.26,51.46057438477229
2025-10-19 06:50:50.833508,72.1,81.54,128.87,11.28,51.48076714374303
2025-10-19 06:50:51.833508,28.54,43.88,134.34,140.61,52.81982129225521
2025-10-19 06:50:52.833507,36.56,82.8,92.74,20.96,51.37953686657003
2025-10-19 06:50:53.833507,11.66,50.88,128.51,119.02,52.56891624353234
2025-10-19 06:50:54.833506,54.31,57.34,178.12,71.64,52.365399856902194
2025-10-19 06:50:55.833506,13.68,20.99,282.72,116.17,53.41152558844059
2025-10-19 06:50:56.833505,24.59,48.25,292.4,98.92,53.25348335989805
2025-10-19 06:50:57.833505,87.59,53.88,186.73,67.28,52.37464354088895
2025-10-19 06:50:58.833505,63.74,64.09,224.64,47.54,52.37004349414225
2025-10-19 06:50:59.833504,14.4,51.94,272.64,140.07,53.54010987466011
2025-10-19 06:51:00.833504,87.33,97.08,239.55,76.75,52.68015052467088
2025-10-19 06:51:01.833503,53.92,32.74,166.7,50.62,52.13990941730723
2025-10-19 06:51:02.833503,20.24,36.9,138.85,30.57,51.790830915604154
2025-10-19 06:51:03.833502,90.32,78.52,257.55,74.73,52.785910113378414
2025-10-19 06:51:04.833502,11.03,72.22,257.88,42.54,52.4863215554807
2025-10-19 06:51:05.833501,64.32,79.96,274.38,138.57,53.49078766173945
2025-10-19 06:51:06.833501,44.55,41.09,149.33,32.57,51.8595135115748
2025-10-19 06:51:07.833500,23.45,61.32,68.72,113.7,52.18190224744471
2025-10-19 06:51:08.833500,82.37,48.42,59.24,88.95,51.91228246480235
2025-10-19 06:51:09.833499,69.69,98.35,154.56,81.09,52.26647085415392
2025-10-19 06:51:10.833499,79.63,82.35,148.21,11.38,51.58368929188642
2025-10-19 06:51:11.833499,28.1,94.35,229.13,55.43,52.422672093675544
2025-10-19 06:51:12.833498,85.37,84.7,225.63,39.67,52.26678606682971
2025-10-19 06:51:13.833498,15.34,74.48,90.18,30.34,51.469670152966984
2025-10-19 06:51:14.833497,61.25,32.92,287.1,25.08,52.535315985523724
2025-10-19 06:51:15.833497,51.2,20.56,197.86,45.96,52.280342056367736
2025-10-19 06:51:16.833496,12.83,95.61,55.82,12.45,51.08001818589379
2025-10-19 06:51:17.833496,75.54,80.35,189.98,98.54,52.652599262979685
2025-10-19 06:51:18.833495,31.87,78.35,157.77,39.68,51.914665056676014
2025-10-19 06:51:19.833495,80.83,22.4,296.55,80.86,53.14168993933084
2025-10-19 06:51:20.833494,83.61,95.74,115.19,58.98,51.84663950007148
2025-10-19 06:51:21.833494,77.68,55.48,160.88,68.36,52.24459000092603
2025-10-19 06:51:22.833493,34.61,85.44,121.83,75.08,52.05397598085921
2025-10-19 06:51:23.833493,21.18,29.54,210.94,67.92,52.548369336655384
2025-10-19 06:51:24.833493,13.43,98.2,113.41,141.29,52.62917656458983
2025-10-19 06:51:25.833492,26.62,44.46,185.31,126.89,52.95830058286591
2025-10-19 06:51:26.833492,25.61,24.81,106.73,25.53,51.589680855209956
2025-10-19 06:51:27.833491,26.66,31.54,167.44,39.92,52.04228271879381
2025-10-19 06:51:28.833491,11.76,83.69,191.22,43.7,52.1236760533475
2025-10-19 06:51:29.833490,76.88,98.84,129.04,19.87,51.53750570475142
2025-10-19 06:51:30.833490,13.71,67.83,124.09,34.03,51.69681848602246
2025-10-19 06:51:31.833489,71.48,87.57,125.96,23.9,51.577774178826644
2025-10-19 06:51:32.833489,55.3,75.94,118.46,116.36,52.45010553523511
2025-10-19 06:51:33.833488,68.61,23.02,76.53,24.01,51.416603470472594
2025-10-19 06:51:34.833488,36.71,90.18,231.21,50.7,52.394600723602565
2025-10-19 06:51:35.833488,78.53,91.26,192.21,28.13,51.96648796380344
2025-10-19 06:51:36.833487,49.02,25.28,188.1,117.94,52.91683962611924
2025-10-19 06:51:37.833487,42.0,41.41,179.65,81.12,52.49030971698588
2025-10-19 06:51:38.833486,38.8,59.32,195.48,32.2,52.07357317659804
2025-10-19 06:51:39.833486,37.77,25.86,136.92,135.01,52.807806900394084
2025-10-19 06:51:40.833485,93.23,64.47,67.06,10.76,51.17268794703741
2025-10-19 06:51:41.833485,51.6,82.08,237.2,14.26,52.086960498938765
2025-10-19 06:51:42.833484,93.09,87.1,161.81,57.72,52.09689691154331
2025-10-19 06:51:43.833484,77.11,25.41,165.79,38.86,52.03287474955025
2025-10-19 06:51:44.833483,22.93,43.06,188.17,146.29,53.163361488657806
2025-10-19 06:51:45.833483,41.6,25.29,253.8,50.24,52.612871117244374
2025-10-19 06:51:46.833482,14.48,60.74,158.29,14.06,51.69742300812835
2025-10-19 06:51:47.833482,14.97,61.56,137.61,63.68,52.065558520728885
2025-10-19 06:51:48.833481,26.03,85.72,118.99,149.35,52.75654246973308
2025-10-19 06:51:49.833481,38.08,90.7,152.87,12.47,51.60595926259177
2025-10-19 06:51:50.833480,40.69,29.66,50.63,38.6,51.40898697283884
2025-10-19 06:51:51.833480,26.92,79.01,73.99,105.52,52.10308863195203
2025-10-19 06:51:52.833480,51.22,81.16,284.09,43.98,52.62607359363267
2025-10-19 06:51:53.833479,61.13,95.69,235.17,65.52,52.55036920103596
2025-10-19 06:51:54.833479,48.7,93.35,100.17,141.9,52.57203876317319
2025-10-19 06:51:55.833478,93.49,53.26,118.42,99.24,52.32004706597343
2025-10-19 06:51:56.833478,74.48,69.53,93.4,72.98,51.906963591408086
2025-10-19 06:51:57.833477,14.42,40.39,81.32,97.08,52.12139191225121
2025-10-19 06:51:58.833477,47.78,33.04,202.93,91.19,52.725118680562026
2025-10-19 06:51:59.833476,90.11,31.43,298.29,101.11,53.332574422959055
2025-10-19 06:52:00.833476,53.41,72.92,64.74,40.34,51.43303251492042
2025-10-19 06:52:01.833475,14.72,63.14,165.82,95.86,52.524816517872786
2025-10-19 06:52:02.833475,75.06,46.68,160.7,134.51,52.89712943268188
2025-10-19 06:52:03.833474,69.84,58.63,278.22,119.15,53.35707406086744
2025-10-19 06:52:04.833474,47.37,81.3,295.83,47.74,52.72487519588782
2025-10-19 06:52:05.833474,25.42,20.47,128.13,131.59,52.73630288261072
2025-10-19 06:52:06.833473,13.45,22.74,157.94,93.15,52.52014314703721
2025-10-19 06:52:07.833473,20.67,40.14,59.06,56.19,51.607576638108306
2025-10-19 06:52:08.833472,54.07,23.24,123.65,33.87,51.763110210673055
2025-10-19 06:52:09.833472,25.24,72.46,164.76,75.47,52.30732384047581
2025-10-19 06:52:10.833471,88.95,32.0,195.81,115.5,52.92382123026154
2025-10-19 06:52:11.833471,51.41,86.7,223.22,12.76,51.99056346876073
2025-10-19 06:52:12.833470,83.82,26.2,283.8,87.03,53.12731529564518
2025-10-19 06:52:13.833470,79.5,66.91,244.18,19.27,52.19654085934673
2025-10-19 06:52:14.833469,13.61,45.08,212.9,85.44,52.70378276752555
2025-10-19 06:52:15.833469,82.29,21.09,116.4,30.35,51.69375924703069
2025-10-19 06:52:16.833469,66.36,56.64,145.88,19.06,51.68598474776615
2025-10-19 06:52:17.833468,23.33,54.27,280.61,132.37,53.504526954046604
2025-10-19 06:52:18.833468,10.4,42.08,72.77,148.31,52.56847186186971
2025-10-19 06:52:19.833467,71.06,51.35,110.83,118.11,52.465007366313124
2025-10-19 06:52:20.833467,68.92,21.49,129.2,54.7,51.996907943244224
2025-10-19 06:52:21.833466,68.34,75.07,63.18,76.06,51.766722044426096
2025-10-19 06:52:22.833466,80.24,54.44,220.61,81.67,52.69374819032145
2025-10-19 06:52:23.833465,71.26,61.82,296.42,30.56,52.59256226744778
2025-10-19 06:52:24.833465,79.38,98.77,264.28,12.5,52.18821437687804
2025-10-19 06:52:25.833464,65.17,93.65,109.56,97.77,52.194964690978345
2025-10-19 06:52:26.833464,58.63,61.78,136.3,127.11,52.67156687106938
2025-10-19 06:52:27.833464,67.18,22.73,219.35,113.43,53.044044883882215
2025-10-19 06:52:28.833463,67.54,61.02,280.84,39.64,52.598461488238925
2025-10-19 06:52:29.833463,15.61,31.4,66.08,67.27,51.76594416164238
2025-10-19 06:52:30.833462,23.01,87.22,101.16,109.78,52.27638234107698
2025-10-19 06:52:31.833462,14.48,62.34,245.68,21.61,52.234367821046064
2025-10-19 06:52:32.833461,70.71,43.34,201.19,121.47,52.99241583760346
2025-10-19 06:52:33.833461,78.19,34.22,284.56,117.92,53.417443939193625
2025-10-19 06:52:34.833460,20.38,94.92,222.55,48.47,52.319352252918634
2025-10-19 06:52:35.833460,51.03,86.86,219.6,126.29,53.06878659697265
2025-10-19 06:52:36.833459,87.78,33.16,178.17,26.83,51.97042979518847
2025-10-19 06:52:37.833459,23.79,35.27,279.43,85.97,53.07946316854625
2025-10-19 06:52:38.833458,92.18,56.85,213.69,69.4,52.53437134270849
2025-10-19 06:52:39.833458,43.47,72.78,285.51,31.18,52.523071964805766
2025-10-19 06:52:40.833458,81.26,44.08,169.05,82.36,52.44151825605455
2025-10-19 06:52:41.833457,33.94,36.43,169.44,126.33,52.88081676701853
2025-10-19 06:52:42.833457,10.88,31.49,98.47,99.14,52.2468612964134
2025-10-19 06:52:43.833456,34.17,38.12,128.84,11.85,51.554464509234926
2025-10-19 06:52:44.833456,41.84,39.32,245.65,45.53,52.50174103613794
2025-10-19 06:52:45.833455,78.91,44.85,118.21,20.91,51.574739020448405
2025-10-19 06:52:46.833455,74.76,28.31,233.46,27.66,52.28120854910635
2025-10-19 06:52:47.833454,50.44,56.88,174.5,108.56,52.7038057279692
2025-10-19 06:52:48.833454,25.29,49.81,244.6,99.28,52.99936918106579
2025-10-19 06:52:49.833453,39.42,23.73,174.18,96.82,52.64075595619324
2025-10-19 06:52:50.833453,73.03,35.31,286.14,52.17,52.788381105993
2025-10-19 06:52:51.833453,21.13,41.28,94.09,44.2,51.67682081920383
2025-10-19 06:52:52.833452,93.82,81.53,93.13,108.72,52.23222757052124
2025-10-19 06:52:53.833452,10.82,75.95,198.86,17.55,51.92377716221202
2025-10-19 06:52:54.833451,11.6,38.74,74.59,71.01,51.83597850902916
2025-10-19 06:52:55.833451,78.86,92.37,109.17,115.15,52.36295661628437
2025-10-19 06:52:56.833450,80.91,47.88,212.23,44.2,52.297022106841844
2025-10-19 06:52:57.833450,61.1,70.82,71.82,143.57,52.47232832215944
2025-10-19 06:52:58.833449,13.06,64.01,112.35,116.36,52.43627105032777
2025-10-19 06:52:59.833449,30.41,74.42,61.43,28.35,51.29706449111487
2025-10-19 06:53:00.833448,26.56,38.11,262.34,142.06,53.526143987074065
2025-10-19 06:53:01.833448,86.55,57.66,157.96,110.84,52.63634005085561
2025-10-19 06:53:02.833447,42.35,96.59,145.91,139.89,52.791646931484046
2025-10-19 06:53:03.833447,82.47,74.89,289.18,67.39,52.889478508707064
2025-10-19 06:53:04.833446,63.39,35.03,117.56,25.82,51.63420490313127
2025-10-19 06:53:05.833446,79.31,67.98,137.49,127.21,52.66912645629871
2025-10-19 06:53:06.833446,36.89,67.1,281.62,44.44,52.639468958096636
2025-10-19 06:53:07.833445,58.22,96.2,184.08,140.43,53.00122057765779
2025-10-19 06:53:08.833445,66.58,64.04,154.23,96.58,52.46849864588499
2025-10-19 06:53:09.833444,94.87,53.92,240.89,93.34,52.915659278548006
2025-10-19 06:53:10.833444,76.52,78.04,140.83,25.44,51.68703715101842
2025-10-19 06:53:11.833443,85.99,38.31,144.76,145.77,52.9341026243584
2025-10-19 06:53:12.833443,50.49,28.28,141.28,14.76,51.66449239216581
2025-10-19 06:53:13.833442,21.9,35.72,247.24,20.77,52.27647357494098
2025-10-19 06:53:14.833442,81.63,33.33,198.91,36.85,52.17775514965992
2025-10-19 06:53:15.833441,47.02,54.59,128.88,134.1,52.710869979092244
2025-10-19 06:53:16.833441,76.54,22.37,89.22,97.96,52.20043326519684
2025-10-19 06:53:17.833441,39.8,48.62,261.32,87.6,52.97754613272331
2025-10-19 06:53:18.833440,38.1,83.84,297.04,123.14,53.456428514368504
2025-10-19 06:53:19.833440,67.53,32.04,50.02,83.09,51.83218821463414
2025-10-19 06:53:20.833439,59.43,71.16,73.69,62.71,51.69988528870915
2025-10-19 06:53:21.833439,62.94,22.06,248.51,42.66,52.5164230896772
2025-10-19 06:53:22.833437,62.78,55.8,78.32,16.67,51.303584749291424
2025-10-19 06:53:23.833437,80.34,70.67,55.51,14.07,51.133285488006344
2025-10-19 06:53:24.833436,39.18,64.35,244.21,131.92,53.29001855664511
2025-10-19 06:53:25.833436,82.89,88.2,144.15,55.81,51.98243346126968
2025-10-19 06:53:26.833435,16.83,46.53,170.39,44.92,52.08278192979924
2025-10-19 06:53:27.833435,45.4,66.59,108.57,18.7,51.46769398599348
2025-10-19 06:53:28.833434,86.79,77.23,228.14,11.37,52.01829024514237
2025-10-19 06:53:29.833434,12.14,36.34,172.42,109.56,52.73470432012668
2025-10-19 06:53:30.833433,88.76,78.84,112.27,50.99,51.78039457376691
2025-10-19 06:53:31.833433,19.98,75.95,220.85,78.59,52.63138857274125
2025-10-19 06:53:32.833433,60.87,36.0,215.8,114.24,53.0120408459935
2025-10-19 06:53:33.833432,82.62,28.75,294.41,129.79,53.593408868373054
2025-10-19 06:53:34.833432,31.26,74.13,171.17,69.47,52.280891498900026
2025-10-19 06:53:35.833431,11.44,38.81,199.54,51.02,52.30951118742116
2025-10-19 06:53:36.833431,56.5,82.52,240.12,59.25,52.53689216332314
2025-10-19 06:53:37.833430,43.44,90.52,273.96,67.73,52.786924552264026
2025-10-19 06:53:38.833430,38.11,43.69,111.03,66.39,51.978017045328386
2025-10-19 06:53:39.833429,52.76,31.49,85.52,128.51,52.46173682967223
2025-10-19 06:53:40.833429,69.31,42.72,131.37,93.12,52.346581903098055
2025-10-19 06:53:41.833428,15.67,55.78,129.92,87.59,52.264811797867566
2025-10-19 06:53:42.833428,70.41,89.71,117.83,113.83,52.400603720147814
2025-10-19 06:53:43.833428,73.47,38.79,202.99,138.76,53.1763741324748
2025-10-19 06:53:44.833427,12.83,97.41,84.73,125.25,52.322234784842856
2025-10-19 06:53:45.833427,13.36,97.38,282.41,62.34,52.76911013233973
2025-10-19 06:53:46.833426,75.17,74.62,194.79,129.68,52.98840616669896
2025-10-19 06:53:47.833426,83.12,53.0,291.24,77.24,53.03017651188038
2025-10-19 06:53:48.833425,73.65,82.17,58.52,10.49,51.09663269410016
2025-10-19 06:53:49.833425,61.44,55.58,235.82,80.72,52.76395324876881
2025-10-19 06:53:50.833424,52.7,96.94,131.42,57.0,51.912234762050545
2025-10-19 06:53:51.833424,47.11,43.95,102.32,136.57,52.60973406626776
2025-10-19 06:53:52.833423,30.39,31.15,151.09,131.0,52.83633926268754
2025-10-19 06:53:53.833423,65.76,59.67,50.6,140.87,52.350506060377036
2025-10-19 06:53:54.833422,30.35,95.94,187.27,32.18,51.97191550656748
2025-10-19 06:53:55.833422,48.12,58.26,193.71,116.67,52.88259079726294
2025-10-19 06:53:56.833421,62.77,98.19,222.65,138.65,53.186749388954325
2025-10-19 06:53:57.833421,27.83,39.42,182.24,23.89,51.953871584635294
2025-10-19 06:53:58.833421,79.27,37.69,131.18,13.25,51.58116899311447
2025-10-19 06:53:59.833420,17.68,43.75,205.24,71.46,52.529807920824965
2025-10-19 06:54:00.833420,57.87,70.22,295.96,102.89,53.276291826397056
2025-10-19 06:54:01.833419,87.74,52.18,274.18,13.56,52.32464253183909
2025-10-19 06:54:02.833419,62.79,71.58,145.84,145.76,52.88740153824021
2025-10-19 06:54:03.833418,26.5,69.08,207.88,116.51,52.9396468123461
2025-10-19 06:54:04.833418,80.17,80.43,152.29,124.34,52.70077467291284
2025-10-19 06:54:05.833417,26.88,79.23,65.68,29.28,51.32117105871512
2025-10-19 06:54:06.833417,52.25,77.92,102.96,69.43,51.9104578358356
2025-10-19 06:54:07.833416,67.46,85.38,147.75,116.89,52.596711110756026
2025-10-19 06:54:08.833416,66.47,51.58,231.57,139.76,53.318461610442654
2025-10-19 06:54:09.833416,85.77,93.32,261.42,134.08,53.35716542737112
2025-10-19 06:54:10.833415,62.85,24.67,117.16,120.82,52.5669954768487
2025-10-19 06:54:11.833415,79.88,83.43,194.87,80.96,52.50385952204128
2025-10-19 06:54:12.833414,52.42,24.4,184.58,112.14,52.843352201524624
2025-10-19 06:54:13.833414,61.83,83.24,217.7,131.08,53.11066086954301
2025-10-19 06:54:14.833413,28.48,67.12,88.28,97.8,52.12342943870065
2025-10-19 06:54:15.833413,68.61,81.5,119.13,24.0,51.55183954676345
2025-10-19 06:54:16.833412,77.78,84.38,165.03,128.25,52.800367198922864
2025-10-19 06:54:17.833412,26.87,75.02,86.21,38.41,51.52566389584207
2025-10-19 06:54:18.833411,74.05,47.98,169.05,67.32,52.28994762398858
2025-10-19 06:54:19.833411,89.35,20.25,266.98,67.57,52.85872995862464
2025-10-19 06:54:20.833411,87.24,35.0,162.35,78.78,52.385431072215
2025-10-19 06:54:21.833410,82.02,22.88,153.74,123.13,52.787401255305454
2025-10-19 06:54:22.833410,32.23,90.32,73.85,131.64,52.33711041379579
2025-10-19 06:54:23.833409,12.08,86.1,67.84,78.15,51.79444319500472
2025-10-19 06:54:24.833409,46.11,61.19,54.82,110.17,52.073779601600684
2025-10-19 06:54:25.833408,74.59,39.46,192.74,116.35,52.903911353510274
2025-10-19 06:54:26.833408,56.51,86.57,184.74,30.67,51.958559016140924
2025-10-19 06:54:27.833407,63.04,38.45,253.66,56.3,52.65000736724928
2025-10-19 06:54:28.833407,50.13,68.17,128.1,111.33,52.46515253156032
2025-10-19 06:54:29.833406,74.52,72.29,223.27,18.71,52.071047106645786
2025-10-19 06:54:30.833406,41.7,54.72,55.71,51.18,51.51830064788226
2025-10-19 06:54:31.833405,39.07,51.76,187.99,18.68,51.91476018543243
2025-10-19 06:54:32.833405,31.41,70.66,183.95,103.27,52.68140341471493
2025-10-19 06:54:33.833405,26.28,55.43,192.21,53.41,52.2673357933386
2025-10-19 06:54:34.833404,51.87,53.93,201.21,50.1,52.285729149315735
2025-10-19 06:54:35.833404,27.05,47.62,113.99,100.64,52.31881651659645
2025-10-19 06:54:36.833403,11.29,57.33,290.0,18.74,52.451066625297415
2025-10-19 06:54:37.833403,51.27,60.97,89.54,31.96,51.50318449816888
2025-10-19 06:54:38.833402,33.27,69.15,167.4,48.51,52.0659311678248
2025-10-19 06:54:39.833402,77.92,78.14,182.73,142.44,53.04187834410589
2025-10-19 06:54:40.833401,87.41,34.42,261.32,105.24,53.17047074020283
2025-10-19 06:54:41.833401,51.01,79.21,168.42,65.06,52.21557349124107
2025-10-19 06:54:42.833400,70.47,55.24,54.16,135.72,52.32668241003406
2025-10-19 06:54:43.833400,74.13,59.14,183.05,18.08,51.87097380924001
2025-10-19 06:54:44.833400,12.52,27.46,79.58,13.02,51.31962483122303
2025-10-19 06:54:45.833399,23.44,22.92,214.46,39.41,52.30189595957414
2025-10-19 06:54:46.833399,56.05,28.6,281.69,119.95,53.430600534360494
2025-10-19 06:54:47.833398,54.98,81.24,63.22,73.51,51.73256593568351
2025-10-19 06:54:48.833398,67.63,80.11,87.36,135.87,52.46619594664828
2025-10-19 06:54:49.833397,69.82,43.08,261.82,60.76,52.729401405698944
2025-10-19 06:54:50.833397,30.28,75.27,79.44,27.81,51.38663601405711
2025-10-19 06:54:51.833396,42.7,72.54,282.31,32.73,52.521357239880366
2025-10-19 06:54:52.833396,20.13,28.0,179.81,96.7,52.66292532575619
2025-10-19 06:54:53.833395,21.54,67.07,189.85,57.74,52.27828650901918
2025-10-19 06:54:54.833395,14.03,80.63,144.21,102.76,52.44866022954332
2025-10-19 06:54:55.833394,39.38,31.8,146.61,58.57,52.1110294769245
2025-10-19 06:54:56.833394,10.94,48.5,117.54,106.96,52.39749229747459
2025-10-19 06:54:57.833393,33.04,67.56,264.19,119.13,53.26793704654254
2025-10-19 06:54:58.833393,64.73,45.04,275.63,129.77,53.4673329129046
2025-10-19 06:54:59.833393,42.45,35.71,245.66,15.48,52.21690328932942
2025-10-19 06:55:00.833392,89.15,78.88,257.88,15.77,52.21698131957119
2025-10-19 06:55:01.833392,83.92,49.02,128.49,69.24,52.09038123163579
2025-10-19 06:55:02.833391,13.52,49.55,81.52,110.08,52.233746700604755
2025-10-19 06:55:03.833391,11.14,21.6,109.89,77.28,52.112005831001646
2025-10-19 06:55:04.833390,40.62,49.2,198.64,38.6,52.168255532166626
2025-10-19 06:55:05.833390,43.78,97.67,85.69,45.32,51.55405320404289
2025-10-19 06:55:06.833389,39.99,62.3,63.54,25.07,51.295688062736815
2025-10-19 06:55:07.833389,90.16,21.29,254.1,140.54,53.49393957641443
2025-10-19 06:55:08.833388,40.79,64.95,260.91,125.28,53.31400630458764
2025-10-19 06:55:09.833388,19.89,53.99,154.73,148.5,52.98903589927102
2025-10-19 06:55:10.833388,78.54,59.54,156.46,64.64,52.17863572961541
2025-10-19 06:55:11.833387,53.06,43.02,186.2,122.08,52.91880664458876
2025-10-19 06:55:12.833387,49.68,21.06,86.41,25.74,51.489153148876355
2025-10-19 06:55:13.833386,52.21,53.32,234.29,107.58,53.01907127443145
2025-10-19 06:55:14.833386,23.88,37.27,293.65,54.05,52.84356067715348
2025-10-19 06:55:15.833385,47.28,42.07,51.43,116.96,52.15143807331932
2025-10-19 06:55:16.833385,38.63,49.92,160.34,138.28,52.92656256039576
2025-10-19 06:55:17.833384,93.54,44.97,143.44,117.03,52.63866744536787
2025-10-19 06:55:18.833384,14.46,97.3,293.55,56.15,52.76884225270269
2025-10-19 06:55:19.833383,48.7,55.25,145.86,57.42,52.058994360897316
2025-10-19 06:55:20.833383,53.33,97.41,261.5,105.36,53.07344169333468
2025-10-19 06:55:21.833383,11.97,62.18,192.13,45.56,52.180376976140344
2025-10-19 06:55:22.833382,19.08,89.09,99.09,112.96,52.29313944735873
2025-10-19 06:55:23.833382,76.51,84.52,298.36,147.53,53.698247025393606
2025-10-19 06:55:24.833381,10.74,77.3,277.49,146.08,53.58419396019919
2025-10-19 06:55:25.833381,31.7,77.82,208.16,95.28,52.72209702339452
2025-10-19 06:55:26.833380,26.42,58.61,240.54,35.11,52.34334404904474
2025-10-19 06:55:27.833380,10.09,98.02,153.45,113.4,52.573492437255865
2025-10-19 06:55:28.833379,50.44,93.47,212.99,81.78,52.59270330098134
2025-10-19 06:55:29.833379,66.37,28.75,73.97,28.66,51.43888365749684
2025-10-19 06:55:30.833378,67.07,88.96,266.13,116.28,53.21704860602464
2025-10-19 06:55:31.833378,29.36,33.15,222.64,27.97,52.21883429960179
2025-10-19 06:55:32.833378,85.95,23.46,175.43,22.77,51.931814188178805
2025-10-19 06:55:33.833377,80.83,76.94,162.06,114.14,52.65978639974202
2025-10-19 06:55:34.833377,75.7,50.18,236.86,100.84,52.97255803889644
2025-10-19 06:55:35.833376,84.83,69.74,270.93,71.73,52.842139151332084
2025-10-19 06:55:36.833376,32.66,57.51,279.06,99.45,53.17282820101752
2025-10-19 06:55:37.833375,68.41,20.4,226.94,13.61,52.12299907787459
2025-10-19 06:55:38.833375,74.07,25.68,114.27,105.84,52.40512825320429
2025-10-19 06:55:39.833374,11.95,63.73,63.05,60.81,51.63641559709031
2025-10-19 06:55:40.833374,93.8,90.57,171.78,29.43,51.8710964220659
2025-10-19 06:55:41.833373,80.16,90.83,221.89,135.53,53.164108512131
2025-10-19 06:55:42.833373,59.2,49.48,233.3,77.23,52.72635701082078
2025-10-19 06:55:43.833372,92.92,31.31,259.14,140.56,53.50526262698798
2025-10-19 06:55:44.833372,62.07,93.25,137.3,24.33,51.63352042498368
2025-10-19 06:55:45.833372,69.56,80.46,185.48,38.39,52.046776226495346
2025-10-19 06:55:46.833371,24.09,42.55,61.17,110.63,52.14146225392551
2025-10-19 06:55:47.833371,85.76,46.79,224.89,127.82,53.174890037680626
2025-10-19 06:55:48.833370,65.25,91.36,208.23,146.24,53.193924077075465
2025-10-19 06:55:49.833370,12.65,28.49,104.2,11.01,51.42998048636356
2025-10-19 06:55:50.833369,79.73,34.48,184.32,81.16,52.526531585928375
2025-10-19 06:55:51.833369,64.6,63.36,263.43,108.46,53.1673161483021
2025-10-19 06:55:52.833368,12.39,27.01,204.56,141.72,53.231918912344554
2025-10-19 06:55:53.833368,87.78,42.54,250.56,27.14,52.34505524936813
2025-10-19 06:55:54.833367,47.06,39.19,239.35,86.55,52.86496819574674
2025-10-19 06:55:55.833367,93.98,70.65,210.36,65.42,52.45638963092953
2025-10-19 06:55:56.833367,36.28,68.72,283.98,57.82,52.77889597590047
2025-10-19 06:55:57.833366,81.15,27.62,251.92,110.04,53.177414844432555
2025-10-19 06:55:58.833366,37.29,84.22,229.48,37.16,52.26382070965619
2025-10-19 06:55:59.833365,33.37,27.21,186.82,91.45,52.6508200182016
2025-10-19 06:56:00.833365,87.47,93.38,51.57,26.58,51.19747572001212
2025-10-19 06:56:01.833364,19.09,28.3,194.19,75.8,52.53711249289673
2025-10-19 06:56:02.833364,45.25,30.56,244.59,54.08,52.59254756310009
2025-10-19 06:56:03.833363,39.29,32.59,286.11,43.8,52.711567314549484
2025-10-19 06:56:04.833363,33.36,59.96,264.95,49.68,52.61239817354776
2025-10-19 06:56:05.833362,79.72,54.67,263.82,75.71,52.866394844934675
2025-10-19 06:56:06.833362,64.18,28.6,142.25,149.31,52.970219885620835
2025-10-19 06:56:07.833362,89.99,62.99,107.57,79.16,52.0526510156614
2025-10-19 06:56:08.833361,11.31,75.25,281.81,13.15,52.32509062900323
2025-10-19 06:56:09.833361,74.79,48.22,244.04,137.21,53.36565331833573
2025-10-19 06:56:10.833360,10.04,85.18,164.69,32.24,51.86890843546612
2025-10-19 06:56:11.833360,54.52,36.89,79.14,114.72,52.28583797379559
2025-10-19 06:56:12.833359,37.94,59.27,230.72,25.33,52.19532009271849
2025-10-19 06:56:13.833359,85.05,72.36,181.63,87.06,52.50959885900259
2025-10-19 06:56:14.833358,46.47,56.11,77.25,82.77,51.93655048071822
2025-10-19 06:56:15.833358,84.41,42.16,295.33,137.81,53.65476205993521
2025-10-19 06:56:16.833357,28.45,63.53,205.58,45.75,52.25188063578653
2025-10-19 06:56:17.833357,26.94,24.69,150.6,72.91,52.28218130999943
2025-10-19 06:56:18.833356,83.03,39.51,185.01,27.22,52.00071520306555
2025-10-19 06:56:19.833356,70.01,28.18,277.76,65.76,52.886285426310906
2025-10-19 06:56:20.833356,60.52,65.32,235.88,34.27,52.29978611685518
2025-10-19 06:56:21.833355,88.69,20.9,245.85,71.36,52.78157028805621
2025-10-19 06:56:22.833355,61.61,47.6,81.42,138.48,52.5109008949189
2025-10-19 06:56:23.833354,83.58,66.43,123.34,54.07,51.8887990581798
2025-10-19 06:56:24.833354,25.62,70.36,66.62,41.18,51.45521941857054
2025-10-19 06:56:25.833353,48.88,61.2,209.62,79.37,52.60220651009926
2025-10-19 06:56:26.833353,40.57,23.35,181.31,101.33,52.723021749477674
2025-10-19 06:56:27.833352,19.85,57.92,76.86,141.92,52.50358053697375
2025-10-19 06:56:28.833352,53.93,40.33,115.98,74.21,52.08534406210336
2025-10-19 06:56:29.833352,72.69,90.46,51.57,38.43,51.31665753384264
2025-10-19 06:56:30.833351,18.1,87.32,110.04,128.84,52.50792712621377
2025-10-19 06:56:31.833351,70.74,27.19,145.0,76.47,52.28277932211058
2025-10-19 06:56:32.833350,55.3,70.72,85.54,142.08,52.53131049765551
2025-10-19 06:56:33.833350,77.84,58.12,113.22,114.84,52.43548814011762
2025-10-19 06:56:34.833349,60.99,67.99,217.76,60.33,52.450856650484674
2025-10-19 06:56:35.833349,13.43,61.12,286.66,50.54,52.73476857974101
2025-10-19 06:56:36.833348,24.25,29.23,176.53,27.65,51.97579123904103
2025-10-19 06:56:37.833348,79.76,83.02,89.76,122.81,52.34813993917384
2025-10-19 06:56:38.833347,91.92,60.36,55.82,80.81,51.79652230628969
2025-10-19 06:56:39.833347,48.23,90.5,76.73,42.15,51.48686103317137
2025-10-19 06:56:40.833347,48.87,79.59,114.66,100.53,52.27100630783782
2025-10-19 06:56:41.833346,61.42,50.61,122.23,50.77,51.8758660304805
2025-10-19 06:56:42.833346,41.89,97.6,63.72,32.9,51.31679793212161
2025-10-19 06:56:43.833345,74.38,42.52,134.01,118.21,52.60360005515264
2025-10-19 06:56:44.833345,74.11,63.48,177.06,137.93,52.99107941834633
2025-10-19 06:56:45.833344,27.76,40.51,152.57,51.98,52.06540869036258
2025-10-19 06:56:46.833344,57.89,22.67,157.22,18.38,51.793409233815474
2025-10-19 06:56:47.833343,70.57,30.09,115.47,113.29,52.476630837649
2025-10-19 06:56:48.833343,92.37,71.55,257.68,141.28,53.44109154969785
2025-10-19 06:56:49.833342,68.7,21.44,166.41,100.95,52.64282273395172
2025-10-19 06:56:50.833342,85.4,55.81,281.42,18.51,52.40543813033666
2025-10-19 06:56:51.833341,28.89,82.16,243.58,73.04,52.68927180406465
2025-10-19 06:56:52.833341,89.15,56.09,192.13,113.07,52.842762223153706
2025-10-19 06:56:53.833341,69.16,58.21,218.02,62.25,52.48620452934137
2025-10-19 06:56:54.833340,64.91,86.8,242.94,33.04,52.29176538515503
2025-10-19 06:56:55.833340,64.83,25.23,294.8,59.82,52.924444663555555
2025-10-19 06:56:56.833339,12.45,24.01,176.51,41.19,52.1148283800738
2025-10-19 06:56:57.833339,85.73,37.06,220.84,63.5,52.54663520650778
2025-10-19 06:56:58.833338,66.94,33.9,212.52,91.4,52.776983690894724
2025-10-19 06:56:59.833338,18.15,68.72,223.55,120.45,53.06195295453019
2025-10-19 06:57:00.833337,67.68,62.8,197.82,54.12,52.29254464022756
2025-10-19 06:57:01.833337,86.07,52.52,72.97,38.92,51.49534132728299
2025-10-19 06:57:02.833336,90.3,42.16,267.22,109.49,53.23087572343027
2025-10-19 06:57:03.833336,64.17,32.54,100.49,73.47,52.00777023868657
2025-10-19 06:57:04.833335,87.66,88.27,53.54,81.32,51.745351913199336
2025-10-19 06:57:05.833335,68.84,73.05,241.52,47.42,52.444879086202356
2025-10-19 06:57:06.833335,51.54,53.09,113.46,58.28,51.89777035388296
2025-10-19 06:57:07.833334,28.94,80.06,103.15,69.77,51.911391182947604
2025-10-19 06:57:08.833334,39.8,51.36,68.03,109.11,52.14951315793046
2025-10-19 06:57:09.833333,16.25,98.13,265.99,89.38,52.941753145910674
2025-10-19 06:57:10.833333,71.45,64.63,99.83,47.15,51.69923009892574
2025-10-19 06:57:11.833332,16.22,27.76,89.29,120.87,52.4138547720444
2025-10-19 06:57:12.833332,93.79,88.28,173.61,20.09,51.79415423802264
2025-10-19 06:57:13.833331,81.47,36.58,114.63,123.94,52.56491349816214
2025-10-19 06:57:14.833331,84.24,23.41,54.96,87.9,51.91865146604775
2025-10-19 06:57:15.833330,21.43,20.68,259.66,91.96,53.05482467987767
2025-10-19 06:57:16.833330,11.34,52.93,83.41,36.73,51.52924446867921
2025-10-19 06:57:17.833329,78.82,93.16,266.28,60.34,52.670317029626126
2025-10-19 06:57:18.833329,34.61,62.32,263.73,117.18,53.254873963164215
2025-10-19 06:57:19.833329,28.32,67.75,287.13,56.05,52.780121106948656
2025-10-19 06:57:20.833328,55.84,81.66,118.52,143.53,52.70414700570538
2025-10-19 06:57:21.833328,76.61,58.0,123.9,101.98,52.368331225725484
2025-10-19 06:57:22.833327,47.28,93.75,123.1,134.57,52.62292281970238
2025-10-19 06:57:23.833327,69.99,52.11,288.5,120.01,53.430523913636584
2025-10-19 06:57:24.833326,59.85,46.19,289.92,74.81,53.01035288629998
2025-10-19 06:57:25.833326,37.95,82.69,178.95,120.89,52.80615871940119
2025-10-19 06:57:26.833325,47.77,83.44,141.77,92.31,52.33016522748658
2025-10-19 06:57:27.833325,26.38,41.1,294.1,127.72,53.552298316834865
2025-10-19 06:57:28.833324,66.31,51.54,182.42,110.07,52.76908661411391
2025-10-19 06:57:29.833324,88.33,56.12,256.11,30.87,52.38937130415193
2025-10-19 06:57:30.833323,19.75,64.24,214.49,141.34,53.22264497487734
2025-10-19 06:57:31.833323,55.47,44.87,250.87,51.23,52.575984629962065
2025-10-19 06:57:32.833322,14.12,26.98,215.31,136.18,53.235775929109636
2025-10-19 06:57:33.833322,46.18,25.04,50.11,78.19,51.796305671847804
2025-10-19 06:57:34.833322,30.23,69.73,56.41,62.58,51.60864453041337
2025-10-19 06:57:35.833321,27.89,33.56,273.06,115.84,53.33698692586519
2025-10-19 06:57:36.833321,58.39,83.66,151.19,67.94,52.14444982634881
2025-10-19 06:57:37.833320,21.29,44.61,218.95,72.95,52.61604122715557
2025-10-19 06:57:38.833320,80.57,36.27,184.06,138.62,53.07794528112948
2025-10-19 06:57:39.833319,53.16,87.66,289.43,61.96,52.81820585506454
2025-10-19 06:57:40.833319,11.87,80.51,205.64,98.7,52.73748217564498
2025-10-19 06:57:41.833318,75.76,64.83,279.66,16.74,52.36473051222735
2025-10-19 06:57:42.833318,46.74,87.98,282.54,36.19,52.53173842499319
2025-10-19 06:57:43.833317,27.72,97.37,123.37,142.53,52.69563642793841
2025-10-19 06:57:44.833317,51.32,91.41,168.62,110.42,52.63605354879815
2025-10-19 06:57:45.833317,12.89,44.27,126.86,68.87,52.085579879556136
2025-10-19 06:57:46.833316,87.25,83.24,167.47,112.32,52.66114770599498
2025-10-19 06:57:47.833316,52.19,96.21,177.7,74.97,52.33417423250752
2025-10-19 06:57:48.833315,44.98,38.74,98.63,38.22,51.64722726571175
2025-10-19 06:57:49.833315,73.27,70.27,92.41,55.38,51.7303283745472
2025-10-19 06:57:50.833314,80.93,81.24,124.86,47.08,51.806009454072175
2025-10-19 06:57:51.833314,73.25,64.35,229.69,14.72,52.07923091058039
2025-10-19 06:57:52.833313,35.76,50.69,197.03,27.57,52.05066013597885
2025-10-19 06:57:53.833313,39.64,65.15,282.54,22.82,52.438390821728035
2025-10-19 06:57:54.833312,39.67,86.41,274.8,40.9,52.538440414191165
2025-10-19 06:57:55.833312,33.88,74.21,87.12,134.58,52.461728007731026
2025-10-19 06:57:56.833311,80.94,77.32,294.38,102.14,53.2494302452581
2025-10-19 06:57:57.833311,47.35,77.44,125.35,65.4,51.9917546361376
2025-10-19 06:57:58.833311,14.81,58.23,237.68,126.5,53.212387362125256
2025-10-19 06:57:59.833310,63.65,97.77,95.63,122.34,52.35170978873465
2025-10-19 06:58:00.833310,54.89,27.76,59.31,148.82,52.52409918048392
2025-10-19 06:58:01.833309,47.6,78.64,299.8,127.0,53.51667046925796
2025-10-19 06:58:02.833309,87.05,63.11,151.55,17.93,51.69513832282189
2025-10-19 06:58:03.833308,16.56,84.15,214.15,62.37,52.42587700369265
2025-10-19 06:58:04.833308,63.78,20.3,209.78,116.84,53.02976209829824
2025-10-19 06:58:05.833307,49.19,36.67,226.72,79.94,52.73760380183286
2025-10-19 06:58:06.833307,62.76,37.23,73.09,127.56,52.37716852565431
2025-10-19 06:58:07.833307,87.12,50.51,145.89,32.53,51.82593753834354
2025-10-19 06:58:08.833306,10.86,45.36,245.13,140.05,53.40343502997833
2025-10-19 06:58:09.833306,68.58,70.41,138.65,115.94,52.56251601500932
2025-10-19 06:58:10.833305,70.51,45.29,205.41,110.97,52.91033980198505
2025-10-19 06:58:11.833305,77.34,89.4,197.31,138.93,53.0680368248448
2025-10-19 06:58:12.833304,35.4,25.27,198.32,116.98,52.96212328064183
2025-10-19 06:58:13.833304,37.06,22.45,122.19,62.71,52.03543394065636
2025-10-19 06:58:14.833303,31.16,40.84,170.43,37.78,52.02291042915293
2025-10-19 06:58:15.833303,19.63,81.67,181.25,84.83,52.47135267457864
2025-10-19 06:58:16.833302,55.54,35.7,171.6,94.17,52.582518673611496
2025-10-19 06:58:17.833302,50.52,34.77,57.58,121.05,52.23530421957008
2025-10-19 06:58:18.833301,28.79,49.27,175.88,66.08,52.31238285364595
2025-10-19 06:58:19.833301,77.95,29.46,273.73,115.57,53.34440599746347
2025-10-19 06:58:20.833301,28.41,62.09,121.92,29.44,51.64988713001426
2025-10-19 06:58:21.833300,85.48,25.19,187.02,149.86,53.21987239373907
2025-10-19 06:58:22.833300,87.1,41.92,120.29,19.49,51.576722410331215
2025-10-19 06:58:23.833299,93.13,84.02,71.33,147.39,52.485873378096926
2025-10-19 06:58:24.833299,87.55,25.15,59.36,79.34,51.85662591435465
2025-10-19 06:58:25.833298,56.25,46.3,63.99,30.51,51.37587799002387
2025-10-19 06:58:26.833298,24.01,48.06,113.42,141.07,52.706026097965314
2025-10-19 06:58:27.833297,23.31,20.26,288.0,60.85,52.90593148264918
2025-10-19 06:58:28.833297,60.98,64.46,194.43,104.8,52.76189577454083
2025-10-19 06:58:29.833296,48.94,29.28,171.01,93.21,52.580192059263595
2025-10-19 06:58:30.833296,79.41,85.95,194.88,128.36,52.95828846925806
2025-10-19 06:58:31.833295,18.17,45.32,90.57,117.68,52.36220019431082
2025-10-19 06:58:32.833295,22.71,56.01,254.69,91.16,52.964949199588375
2025-10-19 06:58:33.833295,76.12,31.58,209.4,146.45,53.29629720298446
2025-10-19 06:58:34.833294,93.97,80.44,102.0,56.79,51.779142465090466
2025-10-19 06:58:35.833294,72.0,63.03,157.3,120.34,52.716226321482665
2025-10-19 06:58:36.833293,52.28,34.17,230.2,58.46,52.55240953985289
2025-10-19 06:58:37.833293,69.6,65.17,228.17,105.34,52.94609215789583
2025-10-19 06:58:38.833292,76.32,58.83,211.67,43.24,52.26751415992907
2025-10-19 06:58:39.833292,21.25,55.32,191.79,137.88,53.0820638837818
2025-10-19 06:58:40.833291,61.54,80.0,80.66,25.07,51.35920774660102
2025-10-19 06:58:41.833291,74.68,53.19,128.24,32.54,51.72760620646327
2025-10-19 06:58:42.833290,60.74,25.94,56.5,78.32,51.83025366288072
2025-10-19 06:58:43.833290,69.02,27.95,74.94,30.19,51.46011501913201
2025-10-19 06:58:44.833289,40.03,36.22,282.83,134.77,53.56799556429688
2025-10-19 06:58:45.833289,10.2,63.18,213.45,115.77,52.97150894296974
2025-10-19 06:58:46.833289,26.43,59.39,299.27,95.36,53.23819395493087
2025-10-19 06:58:47.833288,62.93,23.71,56.24,34.72,51.410778558777565
2025-10-19 06:58:48.833288,89.77,72.52,103.27,14.88,51.39313211855279
2025-10-19 06:58:49.833287,33.82,46.69,218.64,95.18,52.82606919935113
2025-10-19 06:58:50.833287,56.15,41.18,168.6,92.43,52.54105463869674
2025-10-19 06:58:51.833286,30.24,52.17,121.13,113.48,52.473923883953425
2025-10-19 06:58:52.833286,41.95,80.91,84.52,21.4,51.34289100582398
2025-10-19 06:58:53.833285,41.41,91.82,218.88,19.74,52.02683313857213
2025-10-19 06:58:54.833285,26.5,52.16,195.86,81.8,52.56648724477293
2025-10-19 06:58:55.833284,12.75,48.38,79.36,64.42,51.78254203974383
2025-10-19 06:58:56.833284,43.16,43.78,53.54,116.56,52.1561410038425
2025-10-19 06:58:57.833284,54.67,31.77,147.25,27.56,51.814636427118714
2025-10-19 06:58:58.833283,39.51,30.05,91.7,135.66,52.56612828089227
2025-10-19 06:58:59.833283,71.15,25.89,235.88,138.8,53.37262166685676
2025-10-19 06:59:00.833282,44.87,69.2,97.7,40.29,51.614333522977866
2025-10-19 06:59:01.833282,13.0,73.98,201.83,78.59,52.53296735189133
2025-10-19 06:59:02.833279,92.93,69.24,192.11,55.89,52.269045001646006
2025-10-19 06:59:03.833279,78.24,29.53,147.91,62.21,52.156739132002286
2025-10-19 06:59:04.833278,50.25,33.84,181.71,38.2,52.098198829501584
2025-10-19 06:59:05.833278,30.22,82.78,67.59,18.65,51.22298949273505
2025-10-19 06:59:06.833277,17.36,25.32,136.68,104.87,52.51593209954901
2025-10-19 06:59:07.833277,51.31,76.66,162.85,32.79,51.87781648500132
2025-10-19 06:59:08.833276,24.5,61.74,283.03,45.22,52.66297436015995
2025-10-19 06:59:09.833276,25.01,90.95,105.55,88.45,52.087689383496
2025-10-19 06:59:10.833275,76.67,79.89,182.01,100.41,52.62886452948495
2025-10-19 06:59:11.833275,31.4,49.73,157.04,64.78,52.198526871731566
2025-10-19 06:59:12.833274,23.13,53.36,90.01,55.4,51.74432879872833
2025-10-19 06:59:13.833274,90.63,66.2,154.22,106.71,52.56299901979053
2025-10-19 06:59:14.833274,41.19,21.98,180.96,44.04,52.169334824312934
2025-10-19 06:59:15.833273,25.75,86.37,182.22,88.64,52.505973533950915
2025-10-19 06:59:16.833273,77.38,32.85,125.78,117.06,52.563772252307636
2025-10-19 06:59:17.833272,57.77,20.86,286.6,17.13,52.4747564999931
2025-10-19 06:59:18.833272,42.32,30.29,194.8,61.74,52.401280560470134
2025-10-19 06:59:19.833271,43.34,94.59,255.53,147.81,53.4564921289446
2025-10-19 06:59:20.833271,85.21,47.17,71.04,119.5,52.27264264706378
2025-10-19 06:59:21.833270,48.86,39.41,222.08,38.51,52.30790987339492
2025-10-19 06:59:22.833270,13.77,88.6,273.41,115.25,53.24651361149279
2025-10-19 06:59:23.833269,27.84,27.39,103.47,74.72,52.0438699432755
2025-10-19 06:59:24.833269,23.16,20.43,269.37,28.12,52.489735257092875
2025-10-19 06:59:25.833269,80.93,43.01,143.58,30.61,51.80684727125986
2025-10-19 06:59:26.833268,77.52,85.96,133.57,139.76,52.741255542663666
2025-10-19 06:59:27.833268,42.16,23.15,247.37,130.05,53.3536546237259
2025-10-19 06:59:28.833267,42.66,94.71,205.41,92.82,52.65704519032559
2025-10-19 06:59:29.833267,51.19,61.41,258.08,25.94,52.34388822976539
2025-10-19 06:59:30.833266,30.64,97.76,148.19,88.58,52.30582451806752
2025-10-19 06:59:31.833266,80.15,79.48,54.71,85.92,51.80991343996818
2025-10-19 06:59:32.833265,78.43,22.94,287.15,34.16,52.63909258460821
2025-10-19 06:59:33.833265,69.03,56.57,82.95,34.64,51.50084995874826
2025-10-19 06:59:34.833264,32.22,70.03,175.63,93.7,52.5454471054084
2025-10-19 06:59:35.833264,11.76,96.86,179.01,131.89,52.89054085083779
2025-10-19 06:59:36.833264,55.66,57.95,97.72,35.43,51.585153896050834
2025-10-19 06:59:37.833263,33.71,90.8,147.22,74.27,52.17322953778185
2025-10-19 06:59:38.833263,21.82,32.6,285.73,28.3,52.559643430666085
2025-10-19 06:59:39.833262,52.53,71.67,188.06,97.11,52.64218621007445
2025-10-19 06:59:40.833262,36.02,27.07,277.72,23.28,52.47705168252167
2025-10-19 06:59:41.833261,22.49,90.38,58.95,76.88,51.72797401338439
2025-10-19 06:59:42.833261,73.14,32.84,226.7,146.67,53.38878257490696
2025-10-19 06:59:43.833260,78.0,93.66,56.15,21.25,51.16994210032487
2025-10-19 06:59:44.833260,81.0,45.46,106.83,138.13,52.646514718831334
2025-10-19 06:59:45.833259,75.75,38.61,271.85,40.67,52.59571049792163
2025-10-19 06:59:46.833259,72.58,69.83,233.89,17.87,52.123482634247985
2025-10-19 06:59:47.833259,75.36,77.71,154.67,23.28,51.740543202197166
2025-10-19 06:59:48.833258,15.73,63.38,289.68,31.35,52.56176999876853
2025-10-19 06:59:49.833258,44.86,49.01,172.05,69.92,52.32948042682338
2025-10-19 06:59:50.833257,51.61,38.04,228.87,36.2,52.32397205921178
2025-10-19 06:59:51.833257,15.04,69.55,67.85,38.78,51.43985251947201
2025-10-19 06:59:52.833256,67.95,65.48,69.34,112.27,52.16483586839479
2025-10-19 06:59:53.833256,15.55,60.27,212.47,66.51,52.49453077819754
2025-10-19 06:59:54.833255,29.8,56.08,101.65,128.01,52.50429211632531
2025-10-19 06:59:55.833255,76.26,91.6,218.97,77.93,52.5903377336538
2025-10-19 06:59:56.833254,30.57,45.57,244.58,100.55,53.018216929055875
2025-10-19 06:59:57.833254,36.1,91.35,200.84,94.15,52.65080163108218
2025-10-19 06:59:58.833254,38.23,94.23,125.02,97.73,52.276185033896795
2025-10-19 06:59:59.833253,62.22,49.46,246.55,146.89,53.47070136020738
2025-10-19 07:00:00.833253,67.33,29.04,208.24,124.86,53.085335539125865
2025-10-19 07:00:01.833252,63.17,55.68,254.56,50.88,52.57528056563397
2025-10-19 07:00:02.833252,55.55,74.93,95.11,121.95,52.38111462297025
2025-10-19 07:00:03.833251,87.94,59.92,241.64,56.94,52.55824227050258
2025-10-19 07:00:04.833251,83.17,47.53,147.93,71.33,52.21670012515994
2025-10-19 07:00:05.833250,65.1,45.13,232.72,28.63,52.26016253629596
2025-10-19 07:00:06.833250,29.31,23.16,178.19,105.14,52.74350878055749
2025-10-19 07:00:07.833249,16.89,63.13,243.1,103.62,53.012362548686156
2025-10-19 07:00:08.833249,30.56,78.2,88.14,99.16,52.11839230418688
2025-10-19 07:00:09.833249,78.65,69.99,299.26,119.01,53.45014313857845
2025-10-19 07:00:10.833248,79.56,59.97,88.99,88.42,52.04777224153566
2025-10-19 07:00:11.833248,48.72,92.29,237.35,108.93,52.98711732925016
2025-10-19 07:00:12.833247,54.84,21.83,271.74,65.57,52.862310825686656
2025-10-19 07:00:13.833247,35.86,66.82,294.42,91.32,53.161545610329235
2025-10-19 07:00:14.833246,22.64,47.35,298.88,125.19,53.543510142572586
2025-10-19 07:00:15.833246,86.12,22.37,182.78,20.53,51.951101597836335
2025-10-19 07:00:16.833245,30.9,64.68,245.88,115.64,53.14099081741767
2025-10-19 07:00:17.833245,15.68,58.5,227.34,75.46,52.663231258168125
2025-10-19 07:00:18.833244,82.77,75.47,264.07,38.18,52.472086165837354
2025-10-19 07:00:19.833244,40.61,36.74,130.12,43.31,51.867676627029354
2025-10-19 07:00:20.833244,34.21,98.78,150.77,102.84,52.45587956329699
2025-10-19 07:00:21.833243,86.88,51.94,74.03,53.28,51.640768609226164
2025-10-19 07:00:22.833243,74.38,22.37,127.1,10.08,51.55285316724169
2025-10-19 07:00:23.833242,30.81,42.52,222.84,22.3,52.150325855175716
2025-10-19 07:00:24.833242,75.1,57.55,240.82,137.69,53.33842152070025
2025-10-19 07:00:25.833241,22.56,81.41,230.21,86.27,52.74701764797193
2025-10-19 07:00:26.833241,85.51,44.59,187.51,66.63,52.38714466403216
2025-10-19 07:00:27.833240,30.62,86.27,210.94,30.6,52.09820081649375
2025-10-19 07:00:28.833240,34.1,30.5,138.08,92.4,52.394670423007945
2025-10-19 07:00:29.833239,57.98,31.62,218.98,147.4,53.35655512134326
2025-10-19 07:00:30.833239,59.05,92.08,228.21,84.92,52.70649305088127
2025-10-19 07:00:31.833238,55.05,65.99,244.52,37.84,52.37936951104204
2025-10-19 07:00:32.833238,52.07,20.72,211.58,59.15,52.48086568471619
2025-10-19 07:00:33.833238,22.46,70.95,183.93,147.78,53.11123705418558
2025-10-19 07:00:34.833237,89.78,45.28,109.39,25.89,51.575139031928096
2025-10-19 07:00:35.833237,14.77,92.75,170.03,149.48,53.01916757968595
2025-10-19 07:00:36.833236,13.34,96.52,85.34,30.63,51.411947792087844
2025-10-19 07:00:37.833236,78.57,38.1,233.25,76.96,52.74139214716169
2025-10-19 07:00:38.833235,20.57,24.7,122.09,128.43,52.66684903938143
2025-10-19 07:00:39.833235,79.52,50.12,87.95,43.14,51.61988308401849
2025-10-19 07:00:40.833234,45.15,73.59,215.69,117.68,52.9855483565254
2025-10-19 07:00:41.833234,10.75,27.45,100.51,55.96,51.84657310262384
2025-10-19 07:00:42.833233,90.67,91.99,164.39,40.29,51.934428593873015
2025-10-19 07:00:43.833233,74.57,44.81,106.54,64.9,51.937880238623606
2025-10-19 07:00:44.833233,65.74,89.29,142.92,54.57,51.962162035667546
2025-10-19 07:00:45.833232,84.35,96.74,55.55,69.1,51.62458495556856
2025-10-19 07:00:46.833232,17.89,60.44,64.64,114.29,52.16721490928157
2025-10-19 07:00:47.833231,36.95,42.65,160.7,86.61,52.44029586262975
2025-10-19 07:00:48.833231,83.2,82.59,62.75,48.38,51.48493352816171
2025-10-19 07:00:49.833230,88.82,93.98,229.93,79.3,52.658339564798816
2025-10-19 07:00:50.833230,21.05,57.87,176.14,24.62,51.89932932044381
2025-10-19 07:00:51.833229,49.12,77.53,264.69,37.83,52.468768557786255
2025-10-19 07:00:52.833229,68.8,61.71,66.91,50.96,51.56495231784005
2025-10-19 07:00:53.833228,89.03,56.71,84.2,18.32,51.34949269122975
2025-10-19 07:00:54.833228,47.9,77.1,283.94,93.31,53.108668303569985
2025-10-19 07:00:55.833227,23.94,64.31,144.78,124.49,52.68751324753946
2025-10-19 07:00:56.833227,54.84,76.99,115.94,94.51,52.2237196688839
2025-10-19 07:00:57.833227,45.06,64.64,110.34,140.39,52.656912806307055
2025-10-19 07:00:58.833226,94.03,62.53,219.19,12.22,52.00187620052994
2025-10-19 07:00:59.833226,60.86,28.15,141.63,75.7,52.25583469470173
2025-10-19 07:01:00.833225,91.56,29.56,272.92,132.93,53.507790510008846
2025-10-19 07:01:01.833225,49.54,24.11,285.01,103.87,53.29990083305485
2025-10-19 07:01:02.833224,92.34,64.51,199.3,99.98,52.74120363807836
2025-10-19 07:01:03.833224,87.24,68.83,120.46,55.47,51.88318640711237
2025-10-19 07:01:04.833223,88.32,90.76,137.01,124.52,52.60469584088589
2025-10-19 07:01:05.833223,86.81,90.55,260.18,85.06,52.88089982463506
2025-10-19 07:01:06.833222,17.9,39.74,59.96,40.71,51.46332370648786
2025-10-19 07:01:07.833222,72.67,91.37,222.3,53.45,52.3717607021106
2025-10-19 07:01:08.833221,43.78,54.42,110.7,109.71,52.37825589905746
2025-10-19 07:01:09.833221,11.0,27.83,188.5,109.28,52.83122151295576
2025-10-19 07:01:10.833221,31.25,74.07,240.85,82.97,52.783453972205365
2025-10-19 07:01:11.833220,20.49,86.01,172.68,76.43,52.33755237307595
2025-10-19 07:01:12.833220,21.95,87.95,252.35,143.23,53.40568309807935
2025-10-19 07:01:13.833219,82.18,44.78,271.25,117.88,53.32939091876705
2025-10-19 07:01:14.833219,77.72,95.79,277.73,112.23,53.2290523624276
2025-10-19 07:01:15.833218,94.45,33.43,198.22,14.6,51.958764677238776
2025-10-19 07:01:16.833218,30.22,50.53,141.87,27.29,51.75377964556506
2025-10-19 07:01:17.833217,80.01,30.3,220.37,139.2,53.28676095058108
2025-10-19 07:01:18.833217,46.13,49.66,299.96,14.46,52.47491651386083
2025-10-19 07:01:19.833216,13.14,66.86,93.92,17.91,51.38143336403081
2025-10-19 07:01:20.833216,18.47,92.98,252.27,147.72,53.44075535670152
2025-10-19 07:01:21.833215,36.58,32.8,236.46,81.74,52.8130895447503
2025-10-19 07:01:22.833215,65.95,57.57,132.13,31.9,51.735286689540246
2025-10-19 07:01:23.833215,29.08,94.89,286.53,84.72,53.01142781354865
2025-10-19 07:01:24.833214,39.0,84.1,229.92,40.27,52.296430827445946
2025-10-19 07:01:25.833214,81.36,69.05,127.29,96.38,52.314882340269406
2025-10-19 07:01:26.833213,64.42,68.9,272.45,31.68,52.46430443680465
2025-10-19 07:01:27.833213,18.42,97.45,72.53,30.66,51.3423986937994
2025-10-19 07:01:28.833212,83.22,23.66,169.1,136.59,52.998313522847724
2025-10-19 07:01:29.833212,13.92,74.89,101.13,104.1,52.240706692076756
2025-10-19 07:01:30.833211,35.46,71.87,66.59,147.99,52.48549956897429
2025-10-19 07:01:31.833211,66.62,59.74,278.88,144.2,53.60107485549805
2025-10-19 07:01:32.833210,41.46,79.09,228.3,47.39,52.36451791262345
2025-10-19 07:01:33.833210,75.24,21.15,84.83,123.58,52.42665819710895
2025-10-19 07:01:34.833209,41.1,36.17,56.94,103.76,52.062495896188835
2025-10-19 07:01:35.833209,76.11,56.7,182.07,76.22,52.431778052621894
2025-10-19 07:01:36.833209,27.84,86.29,99.58,16.68,51.36916674852488
2025-10-19 07:01:37.833208,74.8,88.46,278.1,143.04,53.540487604965406
2025-10-19 07:01:38.833208,40.72,92.05,190.4,90.92,52.56274168632326
2025-10-19 07:01:39.833207,18.04,44.49,227.85,45.67,52.39994669816387
2025-10-19 07:01:40.833207,28.46,98.73,211.55,121.33,52.95917283882847
2025-10-19 07:01:41.833206,47.98,62.07,218.53,136.13,53.19724583625285
2025-10-19 07:01:42.833206,17.65,73.31,286.07,11.05,52.33057640312659
2025-10-19 07:01:43.833205,36.51,43.41,130.24,117.26,52.57289001164266
2025-10-19 07:01:44.833205,35.62,65.37,249.78,143.2,53.42721757145861
2025-10-19 07:01:45.833204,12.3,33.78,198.48,59.25,52.39135216863056
2025-10-19 07:01:46.833204,36.65,38.15,187.71,149.23,53.19706363551526
2025-10-19 07:01:47.833204,54.56,68.93,276.81,56.34,52.72598335765508
2025-10-19 07:01:48.833203,47.63,80.86,86.72,103.69,52.15042942467634
2025-10-19 07:01:49.833203,63.76,88.03,157.24,104.86,52.52686806248224
2025-10-19 07:01:50.833202,66.04,85.71,218.02,23.81,52.07121582326994
2025-10-19 07:01:51.833202,13.71,86.22,221.81,93.37,52.76326477372295
2025-10-19 07:01:52.833201,35.46,72.51,151.39,47.39,51.96435649783994
2025-10-19 07:01:53.833201,60.86,85.46,166.15,97.59,52.508173395876895
2025-10-19 07:01:54.833200,46.97,81.77,79.22,99.83,52.07163973091315
2025-10-19 07:01:55.833200,36.53,77.22,292.27,77.31,52.998227380341454
2025-10-19 07:01:56.833199,42.9,70.41,162.05,53.42,52.08286948017369
2025-10-19 07:01:57.833199,49.58,59.18,91.22,99.0,52.16322378771324
2025-10-19 07:01:58.833199,66.64,64.18,212.07,41.65,52.245853216815206
2025-10-19 07:01:59.833198,64.62,98.82,197.98,43.03,52.12946433533244
2025-10-19 07:02:00.833198,57.86,63.55,125.2,50.85,51.8721240614176
2025-10-19 07:02:01.833197,85.42,34.88,240.8,54.5,52.5695791764458
2025-10-19 07:02:02.833197,84.52,95.64,232.73,44.32,52.33242709873673
2025-10-19 07:02:03.833196,67.43,29.48,150.08,22.42,51.78364449483897
2025-10-19 07:02:04.833196,76.03,86.75,145.67,38.71,51.827477778468705
2025-10-19 07:02:05.833195,52.98,81.16,225.63,33.92,52.21675766309407
2025-10-19 07:02:06.833195,69.31,71.22,54.57,125.59,52.20576360649528
2025-10-19 07:02:07.833194,81.75,37.98,119.29,140.93,52.751870904411966
2025-10-19 07:02:08.833194,11.56,86.81,283.19,73.53,52.898114910478235
2025-10-19 07:02:09.833193,40.26,81.87,120.25,121.03,52.49548308534215
2025-10-19 07:02:10.833193,19.05,76.33,228.43,141.58,53.28034213782621
2025-10-19 07:02:11.833193,35.77,50.81,173.99,140.54,53.01987402925088
2025-10-19 07:02:12.833192,26.68,51.34,75.91,98.0,52.08417533123047
2025-10-19 07:02:13.833192,94.96,68.26,179.9,63.06,52.274746374152706
2025-10-19 07:02:14.833191,62.19,92.78,93.27,102.44,52.15454113314638
2025-10-19 07:02:15.833191,32.8,81.08,83.18,67.9,51.78511047033205
2025-10-19 07:02:16.833190,19.33,44.88,153.61,49.98,52.04474186159212
2025-10-19 07:02:17.833190,75.2,66.42,96.12,37.23,51.5806867469574
2025-10-19 07:02:18.833189,16.79,71.69,186.39,56.41,52.23968541158205
2025-10-19 07:02:19.833189,92.92,85.86,78.75,65.29,51.72870282783701
2025-10-19 07:02:20.833188,85.92,55.99,138.71,42.28,51.873266593772186
2025-10-19 07:02:21.833188,80.93,83.98,229.0,52.92,52.4140303613131
2025-10-19 07:02:22.833187,27.47,79.77,247.28,21.57,52.21508537026857
2025-10-19 07:02:23.833187,72.7,91.88,178.11,23.35,51.844030157484134
2025-10-19 07:02:24.833187,75.86,61.47,173.37,137.96,52.97483744107634
2025-10-19 07:02:25.833186,79.28,61.33,130.8,70.75,52.097935695671445
2025-10-19 07:02:26.833186,53.56,27.97,186.54,21.24,51.9692218804896
2025-10-19 07:02:27.833185,65.68,58.59,84.45,132.76,52.454464538791726
2025-10-19 07:02:28.833185,55.18,79.28,218.59,132.0,53.1305407591842
2025-10-19 07:02:29.833184,35.41,20.35,73.84,66.91,51.82127664235916
2025-10-19 07:02:30.833184,47.12,59.02,163.62,23.99,51.82459986715663
2025-10-19 07:02:31.833183,62.07,61.56,70.13,14.47,51.229529521077936
2025-10-19 07:02:32.833183,45.1,86.69,74.9,37.69,51.4399635949857
2025-10-19 07:02:33.833182,83.7,36.33,282.42,122.15,53.44360278511884
2025-10-19 07:02:34.833182,78.43,25.01,197.28,20.07,52.0198939673165
2025-10-19 07:02:35.833182,13.22,43.21,208.28,51.93,52.35803578058361
2025-10-19 07:02:36.833181,78.33,91.6,50.27,84.45,51.752922223888056
2025-10-19 07:02:37.833181,47.32,97.42,107.01,71.32,51.91965677823373
2025-10-19 07:02:38.833180,20.87,98.73,227.88,92.3,52.7656262529478
2025-10-19 07:02:39.833180,60.32,27.14,138.73,69.76,52.18450748852034
2025-10-19 07:02:40.833179,86.43,28.93,242.65,88.34,52.9160410271067
2025-10-19 07:02:41.833179,16.1,41.06,161.43,85.82,52.43905607017662
2025-10-19 07:02:42.833178,61.54,38.5,272.64,85.91,53.03755611647242
2025-10-19 07:02:43.833178,87.02,72.12,209.89,126.53,53.04248040326429
2025-10-19 07:02:44.833177,51.11,94.09,281.71,113.19,53.262254999793534
2025-10-19 07:02:45.833177,47.99,92.97,138.18,148.47,52.839050735529696
2025-10-19 07:02:46.833176,43.62,45.72,143.97,24.54,51.74596836870514
2025-10-19 07:02:47.833176,85.19,56.29,89.82,98.54,52.15585206949553
2025-10-19 07:02:48.833176,92.92,21.17,78.11,102.88,52.19059559723356
2025-10-19 07:02:49.833175,20.42,86.26,272.81,102.0,53.11887124113438
2025-10-19 07:02:50.833175,42.63,65.56,206.96,87.34,52.65821269123435
2025-10-19 07:02:51.833174,32.15,37.43,105.14,107.95,52.35830326384842
2025-10-19 07:02:52.833174,61.97,98.47,298.37,104.43,53.259579592533015
2025-10-19 07:02:53.833173,43.68,52.26,254.72,120.55,53.25520357083828
2025-10-19 07:02:54.833173,38.01,60.03,275.96,44.28,52.61883932672046
2025-10-19 07:02:55.833172,52.37,48.88,51.18,35.36,51.35033948306126
2025-10-19 07:02:56.833172,83.0,46.1,138.61,132.06,52.75644299268726
2025-10-19 07:02:57.833171,26.01,39.26,194.01,102.77,52.77969090730578
2025-10-19 07:02:58.833171,38.81,50.51,293.08,94.87,53.21439343118521
2025-10-19 07:02:59.833170,60.38,72.32,115.71,116.32,52.44073831360196
2025-10-19 07:03:00.833170,74.71,35.37,60.88,12.98,51.20697313655264
2025-10-19 07:03:01.833169,50.45,40.54,53.11,38.01,51.399393446302085
2025-10-19 07:03:02.833169,48.78,66.5,116.38,139.1,52.67375059275916
2025-10-19 07:03:03.833168,81.73,42.72,288.03,133.95,53.577590818192284
2025-10-19 07:03:04.833168,71.01,70.49,67.55,109.23,52.117999633690815
2025-10-19 07:03:05.833167,67.41,71.81,171.87,63.31,52.22871453151949
2025-10-19 07:03:06.833167,62.78,58.48,239.31,11.95,52.11303388255335
2025-10-19 07:03:07.833166,54.5,22.8,230.99,70.27,52.688722137773716
2025-10-19 07:03:08.833166,24.42,26.5,183.72,105.42,52.77047612967999
2025-10-19 07:03:09.833166,90.89,35.88,165.23,83.98,52.4497006000199
2025-10-19 07:03:10.833165,46.43,66.26,157.73,80.17,52.325006773708225
2025-10-19 07:03:11.833165,22.5,77.09,266.88,149.12,53.55728782246433
2025-10-19 07:03:12.833164,44.26,59.53,100.26,35.15,51.59351700465724
2025-10-19 07:03:13.833164,69.5,50.96,216.01,83.07,52.68821026569925
2025-10-19 07:03:14.833163,32.83,68.4,270.31,21.24,52.352717572943504
2025-10-19 07:03:15.833163,94.09,66.47,112.48,57.66,51.86548330885623
2025-10-19 07:03:16.833162,24.95,70.71,299.57,14.28,52.437960278559785
2025-10-19 07:03:17.833162,78.52,86.49,73.87,61.19,51.66201779731217
2025-10-19 07:03:18.833161,26.9,84.59,201.08,49.34,52.22942555786182
2025-10-19 07:03:19.833161,25.39,48.09,137.46,95.22,52.390941783992375
2025-10-19 07:03:20.833160,46.26,76.04,191.09,34.46,52.045676013778355
2025-10-19 07:03:21.833160,64.05,76.26,182.41,14.29,51.80396172874272
2025-10-19 07:03:22.833159,38.33,95.59,122.32,28.69,51.59203885337874
2025-10-19 07:03:23.833159,85.25,20.87,228.1,101.75,52.980735378157135
2025-10-19 07:03:24.833159,25.57,76.82,132.27,52.0,51.900093564738896
2025-10-19 07:03:25.833158,84.54,70.56,92.25,35.41,51.53591462573307
2025-10-19 07:03:26.833158,13.13,56.6,135.27,30.32,51.73829568077513
2025-10-19 07:03:27.833157,52.62,59.0,243.54,40.21,52.40805841882204
2025-10-19 07:03:28.833156,30.1,84.71,203.95,143.76,53.157565670984134
2025-10-19 07:03:29.833156,47.93,82.43,134.01,97.73,52.34274445222523
2025-10-19 07:03:30.833155,15.44,50.05,184.51,50.45,52.20608212135271
2025-10-19 07:03:31.833154,27.82,30.93,191.59,48.81,52.25811050852885
2025-10-19 07:03:32.833154,75.94,51.36,259.98,68.98,52.786031553224426
2025-10-19 07:03:33.833153,57.56,33.61,63.0,79.83,51.867476534006556
2025-10-19 07:03:34.833152,21.71,38.66,246.52,69.44,52.7386254075762
2025-10-19 07:03:35.833152,82.38,29.13,287.7,64.01,52.92092440193068
2025-10-19 07:03:36.833151,82.19,92.43,82.49,113.03,52.19995394800808
2025-10-19 07:03:37.833151,66.26,76.79,188.62,121.69,52.87479650637665
2025-10-19 07:03:38.833150,67.66,85.62,198.63,145.32,53.14282165079228
2025-10-19 07:03:39.833150,38.0,55.82,181.34,88.39,52.54694658746232
2025-10-19 07:03:40.833149,13.29,20.24,151.96,60.61,52.177508190695264
2025-10-19 07:03:41.833149,92.77,68.64,86.59,146.57,52.58360588493109
2025-10-19 07:03:42.833148,59.74,23.92,298.56,52.22,52.873086785331544
2025-10-19 07:03:43.833148,79.38,98.72,50.56,132.5,52.20789031028079
2025-10-19 07:03:44.833147,92.26,86.07,172.8,77.28,52.34631766427259
2025-10-19 07:03:45.833147,51.71,41.58,66.01,125.87,52.316189048062995
2025-10-19 07:03:46.833146,87.53,21.84,126.17,13.24,51.57927955193264
2025-10-19 07:03:47.833146,85.32,59.35,111.39,79.86,52.08553919633472
2025-10-19 07:03:48.833145,39.46,21.22,290.01,45.18,52.76362538230817
2025-10-19 07:03:49.833145,43.21,20.34,187.75,87.47,52.62811256770801
2025-10-19 07:03:50.833144,78.37,27.8,147.1,62.97,52.162487709189755
2025-10-19 07:03:51.833144,15.64,52.1,210.97,10.37,51.95652929476112
2025-10-19 07:03:52.833143,73.56,46.18,96.19,21.63,51.462072600890316
2025-10-19 07:03:53.833143,68.9,65.55,213.31,17.51,52.01688968155796
2025-10-19 07:03:54.833142,47.87,93.85,224.33,61.48,52.45633988394701
2025-10-19 07:03:55.833142,92.57,48.39,170.61,108.55,52.696309357493675
2025-10-19 07:03:56.833141,11.35,51.97,209.61,14.95,51.99376179146532
2025-10-19 07:03:57.833141,61.36,78.23,51.9,108.06,52.01096864189347
2025-10-19 07:03:58.833140,27.09,23.3,133.38,99.84,52.452859032669174
2025-10-19 07:03:59.833140,75.8,56.55,235.77,76.94,52.72560818517313
2025-10-19 07:04:00.833139,11.76,46.24,219.63,132.08,53.18887250794543
2025-10-19 07:04:01.833139,46.15,37.95,157.59,103.81,52.59741213001964
2025-10-19 07:04:02.833138,93.92,98.36,282.87,112.3,53.25311942556275
2025-10-19 07:04:03.833138,17.53,36.34,217.56,26.19,52.16948576642377
2025-10-19 07:04:04.833137,58.42,54.76,226.11,24.85,52.17317110211278
2025-10-19 07:04:05.833136,55.53,48.9,179.93,138.89,53.03863118539572
2025-10-19 07:04:06.833136,37.46,37.6,128.91,112.46,52.52852183686982
2025-10-19 07:04:07.833135,69.06,30.38,202.81,75.47,52.576658005590254
2025-10-19 07:04:08.833135,21.5,40.95,162.06,79.46,52.38109285617839
2025-10-19 07:04:09.833134,71.74,98.84,184.98,74.41,52.36347753511753
2025-10-19 07:04:10.833133,85.19,39.6,148.45,106.42,52.57126662676624
2025-10-19 07:04:11.833133,55.3,20.31,217.11,124.45,53.142457504673104
2025-10-19 07:04:12.833132,78.82,66.24,298.13,108.17,53.34519513804322
2025-10-19 07:04:13.833132,34.6,66.59,58.93,12.9,51.1466489186874
2025-10-19 07:04:14.833131,69.41,82.2,178.86,127.97,52.87491086247857
2025-10-19 07:04:15.833131,17.3,29.46,146.13,44.91,51.980063061296015
2025-10-19 07:04:16.833130,79.31,78.32,134.31,101.72,52.38939711423773
2025-10-19 07:04:17.833130,45.69,20.42,167.2,125.85,52.889419725891024
2025-10-19 07:04:18.833130,90.37,58.27,229.91,121.4,53.12153554990035
2025-10-19 07:04:19.833129,91.2,92.85,273.65,109.65,53.18695474874819
2025-10-19 07:04:20.833129,60.76,61.02,107.39,47.41,51.74777921937113
2025-10-19 07:04:21.833128,18.17,90.74,106.07,80.19,52.010924067133395
2025-10-19 07:04:22.833128,17.46,25.98,237.58,23.0,52.26180658929185
2025-10-19 07:04:23.833127,25.43,82.05,90.31,124.17,52.365753234584226
2025-10-19 07:04:24.833127,54.79,86.54,60.5,75.1,51.72507976482563
2025-10-19 07:04:25.833126,70.06,22.51,238.83,10.75,52.15548723065917
2025-10-19 07:04:26.833126,52.66,48.75,239.72,41.08,52.41221534037431
2025-10-19 07:04:27.833125,60.58,20.46,247.23,124.71,53.30550555928633
2025-10-19 07:04:28.833125,42.81,72.37,235.93,101.44,52.93846738111938
2025-10-19 07:04:29.833124,53.47,29.83,148.62,139.44,52.90684501478423
2025-10-19 07:04:30.833124,37.9,63.58,82.04,13.1,51.27667389606607
2025-10-19 07:04:31.833124,70.97,56.09,144.73,25.12,51.73931036426913
2025-10-19 07:04:32.833123,62.61,59.22,151.97,129.46,52.781961180048576
2025-10-19 07:04:33.833123,42.83,74.36,161.72,140.89,52.920696266775764
2025-10-19 07:04:34.833122,10.79,85.17,63.6,96.24,51.94819970529068
2025-10-19 07:04:35.833122,91.22,21.05,100.29,121.52,52.48941617539473
2025-10-19 07:04:36.833121,37.42,43.51,243.06,133.53,53.332251879763376
2025-10-19 07:04:37.833121,58.43,66.29,276.83,23.68,52.41443431650571
2025-10-19 07:04:38.833120,17.19,23.51,172.3,13.35,51.823940375648995
2025-10-19 07:04:39.833120,48.91,68.95,61.08,79.34,51.79686274561061
2025-10-19 07:04:40.833119,68.3,34.53,162.06,122.79,52.810184999824735
2025-10-19 07:04:41.833119,26.36,45.18,200.84,15.96,51.96740483797169
2025-10-19 07:04:42.833117,14.61,22.54,107.58,116.19,52.474442974759754
2025-10-19 07:04:43.833117,17.0,31.89,104.4,137.87,52.65239013869622
2025-10-19 07:04:44.833116,80.93,73.45,176.02,111.61,52.71532922918208
2025-10-19 07:04:45.833116,91.07,69.96,106.83,31.38,51.57571325856225
2025-10-19 07:04:46.833115,63.73,64.25,262.72,123.32,53.30581674966862
2025-10-19 07:04:47.833115,19.51,79.33,193.21,70.19,52.39731036491468
2025-10-19 07:04:48.833114,16.41,56.87,286.35,101.17,53.229378904219345
2025-10-19 07:04:49.833114,58.85,94.41,163.95,140.11,52.89349693950841
2025-10-19 07:04:50.833113,80.16,75.31,147.86,90.56,52.358546732097565
2025-10-19 07:04:51.833113,59.37,62.35,280.79,138.45,53.55156088220255
2025-10-19 07:04:52.833113,27.7,85.73,149.86,21.23,51.68242230387331
2025-10-19 07:04:53.833112,76.43,71.89,293.85,70.04,52.944752143246376
2025-10-19 07:04:54.833112,59.1,98.54,282.62,83.08,52.96895401683575
2025-10-19 07:04:55.833111,56.99,50.09,88.31,42.8,51.61856417355497
2025-10-19 07:04:56.833111,72.05,35.72,182.74,126.7,52.9565028873633
2025-10-19 07:04:57.833110,67.36,37.94,156.89,83.03,52.39275583817896
2025-10-19 07:04:58.833110,38.79,69.37,183.82,112.64,52.77334483862496
2025-10-19 07:04:59.833109,59.51,68.99,243.95,53.3,52.52109791221092
2025-10-19 07:05:00.833108,92.31,43.82,245.98,32.11,52.36665225181377
2025-10-19 07:05:01.833108,39.1,65.4,204.83,140.67,53.162778676387816
2025-10-19 07:05:02.833107,40.2,75.64,196.02,83.58,52.54759429317017
2025-10-19 07:05:03.833107,36.61,68.94,129.37,59.46,51.96915370204575
2025-10-19 07:05:04.833106,64.34,22.7,239.8,76.97,52.80069101778784
2025-10-19 07:05:05.833106,20.7,61.52,218.9,13.23,52.011684448133394
2025-10-19 07:05:06.833105,61.32,37.21,93.42,57.67,51.80990143871399
2025-10-19 07:05:07.833104,77.71,95.34,259.57,77.99,52.801739554592025
2025-10-19 07:05:08.833104,47.71,51.91,213.23,129.91,53.12480343077986
2025-10-19 07:05:09.833103,20.71,88.11,210.05,145.42,53.200825177709426
2025-10-19 07:05:10.833103,92.58,98.46,91.27,69.45,51.815922848448025
2025-10-19 07:05:11.833102,61.21,50.26,51.91,49.64,51.49014660469919
2025-10-19 07:05:12.833101,53.31,63.07,178.65,52.38,52.17297165188786
2025-10-19 07:05:13.833101,28.46,52.61,129.47,94.11,52.330445860087
2025-10-19 07:05:14.833100,21.08,46.87,260.11,112.16,53.21132920125401
2025-10-19 07:05:15.833100,69.75,87.58,289.76,141.12,53.5855440310882
2025-10-19 07:05:16.833099,45.53,28.22,73.4,11.33,51.269100123251185
2025-10-19 07:05:17.833099,49.46,75.55,196.53,87.25,52.585945838090986
2025-10-19 07:05:18.833098,54.53,65.24,274.73,18.11,52.351017970408314
2025-10-19 07:05:19.833097,18.57,56.49,155.14,135.06,52.85732885829063
2025-10-19 07:05:20.833097,69.92,76.61,71.63,80.63,51.85359151753811
2025-10-19 07:05:21.833096,61.05,52.38,221.93,10.51,52.01594296652999
2025-10-19 07:05:22.833096,63.13,41.79,78.73,143.17,52.55103865288201
2025-10-19 07:05:23.833095,51.99,34.15,274.53,42.67,52.63637505432291
2025-10-19 07:05:24.833094,15.17,44.73,256.84,32.45,52.42647443259321
2025-10-19 07:05:25.833094,31.44,48.18,90.72,76.77,51.9629129538299
2025-10-19 07:05:26.833093,13.27,34.61,248.57,143.11,53.468306899888034
2025-10-19 07:05:27.833092,65.14,59.18,156.92,138.05,52.891507953456134
2025-10-19 07:05:28.833092,82.65,34.4,181.31,99.42,52.68715929745345
2025-10-19 07:05:29.833091,49.03,78.06,50.81,36.81,51.31645443123923
2025-10-19 07:05:30.833091,24.04,22.72,288.91,59.22,52.89115499495192
2025-10-19 07:05:31.833090,55.78,26.99,80.7,104.07,52.20676597449377
2025-10-19 07:05:32.833089,12.26,28.82,194.47,112.31,52.89082805873169
2025-10-19 07:05:33.833089,60.96,90.39,207.73,139.9,53.13147640426679
2025-10-19 07:05:34.833088,78.66,75.21,265.58,144.66,53.510181399118956
2025-10-19 07:05:35.833087,82.69,22.98,243.37,84.5,52.892118285928845
2025-10-19 07:05:36.833087,78.07,62.67,208.14,132.68,53.10748285357533
2025-10-19 07:05:37.833086,81.36,34.56,196.78,15.1,51.95413460270005
2025-10-19 07:05:38.833086,65.57,54.22,169.66,62.57,52.23745052497802
2025-10-19 07:05:39.833085,81.24,88.18,283.98,65.24,52.820013651473715
2025-10-19 07:05:40.833084,74.1,30.82,160.29,68.35,52.28016046636131
2025-10-19 07:05:41.833084,89.22,45.17,257.66,126.35,53.33814043431186
2025-10-19 07:05:42.833083,18.33,94.29,261.21,149.45,53.50314045937755
2025-10-19 07:05:43.833082,22.24,42.15,277.46,11.8,52.3409192586062
2025-10-19 07:05:44.833082,39.44,70.66,284.64,94.15,53.13066414065566
2025-10-19 07:05:45.833080,71.84,84.29,202.79,68.02,52.419654536266236
2025-10-19 07:05:46.833079,20.76,88.32,106.31,29.42,51.52508534924366
2025-10-19 07:05:47.833079,36.99,86.02,87.86,67.98,51.80308838299421
2025-10-19 07:05:48.833078,15.86,37.1,54.46,61.97,51.64369926678644
2025-10-19 07:05:49.833076,40.53,49.46,182.02,68.85,52.37164193656777
2025-10-19 07:05:50.833076,75.54,88.12,223.46,23.17,52.090270568248535
2025-10-19 07:05:51.833075,85.86,49.88,66.77,66.11,51.72932165612026
2025-10-19 07:05:52.833075,27.35,79.25,66.3,97.96,51.98856163895497
2025-10-19 07:05:53.833074,59.94,59.92,192.39,38.0,52.11221946498544
2025-10-19 07:05:54.833073,19.1,56.55,299.63,71.23,53.011256785659974
2025-10-19 07:05:55.833073,43.76,68.31,77.89,142.28,52.49620489038149
2025-10-19 07:05:56.833072,80.65,86.03,52.55,116.87,52.08735019394412
2025-10-19 07:05:57.833072,65.56,96.52,252.99,54.59,52.53849021316539
2025-10-19 07:05:58.833071,85.78,93.93,269.72,69.68,52.77778120956149
2025-10-19 07:05:59.833070,25.57,61.38,270.11,114.05,53.260141738450116
2025-10-19 07:06:00.833070,52.94,34.59,119.69,44.7,51.828829997077385
2025-10-19 07:06:01.833069,57.92,61.17,195.82,136.81,53.0840198096973
2025-10-19 07:06:02.833069,26.98,82.41,118.35,95.87,52.24120273722909
2025-10-19 07:06:03.833068,75.64,40.54,155.11,71.3,52.265737065377415
2025-10-19 07:06:04.833068,27.5,82.93,282.11,58.36,52.75176876322617
2025-10-19 07:06:05.833067,15.5,67.77,248.81,79.99,52.80704266013621
2025-10-19 07:06:06.833066,16.8,31.53,288.45,69.8,52.97713726166926
2025-10-19 07:06:07.833066,61.29,83.88,151.68,133.1,52.7767944722506
2025-10-19 07:06:08.833065,73.82,22.61,190.76,133.29,53.08366991015445
2025-10-19 07:06:09.833065,88.89,97.55,283.44,17.39,52.33968879840031
2025-10-19 07:06:10.833064,59.84,48.68,51.96,53.94,51.534480073047064
2025-10-19 07:06:11.833063,57.81,73.83,60.66,114.27,52.12470097048401
2025-10-19 07:06:12.833063,64.55,71.81,216.83,23.74,52.086066607731674
2025-10-19 07:06:13.833062,13.24,52.5,123.22,126.52,52.61065258960634
2025-10-19 07:06:14.833062,73.24,66.78,110.01,97.98,52.241692317917185
2025-10-19 07:06:15.833061,28.17,76.42,126.44,139.29,52.713669901353704
2025-10-19 07:06:16.833060,10.8,22.39,62.1,39.16,51.48706827706925
2025-10-19 07:06:17.833060,40.57,41.57,145.7,43.97,51.949616490096034
2025-10-19 07:06:18.833059,54.43,93.87,157.52,53.26,52.02021527259523
2025-10-19 07:06:19.833059,44.08,74.97,260.57,140.03,53.43904698473243
2025-10-19 07:06:20.833058,93.29,52.28,143.94,40.84,51.89309795981751
2025-10-19 07:06:21.833057,17.93,86.26,121.27,125.91,52.54120533008758
2025-10-19 07:06:22.833057,18.7,38.35,61.52,68.81,51.74555602666274
2025-10-19 07:06:23.833056,51.36,65.06,106.83,145.93,52.69108649907803
2025-10-19 07:06:24.833056,18.53,46.47,198.28,14.05,51.93324084719603
2025-10-19 07:06:25.833055,59.75,78.1,194.56,42.13,52.13512143927875
2025-10-19 07:06:26.833055,40.03,92.37,59.53,78.6,51.74456929398682
2025-10-19 07:06:27.833054,19.14,60.18,299.58,22.32,52.53233265236215
2025-10-19 07:06:28.833054,76.26,44.95,124.25,73.52,52.11554219862568
2025-10-19 07:06:29.833053,52.7,82.3,98.77,67.59,51.86340649797727
2025-10-19 07:06:30.833052,88.52,24.18,112.36,36.03,51.722254991751655
2025-10-19 07:06:31.833052,25.41,30.19,190.33,92.2,52.672116717975484
2025-10-19 07:06:32.833051,36.56,77.77,208.06,92.77,52.69737109766042
2025-10-19 07:06:33.833050,51.78,82.66,89.86,15.43,51.31091154261184
2025-10-19 07:06:34.833050,90.84,66.11,216.55,98.63,52.81770556934431
2025-10-19 07:06:35.833049,20.19,31.21,167.43,38.73,52.03124187931447
2025-10-19 07:06:36.833049,33.29,32.29,163.53,64.77,52.260523177041925
2025-10-19 07:06:37.833048,94.89,68.65,133.32,146.73,52.834565726050805
2025-10-19 07:06:38.833047,67.96,98.19,288.24,134.03,53.49217206265619
2025-10-19 07:06:39.833047,52.46,81.8,192.14,126.52,52.932403476860905
2025-10-19 07:06:40.833046,79.27,81.63,121.47,60.29,51.91503723142023
2025-10-19 07:06:41.833045,41.55,22.73,200.09,33.12,52.164670781011495
2025-10-19 07:06:42.833045,49.62,70.16,54.32,54.48,51.51848769155002
2025-10-19 07:06:43.833044,50.16,79.11,153.78,107.59,52.54883861587097
2025-10-19 07:06:44.833044,11.08,67.26,200.39,32.74,52.092504608859606
2025-10-19 07:06:45.833043,66.43,54.18,71.14,79.95,51.87970691238402
2025-10-19 07:06:46.833043,84.02,95.25,260.35,132.87,53.33671590361754
2025-10-19 07:06:47.833042,15.96,72.77,179.87,40.43,52.048662663321124
2025-10-19 07:06:48.833041,17.26,37.91,268.53,81.86,52.9773849166242
2025-10-19 07:06:49.833041,60.36,76.64,213.31,116.28,52.95450632338468
2025-10-19 07:06:50.833040,61.72,52.93,166.45,74.46,52.33731954396533
2025-10-19 07:06:51.833040,33.81,48.75,117.62,116.52,52.48996780887206
2025-10-19 07:06:52.833039,34.89,34.78,109.47,24.83,51.58184385129346
2025-10-19 07:06:53.833038,28.62,54.29,290.29,55.35,52.81140619610309
2025-10-19 07:06:54.833038,18.76,29.21,81.15,149.46,52.64457967654932
2025-10-19 07:06:55.833037,84.04,58.29,217.46,140.72,53.24186827582277
2025-10-19 07:06:56.833037,36.42,82.98,164.61,84.08,52.37321988884767
2025-10-19 07:06:57.833036,47.7,35.75,291.62,127.73,53.54757887210889
2025-10-19 07:06:58.833036,64.8,37.8,101.6,73.48,52.005512160373854
2025-10-19 07:06:59.833035,64.65,72.94,212.33,71.98,52.52673321529883
2025-10-19 07:07:00.833035,44.27,37.0,132.72,110.32,52.529109637855385
2025-10-19 07:07:01.833034,94.26,61.36,271.43,110.67,53.23453544524197
2025-10-19 07:07:02.833034,76.69,62.0,98.14,37.19,51.59803937082171
2025-10-19 07:07:03.833033,30.75,71.43,293.08,106.55,53.294405756496474
2025-10-19 07:07:04.833032,87.34,39.12,141.37,56.76,52.05403595228229
2025-10-19 07:07:05.833032,10.57,61.68,257.29,107.46,53.12751772848999
2025-10-19 07:07:06.833031,59.36,42.01,271.74,59.75,52.774268787590294
2025-10-19 07:07:07.833031,86.01,38.3,107.75,13.42,51.45679149362895
2025-10-19 07:07:08.833030,50.93,40.63,290.28,145.98,53.70921641527951
2025-10-19 07:07:09.833029,37.0,62.22,137.87,82.6,52.24885752529869
2025-10-19 07:07:10.833029,90.34,68.29,267.7,12.58,52.25522013573374
2025-10-19 07:07:11.833028,82.67,84.28,241.5,121.94,53.14767918568283
2025-10-19 07:07:12.833028,28.99,88.71,101.54,20.9,51.41662530790493
2025-10-19 07:07:13.833027,47.28,62.46,158.4,20.48,51.75738202363878
2025-10-19 07:07:14.833026,58.73,50.42,84.14,39.54,51.56426361412359
2025-10-19 07:07:15.833026,83.29,37.62,270.94,135.06,53.50513140909964
2025-10-19 07:07:16.833025,50.63,76.79,285.34,103.43,53.21448600270586
2025-10-19 07:07:17.833025,87.85,32.47,248.08,12.32,52.20436421960963
2025-10-19 07:07:18.833024,40.51,97.83,241.78,134.6,53.25026316591762
2025-10-19 07:07:19.833023,38.66,77.01,132.82,147.28,52.82405605646371
2025-10-19 07:07:20.833023,69.63,30.87,76.84,58.72,51.74153588891147
2025-10-19 07:07:21.833022,36.36,22.11,93.12,143.74,52.66433670804406
2025-10-19 07:07:22.833021,65.13,26.71,272.52,63.12,52.835102085790474
2025-10-19 07:07:23.833021,66.57,51.67,209.58,36.19,52.19945760406971
2025-10-19 07:07:24.833020,94.9,86.92,261.37,56.25,52.61438237421689
2025-10-19 07:07:25.833020,82.17,78.66,223.49,57.72,52.43940831605139
2025-10-19 07:07:26.833019,30.12,20.54,179.31,73.21,52.444858531137264
2025-10-19 07:07:27.833018,59.74,83.21,180.22,59.91,52.222462740648744
2025-10-19 07:07:28.833018,26.45,82.73,274.83,39.13,52.527277782688934
2025-10-19 07:07:29.833017,17.22,67.91,215.05,87.43,52.698565512102554
2025-10-19 07:07:30.833016,74.09,62.59,121.26,116.43,52.48674156660578
2025-10-19 07:07:31.833016,18.24,83.37,84.94,39.97,51.52082633904228
2025-10-19 07:07:32.833015,34.72,50.95,109.44,78.27,52.07297812976126
2025-10-19 07:07:33.833015,15.65,65.97,68.2,132.42,52.35282344224028
2025-10-19 07:07:34.833014,29.05,28.42,176.94,65.33,52.34360771256143
2025-10-19 07:07:35.833014,73.1,25.16,232.67,125.5,53.22803030353552
2025-10-19 07:07:36.833013,62.94,90.68,96.54,123.85,52.38232834981591
2025-10-19 07:07:37.833013,86.31,67.76,148.4,60.61,52.08370671249509
2025-10-19 07:07:38.833012,22.41,51.08,132.11,47.19,51.89324480664083
2025-10-19 07:07:39.833012,78.48,56.73,213.21,60.8,52.44883902293556
2025-10-19 07:07:40.833011,35.76,54.72,129.33,139.93,52.769441451593444
2025-10-19 07:07:41.833011,94.28,97.13,226.15,81.3,52.65254428113253
2025-10-19 07:07:42.833010,62.29,75.12,116.91,43.63,51.73984803866935
2025-10-19 07:07:43.833010,16.92,83.58,216.02,139.73,53.1848010526155
2025-10-19 07:07:44.833010,11.59,50.37,283.33,44.06,52.67125593027871
2025-10-19 07:07:45.833009,50.71,88.0,170.2,48.19,52.04811122317167
2025-10-19 07:07:46.833009,14.99,67.12,100.98,13.73,51.378288717125564
2025-10-19 07:07:47.833008,43.34,84.27,295.74,102.64,53.250584551180246
2025-10-19 07:07:48.833008,86.77,97.43,289.25,137.1,53.528445254759404
2025-10-19 07:07:49.833007,45.78,93.06,257.67,26.45,52.29681225120746
2025-10-19 07:07:50.833007,43.96,78.01,102.68,119.78,52.395689352765686
2025-10-19 07:07:51.833006,52.33,49.59,108.85,90.41,52.189359395650776
2025-10-19 07:07:52.833006,18.27,60.97,137.13,71.61,52.140605602918725
2025-10-19 07:07:53.833005,18.68,84.56,216.89,106.91,52.87054376267817
2025-10-19 07:07:54.833005,16.85,87.66,169.86,95.18,52.50120924727911
2025-10-19 07:07:55.833004,51.57,64.44,182.91,20.06,51.881029948236346
2025-10-19 07:07:56.833004,41.48,30.27,237.65,20.03,52.226708587131725
2025-10-19 07:07:57.833004,33.83,50.76,103.71,15.62,51.43688783406297
2025-10-19 07:07:58.833003,78.68,44.52,287.06,23.19,52.498567686529505
2025-10-19 07:07:59.833003,82.14,28.46,266.92,90.7,53.06914604185667
2025-10-19 07:08:00.833002,61.32,30.06,152.98,72.72,52.28459496834208
2025-10-19 07:08:01.833002,92.43,77.7,69.88,88.84,51.92192286490744
2025-10-19 07:08:02.833001,92.09,64.86,106.98,11.25,51.38989123067117
2025-10-19 07:08:03.833001,64.62,41.14,119.41,116.05,52.50695607497824
2025-10-19 07:08:04.833000,74.42,44.19,56.41,135.08,52.34989692657829
2025-10-19 07:08:05.833000,31.06,62.8,55.92,74.18,51.729105468317194
2025-10-19 07:08:06.832999,20.74,70.83,125.29,145.16,52.77309155513559
2025-10-19 07:08:07.832998,44.82,46.26,231.49,94.51,52.88885618576383
2025-10-19 07:08:08.832998,58.73,59.44,260.18,15.26,52.25492615802835
2025-10-19 07:08:09.832998,25.98,85.9,164.16,10.45,51.6542441153353
2025-10-19 07:08:10.832997,67.78,56.6,196.59,88.94,52.63243631462332
2025-10-19 07:08:11.832997,31.42,71.84,212.79,53.63,52.35348161701105
2025-10-19 07:08:12.832996,21.49,94.5,183.01,39.35,52.02077527383065
2025-10-19 07:08:13.832996,46.99,70.32,70.41,120.38,52.24134969151834
2025-10-19 07:08:14.832995,16.42,47.78,238.82,124.51,53.21567859837146
2025-10-19 07:08:15.832995,21.86,87.44,243.07,128.47,53.21422818541625
2025-10-19 07:08:16.832994,62.23,85.24,82.48,89.48,51.983497425589306
2025-10-19 07:08:17.832994,40.59,92.28,138.78,104.62,52.41932453871235
2025-10-19 07:08:18.832993,48.96,45.36,199.95,58.31,52.371881387503265
2025-10-19 07:08:19.832993,30.58,57.39,259.12,56.0,52.64643730220345
2025-10-19 07:08:20.832992,15.35,66.62,56.6,127.3,52.24037485503459
2025-10-19 07:08:21.832992,65.86,66.34,291.79,29.83,52.5536753245721
2025-10-19 07:08:22.832991,86.16,90.82,129.97,21.82,51.573949550195195
2025-10-19 07:08:23.832991,89.65,81.82,169.87,128.2,52.82974754629716
2025-10-19 07:08:24.832990,20.84,22.98,113.87,11.77,51.49761760237006
2025-10-19 07:08:25.832990,65.31,69.65,122.81,143.81,52.74865752374408
2025-10-19 07:08:26.832989,14.9,39.43,206.72,123.27,53.04549303195862
2025-10-19 07:08:27.832989,25.73,48.07,237.53,129.97,53.261132931296196
2025-10-19 07:08:28.832988,61.88,44.17,153.06,49.19,52.03528470093306
2025-10-19 07:08:29.832988,58.87,51.55,253.4,95.49,53.00695360490667
2025-10-19 07:08:30.832987,37.16,93.18,130.73,93.03,52.262868352889065
2025-10-19 07:08:31.832987,49.19,62.92,69.96,129.14,52.33530209095064
2025-10-19 07:08:32.832986,43.64,28.11,144.61,49.45,52.0179751031562
2025-10-19 07:08:33.832986,90.28,60.23,238.48,145.33,53.395589184786736
2025-10-19 07:08:34.832986,65.76,33.59,77.19,36.88,51.52793709379733
2025-10-19 07:08:35.832985,53.24,67.15,197.85,73.23,52.470644931870474
2025-10-19 07:08:36.832985,66.2,72.5,196.36,63.35,52.35873429019978
2025-10-19 07:08:37.832984,57.09,40.86,289.15,130.26,53.55081567267712
2025-10-19 07:08:38.832984,23.05,29.14,100.32,77.36,52.04982965377694
2025-10-19 07:08:39.832983,30.6,84.61,193.01,107.35,52.74725660513595
2025-10-19 07:08:40.832983,19.51,73.45,99.0,54.41,51.75111840024762
2025-10-19 07:08:41.832982,65.33,70.88,127.95,35.92,51.73089659949922
2025-10-19 07:08:42.832981,94.67,64.72,116.67,101.47,52.31423077968643
2025-10-19 07:08:43.832981,32.88,29.21,184.64,102.84,52.746173319431776
2025-10-19 07:08:44.832980,13.65,29.04,279.31,117.17,53.3903226635907
2025-10-19 07:08:45.832980,44.73,42.82,113.66,62.64,51.957163251262976
2025-10-19 07:08:46.832979,30.4,66.36,153.15,28.53,51.80106133047504
2025-10-19 07:08:47.832978,53.45,92.28,171.0,72.5,52.28071395801906
2025-10-19 07:08:48.832978,69.45,70.48,131.27,35.9,51.7490538326728
2025-10-19 07:08:49.832977,82.93,76.75,100.3,131.71,52.500328186955095
2025-10-19 07:08:50.832977,35.44,60.43,178.12,31.25,51.96997816118179
2025-10-19 07:08:51.832976,42.1,27.66,81.45,96.61,52.13757887652188
2025-10-19 07:08:52.832975,74.21,28.36,147.35,65.06,52.183150250746515
2025-10-19 07:08:53.832975,49.44,45.32,129.37,45.84,51.8746321912879
2025-10-19 07:08:54.832974,76.2,90.41,111.39,56.72,51.81289273096985
2025-10-19 07:08:55.832974,38.78,80.44,272.79,26.02,52.39322424501402
2025-10-19 07:08:56.832973,52.81,26.89,292.13,136.08,53.64498898413328
2025-10-19 07:08:57.832973,41.14,81.22,213.01,29.91,52.110526698720356
2025-10-19 07:08:58.832972,16.3,38.74,138.08,67.88,52.14459991903455
2025-10-19 07:08:59.832971,10.67,94.41,146.09,38.73,51.81785566806529
2025-10-19 07:09:00.832971,75.3,74.46,171.01,22.68,51.827074323240474
2025-10-19 07:09:01.832970,20.94,92.4,173.23,117.07,52.723405083023856
2025-10-19 07:09:02.832970,73.66,55.33,143.35,120.05,52.65108216519808
2025-10-19 07:09:03.832969,85.53,84.64,241.49,11.99,52.08387927889756
2025-10-19 07:09:04.832968,57.16,93.22,269.73,99.43,53.06662475846559
2025-10-19 07:09:05.832968,19.06,76.95,77.75,122.6,52.291558677790206
2025-10-19 07:09:06.832967,69.6,32.91,86.85,73.3,51.932738431520754
2025-10-19 07:09:07.832966,46.38,63.27,165.69,17.69,51.768040139111335
2025-10-19 07:09:08.832966,23.18,44.02,201.66,100.47,52.79079116784117
2025-10-19 07:09:09.832965,27.47,46.09,221.12,95.35,52.84189485477294
2025-10-19 07:09:10.832964,41.66,55.38,296.34,93.41,53.210010776755425
2025-10-19 07:09:11.832964,60.59,65.15,60.64,27.31,51.297382850750495
2025-10-19 07:09:12.832963,92.76,38.62,230.34,119.84,53.139676383746554
2025-10-19 07:09:13.832963,70.9,81.65,159.06,89.93,52.40225697914846
2025-10-19 07:09:14.832962,44.57,86.9,121.98,129.01,52.573963629655466
2025-10-19 07:09:15.832961,37.77,89.42,253.78,133.95,53.32126755937676
2025-10-19 07:09:16.832961,79.65,82.09,230.12,149.43,53.35620305393174
2025-10-19 07:09:17.832960,85.88,36.42,63.51,97.03,52.032093890462576
2025-10-19 07:09:18.832959,29.65,41.14,156.27,121.08,52.75234031800127
2025-10-19 07:09:19.832959,10.78,42.07,66.98,126.63,52.327944225876834
2025-10-19 07:09:20.832958,43.84,33.07,221.95,30.8,52.24264240246518
2025-10-19 07:09:21.832958,71.69,47.32,172.06,26.65,51.913787484925535
2025-10-19 07:09:22.832957,70.55,23.79,82.79,80.45,51.99456113410396
2025-10-19 07:09:23.832956,91.65,52.87,111.35,11.19,51.43150959282861
2025-10-19 07:09:24.832956,52.5,94.75,153.94,103.89,52.48929653845311
2025-10-19 07:09:25.832955,47.83,79.78,244.18,138.57,53.32987393028413
2025-10-19 07:09:26.832955,31.51,69.29,264.6,92.75,53.01231654476362
2025-10-19 07:09:27.832954,43.68,45.62,138.85,114.34,52.58713308263968
2025-10-19 07:09:28.832953,86.48,42.41,68.2,85.85,51.93959196572936
2025-10-19 07:09:29.832953,93.78,38.16,118.97,45.52,51.827296612698326
2025-10-19 07:09:30.832952,93.67,89.23,276.5,10.6,52.250084660434425
2025-10-19 07:09:31.832952,40.37,62.5,61.86,75.34,51.77250014795347
2025-10-19 07:09:32.832951,28.81,87.64,262.69,83.92,52.8878544299492
2025-10-19 07:09:33.832951,80.56,96.59,152.96,121.64,52.65280595198128
2025-10-19 07:09:34.832950,25.71,25.78,208.67,72.15,52.58307403362283
2025-10-19 07:09:35.832949,48.87,62.71,280.83,107.06,53.24767688405691
2025-10-19 07:09:36.832949,49.94,61.62,89.71,139.64,52.54429848250554
2025-10-19 07:09:37.832948,29.17,63.05,208.97,51.85,52.329715790513006
2025-10-19 07:09:38.832948,64.3,39.82,67.87,61.02,51.70180953485754
2025-10-19 07:09:39.832947,81.91,88.75,66.82,15.0,51.17418806556374
2025-10-19 07:09:40.832946,94.74,50.35,158.69,92.96,52.478849288633334
2025-10-19 07:09:41.832946,87.32,87.02,162.34,126.71,52.766962106132475
2025-10-19 07:09:42.832945,32.93,77.2,193.62,46.84,52.17706483409367
2025-10-19 07:09:43.832945,78.12,78.88,224.67,85.66,52.71553094182455
2025-10-19 07:09:44.832945,45.23,98.83,203.61,69.16,52.41216796454125
2025-10-19 07:09:45.832944,15.92,96.75,147.78,81.83,52.23995563294819
2025-10-19 07:09:46.832944,28.74,39.97,236.68,115.43,53.12874887678815
2025-10-19 07:09:47.832943,51.4,65.46,226.93,69.43,52.5917792566593
2025-10-19 07:09:48.832943,36.68,93.63,130.55,35.87,51.70848109171561
2025-10-19 07:09:49.832942,59.86,27.18,130.31,139.52,52.814057461910565
2025-10-19 07:09:50.832942,82.67,80.6,236.3,16.24,52.103632165486026
2025-10-19 07:09:51.832941,87.32,24.74,195.84,18.15,51.994066986267285
2025-10-19 07:09:52.832940,85.92,51.13,63.78,10.91,51.1776288925544
2025-10-19 07:09:53.832940,18.58,65.17,65.04,84.42,51.87307170686792
2025-10-19 07:09:54.832939,45.06,31.98,296.29,70.79,53.02784908827725
2025-10-19 07:09:55.832939,12.79,27.75,157.07,68.35,52.267805601129595
2025-10-19 07:09:56.832938,89.66,45.2,287.61,122.52,53.460921038386246
2025-10-19 07:09:57.832937,47.04,70.57,55.4,32.49,51.31097101560706
2025-10-19 07:09:58.832937,16.68,65.96,236.91,10.26,52.07210779703528
2025-10-19 07:09:59.832936,11.67,83.04,222.81,100.49,52.84245597073129
2025-10-19 07:10:00.832936,63.2,54.97,96.68,105.66,52.26339414597065
2025-10-19 07:10:01.832935,80.83,28.9,149.11,55.71,52.10128313815899
2025-10-19 07:10:02.832934,55.55,72.8,70.02,118.89,52.22095652952492
2025-10-19 07:10:03.832934,91.81,45.32,297.3,101.72,53.31132491984973
2025-10-19 07:10:04.832933,20.22,98.55,196.8,90.77,52.58522079829218
2025-10-19 07:10:05.832933,12.54,22.37,124.11,105.73,52.46179722270026
2025-10-19 07:10:06.832932,69.31,61.69,229.85,32.29,52.254167986648625
2025-10-19 07:10:07.832932,86.17,28.56,80.87,149.29,52.64246443137849
2025-10-19 07:10:08.832931,80.91,37.81,155.6,134.77,52.886383458114096
2025-10-19 07:10:09.832931,15.43,22.38,116.56,83.76,52.20903963617717
2025-10-19 07:10:10.832931,67.88,65.58,123.54,112.27,52.453979150795796
2025-10-19 07:10:11.832930,83.92,53.55,158.76,95.53,52.49903696860945
2025-10-19 07:10:12.832930,63.8,48.06,192.32,82.81,52.563811978858155
2025-10-19 07:10:13.832929,31.02,75.87,69.7,97.83,52.01077292650869
2025-10-19 07:10:14.832929,67.2,20.01,242.15,114.67,53.182015164861596
2025-10-19 07:10:15.832928,53.8,56.22,143.04,91.94,52.37621224335556
2025-10-19 07:10:16.832928,21.24,39.61,136.25,132.67,52.759960297206966
2025-10-19 07:10:17.832927,32.44,98.8,155.4,132.78,52.77007123141953
2025-10-19 07:10:18.832927,69.29,60.33,206.68,32.65,52.13611641586677
2025-10-19 07:10:19.832926,29.31,31.27,119.93,47.63,51.86366904397168
2025-10-19 07:10:20.832926,93.58,33.07,183.39,80.41,52.51653474813925
2025-10-19 07:10:21.832925,42.86,93.85,110.18,71.67,51.94558091795298
2025-10-19 07:10:22.832924,78.26,66.4,240.07,67.63,52.64303097302218
2025-10-19 07:10:23.832923,89.02,98.77,138.79,77.17,52.14372989646043
2025-10-19 07:10:24.832923,41.15,79.2,220.22,57.48,52.41878348333479
2025-10-19 07:10:25.832922,61.62,73.04,264.82,110.68,53.180965220632004
2025-10-19 07:10:26.832922,86.37,87.97,195.69,100.64,52.691389196294885
2025-10-19 07:10:27.832922,90.24,98.51,181.25,32.93,51.942989757074045
2025-10-19 07:10:28.832921,15.32,93.12,80.57,127.06,52.324284980557
2025-10-19 07:10:29.832921,31.2,50.06,298.35,105.6,53.3469867054947
2025-10-19 07:10:30.832920,74.89,71.57,175.56,86.53,52.47331790273157
2025-10-19 07:10:31.832920,29.81,29.16,116.34,74.36,52.10629834237362
2025-10-19 07:10:32.832919,26.28,45.17,152.09,86.57,52.38998526315454
2025-10-19 07:10:33.832919,40.86,68.34,247.44,137.35,53.353484951955906
2025-10-19 07:10:34.832918,22.71,75.55,215.62,82.04,52.6374626330625
2025-10-19 07:10:35.832918,71.55,43.24,187.55,38.83,52.1206664163303
2025-10-19 07:10:36.832917,36.87,82.29,85.33,28.38,51.41253657169682
2025-10-19 07:10:37.832917,39.34,22.72,115.96,130.34,52.65571494524158
2025-10-19 07:10:38.832916,45.64,47.93,176.89,120.67,52.847750236911
2025-10-19 07:10:39.832916,67.58,42.57,63.23,32.19,51.39393766784192
2025-10-19 07:10:40.832915,40.55,62.12,142.67,114.88,52.586772501960596
2025-10-19 07:10:41.832915,20.87,70.52,284.7,11.26,52.32968608498707
2025-10-19 07:10:42.832914,45.64,86.11,244.11,141.09,53.34390404077803
2025-10-19 07:10:43.832914,11.33,82.26,279.21,101.74,53.15681434386966
2025-10-19 07:10:44.832913,89.96,54.54,246.61,85.92,52.8734657962404
2025-10-19 07:10:45.832913,85.26,50.77,110.34,61.01,51.91116689747989
2025-10-19 07:10:46.832912,12.3,20.57,225.18,92.16,52.87288955079749
2025-10-19 07:10:47.832912,23.33,57.68,165.94,130.38,52.867848315080494
2025-10-19 07:10:48.832911,45.81,80.37,58.17,15.11,51.14227168910592
2025-10-19 07:10:49.832911,90.68,56.65,91.85,109.68,52.27384092723955
2025-10-19 07:10:50.832911,93.98,28.36,147.79,75.53,52.28674022892202
2025-10-19 07:10:51.832910,22.64,60.38,172.39,58.64,52.20432429804429
2025-10-19 07:10:52.832910,81.3,43.22,93.6,75.17,51.97062127101162
2025-10-19 07:10:53.832909,79.57,64.39,292.47,96.04,53.200602989534154
2025-10-19 07:10:54.832909,45.11,68.61,180.22,138.1,53.00151529954243
2025-10-19 07:10:55.832908,22.68,54.68,207.22,15.62,51.98321777333074
2025-10-19 07:10:56.832907,59.32,90.75,80.22,81.56,51.88617748960298
2025-10-19 07:10:57.832907,31.97,67.86,204.14,29.79,52.083050845892494
2025-10-19 07:10:58.832907,60.59,94.48,179.55,80.68,52.40198581237594
2025-10-19 07:10:59.832906,77.83,34.15,86.49,117.12,52.35258984032954
2025-10-19 07:11:00.832906,94.92,90.35,219.61,89.2,52.70469855337998
2025-10-19 07:11:01.832905,72.08,87.41,82.55,33.14,51.43566631683538
2025-10-19 07:11:02.832905,36.66,73.16,279.46,11.28,52.297754662191444
2025-10-19 07:11:03.832904,22.27,49.75,280.46,22.32,52.44669423343591
2025-10-19 07:11:04.832904,56.55,35.84,242.6,134.66,53.35279634159983
2025-10-19 07:11:05.832903,62.4,96.2,278.42,23.47,52.37381034839103
2025-10-19 07:11:06.832903,59.45,25.64,185.52,119.77,52.9201973141985
2025-10-19 07:11:07.832902,39.33,84.03,78.4,31.36,51.401623388454084
2025-10-19 07:11:08.832902,53.41,49.07,221.65,22.41,52.13472760569486
2025-10-19 07:11:09.832901,31.11,28.56,114.32,10.27,51.4767317774966
2025-10-19 07:11:10.832901,81.14,66.79,121.09,23.91,51.584585529256614
2025-10-19 07:11:11.832900,28.31,55.66,128.88,107.87,52.455550371510114
2025-10-19 07:11:12.832900,73.38,74.96,152.07,50.63,51.99545936847403
2025-10-19 07:11:13.832899,85.31,41.78,224.69,27.31,52.209810346589904
2025-10-19 07:11:14.832898,22.32,83.65,198.18,92.18,52.629674515237824
2025-10-19 07:11:15.832898,28.89,79.0,69.51,30.79,51.35657749359828
2025-10-19 07:11:16.832897,11.54,57.56,234.89,95.22,52.89608275893527
2025-10-19 07:11:17.832897,44.36,28.89,274.1,128.9,53.4761748027034
2025-10-19 07:11:18.832896,61.6,82.9,219.7,103.71,52.85721257177797
2025-10-19 07:11:19.832895,18.13,57.12,152.6,142.28,52.91259455980125
2025-10-19 07:11:20.832895,45.55,38.53,202.4,119.52,52.98758978474398
2025-10-19 07:11:21.832894,25.85,50.74,181.4,10.03,51.797547990275795
2025-10-19 07:11:22.832894,79.93,74.8,179.22,134.83,52.95481439231202
2025-10-19 07:11:23.832893,40.14,76.45,156.69,146.7,52.946738855910475
2025-10-19 07:11:24.832893,26.24,24.57,145.3,108.74,52.60054480922455
2025-10-19 07:11:25.832892,44.59,60.99,273.99,59.58,52.75475895676795
2025-10-19 07:11:26.832891,42.51,23.84,121.35,136.91,52.746251645866124
2025-10-19 07:11:27.832891,33.44,51.31,103.7,50.74,51.77556742232302
2025-10-19 07:11:28.832890,50.6,97.77,209.06,98.22,52.72392718702197
2025-10-19 07:11:29.832890,85.8,34.19,137.03,146.76,52.908900688320465
2025-10-19 07:11:30.832889,93.71,29.76,164.64,95.23,52.56496839896491
2025-10-19 07:11:31.832888,93.96,68.84,158.86,64.35,52.174003109469936
2025-10-19 07:11:32.832888,54.3,92.79,264.2,89.11,52.93799343309602
2025-10-19 07:11:33.832887,33.13,66.39,248.88,147.76,53.46490182268239
2025-10-19 07:11:34.832887,88.96,54.62,76.45,73.18,51.841893607785195
2025-10-19 07:11:35.832886,18.42,27.13,260.07,41.42,52.55815545346891
2025-10-19 07:11:36.832885,67.59,91.71,250.69,135.71,53.318188228493256
2025-10-19 07:11:37.832885,40.29,58.97,76.73,93.1,52.02916074233003
2025-10-19 07:11:38.832884,55.5,73.64,226.97,43.5,52.32838247223811
2025-10-19 07:11:39.832884,41.33,79.28,131.69,131.17,52.6586730567123
2025-10-19 07:11:40.832883,89.79,37.66,181.47,22.53,51.93938119605748
2025-10-19 07:11:41.832882,37.93,49.26,117.75,40.91,51.75873542280125
2025-10-19 07:11:42.832882,78.51,91.22,270.77,43.05,52.53014822436592
2025-10-19 07:11:43.832881,19.84,90.05,53.94,133.34,52.24770121118765
2025-10-19 07:11:44.832881,43.63,42.42,219.47,89.28,52.780169661465735
2025-10-19 07:11:45.832880,28.49,21.37,112.38,87.01,52.21974447476956
2025-10-19 07:11:46.832880,51.86,22.05,261.15,134.67,53.473612784908916
2025-10-19 07:11:47.832880,68.06,25.97,211.94,66.83,52.548786453293495
2025-10-19 07:11:48.832879,76.18,79.38,263.43,133.96,53.38867617444488
2025-10-19 07:11:49.832879,69.37,96.17,206.82,117.63,52.90217758142463
2025-10-19 07:11:50.832878,45.51,32.14,255.92,73.84,52.84160874796803
2025-10-19 07:11:51.832878,33.47,98.04,259.94,19.1,52.23001783773134
2025-10-19 07:11:52.832877,21.36,77.0,119.97,10.91,51.43683051521672
2025-10-19 07:11:53.832877,52.79,43.29,182.71,67.18,52.36888853658169
2025-10-19 07:11:54.832876,25.4,81.8,191.09,144.6,53.10162651949323
2025-10-19 07:11:55.832876,21.29,50.4,226.07,108.6,52.989655104612034
2025-10-19 07:11:56.832875,13.69,33.72,166.77,12.03,51.76558802890121
2025-10-19 07:11:57.832875,41.68,24.88,191.95,62.06,52.39767822529871
2025-10-19 07:11:58.832874,72.1,78.39,57.08,60.38,51.57731611012312
2025-10-19 07:11:59.832874,21.56,97.76,264.77,82.69,52.87113354355485
2025-10-19 07:12:00.832874,81.66,36.5,228.18,105.72,52.99494837385407
2025-10-19 07:12:01.832873,33.32,80.54,145.19,38.85,51.836044386169334
2025-10-19 07:12:02.832873,93.68,40.05,59.13,126.29,52.28593558400302
2025-10-19 07:12:03.832872,76.5,83.62,140.84,54.89,51.96307894802627
2025-10-19 07:12:04.832872,40.65,36.67,285.25,104.58,53.288277110313864
2025-10-19 07:12:05.832871,71.32,25.7,210.8,120.1,53.05822967986082
2025-10-19 07:12:06.832871,90.24,58.69,181.97,28.51,51.96677209913171
2025-10-19 07:12:07.832870,58.38,95.94,126.73,92.46,52.231661626530084
2025-10-19 07:12:08.832870,33.57,69.87,62.87,41.64,51.440422564280816
2025-10-19 07:12:09.832869,16.81,92.83,139.42,75.73,52.14251822645182
2025-10-19 07:12:10.832869,35.45,29.4,164.42,11.07,51.75056161782593
2025-10-19 07:12:11.832868,29.4,27.28,149.34,40.58,51.958758719706154
2025-10-19 07:12:12.832868,16.73,70.77,127.85,16.8,51.545651951473396
2025-10-19 07:12:13.832867,41.75,80.84,132.55,43.59,51.8139384785764
2025-10-19 07:12:14.832867,62.89,50.91,66.67,32.86,51.405650184782324
2025-10-19 07:12:15.832866,51.3,66.74,290.36,63.47,52.87070045073369
2025-10-19 07:12:16.832866,85.02,61.7,175.12,17.4,51.81804126323795
2025-10-19 07:12:17.832865,14.09,75.58,227.17,49.18,52.38132002918712
2025-10-19 07:12:18.832865,36.27,98.7,140.88,130.95,52.6750304536452
2025-10-19 07:12:19.832865,37.98,53.93,56.78,85.77,51.85972921936909
2025-10-19 07:12:20.832864,15.55,34.06,94.09,125.88,52.47800393557951
2025-10-19 07:12:21.832864,76.81,38.56,138.9,11.22,51.601376801604395
2025-10-19 07:12:22.832863,83.91,74.97,55.74,136.2,52.308701089703106
2025-10-19 07:12:23.832863,75.98,47.48,273.46,27.0,52.458157838037344
2025-10-19 07:12:24.832862,65.96,78.01,216.72,104.63,52.85789962966893
2025-10-19 07:12:25.832862,33.1,27.37,151.06,129.33,52.82598074503299
2025-10-19 07:12:26.832861,11.55,82.68,171.52,131.05,52.864759527469324
2025-10-19 07:12:27.832861,78.66,70.42,221.4,21.03,52.0864428226614
2025-10-19 07:12:28.832860,55.82,22.9,172.71,16.61,51.858612104456135
2025-10-19 07:12:29.832860,57.67,78.21,100.1,75.69,51.95526779002518
2025-10-19 07:12:30.832859,70.98,31.87,293.98,103.7,53.33392099647317
2025-10-19 07:12:31.832859,62.38,71.68,255.63,117.27,53.1977760363176
2025-10-19 07:12:32.832858,29.29,58.25,111.44,87.27,52.15918977861823
2025-10-19 07:12:33.832858,65.09,82.4,244.39,82.23,52.78208176464804
2025-10-19 07:12:34.832857,75.73,27.8,115.57,25.18,51.62877486111469
2025-10-19 07:12:35.832857,14.25,95.88,104.4,77.27,51.96568408248011
2025-10-19 07:12:36.832856,84.54,80.0,280.05,51.34,52.6775041433882
2025-10-19 07:12:37.832856,69.47,20.21,277.78,111.02,53.336586576519046
2025-10-19 07:12:38.832855,33.67,66.69,52.94,144.94,52.39130179057801
2025-10-19 07:12:39.832855,70.36,75.21,215.52,67.26,52.494546373402784
2025-10-19 07:12:40.832854,92.7,36.83,221.06,140.23,53.29012505986253
2025-10-19 07:12:41.832854,22.61,39.15,80.72,22.0,51.39414257332969
2025-10-19 07:12:42.832854,14.24,45.29,212.13,67.22,52.523160893486036
2025-10-19 07:12:43.832853,73.5,78.94,95.82,93.12,52.099815870747875
2025-10-19 07:12:44.832853,59.63,98.56,185.02,86.96,52.48548609730777
2025-10-19 07:12:45.832852,85.64,71.39,163.41,55.26,52.10637829155924
2025-10-19 07:12:46.832852,45.61,80.92,130.48,74.5,52.10165301753754
2025-10-19 07:12:47.832851,69.24,78.57,148.05,26.02,51.73034914557209
2025-10-19 07:12:48.832851,30.56,57.06,116.03,71.36,52.031718331967525
2025-10-19 07:12:49.832850,28.7,71.49,224.59,139.52,53.247544505521624
2025-10-19 07:12:50.832850,73.03,64.35,95.16,60.33,51.80219021462322
2025-10-19 07:12:51.832844,64.07,36.27,91.31,68.9,51.90870897198017
2025-10-19 07:12:52.832843,47.06,24.57,246.54,132.13,53.367102111870736
2025-10-19 07:12:53.832843,82.63,22.74,204.63,71.49,52.55991309252804
2025-10-19 07:12:54.832842,91.33,43.79,238.1,131.96,53.29015501603326
2025-10-19 07:12:55.832842,43.98,73.76,260.66,42.83,52.50154037293112
2025-10-19 07:12:56.832841,21.48,29.11,299.41,21.03,52.56785749703384
2025-10-19 07:12:57.832841,22.64,66.14,145.62,52.13,51.98941924869899
2025-10-19 07:12:58.832840,61.18,22.71,117.81,66.89,52.0520649800663
2025-10-19 07:12:59.832840,41.52,46.11,249.83,74.95,52.79784613277254
2025-10-19 07:13:00.832839,76.8,80.91,141.17,24.98,51.67988634685275
2025-10-19 07:13:01.832839,55.14,60.51,286.79,127.03,53.47605546813227
2025-10-19 07:13:02.832838,50.2,62.32,79.89,49.1,51.615289270578096
2025-10-19 07:13:03.832838,75.86,89.76,136.75,104.78,52.41400289069726
2025-10-19 07:13:04.832837,16.82,48.56,61.39,17.2,51.22973945092644
2025-10-19 07:13:05.832837,82.85,87.86,171.59,43.42,52.009626616122574
2025-10-19 07:13:06.832837,78.47,31.38,197.29,56.23,52.359575719532316
2025-10-19 07:13:07.832836,56.7,53.91,173.6,108.71,52.705127257041795
2025-10-19 07:13:08.832836,65.55,98.07,50.78,148.18,52.361708109890344
2025-10-19 07:13:09.832835,26.28,64.82,150.37,67.92,52.16953489279898
2025-10-19 07:13:10.832835,39.22,21.24,128.82,62.9,52.074564419405114
2025-10-19 07:13:11.832834,44.62,57.74,103.13,51.76,51.77226680080286
2025-10-19 07:13:12.832834,45.42,68.51,65.38,49.37,51.5307073178079
2025-10-19 07:13:13.832833,58.06,25.34,74.25,63.88,51.78631141794925
2025-10-19 07:13:14.832833,19.97,50.73,125.33,80.64,52.18105680954025
2025-10-19 07:13:15.832832,77.33,87.99,262.41,19.15,52.25950464532865
2025-10-19 07:13:16.832832,42.44,87.32,250.98,112.28,53.10008598698714
2025-10-19 07:13:17.832831,16.89,57.55,242.32,104.38,53.02433139524918
2025-10-19 07:13:18.832831,31.83,50.37,109.12,125.74,52.53120212191951
2025-10-19 07:13:19.832830,53.62,38.35,223.55,47.15,52.40097064792229
2025-10-19 07:13:20.832830,44.91,76.49,200.43,106.22,52.78871663849666
2025-10-19 07:13:21.832829,80.85,43.94,251.89,37.22,52.4474208797274
2025-10-19 07:13:22.832829,35.82,31.89,66.53,116.7,52.24554644546071
2025-10-19 07:13:23.832828,88.86,74.25,191.58,33.52,52.04201954750063
2025-10-19 07:13:24.832828,34.3,25.04,107.2,46.93,51.798758387030496
2025-10-19 07:13:25.832827,28.14,43.35,160.73,55.88,52.142205286899475
2025-10-19 07:13:26.832827,67.03,23.13,259.49,135.73,53.47330214367128
2025-10-19 07:13:27.832827,77.53,91.78,150.34,116.99,52.601428595040424
2025-10-19 07:13:28.832826,19.39,53.62,146.4,51.71,52.00922861643188
2025-10-19 07:13:29.832826,40.02,72.21,111.81,36.93,51.65241977168221
2025-10-19 07:13:30.832825,41.99,24.17,180.65,36.99,52.09606180490297
2025-10-19 07:13:31.832825,10.57,21.85,251.08,62.73,52.72454161929749
2025-10-19 07:13:32.832824,79.05,90.5,109.88,88.23,52.1093824140112
2025-10-19 07:13:33.832824,70.66,82.86,133.03,122.31,52.57451711803405
2025-10-19 07:13:34.832823,27.75,40.96,182.61,39.42,52.10359238545253
2025-10-19 07:13:35.832823,89.69,88.3,66.99,62.2,51.632212068609626
2025-10-19 07:13:36.832822,57.96,66.71,73.08,84.31,51.912498702276736
2025-10-19 07:13:37.832822,13.02,27.47,196.12,109.51,52.87468509999623
2025-10-19 07:13:38.832821,55.06,30.73,126.98,147.08,52.86379784388149
2025-10-19 07:13:39.832821,82.26,24.81,76.63,66.82,51.828278101018405
2025-10-19 07:13:40.832820,16.15,52.12,267.54,114.45,53.264867658771
2025-10-19 07:13:41.832820,79.47,24.1,147.46,141.38,52.92843187013894
2025-10-19 07:13:42.832819,47.36,26.1,79.22,43.22,51.61186793979293
2025-10-19 07:13:43.832819,38.89,34.05,160.72,139.77,52.96797904003398
2025-10-19 07:13:44.832819,84.98,53.78,265.44,82.57,52.94277666957823
2025-10-19 07:13:45.832818,58.36,92.05,197.31,73.03,52.426634515727486
2025-10-19 07:13:46.832818,24.49,45.03,52.01,63.28,51.630806971167644
2025-10-19 07:13:47.832817,55.13,33.09,287.27,31.89,52.60180622672257
2025-10-19 07:13:48.832817,56.68,91.39,146.08,24.6,51.685923567397495
2025-10-19 07:13:49.832816,83.76,78.07,214.56,37.1,52.193283258632775
2025-10-19 07:13:50.832816,85.58,64.85,223.35,46.05,52.34755383332595
2025-10-19 07:13:51.832815,44.42,47.9,178.62,43.75,52.11324082266533
2025-10-19 07:13:52.832815,83.22,82.79,276.69,10.84,52.26355649537101
2025-10-19 07:13:53.832814,49.88,60.82,130.89,70.52,52.09699483266956
2025-10-19 07:13:54.832814,25.33,49.25,74.13,96.65,52.064910052286365
2025-10-19 07:13:55.832813,31.08,74.72,283.32,84.23,53.021304653358705
2025-10-19 07:13:56.832813,77.95,55.76,134.0,119.43,52.594503087362106
2025-10-19 07:13:57.832812,50.23,56.92,166.3,17.59,51.78032443517368
2025-10-19 07:13:58.832812,85.55,29.87,286.15,140.08,53.6470577923356
2025-10-19 07:13:59.832811,27.2,55.39,111.15,126.11,52.537713537611694
2025-10-19 07:14:00.832811,72.91,52.46,160.37,35.58,51.929649788356684
2025-10-19 07:14:01.832810,70.52,43.51,242.2,108.13,53.0820519623767
2025-10-19 07:14:02.832810,37.33,62.34,283.57,67.17,52.8771614412623
2025-10-19 07:14:03.832809,60.3,58.98,156.22,146.31,52.967957858165754
2025-10-19 07:14:04.832809,85.68,30.53,272.07,142.27,53.59204135434413
2025-10-19 07:14:05.832809,61.89,50.54,136.03,113.53,52.556504089956874
2025-10-19 07:14:06.832808,44.44,88.45,229.71,118.89,53.0486919558225
2025-10-19 07:14:07.832808,91.38,21.98,249.39,132.2,53.387068115480744
2025-10-19 07:14:08.832807,31.92,32.3,98.28,82.35,52.082218446188605
2025-10-19 07:14:09.832807,17.33,88.29,101.93,78.24,51.973826793965856
2025-10-19 07:14:10.832806,23.72,97.93,253.65,118.46,53.15739525540835
2025-10-19 07:14:11.832806,38.16,29.44,99.37,136.52,52.61634415616332
2025-10-19 07:14:12.832805,57.29,68.23,94.3,139.12,52.55336552243711
2025-10-19 07:14:13.832805,71.24,73.39,81.37,127.47,52.363575913940316
2025-10-19 07:14:14.832804,64.8,42.28,190.93,146.93,53.18550976100557
2025-10-19 07:14:15.832804,42.32,32.16,221.36,127.26,53.17366164734161
2025-10-19 07:14:16.832803,77.01,97.44,187.61,138.43,52.99877131507021
2025-10-19 07:14:17.832803,36.16,47.81,124.31,143.58,52.78881749756054
2025-10-19 07:14:18.832802,38.1,42.52,189.69,24.88,51.99833046223459
2025-10-19 07:14:19.832802,71.7,31.98,77.33,67.25,51.824886386843254
2025-10-19 07:14:20.832801,13.34,63.27,188.73,96.89,52.65685723289088
2025-10-19 07:14:21.832801,81.86,86.48,60.94,135.72,52.31369797821285
2025-10-19 07:14:22.832801,17.55,85.74,159.28,49.34,52.00450157100334
2025-10-19 07:14:23.832800,37.53,40.23,146.04,28.38,51.80279042907772
2025-10-19 07:14:24.832800,17.99,28.22,138.14,88.6,52.361834810159635
2025-10-19 07:14:25.832799,20.19,30.27,258.19,56.54,52.68938347627728
2025-10-19 07:14:26.832799,20.65,43.86,214.75,91.85,52.77756034240284
2025-10-19 07:14:27.832798,70.82,47.33,72.23,58.81,51.69189052203209
2025-10-19 07:14:28.832798,83.67,81.71,259.71,52.59,52.57833175739398
2025-10-19 07:14:29.832797,72.91,77.01,185.93,80.4,52.460831387892384
2025-10-19 07:14:30.832797,29.93,43.37,96.26,39.8,51.64256719780312
2025-10-19 07:14:31.832796,88.39,85.46,129.07,97.04,52.304934977009765
2025-10-19 07:14:32.832796,55.28,63.86,112.59,88.46,52.168004491403074
2025-10-19 07:14:33.832795,26.72,59.18,141.19,99.77,52.437391855726474
2025-10-19 07:14:34.832795,72.11,23.85,192.24,134.63,53.102575150058115
2025-10-19 07:14:35.832794,11.08,90.6,217.64,112.22,52.916385595578085
2025-10-19 07:14:36.832794,91.45,69.58,156.07,49.64,52.01570545779769
2025-10-19 07:14:37.832793,15.17,47.22,143.12,90.84,52.380169182602394
2025-10-19 07:14:38.832793,40.56,97.09,171.48,35.78,51.92063462492961
2025-10-19 07:14:39.832792,58.67,36.11,113.18,115.87,52.4798795020632
2025-10-19 07:14:40.832792,68.15,98.18,110.15,91.24,52.127840478518266
2025-10-19 07:14:41.832791,85.81,57.61,136.87,39.21,51.83120945769578
2025-10-19 07:14:42.832791,17.91,27.86,278.24,60.97,52.84303349465429
2025-10-19 07:14:43.832791,67.84,36.97,108.02,124.27,52.53220873026956
2025-10-19 07:14:44.832790,68.49,61.87,63.1,99.25,52.011312228423066
2025-10-19 07:14:45.832790,36.58,25.77,96.62,125.94,52.50513734926745
2025-10-19 07:14:46.832789,69.12,69.13,200.7,77.85,52.52741445485552
2025-10-19 07:14:47.832789,32.51,47.59,228.66,98.01,52.905500964249065
2025-10-19 07:14:48.832788,18.73,52.45,231.19,38.03,52.33136866232002
2025-10-19 07:14:49.832788,25.26,91.09,231.49,92.12,52.795180469272076
2025-10-19 07:14:50.832787,31.99,39.87,55.9,108.25,52.09453751262742
2025-10-19 07:14:51.832787,20.6,52.13,239.6,37.03,52.367092341023536
2025-10-19 07:14:52.832786,40.75,73.86,293.13,42.78,52.674213013984314
2025-10-19 07:14:53.832786,51.6,78.86,194.53,68.42,52.387980563334814
2025-10-19 07:14:54.832785,48.43,48.05,199.29,36.95,52.15758022674338
2025-10-19 07:14:55.832785,70.55,62.49,52.13,59.23,51.564802210935994
2025-10-19 07:14:56.832784,28.58,81.73,68.44,78.68,51.809649361310626
2025-10-19 07:14:57.832784,74.42,57.48,255.55,19.29,52.272266752942635
2025-10-19 07:14:58.832783,30.98,66.64,235.32,84.09,52.77646207143781
2025-10-19 07:14:59.832783,44.28,96.01,235.47,138.23,53.25454827156141
2025-10-19 07:15:00.832782,48.33,69.74,125.49,140.8,52.73371506588118
2025-10-19 07:15:01.832782,35.94,75.0,271.2,126.29,53.36287777163216
2025-10-19 07:15:02.832782,92.95,87.95,161.53,43.09,51.95259719057991
2025-10-19 07:15:03.832781,84.87,76.19,280.23,64.77,52.81432572344749
2025-10-19 07:15:04.832781,78.64,96.97,75.77,137.86,52.397036517274614
2025-10-19 07:15:05.832780,84.79,74.78,197.71,100.47,52.721289289815324
2025-10-19 07:15:06.832780,56.4,70.78,145.05,123.94,52.673451913514576
2025-10-19 07:15:07.832779,93.26,46.87,110.61,118.03,52.47011130881898
2025-10-19 07:15:08.832779,56.42,70.04,137.19,105.03,52.449809382375534
2025-10-19 07:15:09.832778,11.46,46.18,271.39,35.0,52.52651251591604
2025-10-19 07:15:10.832778,12.66,97.65,144.17,116.85,52.55790178882713
2025-10-19 07:15:11.832777,47.05,44.33,228.23,48.52,52.429785406005074
2025-10-19 07:15:12.832777,89.73,91.62,229.61,113.9,52.99491677575645
2025-10-19 07:15:13.832776,53.01,64.55,75.79,33.21,51.43624373630816
2025-10-19 07:15:14.832776,16.96,83.16,157.39,36.44,51.87373578909088
2025-10-19 07:15:15.832775,49.69,46.49,160.79,129.64,52.850817615658464
2025-10-19 07:15:16.832775,17.74,36.86,79.1,85.08,51.999062764809935
2025-10-19 07:15:17.832774,68.54,36.58,273.12,141.9,53.584545034356935
2025-10-19 07:15:18.832774,49.67,94.15,141.6,24.22,51.653992005216786
2025-10-19 07:15:19.832773,40.06,64.97,64.02,109.01,52.10571922254881
2025-10-19 07:15:20.832773,31.22,47.96,274.28,116.15,53.32382995982641
2025-10-19 07:15:21.832772,70.56,76.6,256.71,55.44,52.59792081294857
2025-10-19 07:15:22.832772,24.64,61.84,254.32,113.75,53.17223525916405
2025-10-19 07:15:23.832771,32.88,92.77,67.55,90.29,51.89978603597457
2025-10-19 07:15:24.832771,87.97,54.78,211.76,102.96,52.851842003856255
2025-10-19 07:15:25.832770,24.05,67.69,159.16,87.36,52.39991361017099
2025-10-19 07:15:26.832770,26.23,27.83,149.54,32.27,51.878605584310286
2025-10-19 07:15:27.832770,40.11,83.05,174.37,62.18,52.213439475489835
2025-10-19 07:15:28.832769,47.11,30.99,101.77,105.92,52.330822917232176
2025-10-19 07:15:29.832769,19.74,61.5,103.99,98.07,52.21874097734736
2025-10-19 07:15:30.832768,10.74,58.25,96.62,24.09,51.469156239331085
2025-10-19 07:15:31.832768,19.11,37.17,200.23,13.25,51.95055231270351
2025-10-19 07:15:32.832767,10.13,28.68,61.18,49.9,51.57610900796984
2025-10-19 07:15:33.832767,65.73,93.49,125.32,19.46,51.522106312615904
2025-10-19 07:15:34.832766,28.38,23.84,284.5,51.67,52.79284701934999
2025-10-19 07:15:35.832766,34.59,44.06,292.43,67.81,52.95941547540465
2025-10-19 07:15:36.832765,77.13,86.44,58.71,102.43,51.979954770055315
2025-10-19 07:15:37.832765,10.41,22.11,124.13,99.15,52.39868682418433
2025-10-19 07:15:38.832764,15.0,42.05,118.89,147.7,52.80879305486311
2025-10-19 07:15:39.832764,70.78,53.93,246.96,70.42,52.72641431627076
2025-10-19 07:15:40.832763,13.1,25.08,284.75,99.2,53.2518288592542
2025-10-19 07:15:41.832763,86.19,85.57,185.24,97.4,52.60805877147728
2025-10-19 07:15:42.832762,11.04,67.54,226.37,100.82,52.88904696423798
2025-10-19 07:15:43.832762,42.12,76.04,249.99,132.09,53.30411323500766
2025-10-19 07:15:44.832762,30.42,74.56,61.05,74.07,51.73691298240371
2025-10-19 07:15:45.832761,86.75,88.85,212.19,76.17,52.54145851701703
2025-10-19 07:15:46.832761,88.59,40.44,209.92,86.72,52.707557389900714
2025-10-19 07:15:47.832760,65.83,29.72,253.03,113.15,53.210106770147945
2025-10-19 07:15:48.832760,45.12,60.85,74.63,122.75,52.30169805941975
2025-10-19 07:15:49.832759,43.16,76.2,222.42,76.62,52.62032592571225
2025-10-19 07:15:50.832759,52.07,41.49,242.78,146.42,53.458578948725936
2025-10-19 07:15:51.832758,85.49,92.06,54.4,98.24,51.90758735977088
2025-10-19 07:15:52.832758,68.21,82.36,176.62,73.06,52.33174126850806
2025-10-19 07:15:53.832757,59.43,90.23,99.76,140.23,52.55861305699161
2025-10-19 07:15:54.832757,46.16,90.03,57.36,134.88,52.28087874604981
2025-10-19 07:15:55.832756,20.37,39.26,178.13,146.34,53.11623639186677
2025-10-19 07:15:56.832756,15.9,31.91,99.02,82.12,52.08455816891423
2025-10-19 07:15:57.832755,73.26,81.35,227.15,83.16,52.70070621556143
2025-10-19 07:15:58.832755,15.54,33.58,125.59,13.3,51.55828440294925
2025-10-19 07:15:59.832754,25.43,70.12,114.69,83.29,52.119367751190204
2025-10-19 07:16:00.832754,62.12,20.6,81.91,50.16,51.70199105162903
2025-10-19 07:16:01.832753,71.37,96.22,86.53,13.03,51.24858567937395
2025-10-19 07:16:02.832752,71.78,33.89,271.89,134.53,53.51094850657541
2025-10-19 07:16:03.832751,22.68,36.4,213.75,147.6,53.32304912177229
2025-10-19 07:16:04.832751,47.61,93.69,89.17,91.64,52.02679196526793
2025-10-19 07:16:05.832750,20.96,95.12,120.71,62.35,51.90966602988051
2025-10-19 07:16:06.832750,26.14,29.32,214.9,122.69,53.09946038086826
2025-10-19 07:16:07.832749,29.1,74.34,99.59,67.06,51.87518798432834
2025-10-19 07:16:08.832749,42.16,29.97,188.6,33.49,52.09552273577932
2025-10-19 07:16:09.832748,33.92,97.45,268.39,114.2,53.19563500156433
2025-10-19 07:16:10.832748,94.8,33.74,241.78,145.93,53.46070214369904
2025-10-19 07:16:11.832748,55.78,30.29,62.17,128.04,52.334446808260104
2025-10-19 07:16:12.832747,70.46,56.67,151.29,107.05,52.565648202532415
2025-10-19 07:16:13.832747,78.1,90.73,125.95,74.42,52.06125833365822
2025-10-19 07:16:14.832746,19.04,49.39,215.7,18.02,52.060015044444185
2025-10-19 07:16:15.832746,86.89,75.93,160.42,80.13,52.32375708603385
2025-10-19 07:16:16.832745,60.8,86.3,262.24,16.29,52.23360216279561
2025-10-19 07:16:17.832745,49.81,91.74,210.96,117.24,52.92747738281507
2025-10-19 07:16:18.832744,32.35,23.79,142.33,133.97,52.829885448198795
2025-10-19 07:16:19.832744,29.99,66.57,113.59,40.47,51.70502912253692
2025-10-19 07:16:20.832743,81.66,75.04,228.61,82.43,52.71137266244912
2025-10-19 07:16:21.832743,88.19,92.13,74.71,68.76,51.73082309076173
2025-10-19 07:16:22.832742,89.35,35.94,278.84,65.81,52.88031884939662
2025-10-19 07:16:23.832742,72.5,35.3,140.17,84.08,52.31781898672642
2025-10-19 07:16:24.832741,11.7,45.73,158.6,82.59,52.385366622831064
2025-10-19 07:16:25.832741,18.39,76.68,258.17,21.03,52.27285462295859
2025-10-19 07:16:26.832740,14.39,31.92,216.92,50.55,52.40858010903801
2025-10-19 07:16:27.832740,82.68,50.26,203.42,63.5,52.43287570234453
2025-10-19 07:16:28.832740,37.13,92.03,287.07,113.59,53.29797524465493
2025-10-19 07:16:29.832739,73.91,72.49,264.76,36.92,52.46827607052402
2025-10-19 07:16:30.832739,22.01,89.98,63.88,56.5,51.55785044816133
2025-10-19 07:16:31.832738,17.79,92.66,76.17,99.95,52.039378716719945
2025-10-19 07:16:32.832738,83.59,48.33,161.05,132.74,52.879285097483276
2025-10-19 07:16:33.832737,44.03,68.13,192.01,134.64,53.03174470847044
2025-10-19 07:16:34.832737,42.26,73.84,121.9,27.5,51.61252599135569
2025-10-19 07:16:35.832736,75.21,78.68,56.97,110.91,52.06488075530694
2025-10-19 07:16:36.832736,23.86,88.31,289.8,111.43,53.29751606350198
2025-10-19 07:16:37.832735,32.24,23.61,292.37,27.28,52.59937319373254
2025-10-19 07:16:38.832735,60.72,96.2,218.73,16.17,51.9846173874699
2025-10-19 07:16:39.832734,32.81,80.74,237.62,98.37,52.90462723285739
2025-10-19 07:16:40.832734,21.32,31.88,87.67,24.56,51.46743702832858
2025-10-19 07:16:41.832733,12.53,29.34,159.63,136.46,52.937568236569355
2025-10-19 07:16:42.832733,94.54,30.87,196.1,82.21,52.605244630733644
2025-10-19 07:16:43.832732,50.83,50.57,111.01,60.07,51.90596844934479
2025-10-19 07:16:44.832732,22.38,48.73,255.99,115.6,53.219673976816686
2025-10-19 07:16:45.832732,86.4,77.59,292.74,116.13,53.37553013960145
2025-10-19 07:16:46.832731,39.95,96.33,296.69,40.59,52.63666930166828
2025-10-19 07:16:47.832731,30.61,54.5,216.57,59.3,52.45577918924885
2025-10-19 07:16:48.832730,93.73,71.73,156.99,44.74,51.969850495392485
2025-10-19 07:16:49.832730,60.1,40.75,176.59,18.99,51.87423898570648
2025-10-19 07:16:50.832729,39.28,68.55,159.15,21.63,51.76291933941525
2025-10-19 07:16:51.832729,91.98,71.18,99.5,37.64,51.5952000344803
2025-10-19 07:16:52.832728,54.24,27.36,220.74,78.94,52.71066950151925
2025-10-19 07:16:53.832728,67.12,63.36,278.23,35.38,52.5396541324493
2025-10-19 07:16:54.832727,21.42,78.15,62.29,27.97,51.29210914528268
2025-10-19 07:16:55.832727,30.74,60.92,200.76,10.11,51.8856345343822
2025-10-19 07:16:56.832726,63.23,90.35,200.76,130.73,53.005665093897036
2025-10-19 07:16:57.832726,44.3,98.17,177.2,120.11,52.764909005525354
2025-10-19 07:16:58.832726,55.33,89.59,255.3,50.61,52.523243164902425
2025-10-19 07:16:59.832725,70.43,51.13,187.02,113.53,52.827742221859985
2025-10-19 07:17:00.832725,22.13,52.85,82.01,149.2,52.60944511040513
2025-10-19 07:17:01.832724,11.25,56.24,205.37,76.67,52.561220741556234
2025-10-19 07:17:02.832724,55.4,57.74,279.3,22.63,52.43092339714576
2025-10-19 07:17:03.832723,78.7,50.63,81.73,61.92,51.76747646556705
2025-10-19 07:17:04.832723,18.55,35.84,145.52,132.32,52.81199015420397
2025-10-19 07:17:05.832722,70.27,70.72,180.97,115.69,52.785500032769576
2025-10-19 07:17:06.832722,34.8,50.43,251.16,49.67,52.553696082151724
2025-10-19 07:17:07.832721,31.52,64.71,275.89,46.78,52.63527324666768
2025-10-19 07:17:08.832721,28.5,97.82,81.62,21.74,51.304082110968025
2025-10-19 07:17:09.832720,78.78,46.27,165.75,56.24,52.16788511348131
2025-10-19 07:17:10.832720,77.28,79.38,213.82,20.96,52.031202952603415
2025-10-19 07:17:11.832719,66.09,68.1,134.02,147.54,52.84700024620281
2025-10-19 07:17:12.832719,48.25,92.87,139.98,145.09,52.81613243982454
2025-10-19 07:17:13.832719,63.67,96.57,218.52,15.14,51.97295432085902
2025-10-19 07:17:14.832718,28.14,71.73,130.15,144.88,52.79490837661355
2025-10-19 07:17:15.832718,83.92,40.75,52.97,142.07,52.4045411522931
2025-10-19 07:17:16.832717,79.86,83.51,166.26,115.25,52.682596275174845
2025-10-19 07:17:17.832717,57.44,93.99,55.88,27.58,51.22919048500233
2025-10-19 07:17:18.832716,63.65,60.64,152.85,22.85,51.75353996390017
2025-10-19 07:17:19.832716,21.81,21.69,183.17,49.92,52.238445152224166
2025-10-19 07:17:20.832715,93.99,44.4,240.17,54.39,52.55016771984653
2025-10-19 07:17:21.832715,25.06,24.1,192.08,46.49,52.24904317600354
2025-10-19 07:17:22.832714,60.57,26.89,249.73,48.68,52.57354369741338
2025-10-19 07:17:23.832714,10.51,24.54,151.76,24.5,51.82050052340734
2025-10-19 07:17:24.832713,63.41,60.48,249.49,62.85,52.65640908756737
2025-10-19 07:17:25.832713,41.39,82.25,173.94,88.78,52.46961667301338
2025-10-19 07:17:26.832712,22.87,79.22,51.61,113.57,52.06114226563356
2025-10-19 07:17:27.832712,37.56,33.0,130.66,63.26,52.06935580484231
2025-10-19 07:17:28.832711,10.45,93.72,216.33,142.42,53.19650613653016
2025-10-19 07:17:29.832711,47.57,25.06,206.1,134.58,53.17416689533042
2025-10-19 07:17:30.832711,48.68,25.57,67.03,148.93,52.569816706616436
2025-10-19 07:17:31.832710,13.75,97.71,164.56,144.35,52.93255788844339
2025-10-19 07:17:32.832710,87.27,37.14,293.94,102.83,53.31699957198396
2025-10-19 07:17:33.832709,18.43,39.03,63.53,146.21,52.503646555539056
2025-10-19 07:17:34.832709,12.69,38.91,119.03,43.98,51.8115450381239
2025-10-19 07:17:35.832708,73.69,74.65,133.95,13.09,51.53622979742449
2025-10-19 07:17:36.832708,74.47,37.48,160.99,132.41,52.892852424286275
2025-10-19 07:17:37.832707,33.04,84.7,102.32,103.79,52.228619349014366
2025-10-19 07:17:38.832707,39.07,88.65,90.76,45.93,51.60121163371115
2025-10-19 07:17:39.832706,21.6,95.87,175.52,62.77,52.20510339901657
2025-10-19 07:17:40.832706,89.08,85.02,107.06,85.13,52.07298013217786
2025-10-19 07:17:41.832705,77.87,77.62,205.14,96.36,52.71673536976233
2025-10-19 07:17:42.832705,45.59,52.03,281.02,148.34,53.664665869794185
2025-10-19 07:17:43.832705,43.43,54.64,190.64,54.81,52.273736723915405
2025-10-19 07:17:44.832704,51.05,89.59,162.21,56.11,52.079544393262026
2025-10-19 07:17:45.832704,22.56,75.13,262.22,69.29,52.763570027566985
2025-10-19 07:17:46.832703,36.63,52.37,109.48,56.01,51.85570968372958
2025-10-19 07:17:47.832703,10.98,57.39,264.44,67.92,52.79009603455992
2025-10-19 07:17:48.832702,45.98,40.32,153.77,32.73,51.88597185703901
2025-10-19 07:17:49.832702,23.06,67.7,281.96,111.0,53.28395234622393
2025-10-19 07:17:50.832701,58.33,98.85,148.39,14.43,51.58817052501055
2025-10-19 07:17:51.832701,31.74,77.82,178.01,84.64,52.45828158821937
2025-10-19 07:17:52.832700,69.55,34.99,117.13,44.62,51.813762412043026
2025-10-19 07:17:53.832700,82.14,79.19,233.39,47.17,52.389401823697476
2025-10-19 07:17:54.832700,62.1,24.54,93.06,84.67,52.08900425800917
2025-10-19 07:17:55.832699,46.21,54.72,144.54,101.79,52.4818260316891
2025-10-19 07:17:56.832699,47.07,39.02,289.02,88.63,53.15046982257191
2025-10-19 07:17:57.832698,47.12,96.45,187.91,140.29,53.01991651237059
2025-10-19 07:17:58.832698,32.07,34.72,102.22,77.48,52.052348283234984
2025-10-19 07:17:59.832697,28.09,87.34,112.71,45.21,51.71347293644758
2025-10-19 07:18:00.832697,80.15,67.14,280.55,117.27,53.33793654410271
2025-10-19 07:18:01.832696,34.83,39.1,205.33,64.6,52.47127378465607
2025-10-19 07:18:02.832696,46.9,60.19,275.82,45.84,52.632924885854734
2025-10-19 07:18:03.832695,27.43,49.33,133.47,126.2,52.667258997290176
2025-10-19 07:18:04.832695,30.71,73.25,296.23,118.98,53.42854852270796
2025-10-19 07:18:05.832694,40.04,38.44,179.76,88.1,52.563066098093046
2025-10-19 07:18:06.832694,78.52,26.13,170.13,44.79,52.11224795468718
2025-10-19 07:18:07.832694,23.92,30.67,97.79,128.51,52.52852053952874
2025-10-19 07:18:08.832693,28.67,63.47,211.61,115.09,52.954655813469515
2025-10-19 07:18:09.832693,78.32,40.45,156.91,51.14,52.080546019658826
2025-10-19 07:18:10.832692,48.75,52.66,265.76,24.61,52.38579377828861
2025-10-19 07:18:11.832692,26.78,94.19,113.77,34.0,51.59995155470742
2025-10-19 07:18:12.832691,21.06,36.89,124.17,35.99,51.76489953256021
2025-10-19 07:18:13.832691,41.4,69.44,153.57,146.75,52.94160304457821
2025-10-19 07:18:14.832690,20.42,54.43,245.15,46.77,52.48727851615871
2025-10-19 07:18:15.832690,37.39,97.27,120.44,109.08,52.35670416106883
2025-10-19 07:18:16.832689,88.71,67.59,146.02,52.08,51.98878843545972
2025-10-19 07:18:17.832689,25.71,29.33,161.8,72.95,52.3350461397305
2025-10-19 07:18:18.832688,16.05,84.98,149.09,71.64,52.16694076411249
2025-10-19 07:18:19.832688,94.54,45.98,86.83,120.44,52.367886778597146
2025-10-19 07:18:20.832688,72.43,83.69,233.09,149.24,53.36770014127197
2025-10-19 07:18:21.832687,11.45,48.68,62.23,42.99,51.48341489787915
2025-10-19 07:18:22.832686,52.33,72.25,187.13,136.58,53.01797098817649
2025-10-19 07:18:23.832686,13.33,94.4,194.15,10.72,51.80355155179699
2025-10-19 07:18:24.832686,32.04,69.45,238.6,62.62,52.58193870511319
2025-10-19 07:18:25.832685,52.89,27.83,257.3,55.98,52.683058665394746
2025-10-19 07:18:26.832685,89.02,96.85,149.59,41.81,51.86247930868024
2025-10-19 07:18:27.832684,93.94,87.89,92.91,70.64,51.85282133822693
2025-10-19 07:18:28.832684,22.78,73.18,155.54,73.83,52.24111911904878
2025-10-19 07:18:29.832683,27.61,28.81,268.46,11.07,52.30681953312609
2025-10-19 07:18:30.832683,26.77,73.68,180.66,94.23,52.571675086385234
2025-10-19 07:18:31.832682,44.43,70.46,200.8,53.56,52.290978509832605
2025-10-19 07:18:32.832682,41.23,56.79,53.5,89.42,51.87301418957762
2025-10-19 07:18:33.832681,71.72,22.63,229.8,135.78,53.31609779754411
2025-10-19 07:18:34.832681,25.92,68.52,257.76,148.33,53.51445912168841
2025-10-19 07:18:35.832680,30.03,79.92,87.92,30.78,51.4532988160318
2025-10-19 07:18:36.832680,93.92,70.61,59.85,51.41,51.517610696833465
2025-10-19 07:18:37.832679,61.81,61.13,289.3,29.51,52.545491144560174
2025-10-19 07:18:38.832679,90.2,21.9,177.57,115.29,52.84032987369517
2025-10-19 07:18:39.832678,43.38,82.11,143.64,20.43,51.647184486196466
2025-10-19 07:18:40.832678,74.15,66.05,215.04,145.33,53.261313600862564
2025-10-19 07:18:41.832678,85.55,23.37,235.69,56.83,52.58295156016705
2025-10-19 07:18:42.832677,92.1,20.63,146.93,58.57,52.13031980112714
2025-10-19 07:18:43.832677,66.41,42.66,56.24,45.56,51.485769266677394
2025-10-19 07:18:44.832676,14.4,97.37,163.65,145.03,52.934811180583665
2025-10-19 07:18:45.832676,34.8,48.79,286.91,127.36,53.49833498643543
2025-10-19 07:18:46.832675,58.7,33.78,77.2,56.08,51.713349001588355
2025-10-19 07:18:47.832675,86.37,67.43,139.41,105.46,52.46992522710841
2025-10-19 07:18:48.832674,74.47,47.49,180.75,131.42,52.972995075908834
2025-10-19 07:18:49.832674,56.44,71.19,110.04,25.28,51.53192605425262
2025-10-19 07:18:50.832673,31.51,69.64,281.24,17.03,52.368396964668776
2025-10-19 07:18:51.832673,66.76,54.39,77.41,62.81,51.74710534213532
2025-10-19 07:18:52.832672,29.43,30.44,152.99,86.54,52.417684996756726
2025-10-19 07:18:53.832672,66.47,71.26,119.92,71.63,52.03274092010323
2025-10-19 07:18:54.832671,89.26,75.99,89.8,125.81,52.38842810365136
2025-10-19 07:18:55.832671,87.32,61.62,214.14,95.45,52.78115982943423
2025-10-19 07:18:56.832671,71.09,50.27,240.39,63.36,52.6288391688577
2025-10-19 07:18:57.832670,83.41,96.52,183.64,18.91,51.82331039818782
2025-10-19 07:18:58.832670,22.49,39.05,89.17,61.59,51.822225240959895
2025-10-19 07:18:59.832669,88.6,75.39,184.59,100.13,52.64701144289983
2025-10-19 07:19:00.832669,58.7,28.23,179.42,21.95,51.93767401203894
2025-10-19 07:19:01.832668,32.05,27.8,265.23,136.36,53.50268128005621
2025-10-19 07:19:02.832668,94.5,78.14,126.32,105.54,52.38397074059476
2025-10-19 07:19:03.832667,47.45,67.01,100.59,28.79,51.52200536250095
2025-10-19 07:19:04.832667,19.96,22.74,272.37,28.37,52.504529543139505
2025-10-19 07:19:05.832666,63.17,53.62,209.64,45.41,52.285862769818934
2025-10-19 07:19:06.832666,16.92,91.13,143.81,76.39,52.17500840071257
2025-10-19 07:19:07.832665,26.81,36.87,92.37,58.04,51.80840986298583
2025-10-19 07:19:08.832665,50.19,70.43,278.86,89.03,53.05066585756701
2025-10-19 07:19:09.832664,23.15,78.83,83.35,18.14,51.3083968897734
2025-10-19 07:19:10.832664,33.8,85.04,177.82,109.15,52.682906238708725
2025-10-19 07:19:11.832663,68.6,43.57,271.25,116.54,53.318338180595454
2025-10-19 07:19:12.832663,24.03,91.62,70.8,51.34,51.5423100506425
2025-10-19 07:19:13.832663,35.73,60.22,206.38,40.25,52.208177735295244
2025-10-19 07:19:14.832662,25.24,35.97,208.91,93.1,52.7708948951443
2025-10-19 07:19:15.832662,64.36,69.41,78.84,62.13,51.724520394038926
2025-10-19 07:19:16.832661,20.06,58.43,173.0,63.82,52.260738560857305
2025-10-19 07:19:17.832661,40.01,55.13,56.95,111.66,52.109095419499276
2025-10-19 07:19:18.832660,11.49,98.19,57.15,33.6,51.28756963453965
2025-10-19 07:19:19.832660,12.0,79.51,269.31,95.25,53.045544131756714
2025-10-19 07:19:20.832659,81.5,82.39,75.12,63.35,51.6960299969323
2025-10-19 07:19:21.832659,37.43,26.32,160.93,109.3,52.6866327000369
2025-10-19 07:19:22.832658,51.39,31.86,130.34,113.18,52.55215195561786
2025-10-19 07:19:23.832658,53.74,30.56,232.48,24.32,52.24013932366936
2025-10-19 07:19:24.832657,44.09,92.51,79.28,88.53,51.94578732574164
2025-10-19 07:19:25.832657,12.45,48.03,257.08,34.23,52.43977307022863
2025-10-19 07:19:26.832656,65.4,72.52,296.31,66.83,52.92585147513936
2025-10-19 07:19:27.832656,11.22,89.36,138.63,68.96,52.07829983383525
2025-10-19 07:19:28.832656,58.25,77.15,74.86,90.55,51.965905231835414
2025-10-19 07:19:29.832655,15.23,77.88,246.13,24.46,52.2398673864015
2025-10-19 07:19:30.832655,69.4,53.37,255.6,115.6,53.210288643837146
2025-10-19 07:19:31.832654,11.25,79.44,212.38,59.63,52.39734830758496
2025-10-19 07:19:32.832654,67.21,50.67,213.59,110.77,52.94359939931057
2025-10-19 07:19:33.832653,46.65,36.68,53.39,77.42,51.78804543880158
2025-10-19 07:19:34.832653,61.89,83.81,62.11,80.51,51.790283470682645
2025-10-19 07:19:35.832652,52.83,97.77,63.34,22.14,51.21045641904013
2025-10-19 07:19:36.832652,83.9,24.16,259.56,81.69,52.949505699642515
2025-10-19 07:19:37.832651,91.09,97.26,62.05,95.45,51.913256896149434
2025-10-19 07:19:38.832651,80.8,26.79,149.42,42.1,51.97465491589825
2025-10-19 07:19:39.832650,68.01,52.73,187.72,147.81,53.160436256839965
2025-10-19 07:19:40.832650,62.99,87.62,231.42,19.0,52.09322279133081
2025-10-19 07:19:41.832650,81.99,25.44,145.77,16.64,51.71110775608459
2025-10-19 07:19:42.832649,83.4,37.84,182.32,105.12,52.742252651669894
2025-10-19 07:19:43.832649,67.21,67.05,214.76,141.47,53.22092008230286
2025-10-19 07:19:44.832648,47.09,65.46,241.73,102.08,52.98649111463571
2025-10-19 07:19:45.832648,34.57,62.83,298.01,66.27,52.94476313221115
2025-10-19 07:19:46.832647,55.71,65.44,212.25,145.58,53.249799149052855
2025-10-19 07:19:47.832647,41.61,62.81,218.59,25.16,52.12335836120491
2025-10-19 07:19:48.832646,11.89,54.74,294.82,74.91,53.02401611064486
2025-10-19 07:19:49.832646,26.71,93.15,187.09,25.38,51.909592628744
2025-10-19 07:19:50.832645,65.5,84.43,55.26,143.27,52.35961293233607
2025-10-19 07:19:51.832645,23.41,20.42,86.41,44.22,51.66885599174613
2025-10-19 07:19:52.832644,29.07,65.05,63.71,134.63,52.351675489888464
2025-10-19 07:19:53.832644,45.23,60.72,87.1,42.54,51.59285922015437
2025-10-19 07:19:54.832643,76.1,36.42,189.88,55.72,52.307158920957356
2025-10-19 07:19:55.832643,63.12,51.97,83.43,49.11,51.650572796848785
2025-10-19 07:19:56.832642,34.71,55.71,144.87,11.34,51.6074077701899
2025-10-19 07:19:57.832642,12.85,28.89,52.67,43.36,51.46711542312022
2025-10-19 07:19:58.832642,71.46,78.03,251.45,40.02,52.41848759667096
2025-10-19 07:19:59.832641,71.46,23.6,186.19,76.28,52.506450817116146
2025-10-19 07:20:00.832641,70.37,39.27,290.87,67.4,52.95466393471943
2025-10-19 07:20:01.832640,69.47,29.61,276.39,17.55,52.410547297418674
2025-10-19 07:20:02.832640,76.36,79.63,270.43,22.99,52.35260328842975
2025-10-19 07:20:03.832639,81.72,50.6,109.36,144.84,52.71681176028457
2025-10-19 07:20:04.832639,76.24,31.7,264.82,38.07,52.54392244753321
2025-10-19 07:20:05.832638,57.04,97.87,252.39,111.82,53.08655767103867
2025-10-19 07:20:06.832638,23.89,81.48,149.86,30.08,51.77468862007175
2025-10-19 07:20:07.832637,53.59,28.36,117.07,49.91,51.87503072353199
2025-10-19 07:20:08.832637,35.97,60.64,107.69,87.57,52.13831247822076
2025-10-19 07:20:09.832636,50.28,88.69,142.42,77.39,52.1810994445424
2025-10-19 07:20:10.832636,42.78,53.41,285.95,84.25,53.06907933658743
2025-10-19 07:20:11.832635,52.66,52.32,60.1,129.28,52.300711664987915
2025-10-19 07:20:12.832635,45.63,51.9,186.19,52.39,52.23089651356901
2025-10-19 07:20:13.832634,16.4,32.67,151.49,36.5,51.922298233089286
2025-10-19 07:20:14.832634,78.43,45.2,203.56,12.45,51.94795123709835
2025-10-19 07:20:15.832633,10.14,44.49,201.83,41.4,52.219771539657025
2025-10-19 07:20:16.832633,73.82,58.42,257.72,11.64,52.20839688598915
2025-10-19 07:20:17.832632,42.89,90.16,213.2,29.05,52.08915282201858
2025-10-19 07:20:18.832632,16.42,60.17,131.34,137.06,52.7438395469504
2025-10-19 07:20:19.832632,58.46,74.77,147.31,122.38,52.66414981614143
2025-10-19 07:20:20.832631,27.81,44.32,148.3,94.66,52.44932112315363
2025-10-19 07:20:21.832631,32.22,92.85,133.57,111.78,52.45985297556279
2025-10-19 07:20:22.832630,33.12,65.74,281.87,62.57,52.818255155200475
2025-10-19 07:20:23.832630,65.4,58.85,224.56,34.55,52.25225559638292
2025-10-19 07:20:24.832629,63.69,68.22,185.81,110.02,52.760442408827124
2025-10-19 07:20:25.832629,12.22,94.98,278.19,110.05,53.211702798698504
2025-10-19 07:20:26.832628,86.28,30.83,265.06,134.65,53.4804693403351
2025-10-19 07:20:27.832628,20.95,75.25,173.19,41.22,52.01674251639362
2025-10-19 07:20:28.832627,82.88,79.22,256.22,127.51,53.288074209066
2025-10-19 07:20:29.832627,89.56,98.09,219.04,19.61,52.01656073545582
2025-10-19 07:20:30.832626,91.58,63.7,214.9,53.68,52.37804041123183
2025-10-19 07:20:31.832626,86.79,91.51,287.02,50.72,52.69059492095657
2025-10-19 07:20:32.832626,23.11,48.84,240.07,76.83,52.75963244178263
2025-10-19 07:20:33.832625,65.88,95.87,190.65,52.92,52.19061584161784
2025-10-19 07:20:34.832625,36.4,27.95,289.71,120.48,53.47955655994846
2025-10-19 07:20:35.832624,60.66,84.92,61.64,83.13,51.81136209261661
2025-10-19 07:20:36.832624,77.99,42.22,94.66,70.79,51.9355001027442
2025-10-19 07:20:37.832623,59.44,45.73,200.17,40.2,52.197355601418366
2025-10-19 07:20:38.832623,75.38,91.14,213.78,126.78,53.03572261779232
2025-10-19 07:20:39.832622,58.65,66.85,57.01,135.24,52.318978412272
2025-10-19 07:20:40.832622,28.72,65.8,94.83,59.27,51.78789655259699
2025-10-19 07:20:41.832621,58.67,55.57,102.31,91.42,52.15480462853791
2025-10-19 07:20:42.832621,83.36,57.09,269.2,79.89,52.93172138434113
2025-10-19 07:20:43.832620,73.48,31.93,138.3,19.84,51.69196277204976
2025-10-19 07:20:44.832620,18.47,92.72,270.3,121.31,53.28202656094897
2025-10-19 07:20:45.832619,50.78,96.27,120.17,113.46,52.39919019828465
2025-10-19 07:20:46.832619,76.04,46.3,264.65,12.58,52.27355392984345
2025-10-19 07:20:47.832619,27.08,60.41,139.65,28.99,51.742816758279396
2025-10-19 07:20:48.832618,63.04,43.51,160.89,118.76,52.750836111312005
2025-10-19 07:20:49.832618,54.74,40.91,254.56,19.03,52.290550577255964
2025-10-19 07:20:50.832617,15.32,73.07,236.16,87.01,52.799059904918
2025-10-19 07:20:51.832617,24.89,64.49,249.97,52.95,52.55692946866898
2025-10-19 07:20:52.832616,93.71,96.42,212.86,54.71,52.32560804150404
2025-10-19 07:20:53.832616,71.49,53.09,151.01,60.28,52.11753848566055
2025-10-19 07:20:54.832615,22.83,82.2,209.74,18.17,51.97800811005972
2025-10-19 07:20:55.832615,51.91,95.56,119.21,41.6,51.700321379145684
2025-10-19 07:20:56.832614,63.83,37.72,280.32,140.98,53.612285597644366
2025-10-19 07:20:57.832614,52.81,22.74,97.4,128.58,52.53959804629938
2025-10-19 07:20:58.832613,43.38,26.56,243.0,89.02,52.9282151060727
2025-10-19 07:20:59.832613,54.24,72.07,62.18,127.84,52.266801928640234
2025-10-19 07:21:00.832613,44.34,74.51,88.39,135.14,52.47344961934
2025-10-19 07:21:01.832612,19.57,41.1,279.77,59.97,52.82068984916929
2025-10-19 07:21:02.832612,29.03,51.15,246.14,114.29,53.150621619356976
2025-10-19 07:21:03.832611,38.31,83.71,66.0,100.81,52.00749857624885
2025-10-19 07:21:04.832611,77.52,39.09,146.66,34.72,51.86919989146268
2025-10-19 07:21:05.832610,41.07,40.05,183.77,106.46,52.7594709216131
2025-10-19 07:21:06.832610,44.64,38.14,84.39,36.03,51.550986981330325
2025-10-19 07:21:07.832609,49.66,69.07,184.7,55.41,52.225119157642816
2025-10-19 07:21:08.832609,84.53,51.98,216.25,12.24,52.00298325691858
2025-10-19 07:21:09.832608,47.55,88.97,271.25,69.97,52.796559368089646
2025-10-19 07:21:10.832608,60.45,64.47,165.21,114.35,52.69825918752608
2025-10-19 07:21:11.832607,23.12,54.4,100.14,141.66,52.63086764006641
2025-10-19 07:21:12.832607,47.4,70.22,233.33,145.61,53.355082906081726
2025-10-19 07:21:13.832606,13.74,90.19,276.19,132.36,53.424297521891994
2025-10-19 07:21:14.832606,54.59,37.53,110.89,12.28,51.463740325809205
2025-10-19 07:21:15.832606,28.17,92.33,187.0,98.72,52.61957633646831
2025-10-19 07:21:16.832605,90.97,45.01,219.23,132.47,53.192444714201244
2025-10-19 07:21:17.832605,16.24,58.11,188.43,74.13,52.44329648199057
2025-10-19 07:21:18.832604,47.37,75.03,55.68,117.36,52.1261098638422
2025-10-19 07:21:19.832604,76.18,23.68,60.15,89.1,51.957532478536635
2025-10-19 07:21:20.832603,25.43,69.4,239.83,77.35,52.73101691144962
2025-10-19 07:21:21.832603,91.39,64.55,284.26,48.82,52.69992735652055
2025-10-19 07:21:22.832602,66.53,63.19,109.41,76.31,52.03459893072981
2025-10-19 07:21:23.832602,37.25,46.97,231.82,85.65,52.803826778285135
2025-10-19 07:21:24.832601,66.3,84.85,203.03,80.31,52.53889430296788
2025-10-19 07:21:25.832601,73.66,79.03,225.13,32.04,52.199262616607115
2025-10-19 07:21:26.832600,60.6,37.85,174.07,65.54,52.315475876531046
2025-10-19 07:21:27.832600,47.39,70.74,240.29,123.32,53.175877571598086
2025-10-19 07:21:28.832600,42.15,88.45,212.09,100.23,52.77420656073314
2025-10-19 07:21:29.832599,81.11,24.32,291.16,134.85,53.631963112487384
2025-10-19 07:21:30.832599,46.98,94.59,227.5,133.64,53.16985859015643
2025-10-19 07:21:31.832598,81.67,20.7,168.83,51.53,52.17902972098052
2025-10-19 07:21:32.832598,20.4,63.73,166.71,40.28,51.99119824822505
2025-10-19 07:21:33.832597,68.54,40.58,224.78,56.63,52.49569424136957
2025-10-19 07:21:34.832597,80.2,51.87,261.37,143.88,53.51690616194806
2025-10-19 07:21:35.832596,90.05,25.41,133.65,121.08,52.65636265046254
2025-10-19 07:21:36.832596,63.31,25.61,73.76,73.94,51.880547820398675
2025-10-19 07:21:37.832595,63.72,37.19,54.22,93.99,51.95189929678439
2025-10-19 07:21:38.832595,16.93,21.22,119.55,21.25,51.62237425169578
2025-10-19 07:21:39.832594,51.64,96.07,86.5,100.16,52.09117972999602
2025-10-19 07:21:40.832594,38.49,43.53,176.28,43.38,52.104051594644815
2025-10-19 07:21:41.832594,79.18,91.4,193.77,140.19,53.05817719562613
2025-10-19 07:21:42.832592,11.26,52.84,168.05,28.4,51.90061659715952
2025-10-19 07:21:43.832591,60.53,87.23,257.18,122.41,53.23127481427837
2025-10-19 07:21:44.832591,31.5,51.6,158.62,133.01,52.86377823168756
2025-10-19 07:21:45.832590,85.64,79.36,280.5,91.97,53.07379204950691
2025-10-19 07:21:46.832590,29.84,76.01,128.52,92.36,52.27162011686092
2025-10-19 07:21:47.832589,81.72,26.0,69.25,93.15,52.04161542950912
2025-10-19 07:21:48.832589,69.79,62.76,128.31,92.41,52.29183901890926
2025-10-19 07:21:49.832588,10.34,83.96,265.49,108.0,53.141437979472826
2025-10-19 07:21:50.832588,25.82,97.76,255.32,148.66,53.45860066154088
2025-10-19 07:21:51.832587,55.37,85.96,189.59,72.96,52.394337012086545
2025-10-19 07:21:52.832587,33.85,88.97,268.64,123.98,53.30488680420009
2025-10-19 07:21:53.832586,60.04,65.31,153.12,71.22,52.215352043283964
2025-10-19 07:21:54.832586,52.71,47.43,182.06,57.36,52.263946317208664
2025-10-19 07:21:55.832585,62.95,72.24,128.32,32.21,51.69485634174011
2025-10-19 07:21:56.832585,13.41,72.06,124.45,112.64,52.45221426632294
2025-10-19 07:21:57.832585,86.12,96.84,113.4,114.52,52.372406931790714
2025-10-19 07:21:58.832584,63.92,29.96,237.47,114.08,53.13566793451566
2025-10-19 07:21:59.832584,91.58,26.22,280.3,65.19,52.89741651206796
2025-10-19 07:22:00.832583,15.52,68.1,121.96,96.38,52.287928019185756
2025-10-19 07:22:01.832583,83.85,40.28,112.46,57.68,51.906794640727234
2025-10-19 07:22:02.832582,88.99,81.8,188.44,143.4,53.07587814393181
2025-10-19 07:22:03.832582,38.33,21.06,200.64,66.15,52.48962426850387
2025-10-19 07:22:04.832581,71.14,56.42,193.16,118.56,52.900827034101084
2025-10-19 07:22:05.832581,88.41,50.05,93.4,43.34,51.651017400140596
2025-10-19 07:22:06.832580,73.4,29.72,139.17,95.53,52.43198228845338
2025-10-19 07:22:07.832580,30.23,36.08,241.23,51.07,52.53681853443122
2025-10-19 07:22:08.832579,26.49,42.47,77.21,129.0,52.40483588190905
2025-10-19 07:22:09.832579,48.56,34.64,249.35,12.12,52.205793387933355
2025-10-19 07:22:10.832579,53.67,80.98,138.94,45.0,51.86145993049607
2025-10-19 07:22:11.832578,28.41,40.83,88.48,38.79,51.595272027124
2025-10-19 07:22:12.832578,52.71,84.03,219.92,131.41,53.124457935783504
2025-10-19 07:22:13.832577,57.03,30.66,105.45,98.69,52.28107322259738
2025-10-19 07:22:14.832577,31.83,27.09,179.54,55.44,52.26394610329014
2025-10-19 07:22:15.832576,27.22,35.34,290.41,137.43,53.635561448082925
2025-10-19 07:22:16.832576,88.26,83.69,100.78,98.74,52.173157351781946
2025-10-19 07:22:17.832575,42.09,66.02,193.33,71.17,52.428377925708766
2025-10-19 07:22:18.832575,76.06,92.06,270.34,118.3,53.25417325095294
2025-10-19 07:22:19.832574,52.82,68.18,180.55,104.88,52.682727239128
2025-10-19 07:22:20.832574,13.95,37.9,246.16,138.01,53.400949194996336
2025-10-19 07:22:21.832573,66.53,59.35,70.68,135.95,52.4106150332349
2025-10-19 07:22:22.832573,31.61,46.76,93.22,144.78,52.63612629103556
2025-10-19 07:22:23.832573,67.41,52.73,98.44,137.11,52.58042533319137
2025-10-19 07:22:24.832572,85.29,40.07,267.94,41.86,52.58404905476501
2025-10-19 07:22:25.832572,89.08,60.36,82.99,15.17,51.30682935552579
2025-10-19 07:22:26.832571,93.08,86.02,57.79,126.07,52.20429616106216
2025-10-19 07:22:27.832571,69.88,27.34,168.78,80.07,52.44428335607436
2025-10-19 07:22:28.832570,55.99,89.18,195.16,112.39,52.80027421108294
2025-10-19 07:22:29.832570,73.59,95.57,187.42,10.91,51.76762474382696
2025-10-19 07:22:30.832569,22.57,86.76,283.38,135.88,53.50211149408621
2025-10-19 07:22:31.832569,27.62,53.3,200.34,13.32,51.926426706151375
2025-10-19 07:22:32.832568,72.37,58.9,176.16,31.15,51.96095771369294
2025-10-19 07:22:33.832568,92.15,76.12,50.59,102.94,51.95778889625842
2025-10-19 07:22:34.832567,45.24,33.27,112.67,22.61,51.57983450846302
2025-10-19 07:22:35.832567,22.58,40.97,113.77,93.48,52.258874933137335
2025-10-19 07:22:36.832567,78.14,77.35,108.07,34.18,51.59777469265063
2025-10-19 07:22:37.832566,76.38,43.22,297.57,77.0,53.07703745245266
2025-10-19 07:22:38.832566,71.93,24.25,261.07,72.35,52.867109198986455
2025-10-19 07:22:39.832565,76.85,20.85,147.23,15.59,51.71597252243631
2025-10-19 07:22:40.832565,49.35,53.63,282.29,104.27,53.242783969839316
2025-10-19 07:22:41.832564,39.33,56.68,131.29,90.0,52.29401162084021
2025-10-19 07:22:42.832564,18.66,89.92,108.67,25.13,51.49368083542516
2025-10-19 07:22:43.832563,91.02,40.04,75.62,135.07,52.45886886572254
2025-10-19 07:22:44.832563,82.17,39.17,290.53,131.44,53.57225200330991
2025-10-19 07:22:45.832562,83.73,78.84,199.37,66.3,52.39334658213895
2025-10-19 07:22:46.832562,25.64,95.78,159.02,50.63,51.99978406647051
2025-10-19 07:22:47.832561,51.48,54.96,277.84,12.02,52.324911154696224
2025-10-19 07:22:48.832561,18.03,82.92,189.14,88.66,52.548533987697525
2025-10-19 07:22:49.832561,69.5,89.96,284.8,107.98,53.23487025474333
2025-10-19 07:22:50.832560,52.19,25.9,130.3,112.37,52.55348743073269
2025-10-19 07:22:51.832560,83.26,26.79,50.87,17.81,51.21375319451587
2025-10-19 07:22:52.832559,77.15,89.69,218.16,104.41,52.84507347289636
2025-10-19 07:22:53.832559,47.69,22.77,172.84,33.3,52.02089736657122
2025-10-19 07:22:54.832558,55.87,33.12,50.71,124.14,52.23111102992996
2025-10-19 07:22:55.832558,72.58,38.77,133.61,80.01,52.237986455465894
2025-10-19 07:22:56.832557,16.36,91.55,122.95,114.35,52.43006444581113
2025-10-19 07:22:57.832557,22.09,66.06,62.77,66.22,51.68356638718047
2025-10-19 07:22:58.832556,60.09,62.24,191.67,123.33,52.92983720219556
2025-10-19 07:22:59.832556,53.68,93.81,209.73,123.33,52.97654203401847
2025-10-19 07:23:00.832555,86.65,48.17,274.45,77.86,52.95415526454589
2025-10-19 07:23:01.832555,74.36,83.76,70.63,119.1,52.208991403944744
2025-10-19 07:23:02.832555,55.28,85.36,295.08,122.83,53.44057654683999
2025-10-19 07:23:03.832554,73.84,65.84,258.08,145.2,53.49011959981555
2025-10-19 07:23:04.832554,51.45,97.22,128.94,80.4,52.124826853723064
2025-10-19 07:23:05.832553,63.4,86.48,139.94,96.2,52.35322718058915
2025-10-19 07:23:06.832553,89.72,32.56,177.87,147.36,53.13525788014038
2025-10-19 07:23:07.832552,35.0,20.32,70.27,129.04,52.403044849951435
2025-10-19 07:23:08.832552,21.26,62.45,257.08,47.64,52.546745324083965
2025-10-19 07:23:09.832551,27.94,91.0,260.37,11.33,52.16826111500547
2025-10-19 07:23:10.832551,91.65,40.52,138.88,51.86,51.99116014641101
2025-10-19 07:23:11.832550,74.74,98.89,230.75,116.62,53.015859758865965
2025-10-19 07:23:12.832550,13.91,37.72,276.42,78.22,52.98460046823808
2025-10-19 07:23:13.832549,78.8,70.82,97.46,147.85,52.650571869923525
2025-10-19 07:23:14.832549,90.6,53.41,153.15,62.32,52.148183479371625
2025-10-19 07:23:15.832549,49.88,86.84,276.77,97.67,53.09722572591636
2025-10-19 07:23:16.832548,24.28,73.37,274.75,67.79,52.81871664502035
2025-10-19 07:23:17.832548,80.97,75.31,217.3,49.75,52.33457411992297
2025-10-19 07:23:18.832547,94.15,49.42,131.11,65.1,52.06370383187918
2025-10-19 07:23:19.832547,89.43,33.27,233.0,123.81,53.20068434622356
2025-10-19 07:23:20.832546,71.3,76.97,94.06,37.66,51.55724278523307
2025-10-19 07:23:21.832546,93.43,55.28,234.35,17.66,52.14680993013154
2025-10-19 07:23:22.832545,55.93,59.83,149.21,33.07,51.83420989941539
2025-10-19 07:23:23.832545,38.36,77.75,157.23,53.5,52.04636195804667
2025-10-19 07:23:24.832544,50.97,30.05,292.7,37.78,52.692529159101824
2025-10-19 07:23:25.832544,85.91,66.46,154.24,52.24,52.035989764439826
2025-10-19 07:23:26.832544,85.52,60.8,204.56,128.76,53.05341246522825
2025-10-19 07:23:27.832543,65.34,44.25,58.81,138.13,52.39210532926509
2025-10-19 07:23:28.832543,80.87,74.02,149.99,64.77,52.12256576174502
2025-10-19 07:23:29.832542,91.99,51.68,115.31,146.89,52.76669361393974
2025-10-19 07:23:30.832542,22.12,76.66,82.42,108.84,52.183887370841155
2025-10-19 07:23:31.832541,39.49,74.93,289.69,111.25,53.31624933538642
2025-10-19 07:23:32.832541,93.23,85.8,241.51,28.03,52.2372615755918
2025-10-19 07:23:33.832540,33.69,72.04,282.54,51.65,52.70632202718213
2025-10-19 07:23:34.832540,49.5,70.06,271.94,75.43,52.8828042462569
2025-10-19 07:23:35.832539,21.38,23.02,95.51,120.49,52.450841543665206
2025-10-19 07:23:36.832539,86.27,26.4,190.56,25.98,52.03898473641379
2025-10-19 07:23:37.832538,33.87,56.75,95.51,52.53,51.74059786469221
2025-10-19 07:23:38.832538,21.36,27.12,286.33,117.36,53.432652410492146
2025-10-19 07:23:39.832538,22.17,29.84,248.16,47.57,52.54978677125897
2025-10-19 07:23:40.832537,79.28,76.72,257.95,120.38,53.232298776688985
2025-10-19 07:23:41.832537,22.53,94.23,272.62,130.48,53.380703922212135
2025-10-19 07:23:42.832536,43.13,43.67,298.49,11.79,52.45068078949575
2025-10-19 07:23:43.832536,62.82,20.36,133.68,51.12,51.98798190323817
2025-10-19 07:23:44.832535,36.19,23.37,162.9,145.54,53.052220082326464
2025-10-19 07:23:45.832535,41.65,41.14,213.8,126.15,53.10844059555717
2025-10-19 07:23:46.832534,48.52,88.46,146.69,10.6,51.558416201481435
2025-10-19 07:23:47.832534,18.6,64.16,188.85,27.81,51.98811625102974
2025-10-19 07:23:48.832533,92.09,79.06,91.86,46.48,51.62749662408439
2025-10-19 07:23:49.832533,17.82,32.85,246.32,81.05,52.85896801118948
2025-10-19 07:23:50.832533,50.44,50.54,213.61,52.41,52.379589024290894
2025-10-19 07:23:51.832532,22.1,98.28,81.73,89.88,51.96283628165789
2025-10-19 07:23:52.832532,94.56,23.17,113.5,78.28,52.138473140429596
2025-10-19 07:23:53.832531,80.12,58.66,63.52,38.1,51.42730665525768
2025-10-19 07:23:54.832531,84.11,82.59,127.96,30.62,51.66126847231957
2025-10-19 07:23:55.832530,36.7,69.22,293.8,112.59,53.36013233059861
2025-10-19 07:23:56.832530,74.5,54.32,198.14,85.3,52.60910094857946
2025-10-19 07:23:57.832529,48.89,84.26,180.61,40.99,52.03994156275436
2025-10-19 07:23:58.832529,42.26,20.91,189.48,37.97,52.157800980535136
2025-10-19 07:23:59.832528,44.88,81.5,251.38,34.97,52.36382014743855
2025-10-19 07:24:00.832528,85.42,54.69,235.67,94.89,52.9015726955176
2025-10-19 07:24:01.832527,69.44,42.69,164.89,58.52,52.19097671694404
2025-10-19 07:24:02.832527,46.73,59.78,133.64,36.6,51.785315299093774
2025-10-19 07:24:03.832527,33.9,26.43,179.73,131.11,52.99770282706138
2025-10-19 07:24:04.832526,71.77,46.46,166.97,130.49,52.89207073801721
2025-10-19 07:24:05.832526,62.5,49.41,286.72,57.97,52.82536673284213
2025-10-19 07:24:06.832525,65.45,71.77,92.37,24.51,51.42925116004761
2025-10-19 07:24:07.832525,19.81,67.59,181.16,135.91,52.98696166474663
2025-10-19 07:24:08.832524,80.2,71.15,51.92,17.66,51.14808187463643
2025-10-19 07:24:09.832524,89.36,55.36,241.59,85.75,52.84373621336564
2025-10-19 07:24:10.832523,72.23,30.88,193.24,66.06,52.43379808872867
2025-10-19 07:24:11.832523,90.84,42.62,272.53,98.2,53.14932404351846
2025-10-19 07:24:12.832522,40.96,46.66,275.49,88.84,53.06825619752156
2025-10-19 07:24:13.832522,25.79,60.11,174.4,34.93,51.986210173023395
2025-10-19 07:24:14.832522,56.14,97.99,135.06,115.82,52.4987808494576
2025-10-19 07:24:15.832521,17.99,81.84,136.85,22.94,51.63563769591234
2025-10-19 07:24:16.832521,74.72,98.09,121.52,32.08,51.616613747321345
2025-10-19 07:24:17.832520,48.78,63.19,265.67,104.05,53.13689684659984
2025-10-19 07:24:18.832520,34.79,88.65,189.27,130.08,52.94072610543367
2025-10-19 07:24:19.832519,13.91,61.23,178.69,107.84,52.71236115489329
2025-10-19 07:24:20.832519,66.1,27.6,79.33,60.98,51.78182727084943
2025-10-19 07:24:21.832518,94.94,82.94,219.41,129.68,53.106722938021285
2025-10-19 07:24:22.832518,42.69,96.64,155.29,77.34,52.2367977353626
2025-10-19 07:24:23.832517,18.58,74.0,50.46,90.2,51.8372404582859
2025-10-19 07:24:24.832517,31.78,77.43,229.66,99.84,52.88156408668807
2025-10-19 07:24:25.832516,12.25,67.16,94.64,30.21,51.50374115611719
2025-10-19 07:24:26.832516,85.09,46.31,298.42,24.04,52.564605048111325
2025-10-19 07:24:27.832516,54.42,61.46,205.59,119.28,52.96620292318765
2025-10-19 07:24:28.832515,94.25,68.8,225.26,73.29,52.61493292524101
2025-10-19 07:24:29.832515,87.18,39.8,275.27,128.33,53.459735124717234
2025-10-19 07:24:30.832514,55.34,60.48,144.69,72.24,52.18782142572448
2025-10-19 07:24:31.832514,43.15,20.73,214.53,113.39,53.02107874358885
2025-10-19 07:24:32.832513,67.98,79.42,58.36,100.36,51.969120299165
2025-10-19 07:24:33.832513,19.93,46.36,149.97,64.33,52.161742918451154
2025-10-19 07:24:34.832512,32.47,64.92,154.7,120.05,52.69656924754855
2025-10-19 07:24:35.832512,40.79,46.26,200.88,116.02,52.93346521964314
2025-10-19 07:24:36.832511,83.08,66.38,283.0,96.13,53.14779331983377
2025-10-19 07:24:37.832511,26.42,96.46,239.64,28.5,52.215045407393504
2025-10-19 07:24:38.832510,76.91,66.92,239.46,60.2,52.567110868928516
2025-10-19 07:24:39.832510,12.48,28.49,89.4,14.13,51.381152610860156
2025-10-19 07:24:40.832509,18.45,81.69,160.02,11.51,51.64902288896559
2025-10-19 07:24:41.832509,53.55,20.85,62.26,134.9,52.41612025938717
2025-10-19 07:24:42.832509,44.02,69.26,272.53,123.98,53.356675034780174
2025-10-19 07:24:43.832508,23.18,71.33,199.05,43.25,52.18057392123434
2025-10-19 07:24:44.832508,39.83,95.99,197.74,36.56,52.07007515098951
2025-10-19 07:24:45.832507,24.18,21.67,299.8,143.88,53.76956877438628
2025-10-19 07:24:46.832507,10.33,39.67,80.29,91.44,52.06249053557528
2025-10-19 07:24:47.832506,35.06,81.45,233.04,19.91,52.120381147269555
2025-10-19 07:24:48.832506,72.28,64.67,214.72,60.44,52.440919741373094
2025-10-19 07:24:49.832505,70.59,24.6,236.06,58.93,52.603296694782976
2025-10-19 07:24:50.832505,32.48,91.81,204.25,57.87,52.31746344005856
2025-10-19 07:24:51.832504,50.0,28.24,214.85,118.02,53.055736141503445
2025-10-19 07:24:52.832504,49.08,44.25,294.83,68.41,52.97772856626182
2025-10-19 07:24:53.832504,23.11,81.4,283.0,125.93,53.41230697563812
2025-10-19 07:24:54.832503,66.74,25.94,174.31,14.27,51.839740176424485
2025-10-19 07:24:55.832503,90.56,92.86,133.41,54.13,51.90152691807541
2025-10-19 07:24:56.832502,69.08,61.28,286.96,33.3,52.56941296896622
2025-10-19 07:24:57.832502,67.93,31.13,214.31,17.7,52.078243793596855
2025-10-19 07:24:58.832501,47.25,64.77,268.5,133.56,53.434867248855596
2025-10-19 07:24:59.832501,49.98,74.67,151.93,86.04,52.33757147780326
2025-10-19 07:25:00.832500,86.32,84.33,171.34,49.25,52.070222800873246
2025-10-19 07:25:01.832500,54.43,73.41,90.78,94.43,52.094285937343756
2025-10-19 07:25:02.832499,67.24,48.38,253.72,126.07,53.309349842364576
2025-10-19 07:25:03.832499,86.02,49.17,186.59,119.19,52.88326250824887
2025-10-19 07:25:04.832498,31.52,66.96,288.51,128.55,53.489781419757875
2025-10-19 07:25:05.832498,37.95,97.93,121.18,101.06,52.28206441378486
2025-10-19 07:25:06.832497,19.06,42.44,97.91,50.67,51.757947478455264
2025-10-19 07:25:07.832497,69.96,89.85,275.39,139.06,53.48534934996179
2025-10-19 07:25:08.832497,17.9,44.63,54.77,50.57,51.52326704767555
2025-10-19 07:25:09.832496,92.79,45.59,86.79,53.16,51.717711972595154
2025-10-19 07:25:10.832496,67.09,86.51,270.27,36.43,52.47088003783557
2025-10-19 07:25:11.832495,78.71,23.55,279.41,131.16,53.5347766696465
2025-10-19 07:25:12.832495,20.34,49.63,297.76,67.17,52.972909041906014
2025-10-19 07:25:13.832494,17.21,59.11,198.03,27.5,52.042067305842586
2025-10-19 07:25:14.832494,19.64,67.58,273.7,25.93,52.41745367862206
2025-10-19 07:25:15.832493,54.86,71.35,185.23,26.03,51.94026443924343
2025-10-19 07:25:16.832493,34.71,36.88,85.03,40.66,51.601156953934975
2025-10-19 07:25:17.832492,83.22,82.96,295.92,144.95,53.66273095351852
2025-10-19 07:25:18.832492,94.03,72.41,157.08,128.13,52.77561403849751
2025-10-19 07:25:19.832491,26.55,22.01,196.24,17.49,51.99411725666341
2025-10-19 07:25:20.832491,14.96,86.19,260.27,51.05,52.559377755992955
2025-10-19 07:25:21.832491,55.78,67.31,243.83,45.03,52.443133674064164
2025-10-19 07:25:22.832490,81.37,27.36,273.34,17.8,52.40022651849464
2025-10-19 07:25:23.832490,61.35,95.36,252.59,23.95,52.24190247335682
2025-10-19 07:25:24.832489,49.95,40.61,258.52,71.68,52.82126785277513
2025-10-19 07:25:25.832489,25.78,84.12,221.63,69.8,52.53769548019243
2025-10-19 07:25:26.832488,22.18,73.83,159.93,115.44,52.665883103558976
2025-10-19 07:25:27.832488,82.83,79.84,230.75,57.94,52.4784295960969
2025-10-19 07:25:28.832487,23.64,80.44,164.69,85.36,52.39002219270947
2025-10-19 07:25:29.832487,13.32,76.68,271.49,110.75,53.211514643264536
2025-10-19 07:25:30.832486,67.17,43.83,266.08,22.97,52.385542543116934
2025-10-19 07:25:31.832486,29.0,31.1,287.83,85.64,53.12767228735747
2025-10-19 07:25:32.832486,52.1,22.91,104.91,135.15,52.6429459263993
2025-10-19 07:25:33.832485,55.58,48.15,288.5,139.43,53.624542130151355
2025-10-19 07:25:34.832485,41.33,58.32,186.42,28.57,51.99168722950508
2025-10-19 07:25:35.832484,38.67,73.45,114.4,123.12,52.4977210347265
2025-10-19 07:25:36.832484,21.67,76.12,204.68,103.9,52.78955043160069
2025-10-19 07:25:37.832483,65.91,30.51,115.88,114.16,52.48657077856903
2025-10-19 07:25:38.832483,66.02,43.16,112.04,53.48,51.85940692717604
2025-10-19 07:25:39.832482,64.61,44.95,258.85,118.3,53.26699771483108
2025-10-19 07:25:40.832482,35.92,25.52,75.19,56.96,51.72413138429603
2025-10-19 07:25:41.832481,70.88,93.28,223.32,101.57,52.839503015037934
2025-10-19 07:25:42.832481,15.36,25.46,131.49,106.78,52.506478385356544
2025-10-19 07:25:43.832481,28.14,60.98,114.66,67.59,51.98178078183635
2025-10-19 07:25:44.832480,66.49,23.0,113.41,74.03,52.0971642583995
2025-10-19 07:25:45.832480,10.95,26.37,139.94,93.29,52.419705334784034
2025-10-19 07:25:46.832479,29.35,47.36,277.85,20.26,52.41660545933445
2025-10-19 07:25:47.832479,68.97,80.47,233.2,92.9,52.828566734341656
2025-10-19 07:25:48.832478,48.89,51.85,58.32,18.67,51.22238860738726
2025-10-19 07:25:49.832478,94.61,87.9,125.67,58.47,51.90998720173318
2025-10-19 07:25:50.832477,89.81,47.63,220.0,136.14,53.22791833957868
2025-10-19 07:25:51.832477,10.31,61.83,95.9,119.87,52.385838676410046
2025-10-19 07:25:52.832476,39.17,42.07,203.95,48.34,52.302004078502044
2025-10-19 07:25:53.832476,66.49,89.39,167.63,137.51,52.89590015446435
2025-10-19 07:25:54.832475,55.77,34.03,101.14,104.39,52.307880457419714
2025-10-19 07:25:55.832475,94.41,77.39,196.26,14.18,51.87504584247822
2025-10-19 07:25:56.832475,54.43,30.9,197.21,70.4,52.49692343631509
2025-10-19 07:25:57.832474,16.1,81.39,92.6,127.66,52.41276247391057
2025-10-19 07:25:58.832474,52.34,46.21,221.04,42.13,52.32665928657187
2025-10-19 07:25:59.832473,74.08,86.25,241.6,50.52,52.454504443139555
2025-10-19 07:26:00.832473,13.53,76.09,248.42,142.58,53.39708922473059
2025-10-19 07:26:01.832472,63.94,97.09,258.18,119.19,53.18995588392324
2025-10-19 07:26:02.832472,78.56,56.42,262.6,84.49,52.94202797635389
2025-10-19 07:26:03.832471,70.19,25.5,283.67,33.61,52.61116964260769
2025-10-19 07:26:04.832471,37.97,63.54,68.35,89.23,51.93981615093991
2025-10-19 07:26:05.832470,13.59,62.98,77.04,33.48,51.44799788801031
2025-10-19 07:26:06.832470,53.92,62.4,254.97,128.11,53.31367967314523
2025-10-19 07:26:07.832469,35.67,24.32,90.51,95.25,52.17804461650675
2025-10-19 07:26:08.832469,93.95,36.84,160.3,15.21,51.75689189255215
2025-10-19 07:26:09.832468,11.45,45.91,261.64,106.12,53.16260211956701
2025-10-19 07:26:10.832468,57.35,74.39,101.85,37.17,51.5981460311397
2025-10-19 07:26:11.832468,77.39,40.1,239.78,32.65,52.34463594693909
2025-10-19 07:26:12.832467,34.78,51.2,57.65,13.25,51.167425927442345
2025-10-19 07:26:13.832467,89.37,44.31,157.68,34.93,51.921834831227756
2025-10-19 07:26:14.832466,48.93,88.75,232.16,65.01,52.54029533353767
2025-10-19 07:26:15.832466,45.52,24.22,50.62,43.1,51.46100999595367
2025-10-19 07:26:16.832465,22.57,26.69,274.58,15.63,52.386916650556024
2025-10-19 07:26:17.832465,24.64,53.5,240.11,90.92,52.88875642314279
2025-10-19 07:26:18.832464,35.63,21.12,105.38,109.29,52.398214609721485
2025-10-19 07:26:19.832464,73.49,42.37,211.53,87.38,52.71949504801643
2025-10-19 07:26:20.832463,23.5,23.64,271.24,138.28,53.55987442252432
2025-10-19 07:26:21.832463,84.02,39.36,228.24,28.13,52.2404973654884
2025-10-19 07:26:22.832462,85.74,80.07,61.09,100.0,51.979187866066745
2025-10-19 07:26:23.832462,78.06,68.98,250.22,134.7,53.34169160499631
2025-10-19 07:26:24.832461,55.84,96.58,240.46,89.48,52.80888967703678
2025-10-19 07:26:25.832461,57.51,89.59,269.41,88.55,52.9654245811578
2025-10-19 07:26:26.832460,80.35,78.17,232.26,105.5,52.94900748765299
2025-10-19 07:26:27.832460,75.82,23.36,121.92,12.57,51.54772328336849
2025-10-19 07:26:28.832460,26.79,55.04,219.12,15.46,52.044622012084005
2025-10-19 07:26:29.832459,74.78,28.7,229.98,60.38,52.57841113769066
2025-10-19 07:26:30.832459,77.73,61.04,258.25,15.93,52.24858466854094
2025-10-19 07:26:31.832458,92.08,38.69,272.34,125.98,53.42311929914916
2025-10-19 07:26:32.832458,54.45,60.82,130.58,44.57,51.8444123066219
2025-10-19 07:26:33.832457,22.81,79.87,277.18,122.49,53.35038650776489
2025-10-19 07:26:34.832457,40.56,64.81,201.76,133.27,53.0757652497875
2025-10-19 07:26:35.832456,36.53,34.42,87.83,147.75,52.65549919093091
2025-10-19 07:26:36.832456,56.34,69.54,118.29,115.26,52.448635499739545
2025-10-19 07:26:37.832455,90.83,85.98,233.66,108.75,52.975613189822795
2025-10-19 07:26:38.832455,79.6,48.71,160.93,129.31,52.8448794784572
2025-10-19 07:26:39.832454,47.77,77.71,190.34,79.4,52.47359891872606
2025-10-19 07:26:40.832454,63.44,77.05,269.63,53.38,52.646255423223415
2025-10-19 07:26:41.832454,92.13,50.73,238.43,25.91,52.255524281335184
2025-10-19 07:26:42.832453,20.9,41.05,62.97,58.68,51.65109192755194
2025-10-19 07:26:43.832453,58.99,95.85,256.99,121.39,53.206829183407905
2025-10-19 07:26:44.832452,34.71,61.23,84.92,36.52,51.52220897471421
2025-10-19 07:26:45.832452,61.99,20.08,214.4,119.45,53.0800061704249
2025-10-19 07:26:46.832451,74.24,71.13,188.22,107.37,52.74310100955331
2025-10-19 07:26:47.832451,58.71,37.07,155.9,72.08,52.28295814602889
2025-10-19 07:26:48.832450,78.4,75.26,98.65,89.24,52.083195665265364
2025-10-19 07:26:49.832450,88.97,38.84,133.97,88.95,52.32624464694572
2025-10-19 07:26:50.832449,46.93,98.01,101.13,11.57,51.30958010008567
2025-10-19 07:26:51.832449,85.97,65.59,262.01,111.96,53.19007035874538
2025-10-19 07:26:52.832448,46.33,96.96,209.68,76.39,52.51742269427628
2025-10-19 07:26:53.832448,11.5,98.58,94.14,146.26,52.57378012871182
2025-10-19 07:26:54.832448,53.66,49.02,143.26,146.03,52.911752053911414
2025-10-19 07:26:55.832447,34.84,57.13,257.87,60.62,52.684848355298406
2025-10-19 07:26:56.832447,90.67,91.55,82.15,100.57,52.07904027277234
2025-10-19 07:26:57.832446,61.98,94.55,189.07,64.1,52.29236699028872
2025-10-19 07:26:58.832446,62.02,68.4,224.49,71.03,52.589599111793305
2025-10-19 07:26:59.832445,76.78,54.71,144.85,58.6,52.065863533803295
2025-10-19 07:27:00.832445,66.4,59.44,56.63,12.27,51.13953497652002
2025-10-19 07:27:01.832444,82.14,42.15,291.67,128.95,53.54956874949413
2025-10-19 07:27:02.832444,66.93,89.78,92.32,20.17,51.358669061488364
2025-10-19 07:27:03.832443,15.81,20.57,64.77,105.93,52.149828253009616
2025-10-19 07:27:04.832443,73.1,86.38,191.95,22.65,51.91979182430823
2025-10-19 07:27:05.832442,31.04,80.52,220.12,121.75,53.037641443093946
2025-10-19 07:27:06.832442,88.24,93.75,148.55,144.65,52.85623628136908
2025-10-19 07:27:07.832442,72.59,78.7,138.09,43.73,51.84823131224072
2025-10-19 07:27:08.832441,60.28,44.63,148.55,142.06,52.9085097843062
2025-10-19 07:27:09.832441,59.32,58.76,108.82,68.6,51.963869681315366
2025-10-19 07:27:10.832440,29.19,88.91,120.38,12.64,51.437000393818195
2025-10-19 07:27:11.832440,31.04,30.95,103.65,103.95,52.32187142010463
2025-10-19 07:27:12.832439,85.92,81.18,183.14,64.76,52.28814191239078
2025-10-19 07:27:13.832439,94.95,63.41,162.33,54.89,52.10959686879357
2025-10-19 07:27:14.832438,72.09,46.11,158.27,94.89,52.50194395629785
2025-10-19 07:27:15.832438,79.41,77.03,112.41,132.19,52.569167844189835
2025-10-19 07:27:16.832437,84.94,56.54,214.75,83.09,52.67289495105607
2025-10-19 07:27:17.832437,29.62,34.68,100.12,140.42,52.64981100867189
2025-10-19 07:27:18.832437,35.23,90.84,86.5,14.35,51.26965796521314
2025-10-19 07:27:19.832436,42.14,21.63,96.05,109.92,52.35370344345962
2025-10-19 07:27:20.832436,67.96,37.17,275.63,146.06,53.637239655825546
2025-10-19 07:27:21.832435,42.83,76.72,246.5,72.09,52.70423446063101
2025-10-19 07:27:22.832434,60.3,64.35,221.46,74.82,52.61644901859997
2025-10-19 07:27:23.832433,49.82,77.74,78.14,112.95,52.199084567597765
2025-10-19 07:27:24.832433,31.71,31.0,200.86,104.86,52.84946517546081
2025-10-19 07:27:25.832433,81.76,68.25,83.39,131.17,52.41822641659883
2025-10-19 07:27:26.832432,92.1,52.78,91.24,127.82,52.45208433744662
2025-10-19 07:27:27.832432,78.51,62.33,243.04,136.56,53.33182036480574
2025-10-19 07:27:28.832431,65.95,81.55,270.66,36.91,52.48541051082804
2025-10-19 07:27:29.832431,39.91,47.2,94.65,85.44,52.0692685150395
2025-10-19 07:27:30.832430,47.9,70.92,80.92,32.13,51.443155869350896
2025-10-19 07:27:31.832430,38.38,55.46,67.95,148.02,52.51887922674263
2025-10-19 07:27:32.832429,33.94,31.04,244.47,111.55,53.14686724772988
2025-10-19 07:27:33.832429,48.42,27.23,79.2,18.36,51.36959457900707
2025-10-19 07:27:34.832428,39.91,22.06,61.28,79.21,51.870481000241284
2025-10-19 07:27:35.832428,84.41,27.18,124.28,16.69,51.594146249282666
2025-10-19 07:27:36.832427,81.84,88.27,222.27,146.89,53.28001383419949
2025-10-19 07:27:37.832427,91.43,77.71,273.16,128.24,53.38792970924429
2025-10-19 07:27:38.832426,89.98,47.55,281.47,29.08,52.520915145845656
2025-10-19 07:27:39.832426,44.06,66.62,210.83,105.69,52.85463928119797
2025-10-19 07:27:40.832426,80.87,48.85,247.46,82.52,52.85408234691073
2025-10-19 07:27:41.832425,44.43,86.88,190.2,142.95,53.072924823294336
2025-10-19 07:27:42.832425,47.15,92.54,254.19,82.28,52.818913236899945
2025-10-19 07:27:43.832424,82.06,20.86,133.48,69.58,52.16462939153654
2025-10-19 07:27:44.832424,31.74,84.01,134.06,117.16,52.5284059428375
2025-10-19 07:27:45.832423,46.51,71.81,60.74,18.89,51.20601476626114
2025-10-19 07:27:46.832423,73.26,94.38,261.08,40.05,52.44444334803858
2025-10-19 07:27:47.832422,18.78,93.51,247.37,135.42,53.29482971138701
2025-10-19 07:27:48.832422,16.35,95.16,97.32,71.02,51.86859141999392
2025-10-19 07:27:49.832421,50.52,42.61,199.36,26.96,52.06991678959267
2025-10-19 07:27:50.832421,46.21,28.05,57.79,112.29,52.16229654351052
2025-10-19 07:27:51.832421,67.24,75.32,188.8,98.8,52.656732481432215
2025-10-19 07:27:52.832420,35.99,81.19,198.11,117.35,52.8765585869982
2025-10-19 07:27:53.832420,32.28,64.72,290.96,108.95,53.316859094605014
2025-10-19 07:27:54.832419,83.97,67.53,190.43,44.49,52.15253519250589
2025-10-19 07:27:55.832419,27.46,98.8,240.73,102.05,52.92838413657012
2025-10-19 07:27:56.832418,93.31,43.75,127.58,104.26,52.43245100980738
2025-10-19 07:27:57.832418,73.77,70.44,83.0,35.18,51.48450621733187
2025-10-19 07:27:58.832417,13.74,27.26,146.78,72.56,52.25436175937395
2025-10-19 07:27:59.832417,64.0,61.68,61.51,73.93,51.75828847092945
2025-10-19 07:28:00.832416,44.79,75.15,239.72,135.63,53.28492709441699
2025-10-19 07:28:01.832416,73.44,61.67,83.61,104.62,52.173028375440765
2025-10-19 07:28:02.832416,32.01,64.75,152.18,17.35,51.690311174075646
2025-10-19 07:28:03.832415,37.17,35.29,72.68,123.53,52.33906501224597
2025-10-19 07:28:04.832415,84.92,40.75,287.21,116.38,53.40641880084479
2025-10-19 07:28:05.832414,87.8,41.78,145.93,149.83,52.97414452727947
2025-10-19 07:28:06.832414,91.95,37.31,71.53,14.76,51.27797744667285
2025-10-19 07:28:07.832413,82.18,59.68,162.47,46.37,52.03382983092948
2025-10-19 07:28:08.832413,94.59,48.91,256.31,59.18,52.67553609145773
2025-10-19 07:28:09.832412,61.56,46.72,197.53,139.97,53.14644854041705
2025-10-19 07:28:10.832412,38.28,39.11,129.1,120.96,52.609351324553444
2025-10-19 07:28:11.832411,14.36,55.23,193.32,48.21,52.22329313098797
2025-10-19 07:28:12.832411,43.39,47.58,54.25,84.68,51.845680320874045
2025-10-19 07:28:13.832410,13.31,51.09,114.1,41.55,51.742561049120084
2025-10-19 07:28:14.832410,40.7,85.29,81.76,50.02,51.59801056062362
2025-10-19 07:28:15.832410,13.97,36.25,84.0,20.47,51.401420259290504
2025-10-19 07:28:16.832409,92.42,82.88,191.93,89.55,52.57209500018528
2025-10-19 07:28:17.832409,49.18,63.2,56.61,18.01,51.18901363686041
2025-10-19 07:28:18.832408,32.72,51.15,97.83,58.59,51.82039414504825
2025-10-19 07:28:19.832408,27.41,68.0,96.28,74.93,51.94360019215432
2025-10-19 07:28:20.832407,55.56,33.62,93.88,137.47,52.58964705481098
2025-10-19 07:28:21.832407,83.07,37.93,57.3,78.59,51.81826158685
2025-10-19 07:28:22.832406,19.39,24.8,251.91,108.48,53.166715643345796
2025-10-19 07:28:23.832406,19.67,70.05,273.98,101.67,53.14744085267936
2025-10-19 07:28:24.832405,66.46,61.42,136.58,95.76,52.370484020710286
2025-10-19 07:28:25.832405,43.46,24.03,280.89,61.83,52.87152284209102
2025-10-19 07:28:26.832404,79.07,68.47,135.34,105.67,52.44859459245101
2025-10-19 07:28:27.832404,80.09,68.34,229.83,11.25,52.04014392927057
2025-10-19 07:28:28.832404,50.13,94.79,162.38,78.63,52.29002756699087
2025-10-19 07:28:29.832403,65.44,29.79,92.8,117.72,52.39893513036729
2025-10-19 07:28:30.832403,83.63,88.23,102.71,70.11,51.89947021422774
2025-10-19 07:28:31.832402,88.41,45.87,97.72,41.66,51.66441059294212
2025-10-19 07:28:32.832402,49.57,42.04,208.37,126.28,53.07929755080384
2025-10-19 07:28:33.832401,37.11,25.5,213.52,40.43,52.30268054699684
2025-10-19 07:28:34.832401,69.85,64.69,164.84,113.14,52.684237666057435
2025-10-19 07:28:35.832400,20.58,76.52,229.54,109.38,52.97460458679703
2025-10-19 07:28:36.832400,53.74,37.01,213.24,11.06,51.999070432889056
2025-10-19 07:28:37.832399,84.87,59.96,170.71,134.91,52.9335236394388
2025-10-19 07:28:38.832399,66.68,59.91,204.11,34.47,52.14065855238015
2025-10-19 07:28:39.832398,35.19,31.73,109.24,34.25,51.67650534307933
2025-10-19 07:28:40.832398,58.86,82.27,228.55,57.32,52.4568665989016
2025-10-19 07:28:41.832397,76.97,22.48,159.12,58.48,52.191603482549745
2025-10-19 07:28:42.832397,57.95,27.77,255.27,74.1,52.84753204037793
2025-10-19 07:28:43.832396,70.34,57.94,141.46,51.36,51.972676287575254
2025-10-19 07:28:44.832396,30.82,90.28,249.27,13.13,52.12755191314404
2025-10-19 07:28:45.832396,76.2,28.83,226.54,21.16,52.180600656837825
2025-10-19 07:28:46.832395,82.14,53.37,106.17,120.02,52.4554233700758
2025-10-19 07:28:47.832395,86.07,29.6,126.05,59.1,52.00987523115634
2025-10-19 07:28:48.832394,46.85,84.44,94.83,27.84,51.45463840294741
2025-10-19 07:28:49.832394,75.25,71.06,257.16,11.79,52.18696210397478
2025-10-19 07:28:50.832393,63.12,81.36,154.38,115.59,52.6258569009839
2025-10-19 07:28:51.832393,64.67,56.77,62.77,43.34,51.47694744887144
2025-10-19 07:28:52.832392,92.04,71.72,162.02,119.56,52.72019909310175
2025-10-19 07:28:53.832392,63.51,91.08,255.22,69.18,52.70003651300785
2025-10-19 07:28:54.832391,67.34,27.11,106.87,111.3,52.41617510700107
2025-10-19 07:28:55.832391,86.64,20.27,113.89,29.54,51.67382004376749
2025-10-19 07:28:56.832390,41.34,30.05,225.36,69.39,52.63874990372137
2025-10-19 07:28:57.832390,72.53,32.09,123.8,142.22,52.79768880792884
2025-10-19 07:28:58.832389,28.45,75.46,237.8,124.58,53.16734102656765
2025-10-19 07:28:59.832389,70.19,87.67,180.54,17.73,51.80928392430384
2025-10-19 07:29:00.832389,34.91,90.29,195.64,95.34,52.63622125501831
2025-10-19 07:29:01.832388,71.84,52.95,100.26,129.23,52.51359658984238
2025-10-19 07:29:02.832388,88.84,57.71,227.67,65.59,52.57079658063752
2025-10-19 07:29:03.832387,43.23,28.38,249.33,17.99,52.272301209176554
2025-10-19 07:29:04.832387,90.28,26.11,209.17,136.09,53.20350191565141
2025-10-19 07:29:05.832386,28.24,98.99,259.78,128.89,53.289301175531115
2025-10-19 07:29:06.832386,33.0,33.37,139.44,48.38,51.97175333587481
2025-10-19 07:29:07.832385,85.32,61.02,214.62,121.11,53.03278999016352
2025-10-19 07:29:08.832385,52.62,57.36,82.99,63.28,51.776759213559274
2025-10-19 07:29:09.832384,52.37,68.24,175.08,108.97,52.6929847813036
2025-10-19 07:29:10.832384,70.52,62.28,245.21,37.57,52.38628145136616
2025-10-19 07:29:11.832384,93.7,78.0,199.02,56.08,52.29397662159746
2025-10-19 07:29:12.832383,18.8,80.85,287.18,127.37,53.44940841165687
2025-10-19 07:29:13.832383,31.89,49.07,150.61,67.15,52.1881617667766
2025-10-19 07:29:14.832382,55.5,94.6,56.02,149.26,52.40558263790428
2025-10-19 07:29:15.832382,80.21,33.8,181.73,11.77,51.842799250724866
2025-10-19 07:29:16.832381,33.36,47.62,269.77,76.46,52.916503258186026
2025-10-19 07:29:17.832381,66.02,91.39,285.86,86.8,53.03347371236737
2025-10-19 07:29:18.832380,63.45,60.45,186.04,129.58,52.963039215797984
2025-10-19 07:29:19.832380,61.36,87.96,124.7,52.23,51.84437651543317
2025-10-19 07:29:20.832379,67.32,98.28,170.9,50.07,52.05384519215516
2025-10-19 07:29:21.832379,47.5,22.17,234.72,70.93,52.71600521566282
2025-10-19 07:29:22.832378,28.07,73.2,178.39,146.39,53.06468399013236
2025-10-19 07:29:23.832378,54.13,60.92,230.58,74.48,52.66723974342205
2025-10-19 07:29:24.832378,31.18,76.89,267.17,34.13,52.44723556507174
2025-10-19 07:29:25.832377,58.88,68.46,151.3,120.12,52.67352593001758
2025-10-19 07:29:26.832377,88.96,98.01,70.91,147.77,52.46528490650384
2025-10-19 07:29:27.832376,30.62,71.27,237.51,132.08,53.24491092999543
2025-10-19 07:29:28.832376,59.73,76.43,294.72,47.99,52.72903350328028
2025-10-19 07:29:29.832375,21.93,95.62,265.91,104.51,53.09157908931201
2025-10-19 07:29:30.832375,78.25,93.68,165.88,23.21,51.77456361926387
2025-10-19 07:29:31.832374,93.38,51.62,243.69,79.95,52.804748206019596
2025-10-19 07:29:32.832374,59.36,23.75,243.81,126.67,53.301024674614744
2025-10-19 07:29:33.832373,62.92,87.52,200.96,137.04,53.07220281810458
2025-10-19 07:29:34.832373,76.01,77.3,78.24,81.09,51.89223533494493
2025-10-19 07:29:35.832373,10.94,60.32,110.84,127.93,52.54589753228135
2025-10-19 07:29:36.832372,87.48,79.29,60.31,45.78,51.45196293134668
2025-10-19 07:29:37.832372,77.23,46.62,250.61,111.92,53.15869431151268
2025-10-19 07:29:38.832371,60.59,85.16,107.6,60.67,51.83912204440332
2025-10-19 07:29:39.832371,74.41,92.22,292.9,21.1,52.434447193611724
2025-10-19 07:29:40.832370,77.25,86.25,264.43,35.34,52.42957747487176
2025-10-19 07:29:41.832370,63.17,41.24,229.16,64.89,52.597905719999126
2025-10-19 07:29:42.832369,43.91,78.69,163.38,10.82,51.66500751337898
2025-10-19 07:29:43.832369,74.85,98.01,266.19,16.87,52.24186202183252
2025-10-19 07:29:44.832368,41.95,27.64,51.22,37.86,51.408160239363376
2025-10-19 07:29:45.832368,28.63,38.67,221.99,143.86,53.327293691331484
2025-10-19 07:29:46.832367,72.47,62.09,191.86,18.83,51.920607281616064
2025-10-19 07:29:47.832367,53.09,53.02,264.39,22.64,52.35886529022662
2025-10-19 07:29:48.832367,55.84,34.05,246.04,71.45,52.76275579257199
2025-10-19 07:29:49.832366,45.42,52.34,169.78,96.56,52.56972225574343
2025-10-19 07:29:50.832366,13.89,90.45,288.52,96.6,53.143914217728025
2025-10-19 07:29:51.832365,29.09,44.79,77.95,102.13,52.14530997148573
2025-10-19 07:29:52.832365,18.52,50.41,157.93,88.69,52.433408752713596
2025-10-19 07:29:53.832364,46.4,35.47,125.92,141.92,52.80078339760989
2025-10-19 07:29:54.832364,66.8,86.16,60.5,113.57,52.09766999140974
2025-10-19 07:29:55.832363,46.2,50.83,118.02,89.71,52.229585052041934
2025-10-19 07:29:56.832363,16.1,57.53,220.99,45.37,52.33990373934269
2025-10-19 07:29:57.832362,56.27,62.44,234.36,147.81,53.39410015838966
2025-10-19 07:29:58.832362,80.78,36.22,111.29,13.46,51.47934761470906
2025-10-19 07:29:59.832361,70.64,79.11,176.42,135.08,52.93550217749069
2025-10-19 07:30:00.832361,18.57,58.11,296.38,38.54,52.6753524738214
2025-10-19 07:30:01.832361,31.75,97.09,117.92,74.94,52.01341418601452
2025-10-19 07:30:02.832360,11.91,56.26,76.97,149.38,52.57891633654989
2025-10-19 07:30:03.832360,82.02,52.44,78.16,126.32,52.368298542234825
2025-10-19 07:30:04.832359,34.05,94.0,248.37,139.82,53.34194260599083
2025-10-19 07:30:05.832359,67.99,62.36,257.94,36.72,52.445884607848406
2025-10-19 07:30:06.832358,17.75,65.24,132.52,115.32,52.53193892251926
2025-10-19 07:30:07.832358,41.32,40.63,124.08,19.13,51.59550156823562
2025-10-19 07:30:08.832357,63.74,37.22,149.6,12.32,51.67123554516884
2025-10-19 07:30:09.832357,79.87,23.57,194.16,54.78,52.34114128128327
2025-10-19 07:30:10.832356,37.85,48.73,219.65,108.17,52.95385811196659
2025-10-19 07:30:11.832356,36.32,49.9,196.06,49.12,52.25510744380887
2025-10-19 07:30:12.832356,83.22,22.74,174.99,113.31,52.80609058125346
2025-10-19 07:30:13.832355,22.42,88.65,253.95,83.01,52.83081415976047
2025-10-19 07:30:14.832355,78.94,64.36,254.36,146.76,53.4876778302441
2025-10-19 07:30:15.832354,44.81,69.24,296.14,114.49,53.39096331985904
2025-10-19 07:30:16.832354,86.05,23.03,94.04,61.74,51.87488652974885
2025-10-19 07:30:17.832353,56.61,77.19,117.62,32.6,51.63372303685902
2025-10-19 07:30:18.832353,51.3,94.92,135.06,82.84,52.18470760868899
2025-10-19 07:30:19.832352,84.64,59.04,128.45,118.03,52.54617866596396
2025-10-19 07:30:20.832352,53.36,38.27,192.94,18.14,51.95719403858474
2025-10-19 07:30:21.832351,56.35,84.39,253.31,149.12,53.47336524251758
2025-10-19 07:30:22.832351,83.08,64.16,62.35,68.64,51.70771588581642
2025-10-19 07:30:23.832350,49.78,27.32,142.92,50.58,52.02112470555937
2025-10-19 07:30:24.832350,87.33,45.87,234.86,144.39,53.38978093563518
2025-10-19 07:30:25.832350,68.43,80.12,113.53,66.53,51.935371836912395
2025-10-19 07:30:26.832349,48.37,26.72,116.72,90.41,52.26736551439445
2025-10-19 07:30:27.832349,40.15,74.48,199.6,135.77,53.073188908112286
2025-10-19 07:30:28.832348,40.88,34.91,50.49,36.58,51.380443147634054
2025-10-19 07:30:29.832348,91.1,54.25,188.27,47.19,52.18801751391055
2025-10-19 07:30:30.832347,52.49,57.59,127.15,113.65,52.49916896917722
2025-10-19 07:30:31.832347,86.15,53.95,276.52,36.86,52.55964978222034
2025-10-19 07:30:32.832346,79.48,29.32,274.91,31.62,52.5391562641677
2025-10-19 07:30:33.832346,84.97,44.21,152.04,49.64,52.034128684410845
2025-10-19 07:30:34.832345,17.67,20.36,227.4,95.48,52.91717298315356
2025-10-19 07:30:35.832345,43.79,62.92,193.65,62.36,52.34977580241193
2025-10-19 07:30:36.832344,44.16,77.81,107.97,75.8,51.998968392308484
2025-10-19 07:30:37.832344,53.75,30.22,166.08,111.21,52.726451823793326
2025-10-19 07:30:38.832344,79.19,45.18,222.0,21.73,52.13614351246474
2025-10-19 07:30:39.832343,47.59,80.89,212.62,108.29,52.86687294141277
2025-10-19 07:30:40.832343,21.93,97.46,283.68,52.72,52.682740829334904
2025-10-19 07:30:41.832342,87.53,25.09,244.86,113.6,53.17813741931781
2025-10-19 07:30:42.832342,85.66,38.63,256.21,141.75,53.48960807683157
2025-10-19 07:30:43.832341,82.0,44.59,226.09,91.33,52.83191201344204
2025-10-19 07:30:44.832341,41.76,82.33,57.02,88.35,51.84125462681527
2025-10-19 07:30:45.832340,36.59,39.8,260.18,121.45,53.31266266211021
2025-10-19 07:30:46.832340,76.74,70.74,241.77,117.0,53.122665000839845
2025-10-19 07:30:47.832339,43.87,78.32,142.35,134.59,52.75015377760391
2025-10-19 07:30:48.832339,37.43,44.09,55.02,66.81,51.682486843389135
2025-10-19 07:30:49.832338,36.36,56.9,228.03,14.97,52.084514590603916
2025-10-19 07:30:50.832338,44.88,23.81,133.63,148.68,52.92565720159611
2025-10-19 07:30:51.832338,25.04,44.53,265.72,58.92,52.730143667621896
2025-10-19 07:30:52.832337,85.91,74.82,121.56,115.43,52.459422413210106
2025-10-19 07:30:53.832337,15.54,65.9,57.66,111.31,52.09254811743945
2025-10-19 07:30:54.832336,41.82,27.79,122.91,98.44,52.37636875256957
2025-10-19 07:30:55.832336,44.95,54.57,100.56,86.53,52.099753130648
2025-10-19 07:30:56.832335,48.3,70.63,197.76,119.72,52.914229617359666
2025-10-19 07:30:57.832335,11.31,59.8,77.12,126.82,52.35599712001905
2025-10-19 07:30:58.832334,55.14,77.06,276.48,93.56,53.07132980569927
2025-10-19 07:30:59.832334,13.07,93.21,170.64,23.63,51.80477190776071
2025-10-19 07:31:00.832333,18.87,85.54,165.0,36.27,51.908965202195404
2025-10-19 07:31:01.832333,42.25,67.75,157.35,116.66,52.67347925606465
2025-10-19 07:31:02.832332,35.39,30.51,200.15,73.2,52.5403050819124
2025-10-19 07:31:03.832332,16.62,76.07,102.56,61.68,51.83629487272751
2025-10-19 07:31:04.832331,29.83,29.54,183.86,83.36,52.553125401201285
2025-10-19 07:31:05.832331,54.83,66.62,261.26,70.97,52.788086192947915
2025-10-19 07:31:06.832330,48.63,74.33,258.73,44.33,52.504845991077595
2025-10-19 07:31:07.832330,22.75,75.03,138.76,69.15,52.1033872778881
2025-10-19 07:31:08.832330,67.35,78.54,251.97,107.46,53.072582734409195
2025-10-19 07:31:09.832329,82.76,50.68,76.84,119.62,52.299236424695245
2025-10-19 07:31:10.832329,68.89,49.98,265.4,40.31,52.53990448007006
2025-10-19 07:31:11.832328,74.09,97.45,243.84,138.01,53.29483043470571
2025-10-19 07:31:12.832328,23.7,31.39,132.27,64.63,52.09373110693766
2025-10-19 07:31:13.832327,92.3,22.43,69.73,66.66,51.79364743012835
2025-10-19 07:31:14.832327,92.55,82.69,140.41,140.61,52.79113147657836
2025-10-19 07:31:15.832326,27.46,65.34,97.86,57.7,51.78961232710975
2025-10-19 07:31:16.832326,39.61,86.2,242.37,97.19,52.90997648849636
2025-10-19 07:31:17.832325,20.87,65.46,87.37,104.92,52.190033147451544
2025-10-19 07:31:18.832325,64.04,71.57,214.38,121.22,53.0159662600227
2025-10-19 07:31:19.832324,44.19,57.69,262.82,125.59,53.33862650714633
2025-10-19 07:31:20.832324,23.46,48.27,280.29,99.68,53.19616187084219
2025-10-19 07:31:21.832324,45.16,72.53,127.93,121.24,52.553208617537194
2025-10-19 07:31:22.832323,34.17,92.6,297.16,60.15,52.83418793321924
2025-10-19 07:31:23.832323,61.03,95.87,270.82,66.71,52.751880034413304
2025-10-19 07:31:24.832322,22.87,51.37,101.0,13.65,51.40241337797721
2025-10-19 07:31:25.832322,29.91,56.12,134.69,85.71,52.271558238708046
2025-10-19 07:31:26.832321,49.26,31.02,111.53,103.47,52.35918048619009
2025-10-19 07:31:27.832321,70.42,84.08,240.01,51.94,52.46316422000104
2025-10-19 07:31:28.832320,20.39,50.37,255.19,131.51,53.36666679303361
2025-10-19 07:31:29.832320,15.49,83.24,273.88,136.04,53.458491654787366
2025-10-19 07:31:30.832319,48.31,84.65,167.57,72.92,52.278477170202265
2025-10-19 07:31:31.832319,87.4,22.29,290.97,135.76,53.64294370205896
2025-10-19 07:31:32.832319,65.91,64.45,154.27,147.7,52.96238015468455
2025-10-19 07:31:33.832318,35.25,53.98,59.0,148.2,52.47517740178963
2025-10-19 07:31:34.832318,66.35,66.36,117.11,74.49,52.0531102729493
2025-10-19 07:31:35.832317,69.13,85.47,162.08,17.67,51.713633642378255
2025-10-19 07:31:36.832317,15.89,83.57,135.18,46.35,51.85036759129884
2025-10-19 07:31:37.832316,92.17,75.19,258.42,48.42,52.54138656299749
2025-10-19 07:31:38.832316,28.64,60.76,181.09,148.08,53.11501871996762
2025-10-19 07:31:39.832315,29.12,72.45,114.64,21.04,51.51349654337963
2025-10-19 07:31:40.832315,49.83,76.94,295.36,68.72,52.93209902156615
2025-10-19 07:31:41.832314,59.27,33.25,191.19,140.68,53.14067591514672
2025-10-19 07:31:42.832314,43.57,78.12,141.76,116.17,52.56920411293505
2025-10-19 07:31:43.832313,73.94,49.72,189.58,21.12,51.95005212480084
2025-10-19 07:31:44.832313,49.87,98.66,227.68,136.32,53.190327640904414
2025-10-19 07:31:45.832313,29.01,92.51,82.76,58.9,51.677850123363115
2025-10-19 07:31:46.832312,36.13,28.07,217.18,51.81,52.4282118183669
2025-10-19 07:31:47.832312,72.04,58.2,231.74,83.73,52.76715728629264
2025-10-19 07:31:48.832311,75.11,56.55,254.58,12.21,52.20009186818021
2025-10-19 07:31:49.832311,20.89,69.87,244.6,89.26,52.870903429763295
2025-10-19 07:31:50.832310,22.54,53.55,273.72,30.94,52.488089556482585
2025-10-19 07:31:51.832310,88.13,70.71,175.98,111.68,52.720105530510374
2025-10-19 07:31:52.832309,53.46,95.25,277.25,79.63,52.91210914492358
2025-10-19 07:31:53.832309,63.33,93.1,130.54,105.87,52.38613864625153
2025-10-19 07:31:54.832308,75.4,46.02,273.26,100.94,53.17436360411008
2025-10-19 07:31:55.832308,78.78,86.1,89.57,14.17,51.29176506929224
2025-10-19 07:31:56.832308,78.68,30.61,129.61,17.0,51.62019449258696
2025-10-19 07:31:57.832307,37.86,67.35,272.35,108.53,53.20932436406465
2025-10-19 07:31:58.832307,57.89,33.87,267.85,125.5,53.4020987859853
2025-10-19 07:31:59.832306,10.13,90.64,277.91,79.66,52.92317851183116
2025-10-19 07:32:00.832306,65.57,26.85,131.84,36.64,51.82792818525702
2025-10-19 07:32:01.832305,89.14,72.33,65.87,61.83,51.64779389755299
2025-10-19 07:32:02.832305,28.94,68.23,259.39,120.7,53.25644307653274
2025-10-19 07:32:03.832304,36.01,29.9,109.7,57.25,51.90424353364707
2025-10-19 07:32:04.832304,41.95,83.35,293.02,131.54,53.51696764890889
2025-10-19 07:32:05.832303,86.25,53.58,279.84,124.83,53.42859377780793
2025-10-19 07:32:06.832303,40.41,82.58,240.17,55.02,52.49616191145277
2025-10-19 07:32:07.832303,30.12,39.84,157.17,51.37,52.08511801031186
2025-10-19 07:32:08.832302,83.43,72.29,243.25,127.65,53.23110687960938
2025-10-19 07:32:09.832302,19.95,84.89,259.83,139.62,53.415517861546704
2025-10-19 07:32:10.832301,20.07,82.57,249.03,85.4,52.83723371892477
2025-10-19 07:32:11.832301,44.21,55.7,290.23,93.8,53.18066519877425
2025-10-19 07:32:12.832300,61.66,62.87,253.7,112.6,53.15618451447421
2025-10-19 07:32:13.832300,35.63,54.85,293.52,106.0,53.31753395909926
2025-10-19 07:32:14.832299,76.79,86.45,246.92,81.91,52.7861167761971
2025-10-19 07:32:15.832299,33.59,43.19,149.49,122.63,52.7279121995433
2025-10-19 07:32:16.832298,39.68,85.66,239.57,13.49,52.08652994552125
2025-10-19 07:32:17.832298,15.9,76.96,208.28,84.39,52.618788563331954
2025-10-19 07:32:18.832297,53.45,56.53,245.85,138.15,53.37132349592562
2025-10-19 07:32:19.832297,74.1,42.77,207.88,128.86,53.100480776715834
2025-10-19 07:32:20.832297,14.28,42.59,206.7,98.99,52.80563273147085
2025-10-19 07:32:21.832296,93.78,60.79,200.38,37.46,52.148276242842634
2025-10-19 07:32:22.832296,83.91,87.54,276.36,29.9,52.43862212436428
2025-10-19 07:32:23.832295,70.04,59.63,272.93,47.93,52.63859015278735
2025-10-19 07:32:24.832295,72.48,76.0,274.92,81.1,52.94418752735724
2025-10-19 07:32:25.832294,39.18,45.91,296.14,80.7,53.100948151094336
2025-10-19 07:32:26.832294,13.28,45.66,281.5,57.92,52.80292344446737
2025-10-19 07:32:27.832293,47.64,67.13,186.77,48.15,52.169019995059564
2025-10-19 07:32:28.832293,81.86,20.12,108.27,19.94,51.55122975247429
2025-10-19 07:32:29.832292,68.76,41.1,193.67,63.93,52.399409971673656
2025-10-19 07:32:30.832292,42.17,41.06,52.27,137.93,52.36028441655181
2025-10-19 07:32:31.832292,10.65,54.83,76.49,116.41,52.25979625776339
2025-10-19 07:32:32.832291,64.16,63.29,258.62,126.02,53.31155158047677
2025-10-19 07:32:33.832291,62.51,94.36,153.42,114.83,52.59292099929556
2025-10-19 07:32:34.832290,19.16,62.35,249.55,79.22,52.81207829612763
2025-10-19 07:32:35.832290,72.53,24.74,169.34,144.65,53.075832086468345
2025-10-19 07:32:36.832289,16.49,44.67,254.2,147.76,53.52748675952616
2025-10-19 07:32:37.832289,69.29,20.57,246.34,85.07,52.91727630986971
2025-10-19 07:32:38.832288,55.53,47.21,177.16,15.16,51.83007818043
2025-10-19 07:32:39.832288,41.32,63.44,106.76,20.97,51.484941277472586
2025-10-19 07:32:40.832287,67.91,57.46,167.78,13.69,51.74966246450127
2025-10-19 07:32:41.832287,55.78,62.06,143.39,117.48,52.61585118823265
2025-10-19 07:32:42.832287,89.95,24.91,117.87,75.16,52.12889044675376
2025-10-19 07:32:43.832286,34.95,86.98,266.33,117.52,53.23322316645682
2025-10-19 07:32:44.832286,41.64,51.65,209.57,20.03,52.04317389284834
2025-10-19 07:32:45.832285,91.27,75.61,278.19,61.83,52.7759210508957
2025-10-19 07:32:46.832285,40.36,97.26,285.71,116.66,53.312169570535914
2025-10-19 07:32:47.832284,45.72,58.79,275.26,86.42,53.024534568385086
2025-10-19 07:32:48.832284,30.42,79.94,179.78,37.07,52.004406167509515
2025-10-19 07:32:49.832283,20.6,62.92,216.37,55.95,52.4090646706154
2025-10-19 07:32:50.832283,56.02,27.45,93.83,46.19,51.71644494847853
2025-10-19 07:32:51.832282,78.02,73.25,63.2,78.79,51.79609178127125
2025-10-19 07:32:52.832282,15.13,67.6,203.63,128.62,53.03639107274718
2025-10-19 07:32:53.832281,43.65,64.32,189.66,63.1,52.333430440833546
2025-10-19 07:32:54.832281,12.63,94.61,159.54,142.73,52.89497761287048
2025-10-19 07:32:55.832281,34.47,95.09,244.64,33.19,52.28924086557697
2025-10-19 07:32:56.832280,58.71,66.92,86.73,36.53,51.523010405371046
2025-10-19 07:32:57.832280,56.62,94.58,125.03,122.62,52.516365495977276
2025-10-19 07:32:58.832279,61.86,21.17,298.12,60.77,52.95774254155995
2025-10-19 07:32:59.832279,14.24,89.59,194.22,94.23,52.619010303909896
2025-10-19 07:33:00.832278,80.02,56.7,217.15,116.83,53.011708022494915
2025-10-19 07:33:01.832278,21.3,90.39,220.65,26.4,52.10293167115248
2025-10-19 07:33:02.832276,87.66,63.69,275.92,99.41,53.14595348495278
2025-10-19 07:33:03.832276,42.5,59.74,294.3,42.81,52.70297391538719
2025-10-19 07:33:04.832275,12.82,59.7,272.83,62.39,52.7777695856656
2025-10-19 07:33:05.832275,28.3,93.43,242.18,11.75,52.07140553051518
2025-10-19 07:33:06.832274,88.59,69.42,222.97,116.49,53.019463392652135
2025-10-19 07:33:07.832274,73.94,34.34,115.73,145.85,52.78617321412033
2025-10-19 07:33:08.832273,85.2,42.39,269.35,21.36,52.38969514826712
2025-10-19 07:33:09.832273,58.56,60.85,84.93,111.59,52.248762383750204
2025-10-19 07:33:10.832272,77.67,87.77,94.78,17.01,51.344407401186636
2025-10-19 07:33:11.832272,63.95,36.8,151.15,29.18,51.84320059324704
2025-10-19 07:33:12.832272,27.2,48.69,229.58,35.43,52.30355238455941
2025-10-19 07:33:13.832271,14.11,94.25,137.63,123.91,52.59661321037467
2025-10-19 07:33:14.832271,54.64,57.6,51.86,46.64,51.449317104398816
2025-10-19 07:33:15.832270,83.21,66.26,104.17,123.59,52.45897911548464
2025-10-19 07:33:16.832270,18.69,64.15,101.23,139.68,52.602192632029244
2025-10-19 07:33:17.832269,63.94,21.52,142.52,14.52,51.67943102059533
2025-10-19 07:33:18.832269,85.69,79.67,282.08,52.8,52.70297672921245
2025-10-19 07:33:19.832268,52.92,25.52,223.69,129.55,53.21869368505195
2025-10-19 07:33:20.832268,22.99,96.54,162.09,109.53,52.5845177441734
2025-10-19 07:33:21.832267,45.23,86.0,197.07,56.94,52.279291617085704
2025-10-19 07:33:22.832267,25.16,72.19,97.73,48.16,51.685887484186715
2025-10-19 07:33:23.832266,94.34,37.69,132.77,98.98,52.418636395583846
2025-10-19 07:33:24.832266,32.08,25.37,145.69,137.87,52.88304463803741
2025-10-19 07:33:25.832265,73.3,52.74,141.94,13.55,51.61781338123428
2025-10-19 07:33:26.832265,47.48,52.5,217.93,82.18,52.68742849636116
2025-10-19 07:33:27.832265,94.54,75.69,53.96,71.39,51.67137563873692
2025-10-19 07:33:28.832264,83.09,86.53,246.33,81.82,52.78197136706051
2025-10-19 07:33:29.832264,19.81,69.95,154.38,128.11,52.764881180490605
2025-10-19 07:33:30.832263,36.56,65.47,187.22,65.57,52.34248047762024
2025-10-19 07:33:31.832263,23.21,70.18,150.76,137.59,52.83686529078523
2025-10-19 07:33:32.832262,88.74,63.22,251.71,74.06,52.7723427074283
2025-10-19 07:33:33.832262,77.19,83.84,93.07,83.3,51.98246829675752
2025-10-19 07:33:34.832261,81.65,28.18,95.15,41.67,51.678634688362656
2025-10-19 07:33:35.832261,12.87,62.23,126.06,111.64,52.466611250114184
2025-10-19 07:33:36.832260,54.36,24.39,232.83,28.33,52.29049482990416
2025-10-19 07:33:37.832260,29.39,42.34,238.61,110.1,53.083780691533725
2025-10-19 07:33:38.832259,78.89,56.4,256.89,72.73,52.79786618801412
2025-10-19 07:33:39.832259,45.4,21.45,208.49,70.15,52.56958961251575
2025-10-19 07:33:40.832258,79.54,80.52,190.27,51.17,52.19582747351361
2025-10-19 07:33:41.832258,75.65,93.63,184.53,70.28,52.329340732693915
2025-10-19 07:33:42.832257,64.87,41.9,115.15,19.64,51.55076881504132
2025-10-19 07:33:43.832257,56.64,64.21,59.82,92.62,51.92601153602396
2025-10-19 07:33:44.832257,73.63,34.34,250.17,81.8,52.884424865153555
2025-10-19 07:33:45.832256,37.23,80.32,261.54,130.43,53.34297447143494
2025-10-19 07:33:46.832256,17.03,30.69,80.84,21.94,51.40751947848162
2025-10-19 07:33:47.832255,87.59,61.88,184.47,59.79,52.27756214651978
2025-10-19 07:33:48.832255,32.15,57.86,213.06,102.47,52.84919470164184
2025-10-19 07:33:49.832254,68.69,60.32,241.55,69.44,52.67800309234885
2025-10-19 07:33:50.832254,49.88,27.33,258.43,111.1,53.22286927787956
2025-10-19 07:33:51.832253,76.01,39.69,197.11,136.74,53.12403936105235
2025-10-19 07:33:52.832253,45.86,59.19,167.99,22.04,51.828801961476856
2025-10-19 07:33:53.832252,54.67,84.71,185.37,50.19,52.153601388696586
2025-10-19 07:33:54.832252,82.95,30.42,122.2,35.7,51.76176433960976
2025-10-19 07:33:55.832251,47.31,72.02,146.28,133.8,52.77340830203081
2025-10-19 07:33:56.832251,51.6,72.66,221.71,44.03,52.30697393201846
2025-10-19 07:33:57.832251,72.48,56.1,128.58,26.16,51.66314801217809
2025-10-19 07:33:58.832250,80.82,76.9,222.5,79.78,52.650207241370566
2025-10-19 07:33:59.832250,25.72,40.41,96.58,56.79,51.81322210997269
2025-10-19 07:34:00.832249,77.73,66.0,96.86,145.24,52.629718429121915
2025-10-19 07:34:01.832249,89.31,42.61,212.92,76.41,52.620460362954766
2025-10-19 07:34:02.832248,46.03,82.07,232.03,69.91,52.59749754250245
2025-10-19 07:34:03.832248,12.16,59.78,140.4,29.44,51.75216300591081
2025-10-19 07:34:04.832247,86.11,94.68,245.0,80.08,52.74521846311952
2025-10-19 07:34:05.832247,56.44,43.99,299.37,10.39,52.44133668895209
2025-10-19 07:34:06.832246,49.65,71.42,227.24,142.01,53.28587693565323
2025-10-19 07:34:07.832246,22.81,32.8,156.53,15.19,51.74293476631689
2025-10-19 07:34:08.832245,28.49,70.66,192.61,118.94,52.87915115229315
2025-10-19 07:34:09.832245,52.3,71.62,86.68,77.13,51.90793390327852
2025-10-19 07:34:10.832245,42.22,75.34,197.91,139.97,53.10342718489055
2025-10-19 07:34:11.832244,72.57,71.01,114.75,36.63,51.66710044057014
2025-10-19 07:34:12.832244,81.82,57.57,244.63,146.39,53.44285259148799
2025-10-19 07:34:13.832243,88.57,56.98,257.94,10.84,52.20410208547149
2025-10-19 07:34:14.832243,58.57,71.79,91.66,149.34,52.632494456796586
2025-10-19 07:34:15.832242,52.63,96.35,206.37,65.25,52.39299515872185
2025-10-19 07:34:16.832242,30.08,32.16,230.14,12.98,52.11547669862226
2025-10-19 07:34:17.832241,62.7,97.84,201.98,101.21,52.714938736821104
2025-10-19 07:34:18.832241,13.74,65.02,60.35,48.78,51.50364730685382
2025-10-19 07:34:19.832240,65.69,55.82,64.13,62.47,51.67068273996328
2025-10-19 07:34:20.832240,30.97,96.0,213.62,92.0,52.69090763854395
2025-10-19 07:34:21.832239,40.58,96.46,257.9,19.42,52.22471034133897
2025-10-19 07:34:22.832239,13.88,83.29,165.58,120.34,52.72853157030414
2025-10-19 07:34:23.832238,34.91,37.3,173.3,32.61,51.99380949078272
2025-10-19 07:34:24.832238,45.61,95.98,155.78,129.34,52.74327474061615
2025-10-19 07:34:25.832238,21.15,88.75,171.92,84.68,52.40895757889947
2025-10-19 07:34:26.832237,77.4,54.58,119.15,68.13,52.02104245398127
2025-10-19 07:34:27.832237,37.93,49.24,81.51,73.87,51.88404264752821
2025-10-19 07:34:28.832236,29.77,49.53,213.31,129.65,53.12646259775751
2025-10-19 07:34:29.832236,55.66,44.22,191.46,95.98,52.6926155102858
2025-10-19 07:34:30.832235,71.7,64.77,197.31,46.8,52.21593957426275
2025-10-19 07:34:31.832235,16.88,72.78,260.8,43.73,52.51253292527963
2025-10-19 07:34:32.832234,42.62,89.97,230.83,137.58,53.2330036233766
2025-10-19 07:34:33.832234,50.74,45.41,231.45,95.54,52.89994038950679
2025-10-19 07:34:34.832233,41.67,67.78,198.07,72.84,52.4670563857981
2025-10-19 07:34:35.832233,34.7,21.0,161.76,82.97,52.44483463424698
2025-10-19 07:34:36.832232,70.9,25.01,66.1,64.96,51.7537722423663
2025-10-19 07:34:37.832232,47.93,39.48,223.03,86.54,52.777304555358235
2025-10-19 07:34:38.832232,89.27,68.62,198.85,94.9,52.68321039156
2025-10-19 07:34:39.832231,41.76,94.36,184.29,102.59,52.63933756620225
2025-10-19 07:34:40.832231,22.27,67.42,267.44,61.12,52.72456740853002
2025-10-19 07:34:41.832230,14.93,68.81,197.56,124.02,52.95760644788835
2025-10-19 07:34:42.832230,86.81,51.87,151.63,141.13,52.90456074845739
2025-10-19 07:34:43.832229,79.49,49.76,51.27,126.8,52.23362903168028
2025-10-19 07:34:44.832229,57.68,86.82,152.48,60.2,52.07151813812964
2025-10-19 07:34:45.832228,44.8,36.99,86.58,85.95,52.04719637694403
2025-10-19 07:34:46.832228,68.99,96.63,62.26,144.17,52.386475630032095
2025-10-19 07:34:47.832227,63.12,84.47,249.63,119.6,53.16814819676119
2025-10-19 07:34:48.832227,56.75,91.73,191.78,93.49,52.59546238850159
2025-10-19 07:34:49.832226,23.18,39.02,221.75,91.49,52.81906128143368
2025-10-19 07:34:50.832226,58.12,35.32,191.94,130.08,53.038922376116126
2025-10-19 07:34:51.832225,89.62,74.77,230.44,115.73,53.043565466154284
2025-10-19 07:34:52.832225,27.35,66.83,188.95,19.94,51.90834699186101
2025-10-19 07:34:53.832224,74.24,30.75,58.16,42.71,51.487206088247916
2025-10-19 07:34:54.832224,12.61,69.75,155.8,58.32,52.09792940949079
2025-10-19 07:34:55.832224,26.72,61.11,90.37,104.72,52.210959338322546
2025-10-19 07:34:56.832223,12.39,65.48,150.46,146.2,52.92591791965379
2025-10-19 07:34:57.832223,57.16,86.17,100.78,94.0,52.123419456516196
2025-10-19 07:34:58.832222,66.47,54.55,75.29,88.26,51.98163069267233
2025-10-19 07:34:59.832222,56.08,61.91,212.37,97.42,52.79030495260655
2025-10-19 07:35:00.832221,30.18,72.76,91.38,76.09,51.9211699788421
2025-10-19 07:35:01.832221,91.99,58.27,124.92,137.63,52.718074255462234
2025-10-19 07:35:02.832220,93.63,45.96,219.45,84.28,52.726142393768086
2025-10-19 07:35:03.832220,59.3,40.87,117.64,44.43,51.80539189109138
2025-10-19 07:35:04.832219,42.9,26.11,197.11,106.59,52.8538746721503
2025-10-19 07:35:05.832219,12.36,55.95,255.07,41.41,52.486006025994946
2025-10-19 07:35:06.832218,25.35,72.61,210.26,51.75,52.320586358167105
2025-10-19 07:35:07.832218,81.08,64.41,171.19,104.17,52.631835576413614
2025-10-19 07:35:08.832217,81.88,72.64,294.08,143.39,53.65406931817899
2025-10-19 07:35:09.832217,74.08,28.08,144.79,11.53,51.65230933606449
2025-10-19 07:35:10.832217,78.22,24.76,79.52,142.53,52.57587309138241
2025-10-19 07:35:11.832216,47.38,38.74,113.29,16.69,51.51728930374198
2025-10-19 07:35:12.832216,67.61,47.29,231.88,82.59,52.77405415691832
2025-10-19 07:35:13.832215,22.19,46.33,293.09,125.7,53.5191422164349
2025-10-19 07:35:14.832215,69.77,38.3,130.13,134.1,52.74318351776108
2025-10-19 07:35:15.832214,13.47,96.75,179.19,139.16,52.96197325273192
2025-10-19 07:35:16.832214,34.13,47.89,218.26,144.18,53.295965691804334
2025-10-19 07:35:17.832213,89.71,26.26,51.76,117.21,52.18050283979769
2025-10-19 07:35:18.832213,49.59,24.96,125.17,106.63,52.47208101164401
2025-10-19 07:35:19.832212,36.9,72.22,175.28,113.0,52.72675630089908
2025-10-19 07:35:20.832212,93.05,34.67,206.69,20.07,52.05491582220759
2025-10-19 07:35:21.832211,11.69,29.82,89.22,68.52,51.90403150963937
2025-10-19 07:35:22.832211,44.61,83.27,216.04,38.2,52.20363449180172
2025-10-19 07:35:23.832210,42.76,34.46,246.02,103.81,53.07491409259477
2025-10-19 07:35:24.832210,14.5,60.01,104.06,19.36,51.4603604896356
2025-10-19 07:35:25.832209,44.35,57.66,225.88,109.41,52.98504568876242
2025-10-19 07:35:26.832209,86.43,48.23,299.91,32.33,52.6496974866254
2025-10-19 07:35:27.832208,35.12,51.27,297.27,13.61,52.44980477534827
2025-10-19 07:35:28.832208,19.99,38.41,105.69,119.29,52.469350412733164
2025-10-19 07:35:29.832207,20.31,90.98,176.79,68.35,52.273536121428045
2025-10-19 07:35:30.832207,37.6,93.04,111.03,39.28,51.638192403241945
2025-10-19 07:35:31.832207,48.64,28.0,130.64,80.32,52.24208387940781
2025-10-19 07:35:32.832206,77.88,60.4,291.54,135.08,53.57942327559661
2025-10-19 07:35:33.832206,23.23,88.28,283.82,131.7,53.461648278525686
2025-10-19 07:35:34.832205,22.0,36.08,60.3,11.61,51.1895122711387
2025-10-19 07:35:35.832205,53.43,64.28,243.16,133.22,53.297094774247746
2025-10-19 07:35:36.832204,18.08,55.88,66.64,63.34,51.69239841058187
2025-10-19 07:35:37.832204,38.2,54.76,218.41,40.18,52.28030718127176
2025-10-19 07:35:38.832203,34.53,44.37,289.45,134.32,53.58615085666519
2025-10-19 07:35:39.832203,66.11,62.58,52.03,48.76,51.46288536852156
2025-10-19 07:35:40.832202,46.49,56.6,208.46,110.95,52.908623599869756
2025-10-19 07:35:41.832202,70.77,70.78,113.9,52.64,51.81773683741109
2025-10-19 07:35:42.832201,54.13,38.22,213.15,141.96,53.26244481682736
2025-10-19 07:35:43.832201,50.11,82.61,249.18,25.47,52.25846827103373
2025-10-19 07:35:44.832200,49.87,23.82,118.09,68.49,52.067283780146
2025-10-19 07:35:45.832200,15.8,71.98,199.06,20.78,51.96232674360474
2025-10-19 07:35:46.832199,54.54,20.57,283.19,125.57,53.50559025880623
2025-10-19 07:35:47.832199,87.94,20.38,52.38,46.45,51.5088420449548
2025-10-19 07:35:48.832198,60.09,65.67,128.19,66.61,52.03714057530747
2025-10-19 07:35:49.832198,84.63,69.66,116.36,106.57,52.35411554093221
2025-10-19 07:35:50.832198,16.33,27.91,175.74,26.31,51.960694903367525
2025-10-19 07:35:51.832197,47.33,49.84,218.11,42.8,52.311784799539986
2025-10-19 07:35:52.832197,13.76,25.51,106.57,125.56,52.554981760333014
2025-10-19 07:35:53.832196,50.74,55.45,173.2,50.55,52.138180317897735
2025-10-19 07:35:54.832196,77.24,35.19,164.45,140.92,52.99721416440376
2025-10-19 07:35:55.832195,49.23,60.17,93.23,52.17,51.71956364711196
2025-10-19 07:35:56.832195,73.97,26.65,163.09,14.17,51.77776718037358
2025-10-19 07:35:57.832194,92.02,26.01,125.1,48.96,51.91240492462862
2025-10-19 07:35:58.832194,84.81,38.85,50.68,108.65,52.072148384255144
2025-10-19 07:35:59.832193,35.71,77.74,181.35,146.6,53.07536782454044
2025-10-19 07:36:00.832193,35.06,57.66,60.48,145.17,52.44798548564615
2025-10-19 07:36:01.832192,62.5,55.75,118.52,39.72,51.741122846300755
2025-10-19 07:36:02.832192,68.64,96.93,111.19,42.73,51.66628367564007
2025-10-19 07:36:03.832191,36.11,60.94,286.19,59.13,52.81560565300706
2025-10-19 07:36:04.832191,27.91,51.0,184.88,26.44,51.97439299250682
2025-10-19 07:36:05.832190,50.3,57.41,166.43,89.2,52.47269188091287
2025-10-19 07:36:06.832190,65.45,43.73,285.77,93.88,53.17647437398998
2025-10-19 07:36:07.832190,34.3,75.97,103.82,37.08,51.60530391532701
2025-10-19 07:36:08.832189,94.91,42.15,219.31,44.94,52.35098760691536
2025-10-19 07:36:09.832189,75.52,54.92,220.05,47.01,52.354852903520325
2025-10-19 07:36:10.832188,30.78,55.51,83.91,39.91,51.55860175401025
2025-10-19 07:36:11.832188,39.84,78.32,276.83,102.74,53.159982206573915
2025-10-19 07:36:12.832187,77.81,90.38,271.38,132.48,53.39948470837186
2025-10-19 07:36:13.832187,30.85,98.0,132.68,138.17,52.70217855288802
2025-10-19 07:36:14.832186,24.29,83.6,216.46,148.69,53.273758352633294
2025-10-19 07:36:15.832186,52.23,49.75,134.43,149.24,52.89451115990391
2025-10-19 07:36:16.832185,76.37,36.34,59.01,78.53,51.829311549242135
2025-10-19 07:36:17.832185,62.16,78.66,274.03,50.19,52.636360610500596
2025-10-19 07:36:18.832184,14.32,61.6,65.52,25.6,51.312483378905874
2025-10-19 07:36:19.832184,92.49,26.65,146.56,46.29,52.00012550653949
2025-10-19 07:36:20.832183,48.31,91.75,278.36,55.51,52.690310791748246
2025-10-19 07:36:21.832183,74.62,28.29,293.67,69.41,53.00632859209466
2025-10-19 07:36:22.832182,11.38,21.79,223.64,118.74,53.11976895644395
2025-10-19 07:36:23.832182,43.83,55.4,270.29,13.04,52.29378236178397
2025-10-19 07:36:24.832181,54.81,68.17,107.53,127.03,52.50717081802394
2025-10-19 07:36:25.832181,48.85,41.16,177.16,102.24,52.68163584479484
2025-10-19 07:36:26.832181,31.36,80.21,283.8,65.66,52.83565941085355
2025-10-19 07:36:27.832180,36.16,49.8,173.25,73.82,52.37235379953999
2025-10-19 07:36:28.832180,91.06,63.45,139.03,33.46,51.7779456759517
2025-10-19 07:36:29.832179,24.52,84.76,250.18,45.01,52.449366978015604
2025-10-19 07:36:30.832179,59.97,73.87,248.57,123.57,53.21756392427287
2025-10-19 07:36:31.832178,13.57,62.16,158.21,137.45,52.8879010176094
2025-10-19 07:36:32.832178,87.48,70.68,153.03,114.02,52.62028068043302
2025-10-19 07:36:33.832177,77.45,58.24,249.3,20.04,52.24496239645781
2025-10-19 07:36:34.832177,34.61,65.76,68.22,143.97,52.464945400219115
2025-10-19 07:36:35.832176,40.39,65.03,216.1,18.81,52.04517080734812
2025-10-19 07:36:36.832176,32.54,81.2,75.44,78.98,51.850748071948914
2025-10-19 07:36:37.832175,14.82,25.12,128.87,110.21,52.52619587792676
2025-10-19 07:36:38.832175,50.88,64.83,241.25,26.75,52.25650469913563
2025-10-19 07:36:39.832175,57.94,47.17,105.67,108.49,52.351022472237496
2025-10-19 07:36:40.832174,11.33,31.79,116.83,99.14,52.3443883515852
2025-10-19 07:36:41.832174,37.15,51.37,121.22,80.69,52.1585951470657
2025-10-19 07:36:42.832173,66.2,74.12,275.29,94.58,53.07946880423048
2025-10-19 07:36:43.832173,51.24,96.89,161.86,89.61,52.390119399387174
2025-10-19 07:36:44.832172,85.07,33.59,71.08,16.73,51.30048025908368
2025-10-19 07:36:45.832172,29.79,35.7,217.19,76.67,52.65664301692101
2025-10-19 07:36:46.832171,21.02,33.77,93.31,115.99,52.37866404086313
2025-10-19 07:36:47.832171,67.34,65.5,81.84,21.52,51.35400276093976
2025-10-19 07:36:48.832170,47.35,27.1,129.08,80.09,52.23294977641683
2025-10-19 07:36:49.832170,89.2,87.16,84.97,45.17,51.5653030399802
2025-10-19 07:36:50.832169,89.25,42.67,137.45,69.6,52.15168296097206
2025-10-19 07:36:51.832169,64.12,39.25,90.78,134.34,52.53397230855123
2025-10-19 07:36:52.832169,34.57,32.11,275.19,82.25,53.025834404214024
2025-10-19 07:36:53.832168,45.12,41.69,114.62,11.13,51.465981548335634
2025-10-19 07:36:54.832168,66.01,20.68,89.83,68.82,51.924575306241685
2025-10-19 07:36:55.832167,11.99,36.7,298.95,56.47,52.89614803712213
2025-10-19 07:36:56.832167,41.16,52.36,172.8,88.49,52.50777626945441
2025-10-19 07:36:57.832166,59.46,63.89,190.81,58.91,52.29972968235175
2025-10-19 07:36:58.832166,53.48,30.83,211.55,13.37,52.022114437930774
2025-10-19 07:36:59.832165,56.06,71.33,249.53,76.24,52.76902085652935
2025-10-19 07:37:00.832165,47.94,30.67,101.95,131.92,52.58369873191567
2025-10-19 07:37:01.832164,55.19,41.27,113.22,47.89,51.814626895619604
2025-10-19 07:37:02.832164,26.39,51.01,154.43,114.83,52.66654762745916
2025-10-19 07:37:03.832164,54.88,39.77,230.53,44.48,52.41017427357787
2025-10-19 07:37:04.832163,45.18,49.6,88.21,27.26,51.46853507644976
2025-10-19 07:37:05.832163,68.39,48.04,282.81,86.02,53.07788713701246
2025-10-19 07:37:06.832162,39.47,26.35,227.55,23.18,52.20942808592129
2025-10-19 07:37:07.832162,23.93,70.71,143.31,11.57,51.5776941234194
2025-10-19 07:37:08.832161,73.54,29.81,94.01,73.36,51.976415786396224
2025-10-19 07:37:09.832161,58.92,44.48,206.79,124.16,53.04652365641275
2025-10-19 07:37:10.832160,44.32,66.46,82.67,39.68,51.53252306114705
2025-10-19 07:37:11.832160,25.09,33.31,125.05,11.72,51.54054899459547
2025-10-19 07:37:12.832159,91.36,59.09,166.32,115.33,52.7221287088766
2025-10-19 07:37:13.832159,50.5,31.27,189.78,137.63,53.10677398664092
2025-10-19 07:37:14.832158,75.6,89.93,204.73,53.15,52.27734392226316
2025-10-19 07:37:15.832158,26.73,33.53,256.32,43.7,52.55011210358224
2025-10-19 07:37:16.832157,57.62,65.22,251.88,70.82,52.73877226299245
2025-10-19 07:37:17.832157,69.61,79.93,138.04,113.69,52.522518224417645
2025-10-19 07:37:18.832157,76.08,30.16,273.19,39.85,52.60823464998028
2025-10-19 07:37:19.832156,53.13,82.18,211.15,74.66,52.53180515850062
2025-10-19 07:37:20.832156,65.04,27.7,288.7,64.93,52.93740905557968
2025-10-19 07:37:21.832155,61.61,68.64,179.71,130.1,52.92138854098991
2025-10-19 07:37:22.832155,11.02,88.28,236.83,87.49,52.783336083684695
2025-10-19 07:37:23.832154,16.23,60.92,259.74,77.86,52.85556912284779
2025-10-19 07:37:24.832154,93.93,79.23,149.43,128.84,52.7309113663058
2025-10-19 07:37:25.832153,86.99,48.03,204.98,10.61,51.93328391836883
2025-10-19 07:37:26.832153,34.18,21.81,156.4,27.17,51.87538242493061
2025-10-19 07:37:27.832152,74.71,58.54,116.16,106.36,52.36852095342341
2025-10-19 07:37:28.832152,72.46,48.81,187.56,28.94,52.01631926090861
2025-10-19 07:37:29.832151,78.15,79.45,175.87,134.46,52.926036094780805
2025-10-19 07:37:30.832151,94.43,60.62,284.57,119.55,53.39170362799728
2025-10-19 07:37:31.832151,71.08,60.01,110.71,31.89,51.61701679469647
2025-10-19 07:37:32.832150,58.99,75.21,178.77,94.51,52.56188611723858
2025-10-19 07:37:33.832150,76.32,83.79,222.15,113.64,52.964908693095886
2025-10-19 07:37:34.832149,40.25,23.3,83.02,143.1,52.60236471121454
2025-10-19 07:37:35.832149,84.31,51.98,60.27,115.45,52.16842275460782
2025-10-19 07:37:36.832148,39.3,95.61,223.7,128.08,53.09420662493375
2025-10-19 07:37:37.832148,64.06,29.59,84.06,124.17,52.414968223419194
2025-10-19 07:37:38.832147,46.42,24.13,291.55,90.68,53.207234684409144
2025-10-19 07:37:39.832147,70.3,68.53,239.06,100.11,52.94835797134282
2025-10-19 07:37:40.832146,13.63,49.69,126.48,76.94,52.15305436580578
2025-10-19 07:37:41.832146,87.4,96.59,298.85,114.36,53.361120693782325
2025-10-19 07:37:42.832145,61.8,67.58,244.01,130.19,53.267138281595585
2025-10-19 07:37:43.832145,21.33,55.5,234.14,104.36,52.983702843772576
2025-10-19 07:37:44.832145,37.57,84.67,127.94,17.58,51.53179521427032
2025-10-19 07:37:45.832144,29.25,95.66,125.7,58.89,51.90199386790979
2025-10-19 07:37:46.832144,53.04,71.12,267.53,105.4,53.14739661381653
2025-10-19 07:37:47.832143,47.7,34.06,172.99,143.27,53.06730011208552
2025-10-19 07:37:48.832143,90.25,83.97,136.04,11.72,51.519467784022424
2025-10-19 07:37:49.832142,66.35,59.61,147.56,105.24,52.52360892388411
2025-10-19 07:37:50.832142,77.15,56.97,252.96,46.96,52.52680468957051
2025-10-19 07:37:51.832141,89.31,30.79,88.82,123.51,52.432104587704885
2025-10-19 07:37:52.832141,91.23,54.99,289.2,61.71,52.86598539384853
2025-10-19 07:37:53.832140,88.32,22.96,65.53,147.98,52.5567323491012
2025-10-19 07:37:54.832140,64.06,47.81,296.81,16.64,52.482094801889815
2025-10-19 07:37:55.832139,19.41,67.5,156.66,89.52,52.407755034653654
2025-10-19 07:37:56.832139,11.34,54.32,275.51,105.2,53.21450138267116
2025-10-19 07:37:57.832139,85.34,92.54,138.03,118.93,52.55328497652671
2025-10-19 07:37:58.832138,50.36,97.53,300.0,114.14,53.363652047264864
2025-10-19 07:37:59.832138,25.94,81.34,212.06,128.26,53.05627877534833
2025-10-19 07:38:00.832137,43.59,59.06,98.08,18.54,51.422007568549034
2025-10-19 07:38:01.832137,93.47,78.26,253.51,137.42,53.370946672714794
2025-10-19 07:38:02.832136,49.63,78.9,189.84,72.72,52.40446358463421
2025-10-19 07:38:03.832136,62.87,68.45,291.83,130.95,53.52836426891646
2025-10-19 07:38:04.832135,46.74,33.3,279.76,140.04,53.60716438157168
2025-10-19 07:38:05.832135,29.75,94.19,218.45,87.01,52.67128590854953
2025-10-19 07:38:06.832134,70.43,22.3,228.38,90.98,52.875836699627214
2025-10-19 07:38:07.832134,93.51,52.44,181.87,79.61,52.47019619834066
2025-10-19 07:38:08.832133,75.1,94.25,126.97,119.23,52.494459809083565
2025-10-19 07:38:09.832133,11.46,35.91,251.67,59.2,52.67142559363483
2025-10-19 07:38:10.832133,81.89,24.89,260.55,142.73,53.54387737197831
2025-10-19 07:38:11.832132,16.84,54.76,93.26,50.14,51.70861003000785
2025-10-19 07:38:12.832132,53.95,95.01,206.43,133.53,53.055669512348125
2025-10-19 07:38:13.832131,92.62,93.66,118.89,27.85,51.56864613026503
2025-10-19 07:38:14.832131,41.26,63.94,113.39,96.89,52.253663978653115
2025-10-19 07:38:15.832130,49.53,30.86,265.99,149.05,53.62462933630969
2025-10-19 07:38:16.832130,55.3,57.68,207.16,139.34,53.17450650745788
2025-10-19 07:38:17.832129,77.59,72.16,169.31,39.44,51.983684275738284
2025-10-19 07:38:18.832129,45.1,72.64,222.69,126.83,53.11288472476496
2025-10-19 07:38:19.832128,54.95,85.53,81.6,136.35,52.431561098846075
2025-10-19 07:38:20.832128,22.66,69.57,211.31,41.84,52.235149642910244
2025-10-19 07:38:21.832127,44.3,32.16,133.54,31.59,51.779812103813
2025-10-19 07:38:22.832127,33.84,23.25,204.7,66.23,52.50862150881185
2025-10-19 07:38:23.832126,82.93,46.62,187.49,13.31,51.86825592922599
2025-10-19 07:38:24.832126,35.27,73.33,170.41,26.37,51.861331493585915
2025-10-19 07:38:25.832125,53.94,64.96,89.12,96.68,52.12048301332217
2025-10-19 07:38:26.832125,94.89,98.69,168.95,75.41,52.28782076445065
2025-10-19 07:38:27.832125,38.57,40.82,288.08,91.09,53.166406498819946
2025-10-19 07:38:28.832124,82.61,93.88,286.23,98.27,53.14244030667684
2025-10-19 07:38:29.832124,63.6,54.15,191.78,71.32,52.44023913602073
2025-10-19 07:38:30.832123,53.67,51.62,276.74,31.24,52.51014810303119
2025-10-19 07:38:31.832123,15.03,79.62,227.5,27.75,52.16950128221931
2025-10-19 07:38:32.832122,12.52,76.48,279.17,109.46,53.24034874582234
2025-10-19 07:38:33.832122,92.05,96.79,157.47,45.86,51.943796593599636
2025-10-19 07:38:34.832121,32.46,42.49,151.3,143.02,52.935839698252224
2025-10-19 07:38:35.832121,37.1,98.14,227.53,52.34,52.37828688533788
2025-10-19 07:38:36.832120,26.83,57.67,223.85,31.59,52.22170104381142
2025-10-19 07:38:37.832120,13.44,40.79,258.05,94.0,53.034302789176344
2025-10-19 07:38:38.832119,17.42,73.72,66.24,25.86,51.299762966021724
2025-10-19 07:38:39.832119,54.72,44.43,298.58,71.61,53.0284043604577
2025-10-19 07:38:40.832119,28.96,49.73,225.45,113.9,53.03864961687393
2025-10-19 07:38:41.832118,12.6,68.48,225.24,97.07,52.84527454934779
2025-10-19 07:38:42.832116,20.17,98.71,293.44,72.73,52.92635875926973
2025-10-19 07:38:43.832115,14.79,62.53,208.6,61.17,52.418680666853355
2025-10-19 07:38:44.832115,79.89,58.78,220.29,77.71,52.6469168309639
2025-10-19 07:38:45.832114,42.58,36.37,71.81,101.38,52.11853814826203
2025-10-19 07:38:46.832114,65.79,83.07,158.32,25.88,51.77672978848948
2025-10-19 07:38:47.832113,34.07,57.67,189.21,51.61,52.2303915402561
2025-10-19 07:38:48.832113,85.34,51.01,273.22,138.44,53.528908033292396
2025-10-19 07:38:49.832112,70.01,69.61,106.43,47.26,51.72768342917785
2025-10-19 07:38:50.832112,45.4,24.98,276.41,78.26,53.00498743206305
2025-10-19 07:38:51.832111,13.72,45.19,106.42,16.55,51.46911318563926
2025-10-19 07:38:52.832111,67.02,87.09,286.01,93.46,53.10544280898742
2025-10-19 07:38:53.832111,51.78,27.43,113.64,140.43,52.733484699617996
2025-10-19 07:38:54.832110,66.35,74.29,263.56,10.33,52.201921136108616
2025-10-19 07:38:55.832110,33.73,54.81,226.11,50.99,52.42585748990776
2025-10-19 07:38:56.832109,92.82,67.94,240.67,135.9,53.3039576621492
2025-10-19 07:38:57.832109,27.71,27.76,126.2,114.5,52.549271695771026
2025-10-19 07:38:58.832108,56.45,78.68,92.02,13.47,51.30975308990529
2025-10-19 07:38:59.832108,84.83,62.64,93.86,109.98,52.27804187280407
2025-10-19 07:39:00.832107,57.09,93.93,282.98,57.72,52.73290924763072
2025-10-19 07:39:01.832107,28.5,79.62,58.13,47.04,51.45199119163502
2025-10-19 07:39:02.832106,60.67,51.15,290.19,59.32,52.854203563918304
2025-10-19 07:39:03.832106,64.85,93.84,56.26,130.88,52.2303314851927
2025-10-19 07:39:04.832105,81.05,93.44,135.04,81.94,52.17822776772069
2025-10-19 07:39:05.832105,18.61,67.88,136.49,62.4,52.03725510425975
2025-10-19 07:39:06.832105,86.55,76.94,282.02,33.45,52.51984560707713
2025-10-19 07:39:07.832104,32.31,36.26,69.37,111.48,52.20335106144804
2025-10-19 07:39:08.832104,24.74,85.03,283.23,106.05,53.215587812688796
2025-10-19 07:39:09.832103,20.37,87.73,237.65,115.06,53.05517140631031
2025-10-19 07:39:10.832103,43.72,51.67,244.21,30.01,52.32454192002745
2025-10-19 07:39:11.832102,49.52,80.77,160.4,129.07,52.789265366105994
2025-10-19 07:39:12.832102,42.0,72.18,172.94,25.98,51.872874752400875
2025-10-19 07:39:13.832101,29.23,50.18,53.07,41.08,51.41369185688161
2025-10-19 07:39:14.832101,11.17,64.2,110.4,107.28,52.33776298407471
2025-10-19 07:39:15.832100,41.06,90.1,237.89,14.86,52.083821298661356
2025-10-19 07:39:16.832100,87.56,40.36,165.71,124.06,52.83277111995495
2025-10-19 07:39:17.832099,32.67,25.79,106.56,121.58,52.516002372399676
2025-10-19 07:39:18.832099,88.58,37.71,146.65,39.4,51.91657276168127
2025-10-19 07:39:19.832099,93.75,79.75,268.49,94.26,53.03121651275772
2025-10-19 07:39:20.832098,87.56,77.59,200.88,10.27,51.86158258071516
2025-10-19 07:39:21.832098,87.92,71.81,53.98,62.81,51.594624012077816
2025-10-19 07:39:22.832097,20.08,78.27,194.45,108.82,52.77913678789469
2025-10-19 07:39:23.832097,68.29,37.4,88.71,112.52,52.31484325585271
2025-10-19 07:39:24.832096,31.14,74.61,77.24,112.65,52.196306596564824
2025-10-19 07:39:25.832096,14.55,44.24,104.49,26.67,51.55816390654294
2025-10-19 07:39:26.832095,89.37,20.24,250.11,112.36,53.20180390276904
2025-10-19 07:39:27.832095,35.68,89.15,76.05,139.84,52.42998616706074
2025-10-19 07:39:28.832094,40.01,35.1,172.55,134.29,52.976480912696424
2025-10-19 07:39:29.832094,51.36,73.12,121.46,103.09,52.342240865336926
2025-10-19 07:39:30.832093,45.03,94.71,288.12,55.99,52.74238848198516
2025-10-19 07:39:31.832093,45.53,52.98,81.79,16.1,51.32103354412985
2025-10-19 07:39:32.832093,73.38,50.29,277.57,124.26,53.41614426471668
2025-10-19 07:39:33.832092,87.17,91.87,150.67,17.72,51.643140528176744
2025-10-19 07:39:34.832092,85.28,32.75,205.62,10.23,51.95707721356291
2025-10-19 07:39:35.832091,34.36,79.26,269.78,44.99,52.562448888514275
2025-10-19 07:39:36.832091,72.71,60.58,184.15,65.99,52.33785231349934
2025-10-19 07:39:37.832090,51.32,54.55,187.69,98.85,52.68398444597974
2025-10-19 07:39:38.832090,56.6,57.17,167.96,120.67,52.78554067712755
2025-10-19 07:39:39.832089,23.86,56.6,118.9,107.68,52.398963758457676
2025-10-19 07:39:40.832089,44.2,36.64,221.23,113.94,53.037115991448665
2025-10-19 07:39:41.832088,85.09,74.68,205.77,86.93,52.63354087489936
2025-10-19 07:39:42.832088,53.21,75.56,278.54,120.73,53.347411308116726
2025-10-19 07:39:43.832087,19.85,55.16,78.23,26.67,51.400808428854
2025-10-19 07:39:44.832087,45.74,35.51,182.11,96.06,52.65719212862386
2025-10-19 07:39:45.832087,63.83,28.38,116.76,99.88,52.356537821895394
2025-10-19 07:39:46.832086,45.04,86.13,113.9,146.42,52.7003963363763
2025-10-19 07:39:47.832086,43.94,97.64,270.58,136.89,53.426430125946744
2025-10-19 07:39:48.832085,14.43,86.62,297.81,67.63,52.91939940683875
2025-10-19 07:39:49.832085,22.09,73.92,72.81,79.87,51.856775226603226
2025-10-19 07:39:50.832084,76.12,66.39,229.55,130.71,53.19685720783792
2025-10-19 07:39:51.832084,38.37,47.12,238.7,21.83,52.22319557135682
2025-10-19 07:39:52.832083,50.29,47.9,187.13,115.36,52.85110907499505
2025-10-19 07:39:53.832083,84.01,53.4,237.18,111.04,53.06782820830225
2025-10-19 07:39:54.832082,71.69,82.66,257.99,24.99,52.30077283387116
2025-10-19 07:39:55.832082,40.69,85.59,271.49,19.02,52.31049120997572
2025-10-19 07:39:56.832082,86.61,90.52,295.27,140.02,53.599690111883824
2025-10-19 07:39:57.832080,30.71,74.96,87.71,69.36,51.833041004559774
2025-10-19 07:39:58.832080,10.17,63.34,153.74,96.93,52.47036942385292
2025-10-19 07:39:59.832079,44.96,50.46,263.55,63.56,52.75409402944035
2025-10-19 07:40:00.832079,93.22,76.49,154.59,133.3,52.805893290638444
2025-10-19 07:40:01.832078,62.59,78.21,293.57,60.02,52.83641946560053
2025-10-19 07:40:02.832078,64.27,31.71,117.54,54.72,51.91877740829322
2025-10-19 07:40:03.832077,34.93,44.76,117.63,24.31,51.60466171564628
2025-10-19 07:40:04.832077,34.66,76.09,178.04,94.31,52.55467052376182
2025-10-19 07:40:05.832076,11.7,82.15,152.11,86.85,52.33459069914857
2025-10-19 07:40:06.832076,40.29,25.27,203.79,79.82,52.63199541269368
2025-10-19 07:40:07.832075,86.22,65.89,177.85,145.31,53.06286481376331
2025-10-19 07:40:08.832075,14.84,85.02,171.07,87.92,52.44162154837339
2025-10-19 07:40:09.832074,24.21,52.93,255.74,110.77,53.1650240116152
2025-10-19 07:40:10.832074,52.48,42.2,294.81,39.35,52.69984812289837
2025-10-19 07:40:11.832074,27.26,72.01,106.2,74.81,51.98907734105517
2025-10-19 07:40:12.832073,31.11,92.54,155.66,119.52,52.65309286852702
2025-10-19 07:40:13.832073,36.23,74.0,150.12,91.04,52.37731328522918
2025-10-19 07:40:14.832072,35.84,63.25,173.6,110.94,52.711988872217304
2025-10-19 07:40:15.832072,57.59,80.15,298.88,45.07,52.71714719289518
2025-10-19 07:40:16.832071,64.36,63.58,273.15,17.95,52.34365027841939
2025-10-19 07:40:17.832071,39.91,40.66,118.38,106.1,52.406000659318096
2025-10-19 07:40:18.832070,70.46,88.59,117.23,39.86,51.68389882393084
2025-10-19 07:40:19.832070,69.36,69.47,57.38,38.95,51.3857370809908
2025-10-19 07:40:20.832069,74.4,47.64,148.75,49.12,52.00614055192242
2025-10-19 07:40:21.832069,17.11,28.56,128.03,123.64,52.64616110223007
2025-10-19 07:40:22.832068,74.43,49.8,95.72,102.39,52.23478809247639
2025-10-19 07:40:23.832068,74.1,37.98,227.14,39.76,52.34925638048938
2025-10-19 07:40:24.832067,88.29,35.75,134.16,63.53,52.086319722355746
2025-10-19 07:40:25.832067,20.29,61.76,108.73,123.71,52.491562444772974
2025-10-19 07:40:26.832067,58.51,75.48,120.02,110.19,52.39949449524434
2025-10-19 07:40:27.832066,91.06,51.42,102.68,100.52,52.251305886114146
2025-10-19 07:40:28.832066,83.56,22.13,270.52,112.48,53.30893074362582
2025-10-19 07:40:29.832065,87.99,67.49,86.13,27.11,51.427822337683665
2025-10-19 07:40:30.832065,76.93,46.11,145.84,71.98,52.214064886299546
2025-10-19 07:40:31.832064,37.37,45.86,83.34,84.72,52.004046764665915
2025-10-19 07:40:32.832064,46.22,77.19,75.22,70.52,51.774080397148275
2025-10-19 07:40:33.832063,39.57,69.01,148.58,58.55,52.06278039815095
2025-10-19 07:40:34.832063,56.93,60.25,178.28,142.47,53.0465758612887
2025-10-19 07:40:35.832062,51.25,42.98,270.24,86.77,53.02600986825901
2025-10-19 07:40:36.832062,28.66,30.05,97.02,27.93,51.55281137715996
2025-10-19 07:40:37.832061,72.12,52.23,80.9,44.68,51.59382265936234
2025-10-19 07:40:38.832061,35.76,87.01,87.86,35.14,51.4839782026562
2025-10-19 07:40:39.832060,57.34,32.68,112.62,25.96,51.61288970654123
2025-10-19 07:40:40.832060,86.61,20.95,182.11,148.95,53.191539154252204
2025-10-19 07:40:41.832060,78.36,46.02,266.36,62.45,52.76534833539816
2025-10-19 07:40:42.832059,17.32,82.24,155.97,58.05,52.07656596204245
2025-10-19 07:40:43.832059,74.1,24.13,139.12,70.25,52.196065236702125
2025-10-19 07:40:44.832058,88.03,23.46,182.23,31.34,52.05097926025914
2025-10-19 07:40:45.832058,68.23,78.09,199.27,40.85,52.14790034295564
2025-10-19 07:40:46.832057,88.99,55.82,66.77,81.01,51.86404976182859
2025-10-19 07:40:47.832057,91.72,74.09,51.87,36.67,51.32700761534855
2025-10-19 07:40:48.832056,93.84,28.56,104.66,80.93,52.10842872618343
2025-10-19 07:40:49.832056,84.81,67.06,216.31,83.49,52.6685304181117
2025-10-19 07:40:50.832055,37.45,97.65,169.72,124.1,52.76438385847595
2025-10-19 07:40:51.832055,28.71,46.44,296.65,48.31,52.789635591537646
2025-10-19 07:40:52.832054,47.07,23.36,249.87,17.42,52.27757362339866
2025-10-19 07:40:53.832054,67.61,33.29,248.4,55.66,52.62386489724079
2025-10-19 07:40:54.832054,81.14,92.33,286.09,43.42,52.61375160651544
2025-10-19 07:40:55.832053,93.29,96.49,271.39,126.49,53.3319992599429
2025-10-19 07:40:56.832053,26.61,84.96,294.42,47.78,52.71197482652902
2025-10-19 07:40:57.832052,28.01,83.14,281.31,74.97,52.90778125530796
2025-10-19 07:40:58.832051,32.95,54.95,240.47,143.44,53.3962464890603
2025-10-19 07:40:59.832051,48.29,98.49,265.64,106.33,53.10321915835657
2025-10-19 07:41:00.832050,57.63,97.28,189.48,105.7,52.6925163772477
2025-10-19 07:41:01.832050,60.08,63.44,299.54,14.34,52.449823761935605
2025-10-19 07:41:02.832049,21.45,82.56,242.59,145.28,53.381894636301276
2025-10-19 07:41:03.832049,59.06,71.53,127.88,138.82,52.724508540133684
2025-10-19 07:41:04.832049,28.82,72.13,53.29,27.1,51.24513353043313
2025-10-19 07:41:05.832048,85.78,33.97,237.46,46.25,52.47340906718377
2025-10-19 07:41:06.832048,65.62,46.13,105.23,97.83,52.24723228215327
2025-10-19 07:41:07.832047,24.38,88.95,245.63,11.82,52.09754910251539
2025-10-19 07:41:08.832047,61.94,98.84,222.85,81.99,52.63891045614705
2025-10-19 07:41:09.832046,35.67,72.07,189.64,18.33,51.88821372107693
2025-10-19 07:41:10.832046,91.64,82.95,148.07,137.49,52.80143926716089
2025-10-19 07:41:11.832045,61.07,67.06,195.49,122.47,52.93432413558379
2025-10-19 07:41:12.832045,12.39,82.42,236.93,47.37,52.40514682067364
2025-10-19 07:41:13.832044,75.77,96.62,243.24,105.82,52.98166774053787
2025-10-19 07:41:14.832044,71.76,82.49,125.7,45.72,51.79537475622228
2025-10-19 07:41:15.832043,80.29,44.15,105.38,74.67,52.02720008940398
2025-10-19 07:41:16.832043,39.97,81.35,269.75,116.54,53.250863630395585
2025-10-19 07:41:17.832042,82.78,61.6,128.02,75.49,52.12850624961344
2025-10-19 07:41:18.832042,90.03,64.1,263.34,146.46,53.53311829310669
2025-10-19 07:41:19.832041,44.72,78.3,187.34,115.8,52.808633141300916
2025-10-19 07:41:20.832041,28.69,64.16,259.85,15.08,52.24399461910074
2025-10-19 07:41:21.832040,64.33,63.44,76.58,91.93,52.01001052601066
2025-10-19 07:41:22.832040,49.15,25.41,277.05,120.13,53.41259563209755
2025-10-19 07:41:23.832040,75.94,68.56,294.74,60.46,52.86210887193611
2025-10-19 07:41:24.832039,12.98,88.49,297.29,31.67,52.5659591126105
2025-10-19 07:41:25.832039,62.25,85.24,64.42,24.92,51.26282575657329
2025-10-19 07:41:26.832038,91.37,21.13,213.22,92.95,52.81580880576842
2025-10-19 07:41:27.832038,27.85,80.37,165.23,45.81,52.0105793855678
2025-10-19 07:41:28.832037,22.46,47.52,130.72,67.51,52.0879167633793
2025-10-19 07:41:29.832037,77.14,84.04,98.49,106.11,52.23164865353049
2025-10-19 07:41:30.832036,59.21,36.46,206.35,95.15,52.776282034848975
2025-10-19 07:41:31.832036,94.17,40.93,226.14,23.1,52.17817859626076
2025-10-19 07:41:32.832035,44.49,57.09,94.6,50.21,51.71277179398361
2025-10-19 07:41:33.832035,20.62,74.53,171.16,71.13,52.29626014440657
2025-10-19 07:41:34.832034,58.44,30.13,101.29,119.78,52.4636361205381
2025-10-19 07:41:35.832034,86.72,48.81,227.39,39.65,52.3324800352331
2025-10-19 07:41:36.832033,81.74,54.87,280.68,80.57,53.003067410502446
2025-10-19 07:41:37.832033,35.33,53.51,219.25,82.97,52.70052342966409
2025-10-19 07:41:38.832032,18.85,75.54,280.2,69.48,52.86073286517257
2025-10-19 07:41:39.832032,73.62,61.71,122.41,52.61,51.87714690314486
2025-10-19 07:41:40.832031,47.4,43.48,282.02,71.73,52.94266857774551
2025-10-19 07:41:41.832031,36.79,74.04,91.28,90.23,52.05535050295582
2025-10-19 07:41:42.832031,55.33,46.4,99.45,18.18,51.44576669915147
2025-10-19 07:41:43.832030,73.91,87.66,68.52,112.36,52.12641656277691
2025-10-19 07:41:44.832030,64.33,68.12,100.26,142.28,52.6159072169166
2025-10-19 07:41:45.832029,89.41,47.1,232.76,118.0,53.12145326412124
2025-10-19 07:41:46.832029,90.83,38.44,219.41,34.09,52.25244525805052
2025-10-19 07:41:47.832028,28.25,97.04,113.5,78.28,52.02219715855687
2025-10-19 07:41:48.832028,21.43,24.59,80.88,89.16,52.06732976878081
2025-10-19 07:41:49.832027,86.75,26.23,71.32,127.93,52.38861334523236
2025-10-19 07:41:50.832027,79.8,25.56,245.2,63.59,52.69563237328821
2025-10-19 07:41:51.832026,70.13,51.63,206.14,82.38,52.62780095767147
2025-10-19 07:41:52.832026,27.33,49.54,129.95,23.61,51.65612879241389
2025-10-19 07:41:53.832025,60.22,90.32,270.53,135.99,53.428982679259946
2025-10-19 07:41:54.832025,10.42,70.58,145.56,62.01,52.07764646130624
2025-10-19 07:41:55.832024,30.46,62.75,233.48,68.69,52.62385102661592
2025-10-19 07:41:56.832024,45.59,45.89,255.04,111.31,53.17759067451588
2025-10-19 07:41:57.832023,50.34,31.62,128.61,79.02,52.21297977531936
2025-10-19 07:41:58.832023,51.66,80.46,213.84,133.84,53.12112171000089
2025-10-19 07:41:59.832022,26.57,87.17,227.98,37.77,52.25706924602337
2025-10-19 07:42:00.832022,13.21,91.54,235.49,114.3,53.03029595583248
2025-10-19 07:42:01.832021,94.74,63.56,65.66,118.08,52.204396276300464
2025-10-19 07:42:02.832021,77.9,69.69,104.7,115.67,52.37982527559395
2025-10-19 07:42:03.832020,13.19,82.53,145.18,116.99,52.58844639170503
2025-10-19 07:42:04.832020,71.92,28.52,67.08,42.51,51.53639416145341
2025-10-19 07:42:05.832019,13.92,25.58,98.31,114.63,52.405093119596124
2025-10-19 07:42:06.832019,40.23,42.91,271.74,104.92,53.2096309821886
2025-10-19 07:42:07.832019,26.67,79.81,127.45,76.67,52.10821032092832
2025-10-19 07:42:08.832018,23.29,53.22,134.92,35.11,51.78806553757094
2025-10-19 07:42:09.832018,48.24,56.75,199.37,41.52,52.18850327425529
2025-10-19 07:42:10.832017,83.33,95.52,218.82,89.59,52.69611507701368
2025-10-19 07:42:11.832017,21.01,74.35,70.95,94.31,51.98580033781413
2025-10-19 07:42:12.832016,88.17,70.84,218.88,13.49,51.999421547880104
2025-10-19 07:42:13.832016,18.67,84.71,277.51,88.97,53.02040223899704
2025-10-19 07:42:14.832015,78.0,48.0,261.25,99.05,53.08886610096362
2025-10-19 07:42:15.832015,81.94,59.33,265.61,38.84,52.5120934940825
2025-10-19 07:42:16.832014,51.31,32.28,98.98,117.21,52.423070868850395
2025-10-19 07:42:17.832014,51.12,38.22,207.12,127.45,53.08995191511577
2025-10-19 07:42:18.832013,44.79,66.78,175.57,131.9,52.91962382167591
2025-10-19 07:42:19.832013,26.35,81.36,111.09,136.58,52.59775629239558
2025-10-19 07:42:20.832012,85.58,78.39,198.92,85.6,52.5782775369853
2025-10-19 07:42:21.832012,64.5,67.55,199.33,39.86,52.15523824846927
2025-10-19 07:42:22.832012,41.83,45.88,68.14,80.71,51.88410762299317
2025-10-19 07:42:23.832011,11.46,54.95,262.01,149.91,53.57378223774471
2025-10-19 07:42:24.832011,21.28,98.73,280.57,114.52,53.26172708538524
2025-10-19 07:42:25.832010,13.36,57.17,171.65,44.4,52.06773112057205
2025-10-19 07:42:26.832010,79.12,93.52,268.78,41.29,52.498887341811326
2025-10-19 07:42:27.832009,57.32,27.5,205.44,107.9,52.90881662261453
2025-10-19 07:42:28.832009,51.0,66.06,248.2,58.86,52.60215827940748
2025-10-19 07:42:29.832008,17.73,44.23,82.79,58.95,51.75448946393182
2025-10-19 07:42:30.832008,92.1,47.97,151.73,140.96,52.90958951316259
2025-10-19 07:42:31.832007,59.04,21.23,165.06,95.48,52.58305438051913
2025-10-19 07:42:32.832007,53.04,71.54,73.6,137.15,52.418616755189056
2025-10-19 07:42:33.832006,90.64,26.9,253.72,83.0,52.926688150177554
2025-10-19 07:42:34.832006,67.11,89.46,82.75,146.22,52.52695294436537
2025-10-19 07:42:35.832005,15.58,85.37,149.96,36.76,51.8336926572626
2025-10-19 07:42:36.832005,47.27,85.61,127.27,133.92,52.65170840837127
2025-10-19 07:42:37.832004,80.38,94.81,149.1,127.18,52.68857440392684
2025-10-19 07:42:38.832004,38.82,92.1,160.87,31.56,51.831050723795514
2025-10-19 07:42:39.832003,82.96,90.0,146.35,32.73,51.76816707110197
2025-10-19 07:42:40.832003,87.36,41.52,137.32,148.16,52.91244826405841
2025-10-19 07:42:41.832003,38.03,92.32,214.85,114.28,52.918705675577044
2025-10-19 07:42:42.832002,26.46,45.0,154.12,22.67,51.78319657506844
2025-10-19 07:42:43.832002,68.85,30.89,149.06,54.79,52.088987778151385
2025-10-19 07:42:44.832001,74.79,66.71,199.71,136.46,53.09267858389027
2025-10-19 07:42:45.832001,45.63,78.61,141.06,102.0,52.42767728768554
2025-10-19 07:42:46.832000,19.17,40.28,254.76,106.0,53.133580690836716
2025-10-19 07:42:47.832000,16.89,41.4,107.53,72.84,52.025309220249184
2025-10-19 07:42:48.831999,92.61,96.54,285.81,70.23,52.86487402962781
2025-10-19 07:42:49.831999,37.83,60.34,142.36,46.72,51.92883516994973
2025-10-19 07:42:50.831998,80.98,29.53,216.13,34.84,52.256214907689596
2025-10-19 07:42:51.831998,32.03,69.17,215.63,107.96,52.898196291235045
2025-10-19 07:42:52.831997,34.27,46.38,71.04,77.43,51.867083272782686
2025-10-19 07:42:53.831997,47.28,80.52,113.85,95.87,52.220158285102386
2025-10-19 07:42:54.831997,30.22,84.08,162.15,64.51,52.16912241881662
2025-10-19 07:42:55.831996,18.08,62.86,81.31,86.92,51.987725540946286
2025-10-19 07:42:56.831996,11.13,24.21,272.53,104.05,53.23487008135417
2025-10-19 07:42:57.831995,52.17,34.27,210.91,134.22,53.18186280322065
2025-10-19 07:42:58.831995,53.03,57.6,283.78,146.47,53.652547982815804
2025-10-19 07:42:59.831994,31.9,39.56,282.18,47.23,52.712786088812194
2025-10-19 07:43:00.831994,81.53,49.55,231.59,37.7,52.33487751336019
2025-10-19 07:43:01.831993,16.4,85.66,253.3,123.4,53.22260897604804
2025-10-19 07:43:02.831993,61.1,28.75,260.92,70.98,52.84597782743238
2025-10-19 07:43:03.831992,38.72,76.55,296.82,51.91,52.77795877704596
2025-10-19 07:43:04.831992,21.34,21.51,103.31,72.27,52.02858072167722
2025-10-19 07:43:05.831991,78.8,67.85,122.93,86.86,52.20144382809729
2025-10-19 07:43:06.831991,62.24,31.6,117.68,109.63,52.45065923187722
2025-10-19 07:43:07.831990,47.62,25.82,174.25,119.91,52.861112408649824
2025-10-19 07:43:08.831990,39.02,49.48,199.25,105.05,52.81362012266981
2025-10-19 07:43:09.831990,33.67,83.51,65.84,112.84,52.12328545648792
2025-10-19 07:43:10.831989,50.27,40.61,263.38,111.62,53.233415330182325
2025-10-19 07:43:11.831989,63.11,38.33,104.95,36.91,51.66893932254415
2025-10-19 07:43:12.831988,11.95,85.52,158.16,35.13,51.86146372985714
2025-10-19 07:43:13.831988,66.34,73.49,111.5,18.55,51.47102182378997
2025-10-19 07:43:14.831987,59.22,37.38,133.33,19.12,51.64989384653845
2025-10-19 07:43:15.831987,50.85,36.07,201.19,117.19,52.962473096473914
2025-10-19 07:43:16.831986,81.49,93.27,287.02,43.59,52.618879846823305
2025-10-19 07:43:17.831986,33.89,81.26,228.11,130.31,53.16189681719356
2025-10-19 07:43:18.831985,42.01,59.26,275.6,78.9,52.95289366591932
2025-10-19 07:43:19.831985,12.49,51.03,234.32,75.48,52.71243970141322
2025-10-19 07:43:20.831984,22.06,30.97,140.09,18.45,51.689587430398824
2025-10-19 07:43:21.831984,19.17,21.05,71.11,10.28,51.25800977877239
2025-10-19 07:43:22.831983,18.43,36.04,63.37,13.08,51.220176232690164
2025-10-19 07:43:23.831983,17.4,64.81,148.5,105.42,52.522181731986244
2025-10-19 07:43:24.831982,22.24,75.61,240.26,131.5,53.247149633340825
2025-10-19 07:43:25.831982,84.13,40.65,115.46,53.03,51.87726124016781
2025-10-19 07:43:26.831982,60.49,71.45,84.15,142.62,52.52796371726279
2025-10-19 07:43:27.831981,10.13,74.32,78.99,95.82,52.04336347129207
2025-10-19 07:43:28.831981,34.46,49.38,282.6,15.62,52.39391244204647
2025-10-19 07:43:29.831980,64.9,76.73,261.74,82.13,52.882647977456934
2025-10-19 07:43:30.831980,91.99,35.67,223.92,39.85,52.336575497926624
2025-10-19 07:43:31.831979,70.11,70.71,126.31,35.49,51.718252485579164
2025-10-19 07:43:32.831979,84.98,21.77,279.07,124.44,53.47078353807638
2025-10-19 07:43:33.831978,15.6,94.88,201.41,54.4,52.26391839583829
2025-10-19 07:43:34.831978,83.41,76.27,173.93,120.54,52.786084807526834
2025-10-19 07:43:35.831977,45.34,50.97,206.1,149.44,53.2770741902963
2025-10-19 07:43:36.831977,25.48,51.12,162.55,134.2,52.89701765386785
2025-10-19 07:43:37.831976,92.96,72.19,283.09,139.53,53.55879194686429
2025-10-19 07:43:38.831976,44.02,67.4,155.66,45.09,51.97295149258953
2025-10-19 07:43:39.831975,55.44,39.3,197.25,25.93,52.05390473517909
2025-10-19 07:43:40.831975,24.3,21.17,86.36,24.43,51.47604585592363
2025-10-19 07:43:41.831974,60.41,26.94,129.65,120.55,52.627478807401914
2025-10-19 07:43:42.831974,62.23,23.59,98.33,74.64,52.02164228009726
2025-10-19 07:43:43.831974,76.47,60.5,170.92,111.96,52.7118756988003
2025-10-19 07:43:44.831973,51.06,22.94,150.22,95.4,52.500378418591964
2025-10-19 07:43:45.831973,86.36,61.89,240.41,125.14,53.20804733468431
2025-10-19 07:43:46.831972,29.5,57.41,177.15,21.01,51.8705369194403
2025-10-19 07:43:47.831972,72.56,49.71,147.76,105.13,52.53919600748868
2025-10-19 07:43:48.831971,19.0,73.35,184.44,19.53,51.87004673590659
2025-10-19 07:43:49.831971,34.57,55.89,116.0,32.13,51.65405882562114
2025-10-19 07:43:50.831970,16.29,61.93,230.17,74.61,52.66471856024643
2025-10-19 07:43:51.831970,67.54,40.06,214.19,86.39,52.727756313639034
2025-10-19 07:43:52.831969,73.3,25.92,184.78,65.97,52.395578639555154
2025-10-19 07:43:53.831969,92.3,43.57,136.15,79.9,52.242924926837176
2025-10-19 07:43:54.831968,23.23,98.83,269.8,55.23,52.63076863071425
2025-10-19 07:43:55.831968,72.56,76.34,288.59,149.82,53.681117540952044
2025-10-19 07:43:56.831968,35.57,60.29,187.09,20.65,51.915578791719334
2025-10-19 07:43:57.831967,52.76,71.69,268.79,129.22,53.38355630253686
2025-10-19 07:43:58.831967,76.35,84.34,255.16,120.16,53.203285048766084
2025-10-19 07:43:59.831966,11.3,85.72,100.5,65.74,51.84936845765963
2025-10-19 07:44:00.831966,53.83,58.49,156.66,51.45,52.053813119769124
2025-10-19 07:44:01.831965,28.32,75.82,145.71,82.09,52.26436593245883
2025-10-19 07:44:02.831965,88.07,68.2,212.54,46.53,52.28922215651553
2025-10-19 07:44:03.831964,74.94,84.78,240.73,136.04,53.279124465490206
2025-10-19 07:44:04.831964,10.83,95.19,207.63,13.14,51.89766017289055
2025-10-19 07:44:05.831963,73.28,54.46,137.58,44.25,51.8886926070172
2025-10-19 07:44:06.831963,90.12,93.62,108.82,135.78,52.55860608721671
2025-10-19 07:44:07.831962,57.51,46.93,205.76,105.4,52.855766473459255
2025-10-19 07:44:08.831962,64.71,75.26,72.18,127.91,52.315834057408594
2025-10-19 07:44:09.831962,47.19,82.48,107.32,125.69,52.470567726277146
2025-10-19 07:44:10.831961,94.96,73.47,193.2,61.93,52.326609545456286
2025-10-19 07:44:11.831961,62.43,37.11,114.67,48.05,51.83046173553592
2025-10-19 07:44:12.831960,68.95,27.62,194.11,29.72,52.092177595692185
2025-10-19 07:44:13.831960,25.36,21.36,137.18,146.1,52.92351457514494
2025-10-19 07:44:14.831959,54.29,36.31,287.01,46.97,52.74116853262645
2025-10-19 07:44:15.831959,33.46,87.63,93.81,56.19,51.718307794718775
2025-10-19 07:44:16.831958,48.84,54.63,243.55,102.9,53.021181861079796
2025-10-19 07:44:17.831958,57.13,51.8,286.71,108.24,53.307645498935074
2025-10-19 07:44:18.831957,43.44,57.7,132.76,19.72,51.62066823964604
2025-10-19 07:44:19.831957,26.85,31.52,130.9,144.2,52.855629286439886
2025-10-19 07:44:20.831956,39.5,23.11,50.34,13.8,51.177941424710916
2025-10-19 07:44:21.831956,57.47,42.66,102.17,115.22,52.404516572169555
2025-10-19 07:44:22.831955,75.98,81.9,68.76,49.29,51.52689831096227
2025-10-19 07:44:23.831954,81.36,47.0,205.16,124.61,53.03820799823434
2025-10-19 07:44:24.831954,25.65,77.35,140.56,123.1,52.63102175073048
2025-10-19 07:44:25.831953,45.88,80.17,159.83,40.41,51.929854681309195
2025-10-19 07:44:26.831953,27.08,70.89,117.19,106.32,52.35419227799762
2025-10-19 07:44:27.831952,58.95,35.66,63.18,106.23,52.12048968777797
2025-10-19 07:44:28.831952,53.86,50.95,51.71,142.46,52.385531446564926
2025-10-19 07:44:29.831951,39.44,82.5,146.98,124.72,52.672847910109176
2025-10-19 07:44:30.831951,59.83,98.63,77.41,121.5,52.24498157231352
2025-10-19 07:44:31.831950,86.09,77.41,180.64,32.81,51.9717861443595
2025-10-19 07:44:32.831950,67.96,74.4,220.82,134.43,53.173622435499865
2025-10-19 07:44:33.831949,88.34,48.96,260.6,129.67,53.37997072625916
2025-10-19 07:44:34.831949,82.3,84.15,67.38,36.44,51.39173549354887
2025-10-19 07:44:35.831948,67.66,59.08,89.97,113.81,52.299916895828105
2025-10-19 07:44:36.831948,70.5,20.63,117.5,57.3,51.9609522529185
2025-10-19 07:44:37.831947,65.29,88.36,147.89,84.08,52.27550590760348
2025-10-19 07:44:38.831947,82.34,55.06,255.76,147.08,53.512883614505085
2025-10-19 07:44:39.831947,67.6,36.17,204.38,97.32,52.78720651730294
2025-10-19 07:44:40.831946,48.05,61.35,207.42,58.19,52.38542402493685
2025-10-19 07:44:41.831946,69.67,36.14,276.09,103.85,53.23315962263726
2025-10-19 07:44:42.831945,38.34,86.31,83.4,108.4,52.169673914331334
2025-10-19 07:44:43.831945,15.84,21.34,209.19,140.43,53.25308329986712
2025-10-19 07:44:44.831944,81.38,38.87,61.2,121.2,52.249623311093025
2025-10-19 07:44:45.831944,79.26,86.64,218.46,34.95,52.17982060028474
2025-10-19 07:44:46.831943,79.8,86.38,288.24,52.87,52.72597157854178
2025-10-19 07:44:47.831943,42.53,92.27,224.75,55.82,52.406338401578374
2025-10-19 07:44:48.831942,24.97,52.0,210.9,41.81,52.26032739051856
2025-10-19 07:44:49.831942,30.73,67.5,222.47,106.56,52.92379697510945
2025-10-19 07:44:50.831941,33.37,63.21,200.48,35.52,52.12624162354405
2025-10-19 07:44:51.831941,27.24,73.47,261.88,31.44,52.39837128013475
2025-10-19 07:44:52.831940,46.08,43.54,252.24,89.1,52.95158099761284
2025-10-19 07:44:53.831940,14.78,83.29,76.05,88.42,51.941995903773915
2025-10-19 07:44:54.831939,23.81,54.62,93.94,98.95,52.18443643938805
2025-10-19 07:44:55.831939,52.74,36.54,205.25,64.38,52.47274904534724
2025-10-19 07:44:56.831938,71.02,20.2,167.69,89.64,52.542242832748634
2025-10-19 07:44:57.831938,52.53,88.88,227.87,124.4,53.09147369527215
2025-10-19 07:44:58.831937,74.98,90.5,69.09,120.29,52.20166914492418
2025-10-19 07:44:59.831937,32.3,44.84,203.58,51.01,52.32148700547277
2025-10-19 07:45:00.831937,87.86,96.12,167.95,127.94,52.794476051998856
2025-10-19 07:45:01.831936,53.29,30.82,171.11,106.57,52.70748851726985
2025-10-19 07:45:02.831936,41.94,43.22,188.79,59.1,52.32332073154125
2025-10-19 07:45:03.831935,23.09,70.43,108.29,57.31,51.833500880737795
2025-10-19 07:45:04.831935,67.98,58.84,287.13,85.41,53.0780474201133
2025-10-19 07:45:05.831934,31.18,62.04,122.32,90.76,52.24504486351553
2025-10-19 07:45:06.831934,32.49,23.53,128.97,87.07,52.305476311664165
2025-10-19 07:45:07.831933,77.83,29.29,189.21,33.0,52.095110928554874
2025-10-19 07:45:08.831933,62.17,84.39,103.95,86.34,52.06907199342376
2025-10-19 07:45:09.831932,92.45,41.94,51.59,111.89,52.10347151476802
2025-10-19 07:45:10.831932,54.65,67.29,72.6,50.69,51.58392947483461
2025-10-19 07:45:11.831931,34.36,46.92,128.65,143.19,52.80961264863627
2025-10-19 07:45:12.831931,13.66,81.13,294.25,75.27,52.982915225571254
2025-10-19 07:45:13.831930,82.65,62.05,203.77,117.2,52.935446794459395
2025-10-19 07:45:14.831930,22.43,72.99,216.32,47.39,52.31017463267527
2025-10-19 07:45:15.831929,44.14,32.34,85.55,144.3,52.613243045482086
2025-10-19 07:45:16.831929,12.25,52.78,67.63,42.78,51.50375392826917
2025-10-19 07:45:17.831929,66.42,35.2,194.71,13.03,51.9220620547548
2025-10-19 07:45:18.831928,42.22,79.55,265.9,12.06,52.222860195572316
2025-10-19 07:45:19.831928,13.57,96.74,179.69,104.06,52.625252513198184
2025-10-19 07:45:20.831927,79.08,30.44,223.34,63.08,52.56633836654951
2025-10-19 07:45:21.831927,76.34,86.4,51.24,55.26,51.484027294643035
2025-10-19 07:45:22.831926,30.28,65.29,67.57,60.34,51.653541499387
2025-10-19 07:45:23.831926,17.1,82.45,156.46,68.53,52.18018896635798
2025-10-19 07:45:24.831925,90.07,83.19,100.68,97.19,52.15842263423729
2025-10-19 07:45:25.831925,30.83,44.23,279.87,36.72,52.5914770455141
2025-10-19 07:45:26.831924,13.86,27.43,194.65,79.64,52.578068767215974
2025-10-19 07:45:27.831924,71.44,55.95,200.5,31.89,52.10267517825201
2025-10-19 07:45:28.831923,93.0,82.77,207.18,73.44,52.49788899341954
2025-10-19 07:45:29.831923,45.15,45.11,52.56,42.67,51.43432492093335
2025-10-19 07:45:30.831922,48.72,62.39,221.46,36.74,52.25131326785394
2025-10-19 07:45:31.831922,71.72,98.08,54.9,96.08,51.87989384993374
2025-10-19 07:45:32.831921,68.42,58.7,103.39,83.55,52.07954219877271
2025-10-19 07:45:33.831921,79.24,51.66,287.21,125.19,53.474435545948914
2025-10-19 07:45:34.831920,93.74,36.28,263.99,32.89,52.48219411764134
2025-10-19 07:45:35.831920,45.49,86.44,209.66,132.48,53.07624668905624
2025-10-19 07:45:36.831919,26.6,67.27,103.64,61.88,51.85784521747439
2025-10-19 07:45:37.831919,29.17,95.09,209.12,58.91,52.34835132999496
2025-10-19 07:45:38.831919,46.23,77.66,280.38,104.11,53.1932171925858
2025-10-19 07:45:39.831918,41.58,89.83,223.64,72.76,52.5680584769652
2025-10-19 07:45:40.831918,86.9,74.96,240.88,69.66,52.6535099207997
2025-10-19 07:45:41.831917,71.85,84.89,72.31,48.96,51.53794953598114
2025-10-19 07:45:42.831917,20.44,44.45,103.32,112.42,52.38076223228092
2025-10-19 07:45:43.831916,52.47,76.39,103.75,20.92,51.4480073576301
2025-10-19 07:45:44.831916,26.11,44.89,133.16,47.91,51.915554946011405
2025-10-19 07:45:45.831915,22.53,26.18,188.43,12.56,51.898194904469925
2025-10-19 07:45:46.831915,82.32,43.86,147.21,120.48,52.69389794965565
2025-10-19 07:45:47.831914,84.13,37.67,135.57,136.94,52.800673852687176
2025-10-19 07:45:48.831914,25.73,27.71,76.41,139.15,52.5219460388603
2025-10-19 07:45:49.831913,31.05,84.06,123.46,102.69,52.331828059240635
2025-10-19 07:45:50.831913,59.06,98.26,162.71,61.18,52.117591309511674
2025-10-19 07:45:51.831912,55.94,92.15,160.72,22.6,51.743531158230645
2025-10-19 07:45:52.831912,36.08,85.17,145.4,31.53,51.7590954232736
2025-10-19 07:45:53.831911,39.65,39.94,57.62,69.9,51.73277636523544
2025-10-19 07:45:54.831911,91.43,92.96,190.95,124.09,52.88498784644567
2025-10-19 07:45:55.831910,69.13,77.96,259.14,61.38,52.666188401317626
2025-10-19 07:45:56.831910,86.03,47.7,186.5,142.27,53.10827190164108
2025-10-19 07:45:57.831909,72.23,50.4,232.95,57.32,52.530517629063795
2025-10-19 07:45:58.831909,43.26,27.58,156.0,72.85,52.30587540579306
2025-10-19 07:45:59.831908,12.74,49.0,271.69,129.03,53.4329137274933
2025-10-19 07:46:00.831908,89.18,67.94,283.06,12.6,52.33795077148987
2025-10-19 07:46:01.831908,42.41,98.87,97.6,95.29,52.09892900511488
2025-10-19 07:46:02.831907,37.06,47.87,194.16,68.6,52.43652636304502
2025-10-19 07:46:03.831907,42.54,68.0,205.55,130.04,53.05974066480254
2025-10-19 07:46:04.831906,62.46,91.29,71.9,59.35,51.62615493869062
2025-10-19 07:46:05.831906,72.86,95.0,102.91,143.59,52.60040846128827
2025-10-19 07:46:06.831905,28.91,72.09,204.08,138.05,53.12291043421823
2025-10-19 07:46:07.831904,18.44,47.84,126.03,118.27,52.55321176811047
2025-10-19 07:46:08.831904,60.74,24.91,268.41,99.87,53.17135790794435
2025-10-19 07:46:09.831904,47.73,56.17,185.57,67.83,52.37016557973014
2025-10-19 07:46:10.831903,71.0,57.52,253.76,47.6,52.536397662943166
2025-10-19 07:46:11.831903,43.03,88.67,155.81,135.55,52.81498989654705
2025-10-19 07:46:12.831902,89.89,82.35,70.02,60.9,51.64518025517624
2025-10-19 07:46:13.831902,26.4,63.66,151.8,64.97,52.15046812896477
2025-10-19 07:46:14.831901,44.94,76.56,151.66,52.11,52.005063538762364
2025-10-19 07:46:15.831901,40.08,80.36,298.18,71.53,52.968939668350714
2025-10-19 07:46:16.831900,24.54,53.98,256.18,116.27,53.218902980238866
2025-10-19 07:46:17.831900,55.72,76.63,175.37,147.64,53.05525233372332
2025-10-19 07:46:18.831899,37.97,50.51,230.89,134.59,53.26652407685887
2025-10-19 07:46:19.831899,74.51,86.17,124.82,136.75,52.665114845460764
2025-10-19 07:46:20.831898,12.73,81.37,282.72,95.68,53.11835223362716
2025-10-19 07:46:21.831898,17.03,66.11,150.49,137.97,52.8455050319366
2025-10-19 07:46:22.831897,50.24,48.58,129.41,41.92,51.8318091602736
2025-10-19 07:46:23.831897,79.92,68.86,283.27,120.4,53.38001362506912
2025-10-19 07:46:24.831897,80.67,48.02,123.37,130.89,52.66076148040145
2025-10-19 07:46:25.831896,31.37,42.33,287.42,137.25,53.60685863586388
2025-10-19 07:46:26.831896,76.52,33.71,212.3,19.24,52.07834532111316
2025-10-19 07:46:27.831895,85.78,52.48,235.45,114.26,53.09117853643334
2025-10-19 07:46:28.831895,29.44,32.26,175.25,75.68,52.4286237346932
2025-10-19 07:46:29.831894,67.02,78.52,226.51,25.24,52.14167761243421
2025-10-19 07:46:30.831894,81.49,52.6,243.69,29.89,52.319142103509336
2025-10-19 07:46:31.831893,14.88,68.61,290.49,81.12,53.03912046841079
2025-10-19 07:46:32.831893,84.79,23.16,93.48,17.08,51.439845496461736
2025-10-19 07:46:33.831892,18.27,60.44,179.38,114.78,52.78439513114745
2025-10-19 07:46:34.831892,74.19,46.29,100.79,110.2,52.34289504005743
2025-10-19 07:46:35.831891,30.42,82.37,68.95,119.67,52.20772380681264
2025-10-19 07:46:36.831891,51.6,68.97,197.46,104.3,52.76613500294497
2025-10-19 07:46:37.831890,72.6,73.64,62.39,105.69,52.0512684372991
2025-10-19 07:46:38.831890,40.54,85.21,213.11,132.16,53.09350338852819
2025-10-19 07:46:39.831889,51.13,25.72,216.37,59.74,52.50426782534232
2025-10-19 07:46:40.831889,35.39,26.77,262.68,77.06,52.917280311004404
2025-10-19 07:46:41.831888,54.33,73.52,289.21,12.19,52.358029494625974
2025-10-19 07:46:42.831888,84.41,51.67,241.74,64.47,52.644574640782565
2025-10-19 07:46:43.831887,12.66,68.37,131.59,65.54,52.04069207727674
2025-10-19 07:46:44.831887,65.84,66.72,292.21,131.64,53.53978777421318
2025-10-19 07:46:45.831886,50.34,96.46,227.77,146.34,53.29116102818146
2025-10-19 07:46:46.831886,49.28,36.46,128.79,75.62,52.173445223778465
2025-10-19 07:46:47.831885,17.43,55.57,243.23,101.42,53.00368308726764
2025-10-19 07:46:48.831885,89.97,64.2,122.22,29.53,51.64903742390691
2025-10-19 07:46:49.831884,24.79,60.74,106.1,100.72,52.256824325572325
2025-10-19 07:46:50.831884,68.68,27.12,52.02,104.19,52.054637873390135
2025-10-19 07:46:51.831883,26.97,49.54,156.32,106.39,52.597337671543436
2025-10-19 07:46:52.831883,72.39,41.59,64.68,79.76,51.863205894016524
2025-10-19 07:46:53.831882,91.52,32.41,173.25,63.74,52.302256501247015
2025-10-19 07:46:54.831882,82.67,22.27,201.41,24.72,52.09121534773245
2025-10-19 07:46:55.831882,76.7,56.81,113.69,36.89,51.686308328415144
2025-10-19 07:46:56.831881,77.76,98.6,221.02,146.38,53.252150176737445
2025-10-19 07:46:57.831881,36.71,49.54,136.94,103.94,52.47020330984815
2025-10-19 07:46:58.831880,18.08,60.26,137.61,29.07,51.73293763276349
2025-10-19 07:46:59.831880,43.47,54.79,74.35,132.6,52.4049885529017
2025-10-19 07:47:00.831879,67.61,80.38,294.74,21.44,52.466193055919405
2025-10-19 07:47:01.831879,88.0,43.99,59.94,134.17,52.36025425054186
2025-10-19 07:47:02.831878,85.11,67.77,77.1,119.02,52.26792168922491
2025-10-19 07:47:03.831878,12.61,92.56,96.55,129.13,52.430478330065604
2025-10-19 07:47:04.831877,12.96,25.31,174.01,115.63,52.819247970133546
2025-10-19 07:47:05.831877,49.25,94.86,146.75,140.34,52.80320503623941
2025-10-19 07:47:06.831876,91.26,64.17,256.77,91.19,52.96349725550049
2025-10-19 07:47:07.831876,61.54,98.47,202.02,104.95,52.750325137557745
2025-10-19 07:47:08.831875,15.99,95.98,267.53,69.77,52.76373519599841
2025-10-19 07:47:09.831875,79.87,24.96,111.41,146.22,52.78145704251892
2025-10-19 07:47:10.831874,32.82,84.76,253.67,83.99,52.84491899328497
2025-10-19 07:47:11.831874,30.41,42.38,152.47,142.53,52.93751976012432
2025-10-19 07:47:12.831873,23.57,89.71,51.53,84.59,51.76397639534828
2025-10-19 07:47:13.831873,62.45,77.38,197.44,86.65,52.58212076647463
2025-10-19 07:47:14.831873,51.48,82.5,118.4,91.56,52.199651690143504
2025-10-19 07:47:15.831872,19.43,30.76,123.81,65.55,52.058462331515805
2025-10-19 07:47:16.831872,67.6,48.78,217.68,115.16,53.01085520735535
2025-10-19 07:47:17.831871,92.61,52.97,289.16,25.04,52.51436481102592
2025-10-19 07:47:18.831871,45.1,89.78,152.38,95.96,52.41211243442733
2025-10-19 07:47:19.831870,41.84,49.04,89.2,77.74,51.962825607434425
2025-10-19 07:47:20.831870,13.62,53.89,170.18,136.99,52.96036214951202
2025-10-19 07:47:21.831869,37.08,80.11,201.11,35.6,52.103776264254094
2025-10-19 07:47:22.831869,38.8,47.92,161.62,124.88,52.806969342865735
2025-10-19 07:47:23.831868,94.48,29.6,136.55,28.71,51.77205939258165
2025-10-19 07:47:24.831868,38.53,29.4,178.78,139.4,53.068118631524236
2025-10-19 07:47:25.831867,39.87,83.63,180.31,135.08,52.949150878616656
2025-10-19 07:47:26.831867,68.18,56.49,187.0,66.0,52.35959923054497
2025-10-19 07:47:27.831866,67.53,39.96,160.16,36.72,51.95922808052594
2025-10-19 07:47:28.831866,27.67,73.44,234.02,119.68,53.10296294385635
2025-10-19 07:47:29.831865,83.32,23.0,189.1,79.46,52.553677359658366
2025-10-19 07:47:30.831865,43.65,89.05,250.54,66.99,52.657075082052515
2025-10-19 07:47:31.831864,39.83,35.78,267.49,49.18,52.65918180022018
2025-10-19 07:47:32.831864,56.71,93.88,118.65,133.74,52.590939820821944
2025-10-19 07:47:33.831863,75.18,89.33,58.5,13.1,51.11049348545632
2025-10-19 07:47:34.831863,27.91,73.83,101.75,125.82,52.45570970530785
2025-10-19 07:47:35.831862,13.21,72.34,231.38,25.08,52.17585253150458
2025-10-19 07:47:36.831862,87.92,70.33,260.69,81.69,52.882862789116565
2025-10-19 07:47:37.831861,10.36,89.84,214.17,22.87,52.03507550249972
2025-10-19 07:47:38.831861,94.98,46.27,242.1,100.6,53.00436119410675
2025-10-19 07:47:39.831860,48.42,33.26,89.69,44.32,51.66711949408484
2025-10-19 07:47:40.831860,47.88,31.13,224.46,38.7,52.3354839554854
2025-10-19 07:47:41.831859,55.1,45.64,51.64,141.75,52.38665061833721
2025-10-19 07:47:42.831859,14.78,95.44,280.38,38.46,52.53041673762348
2025-10-19 07:47:43.831858,17.9,85.71,247.0,50.93,52.48814231602121
2025-10-19 07:47:44.831858,23.47,44.89,156.44,39.39,51.95742990181148
2025-10-19 07:47:45.831857,73.86,55.67,219.99,32.84,52.216332918765936
2025-10-19 07:47:46.831857,29.95,44.5,60.67,88.88,51.92540875337511
2025-10-19 07:47:47.831856,35.33,46.56,225.03,82.64,52.73912379582654
2025-10-19 07:47:48.831856,79.75,58.25,293.62,149.19,53.730348822742066
2025-10-19 07:47:49.831855,89.45,21.87,181.01,82.22,52.53896273325056
2025-10-19 07:47:50.831855,84.73,20.23,295.94,78.54,53.11941606031201
2025-10-19 07:47:51.831855,63.1,72.11,186.05,53.04,52.20462272683586
2025-10-19 07:47:52.831854,39.38,59.56,256.15,59.82,52.66410689059312
2025-10-19 07:47:53.831854,31.01,51.73,264.74,73.4,52.85359629670783
2025-10-19 07:47:54.831853,79.35,40.8,254.11,43.18,52.52184423504197
2025-10-19 07:47:55.831853,52.16,38.54,52.02,141.86,52.40091843140752
2025-10-19 07:47:56.831852,74.56,31.05,94.47,119.08,52.41901643606713
2025-10-19 07:47:57.831852,59.16,47.03,95.21,109.43,52.30450049746324
2025-10-19 07:47:58.831851,83.05,21.43,219.46,73.44,52.659988329995834
2025-10-19 07:47:59.831851,13.6,36.74,254.39,62.66,52.718094580099056
2025-10-19 07:48:00.831850,88.96,62.2,77.77,37.01,51.48725606579792
2025-10-19 07:48:01.831850,26.25,82.61,133.86,77.27,52.14381909002837
2025-10-19 07:48:02.831849,23.87,74.38,179.41,81.51,52.440903016860446
2025-10-19 07:48:03.831849,44.8,27.5,93.15,113.69,52.365439153584994
2025-10-19 07:48:04.831849,93.15,58.42,289.23,24.45,52.50045470365438
2025-10-19 07:48:05.831848,14.13,64.78,269.71,10.92,52.25542212613408
2025-10-19 07:48:06.831848,47.13,95.19,206.22,113.46,52.86019506114966
2025-10-19 07:48:07.831847,10.88,77.04,221.55,87.73,52.72178995541182
2025-10-19 07:48:08.831847,30.39,88.69,173.53,138.42,52.937293536268875
2025-10-19 07:48:09.831846,80.85,95.97,245.29,127.11,53.19950027253766
2025-10-19 07:48:10.831846,61.47,66.29,259.01,61.61,52.686087837052604
2025-10-19 07:48:11.831845,41.93,77.12,249.07,56.44,52.56599231311862
2025-10-19 07:48:12.831845,93.94,35.65,243.77,20.49,52.25535460333598
2025-10-19 07:48:13.831844,65.51,68.18,141.13,99.76,52.42280833932109
2025-10-19 07:48:14.831844,22.53,70.79,82.54,21.08,51.345157673741575
2025-10-19 07:48:15.831843,93.41,65.39,157.08,75.26,52.275428670573056
2025-10-19 07:48:16.831843,84.64,39.18,280.44,60.32,52.83067265839427
2025-10-19 07:48:17.831842,88.02,31.13,111.18,125.98,52.57480336177941
2025-10-19 07:48:18.831842,67.17,66.12,92.61,56.35,51.747307840119845
2025-10-19 07:48:19.831842,18.41,80.71,162.32,75.21,52.278799844511305
2025-10-19 07:48:20.831841,12.7,92.41,289.3,102.13,53.198465681034165
2025-10-19 07:48:21.831841,26.75,80.62,171.62,33.08,51.921198601672884
2025-10-19 07:48:22.831840,64.17,81.67,192.72,115.76,52.83165832750697
2025-10-19 07:48:23.831840,11.58,62.71,225.94,120.2,53.08175263831274
2025-10-19 07:48:24.831839,46.28,72.57,231.41,16.06,52.088430231911246
2025-10-19 07:48:25.831839,38.66,93.33,91.68,127.66,52.38905753109026
2025-10-19 07:48:26.831838,31.5,36.07,104.27,129.44,52.563601372286115
2025-10-19 07:48:27.831838,77.89,29.87,81.54,75.54,51.930840707356225
2025-10-19 07:48:28.831837,66.97,49.48,215.9,136.93,53.210760991689135
2025-10-19 07:48:29.831837,36.56,20.35,259.49,97.09,53.10404211058448
2025-10-19 07:48:30.831836,59.45,34.9,86.92,128.85,52.46712967547608
2025-10-19 07:48:31.831836,64.24,25.18,288.09,130.44,53.57157959937523
2025-10-19 07:48:32.831835,82.14,57.55,221.99,147.93,53.33693093915982
2025-10-19 07:48:33.831835,69.3,22.6,163.98,19.12,51.836757492942326
2025-10-19 07:48:34.831835,51.64,56.64,56.96,39.19,51.40601120684478
2025-10-19 07:48:35.831834,49.24,86.59,92.24,56.16,51.71127461730435
2025-10-19 07:48:36.831834,48.32,67.36,288.24,85.89,53.075202642122285
2025-10-19 07:48:37.831833,48.48,61.07,118.13,23.2,51.57092425494438
2025-10-19 07:48:38.831833,24.7,29.88,181.97,33.38,52.05921211136287
2025-10-19 07:48:39.831832,86.94,36.53,196.08,65.5,52.43464855239906
2025-10-19 07:48:40.831832,20.11,31.32,82.63,57.59,51.760805837124416
2025-10-19 07:48:41.831831,45.12,52.79,159.71,53.53,52.09917801766514
2025-10-19 07:48:42.831831,44.48,85.06,221.28,83.24,52.66430800593636
2025-10-19 07:48:43.831830,33.28,97.86,233.82,44.19,52.333493663428925
2025-10-19 07:48:44.831830,32.84,65.31,142.26,137.59,52.799160939976325
2025-10-19 07:48:45.831829,73.68,63.88,204.63,73.44,52.5140120199497
2025-10-19 07:48:46.831829,11.08,98.12,266.8,68.99,52.74892787726673
2025-10-19 07:48:47.831829,50.42,26.36,276.22,55.89,52.78549062542325
2025-10-19 07:48:48.831828,64.29,54.67,110.16,110.0,52.377784255279494
2025-10-19 07:48:49.831828,47.36,25.7,174.05,81.79,52.491626066387965
2025-10-19 07:48:50.831827,68.29,91.02,197.9,86.61,52.56271908956923
2025-10-19 07:48:51.831827,20.99,38.96,64.36,50.6,51.58367014477786
2025-10-19 07:48:52.831826,40.46,21.38,284.27,142.87,53.677365167655566
2025-10-19 07:48:53.831826,42.12,27.96,111.51,105.35,52.3820693374355
2025-10-19 07:48:54.831825,34.67,42.55,109.19,13.77,51.46117232981494
2025-10-19 07:48:55.831825,86.19,84.21,68.95,84.27,51.86252132644004
2025-10-19 07:48:56.831824,31.75,41.22,230.42,13.49,52.10764176659793
2025-10-19 07:48:57.831824,47.8,84.54,288.59,35.89,52.56654508829044
2025-10-19 07:48:58.831823,72.96,46.96,283.09,71.35,52.93922765421472
2025-10-19 07:48:59.831823,90.23,20.78,57.86,100.79,52.06291244345138
2025-10-19 07:49:00.831822,92.36,91.72,105.74,52.76,51.74238110010622
2025-10-19 07:49:01.831822,82.27,54.38,249.91,135.5,53.370753976159044
2025-10-19 07:49:02.831822,81.9,51.9,279.27,137.75,53.55312783678071
2025-10-19 07:49:03.831821,48.22,70.82,152.58,111.23,52.59067999827178
2025-10-19 07:49:04.831821,12.23,97.84,99.75,69.53,51.862935621591646
2025-10-19 07:49:05.831820,88.8,88.73,63.23,31.58,51.31538045545088
2025-10-19 07:49:06.831820,14.22,22.35,240.54,13.69,52.1932952844537
2025-10-19 07:49:07.831819,57.47,35.71,245.55,40.87,52.46182898849851
2025-10-19 07:49:08.831819,44.08,55.64,58.88,131.43,52.309763627524774
2025-10-19 07:49:09.831818,48.5,85.7,226.06,106.63,52.91498808536719
2025-10-19 07:49:10.831818,19.75,47.07,121.68,107.55,52.42754618546671
2025-10-19 07:49:11.831817,63.02,78.17,62.36,13.52,51.15272461393354
2025-10-19 07:49:12.831817,47.88,36.6,177.24,142.06,53.07428671408571
2025-10-19 07:49:13.831816,22.52,36.17,51.73,57.14,51.58388686648537
2025-10-19 07:49:14.831816,66.17,73.64,250.36,116.61,53.160179472907714
2025-10-19 07:49:15.831815,15.59,46.64,83.83,46.79,51.638663982280754
2025-10-19 07:49:16.831815,74.98,26.42,210.99,78.32,52.65411182859734
2025-10-19 07:49:17.831814,51.66,86.11,72.75,35.89,51.41199520099997
2025-10-19 07:49:18.831814,41.01,58.26,162.53,124.07,52.7877183710686
2025-10-19 07:49:19.831813,11.71,57.04,65.62,39.29,51.452572606976844
2025-10-19 07:49:20.831813,86.66,26.89,248.31,32.37,52.40825196689646
2025-10-19 07:49:21.831813,22.68,72.28,195.61,85.93,52.573418422592404
2025-10-19 07:49:22.831812,38.65,70.23,262.74,147.55,53.530806637421186
2025-10-19 07:49:23.831812,59.45,75.2,231.42,56.77,52.477995961189414
2025-10-19 07:49:24.831811,41.81,32.74,165.03,121.08,52.812320264771415
2025-10-19 07:49:25.831811,87.41,73.83,99.71,133.4,52.51811697166484
2025-10-19 07:49:26.831810,14.32,43.65,241.54,28.15,52.30492879095848
2025-10-19 07:49:27.831810,58.31,89.33,171.4,55.34,52.121561019442154
2025-10-19 07:49:28.831809,86.47,47.92,281.23,125.51,53.45149767885579
2025-10-19 07:49:29.831809,16.47,53.73,147.07,132.2,52.79094317886948
2025-10-19 07:49:30.831808,89.48,62.08,168.61,121.87,52.792885104647645
2025-10-19 07:49:31.831808,92.56,25.37,159.28,35.82,51.96879381633982
2025-10-19 07:49:32.831807,69.05,76.02,205.04,139.74,53.138190251370844
2025-10-19 07:49:33.831807,53.5,91.6,232.36,83.79,52.718473129256274
2025-10-19 07:49:34.831807,23.94,78.57,251.26,100.88,53.00511937253749
2025-10-19 07:49:35.831806,20.76,69.87,180.62,10.66,51.76936470079441
2025-10-19 07:49:36.831806,29.09,64.06,268.1,56.4,52.687738280128755
2025-10-19 07:49:37.831805,69.27,39.2,124.64,140.05,52.76999767488757
2025-10-19 07:49:38.831805,71.82,60.36,64.62,147.94,52.49261837003923
2025-10-19 07:49:39.831804,42.43,75.14,108.17,59.93,51.8507810562815
2025-10-19 07:49:40.831804,64.61,21.54,51.54,22.03,51.26639924181775
2025-10-19 07:49:41.831803,48.18,75.21,55.88,89.25,51.85507972828217
2025-10-19 07:49:42.831803,79.61,21.68,56.36,122.97,52.26796252102856
2025-10-19 07:49:43.831802,44.85,61.08,100.77,19.48,51.442275730938434
2025-10-19 07:49:44.831802,77.44,50.77,113.36,90.98,52.21708651861162
2025-10-19 07:49:45.831801,78.97,87.71,169.91,127.22,52.811213551919224
2025-10-19 07:49:46.831801,67.04,27.36,297.81,124.04,53.558144244377004
2025-10-19 07:49:47.831800,28.42,61.58,84.04,17.51,51.33314055353923
2025-10-19 07:49:48.831800,46.38,93.78,284.9,97.48,53.1278596001729
2025-10-19 07:49:49.831799,92.09,50.37,96.42,25.77,51.496737360287085
2025-10-19 07:49:50.831799,48.69,73.07,90.9,111.57,52.26119972610342
2025-10-19 07:49:51.831799,79.63,95.26,80.91,85.61,51.921923598547735
2025-10-19 07:49:52.831798,49.49,62.05,274.64,14.37,52.31939428659768
2025-10-19 07:49:53.831798,46.66,54.66,159.62,12.6,51.699974669261955
2025-10-19 07:49:54.831797,34.89,21.3,61.52,15.5,51.25690385017154
2025-10-19 07:49:55.831797,55.83,51.68,294.33,76.89,53.04536323256475
2025-10-19 07:49:56.831796,44.07,68.02,74.21,73.46,51.81155234129561
2025-10-19 07:49:57.831796,43.33,98.04,206.53,79.52,52.529175163262856
2025-10-19 07:49:58.831795,19.56,54.42,222.34,143.99,53.30562744472153
2025-10-19 07:49:59.831795,10.76,76.12,138.13,52.06,51.933054223695514
2025-10-19 07:50:00.831794,73.22,28.5,268.1,57.49,52.754251872250464
2025-10-19 07:50:01.831794,57.36,47.66,70.45,96.91,52.05028436873316
2025-10-19 07:50:02.831792,65.74,54.99,58.93,123.21,52.231568989237545
2025-10-19 07:50:03.831792,87.07,56.86,270.2,35.76,52.5106986725878
2025-10-19 07:50:04.831791,82.39,87.94,95.99,95.61,52.11063418116377
2025-10-19 07:50:05.831791,12.93,56.25,256.53,102.85,53.087431107858436
2025-10-19 07:50:06.831790,61.25,57.54,58.99,103.42,52.0365126828996
2025-10-19 07:50:07.831790,57.12,72.46,237.31,133.8,53.258602092591616
2025-10-19 07:50:08.831789,15.04,54.24,96.88,23.26,51.46883019495488
2025-10-19 07:50:09.831789,88.63,81.61,290.44,57.37,52.78873618880834
2025-10-19 07:50:10.831788,39.75,48.33,183.32,62.18,52.31586289562018
2025-10-19 07:50:11.831788,39.68,68.43,82.99,98.95,52.104251359722596
2025-10-19 07:50:12.831787,79.69,49.56,147.4,13.85,51.654863374293484
2025-10-19 07:50:13.831787,32.13,39.87,251.88,35.16,52.43385442309729
2025-10-19 07:50:14.831786,11.64,81.07,96.16,53.58,51.71593929300494
2025-10-19 07:50:15.831786,75.62,22.11,125.07,47.27,51.90204190111312
2025-10-19 07:50:16.831785,93.99,93.19,76.2,29.88,51.36115103852764
2025-10-19 07:50:17.831785,63.21,41.51,263.91,147.83,53.58496626506619
2025-10-19 07:50:18.831784,26.3,52.45,103.1,27.41,51.54497707353513
2025-10-19 07:50:19.831784,23.08,43.47,174.26,18.01,51.848044535746
2025-10-19 07:50:20.831783,93.63,95.82,53.96,127.44,52.18167459046507
2025-10-19 07:50:21.831783,49.63,34.41,256.77,84.14,52.94217019831214
2025-10-19 07:50:22.831782,20.33,97.12,249.32,12.26,52.10863959944604
2025-10-19 07:50:23.831782,92.46,92.21,101.97,147.86,52.64107218043959
2025-10-19 07:50:24.831781,26.3,79.37,260.86,51.83,52.58080441512273
2025-10-19 07:50:25.831781,79.42,72.76,242.32,114.94,53.10250158942733
2025-10-19 07:50:26.831780,55.94,79.8,195.8,99.9,52.69768087342618
2025-10-19 07:50:27.831780,77.9,70.3,277.81,77.9,52.93764256022311
2025-10-19 07:50:28.831779,24.95,76.31,182.22,20.63,51.86417455961815
2025-10-19 07:50:29.831779,60.52,49.06,128.22,103.65,52.42161033893742
2025-10-19 07:50:30.831779,20.48,98.77,192.51,35.52,52.02772688914441
2025-10-19 07:50:31.831778,51.1,96.42,269.74,144.87,53.501030796335655
2025-10-19 07:50:32.831778,77.14,82.46,246.26,104.8,53.010213108763416
2025-10-19 07:50:33.831777,78.53,30.55,240.13,81.18,52.83080535096413
2025-10-19 07:50:34.831777,66.88,44.79,258.41,82.5,52.91872692584474
2025-10-19 07:50:35.831776,12.63,21.03,125.81,54.84,51.98089112808974
2025-10-19 07:50:36.831776,17.22,87.51,92.01,21.02,51.36880672787165
2025-10-19 07:50:37.831775,24.54,57.19,65.66,18.43,51.250840753622825
2025-10-19 07:50:38.831775,68.11,86.84,128.37,36.69,51.7154620221532
2025-10-19 07:50:39.831774,93.0,62.86,211.42,147.61,53.26905940304388
2025-10-19 07:50:40.831774,30.12,77.28,122.62,39.5,51.726990327781074
2025-10-19 07:50:41.831773,38.13,79.7,204.8,71.55,52.471742084789696
2025-10-19 07:50:42.831773,82.55,72.78,252.66,88.29,52.89996479937405
2025-10-19 07:50:43.831772,37.66,42.0,194.35,102.98,52.779223408014126
2025-10-19 07:50:44.831772,16.13,54.65,176.07,120.01,52.8264136842816
2025-10-19 07:50:45.831771,92.01,50.45,105.92,20.13,51.492782199664425
2025-10-19 07:50:46.831771,58.15,95.96,252.63,58.26,52.57293781092463
2025-10-19 07:50:47.831770,24.55,25.32,182.01,113.52,52.841530441155385
2025-10-19 07:50:48.831770,88.44,37.7,223.99,16.83,52.11115805663625
2025-10-19 07:50:49.831769,31.78,73.6,107.26,85.44,52.09502105054191
2025-10-19 07:50:50.831769,87.52,98.22,85.33,62.7,51.71932472487802
2025-10-19 07:50:51.831768,22.44,39.03,229.03,143.89,53.36459418252496
2025-10-19 07:50:52.831768,37.77,98.4,112.34,34.68,51.592267284834236
2025-10-19 07:50:53.831767,21.65,51.08,121.11,26.38,51.63330487803031
2025-10-19 07:50:54.831767,53.77,74.61,190.12,68.85,52.37528924356265
2025-10-19 07:50:55.831766,10.44,54.25,57.5,92.31,51.92630824927454
2025-10-19 07:50:56.831765,32.3,52.16,115.45,14.76,51.48903225707408
2025-10-19 07:50:57.831765,66.54,77.63,286.74,117.31,53.3548514774773
2025-10-19 07:50:58.831764,31.01,23.99,66.73,14.34,51.26926197120712
2025-10-19 07:50:59.831763,46.91,21.38,117.52,12.28,51.52455005857628
2025-10-19 07:51:00.831763,64.6,76.45,103.54,45.3,51.68253848445592
2025-10-19 07:51:01.831762,60.94,71.06,212.08,92.28,52.7246522762751
2025-10-19 07:51:02.831762,57.48,44.77,106.48,14.07,51.446113777132965
2025-10-19 07:51:03.831761,39.77,36.42,188.78,90.32,52.63585797705052
2025-10-19 07:51:04.831761,66.84,57.64,222.78,78.41,52.66877077995622
2025-10-19 07:51:05.831760,22.79,62.03,298.81,49.71,52.79016282022599
2025-10-19 07:51:06.831760,47.92,49.16,220.17,41.52,52.311473549589174
2025-10-19 07:51:07.831759,16.27,24.08,243.47,120.06,53.23477393494934
2025-10-19 07:51:08.831759,29.18,54.93,171.54,23.41,51.86770357175761
2025-10-19 07:51:09.831758,89.05,82.39,290.13,95.18,53.15146385118556
2025-10-19 07:51:10.831758,26.98,74.96,174.58,15.32,51.774173958592485
2025-10-19 07:51:11.831757,56.58,29.88,60.38,50.12,51.57207733905053
2025-10-19 07:51:12.831757,89.2,81.73,203.32,67.24,52.418970750693035
2025-10-19 07:51:13.831756,84.36,82.01,67.74,43.81,51.468290985783355
2025-10-19 07:51:14.831756,14.26,80.27,168.08,83.0,52.38556400675065
2025-10-19 07:51:15.831756,94.65,20.38,52.19,50.48,51.5467966485701
2025-10-19 07:51:16.831755,87.45,78.76,126.99,105.17,52.38299327146872
2025-10-19 07:51:17.831755,86.36,74.81,78.73,143.77,52.50486491593544
2025-10-19 07:51:18.831754,17.09,48.58,280.27,44.49,52.661898246216495
2025-10-19 07:51:19.831754,67.06,71.41,293.31,73.3,52.97414847542726
2025-10-19 07:51:20.831753,86.41,40.41,267.2,94.5,53.088575273661654
2025-10-19 07:51:21.831753,43.55,28.25,88.55,113.85,52.34125255857891
2025-10-19 07:51:22.831752,42.56,50.78,157.12,81.35,52.35752749776273
2025-10-19 07:51:23.831752,31.09,55.54,133.68,132.22,52.71681637146406
2025-10-19 07:51:24.831751,78.42,69.71,63.69,27.6,51.30928916585632
2025-10-19 07:51:25.831751,58.5,67.61,163.6,43.12,51.99595264544314
2025-10-19 07:51:26.831750,91.95,42.21,100.41,14.03,51.417357047873686
2025-10-19 07:51:27.831750,17.14,52.69,280.67,43.44,52.647410760438454
2025-10-19 07:51:28.831749,14.43,92.78,72.8,92.11,51.94539175715954
2025-10-19 07:51:29.831749,35.36,44.08,108.92,43.25,51.74238462682725
2025-10-19 07:51:30.831749,35.87,87.14,100.56,79.9,51.984376030561435
2025-10-19 07:51:31.831748,44.42,72.19,73.29,46.23,51.53677283476886
2025-10-19 07:51:32.831748,35.96,87.15,91.33,142.68,52.542155453978
2025-10-19 07:51:33.831747,31.06,34.36,130.71,31.35,51.7589228941595
2025-10-19 07:51:34.831747,71.39,56.37,71.34,119.95,52.26411391932978
2025-10-19 07:51:35.831746,83.38,28.02,82.08,74.09,51.92261403728761
2025-10-19 07:51:36.831746,23.58,20.07,225.59,72.47,52.68546927902662
2025-10-19 07:51:37.831745,77.63,53.38,88.09,54.06,51.72109167385459
2025-10-19 07:51:38.831745,25.25,84.31,259.81,11.02,52.17280491044903
2025-10-19 07:51:39.831744,48.19,68.11,251.53,48.92,52.52058934152086
2025-10-19 07:51:40.831744,56.74,25.03,223.93,54.78,52.497745023033396
2025-10-19 07:51:41.831743,59.94,81.9,211.55,88.04,52.663761098548356
2025-10-19 07:51:42.831743,43.53,31.69,297.86,85.07,53.17476852085969
2025-10-19 07:51:43.831742,85.14,50.59,297.73,133.52,53.61282020667208
2025-10-19 07:51:44.831742,62.2,38.79,61.15,52.14,51.58169516231257
2025-10-19 07:51:45.831741,45.77,54.66,209.48,24.16,52.07789130074101
2025-10-19 07:51:46.831741,25.56,27.91,64.08,103.64,52.112448119465505
2025-10-19 07:51:47.831740,51.56,40.79,68.05,131.29,52.380730959697445
2025-10-19 07:51:48.831740,42.52,94.97,282.75,63.8,52.788836137413405
2025-10-19 07:51:49.831740,87.27,30.64,235.46,98.33,52.97157164092284
2025-10-19 07:51:50.831739,46.93,43.82,264.07,138.02,53.48732477374101
2025-10-19 07:51:51.831739,72.16,52.48,115.14,83.7,52.153500716494364
2025-10-19 07:51:52.831738,35.57,78.68,115.31,18.99,51.48744354449522
2025-10-19 07:51:53.831738,43.84,88.91,242.82,67.11,52.61724914444247
2025-10-19 07:51:54.831737,92.89,23.81,123.47,80.26,52.209828062166
2025-10-19 07:51:55.831737,79.21,43.65,224.67,62.79,52.54983987616565
2025-10-19 07:51:56.831736,15.89,26.45,209.43,115.52,53.00544947707937
2025-10-19 07:51:57.831736,18.15,42.09,93.47,127.72,52.47984705862998
2025-10-19 07:51:58.831735,11.57,90.37,231.28,108.78,52.956289536769674
2025-10-19 07:51:59.831735,55.4,67.16,246.69,64.97,52.65144862207258
2025-10-19 07:52:00.831734,92.91,45.74,263.16,68.63,52.808467130382866
2025-10-19 07:52:01.831734,18.85,29.75,144.04,104.13,52.5410885620819
2025-10-19 07:52:02.831733,71.97,87.67,234.24,22.36,52.1406863448119
2025-10-19 07:52:03.831733,73.86,76.47,177.67,110.1,52.70478148841852
2025-10-19 07:52:04.831732,73.25,82.78,136.64,149.94,52.86108485790793
2025-10-19 07:52:05.831732,12.77,95.2,120.41,118.42,52.45011702867376
2025-10-19 07:52:06.831731,52.44,58.28,183.28,25.36,51.94395033707921
2025-10-19 07:52:07.831731,67.47,32.93,285.2,13.66,52.41473111265835
2025-10-19 07:52:08.831730,53.8,82.2,254.4,41.71,52.44401156452499
2025-10-19 07:52:09.831730,23.67,63.51,195.6,37.13,52.11528983117072
2025-10-19 07:52:10.831730,13.75,84.19,206.08,149.58,53.22603084112738
2025-10-19 07:52:11.831729,72.58,37.14,292.16,22.58,52.531507790031924
2025-10-19 07:52:12.831729,44.86,66.07,130.04,11.67,51.51513410930517
2025-10-19 07:52:13.831728,39.63,27.7,54.02,130.56,52.31938933370192
2025-10-19 07:52:14.831728,61.64,69.76,290.29,135.62,53.56323960873301
2025-10-19 07:52:15.831727,92.03,65.01,65.56,53.04,51.5726649903042
2025-10-19 07:52:16.831727,32.72,62.28,183.43,43.98,52.11850393190964
2025-10-19 07:52:17.831726,86.3,58.16,84.5,117.54,52.30823593899624
2025-10-19 07:52:18.831726,83.45,95.49,135.9,69.49,52.05920396792139
2025-10-19 07:52:19.831725,37.37,71.36,57.07,127.02,52.23271498904354
2025-10-19 07:52:20.831725,93.53,95.38,85.98,54.63,51.64923032369442
2025-10-19 07:52:21.831724,12.3,56.1,78.83,38.83,51.520114549584484
2025-10-19 07:52:22.831724,17.05,96.99,113.16,149.19,52.70613713514768
2025-10-19 07:52:23.831723,88.67,42.85,114.49,23.65,51.58452597012956
2025-10-19 07:52:24.831723,66.88,27.27,183.39,134.4,53.04772962155855
2025-10-19 07:52:25.831722,16.55,59.88,246.66,68.65,52.698332039992316
2025-10-19 07:52:26.831722,46.0,51.17,75.01,12.03,51.24833777855901
2025-10-19 07:52:27.831721,41.38,47.98,162.96,98.44,52.55836136061894
2025-10-19 07:52:28.831720,69.67,76.4,62.07,127.85,52.25949579394391
2025-10-19 07:52:29.831720,85.24,21.92,179.33,54.57,52.26255048849677
2025-10-19 07:52:30.831719,26.77,22.55,274.05,116.65,53.36743405645658
2025-10-19 07:52:31.831719,16.25,42.15,74.77,97.78,52.0904287148035
2025-10-19 07:52:32.831718,56.85,25.57,278.82,65.3,52.89160359231116
2025-10-19 07:52:33.831717,31.6,28.71,209.34,88.52,52.74033070330824
2025-10-19 07:52:34.831717,74.98,46.66,99.81,140.47,52.62978255386101
2025-10-19 07:52:35.831716,38.96,48.34,96.14,40.53,51.641162446842834
2025-10-19 07:52:36.831716,49.1,22.79,94.87,116.88,52.41287998404852
2025-10-19 07:52:37.831715,61.34,24.2,178.64,133.52,53.01869884336226
2025-10-19 07:52:38.831715,20.3,71.81,234.15,118.21,53.09200814980232
2025-10-19 07:52:39.831714,92.89,93.24,117.16,14.22,51.42827554117916
2025-10-19 07:52:40.831713,78.67,32.09,70.72,32.76,51.45592455740834
2025-10-19 07:52:41.831713,46.8,86.52,282.03,114.36,53.287192209917215
2025-10-19 07:52:42.831712,24.6,49.32,144.71,12.08,51.62376755754753
2025-10-19 07:52:43.831712,72.09,67.92,130.55,144.94,52.803620794407216
2025-10-19 07:52:44.831711,49.18,93.04,126.66,126.67,52.56665207383518
2025-10-19 07:52:45.831710,23.6,54.85,100.03,18.96,51.44310405049661
2025-10-19 07:52:46.831710,19.63,50.9,104.97,12.99,51.417961681944156
2025-10-19 07:52:47.831709,70.35,52.97,79.69,99.18,52.11319613763372
2025-10-19 07:52:48.831709,59.76,68.4,242.84,98.07,52.949012800199284
2025-10-19 07:52:49.831708,14.75,72.1,258.9,96.02,53.00908862907415
2025-10-19 07:52:50.831707,79.48,28.3,134.57,143.08,52.86945691965748
2025-10-19 07:52:51.831707,72.33,63.16,101.59,114.7,52.36412423070442
2025-10-19 07:52:52.831706,49.81,98.22,267.04,145.65,53.491328166407115
2025-10-19 07:52:53.831706,12.75,65.66,249.18,37.47,52.40118462891424
2025-10-19 07:52:54.831705,18.57,62.14,141.34,132.22,52.74731396759064
2025-10-19 07:52:55.831705,32.08,67.13,113.16,124.91,52.5183591247255
2025-10-19 07:52:56.831704,23.57,44.52,214.16,60.14,52.46674711200135
2025-10-19 07:52:57.831704,90.5,42.48,164.77,124.6,52.82963833595631
2025-10-19 07:52:58.831703,14.09,40.92,108.33,146.52,52.74279594297716
2025-10-19 07:52:59.831703,47.14,93.25,138.57,12.63,51.5271641399583
2025-10-19 07:53:00.831702,22.53,21.5,132.35,86.05,52.31684985861763
2025-10-19 07:53:01.831702,24.25,47.93,173.38,97.59,52.60583917120095
2025-10-19 07:53:02.831701,16.25,40.46,142.92,30.34,51.8047274703592
2025-10-19 07:53:03.831701,41.58,76.46,92.13,101.56,52.165635600789244
2025-10-19 07:53:04.831700,53.71,75.06,75.77,112.7,52.188235404782496
2025-10-19 07:53:05.831700,55.48,46.74,151.91,48.95,52.022780342047035
2025-10-19 07:53:06.831699,32.0,65.07,277.82,70.55,52.87485623135368
2025-10-19 07:53:07.831699,89.49,93.89,192.22,65.8,52.32665790592147
2025-10-19 07:53:08.831698,50.65,50.88,99.38,67.02,51.910607792413515
2025-10-19 07:53:09.831698,55.48,62.27,78.05,100.04,52.09811952397133
2025-10-19 07:53:10.831698,28.61,24.07,74.36,71.14,51.859099399863794
2025-10-19 07:53:11.831697,81.69,23.8,145.33,128.36,52.791635829910426
2025-10-19 07:53:12.831697,81.72,61.08,89.98,95.37,52.118513491418504
2025-10-19 07:53:13.831696,76.18,64.85,282.97,77.91,52.97386017599137
2025-10-19 07:53:14.831696,40.59,54.69,151.67,144.31,52.93108493933957
2025-10-19 07:53:15.831695,24.2,65.37,224.19,34.32,52.23779375593616
2025-10-19 07:53:16.831695,65.42,46.18,87.26,145.38,52.61102864681795
2025-10-19 07:53:17.831694,16.19,93.95,56.34,36.65,51.319412645130754
2025-10-19 07:53:18.831694,46.33,50.14,124.69,25.98,51.65002542073046
2025-10-19 07:53:19.831693,94.43,30.9,275.99,75.62,52.96789924938247
2025-10-19 07:53:20.831693,12.11,72.8,66.31,79.28,51.818138340915304
2025-10-19 07:53:21.831692,81.06,32.64,141.32,119.1,52.66677602353148
2025-10-19 07:53:22.831692,37.87,74.98,62.27,53.57,51.54453564056442
2025-10-19 07:53:23.831692,49.28,44.07,88.56,66.92,51.862606805268065
2025-10-19 07:53:24.831691,92.06,70.54,250.96,112.68,53.130259866039246
2025-10-19 07:53:25.831691,28.88,48.5,117.27,75.72,52.093970739944844
2025-10-19 07:53:26.831690,44.73,40.75,93.61,89.14,52.10964782699681
2025-10-19 07:53:27.831690,39.47,74.25,249.04,123.67,53.220441443291364
2025-10-19 07:53:28.831689,36.64,22.73,249.18,134.38,53.40584653571809
2025-10-19 07:53:29.831689,67.59,98.29,50.12,64.33,51.54703740286017
2025-10-19 07:53:30.831688,37.13,28.74,171.28,100.08,52.648913829811164
2025-10-19 07:53:31.831688,81.68,71.98,115.85,88.32,52.17127009472261
2025-10-19 07:53:32.831687,25.8,91.25,141.69,143.37,52.81117797714946
2025-10-19 07:53:33.831687,43.45,40.47,182.97,41.86,52.12987921743018
2025-10-19 07:53:34.831686,56.05,85.01,124.2,26.3,51.595616712792435
2025-10-19 07:53:35.831686,80.12,83.33,269.1,118.8,53.26613096087809
2025-10-19 07:53:36.831685,52.29,80.9,275.63,74.96,52.880892600040426
2025-10-19 07:53:37.831685,45.4,42.31,187.87,116.32,52.8731408251911
2025-10-19 07:53:38.831684,24.35,37.07,166.65,77.27,52.39052346600013
2025-10-19 07:53:39.831684,90.69,65.69,290.69,112.85,53.351602789018
2025-10-19 07:53:40.831683,25.57,74.36,169.39,133.66,52.89172435939916
2025-10-19 07:53:41.831683,55.03,95.03,58.39,98.88,51.930398209335785
2025-10-19 07:53:42.831683,72.72,35.26,201.64,138.37,53.17095357335923
2025-10-19 07:53:43.831682,90.95,97.09,291.43,80.78,52.99602087948979
2025-10-19 07:53:44.831682,27.45,35.15,63.4,76.21,51.83218334458107
2025-10-19 07:53:45.831681,80.88,27.66,222.44,106.08,52.98170604740796
2025-10-19 07:53:46.831681,36.35,60.07,156.21,86.13,52.38426820398263
2025-10-19 07:53:47.831680,46.89,20.29,162.24,111.8,52.727290785676836
2025-10-19 07:53:48.831680,11.05,22.23,179.74,45.1,52.1726792212577
2025-10-19 07:53:49.831679,52.57,85.17,137.85,69.52,52.08614680043977
2025-10-19 07:53:50.831679,93.45,90.83,118.92,96.39,52.23601982055678
2025-10-19 07:53:51.831678,92.3,53.41,71.96,14.38,51.25125576026274
2025-10-19 07:53:52.831678,45.42,54.45,208.19,138.52,53.17715938249132
2025-10-19 07:53:53.831677,29.72,52.4,80.3,43.22,51.57623476455249
2025-10-19 07:53:54.831677,36.51,43.96,198.43,59.13,52.373900971874455
2025-10-19 07:53:55.831676,89.7,84.7,245.48,142.02,53.36242884074962
2025-10-19 07:53:56.831676,17.55,39.13,101.83,80.52,52.07272077174387
2025-10-19 07:53:57.831675,63.68,51.1,248.8,93.96,52.96831414771589
2025-10-19 07:53:58.831675,59.48,83.48,275.63,93.11,53.05233597226058
2025-10-19 07:53:59.831674,62.85,87.81,261.38,124.47,53.27269950635722
2025-10-19 07:54:00.831674,75.97,89.78,158.66,23.2,51.74206792474332
2025-10-19 07:54:01.831674,89.99,58.98,194.45,12.78,51.88082564734578
2025-10-19 07:54:02.831673,69.57,68.37,281.8,75.87,52.94234830460947
2025-10-19 07:54:03.831673,48.26,58.82,148.0,83.33,52.31533859935145
2025-10-19 07:54:04.831672,43.14,29.12,153.54,38.69,51.96000490931638
2025-10-19 07:54:05.831672,64.79,29.57,171.2,87.81,52.52853353402647
2025-10-19 07:54:06.831671,11.27,74.65,129.83,60.15,51.969293195940004
2025-10-19 07:54:07.831671,64.73,92.6,265.49,106.98,53.11797502106195
2025-10-19 07:54:08.831670,24.02,21.83,54.72,108.5,52.11905258489446
2025-10-19 07:54:09.831670,49.55,35.83,85.06,104.19,52.21728378252498
2025-10-19 07:54:10.831669,28.95,82.29,174.82,97.38,52.557409978202756
2025-10-19 07:54:11.831669,89.28,25.65,153.97,58.94,52.16357284873888
2025-10-19 07:54:12.831668,64.77,79.66,217.54,16.21,52.00468735974667
2025-10-19 07:54:13.831668,15.37,86.88,63.44,24.98,51.255593576355984
2025-10-19 07:54:14.831667,74.03,81.13,149.49,75.85,52.21584526173834
2025-10-19 07:54:15.831667,64.76,64.78,229.13,129.65,53.18689978784288
2025-10-19 07:54:16.831666,42.06,27.27,183.95,67.32,52.40207745527562
2025-10-19 07:54:17.831666,20.86,54.06,259.67,141.15,53.47798676823571
2025-10-19 07:54:18.831665,84.42,51.12,166.64,100.81,52.595978471372185
2025-10-19 07:54:19.831665,70.56,34.67,156.3,22.93,51.81360683132926
2025-10-19 07:54:20.831664,23.55,82.36,152.27,108.66,52.546009603779595
2025-10-19 07:54:21.831664,55.38,90.46,287.58,40.39,52.59534911263062
2025-10-19 07:54:22.831663,41.21,36.92,99.0,39.7,51.66637809689928
2025-10-19 07:54:23.831663,24.59,61.14,234.19,135.54,53.27659222670003
2025-10-19 07:54:24.831663,41.27,54.77,138.54,26.22,51.71898469981692
2025-10-19 07:54:25.831662,70.24,96.91,200.64,55.67,52.268893534915435
2025-10-19 07:54:26.831662,77.55,72.24,57.35,33.76,51.33103122805345
2025-10-19 07:54:27.831661,22.46,71.29,122.41,90.85,52.23183544588108
2025-10-19 07:54:28.831661,16.24,83.64,74.55,85.56,51.90578325821646
2025-10-19 07:54:29.831660,56.09,68.94,102.74,87.9,52.10201737835533
2025-10-19 07:54:30.831660,58.86,32.75,78.55,93.87,52.0875928241821
2025-10-19 07:54:31.831659,11.43,86.04,221.95,84.03,52.673980687905065
2025-10-19 07:54:32.831659,85.91,81.3,78.18,110.15,52.16661934474286
2025-10-19 07:54:33.831658,46.0,75.15,274.4,90.35,53.03219431991528
2025-10-19 07:54:34.831658,73.76,50.17,172.52,77.28,52.40133195842876
2025-10-19 07:54:35.831657,31.3,34.73,58.87,18.79,51.25343262202479
2025-10-19 07:54:36.831657,52.12,67.55,145.19,61.78,52.07821691579496
2025-10-19 07:54:37.831656,78.63,86.89,50.6,85.75,51.77466804904117
2025-10-19 07:54:38.831656,35.5,67.8,138.74,103.73,52.44903807421964
2025-10-19 07:54:39.831656,35.65,42.12,96.02,77.97,52.01234492227722
2025-10-19 07:54:40.831655,46.65,62.53,143.14,130.26,52.737355308257165
2025-10-19 07:54:41.831655,79.35,63.86,135.33,12.54,51.55526157134501
2025-10-19 07:54:42.831654,89.67,66.05,249.69,64.88,52.66833851445278
2025-10-19 07:54:43.831654,40.07,36.14,98.52,66.83,51.92738185404215
2025-10-19 07:54:44.831653,44.62,80.28,72.4,149.97,52.522419398163635
2025-10-19 07:54:45.831653,54.89,98.01,146.95,120.55,52.60795156367477
2025-10-19 07:54:46.831652,91.66,66.13,202.79,50.64,52.28018069809025
2025-10-19 07:54:47.831652,18.91,33.13,266.1,54.32,52.70563581780438
2025-10-19 07:54:48.831651,35.22,41.91,255.32,144.55,53.506769710156135
2025-10-19 07:54:49.831651,77.48,98.17,76.83,88.89,51.927281968049286
2025-10-19 07:54:50.831650,24.38,66.45,190.36,64.43,52.34667470078091
2025-10-19 07:54:51.831650,18.63,86.14,95.27,60.73,51.77234640552415
2025-10-19 07:54:52.831649,81.47,74.18,278.48,88.77,53.040220703167
2025-10-19 07:54:53.831649,85.25,51.08,88.4,72.11,51.900904175236114
2025-10-19 07:54:54.831649,34.71,56.17,279.3,101.54,53.196428084427595
2025-10-19 07:54:55.831648,51.16,90.8,110.34,49.63,51.73811637522068
2025-10-19 07:54:56.831648,61.23,56.3,225.19,125.71,53.14111900355237
2025-10-19 07:54:57.831647,66.32,76.47,127.46,145.12,52.77540975995526
2025-10-19 07:54:58.831647,90.65,58.54,78.82,55.66,51.67896095380112
2025-10-19 07:54:59.831646,55.93,89.77,90.12,49.59,51.6314235678404
2025-10-19 07:55:00.831646,27.1,52.63,53.37,22.88,51.23544876329107
2025-10-19 07:55:01.831645,64.84,33.48,275.06,72.17,52.9255138025904
2025-10-19 07:55:02.831645,60.3,46.55,75.54,112.07,52.225792371016325
2025-10-19 07:55:03.831644,22.78,80.36,249.27,44.25,52.44408664284758
2025-10-19 07:55:04.831644,22.0,59.52,254.25,24.07,52.30833772689324
2025-10-19 07:55:05.831643,44.43,40.26,255.2,57.98,52.67162333743047
2025-10-19 07:55:06.831643,18.82,98.04,260.26,138.58,53.38705767880534
2025-10-19 07:55:07.831642,14.05,92.48,161.8,61.69,52.12676365718621
2025-10-19 07:55:08.831642,48.9,30.74,207.16,142.21,53.24466368953583
2025-10-19 07:55:09.831641,35.47,68.57,89.69,53.43,51.699630019193066
2025-10-19 07:55:10.831641,29.46,57.24,296.92,105.35,53.32563468044874
2025-10-19 07:55:11.831640,52.67,97.92,280.2,40.13,52.54170062953685
2025-10-19 07:55:12.831640,57.27,69.23,215.63,145.01,53.256363003511346
2025-10-19 07:55:13.831640,82.55,96.67,237.19,31.67,52.23229045300877
2025-10-19 07:55:14.831639,83.27,98.58,110.26,16.07,51.400929139683235
2025-10-19 07:55:15.831639,39.35,77.77,55.73,40.57,51.379530099904535
2025-10-19 07:55:16.831638,31.03,47.62,58.9,18.09,51.22653432176978
2025-10-19 07:55:17.831638,16.23,72.62,87.96,56.19,51.710709210967174
2025-10-19 07:55:18.831637,80.69,92.0,233.01,16.42,52.069867523271526
2025-10-19 07:55:19.831637,43.34,33.99,146.03,114.74,52.64763162865128
2025-10-19 07:55:20.831636,93.1,30.71,59.91,83.76,51.89354976346293
2025-10-19 07:55:21.831636,52.1,86.47,278.17,36.05,52.509435970478236
2025-10-19 07:55:22.831635,88.57,53.28,114.3,119.52,52.494125305562626
2025-10-19 07:55:23.831635,18.67,55.85,147.97,91.46,52.39846782616051
2025-10-19 07:55:24.831634,51.62,49.12,75.42,72.86,51.84195887641872
2025-10-19 07:55:25.831634,59.89,41.3,58.18,39.77,51.44227766355992
2025-10-19 07:55:26.831633,74.61,51.76,279.89,123.46,53.41847801018668
2025-10-19 07:55:27.831633,90.28,30.48,193.34,129.58,53.04917871573312
2025-10-19 07:55:28.831632,66.96,39.92,278.39,105.97,53.25998595832042
2025-10-19 07:55:29.831632,85.16,90.35,274.67,142.0,53.5091480305117
2025-10-19 07:55:30.831631,63.53,21.04,245.06,142.21,53.46222906981407
2025-10-19 07:55:31.831631,46.31,21.41,119.36,22.14,51.62966702963164
2025-10-19 07:55:32.831631,90.88,96.24,96.87,126.49,52.4008659087306
2025-10-19 07:55:33.831630,78.88,29.71,118.46,42.39,51.807609179880785
2025-10-19 07:55:34.831630,83.55,39.39,261.71,88.92,53.00692037185994
2025-10-19 07:55:35.831629,30.13,97.11,206.17,70.13,52.43791931528533
2025-10-19 07:55:36.831629,33.33,28.3,279.52,12.2,52.37758344937839
2025-10-19 07:55:37.831628,42.58,68.96,280.12,71.42,52.88942233664794
2025-10-19 07:55:38.831628,85.49,26.75,157.02,59.08,52.17947496936767
2025-10-19 07:55:39.831627,52.75,27.03,82.98,115.97,52.33394189173327
2025-10-19 07:55:40.831627,64.97,22.54,291.43,12.99,52.45786050938711
2025-10-19 07:55:41.831626,93.79,84.51,201.19,68.07,52.411251484171565
2025-10-19 07:55:42.831625,92.62,82.44,259.69,121.04,53.23896463334004
2025-10-19 07:55:43.831624,34.7,54.08,250.81,15.99,52.220408198088975
2025-10-19 07:55:44.831624,39.2,94.03,218.35,114.93,52.94098109127429
2025-10-19 07:55:45.831623,27.36,71.52,297.97,91.75,53.177254135610426
2025-10-19 07:55:46.831623,46.52,24.63,267.87,56.79,52.75234706681041
2025-10-19 07:55:47.831622,29.94,20.87,265.69,100.72,53.17141792548615
2025-10-19 07:55:48.831622,45.23,32.09,174.8,27.65,51.96205528450045
2025-10-19 07:55:49.831621,45.51,77.18,76.42,41.5,51.49988758769202
2025-10-19 07:55:50.831621,91.68,61.95,89.0,92.24,52.08164710198534
2025-10-19 07:55:51.831620,36.03,59.0,72.79,112.94,52.19992936508622
2025-10-19 07:55:52.831620,24.61,84.53,235.75,147.48,53.36355746720099
2025-10-19 07:55:53.831620,77.75,56.06,271.01,90.16,53.04231129529865
2025-10-19 07:55:54.831619,39.94,42.0,282.18,135.64,53.56384062115883
2025-10-19 07:55:55.831619,86.7,72.76,232.3,69.94,52.61388331828363
2025-10-19 07:55:56.831618,63.4,57.54,241.21,143.77,53.39931051956537
2025-10-19 07:55:57.831618,72.04,26.13,105.97,13.12,51.46354591280813
2025-10-19 07:55:58.831617,32.12,25.17,152.62,32.55,51.901940062063964
2025-10-19 07:55:59.831617,31.86,44.57,122.7,46.45,51.846109102061014
2025-10-19 07:56:00.831616,59.75,39.9,278.46,115.37,53.351285943334595
2025-10-19 07:56:01.831616,13.47,56.89,285.47,22.74,52.46625832062371
2025-10-19 07:56:02.831615,15.51,36.16,195.15,137.51,53.12657964829854
2025-10-19 07:56:03.831615,24.11,93.63,134.71,95.02,52.3026465131505
2025-10-19 07:56:04.831614,79.38,48.86,205.78,140.06,53.187985938540685
2025-10-19 07:56:05.831614,78.8,60.75,205.73,39.28,52.19449443225062
2025-10-19 07:56:06.831613,43.9,43.46,171.29,76.88,52.40146073887888
2025-10-19 07:56:07.831613,27.01,94.73,107.43,52.48,51.74395629620856
2025-10-19 07:56:08.831613,70.8,96.89,137.3,82.93,52.1944333144018
2025-10-19 07:56:09.831612,80.72,41.95,189.29,127.09,52.985429263902304
2025-10-19 07:56:10.831612,57.4,41.77,277.04,93.15,53.12590298536311
2025-10-19 07:56:11.831611,40.99,22.67,165.64,88.91,52.52035385737253
2025-10-19 07:56:12.831611,92.41,28.23,158.9,72.34,52.31539992335435
2025-10-19 07:56:13.831610,71.4,82.24,67.31,149.96,52.492068895387305
2025-10-19 07:56:14.831610,38.72,22.5,53.51,147.82,52.49175070506254
2025-10-19 07:56:15.831609,49.55,38.78,214.94,83.49,52.705732317886316
2025-10-19 07:56:16.831609,16.59,48.25,164.68,143.44,53.002252130963974
2025-10-19 07:56:17.831608,44.95,64.76,253.67,20.08,52.25841183218235
2025-10-19 07:56:18.831608,80.08,61.57,167.07,105.89,52.6309466178259
2025-10-19 07:56:19.831607,83.01,47.83,204.76,87.66,52.677472276763986
2025-10-19 07:56:20.831607,11.03,42.62,242.36,43.33,52.45771249147541
2025-10-19 07:56:21.831606,22.08,97.88,75.64,34.9,51.39932132923089
2025-10-19 07:56:22.831606,79.31,95.04,165.27,123.07,52.734779856923254
2025-10-19 07:56:23.831606,73.47,35.81,108.13,30.73,51.63012114896915
2025-10-19 07:56:24.831605,28.64,62.28,67.76,83.48,51.88304967102909
2025-10-19 07:56:25.831605,28.73,32.81,131.18,23.06,51.68370984871579
2025-10-19 07:56:26.831604,34.78,43.95,142.0,135.34,52.809638370991834
2025-10-19 07:56:27.831604,18.67,76.73,218.98,98.01,52.8079643264458
2025-10-19 07:56:28.831603,60.04,69.79,179.62,143.78,53.0513790229717
2025-10-19 07:56:29.831603,55.9,95.5,202.61,67.58,52.3967938673184
2025-10-19 07:56:30.831602,88.49,21.87,76.98,38.6,51.561896024135805
2025-10-19 07:56:31.831602,26.69,48.19,220.53,46.58,52.3638504585613
2025-10-19 07:56:32.831601,63.24,82.43,295.76,43.38,52.68056312254219
2025-10-19 07:56:33.831601,27.3,23.0,275.07,46.91,52.697807567872516
2025-10-19 07:56:34.831600,37.85,65.02,278.86,66.74,52.84364466097509
2025-10-19 07:56:35.831600,86.76,63.51,175.81,143.53,53.03851026686759
2025-10-19 07:56:36.831599,16.02,94.41,236.4,64.1,52.545218384709386
2025-10-19 07:56:37.831599,11.87,65.22,166.37,76.79,52.34007762996132
2025-10-19 07:56:38.831598,56.72,30.23,164.77,108.23,52.69062815310287
2025-10-19 07:56:39.831598,24.9,41.98,218.07,15.02,52.05532007864106
2025-10-19 07:56:40.831597,75.4,56.08,109.92,75.22,52.03797277886893
2025-10-19 07:56:41.831597,87.48,36.78,232.84,44.6,52.42837105386395
2025-10-19 07:56:42.831597,89.87,69.69,135.1,129.59,52.676691630738624
2025-10-19 07:56:43.831596,55.04,30.43,143.55,64.66,52.155741000949675
2025-10-19 07:56:44.831596,69.43,86.44,131.61,136.12,52.6948406093834
2025-10-19 07:56:45.831595,26.41,48.96,156.76,128.78,52.81710303445272
2025-10-19 07:56:46.831595,41.12,45.28,203.13,120.46,52.98995083634877
2025-10-19 07:56:47.831594,17.95,63.14,173.2,110.52,52.705965698569095
2025-10-19 07:56:48.831594,67.58,46.91,145.81,135.27,52.824638720536406
2025-10-19 07:56:49.831593,25.79,41.75,71.01,142.86,52.50689735230581
2025-10-19 07:56:50.831593,61.44,58.64,98.26,135.77,52.55720449427107
2025-10-19 07:56:51.831592,34.2,83.43,195.87,71.23,52.415111314876945
2025-10-19 07:56:52.831592,72.76,63.51,283.07,55.7,52.76173988430551
2025-10-19 07:56:53.831591,93.31,20.56,81.15,149.19,52.65558450537376
2025-10-19 07:56:54.831591,34.49,27.28,234.85,138.78,53.36474254631328
2025-10-19 07:56:55.831590,82.0,33.65,294.21,127.17,53.559293905809895
2025-10-19 07:56:56.831590,33.29,46.28,259.24,141.01,53.486584029584456
2025-10-19 07:56:57.831590,69.39,78.08,184.04,76.89,52.41511845012043
2025-10-19 07:56:58.831589,76.67,85.13,103.82,135.64,52.54392786735268
2025-10-19 07:56:59.831589,51.28,39.25,272.45,63.44,52.81808400239678
2025-10-19 07:57:00.831588,40.21,94.31,135.94,140.21,52.74511370562126
2025-10-19 07:57:01.831588,84.94,86.12,143.31,71.0,52.12810612307096
2025-10-19 07:57:02.831587,46.14,68.55,193.2,44.66,52.167358785820404
2025-10-19 07:57:03.831587,63.72,59.65,96.58,148.58,52.67051586961323
2025-10-19 07:57:04.831586,68.99,53.53,226.64,115.59,53.05536172187395
2025-10-19 07:57:05.831586,17.32,78.79,228.38,137.16,53.23346313463759
2025-10-19 07:57:06.831585,38.05,53.51,166.59,16.06,51.77244531617149
2025-10-19 07:57:07.831585,17.69,63.69,211.29,94.3,52.75156909804331
2025-10-19 07:57:08.831585,92.76,23.21,133.15,55.9,52.02688787806123
2025-10-19 07:57:09.831584,75.69,72.67,100.38,148.81,52.67252867598877
2025-10-19 07:57:10.831584,76.97,68.43,227.81,36.93,52.27753725264721
2025-10-19 07:57:11.831583,46.03,94.81,233.27,35.9,52.25519730732721
2025-10-19 07:57:12.831583,17.08,39.66,290.44,60.71,52.88706478937254
2025-10-19 07:57:13.831582,12.8,72.08,252.31,77.85,52.7982471434086
2025-10-19 07:57:14.831582,61.39,63.74,209.37,53.64,52.34807345158473
2025-10-19 07:57:15.831581,44.65,67.16,92.45,27.05,51.461495553068545
2025-10-19 07:57:16.831581,14.74,80.14,242.37,90.07,52.850667278193214
2025-10-19 07:57:17.831580,41.15,79.45,68.2,53.09,51.564510412934084
2025-10-19 07:57:18.831580,86.95,20.51,201.57,38.55,52.22857121379304
2025-10-19 07:57:19.831579,64.63,83.95,182.33,17.79,51.825274011494415
2025-10-19 07:57:20.831579,51.01,95.12,263.75,20.41,52.26761781380575
2025-10-19 07:57:21.831579,30.64,21.32,108.56,145.74,52.76733288361878
2025-10-19 07:57:22.831578,19.49,47.33,216.14,16.69,52.052745522369236
2025-10-19 07:57:23.831578,19.3,67.19,152.2,26.38,51.77389430655861
2025-10-19 07:57:24.831577,90.92,86.33,55.1,36.21,51.32053365908708
2025-10-19 07:57:25.831577,31.74,36.52,194.03,145.72,53.199422781326106
2025-10-19 07:57:26.831576,79.57,69.8,131.47,18.19,51.57994192570962
2025-10-19 07:57:27.831576,86.12,32.31,168.01,67.85,52.3141869464755
2025-10-19 07:57:28.831575,94.15,63.83,299.45,59.99,52.890149779785894
2025-10-19 07:57:29.831575,10.14,40.82,192.16,124.57,52.978159452493365
2025-10-19 07:57:30.831574,55.85,34.57,263.68,122.38,53.34856957686013
2025-10-19 07:57:31.831574,82.65,74.63,146.37,39.16,51.854643119337524
2025-10-19 07:57:32.831573,56.37,26.34,64.96,136.26,52.43504106218528
2025-10-19 07:57:33.831573,87.89,43.23,92.26,126.79,52.46260127965163
2025-10-19 07:57:34.831573,21.52,36.16,88.41,77.31,51.974724828727574
2025-10-19 07:57:35.831572,38.3,49.03,135.04,51.8,51.95668811610066
2025-10-19 07:57:36.831572,44.59,86.76,206.75,89.18,52.64151385077803
2025-10-19 07:57:37.831571,50.44,37.21,209.62,103.15,52.86991294179553
2025-10-19 07:57:38.831571,33.92,75.28,191.69,18.33,51.894103165821434
2025-10-19 07:57:39.831570,69.44,60.52,115.09,121.59,52.506962049223596
2025-10-19 07:57:40.831570,57.91,62.63,258.87,57.97,52.65590404665032
2025-10-19 07:57:41.831569,20.9,21.14,295.55,88.39,53.2111481979655
2025-10-19 07:57:42.831569,44.42,26.99,278.34,73.48,52.96590422599145
2025-10-19 07:57:43.831568,21.32,72.46,128.0,15.39,51.530158203625
2025-10-19 07:57:44.831568,39.7,64.49,138.12,89.25,52.31092210106793
2025-10-19 07:57:45.831567,52.12,86.04,196.22,104.76,52.73709511893669
2025-10-19 07:57:46.831567,24.94,31.04,83.01,53.96,51.72817399138938
2025-10-19 07:57:47.831567,44.75,44.68,64.44,49.43,51.56378001033615
2025-10-19 07:57:48.831566,33.87,81.53,220.73,29.77,52.14989165240334
2025-10-19 07:57:49.831566,93.19,87.82,189.39,73.63,52.396820402773365
2025-10-19 07:57:50.831565,49.47,21.45,85.19,41.7,51.63635521285153
2025-10-19 07:57:51.831565,42.95,58.3,215.38,140.94,53.23287754765214
2025-10-19 07:57:52.831564,57.5,21.58,146.86,141.73,52.93258029986825
2025-10-19 07:57:53.831564,56.16,70.8,154.06,14.8,51.6661652307991
2025-10-19 07:57:54.831563,90.38,85.39,140.26,90.31,52.299696619216185
2025-10-19 07:57:55.831563,44.59,49.52,161.05,142.08,52.96772665153273
2025-10-19 07:57:56.831562,70.97,32.51,131.22,95.44,52.384286058530506
2025-10-19 07:57:57.831562,41.32,76.41,83.17,83.05,51.938903417207015
2025-10-19 07:57:58.831561,25.7,74.71,271.5,138.44,53.48242199699503
2025-10-19 07:57:59.831561,70.81,60.51,88.25,120.99,52.35791343471507
2025-10-19 07:58:00.831560,45.15,72.16,270.37,63.37,52.754502421277415
2025-10-19 07:58:01.831560,32.96,21.11,256.67,81.26,52.93472282128537
2025-10-19 07:58:02.831559,86.44,62.82,108.03,110.03,52.35387654076043
2025-10-19 07:58:03.831559,61.34,53.2,177.7,74.26,52.39500918844902
2025-10-19 07:58:04.831559,46.04,84.36,140.1,26.19,51.68044484213402
2025-10-19 07:58:05.831558,44.93,55.8,119.25,47.79,51.82297483978554
2025-10-19 07:58:06.831558,73.85,67.68,270.01,120.11,53.3082895618551
2025-10-19 07:58:07.831557,83.42,60.71,60.87,140.43,52.39943205879304
2025-10-19 07:58:08.831557,40.64,35.13,167.43,80.21,52.426169335177136
2025-10-19 07:58:09.831556,60.38,96.63,115.44,65.2,51.90671832507399
2025-10-19 07:58:10.831556,46.79,83.13,56.57,144.62,52.38170558645828
2025-10-19 07:58:11.831555,26.77,35.61,204.24,30.39,52.1401499201734
2025-10-19 07:58:12.831555,42.35,27.68,87.07,120.16,52.395265648178096
2025-10-19 07:58:13.831554,25.49,77.18,89.01,140.58,52.52515920422765
2025-10-19 07:58:14.831554,51.41,88.85,207.34,93.11,52.67937506535366
2025-10-19 07:58:15.831553,85.99,33.07,131.63,31.65,51.76876497356641
2025-10-19 07:58:16.831553,58.86,21.88,210.93,96.61,52.837796018662644
2025-10-19 07:58:17.831553,92.66,93.52,56.25,122.26,52.14742928055099
2025-10-19 07:58:18.831552,34.05,34.38,287.25,138.14,53.62707103391822
2025-10-19 07:58:19.831552,15.72,53.58,294.28,36.47,52.65125769841872
2025-10-19 07:58:20.831551,13.03,86.54,107.17,60.82,51.83610509849278
2025-10-19 07:58:21.831551,40.75,28.68,53.05,95.03,51.9691059686676
2025-10-19 07:58:22.831550,81.52,61.64,85.69,44.86,51.60631862185921
2025-10-19 07:58:23.831550,72.46,40.33,96.77,21.31,51.471282409569376
2025-10-19 07:58:24.831549,81.68,91.13,225.27,48.37,52.338869393283375
2025-10-19 07:58:25.831549,50.58,98.87,112.11,45.25,51.69250819418833
2025-10-19 07:58:26.831548,68.1,59.93,84.5,110.68,52.23911593428383
2025-10-19 07:58:27.831548,29.38,63.94,214.17,93.6,52.75977925080422
2025-10-19 07:58:28.831548,15.96,95.68,230.57,95.63,52.81698541490381
2025-10-19 07:58:29.831547,63.04,34.07,238.61,88.91,52.89189794662285
2025-10-19 07:58:30.831547,94.24,59.28,127.76,140.13,52.75581754868699
2025-10-19 07:58:31.831546,32.91,31.67,289.76,63.26,52.92066959480318
2025-10-19 07:58:32.831546,20.46,40.07,124.07,33.47,51.7349926889388
2025-10-19 07:58:33.831545,39.98,80.33,61.82,47.62,51.47617794665667
2025-10-19 07:58:34.831545,47.81,71.67,288.73,134.23,53.538465577166086
2025-10-19 07:58:35.831544,27.47,46.44,156.68,29.7,51.86257206993797
2025-10-19 07:58:36.831544,16.84,39.6,79.73,35.64,51.52004422627259
2025-10-19 07:58:37.831543,64.04,22.22,144.57,18.25,51.72533921897721
2025-10-19 07:58:38.831543,86.6,42.92,56.45,136.14,52.36235933857737
2025-10-19 07:58:39.831542,60.13,74.69,186.6,32.62,52.0060427575568
2025-10-19 07:58:40.831542,93.95,41.96,60.09,135.09,52.37314633814952
2025-10-19 07:58:41.831542,24.23,33.39,122.99,28.13,51.68810674104706
2025-10-19 07:58:42.831541,15.06,75.52,297.76,39.03,52.660052144471216
2025-10-19 07:58:43.831541,43.9,54.58,171.38,89.33,52.50482490675554
2025-10-19 07:58:44.831540,85.28,59.6,271.04,112.74,53.25524032129866
2025-10-19 07:58:45.831540,64.07,29.15,51.21,102.11,52.027006122546894
2025-10-19 07:58:46.831539,86.68,55.6,119.44,76.0,52.09708510719629
2025-10-19 07:58:47.831539,25.76,45.72,90.1,134.44,52.52112548943753
2025-10-19 07:58:48.831538,75.34,62.5,119.02,124.05,52.5486097550263
2025-10-19 07:58:49.831538,43.69,85.23,52.13,23.77,51.186121648548244
2025-10-19 07:58:50.831537,76.05,62.55,110.66,78.08,52.05939370473933
2025-10-19 07:58:51.831537,82.94,34.38,85.1,129.71,52.466549576374625
2025-10-19 07:58:52.831536,38.62,34.03,244.75,20.11,52.25946100892207
2025-10-19 07:58:53.831536,73.88,94.58,271.5,82.59,52.911094486756284
2025-10-19 07:58:54.831536,56.11,46.76,135.01,55.37,51.99462181856169
2025-10-19 07:58:55.831535,57.99,97.04,167.7,101.71,52.538058140990834
2025-10-19 07:58:56.831535,20.86,47.45,100.05,35.1,51.61092728713529
2025-10-19 07:58:57.831534,16.33,26.17,166.48,68.93,52.32612832299877
2025-10-19 07:58:58.831534,31.58,90.02,279.75,148.78,53.60234307966552
2025-10-19 07:58:59.831533,29.85,55.67,138.88,77.04,52.21079531336682
2025-10-19 07:59:00.831533,41.87,88.9,130.52,65.88,52.005952978385565
2025-10-19 07:59:01.831532,11.91,92.39,59.13,73.62,51.69424781149981
2025-10-19 07:59:02.831532,15.31,90.92,69.35,51.43,51.53654257019641
2025-10-19 07:59:03.831531,39.84,57.33,133.35,19.56,51.62285271014149
2025-10-19 07:59:04.831531,84.31,62.54,201.32,103.79,52.79192802660686
2025-10-19 07:59:05.831531,23.11,55.57,78.91,145.08,52.54877791526868
2025-10-19 07:59:06.831530,83.37,84.13,231.0,94.62,52.82769466090099
2025-10-19 07:59:07.831530,53.7,35.87,254.43,135.41,53.42314578214973
2025-10-19 07:59:08.831529,72.45,84.23,187.75,114.29,52.78688619191198
2025-10-19 07:59:09.831529,47.77,85.6,235.44,130.79,53.19883180933209
2025-10-19 07:59:10.831528,18.19,90.99,91.46,33.52,51.48126411834583
2025-10-19 07:59:11.831528,54.81,98.32,290.41,20.81,52.408750459026614
2025-10-19 07:59:12.831527,54.07,96.0,186.94,124.84,52.866050966347
2025-10-19 07:59:13.831527,73.15,70.91,270.57,116.86,53.27476800804764
2025-10-19 07:59:14.831526,69.46,56.38,257.92,76.74,52.84217081385851
2025-10-19 07:59:15.831526,13.57,78.23,117.22,92.07,52.20500603795763
2025-10-19 07:59:16.831526,75.05,87.82,277.04,53.1,52.666147260089325
2025-10-19 07:59:17.831525,60.25,95.89,200.12,127.79,52.96509987160261
2025-10-19 07:59:18.831525,48.66,86.64,141.27,143.7,52.81938358093745
2025-10-19 07:59:19.831524,34.92,77.55,75.65,15.59,51.24465412577006
2025-10-19 07:59:20.831524,58.67,43.48,214.76,25.45,52.13614598514149
2025-10-19 07:59:21.831523,90.73,96.98,97.75,122.19,52.36281866821816
2025-10-19 07:59:22.831523,67.09,96.21,109.99,62.3,51.850247199039096
2025-10-19 07:59:23.831522,41.81,80.66,216.08,101.13,52.81646843398833
2025-10-19 07:59:24.831522,52.22,25.87,146.92,122.21,52.7373959351775
2025-10-19 07:59:25.831521,46.95,70.57,131.54,44.99,51.83825060433368
2025-10-19 07:59:26.831521,10.97,67.22,183.47,147.14,53.108464400284895
2025-10-19 07:59:27.831520,80.8,59.72,189.03,142.9,53.10894782017131
2025-10-19 07:59:28.831520,58.05,98.64,271.69,72.78,52.81085851594396
2025-10-19 07:59:29.831520,60.58,42.36,53.28,40.01,51.41677538726359
2025-10-19 07:59:30.831519,42.48,84.5,170.75,38.08,51.95879581766471
2025-10-19 07:59:31.831519,44.68,83.29,234.22,92.8,52.828605316084854
2025-10-19 07:59:32.831518,62.89,58.91,282.65,60.08,52.809091898127946
2025-10-19 07:59:33.831518,38.89,29.88,77.07,23.6,51.40472317130005
2025-10-19 07:59:34.831517,52.1,65.44,226.04,131.6,53.18822341520085
2025-10-19 07:59:35.831517,53.39,32.34,99.26,118.87,52.44052261435159
2025-10-19 07:59:36.831516,28.52,25.94,151.97,119.25,52.73561867496573
2025-10-19 07:59:37.831516,15.85,68.3,207.32,137.99,53.145589939818635
2025-10-19 07:59:38.831515,55.37,25.7,54.17,75.88,51.79460072374877
2025-10-19 07:59:39.831515,28.49,95.47,164.7,114.56,52.64877168430427
2025-10-19 07:59:40.831515,44.64,35.45,61.14,76.42,51.82167866448133
2025-10-19 07:59:41.831514,17.88,48.16,229.35,114.9,53.071607400727885
2025-10-19 07:59:42.831514,22.9,74.02,93.39,148.71,52.63212654414364
2025-10-19 07:59:43.831513,35.92,21.5,287.34,133.95,53.607309440886304
2025-10-19 07:59:44.831513,48.39,28.21,235.28,31.67,52.32985584428908
2025-10-19 07:59:45.831512,65.74,28.76,299.21,80.4,53.141429008258605
2025-10-19 07:59:46.831512,34.03,90.74,194.65,57.39,52.263264796253566
2025-10-19 07:59:47.831511,61.84,22.29,212.67,136.7,53.2340951091774
2025-10-19 07:59:48.831511,92.61,44.35,246.14,99.33,53.01666702721426
2025-10-19 07:59:49.831510,35.37,47.49,234.4,85.65,52.81677940568165
2025-10-19 07:59:50.831510,20.55,31.53,277.17,148.97,53.682476080318374
2025-10-19 07:59:51.831509,40.2,71.18,143.8,90.55,52.34328004932362
2025-10-19 07:59:52.831509,26.98,75.92,120.31,35.69,51.67995964788758
2025-10-19 07:59:53.831509,38.77,27.09,221.39,71.21,52.63981744695445
2025-10-19 07:59:54.831508,92.32,97.53,51.88,85.65,51.76378525290379
2025-10-19 07:59:55.831508,85.37,94.33,282.23,38.45,52.54194190460599
2025-10-19 07:59:56.831507,15.71,93.38,56.52,130.04,52.22432082299418
2025-10-19 07:59:57.831507,40.22,55.97,207.61,42.32,52.241449021223666
2025-10-19 07:59:58.831506,42.61,93.55,165.5,118.24,52.691648378710426
2025-10-19 07:59:59.831506,26.14,65.51,231.64,134.86,53.24952719076037
2025-10-19 08:00:00.831505,93.3,52.67,155.6,128.31,52.800526844666734
2025-10-19 08:00:01.831505,90.5,94.95,195.37,46.04,52.150730384253386
2025-10-19 08:00:02.831504,28.2,72.05,191.25,141.01,53.083113547145096
2025-10-19 08:00:03.831504,66.38,22.07,96.75,27.5,51.55977327176076
2025-10-19 08:00:04.831503,42.26,53.22,160.13,32.07,51.89323193418166
2025-10-19 08:00:05.831503,79.95,28.56,117.2,12.0,51.50883273622619
2025-10-19 08:00:06.831503,25.52,53.55,182.08,46.86,52.1528883072688
2025-10-19 08:00:07.831502,35.25,96.56,222.92,85.64,52.67816723768554
2025-10-19 08:00:08.831502,86.17,50.71,108.91,83.34,52.11955216046218
2025-10-19 08:00:09.831501,21.96,31.69,151.69,12.11,51.68906517039751
2025-10-19 08:00:10.831501,49.73,75.5,225.91,60.44,52.48360096230231
2025-10-19 08:00:11.831500,11.05,97.6,165.72,10.06,51.640383152085676
2025-10-19 08:00:12.831500,84.25,30.28,280.12,60.76,52.847228417895366
2025-10-19 08:00:13.831499,24.0,82.93,98.09,128.32,52.44602410251925
2025-10-19 08:00:14.831499,15.7,72.83,149.69,142.08,52.87039954310312
2025-10-19 08:00:15.831498,62.71,95.09,133.5,57.99,51.93582206171056
2025-10-19 08:00:16.831498,12.38,69.6,153.63,95.27,52.44387700531915
2025-10-19 08:00:17.831497,64.03,58.36,202.59,132.51,53.08299925521038
2025-10-19 08:00:18.831497,14.71,32.51,218.65,17.07,52.09314510321964
2025-10-19 08:00:19.831497,55.63,98.16,81.58,41.03,51.48986129687505
2025-10-19 08:00:20.831496,69.45,60.73,119.98,62.85,51.964736380396054
2025-10-19 08:00:21.831496,46.29,76.69,139.77,139.9,52.79029429021891
2025-10-19 08:00:22.831495,20.46,42.45,242.61,90.69,52.91726991585734
2025-10-19 08:00:23.831495,25.78,59.62,242.26,133.55,53.302817008631344
2025-10-19 08:00:24.831494,53.14,50.18,176.24,125.38,52.88628325430436
2025-10-19 08:00:25.831494,35.9,49.69,108.05,138.24,52.64743203298633
2025-10-19 08:00:26.831493,21.84,29.66,76.41,24.21,51.407445112057104
2025-10-19 08:00:27.831493,52.31,96.0,202.28,93.72,52.6470105022228
2025-10-19 08:00:28.831492,60.35,81.45,149.52,32.62,51.7974819943185
2025-10-19 08:00:29.831492,16.57,89.03,66.24,66.54,51.66902611885939
2025-10-19 08:00:30.831491,54.16,78.99,205.0,110.73,52.85278474559672
2025-10-19 08:00:31.831491,28.93,73.2,84.72,65.76,51.78504097688355
2025-10-19 08:00:32.831491,81.64,72.21,204.34,69.86,52.464734754954954
2025-10-19 08:00:33.831490,46.06,24.89,136.24,36.6,51.8541122254455
2025-10-19 08:00:34.831490,59.46,92.06,95.25,116.66,52.30374566945027
2025-10-19 08:00:35.831489,48.13,98.78,130.7,14.66,51.49608168510589
2025-10-19 08:00:36.831489,11.7,63.44,174.12,29.38,51.925807352370896
2025-10-19 08:00:37.831488,78.37,78.63,281.81,99.8,53.15764692917174
2025-10-19 08:00:38.831488,29.81,94.36,248.65,135.79,53.303901728546
2025-10-19 08:00:39.831487,58.53,69.21,252.68,99.3,53.01215398658284
2025-10-19 08:00:40.831487,61.2,45.79,255.04,26.11,52.35389246691554
2025-10-19 08:00:41.831486,79.02,92.62,63.14,48.18,51.46929343387979
2025-10-19 08:00:42.831486,52.13,90.79,193.31,46.82,52.153825262306746
2025-10-19 08:00:43.831486,94.42,78.94,152.62,62.54,52.10729604056057
2025-10-19 08:00:44.831485,21.46,48.01,163.72,107.89,52.65374910510612
2025-10-19 08:00:45.831485,38.17,83.53,259.68,83.88,52.877870709560284
2025-10-19 08:00:46.831484,15.48,76.1,160.22,86.4,52.3830507762448
2025-10-19 08:00:47.831484,26.46,37.5,239.77,77.53,52.78264977968536
2025-10-19 08:00:48.831483,88.5,29.43,210.12,63.76,52.5039397956124
2025-10-19 08:00:49.831483,82.69,74.66,152.02,78.57,52.26583519581102
2025-10-19 08:00:50.831482,90.19,28.25,159.71,19.11,51.80497557417743
2025-10-19 08:00:51.831482,74.07,69.53,292.38,134.53,53.56421739697855
2025-10-19 08:00:52.831481,64.72,96.53,282.85,131.18,53.438456516275814
2025-10-19 08:00:53.831481,46.78,72.94,260.22,35.67,52.43124772304304
2025-10-19 08:00:54.831480,19.35,34.41,70.11,29.51,51.41759034852542
2025-10-19 08:00:55.831480,21.4,65.16,164.79,77.69,52.340441285136066
2025-10-19 08:00:56.831479,53.11,87.45,152.57,138.84,52.8314294669118
2025-10-19 08:00:57.831479,81.5,62.84,151.97,138.94,52.867931516072595
2025-10-19 08:00:58.831479,22.94,90.3,227.56,21.01,52.08783700152582
2025-10-19 08:00:59.831478,63.04,64.42,81.75,61.54,51.742202426119285
2025-10-19 08:01:00.831478,14.8,30.81,98.31,41.64,51.69107179193523
2025-10-19 08:01:01.831477,25.13,66.08,72.92,141.17,52.46245359324714
2025-10-19 08:01:02.831477,36.12,39.59,268.67,31.6,52.48949030829175
2025-10-19 08:01:03.831476,32.97,97.44,117.38,95.75,52.21120669933776
2025-10-19 08:01:04.831476,47.21,40.23,85.57,23.0,51.42799986062449
2025-10-19 08:01:05.831475,65.25,93.39,220.39,121.39,53.015343347066356
2025-10-19 08:01:06.831475,87.85,23.38,71.4,115.5,52.273332476180734
2025-10-19 08:01:07.831474,61.34,87.81,120.46,137.53,52.64680356470403
2025-10-19 08:01:08.831474,50.92,34.92,70.49,34.46,51.46668073496857
2025-10-19 08:01:09.831473,56.18,88.22,100.15,18.06,51.382515409632454
2025-10-19 08:01:10.831473,37.65,20.34,221.39,107.94,53.00560923008743
2025-10-19 08:01:11.831473,65.51,59.75,136.67,46.63,51.89852236203515
2025-10-19 08:01:12.831472,29.52,56.9,208.33,135.64,53.146201560547844
2025-10-19 08:01:13.831472,66.5,20.0,161.2,70.67,52.32448270994152
2025-10-19 08:01:14.831471,29.42,38.25,238.22,112.17,53.10815313274222
2025-10-19 08:01:15.831471,25.17,29.86,197.38,23.93,52.05011844424456
2025-10-19 08:01:16.831470,93.05,51.63,288.99,144.34,53.669157906518514
2025-10-19 08:01:17.831470,76.53,80.29,51.05,11.79,51.07229024451538
2025-10-19 08:01:18.831469,32.13,41.0,136.3,95.95,52.4029690672078
2025-10-19 08:01:19.831469,79.09,68.97,286.72,49.81,52.71567359299001
2025-10-19 08:01:20.831468,70.13,83.63,282.64,105.0,53.2044891355958
2025-10-19 08:01:21.831468,82.42,37.26,247.89,91.62,52.962614887040885
2025-10-19 08:01:22.831466,56.8,58.22,263.51,78.77,52.88874143244202
2025-10-19 08:01:23.831466,69.19,65.82,79.92,31.91,51.44371860928101
2025-10-19 08:01:24.831465,26.22,83.11,298.65,74.97,53.00038334693436
2025-10-19 08:01:25.831465,34.88,73.49,215.36,124.03,53.04534672226221
2025-10-19 08:01:26.831464,76.01,62.76,221.7,15.63,52.0478852343037
2025-10-19 08:01:27.831464,60.78,94.31,92.78,96.54,52.09246633451101
2025-10-19 08:01:28.831464,38.27,35.24,183.32,88.38,52.589812642006294
2025-10-19 08:01:29.831463,68.2,20.48,106.41,127.47,52.58051433315676
2025-10-19 08:01:30.831463,84.34,73.54,79.49,40.3,51.51040016307895
2025-10-19 08:01:31.831462,84.02,40.14,95.47,129.47,52.51051369922318
2025-10-19 08:01:32.831462,51.26,76.71,232.11,80.6,52.70973026690235
2025-10-19 08:01:33.831461,16.46,86.85,252.53,44.36,52.452335384418326
2025-10-19 08:01:34.831461,70.18,25.73,249.23,127.8,53.337764823646694
2025-10-19 08:01:35.831460,86.24,84.85,149.53,37.11,51.835600363081994
2025-10-19 08:01:36.831460,57.97,85.71,112.78,121.96,52.45855922269233
2025-10-19 08:01:37.831459,63.51,34.84,204.45,83.57,52.65671573683493
2025-10-19 08:01:38.831459,47.81,86.88,198.99,67.93,52.39442437079199
2025-10-19 08:01:39.831458,87.93,27.81,176.73,75.53,52.442077585491084
2025-10-19 08:01:40.831458,15.08,44.78,70.38,128.53,52.36019889770523
2025-10-19 08:01:41.831458,86.99,83.95,194.18,139.05,53.06106897649657
2025-10-19 08:01:42.831457,91.87,52.17,134.13,138.47,52.784958322072626
2025-10-19 08:01:43.831457,23.69,53.92,144.16,113.97,52.59883351609268
2025-10-19 08:01:44.831456,26.1,78.56,249.31,12.88,52.14379601259984
2025-10-19 08:01:45.831456,54.84,58.81,241.41,94.67,52.92359834936118
2025-10-19 08:01:46.831455,56.41,25.4,294.75,81.8,53.13644946731222
2025-10-19 08:01:47.831455,94.7,30.57,91.84,129.07,52.50233393524627
2025-10-19 08:01:48.831454,59.99,91.54,293.19,64.26,52.85440829512658
2025-10-19 08:01:49.831454,65.18,44.6,171.78,58.87,52.22813105730033
2025-10-19 08:01:50.831453,90.17,43.82,274.47,93.41,53.111472507749895
2025-10-19 08:01:51.831453,23.76,95.27,288.38,97.48,53.144089273114986
2025-10-19 08:01:52.831452,54.87,34.69,89.7,64.01,51.855317701373906
2025-10-19 08:01:53.831452,11.17,21.89,183.09,39.45,52.13646191597871
2025-10-19 08:01:54.831452,75.52,69.59,293.95,78.85,53.03409601640086
2025-10-19 08:01:55.831451,88.45,57.4,103.26,72.66,51.97559191335035
2025-10-19 08:01:56.831451,80.95,72.8,87.72,75.71,51.897896739996014
2025-10-19 08:01:57.831450,30.83,27.92,223.05,17.52,52.128207063995184
2025-10-19 08:01:58.831450,58.81,53.18,62.01,75.85,51.79290258630572
2025-10-19 08:01:59.831449,73.04,80.0,176.61,72.12,52.3263131921987
2025-10-19 08:02:00.831449,17.29,79.2,267.24,105.31,53.132260001629184
2025-10-19 08:02:01.831448,31.99,40.14,233.87,95.04,52.91631798001484
2025-10-19 08:02:02.831448,46.71,54.25,243.83,48.74,52.49956539159736
2025-10-19 08:02:03.831447,33.21,27.24,204.06,93.36,52.76126296462539
2025-10-19 08:02:04.831447,62.28,50.32,61.85,139.3,52.410090740601284
2025-10-19 08:02:05.831446,46.73,66.66,148.65,66.54,52.14411371808805
2025-10-19 08:02:06.831446,19.86,93.05,118.4,92.55,52.192618303071804
2025-10-19 08:02:07.831446,15.5,80.34,180.48,38.57,52.02201739859146
2025-10-19 08:02:08.831445,14.2,84.05,245.5,123.05,53.180125154518294
2025-10-19 08:02:09.831445,91.51,31.9,111.03,94.11,52.264618404308585
2025-10-19 08:02:10.831444,71.02,50.06,294.17,72.82,53.00770364531867
2025-10-19 08:02:11.831444,35.47,20.05,173.36,83.9,52.51723953612827
2025-10-19 08:02:12.831443,62.81,55.2,231.21,128.33,53.20031765868304
2025-10-19 08:02:13.831443,75.47,72.41,53.51,77.47,51.73292819440426
2025-10-19 08:02:14.831442,46.91,59.03,281.91,28.92,52.50364633046046
2025-10-19 08:02:15.831442,11.69,27.09,108.87,51.2,51.84573491398814
2025-10-19 08:02:16.831441,31.3,88.78,54.33,48.81,51.434405017172
2025-10-19 08:02:17.831441,10.19,39.68,261.1,17.57,52.31327719838546
2025-10-19 08:02:18.831440,84.55,36.23,69.28,118.66,52.27234610255175
2025-10-19 08:02:19.831440,33.61,36.43,290.96,69.34,52.978373813888254
2025-10-19 08:02:20.831440,21.78,51.81,191.19,102.35,52.74082298936086
2025-10-19 08:02:21.831439,30.76,70.8,242.53,58.05,52.55660031235514
2025-10-19 08:02:22.831439,14.19,60.83,270.35,23.14,52.383219097549464
2025-10-19 08:02:23.831438,47.49,71.22,287.21,12.74,52.35629285250132
2025-10-19 08:02:24.831438,35.19,23.95,229.59,79.83,52.77188126950298
2025-10-19 08:02:25.831437,37.6,62.24,233.42,102.48,52.95107158147404
2025-10-19 08:02:26.831437,16.93,32.2,160.47,101.1,52.59563062623574
2025-10-19 08:02:27.831436,51.44,87.66,149.87,85.79,52.303711430630756
2025-10-19 08:02:28.831436,74.47,43.92,62.91,15.3,51.22678396265327
2025-10-19 08:02:29.831435,70.42,90.43,289.92,22.09,52.43093153506029
2025-10-19 08:02:30.831435,11.42,39.73,275.02,105.75,53.24016981930897
2025-10-19 08:02:31.831435,38.75,70.05,172.86,33.53,51.94880647756563
2025-10-19 08:02:32.831434,20.64,50.97,77.01,95.22,52.063747476685656
2025-10-19 08:02:33.831434,27.86,71.13,69.28,16.89,51.23332933520318
2025-10-19 08:02:34.831433,28.97,96.04,95.82,78.42,51.93075530308455
2025-10-19 08:02:35.831433,34.53,68.86,187.07,126.65,52.926967008686226
2025-10-19 08:02:36.831432,29.22,25.89,143.71,130.74,52.80271285201045
2025-10-19 08:02:37.831432,69.9,86.17,190.31,47.91,52.15562441371683
2025-10-19 08:02:38.831431,76.33,62.57,274.49,31.3,52.48148258595584
2025-10-19 08:02:39.831431,91.21,85.43,299.86,89.04,53.13924229249835
2025-10-19 08:02:40.831430,56.88,96.93,174.14,85.42,52.41508688816568
2025-10-19 08:02:41.831430,41.43,78.82,252.5,65.33,52.667587888534
2025-10-19 08:02:42.831430,43.29,80.18,128.57,49.22,51.84817373263422
2025-10-19 08:02:43.831429,18.21,24.2,250.7,130.48,53.37393419315283
2025-10-19 08:02:44.831429,45.91,64.96,144.64,104.59,52.4933164659981
2025-10-19 08:02:45.831428,41.01,51.65,255.54,129.21,53.344279937465494
2025-10-19 08:02:46.831428,67.18,72.43,253.58,91.03,52.931921247284606
2025-10-19 08:02:47.831427,67.54,30.65,223.91,141.77,53.32995635735706
2025-10-19 08:02:48.831427,90.94,48.15,90.96,145.87,52.63241518984171
2025-10-19 08:02:49.831426,61.77,85.51,72.92,92.76,51.96376099162673
2025-10-19 08:02:50.831426,69.08,69.02,168.84,89.39,52.46911799345026
2025-10-19 08:02:51.831425,54.96,68.99,115.07,17.06,51.4827527149127
2025-10-19 08:02:52.831425,38.11,56.69,114.34,76.38,52.07182183217076
2025-10-19 08:02:53.831424,62.63,57.13,152.44,44.93,51.970382729202925
2025-10-19 08:02:54.831424,70.83,47.59,95.53,139.51,52.59619064913918
2025-10-19 08:02:55.831423,88.02,47.53,142.87,131.02,52.76687402370877
2025-10-19 08:02:56.831423,36.76,53.72,83.7,36.32,51.52558431487847
2025-10-19 08:02:57.831423,36.02,87.26,178.42,13.56,51.75829095887538
2025-10-19 08:02:58.831422,15.92,42.28,62.85,101.46,52.062183659741166
2025-10-19 08:02:59.831422,57.27,98.49,291.45,14.09,52.349053864470335
2025-10-19 08:03:00.831421,11.88,65.59,97.92,17.25,51.39840104736774
2025-10-19 08:03:01.831421,52.65,27.35,110.47,37.13,51.717813687237836
2025-10-19 08:03:02.831420,70.74,47.4,231.58,37.8,52.33917533747063
2025-10-19 08:03:03.831420,14.96,48.19,283.11,108.54,53.29701321998133
2025-10-19 08:03:04.831419,28.07,98.26,137.44,99.87,52.35682827628958
2025-10-19 08:03:05.831419,82.29,55.72,142.71,92.02,52.37601142299336
2025-10-19 08:03:06.831418,36.05,26.56,175.2,50.41,52.19297652646289
2025-10-19 08:03:07.831418,94.54,87.05,64.84,78.09,51.77635470256767
2025-10-19 08:03:08.831418,49.38,65.86,194.61,99.74,52.71172435036518
2025-10-19 08:03:09.831417,80.19,94.61,223.22,94.16,52.765223515872044
2025-10-19 08:03:10.831417,41.86,38.11,154.32,108.49,52.624960201774506
2025-10-19 08:03:11.831416,63.62,80.96,252.16,19.51,52.21934045974645
2025-10-19 08:03:12.831416,11.49,34.07,105.79,10.1,51.4208846871524
2025-10-19 08:03:13.831415,16.86,64.21,256.75,102.12,53.069016998427855
2025-10-19 08:03:14.831415,76.72,28.22,73.38,41.75,51.56314463516746
2025-10-19 08:03:15.831414,92.58,28.42,295.07,16.37,52.50071754690083
2025-10-19 08:03:16.831414,25.13,27.11,273.72,16.81,52.393075371319235
2025-10-19 08:03:17.831413,62.56,85.43,63.59,82.98,51.81951729043025
2025-10-19 08:03:18.831413,60.27,33.41,276.98,13.36,52.36719917081518
2025-10-19 08:03:19.831413,50.37,60.39,73.02,109.55,52.16618890769203
2025-10-19 08:03:20.831412,49.53,71.05,60.26,66.54,51.66540860548898
2025-10-19 08:03:21.831412,41.67,44.8,281.57,91.39,53.12829452238476
2025-10-19 08:03:22.831411,59.19,36.3,139.4,124.2,52.70008196627569
2025-10-19 08:03:23.831411,14.71,22.73,111.91,107.35,52.41177607733903
2025-10-19 08:03:24.831410,53.17,97.17,137.46,19.26,51.57917891412988
2025-10-19 08:03:25.831410,14.92,35.5,114.58,146.94,52.78874893995551
2025-10-19 08:03:26.831409,78.33,71.39,299.73,11.0,52.40602743317188
2025-10-19 08:03:27.831409,75.71,29.33,102.85,45.06,51.75070460060094
2025-10-19 08:03:28.831408,45.17,37.08,206.98,72.81,52.56264847944673
2025-10-19 08:03:29.831408,19.05,46.52,110.26,25.85,51.57744416444789
2025-10-19 08:03:30.831407,62.79,84.78,166.75,125.71,52.78435738011907
2025-10-19 08:03:31.831407,94.16,60.95,200.78,96.99,52.72579471963766
2025-10-19 08:03:32.831406,66.46,73.43,222.64,65.54,52.51872045304746
2025-10-19 08:03:33.831406,45.4,92.25,149.09,120.28,52.625829925776074
2025-10-19 08:03:34.831406,77.67,72.61,124.06,90.12,52.23150595114888
2025-10-19 08:03:35.831405,92.17,26.78,50.08,100.75,52.01155435758077
2025-10-19 08:03:36.831405,31.48,33.99,215.33,45.79,52.35080732075743
2025-10-19 08:03:37.831404,22.82,27.15,102.46,32.29,51.628572727080105
2025-10-19 08:03:38.831404,92.24,25.01,294.32,29.54,52.62943137315979
2025-10-19 08:03:39.831403,39.08,74.73,227.75,28.99,52.19052324648958
2025-10-19 08:03:40.831403,26.36,72.18,192.32,61.03,52.31524025272127
2025-10-19 08:03:41.831402,86.47,93.99,50.27,102.54,51.92408448793489
2025-10-19 08:03:42.831402,65.1,90.24,82.75,38.96,51.488556711696205
2025-10-19 08:03:43.831401,15.08,54.83,263.37,17.5,52.300869745864816
2025-10-19 08:03:44.831401,30.43,80.11,263.33,103.24,53.08994117887335
2025-10-19 08:03:45.831400,81.37,38.34,77.71,80.78,51.94773425024222
2025-10-19 08:03:46.831400,26.19,78.41,169.62,95.28,52.5154552539488
2025-10-19 08:03:47.831400,19.68,20.58,257.37,130.2,53.41252692467078
2025-10-19 08:03:48.831399,37.78,39.29,108.13,25.82,51.577165348045554
2025-10-19 08:03:49.831399,71.39,96.24,254.53,93.51,52.923494366258744
2025-10-19 08:03:50.831398,80.11,51.65,71.52,78.56,51.87227676051398
2025-10-19 08:03:51.831398,85.21,30.99,249.82,90.98,52.97659733745973
2025-10-19 08:03:52.831397,41.6,31.42,161.61,148.72,53.06341285145707
2025-10-19 08:03:53.831397,67.84,79.37,185.83,13.2,51.80678122485531
2025-10-19 08:03:54.831396,25.21,49.16,218.12,42.33,52.308363795003075
2025-10-19 08:03:55.831396,50.07,28.22,97.3,111.21,52.36247630698457
2025-10-19 08:03:56.831395,93.39,44.7,130.39,146.31,52.852563940324096
2025-10-19 08:03:57.831395,23.01,87.21,242.16,48.99,52.44118783769195
2025-10-19 08:03:58.831395,24.35,63.16,246.64,122.87,53.21735169810471
2025-10-19 08:03:59.831394,10.32,90.51,67.13,78.91,51.79106079479734
2025-10-19 08:04:00.831394,74.02,23.82,124.15,82.89,52.238873148038856
2025-10-19 08:04:01.831393,58.93,48.37,51.86,23.11,51.23631843891314
2025-10-19 08:04:02.831393,76.35,34.63,283.56,24.6,52.509087614088706
2025-10-19 08:04:03.831392,53.86,87.85,275.16,124.91,53.35044402917658
2025-10-19 08:04:04.831392,81.47,56.54,153.04,56.05,52.08204071174553
2025-10-19 08:04:05.831391,22.26,46.5,248.59,13.63,52.19766959118165
2025-10-19 08:04:06.831391,10.23,81.87,88.47,62.65,51.76133738448773
2025-10-19 08:04:07.831390,50.72,21.55,139.3,147.7,52.950002790528224
2025-10-19 08:04:08.831390,54.06,75.46,75.48,86.76,51.935226703506
2025-10-19 08:04:09.831389,16.44,90.16,277.63,70.69,52.83570260797474
2025-10-19 08:04:10.831389,53.93,52.04,203.3,138.62,53.15581872552003
2025-10-19 08:04:11.831389,77.56,89.67,239.6,71.31,52.639478221295356
2025-10-19 08:04:12.831388,72.8,43.88,136.26,16.27,51.627743208815424
2025-10-19 08:04:13.831388,89.07,93.99,227.36,52.97,52.390003733288424
2025-10-19 08:04:14.831387,52.76,22.04,220.69,144.14,53.349238907634934
2025-10-19 08:04:15.831387,41.56,97.51,115.51,120.29,52.43840873143755
2025-10-19 08:04:16.831386,87.5,24.31,279.84,106.99,53.30215972500928
2025-10-19 08:04:17.831386,26.33,41.55,264.67,85.06,52.98199493054068
2025-10-19 08:04:18.831385,65.64,60.61,168.98,115.49,52.735481432755385
2025-10-19 08:04:19.831385,52.26,21.58,275.88,42.23,52.659112192950666
2025-10-19 08:04:20.831384,72.39,89.65,80.81,130.72,52.36641899358101
2025-10-19 08:04:21.831384,77.33,25.85,200.81,42.78,52.257011796992046
2025-10-19 08:04:22.831384,39.65,82.2,142.38,23.56,51.67058343740148
2025-10-19 08:04:23.831383,82.22,58.3,70.35,99.15,52.0546626344828
2025-10-19 08:04:24.831383,16.91,81.73,255.92,140.94,53.412385642889575
2025-10-19 08:04:25.831382,88.31,62.7,72.26,56.86,51.64900146374451
2025-10-19 08:04:26.831382,93.34,64.74,150.22,24.28,51.7468759097033
2025-10-19 08:04:27.831381,51.76,21.07,142.24,15.34,51.68657393312583
2025-10-19 08:04:28.831381,41.17,24.62,105.55,145.31,52.74191419154645
2025-10-19 08:04:29.831380,11.52,37.11,151.18,101.44,52.54160288853034
2025-10-19 08:04:30.831380,92.61,82.2,141.78,145.44,52.84591983986986
2025-10-19 08:04:31.831379,72.76,86.6,74.19,36.18,51.4217143314126
2025-10-19 08:04:32.831379,23.78,43.6,181.4,30.51,52.00682157173346
2025-10-19 08:04:33.831379,64.79,98.87,264.22,49.77,52.548125194299935
2025-10-19 08:04:34.831378,31.85,24.31,109.65,135.33,52.66778324534033
2025-10-19 08:04:35.831378,78.94,43.19,289.39,18.9,52.471615045708496
2025-10-19 08:04:36.831377,37.37,68.94,194.94,38.21,52.11366306335986
2025-10-19 08:04:37.831377,90.28,35.56,258.13,79.06,52.8984973246506
2025-10-19 08:04:38.831376,56.22,73.6,97.1,19.01,51.398434548101484
2025-10-19 08:04:39.831376,35.63,97.13,285.73,70.23,52.8635183207861
2025-10-19 08:04:40.831375,15.37,92.74,90.37,25.84,51.39842842840048
2025-10-19 08:04:41.831375,42.17,49.79,107.97,96.13,52.23965794450128
2025-10-19 08:04:42.831374,78.59,68.17,284.96,147.14,53.648687249389354
2025-10-19 08:04:43.831374,21.71,79.37,141.01,95.07,52.35920332666089
2025-10-19 08:04:44.831373,57.0,82.31,158.73,97.74,52.474976771109944
2025-10-19 08:04:45.831373,43.73,88.79,292.11,117.38,53.3666250052308
2025-10-19 08:04:46.831372,35.01,39.74,259.17,73.08,52.839644293737166
2025-10-19 08:04:47.831372,60.96,50.34,115.65,146.97,52.771391232131705
2025-10-19 08:04:48.831372,46.53,31.05,64.81,133.4,52.399171333973655
2025-10-19 08:04:49.831371,12.11,32.67,157.08,133.25,52.887675968341135
2025-10-19 08:04:50.831371,43.53,21.31,296.39,21.96,52.573008266833824
2025-10-19 08:04:51.831370,91.88,20.24,104.0,36.6,51.689345744250595
2025-10-19 08:04:52.831370,92.58,40.08,122.51,114.75,52.51260073248869
2025-10-19 08:04:53.831369,32.8,92.99,206.08,100.47,52.73730175494283
2025-10-19 08:04:54.831369,41.57,72.54,157.38,106.47,52.56756572220748
2025-10-19 08:04:55.831368,14.03,97.12,138.66,37.93,51.76619547824009
2025-10-19 08:04:56.831368,54.43,67.57,129.37,17.56,51.5661511272578
2025-10-19 08:04:57.831367,24.65,85.47,275.13,20.12,52.340745780900804
2025-10-19 08:04:58.831367,94.91,68.87,257.31,76.61,52.81799775192247
2025-10-19 08:04:59.831366,59.27,53.72,75.03,145.77,52.53765191443279
2025-10-19 08:05:00.831366,33.82,45.52,139.76,136.66,52.80797471497684
2025-10-19 08:05:01.831365,32.12,57.58,192.08,73.29,52.45549064131996
2025-10-19 08:05:02.831365,43.76,27.63,230.47,48.14,52.46435411139156
2025-10-19 08:05:03.831364,31.96,43.72,264.86,76.3,52.89488708763996
2025-10-19 08:05:04.831364,41.54,61.1,190.03,135.03,53.03601298733916
2025-10-19 08:05:05.831364,10.48,90.59,147.19,117.0,52.58658482493453
2025-10-19 08:05:06.831363,69.46,56.81,116.96,103.29,52.34582832489746
2025-10-19 08:05:07.831363,59.47,30.72,134.86,112.7,52.57343112944792
2025-10-19 08:05:08.831362,27.7,23.67,211.38,86.96,52.7440681052382
2025-10-19 08:05:09.831362,17.51,63.5,118.45,24.11,51.57760672872343
2025-10-19 08:05:10.831361,13.69,82.72,87.94,10.22,51.25018984461803
2025-10-19 08:05:11.831361,93.44,34.55,155.67,135.97,52.90349213697253
2025-10-19 08:05:12.831360,44.53,61.99,241.81,49.96,52.48839708776552
2025-10-19 08:05:13.831360,56.45,68.64,241.21,65.6,52.62596057204744
2025-10-19 08:05:14.831359,31.05,59.85,153.0,87.57,52.381404957949286
2025-10-19 08:05:15.831359,62.7,83.73,127.14,67.76,52.01422859344279
2025-10-19 08:05:16.831358,69.81,96.72,222.53,148.03,53.27912421725691
2025-10-19 08:05:17.831358,13.49,77.84,150.78,31.95,51.80341112279792
2025-10-19 08:05:18.831357,87.14,96.11,195.42,64.84,52.33096109092809
2025-10-19 08:05:19.831357,69.39,37.07,243.07,92.5,52.945695787472786
2025-10-19 08:05:20.831356,15.01,62.58,70.85,139.82,52.44385982332797
2025-10-19 08:05:21.831356,36.62,50.1,206.05,71.89,52.52829407935227
2025-10-19 08:05:22.831356,78.09,29.54,246.18,105.26,53.09753352017068
2025-10-19 08:05:23.831355,26.62,88.3,83.14,55.06,51.64937371242085
2025-10-19 08:05:24.831355,45.45,81.26,299.61,84.81,53.10356902881939
2025-10-19 08:05:25.831354,22.3,70.35,159.42,95.92,52.47988674179863
2025-10-19 08:05:26.831354,91.05,60.79,188.38,146.97,53.14314964430447
2025-10-19 08:05:27.831353,79.23,92.51,176.33,135.05,52.91363926410987
2025-10-19 08:05:28.831353,25.93,37.22,192.95,147.72,53.21189560820797
2025-10-19 08:05:29.831352,81.94,56.68,88.22,60.9,51.78273168402571
2025-10-19 08:05:30.831352,50.45,36.86,250.21,33.99,52.41836496311455
2025-10-19 08:05:31.831351,91.03,46.32,102.81,44.01,51.713594625962735
2025-10-19 08:05:32.831351,19.74,51.07,166.94,48.24,52.08932408461149
2025-10-19 08:05:33.831350,28.07,47.61,71.09,48.79,51.58847480072927
2025-10-19 08:05:34.831350,76.94,49.03,274.44,71.42,52.89047554008103
2025-10-19 08:05:35.831350,51.78,39.18,118.5,68.91,52.04935588027716
2025-10-19 08:05:36.831349,41.25,61.37,291.9,43.03,52.68972515794941
2025-10-19 08:05:37.831349,65.36,35.1,154.93,24.51,51.8208954761494
2025-10-19 08:05:38.831348,74.77,31.22,228.44,118.39,53.127161890786326
2025-10-19 08:05:39.831348,12.57,48.3,51.09,41.09,51.40617924152623
2025-10-19 08:05:40.831347,71.96,84.23,104.35,70.09,51.91432681785286
2025-10-19 08:05:41.831347,89.04,39.66,277.5,29.32,52.514464742612695
2025-10-19 08:05:42.831346,11.38,84.45,122.81,145.87,52.74528091541754
2025-10-19 08:05:43.831346,86.74,39.26,98.52,43.98,51.70151889263335
2025-10-19 08:05:44.831345,50.89,44.24,267.02,72.93,52.87301112436844
2025-10-19 08:05:45.831345,60.3,65.65,57.14,95.07,51.933130665148354
2025-10-19 08:05:46.831344,20.96,78.38,241.37,128.89,53.22347644305546
2025-10-19 08:05:47.831344,68.09,95.46,134.6,39.35,51.760868485158234
2025-10-19 08:05:48.831343,24.74,58.26,95.58,34.74,51.56657129331185
2025-10-19 08:05:49.831343,26.3,82.28,162.97,18.48,51.731237840699634
2025-10-19 08:05:50.831343,91.25,46.05,130.53,66.59,52.08032038776755
2025-10-19 08:05:51.831342,78.46,24.5,283.15,13.52,52.41570451974766
2025-10-19 08:05:52.831342,86.99,37.54,188.11,100.36,52.72760225601628
2025-10-19 08:05:53.831341,27.64,47.61,133.54,107.85,52.4929016337046
2025-10-19 08:05:54.831341,72.96,48.14,285.94,141.99,53.63564783108727
2025-10-19 08:05:55.831340,28.02,47.35,272.73,36.46,52.54594102904852
2025-10-19 08:05:56.831340,26.31,32.52,290.25,25.84,52.56010815814002
2025-10-19 08:05:57.831339,22.41,96.7,257.71,78.01,52.78986419219276
2025-10-19 08:05:58.831339,46.5,33.01,246.74,110.17,53.14253867273653
2025-10-19 08:05:59.831338,61.48,76.19,126.41,44.01,51.79254595068328
2025-10-19 08:06:00.831338,11.5,23.01,129.25,99.15,52.42459894165566
2025-10-19 08:06:01.831337,93.59,64.87,166.18,128.35,52.83818241976248
2025-10-19 08:06:02.831337,42.78,89.23,65.68,104.86,52.03626385468117
2025-10-19 08:06:03.831337,44.92,82.21,68.15,12.11,51.16363617178847
2025-10-19 08:06:04.831336,10.76,55.26,283.81,10.53,52.34189690938999
2025-10-19 08:06:05.831336,33.23,34.54,76.9,100.96,52.1445260662033
2025-10-19 08:06:06.831335,47.92,65.58,207.71,26.09,52.06991735502402
2025-10-19 08:06:07.831335,58.76,79.45,114.14,29.18,51.578520369748375
2025-10-19 08:06:08.831334,35.56,47.54,262.31,60.18,52.719388130123974
2025-10-19 08:06:09.831334,88.4,77.55,290.72,117.31,53.3762212537664
2025-10-19 08:06:10.831333,75.49,80.06,213.1,51.77,52.324211916463874
2025-10-19 08:06:11.831333,67.07,59.55,175.46,28.26,51.92825288030694
2025-10-19 08:06:12.831332,75.9,27.48,155.79,79.46,52.36882840303521
2025-10-19 08:06:13.831332,10.51,85.97,105.99,50.64,51.73226667740643
2025-10-19 08:06:14.831331,81.09,73.35,155.44,131.58,52.798741022724364
2025-10-19 08:06:15.831331,76.4,49.98,235.71,93.05,52.89140784801397
2025-10-19 08:06:16.831331,25.79,30.26,245.15,33.95,52.40135847312735
2025-10-19 08:06:17.831330,40.9,35.77,286.07,103.6,53.2845943667757
2025-10-19 08:06:18.831330,60.06,60.98,213.1,32.9,52.17177841202585
2025-10-19 08:06:19.831329,33.91,42.41,60.41,17.88,51.24076440943603
2025-10-19 08:06:20.831329,57.84,70.94,119.02,44.44,51.7655224929844
2025-10-19 08:06:21.831328,65.84,24.24,247.97,83.74,52.90733921562074
2025-10-19 08:06:22.831328,86.53,72.44,236.71,21.65,52.170977848317165
2025-10-19 08:06:23.831327,38.34,59.09,263.15,53.23,52.638487153041844
2025-10-19 08:06:24.831327,49.19,65.67,232.73,105.99,52.97593009911899
2025-10-19 08:06:25.831326,23.61,57.2,52.68,56.76,51.552180631514005
2025-10-19 08:06:26.831326,34.32,30.61,159.24,120.03,52.774614867530076
2025-10-19 08:06:27.831325,11.64,60.18,102.87,37.57,51.62982572721377
2025-10-19 08:06:28.831325,86.31,43.36,86.91,70.31,51.88769743576427
2025-10-19 08:06:29.831324,72.84,63.46,132.31,128.6,52.662033022169595
2025-10-19 08:06:30.831324,93.61,55.79,232.09,35.04,52.30200287640323
2025-10-19 08:06:31.831323,77.6,64.0,192.85,124.87,52.94825656774611
2025-10-19 08:06:32.831323,25.79,36.07,200.64,133.07,53.11309169762333
2025-10-19 08:06:33.831323,45.8,50.11,126.61,112.71,52.49897113675471
2025-10-19 08:06:34.831322,46.33,40.28,124.53,129.09,52.66173099754217
2025-10-19 08:06:35.831322,35.5,31.44,156.09,113.77,52.69596268056666
2025-10-19 08:06:36.831321,79.0,25.76,80.92,129.89,52.4595471518815
2025-10-19 08:06:37.831321,36.62,78.21,79.63,78.78,51.8758853428834
2025-10-19 08:06:38.831320,92.26,40.3,106.68,48.41,51.786273724724055
2025-10-19 08:06:39.831320,12.08,95.54,136.82,112.23,52.477317464072826
2025-10-19 08:06:40.831319,36.26,85.65,220.47,26.47,52.11010882592315
2025-10-19 08:06:41.831319,86.6,89.5,74.86,42.84,51.485125758057414
2025-10-19 08:06:42.831319,69.12,70.9,78.02,54.14,51.64053752936586
2025-10-19 08:06:43.831318,18.77,27.24,58.75,133.16,52.37050162573054
2025-10-19 08:06:44.831318,85.18,81.93,178.99,39.58,52.02132790292485
2025-10-19 08:06:45.831317,62.77,34.07,209.59,97.46,52.81967496361842
2025-10-19 08:06:46.831317,62.85,32.22,119.02,18.19,51.57264143085973
2025-10-19 08:06:47.831316,84.66,72.35,240.39,78.85,52.743867012523005
2025-10-19 08:06:48.831316,23.43,63.32,165.7,46.02,52.04195647377262
2025-10-19 08:06:49.831315,51.05,28.99,283.29,66.92,52.9257444598541
2025-10-19 08:06:50.831315,41.38,27.45,272.16,73.11,52.928615696922954
2025-10-19 08:06:51.831314,55.76,67.57,295.63,19.37,52.47109109306956
2025-10-19 08:06:52.831314,12.16,89.94,172.07,38.94,51.96559453167036
2025-10-19 08:06:53.831313,36.25,83.45,91.53,18.34,51.34672064117617
2025-10-19 08:06:54.831313,44.58,70.41,167.14,22.16,51.807764339105525
2025-10-19 08:06:55.831312,32.42,42.18,200.02,53.89,52.33452061379902
2025-10-19 08:06:56.831312,12.03,67.2,203.0,117.52,52.92632467568264
2025-10-19 08:06:57.831312,46.93,80.58,260.88,43.28,52.49633090137723
2025-10-19 08:06:58.831311,76.12,77.42,99.51,71.43,51.91216930441001
2025-10-19 08:06:59.831311,52.65,57.35,150.88,48.32,51.99448987036036
2025-10-19 08:07:00.831310,18.03,31.33,242.28,83.76,52.86600127261709
2025-10-19 08:07:01.831310,68.01,69.61,164.27,51.74,52.07973327513999
2025-10-19 08:07:02.831308,12.88,60.19,200.67,86.99,52.62970719707441
2025-10-19 08:07:03.831308,72.65,45.06,103.76,105.65,52.3166869763235
2025-10-19 08:07:04.831307,80.64,55.99,188.91,78.56,52.49203219063169
2025-10-19 08:07:05.831307,21.53,91.63,81.69,14.55,51.24467428766118
2025-10-19 08:07:06.831306,64.8,95.6,103.07,52.88,51.72318257002543
2025-10-19 08:07:07.831306,14.22,93.98,192.64,11.43,51.803018268276844
2025-10-19 08:07:08.831305,51.2,23.86,249.09,48.35,52.57170601942713
2025-10-19 08:07:09.831305,32.3,29.82,64.68,119.39,52.264941503684064
2025-10-19 08:07:10.831304,43.49,50.45,105.86,11.29,51.40698208583124
2025-10-19 08:07:11.831304,82.81,41.17,282.43,138.74,53.596457472805575
2025-10-19 08:07:12.831304,89.56,50.7,102.86,79.16,52.04685590469539
2025-10-19 08:07:13.831303,90.85,22.16,121.22,32.9,51.742460129000946
2025-10-19 08:07:14.831303,36.56,37.97,132.62,43.48,51.88072850146945
2025-10-19 08:07:15.831302,23.09,82.53,170.56,89.61,52.459160498382
2025-10-19 08:07:16.831302,58.94,77.6,82.0,27.4,51.3926682722747
2025-10-19 08:07:17.831301,10.37,78.85,104.18,90.87,52.12282354903277
2025-10-19 08:07:18.831301,22.93,23.0,237.54,100.95,53.02003431821322
2025-10-19 08:07:19.831300,93.26,51.2,130.74,10.66,51.532510407920164
2025-10-19 08:07:20.831300,33.53,91.9,92.64,44.22,51.58959558500231
2025-10-19 08:07:21.831299,85.36,38.12,144.81,113.94,52.62688308358212
2025-10-19 08:07:22.831299,51.25,88.26,119.61,91.01,52.19172533236627
2025-10-19 08:07:23.831298,68.77,98.62,135.2,148.81,52.817538770050405
2025-10-19 08:07:24.831298,80.94,55.45,78.47,58.99,51.71415661896051
2025-10-19 08:07:25.831297,91.31,32.5,114.66,39.28,51.752861808123605
2025-10-19 08:07:26.831297,40.74,89.92,218.02,103.17,52.83197378054867
2025-10-19 08:07:27.831296,54.27,24.86,242.64,90.32,52.9415400244657
2025-10-19 08:07:28.831296,47.26,82.01,241.39,128.3,53.212164246510206
2025-10-19 08:07:29.831296,26.26,31.12,187.96,147.54,53.19312196929198
2025-10-19 08:07:30.831295,71.27,31.62,279.01,49.98,52.734955373300245
2025-10-19 08:07:31.831295,21.13,50.02,63.88,128.52,52.31715938256978
2025-10-19 08:07:32.831294,18.68,52.9,212.44,62.37,52.46593906712129
2025-10-19 08:07:33.831294,69.48,48.64,237.41,90.32,52.876192907887656
2025-10-19 08:07:34.831293,16.08,44.15,277.76,19.16,52.410541177198276
2025-10-19 08:07:35.831293,23.53,68.8,213.86,86.87,52.685397778446784
2025-10-19 08:07:36.831292,34.58,32.95,112.04,74.31,52.07689726327537
2025-10-19 08:07:37.831292,89.83,67.13,223.45,24.69,52.13795465292992
2025-10-19 08:07:38.831291,41.65,61.39,65.51,11.57,51.177095129866665
2025-10-19 08:07:39.831291,57.08,85.86,143.79,122.39,52.62800163012924
2025-10-19 08:07:40.831290,21.92,60.28,128.77,135.97,52.719408699974046
2025-10-19 08:07:41.831290,88.3,49.14,119.79,26.89,51.63424438954119
2025-10-19 08:07:42.831289,15.19,93.57,181.38,106.66,52.66440405476292
2025-10-19 08:07:43.831289,50.66,72.43,63.8,14.34,51.1773750758753
2025-10-19 08:07:44.831288,35.9,83.59,51.8,83.81,51.76750848227083
2025-10-19 08:07:45.831288,63.26,64.23,233.13,68.25,52.61539858313312
2025-10-19 08:07:46.831288,89.38,91.38,216.52,27.54,52.09035227069597
2025-10-19 08:07:47.831287,48.99,72.02,222.48,41.73,52.28985108951474
2025-10-19 08:07:48.831287,36.77,56.81,151.1,30.11,51.82042951428275
2025-10-19 08:07:49.831286,73.02,25.36,298.1,89.58,53.2296235688575
2025-10-19 08:07:50.831286,25.25,51.08,116.56,76.65,52.095112717101735
2025-10-19 08:07:51.831285,36.05,34.58,131.2,143.95,52.84999653442862
2025-10-19 08:07:52.831285,71.35,79.29,86.55,117.21,52.28272719732655
2025-10-19 08:07:53.831284,69.83,40.17,78.64,43.34,51.587785405667475
2025-10-19 08:07:54.831284,23.23,28.08,125.1,98.62,52.38934227040171
2025-10-19 08:07:55.831283,36.63,81.88,249.09,139.89,53.36554022648627
2025-10-19 08:07:56.831283,50.55,43.24,88.06,73.26,51.922550139129434
2025-10-19 08:07:57.831282,37.97,71.41,128.95,125.2,52.598707852055924
2025-10-19 08:07:58.831282,78.13,21.63,175.79,141.93,53.088853775914146
2025-10-19 08:07:59.831281,22.87,40.0,172.12,110.17,52.73324045356115
2025-10-19 08:08:00.831281,86.84,47.23,245.92,86.5,52.886897619145216
2025-10-19 08:08:01.831281,14.93,84.89,226.86,38.47,52.26144870562906
2025-10-19 08:08:02.831280,24.1,89.92,168.59,59.87,52.1494371138826
2025-10-19 08:08:03.831280,12.18,68.12,266.05,63.04,52.73461199023022
2025-10-19 08:08:04.831279,85.43,31.52,206.56,141.25,53.23095045013936
2025-10-19 08:08:05.831279,20.55,24.38,241.99,37.46,52.42768751258462
2025-10-19 08:08:06.831278,37.94,28.55,52.38,99.99,52.01369591801323
2025-10-19 08:08:07.831278,27.55,65.78,133.59,110.24,52.487678308045126
2025-10-19 08:08:08.831277,42.64,49.28,147.16,96.1,52.449353172161516
2025-10-19 08:08:09.831277,39.15,97.4,293.7,126.33,53.44810271219385
2025-10-19 08:08:10.831276,24.86,68.6,182.42,105.42,52.69726916057382
2025-10-19 08:08:11.831276,36.65,71.3,113.04,118.02,52.44453076236583
2025-10-19 08:08:12.831275,19.85,62.6,256.07,82.63,52.87945982949326
2025-10-19 08:08:13.831275,70.6,72.9,85.0,59.51,51.726572320194315
2025-10-19 08:08:14.831274,44.89,94.06,111.77,67.12,51.9097402460187
2025-10-19 08:08:15.831274,24.82,61.36,219.87,112.49,52.976924949095846
2025-10-19 08:08:16.831273,29.77,71.38,155.45,21.48,51.737264984088185
2025-10-19 08:08:17.831273,40.27,40.42,107.13,122.44,52.504332215585414
2025-10-19 08:08:18.831273,72.63,37.11,224.68,14.9,52.097107275657876
2025-10-19 08:08:19.831272,59.43,70.83,176.38,100.33,52.612300984958395
2025-10-19 08:08:20.831272,41.4,41.32,244.45,106.55,53.08223080015106
2025-10-19 08:08:21.831271,70.34,78.3,214.1,58.12,52.39372230155227
2025-10-19 08:08:22.831271,19.06,21.11,231.77,50.79,52.50718056107051
2025-10-19 08:08:23.831270,94.0,60.99,219.25,26.78,52.1454108645622
2025-10-19 08:08:24.831270,56.81,86.96,240.46,25.27,52.203142849243534
2025-10-19 08:08:25.831269,86.03,55.03,164.14,53.61,52.12007148575852
2025-10-19 08:08:26.831269,94.64,53.83,281.76,129.47,53.48331580639718
2025-10-19 08:08:27.831268,79.31,36.56,209.36,110.45,52.9401368608589
2025-10-19 08:08:28.831268,10.49,38.53,54.33,148.5,52.47747073377383
2025-10-19 08:08:29.831267,32.92,35.02,239.98,44.0,52.46345043213279
2025-10-19 08:08:30.831267,74.91,97.95,256.95,13.45,52.15956630901984
2025-10-19 08:08:31.831266,18.64,85.75,170.99,110.58,52.65916012115504
2025-10-19 08:08:32.831266,82.11,55.07,115.81,115.36,52.45914177317599
2025-10-19 08:08:33.831265,45.46,47.96,251.79,27.79,52.349374425988266
2025-10-19 08:08:34.831265,25.07,40.46,218.5,95.06,52.833967976289955
2025-10-19 08:08:35.831264,81.79,87.53,128.9,89.79,52.23066418286108
2025-10-19 08:08:36.831264,53.85,36.02,208.25,113.62,52.965714905646394
2025-10-19 08:08:37.831263,57.63,71.89,280.22,73.13,52.90187922950375
2025-10-19 08:08:38.831263,19.49,80.75,124.06,10.2,51.445893311079075
2025-10-19 08:08:39.831262,33.98,36.7,153.37,89.91,52.44244645140283
2025-10-19 08:08:40.831262,76.15,68.79,61.58,120.16,52.1944992210784
2025-10-19 08:08:41.831262,30.45,51.42,104.14,75.26,52.01484307259319
2025-10-19 08:08:42.831261,58.09,51.44,244.14,28.21,52.30712491848783
2025-10-19 08:08:43.831261,54.9,71.86,153.31,143.71,52.9070102373783
2025-10-19 08:08:44.831260,26.28,27.63,214.18,76.55,52.65211900988153
2025-10-19 08:08:45.831260,23.76,42.06,111.44,86.13,52.17365042702015
2025-10-19 08:08:46.831259,43.14,86.89,262.27,108.5,53.12447357387415
2025-10-19 08:08:47.831259,92.56,59.12,157.01,67.03,52.205343047596365
2025-10-19 08:08:48.831258,54.31,53.08,199.36,14.29,51.930921678620706
2025-10-19 08:08:49.831258,93.19,89.14,82.02,89.81,51.97809425318732
2025-10-19 08:08:50.831257,31.79,34.68,189.35,75.43,52.497657967480066
2025-10-19 08:08:51.831257,50.66,82.17,150.87,80.03,52.261993402787546
2025-10-19 08:08:52.831256,82.68,66.89,173.88,135.26,52.94292012504051
2025-10-19 08:08:53.831256,34.77,86.77,211.97,26.07,52.059107975224165
2025-10-19 08:08:54.831255,88.89,57.94,119.4,48.3,51.8253385242152
2025-10-19 08:08:55.831255,20.0,34.75,52.82,94.51,51.953295524025485
2025-10-19 08:08:56.831254,88.09,41.41,288.11,146.27,53.699210147220946
2025-10-19 08:08:57.831254,71.84,29.55,75.87,90.66,52.04728528811207
2025-10-19 08:08:58.831254,82.04,84.05,63.23,114.79,52.12736004384076
2025-10-19 08:08:59.831253,82.89,54.05,277.37,32.72,52.52399695873811
2025-10-19 08:09:00.831253,50.29,65.12,127.04,89.39,52.25214302119118
2025-10-19 08:09:01.831252,93.5,93.89,132.78,134.45,52.67321055343265
2025-10-19 08:09:02.831252,66.18,58.6,145.88,70.53,52.180597337352374
2025-10-19 08:09:03.831251,69.75,93.83,76.56,37.83,51.43893904433752
2025-10-19 08:09:04.831251,62.41,74.14,289.72,95.64,53.16670947493289
2025-10-19 08:09:05.831250,78.79,85.87,293.07,32.03,52.551039348321865
2025-10-19 08:09:06.831250,63.92,90.79,289.5,80.87,52.99650607538716
2025-10-19 08:09:07.831249,93.72,89.52,134.63,119.69,52.54723957777547
2025-10-19 08:09:08.831249,40.01,63.53,215.46,27.54,52.12853199551826
2025-10-19 08:09:09.831249,92.67,73.27,99.16,26.12,51.47870088104199
2025-10-19 08:09:10.831248,35.69,46.31,77.88,133.11,52.44211003958085
2025-10-19 08:09:11.831248,87.78,89.75,243.36,36.19,52.31982316534481
2025-10-19 08:09:12.831247,21.28,28.44,218.57,91.29,52.816807196729236
2025-10-19 08:09:13.831247,29.27,40.68,204.82,135.63,53.15290099903849
2025-10-19 08:09:14.831246,14.46,32.74,94.19,95.64,52.18820473801091
2025-10-19 08:09:15.831246,73.58,32.86,290.85,93.73,53.21924924862832
2025-10-19 08:09:16.831245,21.52,55.53,276.42,108.47,53.24907384030709
2025-10-19 08:09:17.831245,87.14,46.52,246.67,25.37,52.300911708431116
2025-10-19 08:09:18.831244,14.22,93.19,116.67,125.94,52.50603397339882
2025-10-19 08:09:19.831244,89.97,37.19,240.93,53.55,52.55745080369302
2025-10-19 08:09:20.831243,89.74,92.54,204.02,85.78,52.58496711603016
2025-10-19 08:09:21.831243,28.23,50.44,282.24,132.52,53.520706433931366
2025-10-19 08:09:22.831243,28.29,29.48,283.25,26.96,52.53835977679886
2025-10-19 08:09:23.831242,52.44,86.85,236.29,131.88,53.21194117172404
2025-10-19 08:09:24.831242,33.84,61.31,117.65,21.38,51.550385613845116
2025-10-19 08:09:25.831241,59.76,95.23,278.06,125.5,53.36001174099156
2025-10-19 08:09:26.831241,39.86,43.0,203.97,14.56,51.974005608104235
2025-10-19 08:09:27.831240,23.61,24.77,183.0,134.5,53.050550060061845
2025-10-19 08:09:28.831240,31.0,46.76,295.72,136.07,53.63277783700887
2025-10-19 08:09:29.831239,94.12,88.12,279.58,15.66,52.31720034907047
2025-10-19 08:09:30.831239,63.98,26.76,217.84,122.71,53.11937606786527
2025-10-19 08:09:31.831238,55.81,67.25,125.88,133.05,52.66477624699768
2025-10-19 08:09:32.831238,22.97,82.28,79.03,64.46,51.72780668969477
2025-10-19 08:09:33.831237,42.92,41.65,266.54,46.33,52.61731273554703
2025-10-19 08:09:34.831237,52.36,65.94,80.4,129.01,52.385016443419644
2025-10-19 08:09:35.831237,71.76,56.67,76.02,46.44,51.577804699104156
2025-10-19 08:09:36.831236,58.44,64.35,209.38,59.99,52.40856903445853
2025-10-19 08:09:37.831236,82.62,59.31,221.28,94.87,52.81729833530295
2025-10-19 08:09:38.831235,14.15,36.92,296.08,79.65,53.104625561908215
2025-10-19 08:09:39.831235,16.22,66.27,50.06,63.65,51.5905432450986
2025-10-19 08:09:40.831234,11.91,71.96,255.57,35.47,52.40603629319809
2025-10-19 08:09:41.831234,93.35,87.27,198.85,128.72,52.98088226187911
2025-10-19 08:09:42.831233,56.51,54.27,116.12,101.82,52.33112840598433
2025-10-19 08:09:43.831233,47.88,91.21,232.91,104.24,52.9197674082999
2025-10-19 08:09:44.831232,18.89,87.7,198.79,48.84,52.207472169726735
2025-10-19 08:09:45.831232,43.12,90.64,212.78,148.9,53.24506502811631
2025-10-19 08:09:46.831231,81.08,34.52,59.64,130.61,52.33913531125786
2025-10-19 08:09:47.831231,93.68,21.82,168.32,97.29,52.61702852325092
2025-10-19 08:09:48.831230,42.74,20.06,155.23,133.05,52.89571630603813
2025-10-19 08:09:49.831230,33.64,20.22,241.09,39.78,52.45186535280945
2025-10-19 08:09:50.831230,66.54,68.48,275.34,70.97,52.86031256430666
2025-10-19 08:09:51.831229,48.07,48.15,193.57,47.08,52.22484518130377
2025-10-19 08:09:52.831229,35.29,25.4,131.4,57.39,52.02850759581314
2025-10-19 08:09:53.831228,12.12,89.1,79.64,98.13,52.04590523412185
2025-10-19 08:09:54.831228,87.69,72.41,83.05,49.36,51.618788072796136
2025-10-19 08:09:55.831227,23.6,83.04,190.61,53.37,52.21494890491697
2025-10-19 08:09:56.831227,79.2,62.87,259.62,128.21,53.338726908078705
2025-10-19 08:09:57.831226,48.61,65.19,201.01,59.72,52.35995987253107
2025-10-19 08:09:58.831226,36.4,39.86,273.81,37.79,52.576356075703224
2025-10-19 08:09:59.831225,48.65,59.51,149.46,104.97,52.53129705712529
2025-10-19 08:10:00.831225,11.38,95.15,130.67,149.16,52.80220559021051
2025-10-19 08:10:01.831224,21.36,93.56,182.63,113.89,52.741003550411676
2025-10-19 08:10:02.831224,68.61,92.03,54.66,142.07,52.33284386803572
2025-10-19 08:10:03.831223,89.99,40.94,293.06,142.3,53.68798275204404
2025-10-19 08:10:04.831223,36.95,74.64,111.35,64.65,51.914182645302745
2025-10-19 08:10:05.831223,27.88,23.06,266.24,55.46,52.73325731647075
2025-10-19 08:10:06.831222,14.86,61.17,111.5,24.15,51.544564405530245
2025-10-19 08:10:07.831222,68.58,51.31,288.63,49.27,52.74844482663192
2025-10-19 08:10:08.831221,44.22,69.21,291.68,91.6,53.145865944187754
2025-10-19 08:10:09.831221,67.03,60.72,214.4,41.91,52.26625031275852
2025-10-19 08:10:10.831220,81.81,39.49,138.73,34.11,51.82034419669998
2025-10-19 08:10:11.831220,66.33,93.56,208.59,147.12,53.200892001221206
2025-10-19 08:10:12.831219,60.7,91.43,58.17,74.27,51.696920049705206
2025-10-19 08:10:13.831219,53.1,98.98,270.64,35.43,52.44355674506436
2025-10-19 08:10:14.831218,36.37,25.56,178.78,137.13,53.05221288704256
2025-10-19 08:10:15.831218,22.33,51.19,247.7,94.94,52.97177733941165
2025-10-19 08:10:16.831217,25.33,51.1,55.22,126.72,52.251829936629
2025-10-19 08:10:17.831217,78.17,61.02,159.9,136.04,52.885081848727154
2025-10-19 08:10:18.831216,46.75,38.67,263.67,104.82,53.17226319541489
2025-10-19 08:10:19.831216,90.83,26.33,148.51,140.96,52.92646498478449
2025-10-19 08:10:20.831216,18.04,87.73,52.65,57.71,51.513150563544436
2025-10-19 08:10:21.831215,22.95,63.7,213.54,17.69,52.02276989658527
2025-10-19 08:10:22.831215,86.97,41.8,259.11,149.57,53.575714282090146
2025-10-19 08:10:23.831214,64.45,61.78,277.36,144.74,53.594972158855754
2025-10-19 08:10:24.831214,47.39,20.91,103.97,115.52,52.45126109912319
2025-10-19 08:10:25.831213,28.96,69.9,109.73,119.11,52.43960676134452
2025-10-19 08:10:26.831213,68.11,91.06,174.14,47.97,52.062197611102825
2025-10-19 08:10:27.831212,76.67,89.76,276.78,121.52,53.323304394391634
2025-10-19 08:10:28.831212,90.96,48.9,62.43,123.5,52.26264101079225
2025-10-19 08:10:29.831211,91.51,30.1,264.68,112.23,53.2627961680948
2025-10-19 08:10:30.831211,26.8,58.6,107.27,67.5,51.94521153859427
2025-10-19 08:10:31.831210,13.54,61.85,177.83,63.1,52.27417396240984
2025-10-19 08:10:32.831210,89.1,64.06,193.26,117.29,52.877054486388054
2025-10-19 08:10:33.831210,37.95,65.22,256.03,77.37,52.82425983271159
2025-10-19 08:10:34.831209,73.47,49.18,274.04,101.9,53.18283581525144
2025-10-19 08:10:35.831209,11.54,89.2,160.87,75.06,52.25624601151766
2025-10-19 08:10:36.831208,59.04,95.63,293.38,77.17,52.973819932800026
2025-10-19 08:10:37.831208,37.4,45.55,104.12,60.05,51.87690043278546
2025-10-19 08:10:38.831207,13.28,37.9,283.67,13.9,52.4010621369266
2025-10-19 08:10:39.831207,64.75,66.09,238.88,61.47,52.577601979880356
2025-10-19 08:10:40.831206,33.82,52.83,272.77,64.68,52.81040667161886
2025-10-19 08:10:41.831206,42.48,74.51,113.73,103.55,52.30324092262365
2025-10-19 08:10:42.831205,74.91,71.43,111.07,144.98,52.69450517934578
2025-10-19 08:10:43.831205,25.09,23.22,223.46,79.25,52.73470212708779
2025-10-19 08:10:44.831204,52.39,36.86,57.42,22.43,51.27753786252136
2025-10-19 08:10:45.831204,28.11,34.49,111.56,19.54,51.54230348259505
2025-10-19 08:10:46.831203,11.04,96.29,125.68,10.07,51.42882232104976
2025-10-19 08:10:47.831203,10.51,33.96,156.65,38.01,51.96241116921986
2025-10-19 08:10:48.831203,22.79,91.54,176.22,18.37,51.78632223731221
2025-10-19 08:10:49.831202,18.45,98.23,111.92,85.88,52.08538000361472
2025-10-19 08:10:50.831202,68.25,60.02,78.93,83.13,51.942844231013076
2025-10-19 08:10:51.831201,52.94,21.18,84.29,89.14,52.09070531806545
2025-10-19 08:10:52.831201,58.02,76.54,111.31,146.87,52.70601842757499
2025-10-19 08:10:53.831200,59.03,45.17,248.39,110.08,53.13133492947638
2025-10-19 08:10:54.831200,12.3,54.37,57.59,120.03,52.1946429148959
2025-10-19 08:10:55.831199,88.64,52.86,187.17,144.07,53.12113136670598
2025-10-19 08:10:56.831199,86.49,30.74,264.13,102.48,53.16457380854715
2025-10-19 08:10:57.831198,94.1,98.81,164.2,107.53,52.572867732883914
2025-10-19 08:10:58.831198,12.93,23.32,209.55,47.92,52.35734733255871
2025-10-19 08:10:59.831197,31.8,25.32,276.26,79.67,53.01728583344872
2025-10-19 08:11:00.831197,41.59,23.57,215.59,51.03,52.419265893356396
2025-10-19 08:11:01.831197,89.44,40.13,219.94,126.07,53.14203000277266
2025-10-19 08:11:02.831196,47.18,26.05,224.82,63.01,52.5804713469559
2025-10-19 08:11:03.831196,70.86,95.75,270.73,85.13,52.92970379628159
2025-10-19 08:11:04.831195,37.51,75.73,124.24,144.9,52.757260002869366
2025-10-19 08:11:05.831195,34.41,86.6,172.19,91.58,52.48050367974994
2025-10-19 08:11:06.831194,93.87,23.35,147.88,69.32,52.23505803861886
2025-10-19 08:11:07.831194,78.31,26.46,202.16,87.12,52.69201047514875
2025-10-19 08:11:08.831193,64.98,38.2,155.16,25.75,51.82923392964573
2025-10-19 08:11:09.831193,78.73,86.19,99.44,149.45,52.652418548488264
2025-10-19 08:11:10.831192,57.22,54.25,108.35,139.83,52.657230374495036
2025-10-19 08:11:11.831192,87.17,82.1,245.38,57.29,52.546676767193006
2025-10-19 08:11:12.831191,35.89,83.72,276.24,108.01,53.19929220022116
2025-10-19 08:11:13.831191,79.92,34.55,94.42,52.98,51.77407535807755
2025-10-19 08:11:14.831190,41.68,70.51,97.6,15.01,51.367288558823844
2025-10-19 08:11:15.831190,43.68,46.26,148.65,34.68,51.868149003773354
2025-10-19 08:11:16.831190,34.93,85.6,203.23,139.19,53.10813126935254
2025-10-19 08:11:17.831189,38.55,56.52,126.56,118.87,52.548179662544015
2025-10-19 08:11:18.831189,54.36,56.8,237.94,84.37,52.8086429969857
2025-10-19 08:11:19.831188,20.83,86.77,157.04,79.1,52.27869323324518
2025-10-19 08:11:20.831188,79.32,63.59,112.09,74.41,52.02990184373505
2025-10-19 08:11:21.831187,35.04,22.79,83.32,56.08,51.76331437085169
2025-10-19 08:11:22.831187,81.07,33.24,96.79,131.68,52.54979039219184
2025-10-19 08:11:23.831186,28.13,43.53,243.03,111.41,53.1181672387277
2025-10-19 08:11:24.831186,17.55,76.36,95.17,75.71,51.93205857877803
2025-10-19 08:11:25.831185,65.02,28.56,88.78,118.62,52.38811656978996
2025-10-19 08:11:26.831185,92.36,98.52,292.31,105.37,53.23624421068203
2025-10-19 08:11:27.831184,27.08,88.73,102.07,121.17,52.38900027467525
2025-10-19 08:11:28.831184,28.18,48.23,115.49,120.42,52.5171288250954
2025-10-19 08:11:29.831183,64.56,95.4,129.73,54.06,51.877209367182395
2025-10-19 08:11:30.831183,59.11,46.45,50.71,31.24,51.31181673109889
2025-10-19 08:11:31.831182,45.6,51.57,58.31,85.8,51.87190070254974
2025-10-19 08:11:32.831182,36.98,77.32,173.86,134.39,52.91798329212088
2025-10-19 08:11:33.831181,70.96,73.9,131.22,70.14,52.07449304928794
2025-10-19 08:11:34.831181,71.59,55.09,71.59,77.68,51.85872631497882
2025-10-19 08:11:35.831180,52.08,92.15,89.12,15.08,51.28863944622353
2025-10-19 08:11:36.831180,38.52,23.5,188.49,10.11,51.87904296675952
2025-10-19 08:11:37.831180,52.3,93.09,163.44,76.08,52.27370373262834
2025-10-19 08:11:38.831179,66.17,84.7,79.99,11.44,51.21643586870163
2025-10-19 08:11:39.831179,30.37,88.56,165.43,50.54,52.04449286967359
2025-10-19 08:11:40.831178,50.72,94.21,103.86,84.03,52.03079738269578
2025-10-19 08:11:41.831178,68.55,34.16,79.68,136.36,52.50226908562966
2025-10-19 08:11:42.831177,22.02,38.49,125.83,31.51,51.72792142628697
2025-10-19 08:11:43.831177,57.25,62.94,278.26,28.85,52.47733244375314
2025-10-19 08:11:44.831176,58.34,42.52,60.29,117.06,52.19898830055289
2025-10-19 08:11:45.831176,83.58,96.11,106.36,87.16,52.07141684921076
2025-10-19 08:11:46.831175,27.5,84.04,132.74,109.65,52.44869382365496
2025-10-19 08:11:47.831175,79.47,36.71,125.58,56.85,51.97441820185166
2025-10-19 08:11:48.831174,58.37,82.39,154.48,109.82,52.56897540432298
2025-10-19 08:11:49.831174,26.61,21.49,286.48,85.09,53.13027488031447
2025-10-19 08:11:50.831174,40.44,24.02,90.94,92.83,52.157411431434824
2025-10-19 08:11:51.831173,29.1,83.56,124.76,93.02,52.246048358559015
2025-10-19 08:11:52.831173,43.46,69.98,73.67,33.68,51.420925501152254
2025-10-19 08:11:53.831172,52.25,35.22,111.15,114.47,52.45690745225091
2025-10-19 08:11:54.831172,12.83,52.08,53.1,141.47,52.38159912101234
2025-10-19 08:11:55.831171,20.17,36.14,267.74,142.32,53.56058231901595
2025-10-19 08:11:56.831171,73.79,55.69,116.47,128.43,52.58807124972078
2025-10-19 08:11:57.831170,21.87,60.58,120.82,138.3,52.69903247889663
2025-10-19 08:11:58.831170,69.14,72.77,281.13,71.01,52.884851623489396
2025-10-19 08:11:59.831169,18.94,48.4,144.97,111.3,52.58602782691443
2025-10-19 08:12:00.831169,33.35,53.02,99.42,17.55,51.42909438711121
2025-10-19 08:12:01.831169,44.18,81.08,71.18,13.25,51.192611365146725
2025-10-19 08:12:02.831168,23.39,97.13,219.02,65.93,52.465864049758075
2025-10-19 08:12:03.831168,86.64,75.66,230.9,146.52,53.34234891187227
2025-10-19 08:12:04.831167,57.67,46.39,116.41,51.1,51.854634434131256
2025-10-19 08:12:05.831167,67.33,42.55,90.0,89.89,52.094797844579006
2025-10-19 08:12:06.831166,63.5,61.51,180.11,91.61,52.562561189351705
2025-10-19 08:12:07.831166,36.24,27.94,50.1,19.45,51.223691285141015
2025-10-19 08:12:08.831165,75.36,48.23,181.91,62.18,52.30849421382461
2025-10-19 08:12:09.831165,92.44,26.32,282.14,81.33,53.0631488064486
2025-10-19 08:12:10.831164,26.37,75.02,224.85,90.96,52.773816833678985
2025-10-19 08:12:11.831164,28.35,26.74,214.32,112.66,53.003438865672095
2025-10-19 08:12:12.831164,93.24,91.89,105.83,32.69,51.548523684855255
2025-10-19 08:12:13.831163,57.55,92.85,74.23,120.93,52.23159421185718
2025-10-19 08:12:14.831163,13.3,73.74,75.81,58.84,51.66971841764823
2025-10-19 08:12:15.831162,24.57,32.56,217.04,11.12,52.02693826423068
2025-10-19 08:12:16.831162,77.65,61.09,216.13,75.52,52.59989954820248
2025-10-19 08:12:17.831161,56.85,38.8,69.37,40.9,51.51686785842371
2025-10-19 08:12:18.831161,72.9,55.6,128.09,91.05,52.288784274829716
2025-10-19 08:12:19.831160,29.19,86.07,274.57,55.09,52.6749605079267
2025-10-19 08:12:20.831160,65.04,86.48,101.66,105.81,52.241827395406474
2025-10-19 08:12:21.831159,24.57,89.58,126.79,132.64,52.63052013499219
2025-10-19 08:12:22.831159,83.56,35.71,193.36,35.78,52.13403837438256
2025-10-19 08:12:23.831158,11.93,95.21,176.03,147.97,53.03272009601425
2025-10-19 08:12:24.831158,42.59,46.03,171.25,44.62,52.0852584408293
2025-10-19 08:12:25.831157,84.87,44.65,171.17,98.85,52.61138966684868
2025-10-19 08:12:26.831157,88.39,35.54,263.32,125.92,53.37935180261732
2025-10-19 08:12:27.831156,28.77,59.87,217.69,32.92,52.19821883297722
2025-10-19 08:12:28.831156,82.39,77.75,267.12,47.54,52.57528522111909
2025-10-19 08:12:29.831156,69.13,41.17,286.6,64.58,52.901612985778485
2025-10-19 08:12:30.831155,39.59,86.19,150.81,20.11,51.67593897689592
2025-10-19 08:12:31.831155,69.94,94.81,232.46,48.28,52.3705842852939
2025-10-19 08:12:32.831154,34.42,66.85,174.38,123.92,52.835997891232495
2025-10-19 08:12:33.831154,90.69,67.39,259.05,48.04,52.55335249569987
2025-10-19 08:12:34.831153,37.92,34.83,172.97,69.75,52.35506742582784
2025-10-19 08:12:35.831153,76.01,26.9,126.21,115.05,52.555997082613125
2025-10-19 08:12:36.831152,12.23,93.96,299.49,116.08,53.38530840126138
2025-10-19 08:12:37.831152,89.56,77.18,65.74,87.67,51.889329991633474
2025-10-19 08:12:38.831151,38.74,85.67,260.07,64.99,52.693923893767135
2025-10-19 08:12:39.831151,67.03,41.96,84.69,26.4,51.45345646711747
2025-10-19 08:12:40.831150,65.38,70.77,197.3,62.24,52.35574147981009
2025-10-19 08:12:41.831150,51.27,66.64,174.21,129.67,52.89102162789765
2025-10-19 08:12:42.831148,10.01,64.0,147.52,59.81,52.07719232031634
2025-10-19 08:12:43.831148,21.38,80.4,281.48,133.41,53.47809691617162
2025-10-19 08:12:44.831148,80.08,77.94,126.27,74.09,52.07990764872829
2025-10-19 08:12:45.831147,68.83,24.14,158.49,30.79,51.91787474446062
2025-10-19 08:12:46.831147,88.6,77.29,280.01,92.02,53.07491839277291
2025-10-19 08:12:47.831146,53.67,58.81,106.47,27.36,51.552470438130825
2025-10-19 08:12:48.831146,15.3,86.09,78.48,13.29,51.22407695260912
2025-10-19 08:12:49.831145,22.76,45.96,152.54,32.96,51.87275285822456
2025-10-19 08:12:50.831145,66.74,98.81,268.43,71.95,52.78516435935892
2025-10-19 08:12:51.831144,73.66,42.44,223.57,57.31,52.49288330113212
2025-10-19 08:12:52.831144,18.1,25.72,80.58,84.46,52.01850234896452
2025-10-19 08:12:53.831143,21.17,38.79,103.29,132.01,52.578940068528915
2025-10-19 08:12:54.831143,80.8,39.25,53.89,73.22,51.74605632355764
2025-10-19 08:12:55.831142,11.27,88.36,53.89,85.74,51.78981835285537
2025-10-19 08:12:56.831142,85.32,23.63,139.98,61.45,52.11634957968576
2025-10-19 08:12:57.831141,30.71,21.65,239.11,94.76,52.97068417684094
2025-10-19 08:12:58.831141,20.09,70.65,163.54,41.96,51.979630423474
2025-10-19 08:12:59.831141,25.09,29.56,79.97,66.99,51.840272903082045
2025-10-19 08:13:00.831140,11.47,44.42,183.95,79.18,52.489764535475445
2025-10-19 08:13:01.831140,77.26,47.15,92.63,24.24,51.466781553034956
2025-10-19 08:13:02.831139,72.35,81.81,59.06,60.11,51.57989055616572
2025-10-19 08:13:03.831139,34.54,50.73,219.99,107.02,52.94140467188723
2025-10-19 08:13:04.831138,29.15,45.3,154.77,136.5,52.88689200472655
2025-10-19 08:13:05.831138,37.51,90.97,298.62,138.91,53.606129584793884
2025-10-19 08:13:06.831137,56.45,48.41,233.32,59.18,52.55361052423682
2025-10-19 08:13:07.831137,86.64,90.56,142.93,38.71,51.806855437153494
2025-10-19 08:13:08.831136,80.12,68.03,281.4,131.73,53.480896014425156
2025-10-19 08:13:09.831136,75.58,96.44,177.49,39.53,51.98999829903262
2025-10-19 08:13:10.831135,33.51,43.98,216.21,25.06,52.13932737799826
2025-10-19 08:13:11.831135,27.23,30.18,256.41,29.18,52.41546203851729
2025-10-19 08:13:12.831135,32.07,60.86,152.19,63.03,52.13819803366975
2025-10-19 08:13:13.831134,53.21,87.39,180.63,112.58,52.72737294907414
2025-10-19 08:13:14.831134,25.01,77.66,145.63,109.62,52.5272485735481
2025-10-19 08:13:15.831133,81.96,62.0,206.5,78.66,52.5774283254381
2025-10-19 08:13:16.831133,84.71,94.8,277.31,24.79,52.382853203120234
2025-10-19 08:13:17.831132,24.8,51.52,290.94,141.37,53.65102056249847
2025-10-19 08:13:18.831132,50.06,98.12,264.07,124.53,53.27140938549572
2025-10-19 08:13:19.831131,94.2,82.65,284.71,71.1,52.88927894888319
2025-10-19 08:13:20.831131,76.29,39.99,263.0,31.75,52.46004665176383
2025-10-19 08:13:21.831130,77.88,85.87,256.05,96.58,52.977616499086956
2025-10-19 08:13:22.831130,41.63,21.06,264.05,41.76,52.592241549638366
2025-10-19 08:13:23.831129,10.08,30.88,297.14,44.41,52.77903174927455
2025-10-19 08:13:24.831129,46.39,88.29,183.25,116.35,52.77639558278639
2025-10-19 08:13:25.831128,25.63,71.72,239.68,23.34,52.204305733824725
2025-10-19 08:13:26.831128,30.89,61.4,212.55,144.9,53.25118428261318
2025-10-19 08:13:27.831127,29.79,51.92,141.27,133.44,52.7748242422207
2025-10-19 08:13:28.831127,31.36,43.66,161.08,46.99,52.057622167356314
2025-10-19 08:13:29.831127,63.35,49.29,173.69,101.01,52.63842337886764
2025-10-19 08:13:30.831126,31.34,90.66,231.54,56.89,52.45546183622848
2025-10-19 08:13:31.831126,37.83,68.24,181.35,20.78,51.873683935937436
2025-10-19 08:13:32.831125,80.53,48.51,228.04,19.52,52.14177133385772
2025-10-19 08:13:33.831125,37.67,46.58,246.16,56.72,52.60123911773048
2025-10-19 08:13:34.831124,51.99,79.95,265.11,86.34,52.93627667835642
2025-10-19 08:13:35.831124,71.39,82.9,138.24,118.23,52.562811077015795
2025-10-19 08:13:36.831123,19.86,48.78,263.1,30.65,52.43610777577028
2025-10-19 08:13:37.831123,26.26,51.06,184.21,51.73,52.21526819664942
2025-10-19 08:13:38.831122,16.38,67.35,125.08,28.67,51.65102889629251
2025-10-19 08:13:39.831122,40.74,27.95,291.71,99.28,53.28523492533735
2025-10-19 08:13:40.831121,39.41,34.28,55.5,149.98,52.50471665720824
2025-10-19 08:13:41.831121,90.54,84.87,155.07,37.48,51.868717245555665
2025-10-19 08:13:42.831121,69.51,40.4,241.91,68.24,52.69967636749793
2025-10-19 08:13:43.831120,33.49,72.25,223.61,149.17,53.33442960501562
2025-10-19 08:13:44.831120,42.84,51.23,228.77,80.19,52.72804505621468
2025-10-19 08:13:45.831119,93.47,32.6,154.09,61.71,52.18005861102147
2025-10-19 08:13:46.831119,67.84,68.12,74.36,65.25,51.73280761806216
2025-10-19 08:13:47.831118,53.68,30.32,86.34,14.13,51.36193886454666
2025-10-19 08:13:48.831118,87.86,35.36,215.52,134.11,53.20368998345268
2025-10-19 08:13:49.831117,66.61,69.81,188.24,101.21,52.68572037714028
2025-10-19 08:13:50.831117,42.17,62.29,54.92,140.13,52.36228511637883
2025-10-19 08:13:51.831116,19.85,46.79,68.38,15.14,51.24991620858566
2025-10-19 08:13:52.831116,61.39,22.55,97.9,54.82,51.82933131837029
2025-10-19 08:13:53.831115,60.16,83.95,213.53,78.6,52.579821165115874
2025-10-19 08:13:54.831115,17.84,70.91,185.76,61.41,52.2858987941371
2025-10-19 08:13:55.831114,47.84,32.9,63.65,134.77,52.40331508702526
2025-10-19 08:13:56.831114,83.53,41.22,178.5,148.88,53.13968711441071
2025-10-19 08:13:57.831114,22.74,52.54,222.9,11.45,52.029958124931035
2025-10-19 08:13:58.831113,22.62,74.24,129.12,49.3,51.861232944119145
2025-10-19 08:13:59.831113,55.22,65.33,200.66,130.64,53.043644097442936
2025-10-19 08:14:00.831112,39.86,72.99,78.42,68.9,51.78210708199392
2025-10-19 08:14:01.831112,30.36,58.25,159.87,24.04,51.806279186910146
2025-10-19 08:14:02.831111,18.74,95.19,214.6,67.24,52.457992576378736
2025-10-19 08:14:03.831111,66.64,98.0,94.25,62.1,51.76148106613513
2025-10-19 08:14:04.831110,85.32,98.2,221.82,46.53,52.291533689646855
2025-10-19 08:14:05.831109,30.74,85.54,252.25,143.99,53.41629176989676
2025-10-19 08:14:06.831108,20.51,81.7,279.91,123.89,53.3756152947753
2025-10-19 08:14:07.831108,83.52,51.44,270.79,59.7,52.75387112826132
2025-10-19 08:14:08.831107,37.52,24.64,160.68,57.78,52.189761476895654
2025-10-19 08:14:09.831107,25.86,25.52,80.68,19.53,51.391499459325686
2025-10-19 08:14:10.831107,88.07,67.38,281.16,96.88,53.14365022966819
2025-10-19 08:14:11.831106,93.65,97.11,201.14,57.77,52.291553848337806
2025-10-19 08:14:12.831106,90.62,45.12,120.49,104.52,52.39496471166656
2025-10-19 08:14:13.831105,26.35,29.04,265.41,138.4,53.52141634033389
2025-10-19 08:14:14.831105,56.56,29.15,289.16,143.63,53.698584764188354
2025-10-19 08:14:15.831104,72.97,57.06,196.44,35.95,52.11851595303625
2025-10-19 08:14:16.831104,17.32,78.15,178.59,103.52,52.643421295020154
2025-10-19 08:14:17.831103,47.61,93.7,281.63,23.45,52.39468597076913
2025-10-19 08:14:18.831103,27.19,95.93,140.14,47.42,51.86773347418153
2025-10-19 08:14:19.831102,48.21,94.56,204.68,92.26,52.64796980095621
2025-10-19 08:14:20.831102,62.76,51.33,215.81,128.67,53.12749713983503
2025-10-19 08:14:21.831101,67.71,97.41,231.14,104.48,52.90288129968332
2025-10-19 08:14:22.831101,73.13,46.09,230.73,113.47,53.06840404460984
2025-10-19 08:14:23.831101,11.64,59.79,104.6,124.45,52.479774401983725
2025-10-19 08:14:24.831100,35.02,70.08,196.04,11.64,51.860817000885014
2025-10-19 08:14:25.831100,19.69,62.98,86.92,31.62,51.482748300396054
2025-10-19 08:14:26.831099,82.5,61.92,255.17,121.0,53.246751422109966
2025-10-19 08:14:27.831099,69.03,73.41,149.16,90.46,52.367509430185066
2025-10-19 08:14:28.831098,21.75,65.33,243.42,104.21,53.016312763408216
2025-10-19 08:14:29.831098,39.49,93.48,134.6,46.5,51.8331232463334
2025-10-19 08:14:30.831097,53.36,21.09,124.98,16.59,51.60650167774517
2025-10-19 08:14:31.831097,79.97,68.39,224.14,71.38,52.59113105792781
2025-10-19 08:14:32.831096,83.83,61.73,119.12,93.66,52.25649437317006
2025-10-19 08:14:33.831096,92.24,97.4,164.15,23.34,51.76073102783572
2025-10-19 08:14:34.831095,89.19,90.46,254.76,111.02,53.10313597225932
2025-10-19 08:14:35.831095,89.0,67.34,135.3,149.28,52.87185394721554
2025-10-19 08:14:36.831094,84.06,51.71,113.48,28.04,51.607638587965646
2025-10-19 08:14:37.831094,12.4,79.17,299.54,39.22,52.66564507271051
2025-10-19 08:14:38.831094,82.13,62.47,240.52,34.43,52.33058604211332
2025-10-19 08:14:39.831093,76.21,93.19,190.79,45.36,52.12247891849783
2025-10-19 08:14:40.831093,62.34,44.37,213.66,104.32,52.89152027630983
2025-10-19 08:14:41.831092,43.71,95.32,90.21,114.9,52.254693851291314
2025-10-19 08:14:42.831092,44.19,71.46,172.47,146.04,53.03243958073489
2025-10-19 08:14:43.831091,42.67,77.45,256.28,18.6,52.23805714405102
2025-10-19 08:14:44.831091,71.36,50.63,78.25,86.6,51.98754881714207
2025-10-19 08:14:45.831090,41.11,28.9,132.99,48.13,51.94194412815747
2025-10-19 08:14:46.831090,82.79,87.07,203.47,68.28,52.42142235919195
2025-10-19 08:14:47.831089,94.85,80.88,62.92,143.37,52.407054227459184
2025-10-19 08:14:48.831089,23.31,68.04,179.62,89.7,52.53119804987946
2025-10-19 08:14:49.831088,27.75,49.7,93.6,28.66,51.510685143111274
2025-10-19 08:14:50.831088,13.75,70.95,188.75,107.87,52.75104812925457
2025-10-19 08:14:51.831087,85.0,32.3,208.62,35.32,52.21641043558115
2025-10-19 08:14:52.831087,80.54,75.68,217.53,40.63,52.247032015141514
2025-10-19 08:14:53.831087,22.89,25.06,201.55,124.61,53.05347400462343
2025-10-19 08:14:54.831086,61.31,46.4,259.23,58.39,52.687433892186775
2025-10-19 08:14:55.831085,82.83,31.85,202.15,101.29,52.82049208182439
2025-10-19 08:14:56.831085,11.77,80.49,244.77,55.94,52.532900990112026
2025-10-19 08:14:57.831085,66.97,63.08,204.99,74.61,52.52850633436658
2025-10-19 08:14:58.831084,68.13,23.2,154.04,100.08,52.56561303028673
2025-10-19 08:14:59.831084,19.17,85.47,290.85,117.76,53.36879992508855
2025-10-19 08:15:00.831083,30.24,68.72,214.74,45.1,52.28631885293552
2025-10-19 08:15:01.831083,67.34,43.62,201.58,135.95,53.134073559765994
2025-10-19 08:15:02.831082,70.72,78.08,285.22,18.1,52.386702273695235
2025-10-19 08:15:03.831082,41.16,23.73,248.97,30.34,52.39711942980579
2025-10-19 08:15:04.831081,90.28,55.12,265.17,96.21,53.07112051585574
2025-10-19 08:15:05.831081,11.91,58.88,55.87,124.86,52.22506762486026
2025-10-19 08:15:06.831080,47.95,92.7,87.63,79.29,51.90070991893794
2025-10-19 08:15:07.831080,91.94,87.94,118.7,46.35,51.75552444923415
2025-10-19 08:15:08.831079,61.42,35.82,198.78,118.77,52.96528094653094
2025-10-19 08:15:09.831079,62.94,80.88,155.37,76.42,52.253135875765764
2025-10-19 08:15:10.831078,22.19,24.78,104.9,125.78,52.54934427520562
2025-10-19 08:15:11.831078,62.69,22.72,153.69,102.35,52.586450546012436
2025-10-19 08:15:12.831077,62.1,29.74,243.86,100.54,53.03919452976881
2025-10-19 08:15:13.831077,92.38,26.12,289.72,83.01,53.120168054380336
2025-10-19 08:15:14.831076,54.63,22.12,229.25,108.58,53.05094992347202
2025-10-19 08:15:15.831076,94.75,80.06,51.25,28.07,51.231141985036
2025-10-19 08:15:16.831075,66.96,74.39,295.58,23.63,52.501281886342056
2025-10-19 08:15:17.831075,59.33,83.64,296.05,35.4,52.60304248468128
2025-10-19 08:15:18.831074,92.18,67.18,154.06,125.5,52.74229545428322
2025-10-19 08:15:19.831074,37.7,49.82,279.84,42.41,52.637538311998874
2025-10-19 08:15:20.831073,24.39,59.04,121.58,142.78,52.74883325704988
2025-10-19 08:15:21.831073,33.31,76.77,143.4,110.25,52.522838417182314
2025-10-19 08:15:22.831073,64.76,52.31,204.33,87.97,52.67112288442567
2025-10-19 08:15:23.831072,16.36,39.21,226.89,138.62,53.301929133807796
2025-10-19 08:15:24.831072,25.81,56.8,132.33,103.52,52.43010778601755
2025-10-19 08:15:25.831071,72.46,48.0,203.62,149.94,53.273346614049885
2025-10-19 08:15:26.831071,60.3,57.86,174.06,124.71,52.85607969973046
2025-10-19 08:15:27.831070,58.46,77.03,124.82,85.7,52.18586528323453
2025-10-19 08:15:28.831070,75.32,90.76,114.5,101.29,52.2599189545983
2025-10-19 08:15:29.831069,45.85,86.8,223.83,87.72,52.718500255192076
2025-10-19 08:15:30.831069,80.69,24.8,297.05,52.31,52.864512027391434
2025-10-19 08:15:31.831068,51.4,67.91,174.24,137.01,52.96015805283782
2025-10-19 08:15:32.831068,32.67,88.79,68.22,100.24,52.005840215089506
2025-10-19 08:15:33.831067,74.52,89.15,174.46,47.85,52.0657517584166
2025-10-19 08:15:34.831067,64.29,78.87,65.14,132.77,52.319569209690144
2025-10-19 08:15:35.831066,54.53,78.41,81.23,126.78,52.34825477994638
2025-10-19 08:15:36.831066,48.99,84.95,242.53,51.56,52.47157119313371
2025-10-19 08:15:37.831065,27.16,52.36,149.63,23.05,51.75131989660115
2025-10-19 08:15:38.831065,83.6,65.29,270.82,118.94,53.305061557931005
2025-10-19 08:15:39.831065,22.32,75.63,53.66,148.55,52.41598027967515
2025-10-19 08:15:40.831064,13.73,78.28,167.13,119.91,52.7405330248519
2025-10-19 08:15:41.831064,39.66,36.87,83.34,63.64,51.81436100796
2025-10-19 08:15:42.831063,51.29,77.06,162.43,36.66,51.91236665725641
2025-10-19 08:15:43.831063,46.81,37.47,141.85,23.4,51.73661514217629
2025-10-19 08:15:44.831062,54.82,42.96,196.3,112.16,52.87688826930864
2025-10-19 08:15:45.831062,42.83,22.55,187.13,30.6,52.071410593796436
2025-10-19 08:15:46.831061,54.59,97.69,141.48,112.6,52.50238446090214
2025-10-19 08:15:47.831061,27.41,34.54,270.86,34.01,52.53243267581804
2025-10-19 08:15:48.831060,43.91,22.83,184.35,78.45,52.51882474411326
2025-10-19 08:15:49.831060,13.71,73.87,106.36,143.01,52.646474887093184
2025-10-19 08:15:50.831059,73.58,55.94,115.0,67.75,51.993076003873206
2025-10-19 08:15:51.831059,46.58,34.87,260.46,36.74,52.50279985445304
2025-10-19 08:15:52.831058,82.27,21.0,150.42,72.73,52.285288282651095
2025-10-19 08:15:53.831058,91.96,39.61,92.89,67.12,51.89467308566205
2025-10-19 08:15:54.831058,12.41,73.95,265.58,149.06,53.55471125166062
2025-10-19 08:15:55.831057,89.49,51.39,215.12,36.56,52.23304670523245
2025-10-19 08:15:56.831057,39.83,28.99,291.97,70.49,53.00659598182317
2025-10-19 08:15:57.831056,48.24,20.25,64.91,132.3,52.40606833837657
2025-10-19 08:15:58.831056,46.94,38.61,296.25,82.24,53.127917234397415
2025-10-19 08:15:59.831055,59.24,78.28,220.99,71.98,52.56455178100126
2025-10-19 08:16:00.831055,16.55,40.52,299.48,105.35,53.36561738882234
2025-10-19 08:16:01.831054,84.52,23.31,104.0,96.59,52.264596686070256
2025-10-19 08:16:02.831054,64.31,30.27,208.8,52.05,52.38234008528761
2025-10-19 08:16:03.831053,57.79,22.54,217.99,64.89,52.567719122368224
2025-10-19 08:16:04.831053,55.34,64.94,142.52,149.44,52.91571668423098
2025-10-19 08:16:05.831052,30.49,65.39,216.62,53.98,52.387461905859354
2025-10-19 08:16:06.831052,75.01,80.77,130.1,36.08,51.728352219901176
2025-10-19 08:16:07.831051,62.81,54.96,63.9,138.0,52.401158709383516
2025-10-19 08:16:08.831051,66.99,29.31,135.94,32.26,51.80358722073081
2025-10-19 08:16:09.831050,59.11,42.69,155.45,72.66,52.27731837969428
2025-10-19 08:16:10.831050,87.53,87.0,203.53,61.53,52.356582551521946
2025-10-19 08:16:11.831049,86.53,53.98,82.85,26.1,51.4218140602695
2025-10-19 08:16:12.831049,67.94,39.36,243.67,149.32,53.49472424468519
2025-10-19 08:16:13.831048,49.04,53.72,228.35,66.2,52.58660518870346
2025-10-19 08:16:14.831048,57.12,33.74,105.31,146.68,52.73952515069473
2025-10-19 08:16:15.831047,49.03,53.7,225.19,14.29,52.06781728743815
2025-10-19 08:16:16.831047,93.38,74.14,265.52,148.16,53.54538922061321
2025-10-19 08:16:17.831046,90.83,71.64,147.43,93.79,52.39326137461971
2025-10-19 08:16:18.831046,87.54,44.1,242.37,71.83,52.73102176041304
2025-10-19 08:16:19.831045,30.45,80.44,57.08,138.23,52.326872845051405
2025-10-19 08:16:20.831045,53.07,80.21,225.86,127.69,53.126205340579425
2025-10-19 08:16:21.831044,66.23,50.64,238.45,46.87,52.45844891669919
2025-10-19 08:16:22.831044,39.48,35.1,124.97,29.29,51.70720045718283
2025-10-19 08:16:23.831044,94.89,50.59,116.47,136.06,52.669878525340216
2025-10-19 08:16:24.831043,74.49,66.52,268.59,100.29,53.11088321303283
2025-10-19 08:16:25.831042,46.5,73.28,110.31,45.45,51.725114609784896
2025-10-19 08:16:26.831042,93.62,52.32,116.46,128.31,52.592162103131066
2025-10-19 08:16:27.831042,21.38,97.88,284.66,58.82,52.74629558888716
2025-10-19 08:16:28.831041,78.57,31.95,155.97,13.46,51.724555111049334
2025-10-19 08:16:29.831041,47.84,72.07,179.07,69.26,52.32427088074338
2025-10-19 08:16:30.831040,36.78,54.06,205.79,51.24,52.320994383356584
2025-10-19 08:16:31.831040,50.33,80.65,260.88,21.33,52.28397153012009
2025-10-19 08:16:32.831039,20.73,67.36,105.92,18.9,51.454271116024024
2025-10-19 08:16:33.831039,59.65,76.59,115.22,78.85,52.0690792024818
2025-10-19 08:16:34.831038,35.25,42.96,281.44,71.09,52.934202665741935
2025-10-19 08:16:35.831038,92.62,22.21,113.41,59.97,51.96245225199844
2025-10-19 08:16:36.831037,72.24,45.3,76.31,60.57,51.733882098527374
2025-10-19 08:16:37.831037,21.51,63.76,231.26,103.43,52.946335863933705
2025-10-19 08:16:38.831036,30.74,28.8,225.44,112.78,53.060711337388966
2025-10-19 08:16:39.831036,27.11,90.38,219.62,94.08,52.751892682147364
2025-10-19 08:16:40.831036,71.41,85.17,188.05,106.29,52.70965053404549
2025-10-19 08:16:41.831035,59.31,68.19,56.62,90.14,51.87868551088477
2025-10-19 08:16:42.831035,76.38,67.84,60.06,94.45,51.93927421644285
2025-10-19 08:16:43.831034,14.65,50.44,114.41,51.72,51.84357937309925
2025-10-19 08:16:44.831034,80.1,38.37,270.46,49.5,52.67405209596925
2025-10-19 08:16:45.831033,28.66,29.93,114.3,28.24,51.64823247204517
2025-10-19 08:16:46.831033,22.67,62.17,173.53,97.42,52.58258132839429
2025-10-19 08:16:47.831032,41.11,59.25,159.75,97.4,52.51343136505821
2025-10-19 08:16:48.831032,42.22,89.08,135.08,143.29,52.77853824533708
2025-10-19 08:16:49.831031,21.94,87.16,103.89,34.74,51.56543677342048
2025-10-19 08:16:50.831031,92.2,40.79,174.03,58.29,52.240529542824675
2025-10-19 08:16:51.831030,90.22,91.42,279.96,56.97,52.713488187607346
2025-10-19 08:16:52.831030,12.33,39.33,56.25,110.11,52.11524126444829
2025-10-19 08:16:53.831029,31.43,28.2,52.03,84.11,51.85882435269416
2025-10-19 08:16:54.831029,46.42,39.75,128.58,149.53,52.88183072742519
2025-10-19 08:16:55.831028,23.99,93.59,281.81,101.1,53.14666952408766
2025-10-19 08:16:56.831028,53.77,30.92,286.36,40.25,52.68120309411284
2025-10-19 08:16:57.831028,73.19,54.12,75.85,119.02,52.282735575725546
2025-10-19 08:16:58.831027,28.1,37.38,71.01,94.0,52.04131608327881
2025-10-19 08:16:59.831027,54.81,57.84,132.27,48.32,51.89438489320356
2025-10-19 08:17:00.831026,94.79,75.02,192.48,135.23,53.029113218682255
2025-10-19 08:17:01.831026,62.46,93.67,61.5,110.23,52.058889747432865
2025-10-19 08:17:02.831025,38.57,44.72,192.12,25.9,52.01770107747561
2025-10-19 08:17:03.831025,56.64,21.4,173.78,43.65,52.12815227561489
2025-10-19 08:17:04.831024,37.72,85.6,113.47,88.33,52.13722445333243
2025-10-19 08:17:05.831024,73.24,61.67,100.59,134.44,52.552011155649346
2025-10-19 08:17:06.831023,15.21,30.67,100.53,127.56,52.53395952000519
2025-10-19 08:17:07.831023,36.89,79.95,252.99,31.09,52.337335254943895
2025-10-19 08:17:08.831022,75.38,43.67,298.51,27.89,52.60646917846414
2025-10-19 08:17:09.831022,14.03,77.26,201.23,69.46,52.43631777875973
2025-10-19 08:17:10.831022,79.34,82.27,266.16,112.13,53.18761009498311
2025-10-19 08:17:11.831021,50.98,37.45,293.94,78.09,53.077284055322686
2025-10-19 08:17:12.831021,58.62,72.35,184.12,21.63,51.89021905019822
2025-10-19 08:17:13.831020,49.51,42.28,110.15,136.02,52.64883824151774
2025-10-19 08:17:14.831020,14.93,84.61,220.31,128.49,53.09739123643252
2025-10-19 08:17:15.831019,19.06,79.01,195.15,121.58,52.905093286290125
2025-10-19 08:17:16.831019,50.24,52.56,223.01,123.45,53.11351647015108
2025-10-19 08:17:17.831018,94.09,76.3,180.68,130.2,52.91547571202777
2025-10-19 08:17:18.831018,64.1,81.79,64.26,108.49,52.07549630422333
2025-10-19 08:17:19.831017,60.7,35.38,155.1,141.47,52.952326371708956
2025-10-19 08:17:20.831017,12.89,87.92,294.83,12.7,52.370292126712684
2025-10-19 08:17:21.831016,85.68,22.42,90.4,115.81,52.37925654325595
2025-10-19 08:17:22.831016,56.37,49.02,185.66,120.31,52.88936462893585
2025-10-19 08:17:23.831016,30.06,90.6,148.17,121.97,52.63985822651176
2025-10-19 08:17:24.831015,53.01,35.31,238.13,57.7,52.58559373512263
2025-10-19 08:17:25.831015,15.52,53.4,154.4,52.02,52.05527371550817
2025-10-19 08:17:26.831014,80.92,30.3,196.97,69.55,52.48836762062898
2025-10-19 08:17:27.831014,60.28,61.32,106.27,22.17,51.49726644070677
2025-10-19 08:17:28.831013,21.95,92.01,219.58,118.06,52.98099206511934
2025-10-19 08:17:29.831013,86.13,77.71,62.13,11.86,51.1361693759052
2025-10-19 08:17:30.831012,84.46,69.56,188.25,140.33,53.06444463557545
2025-10-19 08:17:31.831012,70.75,75.92,62.52,135.41,52.33575596806039
2025-10-19 08:17:32.831011,57.32,39.88,118.98,149.79,52.832898762317356
2025-10-19 08:17:33.831011,66.83,26.67,254.18,19.45,52.31499817702107
2025-10-19 08:17:34.831010,47.9,62.75,137.12,100.14,52.41362599015052
2025-10-19 08:17:35.831010,86.3,72.13,107.76,14.85,51.41742196620076
2025-10-19 08:17:36.831010,31.05,84.46,133.1,80.94,52.172338137219356
2025-10-19 08:17:37.831009,81.15,93.43,222.18,94.31,52.76298020228173
2025-10-19 08:17:38.831009,32.09,96.76,75.26,65.55,51.695431259900936
2025-10-19 08:17:39.831008,76.1,64.24,122.17,109.3,52.42005690180956
2025-10-19 08:17:40.831008,89.37,83.66,224.12,88.61,52.73359673309588
2025-10-19 08:17:41.831007,81.95,64.8,196.44,66.69,52.40357826918135
2025-10-19 08:17:42.831007,94.49,32.37,163.18,72.21,52.33047139538725
2025-10-19 08:17:43.831006,56.1,93.72,207.85,76.89,52.51758958805316
2025-10-19 08:17:44.831006,84.42,45.8,225.66,124.89,53.15222622687857
2025-10-19 08:17:45.831005,64.16,53.12,251.52,79.76,52.842343683846806
2025-10-19 08:17:46.831005,24.62,83.46,143.03,70.64,52.12731750641941
2025-10-19 08:17:47.831005,24.21,88.28,291.72,42.73,52.64350546429616
2025-10-19 08:17:48.831004,39.45,32.59,150.76,11.66,51.67833314875122
2025-10-19 08:17:49.831004,33.38,52.26,66.53,135.26,52.39295181281873
2025-10-19 08:17:50.831003,84.85,64.18,142.05,133.57,52.760946662992126
2025-10-19 08:17:51.831003,91.77,92.38,259.36,13.44,52.18110087845234
2025-10-19 08:17:52.831002,29.85,38.07,176.14,49.6,52.172044031310826
2025-10-19 08:17:53.831002,14.68,29.48,163.68,145.44,53.045798962853205
2025-10-19 08:17:54.831001,35.19,83.78,288.03,124.98,53.42622290882512
2025-10-19 08:17:55.831001,24.47,38.88,213.11,65.2,52.51894880387478
2025-10-19 08:17:56.831000,44.46,44.84,227.67,45.9,52.40065902253591
2025-10-19 08:17:57.831000,25.66,30.99,173.8,45.71,52.13308328487688
2025-10-19 08:17:58.831000,49.06,31.23,70.88,88.43,51.99644262752669
2025-10-19 08:17:59.830999,87.58,64.34,232.95,40.46,52.34554461790809
2025-10-19 08:18:00.830999,33.2,95.59,111.54,92.44,52.150940235065676
2025-10-19 08:18:01.830998,47.0,42.06,227.41,136.8,53.28261984119535
2025-10-19 08:18:02.830998,44.59,20.67,239.51,99.08,53.01613477902585
2025-10-19 08:18:03.830997,92.25,77.34,196.89,63.46,52.355008447107245
2025-10-19 08:18:04.830997,43.69,67.82,142.26,142.43,52.842011231063395
2025-10-19 08:18:05.830996,68.78,51.39,157.97,10.39,51.6749447649959
2025-10-19 08:18:06.830996,20.62,77.97,121.45,14.9,51.48178536903738
2025-10-19 08:18:07.830995,23.37,59.66,172.25,87.63,52.485033993119075
2025-10-19 08:18:08.830995,41.52,43.64,294.04,136.61,53.63394327764554
2025-10-19 08:18:09.830994,82.65,80.83,168.47,77.14,52.330099968168376
2025-10-19 08:18:10.830994,33.58,92.42,60.3,65.35,51.62047749672079
2025-10-19 08:18:11.830993,53.95,57.39,278.3,28.47,52.482607522149245
2025-10-19 08:18:12.830993,80.71,83.08,291.54,133.4,53.52747850242999
2025-10-19 08:18:13.830992,68.19,45.47,164.44,124.13,52.81862572142195
2025-10-19 08:18:14.830992,92.74,87.72,215.01,35.21,52.162219830147585
2025-10-19 08:18:15.830991,19.42,38.01,278.33,96.42,53.170326840025744
2025-10-19 08:18:16.830991,62.39,56.58,195.78,39.36,52.14872221711167
2025-10-19 08:18:17.830991,83.57,82.56,199.47,16.74,51.90879614745783
2025-10-19 08:18:18.830990,59.22,40.12,195.14,94.63,52.70565767146482
2025-10-19 08:18:19.830990,35.7,33.9,295.98,101.89,53.323898855213464
2025-10-19 08:18:20.830989,68.22,70.91,277.62,93.75,53.08893244775597
2025-10-19 08:18:21.830989,78.59,85.79,133.26,97.3,52.32929440785984
2025-10-19 08:18:22.830987,24.51,24.63,136.13,24.01,51.7321932346467
2025-10-19 08:18:23.830987,92.91,72.31,140.32,99.14,52.40598877122466
2025-10-19 08:18:24.830986,83.52,46.63,192.95,107.52,52.808363075468606
2025-10-19 08:18:25.830986,11.06,67.95,280.3,56.34,52.74615434098135
2025-10-19 08:18:26.830985,17.1,26.93,244.37,24.29,52.30902775116425
2025-10-19 08:18:27.830985,57.8,42.84,91.95,70.46,51.916868159635015
2025-10-19 08:18:28.830985,92.67,26.43,232.51,95.66,52.93663436206827
2025-10-19 08:18:29.830984,12.11,76.34,196.94,95.28,52.66453819045674
2025-10-19 08:18:30.830984,70.97,54.3,132.49,45.19,51.87086529979786
2025-10-19 08:18:31.830983,29.36,88.05,95.01,94.25,52.09207938936357
2025-10-19 08:18:32.830983,28.71,93.41,52.25,14.88,51.08792299897961
2025-10-19 08:18:33.830982,10.16,41.88,161.45,135.28,52.916133813476684
2025-10-19 08:18:34.830982,40.71,84.59,271.94,21.37,52.33719093230755
2025-10-19 08:18:35.830981,20.98,51.28,73.26,101.16,52.10068114678127
2025-10-19 08:18:36.830981,46.71,34.86,50.03,92.33,51.91715045696755
2025-10-19 08:18:37.830980,64.21,52.31,60.39,101.74,52.03597269995418
2025-10-19 08:18:38.830980,35.69,42.17,133.68,29.01,51.73985527095358
2025-10-19 08:18:39.830979,20.97,65.47,165.53,12.1,51.70966974031099
2025-10-19 08:18:40.830979,63.49,79.24,289.77,149.35,53.678306445157844
2025-10-19 08:18:41.830978,67.76,23.53,109.7,78.21,52.11694652721404
2025-10-19 08:18:42.830978,39.67,38.61,252.21,105.93,53.12192148793607
2025-10-19 08:18:43.830977,56.95,71.0,52.64,20.11,51.17585177649086
2025-10-19 08:18:44.830977,71.04,64.65,210.72,122.99,53.02443827844543
2025-10-19 08:18:45.830976,70.05,93.74,170.82,66.96,52.223885095638245
2025-10-19 08:18:46.830976,92.64,21.47,276.44,141.26,53.61986153048409
2025-10-19 08:18:47.830975,13.93,68.39,265.89,53.81,52.644081944405386
2025-10-19 08:18:48.830975,12.09,21.89,184.29,97.83,52.7073822467533
2025-10-19 08:18:49.830974,24.66,66.08,108.05,37.9,51.651378782319014
2025-10-19 08:18:50.830974,25.6,28.15,251.1,78.16,52.863934739019925
2025-10-19 08:18:51.830974,59.6,57.09,196.76,102.81,52.76669070369984
2025-10-19 08:18:52.830973,50.84,25.43,126.02,82.1,52.238681278468796
2025-10-19 08:18:53.830973,47.53,42.43,233.44,13.57,52.12263043083187
2025-10-19 08:18:54.830972,23.64,30.98,169.25,126.16,52.88673740947023
2025-10-19 08:18:55.830972,66.85,61.99,241.2,142.78,53.3826795956726
2025-10-19 08:18:56.830971,43.48,55.69,200.67,124.75,53.00191709687321
2025-10-19 08:18:57.830971,12.2,84.23,50.08,139.09,52.29185950484682
2025-10-19 08:18:58.830970,90.11,85.22,183.69,98.62,52.61213332763586
2025-10-19 08:18:59.830970,92.89,82.36,194.72,12.0,51.83792289650949
2025-10-19 08:19:00.830969,90.11,93.51,289.88,54.65,52.74071426909448
2025-10-19 08:19:01.830969,94.82,79.12,95.75,82.41,51.99559677222021
2025-10-19 08:19:02.830968,17.77,91.68,215.7,58.26,52.382555343106475
2025-10-19 08:19:03.830968,74.66,64.04,129.38,57.5,51.95796743682661
2025-10-19 08:19:04.830967,27.08,37.32,251.18,87.68,52.94198282805579
2025-10-19 08:19:05.830967,16.52,73.61,293.78,70.49,52.946022470593014
2025-10-19 08:19:06.830966,21.09,63.36,116.0,131.26,52.6008546530211
2025-10-19 08:19:07.830966,52.3,59.91,195.42,37.11,52.1198022849083
2025-10-19 08:19:08.830966,71.02,49.97,93.32,128.94,52.47843979359944
2025-10-19 08:19:09.830965,58.27,60.05,88.07,96.55,52.121350068876396
2025-10-19 08:19:10.830965,47.04,94.17,191.54,96.75,52.62186375410002
2025-10-19 08:19:11.830964,88.54,62.01,140.77,58.4,52.030661329256525
2025-10-19 08:19:12.830964,22.57,66.99,67.83,98.71,52.0232784989919
2025-10-19 08:19:13.830963,29.03,78.71,264.64,92.65,52.996735417287105
2025-10-19 08:19:14.830963,85.25,56.88,90.31,17.73,51.37613304531964
2025-10-19 08:19:15.830962,90.54,92.85,256.51,65.98,52.673193058785
2025-10-19 08:19:16.830962,80.16,39.63,113.37,103.16,52.35245149108713
2025-10-19 08:19:17.830961,45.16,87.98,133.92,96.99,52.326372464426576
2025-10-19 08:19:18.830961,57.8,24.71,292.99,107.16,53.373364055176424
2025-10-19 08:19:19.830961,45.7,40.43,224.17,12.91,52.069916549790754
2025-10-19 08:19:20.830960,14.15,36.7,174.72,38.48,52.05909433698313
2025-10-19 08:19:21.830960,51.55,20.85,214.16,12.7,52.045276172201866
2025-10-19 08:19:22.830959,11.35,82.1,102.94,75.01,51.957728243318655
2025-10-19 08:19:23.830959,74.9,23.67,101.66,66.61,51.96164330857893
2025-10-19 08:19:24.830958,87.79,86.51,127.83,17.57,51.52821510135672
2025-10-19 08:19:25.830958,21.33,82.99,264.72,33.09,52.41450008640817
2025-10-19 08:19:26.830957,13.59,54.74,147.35,54.35,52.03806435561554
2025-10-19 08:19:27.830957,92.02,91.6,225.68,43.94,52.297481396894916
2025-10-19 08:19:28.830956,46.55,94.42,151.53,22.1,51.68607018996091
2025-10-19 08:19:29.830956,40.69,46.7,273.12,59.86,52.77531605726178
2025-10-19 08:19:30.830955,58.01,75.22,170.91,76.26,52.34344501948399
2025-10-19 08:19:31.830955,16.47,63.14,91.33,141.4,52.56757151618569
2025-10-19 08:19:32.830955,80.31,26.53,60.33,108.86,52.14507979472602
2025-10-19 08:19:33.830954,14.1,50.77,123.99,114.94,52.50551096683323
2025-10-19 08:19:34.830954,11.0,82.69,97.74,46.04,51.64891351290252
2025-10-19 08:19:35.830953,71.81,81.28,97.57,141.45,52.5728084522113
2025-10-19 08:19:36.830953,46.56,72.02,122.12,74.63,52.0722964656244
2025-10-19 08:19:37.830952,37.0,58.17,205.42,82.42,52.614050268143984
2025-10-19 08:19:38.830952,64.12,53.47,136.44,39.06,51.83398043561548
2025-10-19 08:19:39.830951,12.89,38.78,189.15,57.47,52.31646956559771
2025-10-19 08:19:40.830951,67.93,53.76,180.85,78.34,52.45039355513254
2025-10-19 08:19:41.830950,32.43,43.38,295.6,25.13,52.564704811434346
2025-10-19 08:19:42.830950,67.73,92.29,268.08,116.15,53.22095834149757
2025-10-19 08:19:43.830949,18.78,20.28,245.67,85.58,52.91908809179383
2025-10-19 08:19:44.830949,82.98,82.61,162.2,87.64,52.39536256670173
2025-10-19 08:19:45.830948,31.79,97.21,140.29,127.84,52.6441539284912
2025-10-19 08:19:46.830948,37.01,25.57,255.39,127.22,53.365288197516946
2025-10-19 08:19:47.830947,94.63,28.77,224.62,38.24,52.33560471993785
2025-10-19 08:19:48.830947,45.63,98.01,149.31,78.08,52.20987767000044
2025-10-19 08:19:49.830947,79.64,51.91,244.08,39.19,52.412237791925705
2025-10-19 08:19:50.830946,22.26,56.0,193.41,138.1,53.09176784287471
2025-10-19 08:19:51.830946,13.23,79.26,256.25,122.14,53.23624526523489
2025-10-19 08:19:52.830945,72.51,98.31,236.33,144.68,53.31788765925581
2025-10-19 08:19:53.830945,11.28,63.16,185.18,149.59,53.14767316029116
2025-10-19 08:19:54.830944,85.4,26.48,111.47,43.82,51.78921084360385
2025-10-19 08:19:55.830944,26.08,89.97,97.85,133.17,52.480559551809996
2025-10-19 08:19:56.830943,65.35,42.5,247.21,127.16,53.29439715697183
2025-10-19 08:19:57.830943,33.29,36.95,82.97,38.87,51.5727425047219
2025-10-19 08:19:58.830942,66.43,62.43,117.06,139.12,52.68398002237975
2025-10-19 08:19:59.830942,14.6,62.84,170.81,73.27,52.33348584179287
2025-10-19 08:20:00.830941,51.98,79.45,290.57,67.41,52.889913512973365
2025-10-19 08:20:01.830941,19.6,23.96,221.12,116.1,53.07737444010511
2025-10-19 08:20:02.830940,31.51,88.04,205.88,81.87,52.564170030076944
2025-10-19 08:20:03.830940,79.19,35.83,291.11,148.9,53.74943759184319
2025-10-19 08:20:04.830939,85.06,48.12,246.85,88.18,52.9067057594797
2025-10-19 08:20:05.830939,55.25,70.4,155.63,43.0,51.947859572493755
2025-10-19 08:20:06.830939,21.45,26.03,296.89,36.08,52.704783213958635
2025-10-19 08:20:07.830938,50.76,69.0,236.29,114.62,53.0731397342555
2025-10-19 08:20:08.830938,30.19,91.99,96.38,68.74,51.84651696508818
2025-10-19 08:20:09.830937,29.84,37.88,267.33,33.79,52.50620607272542
2025-10-19 08:20:10.830937,28.63,49.74,292.14,18.13,52.46853783468022
2025-10-19 08:20:11.830936,84.67,69.24,91.31,63.94,51.80885059057926
2025-10-19 08:20:12.830936,64.06,69.55,163.36,148.14,53.00712633870815
2025-10-19 08:20:13.830935,31.74,81.31,104.96,29.67,51.531331113691884
2025-10-19 08:20:14.830935,51.77,81.12,206.27,148.25,53.21901670920187
2025-10-19 08:20:15.830934,54.57,74.25,112.57,30.49,51.59099264503994
2025-10-19 08:20:16.830934,32.11,71.59,195.07,138.06,53.07570192578843
2025-10-19 08:20:17.830933,17.63,37.39,115.58,52.18,51.8748139845809
2025-10-19 08:20:18.830933,34.17,30.26,134.99,54.56,52.012654663307586
2025-10-19 08:20:19.830932,42.28,42.75,101.73,118.7,52.435676780651754
2025-10-19 08:20:20.830932,18.15,30.71,196.86,97.37,52.75614524465078
2025-10-19 08:20:21.830932,35.32,68.93,84.88,44.01,51.58230099353388
2025-10-19 08:20:22.830931,33.95,72.42,264.11,106.68,53.13947273967209
2025-10-19 08:20:23.830931,23.76,68.26,201.08,68.05,52.436049461540776
2025-10-19 08:20:24.830930,44.99,67.34,196.74,110.28,52.82268222334744
2025-10-19 08:20:25.830930,33.96,29.28,273.42,43.18,52.64304747509091
2025-10-19 08:20:26.830929,56.21,54.89,131.26,54.61,51.95445955374123
2025-10-19 08:20:27.830929,51.73,86.61,261.97,133.67,53.366698530078466
2025-10-19 08:20:28.830928,23.2,97.58,251.76,41.0,52.39884562409413
2025-10-19 08:20:29.830928,87.24,73.62,156.55,92.37,52.4250931822402
2025-10-19 08:20:30.830927,50.7,57.47,184.71,107.62,52.748284961939405
2025-10-19 08:20:31.830927,47.05,91.16,133.09,119.04,52.5301528495038
2025-10-19 08:20:32.830926,43.36,49.69,103.87,35.41,51.63078881143948
2025-10-19 08:20:33.830926,15.53,34.19,200.38,126.68,53.052873974423015
2025-10-19 08:20:34.830925,42.09,95.94,193.92,148.8,53.13508743185803
2025-10-19 08:20:35.830925,82.92,92.23,186.53,126.63,52.887105447886725
2025-10-19 08:20:36.830924,26.25,48.41,133.49,68.75,52.113291528299435
2025-10-19 08:20:37.830924,19.18,31.69,182.42,106.54,52.766197826801225
2025-10-19 08:20:38.830924,39.42,79.06,80.61,18.9,51.300758638271155
2025-10-19 08:20:39.830923,50.43,57.99,117.78,48.7,51.82048069307952
2025-10-19 08:20:40.830923,49.4,31.46,235.01,88.28,52.870698815221225
2025-10-19 08:20:41.830922,54.3,27.85,61.48,79.91,51.86920347653882
2025-10-19 08:20:42.830922,69.94,31.51,257.12,66.98,52.78267167406631
2025-10-19 08:20:43.830921,61.93,75.99,65.34,13.92,51.17593013669601
2025-10-19 08:20:44.830921,53.35,37.96,150.29,58.03,52.11575418906871
2025-10-19 08:20:45.830920,40.64,22.65,113.48,110.66,52.45228871172508
2025-10-19 08:20:46.830920,84.28,28.36,88.13,127.25,52.46841113378039
2025-10-19 08:20:47.830919,90.76,86.31,255.43,98.49,52.992083631649
2025-10-19 08:20:48.830919,45.36,42.09,136.01,118.37,52.61649935079644
2025-10-19 08:20:49.830918,57.75,73.61,233.88,134.57,53.245929421198106
2025-10-19 08:20:50.830918,10.46,93.77,255.44,77.88,52.78110267007937
2025-10-19 08:20:51.830917,27.86,65.05,130.03,106.87,52.437238558457146
2025-10-19 08:20:52.830917,33.24,68.07,210.16,50.96,52.319559799092
2025-10-19 08:20:53.830916,31.53,80.18,208.6,67.35,52.45065700831606
2025-10-19 08:20:54.830916,60.7,32.6,205.82,118.01,53.00057754395245
2025-10-19 08:20:55.830915,33.15,59.34,179.05,16.31,51.83219308216633
2025-10-19 08:20:56.830915,85.07,90.7,122.86,149.46,52.77042401253201
2025-10-19 08:20:57.830915,44.69,47.56,97.2,78.17,52.012014385024294
2025-10-19 08:20:58.830914,11.86,26.56,156.77,53.05,52.12013153745483
2025-10-19 08:20:59.830914,82.81,79.46,113.18,30.15,51.58276006091105
2025-10-19 08:21:00.830913,33.23,47.27,270.09,108.43,53.227901476858946
2025-10-19 08:21:01.830913,29.91,44.95,52.33,58.12,51.58274546365996
2025-10-19 08:21:02.830912,80.74,57.0,238.16,95.34,52.915578712878336
2025-10-19 08:21:03.830912,65.34,73.72,112.18,49.29,51.77153495052045
2025-10-19 08:21:04.830911,80.94,29.49,198.08,67.32,52.474004046761564
2025-10-19 08:21:05.830911,62.32,70.03,145.19,96.05,52.40569272352814
2025-10-19 08:21:06.830910,30.31,67.53,292.2,90.22,53.13794180718506
2025-10-19 08:21:07.830910,22.95,76.39,139.95,42.27,51.847677713588304
2025-10-19 08:21:08.830909,91.87,71.07,62.82,45.95,51.47994307100339
2025-10-19 08:21:09.830909,83.73,62.82,236.44,128.8,53.220783962547756
2025-10-19 08:21:10.830909,92.09,96.44,101.7,129.71,52.45746827818541
2025-10-19 08:21:11.830908,87.2,57.94,217.44,31.6,52.18715840022555
2025-10-19 08:21:12.830908,51.17,39.6,97.17,76.7,52.01016938113663
2025-10-19 08:21:13.830907,80.31,66.39,197.22,108.89,52.81329881815645
2025-10-19 08:21:14.830907,10.1,39.12,184.54,84.16,52.54941122059567
2025-10-19 08:21:15.830906,55.58,65.08,263.71,82.21,52.91227454919329
2025-10-19 08:21:16.830906,84.87,64.95,91.02,85.81,52.02553101256933
2025-10-19 08:21:17.830905,52.48,53.89,129.73,70.89,52.10528918585904
2025-10-19 08:21:18.830905,71.32,40.88,148.88,26.17,51.79555625396482
2025-10-19 08:21:19.830904,69.36,71.3,91.61,105.04,52.20463262424368
2025-10-19 08:21:20.830904,84.43,48.53,191.77,140.05,53.113628190775096
2025-10-19 08:21:21.830903,89.43,69.87,174.57,115.11,52.74706861203795
2025-10-19 08:21:22.830903,18.87,90.84,75.27,64.89,51.69842110510233
2025-10-19 08:21:23.830903,12.84,25.14,220.37,102.99,52.94474447615538
2025-10-19 08:21:24.830902,43.03,54.57,163.96,62.89,52.20956928539342
2025-10-19 08:21:25.830902,64.94,67.56,166.32,13.17,51.72094323797205
2025-10-19 08:21:26.830901,15.5,89.69,220.78,88.49,52.705117022813
2025-10-19 08:21:27.830901,35.21,49.61,281.67,77.89,52.99071654565343
2025-10-19 08:21:28.830900,20.28,69.8,159.53,109.06,52.60839903981386
2025-10-19 08:21:29.830900,43.9,59.04,70.45,66.12,51.734642498129695
2025-10-19 08:21:30.830899,27.62,33.33,86.87,42.9,51.63822620677636
2025-10-19 08:21:31.830899,81.98,80.18,166.0,20.93,51.77440713803186
2025-10-19 08:21:32.830898,57.2,81.43,93.51,104.44,52.19302711013391
2025-10-19 08:21:33.830898,23.7,24.46,164.04,76.42,52.38822190543616
2025-10-19 08:21:34.830897,74.59,28.77,117.56,129.06,52.64235493653496
2025-10-19 08:21:35.830897,78.08,37.91,250.6,116.89,53.22040926174803
2025-10-19 08:21:36.830896,67.31,83.6,201.76,60.92,52.34658822415106
2025-10-19 08:21:37.830896,67.89,56.77,291.85,128.02,53.51852394575706
2025-10-19 08:21:38.830896,76.28,66.5,59.58,104.83,52.0391925290864
2025-10-19 08:21:39.830895,43.36,39.72,58.12,99.97,52.02655836602939
2025-10-19 08:21:40.830895,55.19,77.37,112.48,143.3,52.6764362970547
2025-10-19 08:21:41.830894,43.05,54.84,276.41,19.86,52.393277389064245
2025-10-19 08:21:42.830894,22.99,46.35,211.35,94.94,52.78537218410718
2025-10-19 08:21:43.830893,55.72,69.57,66.34,130.46,52.31827623997454
2025-10-19 08:21:44.830893,29.85,32.55,203.29,101.49,52.82740909381555
2025-10-19 08:21:45.830892,38.64,23.4,172.82,59.93,52.27730218195857
2025-10-19 08:21:46.830892,61.7,50.65,117.42,32.88,51.67713862671477
2025-10-19 08:21:47.830891,32.25,48.31,139.54,45.3,51.91898803643386
2025-10-19 08:21:48.830891,55.87,79.35,265.72,132.45,53.386345420379214
2025-10-19 08:21:49.830890,64.51,66.85,161.32,79.2,52.333860667512404
2025-10-19 08:21:50.830890,93.73,69.31,290.34,67.28,52.90338978822746
2025-10-19 08:21:51.830890,66.94,98.1,82.01,13.52,51.22623839611247
2025-10-19 08:21:52.830889,10.62,34.06,218.72,83.67,52.735078753045954
2025-10-19 08:21:53.830889,16.24,62.34,263.67,61.42,52.71534160046883
2025-10-19 08:21:54.830888,19.94,63.63,288.37,97.59,53.19490289102958
2025-10-19 08:21:55.830888,77.84,50.31,296.2,34.83,52.65079491860702
2025-10-19 08:21:56.830887,89.64,72.37,181.43,116.86,52.7966716596672
2025-10-19 08:21:57.830887,88.08,52.69,186.52,26.72,51.983194081711225
2025-10-19 08:21:58.830886,41.84,36.4,135.61,121.41,52.65271649199329
2025-10-19 08:21:59.830886,58.51,46.37,85.12,72.37,51.89332462648196
2025-10-19 08:22:00.830885,65.72,57.31,245.9,122.3,53.217098390648616
2025-10-19 08:22:01.830885,90.47,41.36,257.18,95.83,53.04645730752304
2025-10-19 08:22:02.830884,44.47,38.04,57.9,102.45,52.052009281186116
2025-10-19 08:22:03.830884,68.7,91.32,277.18,139.71,53.4988751572605
2025-10-19 08:22:04.830884,16.42,94.79,65.95,45.6,51.45592877781641
2025-10-19 08:22:05.830883,65.82,72.45,140.99,115.8,52.570441278098855
2025-10-19 08:22:06.830883,92.13,94.21,130.12,58.46,51.92371071928516
2025-10-19 08:22:07.830882,41.97,92.69,148.31,72.74,52.16127800947144
2025-10-19 08:22:08.830882,28.43,38.78,244.31,119.67,53.21234767603013
2025-10-19 08:22:09.830881,47.85,74.6,129.04,65.23,52.014277062191546
2025-10-19 08:22:10.830881,44.97,91.69,201.48,40.07,52.130746964481716
2025-10-19 08:22:11.830880,90.18,76.85,54.73,59.12,51.555012905813726
2025-10-19 08:22:12.830880,55.13,83.09,269.19,65.82,52.75469017582676
2025-10-19 08:22:13.830879,85.08,56.34,175.35,136.1,52.975495349499425
2025-10-19 08:22:14.830879,66.17,59.43,193.58,47.53,52.21149448517849
2025-10-19 08:22:15.830878,67.08,29.06,64.66,114.23,52.21613555717049
2025-10-19 08:22:16.830878,57.94,26.16,93.07,132.12,52.545333344634614
2025-10-19 08:22:17.830877,50.9,72.76,255.79,106.76,53.09530187483732
2025-10-19 08:22:18.830877,46.3,20.97,116.79,123.88,52.60043375694374
2025-10-19 08:22:19.830877,85.88,75.48,278.99,13.8,52.315961702063255
2025-10-19 08:22:20.830876,69.57,36.6,115.51,59.21,51.94366161602755
2025-10-19 08:22:21.830876,22.5,48.77,116.03,48.6,51.82468569138107
2025-10-19 08:22:22.830875,73.71,55.17,294.13,55.75,52.83438546816732
2025-10-19 08:22:23.830875,69.82,70.45,205.57,131.11,53.06633750870377
2025-10-19 08:22:24.830874,22.11,53.94,298.33,10.91,52.4251518387239
2025-10-19 08:22:25.830874,47.15,96.96,183.66,148.51,53.07591338483605
2025-10-19 08:22:26.830873,60.37,83.79,130.56,102.12,52.36463866864868
2025-10-19 08:22:27.830873,40.26,94.5,202.68,113.92,52.84683392604648
2025-10-19 08:22:28.830872,31.36,33.13,146.85,49.91,52.02647769559017
2025-10-19 08:22:29.830872,28.38,50.5,218.37,85.69,52.7268657180007
2025-10-19 08:22:30.830871,31.95,54.02,280.39,139.55,53.573174394215
2025-10-19 08:22:31.830871,34.63,52.17,64.82,95.69,52.00133737865249
2025-10-19 08:22:32.830871,36.1,62.7,112.98,13.12,51.44339938869319
2025-10-19 08:22:33.830870,10.29,80.4,251.15,63.48,52.64000615751089
2025-10-19 08:22:34.830870,76.84,69.89,228.17,51.33,52.41640387842062
2025-10-19 08:22:35.830869,12.03,35.92,194.33,126.84,53.01940520429743
2025-10-19 08:22:36.830869,11.36,71.58,74.37,126.16,52.316394145579515
2025-10-19 08:22:37.830868,92.47,72.48,227.37,108.9,52.964739655551234
2025-10-19 08:22:38.830868,17.04,65.37,214.43,55.28,52.388374498113954
2025-10-19 08:22:39.830867,81.85,78.8,146.03,70.21,52.146507633231785
2025-10-19 08:22:40.830867,72.65,56.81,139.2,22.58,51.68409887518765
2025-10-19 08:22:41.830866,50.36,25.91,94.68,144.53,52.67432104379824
2025-10-19 08:22:42.830866,19.05,28.45,250.21,74.77,52.825931840317814
2025-10-19 08:22:43.830865,68.54,84.14,161.21,147.87,52.970074009926655
2025-10-19 08:22:44.830865,74.7,88.82,196.82,51.06,52.216660707683516
2025-10-19 08:22:45.830864,85.04,89.72,158.09,107.12,52.55059834765346
2025-10-19 08:22:46.830864,17.79,98.5,289.13,88.93,53.0603326388194
2025-10-19 08:22:47.830863,72.23,75.76,276.98,91.12,53.05245092516339
2025-10-19 08:22:48.830863,30.46,44.28,208.68,55.23,52.39039649489429
2025-10-19 08:22:49.830863,50.84,86.2,243.55,58.39,52.54109184380797
2025-10-19 08:22:50.830862,21.63,74.71,143.84,142.09,52.83631174382499
2025-10-19 08:22:51.830862,32.91,59.51,287.18,124.56,53.45582713728346
2025-10-19 08:22:52.830861,27.67,39.81,94.26,65.49,51.8859092982534
2025-10-19 08:22:53.830861,88.67,70.83,295.55,34.33,52.6101908536568
2025-10-19 08:22:54.830860,50.54,90.05,125.32,78.84,52.10170590322276
2025-10-19 08:22:55.830860,50.05,20.45,77.26,31.94,51.50122575381923
2025-10-19 08:22:56.830859,59.77,56.43,180.85,17.25,51.85547086221673
2025-10-19 08:22:57.830859,14.83,84.15,147.59,82.29,52.263222710925056
2025-10-19 08:22:58.830858,37.66,63.86,148.56,109.78,52.566157097607615
2025-10-19 08:22:59.830858,16.13,20.5,129.69,86.17,52.30538612905657
2025-10-19 08:23:00.830857,11.86,86.06,60.89,19.08,51.18622226288995
2025-10-19 08:23:01.830857,55.56,37.11,65.26,42.26,51.51074102464693
2025-10-19 08:23:02.830856,87.61,69.37,60.47,56.89,51.57586165197519
2025-10-19 08:23:03.830856,88.61,61.35,165.41,140.88,52.96077405308192
2025-10-19 08:23:04.830856,14.59,32.03,109.5,141.68,52.716233221110016
2025-10-19 08:23:05.830855,65.71,29.2,212.08,107.44,52.93713467315125
2025-10-19 08:23:06.830855,55.34,32.82,72.11,44.16,51.57242902878572
2025-10-19 08:23:07.830854,14.84,72.56,242.42,136.42,53.31105461048161
2025-10-19 08:23:08.830854,90.1,88.05,161.68,91.95,52.42570035327698
2025-10-19 08:23:09.830853,18.41,62.68,121.01,109.43,52.417577820425684
2025-10-19 08:23:10.830853,40.47,59.06,165.69,148.06,53.035301405876886
2025-10-19 08:23:11.830852,94.13,23.11,271.94,120.8,53.39541925512814
2025-10-19 08:23:12.830852,11.31,32.74,224.64,63.1,52.56985036300947
2025-10-19 08:23:13.830851,93.64,59.19,290.94,47.36,52.72990212608773
2025-10-19 08:23:14.830851,30.31,90.24,247.81,14.62,52.13422970863176
2025-10-19 08:23:15.830850,27.7,86.21,171.27,79.97,52.36394209316594
2025-10-19 08:23:16.830850,10.06,25.74,191.4,63.29,52.40528251382807
2025-10-19 08:23:17.830850,26.31,23.31,237.03,91.01,52.920707668569314
2025-10-19 08:23:18.830849,26.71,33.24,164.76,19.23,51.82523650129816
2025-10-19 08:23:19.830849,17.09,93.35,182.92,65.74,52.277287564491814
2025-10-19 08:23:20.830848,22.35,60.91,253.59,18.15,52.24538250295896
2025-10-19 08:23:21.830848,27.1,37.85,240.18,46.57,52.484914409799394
2025-10-19 08:23:22.830847,50.17,22.64,146.31,29.96,51.847197424262234
2025-10-19 08:23:23.830847,56.67,27.3,206.54,87.06,52.71348699454766
2025-10-19 08:23:24.830846,49.71,22.5,261.67,35.82,52.519833469392054
2025-10-19 08:23:25.830846,89.92,63.92,251.7,139.73,53.40619450796949
2025-10-19 08:23:26.830845,53.5,43.24,239.3,21.52,52.22950792700089
2025-10-19 08:23:27.830845,46.45,45.9,166.51,91.32,52.5117360437143
2025-10-19 08:23:28.830844,92.66,76.44,151.42,119.83,52.658801227637646
2025-10-19 08:23:29.830844,12.09,71.39,202.87,16.16,51.938918030231434
2025-10-19 08:23:30.830844,55.82,76.87,242.93,37.12,52.346794687914816
2025-10-19 08:23:31.830843,26.92,78.52,279.52,89.3,53.044065353342795
2025-10-19 08:23:32.830843,21.1,36.0,138.37,104.86,52.50804504787788
2025-10-19 08:23:33.830842,66.05,90.75,75.11,111.05,52.144060567362196
2025-10-19 08:23:34.830842,76.48,89.14,292.67,145.98,53.6456156393418
2025-10-19 08:23:35.830841,48.03,49.14,142.73,103.95,52.50183463119852
2025-10-19 08:23:36.830841,93.23,92.59,53.03,118.97,52.09989271813651
2025-10-19 08:23:37.830840,70.67,96.45,88.02,78.5,51.889249832451505
2025-10-19 08:23:38.830840,18.78,41.5,105.16,108.95,52.36167325015062
2025-10-19 08:23:39.830839,70.41,56.23,257.2,43.21,52.51433988564812
2025-10-19 08:23:40.830839,54.25,25.21,82.48,35.43,51.555342893165836
2025-10-19 08:23:41.830839,13.69,80.67,113.03,94.61,52.20336152166629
2025-10-19 08:23:42.830838,84.44,46.88,284.4,109.94,53.31949834504632
2025-10-19 08:23:43.830838,80.91,78.87,247.73,132.86,53.29504119072098
2025-10-19 08:23:44.830837,11.58,21.16,241.09,61.06,52.65615624437129
2025-10-19 08:23:45.830837,63.14,57.62,86.41,125.03,52.39170665075185
2025-10-19 08:23:46.830836,36.77,90.19,194.64,119.55,52.865143644096136
2025-10-19 08:23:47.830836,75.67,36.95,73.7,10.14,51.24545295119719
2025-10-19 08:23:48.830835,29.96,21.14,118.77,104.32,52.42159603232005
2025-10-19 08:23:49.830835,52.14,96.75,226.63,143.5,53.25715777408784
2025-10-19 08:23:50.830834,30.97,49.93,250.27,83.74,52.87917815270115
2025-10-19 08:23:51.830834,30.55,40.9,84.98,135.18,52.508539249623546
2025-10-19 08:23:52.830833,26.24,88.67,208.73,121.25,52.95918215613854
2025-10-19 08:23:53.830833,83.31,56.99,66.84,119.28,52.232639894062416
2025-10-19 08:23:54.830833,18.65,42.5,78.33,32.38,51.47648362023459
2025-10-19 08:23:55.830832,76.74,69.67,212.59,57.85,52.39663579599734
2025-10-19 08:23:56.830832,36.37,40.71,194.01,96.51,52.71687640262577
2025-10-19 08:23:57.830831,88.75,58.86,57.55,141.02,52.39032817588002
2025-10-19 08:23:58.830831,27.88,90.19,267.66,28.28,52.3723484346033
2025-10-19 08:23:59.830830,45.13,22.35,216.55,64.28,52.55443347988124
2025-10-19 08:24:00.830830,20.04,64.62,218.34,37.89,52.24226975441012
2025-10-19 08:24:01.830829,56.07,68.84,94.91,116.72,52.33906077462646
2025-10-19 08:24:02.830828,74.53,39.64,172.31,62.59,52.27473852197018
2025-10-19 08:24:03.830828,35.13,51.71,220.75,98.47,52.86124305427051
2025-10-19 08:24:04.830827,90.57,53.14,227.94,59.67,52.52218678349884
2025-10-19 08:24:05.830827,46.98,72.91,267.63,113.13,53.21985933200134
2025-10-19 08:24:06.830826,67.79,47.14,143.22,77.42,52.251061943849265
2025-10-19 08:24:07.830826,56.88,81.86,106.65,25.04,51.49471545233851
2025-10-19 08:24:08.830825,88.14,67.12,88.6,58.42,51.74434600732114
2025-10-19 08:24:09.830825,48.7,33.75,235.35,135.07,53.32135272485759
2025-10-19 08:24:10.830824,35.31,69.51,136.11,132.25,52.708087303309746
2025-10-19 08:24:11.830824,87.94,44.53,183.92,133.96,53.01913560798246
2025-10-19 08:24:12.830823,62.9,28.62,130.12,143.19,52.846264335759884
2025-10-19 08:24:13.830823,28.14,91.6,130.06,116.86,52.49220730562827
2025-10-19 08:24:14.830823,79.78,62.52,279.74,117.97,53.34765398131851
2025-10-19 08:24:15.830822,53.47,30.14,111.7,51.76,51.86145458996815
2025-10-19 08:24:16.830822,74.3,49.69,295.85,53.53,52.830725429054624
2025-10-19 08:24:17.830821,91.9,25.14,53.84,35.99,51.40799776396961
2025-10-19 08:24:18.830821,92.09,50.09,227.19,18.23,52.12227344179971
2025-10-19 08:24:19.830820,65.23,75.73,60.01,123.16,52.20420411702648
2025-10-19 08:24:20.830820,50.6,39.56,50.44,112.97,52.111522724465964
2025-10-19 08:24:21.830819,40.27,51.98,50.18,61.71,51.594917959803006
2025-10-19 08:24:22.830819,62.94,77.61,194.0,58.81,52.294193687906024
2025-10-19 08:24:23.830818,77.33,85.75,84.28,19.88,51.319293614467256
2025-10-19 08:24:24.830818,75.09,71.99,169.6,122.03,52.78411756854884
2025-10-19 08:24:25.830818,15.65,66.6,270.65,91.55,53.03723996119209
2025-10-19 08:24:26.830817,58.24,25.08,240.51,10.37,52.15673467097843
2025-10-19 08:24:27.830817,46.25,78.64,158.07,115.47,52.64867392290366
2025-10-19 08:24:28.830816,49.71,59.4,176.3,47.99,52.12375514309614
2025-10-19 08:24:29.830816,10.23,46.43,187.51,138.22,53.076499837693305
2025-10-19 08:24:30.830815,89.62,55.09,296.85,89.81,53.17837865628886
2025-10-19 08:24:31.830815,40.97,70.88,167.0,37.45,51.9541264644898
2025-10-19 08:24:32.830814,63.72,38.19,269.42,149.32,53.63401041292756
2025-10-19 08:24:33.830814,88.2,65.99,212.18,83.36,52.64691310911401
2025-10-19 08:24:34.830813,50.16,87.32,79.31,120.56,52.26383626712764
2025-10-19 08:24:35.830813,76.71,45.06,266.31,14.22,52.30022452148687
2025-10-19 08:24:36.830813,82.12,46.78,241.13,67.38,52.67715456872695
2025-10-19 08:24:37.830812,51.96,82.43,245.86,65.94,52.632362017225034
2025-10-19 08:24:38.830812,26.67,78.73,51.89,59.84,51.54385689974025
2025-10-19 08:24:39.830811,11.81,58.06,200.24,27.71,52.05754691017909
2025-10-19 08:24:40.830811,61.16,53.84,284.61,46.73,52.69844413792647
2025-10-19 08:24:41.830810,77.52,31.3,190.1,129.19,53.02682282508149
2025-10-19 08:24:42.830810,25.25,22.56,229.38,30.14,52.29246256463595
2025-10-19 08:24:43.830809,79.3,55.31,93.85,18.21,51.402141048033094
2025-10-19 08:24:44.830809,59.01,57.9,101.05,101.36,52.24052811130328
2025-10-19 08:24:45.830808,15.45,59.51,151.58,25.95,51.77851580459173
2025-10-19 08:24:46.830808,77.91,61.02,165.16,104.14,52.60469552157233
2025-10-19 08:24:47.830808,94.14,93.11,148.85,38.0,51.82757500925173
2025-10-19 08:24:48.830807,76.08,62.52,88.76,26.67,51.44542879623954
2025-10-19 08:24:49.830807,30.54,29.14,225.95,12.78,52.0959316753606
2025-10-19 08:24:50.830806,34.41,30.63,233.71,118.48,53.15709027875692
2025-10-19 08:24:51.830806,31.83,21.14,255.34,111.05,53.21563589831338
2025-10-19 08:24:52.830805,82.71,23.43,217.64,72.58,52.63880976696031
2025-10-19 08:24:53.830805,84.7,88.83,186.12,24.86,51.90618682956628
2025-10-19 08:24:54.830804,52.46,42.96,284.84,136.19,53.58184598998719
2025-10-19 08:24:55.830804,76.82,44.82,135.99,124.97,52.675915208775585
2025-10-19 08:24:56.830803,94.24,88.55,262.14,22.06,52.28532073512267
2025-10-19 08:24:57.830803,27.57,77.58,154.27,144.55,52.91125326621481
2025-10-19 08:24:58.830803,19.36,42.16,252.14,108.53,53.14110106496169
2025-10-19 08:24:59.830802,70.49,63.16,217.69,76.67,52.61608809178874
2025-10-19 08:25:00.830802,58.41,40.14,66.62,80.85,51.88638326428923
2025-10-19 08:25:01.830801,21.64,25.64,215.79,119.9,53.083025069130755
2025-10-19 08:25:02.830801,14.66,72.06,119.25,108.78,52.38713356673795
2025-10-19 08:25:03.830800,35.48,50.13,193.48,147.94,53.19653074573056
2025-10-19 08:25:04.830800,24.51,38.68,141.94,144.32,52.90444702835598
2025-10-19 08:25:05.830799,59.71,68.46,80.56,54.49,51.6613202585081
2025-10-19 08:25:06.830799,40.01,40.37,165.02,39.29,52.009374742992
2025-10-19 08:25:07.830798,46.66,34.35,238.76,63.09,52.64258705931743
2025-10-19 08:25:08.830798,81.55,36.08,260.77,133.7,53.44012080664808
2025-10-19 08:25:09.830798,93.45,97.78,93.2,36.09,51.50471479198256
2025-10-19 08:25:10.830797,19.09,34.94,210.58,78.88,52.643927394308385
2025-10-19 08:25:11.830797,43.13,30.38,209.38,12.85,52.006211836365914
2025-10-19 08:25:12.830796,38.02,24.64,108.82,46.49,51.803780353296936
2025-10-19 08:25:13.830796,39.41,84.94,53.43,34.52,51.297465991432276
2025-10-19 08:25:14.830795,15.02,31.21,217.88,77.74,52.67774007938756
2025-10-19 08:25:15.830795,80.77,64.24,86.11,108.68,52.22158601036778
2025-10-19 08:25:16.830794,40.59,27.11,140.58,79.55,52.289095403146305
2025-10-19 08:25:17.830794,69.73,98.78,125.55,79.76,52.09808809260221
2025-10-19 08:25:18.830793,23.92,48.39,250.31,32.47,52.38605189635929
2025-10-19 08:25:19.830793,46.17,60.95,236.68,123.13,53.17018148438221
2025-10-19 08:25:20.830792,21.51,87.5,144.12,90.39,52.31775225429157
2025-10-19 08:25:21.830792,28.21,22.48,233.84,17.2,52.19126892467715
2025-10-19 08:25:22.830792,59.04,92.91,94.02,126.46,52.39060514059146
2025-10-19 08:25:23.830791,16.08,35.63,210.89,109.67,52.94222500482349
2025-10-19 08:25:24.830791,50.4,44.37,290.05,82.35,53.086820862211574
2025-10-19 08:25:25.830790,89.22,75.7,60.1,135.41,52.32318514614788
2025-10-19 08:25:26.830790,17.41,83.89,268.57,79.62,52.88356298455862
2025-10-19 08:25:27.830789,82.65,29.93,191.76,91.64,52.674743801795344
2025-10-19 08:25:28.830789,87.73,56.75,71.68,109.07,52.16012460192533
2025-10-19 08:25:29.830788,71.59,90.69,180.8,73.42,52.34442179115494
2025-10-19 08:25:30.830788,30.81,68.5,158.9,27.98,51.823066014123754
2025-10-19 08:25:31.830787,63.1,40.58,72.83,52.97,51.64924717890397
2025-10-19 08:25:32.830787,73.32,61.7,294.26,107.24,53.32269188103387
2025-10-19 08:25:33.830787,17.59,61.99,247.08,146.5,53.45003614463712
2025-10-19 08:25:34.830786,54.63,98.06,104.65,95.14,52.13638398567735
2025-10-19 08:25:35.830786,20.34,90.35,112.06,104.46,52.278193295348466
2025-10-19 08:25:36.830785,17.21,64.46,177.47,51.38,52.1548156101897
2025-10-19 08:25:37.830785,69.52,68.73,65.1,108.81,52.10363147811491
2025-10-19 08:25:38.830784,82.68,49.49,65.58,68.25,51.744276822642824
2025-10-19 08:25:39.830784,76.65,57.39,164.19,32.63,51.91375397121967
2025-10-19 08:25:40.830783,30.03,31.13,205.39,34.67,52.194726192035645
2025-10-19 08:25:41.830783,17.04,28.27,272.17,34.25,52.551615089375716
2025-10-19 08:25:42.830782,49.83,59.38,296.23,97.43,53.24199944660134
2025-10-19 08:25:43.830782,55.22,60.57,66.06,78.64,51.82986612326552
2025-10-19 08:25:44.830782,58.1,63.81,110.8,121.59,52.47888486112607
2025-10-19 08:25:45.830781,45.27,53.42,62.67,131.05,52.32981327002872
2025-10-19 08:25:46.830781,31.21,21.51,164.15,146.62,53.072263142226205
2025-10-19 08:25:47.830780,75.16,78.63,244.37,146.86,53.41285979364344
2025-10-19 08:25:48.830780,10.75,34.85,89.51,106.18,52.26182154787942
2025-10-19 08:25:49.830779,35.26,90.12,199.66,32.37,52.04904728273585
2025-10-19 08:25:50.830779,71.07,41.16,203.2,129.17,53.081032406668264
2025-10-19 08:25:51.830778,75.18,67.51,167.96,140.76,52.96352847957193
2025-10-19 08:25:52.830778,35.54,55.3,104.61,41.34,51.68324930805022
2025-10-19 08:25:53.830777,17.59,73.71,192.08,112.18,52.80615435945027
2025-10-19 08:25:54.830777,86.76,32.97,228.06,105.77,53.000347778973804
2025-10-19 08:25:55.830776,18.29,49.9,139.72,32.6,51.7946412858483
2025-10-19 08:25:56.830776,64.32,69.41,176.31,107.47,52.68320393900328
2025-10-19 08:25:57.830776,10.11,71.0,241.22,104.74,53.00076992122426
2025-10-19 08:25:58.830775,83.34,84.45,237.84,64.62,52.5736104894954
2025-10-19 08:25:59.830775,21.57,97.39,53.37,128.43,52.18562706868139
2025-10-19 08:26:00.830774,21.53,96.63,152.5,82.05,52.26746556023204
2025-10-19 08:26:01.830774,61.48,70.18,232.39,54.5,52.46912513176739
2025-10-19 08:26:02.830773,93.09,93.76,148.73,122.76,52.64551231105421
2025-10-19 08:26:03.830773,37.69,22.65,210.72,71.57,52.593334626568925
2025-10-19 08:26:04.830772,70.0,82.7,270.73,141.91,53.499288991806374
2025-10-19 08:26:05.830772,27.88,31.06,280.63,83.64,53.06996482840278
2025-10-19 08:26:06.830771,40.23,66.7,283.72,22.58,52.439928733405324
2025-10-19 08:26:07.830771,64.42,41.11,170.52,97.62,52.601598683976945
2025-10-19 08:26:08.830771,60.69,65.73,101.5,148.21,52.68362903744349
2025-10-19 08:26:09.830770,21.3,40.03,279.68,130.45,53.50341182533691
2025-10-19 08:26:10.830770,84.81,72.76,60.68,112.7,52.111310593241825
2025-10-19 08:26:11.830769,85.67,29.1,141.46,106.0,52.5464228397542
2025-10-19 08:26:12.830769,56.37,47.04,175.34,72.44,52.3745097620163
2025-10-19 08:26:13.830768,32.85,93.42,225.62,126.11,53.08885286778782
2025-10-19 08:26:14.830768,69.81,31.02,138.37,131.6,52.77445076912371
2025-10-19 08:26:15.830767,55.99,83.96,159.17,106.7,52.56136834958377
2025-10-19 08:26:16.830767,53.1,30.92,74.35,77.78,51.91247028436364
2025-10-19 08:26:17.830766,66.7,42.69,75.53,41.92,51.55348774691786
2025-10-19 08:26:18.830766,18.33,90.6,132.52,95.96,52.304815952860366
2025-10-19 08:26:19.830766,34.97,75.9,133.54,30.03,51.69587793869294
2025-10-19 08:26:20.830765,55.17,86.38,79.13,123.19,52.28978633225226
2025-10-19 08:26:21.830765,30.08,97.17,288.82,126.37,53.42280379591637
2025-10-19 08:26:22.830764,15.34,39.36,191.19,142.4,53.14769022145847
2025-10-19 08:26:23.830764,27.12,75.48,179.0,114.08,52.75192416001057
2025-10-19 08:26:24.830763,49.16,81.61,202.41,78.12,52.519508350783696
2025-10-19 08:26:25.830763,24.94,39.46,270.4,58.8,52.76194401051033
2025-10-19 08:26:26.830762,37.5,95.56,218.06,82.45,52.62295407854068
2025-10-19 08:26:27.830762,68.7,40.46,133.78,59.76,52.04042293758094
2025-10-19 08:26:28.830761,30.69,22.96,156.1,41.03,52.005992540214464
2025-10-19 08:26:29.830761,16.68,81.54,218.12,109.78,52.90961468544459
2025-10-19 08:26:30.830760,35.68,31.03,164.77,120.56,52.808595895266805
2025-10-19 08:26:31.830760,70.9,84.92,258.84,146.52,53.47690706622691
2025-10-19 08:26:32.830760,46.23,35.52,147.35,105.96,52.56736933800637
2025-10-19 08:26:33.830759,13.22,47.51,53.14,52.13,51.52511805725043
2025-10-19 08:26:34.830759,63.26,31.83,257.53,137.23,53.46365050581143
2025-10-19 08:26:35.830758,84.75,50.31,60.29,128.67,52.29899118714455
2025-10-19 08:26:36.830758,44.5,87.83,59.5,12.64,51.11374418324209
2025-10-19 08:26:37.830757,12.98,87.98,61.7,74.05,51.71906514624573
2025-10-19 08:26:38.830757,72.45,57.47,283.6,108.21,53.28183038084249
2025-10-19 08:26:39.830756,30.2,53.77,249.08,118.52,53.20309296100604
2025-10-19 08:26:40.830756,79.33,59.59,238.44,123.25,53.18287683502937
2025-10-19 08:26:41.830755,47.68,91.27,261.56,120.95,53.23417680076658
2025-10-19 08:26:42.830755,85.73,60.88,104.44,136.44,52.59314395518662
2025-10-19 08:26:43.830754,82.03,77.07,277.04,116.96,53.30057335348047
2025-10-19 08:26:44.830754,85.85,80.59,166.73,41.98,51.98120474453007
2025-10-19 08:26:45.830753,76.92,89.85,118.66,46.74,51.75607565426709
2025-10-19 08:26:46.830753,17.1,28.14,79.34,140.97,52.55450730337091
2025-10-19 08:26:47.830753,16.51,28.08,267.9,81.99,52.990752285509096
2025-10-19 08:26:48.830752,76.67,69.73,181.97,147.38,53.09882774733599
2025-10-19 08:26:49.830752,57.92,27.99,173.61,35.8,52.040964919786774
2025-10-19 08:26:50.830751,16.69,84.03,278.04,45.71,52.60599176941012
2025-10-19 08:26:51.830751,12.05,48.91,116.16,119.27,52.50851457210493
2025-10-19 08:26:52.830750,34.88,93.31,250.83,98.84,52.95989638398475
2025-10-19 08:26:53.830750,27.4,71.91,124.57,92.94,52.262598457266165
2025-10-19 08:26:54.830749,40.14,47.6,153.6,10.02,51.654007149147226
2025-10-19 08:26:55.830749,38.53,42.81,186.19,133.64,53.03086516970343
2025-10-19 08:26:56.830748,79.77,70.85,254.23,23.78,52.287592644667214
2025-10-19 08:26:57.830748,83.63,85.48,255.02,11.69,52.151874585655506
2025-10-19 08:26:58.830747,22.55,89.29,64.95,88.75,51.87649459303863
2025-10-19 08:26:59.830747,29.21,60.77,85.95,46.27,51.622710075567646
2025-10-19 08:27:00.830746,54.21,46.48,89.91,107.32,52.25667368398411
2025-10-19 08:27:01.830746,70.69,27.65,194.06,89.54,52.670302960979434
2025-10-19 08:27:02.830746,64.02,81.63,84.72,105.74,52.15836491154366
2025-10-19 08:27:03.830745,81.51,53.34,56.65,130.51,52.2925849154127
2025-10-19 08:27:04.830745,70.5,78.97,55.93,103.04,51.98277284217166
2025-10-19 08:27:05.830744,77.07,91.68,177.32,47.2,52.07074977946038
2025-10-19 08:27:06.830744,37.01,74.13,113.14,119.18,52.451826744695374
2025-10-19 08:27:07.830743,68.12,70.7,179.32,118.94,52.80815080692485
2025-10-19 08:27:08.830743,73.69,68.2,58.97,61.68,51.616014532350825
2025-10-19 08:27:09.830742,43.47,95.91,86.27,40.03,51.5087668537875
2025-10-19 08:27:10.830742,33.63,50.2,175.82,41.59,52.07378857600293
2025-10-19 08:27:11.830742,30.32,63.92,65.64,18.57,51.24149431469905
2025-10-19 08:27:12.830741,59.68,96.43,91.37,117.5,52.284279451151946
2025-10-19 08:27:13.830741,66.08,74.74,145.62,75.53,52.20215251674396
2025-10-19 08:27:14.830740,36.01,86.29,244.54,62.3,52.58404285007353
2025-10-19 08:27:15.830740,65.16,62.22,82.66,81.29,51.94149854552945
2025-10-19 08:27:16.830739,20.12,37.55,91.08,53.23,51.75394283328104
2025-10-19 08:27:17.830739,55.28,77.67,284.53,94.34,53.120880059032835
2025-10-19 08:27:18.830738,37.15,95.31,136.42,112.0,52.47332041459775
2025-10-19 08:27:19.830738,78.1,57.87,87.7,120.48,52.35420172100117
2025-10-19 08:27:20.830737,51.77,33.93,255.24,22.76,52.34123499209612
2025-10-19 08:27:21.830737,83.14,33.58,196.3,138.68,53.14809253795849
2025-10-19 08:27:22.830737,67.22,81.69,126.28,34.34,51.6896890351733
2025-10-19 08:27:23.830736,71.42,88.21,284.83,126.87,53.42044499969501
2025-10-19 08:27:24.830736,15.03,66.41,270.13,65.32,52.78112809354156
2025-10-19 08:27:25.830735,77.73,54.96,104.21,141.41,52.649292988375606
2025-10-19 08:27:26.830735,60.96,68.14,232.62,79.12,52.71163107593164
2025-10-19 08:27:27.830734,22.22,75.84,73.89,20.85,51.2888139539144
2025-10-19 08:27:28.830734,90.39,21.18,165.47,50.56,52.150960086619214
2025-10-19 08:27:29.830733,84.26,42.98,157.55,149.11,53.027316997976214
2025-10-19 08:27:30.830733,20.23,48.33,252.26,23.22,52.30711034153835
2025-10-19 08:27:31.830732,56.72,61.31,254.9,143.63,53.465094994659076
2025-10-19 08:27:32.830732,48.89,64.75,283.58,38.8,52.59909287969909
2025-10-19 08:27:33.830731,72.58,26.56,161.3,64.11,52.25125761198378
2025-10-19 08:27:34.830731,34.5,43.99,204.76,107.52,52.87555625920788
2025-10-19 08:27:35.830731,48.82,26.68,258.63,129.05,53.39853046816929
2025-10-19 08:27:36.830730,17.32,85.61,242.68,10.22,52.071588932969526
2025-10-19 08:27:37.830730,85.24,84.8,288.13,27.36,52.481198254544346
2025-10-19 08:27:38.830729,47.38,88.43,191.43,34.39,52.02731130660941
2025-10-19 08:27:39.830729,41.85,53.05,73.84,133.64,52.41506167274878
2025-10-19 08:27:40.830728,54.01,23.81,287.99,91.07,53.19250751655644
2025-10-19 08:27:41.830728,52.89,90.0,287.37,33.62,52.529488630127766
2025-10-19 08:27:42.830727,79.38,72.19,168.41,65.12,52.227150212064295
2025-10-19 08:27:43.830727,65.4,87.82,190.65,65.51,52.32502814848496
2025-10-19 08:27:44.830726,46.51,76.53,63.52,83.1,51.8343131693165
2025-10-19 08:27:45.830726,25.58,50.39,225.66,73.74,52.65039782263286
2025-10-19 08:27:46.830725,69.78,90.33,115.73,130.2,52.546711180242646
2025-10-19 08:27:47.830725,50.62,79.48,199.06,93.9,52.65756731491374
2025-10-19 08:27:48.830725,36.84,89.52,75.56,89.26,51.93769656677046
2025-10-19 08:27:49.830724,60.24,78.58,291.34,53.55,52.761371356254806
2025-10-19 08:27:50.830724,74.68,97.31,251.69,112.46,53.08989137693827
2025-10-19 08:27:51.830723,17.04,51.28,62.55,12.29,51.18417161260332
2025-10-19 08:27:52.830723,54.52,29.45,136.74,61.3,52.088444097588535
2025-10-19 08:27:53.830722,86.26,91.29,55.65,30.58,51.261221793942156
2025-10-19 08:27:54.830722,37.63,36.54,56.69,132.73,52.340709328404415
2025-10-19 08:27:55.830721,86.05,93.13,155.32,136.99,52.81927844990652
2025-10-19 08:27:56.830721,75.69,79.13,173.55,136.52,52.93407595787389
2025-10-19 08:27:57.830720,52.7,49.73,182.55,148.41,53.143364587735455
2025-10-19 08:27:58.830720,81.55,95.33,83.22,62.84,51.71396507448966
2025-10-19 08:27:59.830720,38.12,30.14,128.64,21.65,51.660720731072026
2025-10-19 08:28:00.830719,30.29,71.62,280.83,118.49,53.34417628084681
2025-10-19 08:28:01.830719,21.54,44.37,99.27,121.22,52.44436373847872
2025-10-19 08:28:02.830718,55.98,64.26,240.52,17.74,52.16638173122599
2025-10-19 08:28:03.830718,81.5,71.07,235.52,42.93,52.37255301899758
2025-10-19 08:28:04.830717,87.27,34.76,135.73,82.81,52.28268933269098
2025-10-19 08:28:05.830717,45.65,40.51,288.3,91.78,53.174740811481975
2025-10-19 08:28:06.830716,90.81,79.75,94.34,91.02,52.07033485634551
2025-10-19 08:28:07.830716,30.83,51.24,210.54,93.11,52.755656031802026
2025-10-19 08:28:08.830715,80.36,82.8,278.93,87.7,53.018707685647406
2025-10-19 08:28:09.830715,73.55,95.56,134.45,46.76,51.8315626624691
2025-10-19 08:28:10.830715,75.62,74.94,55.87,94.57,51.90689397612175
2025-10-19 08:28:11.830714,53.68,50.77,66.09,82.9,51.886644843999186
2025-10-19 08:28:12.830714,66.26,26.53,244.28,70.97,52.76055703506295
2025-10-19 08:28:13.830713,64.78,32.25,297.35,23.04,52.571355410519416
2025-10-19 08:28:14.830713,44.78,64.75,105.97,134.8,52.579360686653104
2025-10-19 08:28:15.830712,56.56,98.5,253.49,137.57,53.340431348828055
2025-10-19 08:28:16.830712,74.66,92.13,86.01,96.34,52.05782795912904
2025-10-19 08:28:17.830711,55.5,84.6,281.79,27.84,52.45231379922336
2025-10-19 08:28:18.830711,82.38,28.66,243.34,136.7,53.387774091023275
2025-10-19 08:28:19.830710,80.04,59.9,290.2,59.71,52.84425506539447
2025-10-19 08:28:20.830710,86.05,96.62,88.47,55.54,51.66936863445419
2025-10-19 08:28:21.830709,86.9,83.26,102.58,57.22,51.78195740377706
2025-10-19 08:28:22.830709,20.94,79.35,117.34,113.28,52.4089772397578
2025-10-19 08:28:23.830708,63.17,77.06,97.86,79.21,51.97915885048156
2025-10-19 08:28:24.830708,24.92,93.03,111.33,26.89,51.52000226717824
2025-10-19 08:28:25.830708,72.41,44.21,121.71,25.72,51.64093929655199
2025-10-19 08:28:26.830707,70.56,33.12,102.87,130.61,52.57208565473747
2025-10-19 08:28:27.830707,89.28,44.39,268.15,105.3,53.19181367600071
2025-10-19 08:28:28.830706,87.57,55.58,64.66,133.46,52.36033911817794
2025-10-19 08:28:29.830706,33.05,32.08,274.98,144.23,53.62408666941663
2025-10-19 08:28:30.830705,18.09,45.47,192.23,63.52,52.38088053847856
2025-10-19 08:28:31.830705,12.92,35.59,127.29,81.63,52.22492287899639
2025-10-19 08:28:32.830704,71.29,41.08,65.48,33.43,51.42028312246619
2025-10-19 08:28:33.830704,35.29,80.25,103.86,38.12,51.60883688824166
2025-10-19 08:28:34.830703,46.21,29.25,69.94,116.72,52.26809675344989
2025-10-19 08:28:35.830703,93.95,70.03,244.51,27.94,52.2772272212447
2025-10-19 08:28:36.830703,11.85,25.65,165.19,19.06,51.83783498073593
2025-10-19 08:28:37.830702,71.46,66.32,70.1,16.54,51.2418930653482
2025-10-19 08:28:38.830702,28.6,73.61,288.97,21.8,52.44953229098624
2025-10-19 08:28:39.830701,46.81,53.45,81.47,135.28,52.47101657918329
2025-10-19 08:28:40.830701,80.88,30.33,221.27,101.24,52.924457061857254
2025-10-19 08:28:41.830700,77.66,78.75,127.93,142.69,52.75083230353228
2025-10-19 08:28:42.830700,27.22,83.26,244.24,106.81,53.017607834067036
2025-10-19 08:28:43.830699,60.48,63.19,136.23,90.46,52.314580518372495
2025-10-19 08:28:44.830699,79.62,30.35,112.07,54.87,51.893171631624206
2025-10-19 08:28:45.830698,62.55,62.39,199.17,93.59,52.68205758446993
2025-10-19 08:28:46.830698,85.46,83.3,265.08,124.26,53.29751720628467
2025-10-19 08:28:47.830698,57.77,36.72,268.02,61.08,52.7756001719994
2025-10-19 08:28:48.830697,79.11,61.82,213.84,14.69,51.99832142854101
2025-10-19 08:28:49.830697,15.07,94.69,176.85,126.85,52.83369211886739
2025-10-19 08:28:50.830696,87.76,44.38,148.74,79.82,52.308077390149556
2025-10-19 08:28:51.830696,65.15,33.13,63.16,59.04,51.66805373470743
2025-10-19 08:28:52.830695,87.17,24.11,279.05,14.22,52.401202801388585
2025-10-19 08:28:53.830695,40.94,68.68,98.73,77.9,51.98432598542481
2025-10-19 08:28:54.830694,17.64,43.43,107.63,81.68,52.10812749366291
2025-10-19 08:28:55.830694,66.38,56.66,281.23,114.67,53.33292118595453
2025-10-19 08:28:56.830693,70.64,45.49,284.17,92.07,53.14766168565615
2025-10-19 08:28:57.830693,10.59,60.83,193.64,96.17,52.679943651589845
2025-10-19 08:28:58.830692,65.61,33.58,184.45,122.65,52.92983661337106
2025-10-19 08:28:59.830692,76.03,36.26,276.45,112.83,53.32172589767539
2025-10-19 08:29:00.830691,58.47,90.15,84.48,79.53,51.89023089692651
2025-10-19 08:29:01.830691,44.86,60.54,199.35,63.01,52.390231965283384
2025-10-19 08:29:02.830691,90.8,34.11,135.1,28.22,51.75248264080785
2025-10-19 08:29:03.830690,20.65,31.84,220.12,45.09,52.37299013659706
2025-10-19 08:29:04.830690,93.18,32.14,168.9,46.38,52.1115972997103
2025-10-19 08:29:05.830689,84.61,93.97,209.93,119.23,52.937712080268454
2025-10-19 08:29:06.830689,62.06,97.68,246.94,19.87,52.16864067955383
2025-10-19 08:29:07.830688,84.14,25.48,293.78,40.4,52.73082181405894
2025-10-19 08:29:08.830688,78.34,21.02,277.03,57.6,52.81475474574254
2025-10-19 08:29:09.830687,65.55,73.36,60.62,86.14,51.85321954582077
2025-10-19 08:29:10.830687,31.06,20.36,162.43,44.3,52.075492244064684
2025-10-19 08:29:11.830686,65.27,28.7,126.62,55.91,51.98348811115568
2025-10-19 08:29:12.830686,57.5,30.16,194.97,65.03,52.43420579312001
2025-10-19 08:29:13.830685,89.1,72.47,192.01,28.9,52.002442707604345
2025-10-19 08:29:14.830685,70.75,48.35,62.31,70.66,51.75192103168185
2025-10-19 08:29:15.830685,75.06,92.37,173.19,85.12,52.414292943663234
2025-10-19 08:29:16.830684,24.28,46.64,55.46,140.12,52.38970482624132
2025-10-19 08:29:17.830684,12.46,27.26,228.61,100.82,52.964406531980615
2025-10-19 08:29:18.830683,94.07,52.9,118.28,121.36,52.53375948750615
2025-10-19 08:29:19.830683,56.63,73.65,226.89,63.47,52.52104296610355
2025-10-19 08:29:20.830682,36.83,32.9,275.8,135.23,53.54014581075928
2025-10-19 08:29:21.830682,85.16,61.14,283.06,132.43,53.50737057122686
2025-10-19 08:29:22.830681,56.18,69.28,90.55,109.35,52.24383058396974
2025-10-19 08:29:23.830681,37.27,86.77,93.87,74.78,51.89974085370997
2025-10-19 08:29:24.830680,46.57,36.17,276.84,141.07,53.59702063845471
2025-10-19 08:29:25.830680,37.34,49.28,134.3,51.04,51.94499579193591
2025-10-19 08:29:26.830680,22.64,62.33,210.16,72.25,52.53446212346548
2025-10-19 08:29:27.830679,13.9,83.51,135.61,128.8,52.65002125505212
2025-10-19 08:29:28.830679,35.91,36.26,150.2,147.43,52.9824179208879
2025-10-19 08:29:29.830678,54.08,70.86,186.87,99.1,52.65635203273735
2025-10-19 08:29:30.830678,28.88,90.73,166.42,120.59,52.72372159043105
2025-10-19 08:29:31.830677,92.87,27.17,211.63,65.02,52.52774080974139
2025-10-19 08:29:32.830677,78.88,50.67,271.75,118.3,53.32684977744729
2025-10-19 08:29:33.830676,79.28,67.58,234.64,42.15,52.36580702333524
2025-10-19 08:29:34.830676,45.35,57.32,98.51,30.77,51.54530165222937
2025-10-19 08:29:35.830675,17.88,34.31,195.78,59.41,52.37765340438512
2025-10-19 08:29:36.830675,32.04,27.93,183.56,122.41,52.93165883584689
2025-10-19 08:29:37.830675,14.46,97.17,72.1,52.73,51.55395378819322
2025-10-19 08:29:38.830674,55.94,68.23,78.11,58.43,51.68670353499233
2025-10-19 08:29:39.830674,18.6,42.54,68.31,22.67,51.32904492899411
2025-10-19 08:29:40.830673,92.78,72.93,248.76,85.03,52.84738873694818
2025-10-19 08:29:41.830673,65.32,71.75,142.0,121.02,52.62740981014659
2025-10-19 08:29:42.830671,14.79,21.01,166.7,129.14,52.917635407462356
2025-10-19 08:29:43.830671,45.17,58.27,131.45,130.51,52.68408108920362
2025-10-19 08:29:44.830670,57.75,96.2,125.09,105.83,52.35178206806243
2025-10-19 08:29:45.830670,93.59,80.56,292.67,17.81,52.419759896377506
2025-10-19 08:29:46.830669,39.98,28.19,124.3,147.24,52.855038203909196
2025-10-19 08:29:47.830669,67.76,21.36,297.19,83.88,53.175945454635496
2025-10-19 08:29:48.830669,76.9,40.98,92.4,95.17,52.16113532583842
2025-10-19 08:29:49.830668,59.77,87.66,147.22,17.14,51.62574402745389
2025-10-19 08:29:50.830668,61.22,39.73,123.94,130.58,52.67385532124244
2025-10-19 08:29:51.830667,22.59,63.77,206.16,54.0,52.33437344980185
2025-10-19 08:29:52.830667,87.54,64.97,268.13,31.13,52.44211353220241
2025-10-19 08:29:53.830666,42.24,80.66,177.43,55.27,52.16671729890127
2025-10-19 08:29:54.830666,59.18,62.81,72.51,120.44,52.264960146649535
2025-10-19 08:29:55.830665,82.88,35.74,187.25,65.21,52.38595639918138
2025-10-19 08:29:56.830665,75.8,40.41,84.07,71.75,51.89110631070174
2025-10-19 08:29:57.830664,46.15,40.14,296.86,13.75,52.466489405125415
2025-10-19 08:29:58.830664,73.63,92.46,102.13,35.55,51.555532407474466
2025-10-19 08:29:59.830664,13.11,62.51,147.27,14.94,51.64432530975148
2025-10-19 08:30:00.830663,29.62,69.42,109.74,135.55,52.59938501042647
2025-10-19 08:30:01.830663,37.31,53.47,256.11,56.93,52.64553408680224
2025-10-19 08:30:02.830662,73.44,66.69,185.55,43.85,52.12162108078581
2025-10-19 08:30:03.830662,29.35,58.51,179.05,24.36,51.91134037184614
2025-10-19 08:30:04.830661,94.01,75.54,218.56,107.92,52.90342204540009
2025-10-19 08:30:05.830661,52.98,79.93,95.36,41.75,51.59907144457106
2025-10-19 08:30:06.830660,48.36,29.05,185.09,124.19,52.95527449918502
2025-10-19 08:30:07.830660,59.62,28.72,288.73,48.45,52.77660753222751
2025-10-19 08:30:08.830659,69.31,90.88,118.52,100.52,52.273741781012966
2025-10-19 08:30:09.830659,94.55,36.6,264.87,118.95,53.31855907796124
2025-10-19 08:30:10.830659,18.34,38.04,63.86,58.94,51.663094477903925
2025-10-19 08:30:11.830658,20.81,21.03,254.56,126.92,53.365103289898364
2025-10-19 08:30:12.830658,33.22,98.69,202.17,135.48,53.04599441980378
2025-10-19 08:30:13.830657,61.71,22.36,291.73,115.0,53.44614784915045
2025-10-19 08:30:14.830657,72.08,37.61,177.34,114.58,52.80750823181334
2025-10-19 08:30:15.830656,94.59,56.44,210.77,29.52,52.133804453951356
2025-10-19 08:30:16.830656,89.28,69.61,220.21,144.81,53.278277368427126
2025-10-19 08:30:17.830655,42.25,20.41,180.24,49.98,52.22540081430443
2025-10-19 08:30:18.830655,62.23,94.45,228.15,118.22,53.02444216957809
2025-10-19 08:30:19.830654,20.02,75.18,278.82,25.36,52.427307868611564
2025-10-19 08:30:20.830654,21.01,91.56,278.88,102.8,53.15066398649015
2025-10-19 08:30:21.830653,12.28,60.96,162.93,138.02,52.92049531556406
2025-10-19 08:30:22.830653,67.43,83.74,62.57,68.25,51.67429885921761
2025-10-19 08:30:23.830653,71.94,46.49,180.37,16.6,51.86226968548993
2025-10-19 08:30:24.830652,88.42,67.45,288.11,46.56,52.69405908549072
2025-10-19 08:30:25.830652,35.06,54.59,70.28,71.3,51.79082854884122
2025-10-19 08:30:26.830651,59.19,58.34,243.35,109.31,53.07625712411575
2025-10-19 08:30:27.830651,28.97,48.37,126.42,23.58,51.638838446977836
2025-10-19 08:30:28.830650,71.36,80.48,116.43,102.03,52.293557535051754
2025-10-19 08:30:29.830650,26.33,36.69,65.63,126.44,52.32736961537634
2025-10-19 08:30:30.830649,51.71,91.14,183.71,135.27,52.95731492114231
2025-10-19 08:30:31.830649,20.55,43.33,156.49,19.83,51.77101363837368
2025-10-19 08:30:32.830648,29.7,77.63,242.39,54.5,52.51077487847288
2025-10-19 08:30:33.830648,75.43,91.21,225.72,64.43,52.49644026056001
2025-10-19 08:30:34.830647,25.84,50.54,259.85,14.16,52.25653725410198
2025-10-19 08:30:35.830647,93.62,31.6,69.15,11.16,51.239450932229275
2025-10-19 08:30:36.830647,16.67,30.8,213.56,110.69,52.9739423142714
2025-10-19 08:30:37.830646,21.86,60.43,145.5,46.06,51.93907174863256
2025-10-19 08:30:38.830646,71.42,84.65,273.18,126.53,53.3605773396478
2025-10-19 08:30:39.830645,75.89,20.6,294.31,110.57,53.41985271453149
2025-10-19 08:30:40.830645,19.34,93.27,266.3,12.76,52.21016788807171
2025-10-19 08:30:41.830644,81.0,44.08,198.55,33.58,52.127292615047914
2025-10-19 08:30:42.830644,72.43,70.17,109.5,71.37,51.97632421035952
2025-10-19 08:30:43.830643,71.34,64.02,286.94,65.34,52.874809410451924
2025-10-19 08:30:44.830643,80.37,60.94,200.43,131.31,53.055805247952996
2025-10-19 08:30:45.830642,37.82,40.35,233.06,102.23,52.98118883405672
2025-10-19 08:30:46.830642,61.07,89.97,180.58,31.13,51.9354506225727
2025-10-19 08:30:47.830642,21.5,59.59,287.92,121.19,53.4270642968865
2025-10-19 08:30:48.830641,57.56,48.37,180.81,141.95,53.073751751861735
2025-10-19 08:30:49.830641,89.41,41.65,65.61,38.11,51.46533384235726
2025-10-19 08:30:50.830640,72.65,74.84,97.53,41.13,51.61267093107575
2025-10-19 08:30:51.830640,58.36,89.09,199.58,52.62,52.24605230810219
2025-10-19 08:30:52.830639,84.6,32.95,284.84,85.11,53.10367577195439
2025-10-19 08:30:53.830639,80.94,76.36,123.73,22.65,51.57142937172647
2025-10-19 08:30:54.830638,29.59,68.72,54.89,146.79,52.41640374735832
2025-10-19 08:30:55.830638,25.25,82.02,152.53,139.57,52.84682197592591
2025-10-19 08:30:56.830637,90.5,71.32,133.55,132.52,52.694184673826896
2025-10-19 08:30:57.830637,49.5,48.34,89.05,31.55,51.5164848925489
2025-10-19 08:30:58.830637,27.93,57.12,262.71,96.68,53.059386513010445
2025-10-19 08:30:59.830636,37.67,80.69,195.81,54.05,52.25297911038351
2025-10-19 08:31:00.830636,78.54,75.71,104.6,47.26,51.70831374768711
2025-10-19 08:31:01.830635,37.78,56.98,273.14,32.23,52.49206855538617
2025-10-19 08:31:02.830635,26.21,55.19,290.96,14.74,52.420880596335316
2025-10-19 08:31:03.830634,18.3,27.32,259.88,142.05,53.52990080092834
2025-10-19 08:31:04.830634,73.29,96.45,255.97,133.15,53.31415562383531
2025-10-19 08:31:05.830633,19.51,86.41,105.65,15.65,51.391417646281596
2025-10-19 08:31:06.830633,33.25,36.34,189.7,128.05,53.005731070487315
2025-10-19 08:31:07.830632,34.31,81.98,203.58,141.93,53.1421924398574
2025-10-19 08:31:08.830632,44.79,68.3,116.31,40.04,51.71266644896915
2025-10-19 08:31:09.830632,28.75,20.54,289.71,84.59,53.14417601907608
2025-10-19 08:31:10.830631,62.1,37.6,252.4,45.29,52.538156848051464
2025-10-19 08:31:11.830631,35.23,41.6,119.51,105.15,52.40136640299384
2025-10-19 08:31:12.830630,62.99,38.79,299.44,50.98,52.84238722506049
2025-10-19 08:31:13.830630,12.46,43.11,264.15,118.97,53.30466221696608
2025-10-19 08:31:14.830629,35.74,32.39,125.52,118.24,52.574518738541165
2025-10-19 08:31:15.830629,66.33,69.49,251.99,113.84,53.14862722558683
2025-10-19 08:31:16.830628,41.38,36.7,109.67,25.32,51.58462731864595
2025-10-19 08:31:17.830628,52.09,82.79,268.72,95.94,53.043904063396624
2025-10-19 08:31:18.830627,66.39,30.1,267.56,47.5,52.65225106936964
2025-10-19 08:31:19.830627,14.71,76.94,183.76,120.28,52.83498518254594
2025-10-19 08:31:20.830626,39.48,24.37,258.43,34.74,52.48915274321666
2025-10-19 08:31:21.830626,75.81,29.61,71.59,41.59,51.549855146445786
2025-10-19 08:31:22.830625,63.83,43.94,202.05,76.0,52.556382029441394
2025-10-19 08:31:23.830625,61.95,90.83,200.54,73.7,52.45227416149918
2025-10-19 08:31:24.830625,20.12,56.99,272.23,103.94,53.18060736058575
2025-10-19 08:31:25.830624,46.62,23.32,139.9,68.78,52.18728918476777
2025-10-19 08:31:26.830624,42.38,52.0,143.49,82.3,52.29204114100383
2025-10-19 08:31:27.830623,29.29,82.55,299.43,27.14,52.542928025233756
2025-10-19 08:31:28.830623,51.82,44.59,139.09,139.19,52.830326623765544
2025-10-19 08:31:29.830622,56.69,89.2,281.09,15.04,52.31756502148927
2025-10-19 08:31:30.830622,33.59,27.91,266.15,34.55,52.52294999233918
2025-10-19 08:31:31.830621,92.61,31.3,55.67,114.15,52.163850601054186
2025-10-19 08:31:32.830621,23.62,59.6,160.87,62.86,52.1848683201925
2025-10-19 08:31:33.830620,33.07,63.09,257.63,67.17,52.7375222254791
2025-10-19 08:31:34.830620,34.57,26.67,191.26,54.25,52.31565757660642
2025-10-19 08:31:35.830619,48.18,52.22,105.16,112.69,52.380963856268174
2025-10-19 08:31:36.830619,33.48,21.93,105.16,33.83,51.66609227710734
2025-10-19 08:31:37.830619,39.97,29.14,234.5,143.04,53.401139393253914
2025-10-19 08:31:38.830618,38.91,88.79,159.35,112.31,52.60897323679505
2025-10-19 08:31:39.830618,66.6,88.87,127.8,23.87,51.58525908582621
2025-10-19 08:31:40.830617,84.23,81.01,247.84,45.66,52.44906489153657
2025-10-19 08:31:41.830617,86.76,50.5,174.36,135.8,52.97650269869375
2025-10-19 08:31:42.830616,12.75,68.92,188.73,72.74,52.414441326993206
2025-10-19 08:31:43.830616,39.63,40.22,264.76,84.91,52.98311837196858
2025-10-19 08:31:44.830615,72.79,59.7,277.48,60.64,52.78566774624499
2025-10-19 08:31:45.830615,32.07,29.55,187.19,108.35,52.81252901273702
2025-10-19 08:31:46.830614,66.46,23.75,119.69,10.52,51.51538362016097
2025-10-19 08:31:47.830614,55.95,79.19,77.26,84.21,51.91419881965011
2025-10-19 08:31:48.830613,89.28,65.8,96.7,87.55,52.071336138043726
2025-10-19 08:31:49.830613,61.2,36.8,171.77,57.82,52.23020221653497
2025-10-19 08:31:50.830613,24.62,69.3,186.15,100.0,52.66366716128777
2025-10-19 08:31:51.830612,93.75,47.24,81.16,111.82,52.25228645040363
2025-10-19 08:31:52.830612,55.78,95.84,256.81,143.28,53.41755315372278
2025-10-19 08:31:53.830611,55.0,43.89,196.03,86.24,52.62334546137299
2025-10-19 08:31:54.830611,51.45,52.1,276.69,66.59,52.85094839297942
2025-10-19 08:31:55.830610,86.83,66.59,186.96,139.43,53.05353133055573
2025-10-19 08:31:56.830610,15.26,60.41,204.54,68.89,52.474996643450716
2025-10-19 08:31:57.830609,37.07,35.98,125.68,110.2,52.49197775776325
2025-10-19 08:31:58.830609,50.09,30.81,221.3,36.67,52.29949125433924
2025-10-19 08:31:59.830608,28.85,53.9,117.21,67.41,52.004795613127705
2025-10-19 08:32:00.830608,50.53,32.91,154.23,54.15,52.1072152416337
2025-10-19 08:32:01.830607,87.76,24.35,204.83,47.28,52.32434374851649
2025-10-19 08:32:02.830607,93.77,37.52,226.1,27.57,52.22655605337554
2025-10-19 08:32:03.830606,18.91,79.47,179.42,135.79,52.95781393175763
2025-10-19 08:32:04.830606,49.78,21.17,210.02,143.05,53.283115667947406
2025-10-19 08:32:05.830606,15.35,43.07,57.5,43.28,51.46980250112856
2025-10-19 08:32:06.830605,44.96,65.81,141.47,137.97,52.797831637868306
2025-10-19 08:32:07.830605,60.33,24.2,62.17,10.95,51.21181155864173
2025-10-19 08:32:08.830604,58.76,28.39,226.04,144.32,53.369540585366124
2025-10-19 08:32:09.830604,40.33,26.33,247.43,149.27,53.534820361139836
2025-10-19 08:32:10.830603,81.96,72.05,222.37,49.94,52.36860469069286
2025-10-19 08:32:11.830603,75.56,45.03,89.23,37.73,51.582414356949556
2025-10-19 08:32:12.830602,74.81,89.38,291.84,46.47,52.6785790678398
2025-10-19 08:32:13.830602,76.71,51.92,231.29,145.73,53.37415979792789
2025-10-19 08:32:14.830601,91.65,43.59,130.25,13.4,51.568368460081025
2025-10-19 08:32:15.830601,84.66,33.78,151.8,126.36,52.79112195702819
2025-10-19 08:32:16.830601,17.77,66.25,209.57,82.98,52.628898110198435
2025-10-19 08:32:17.830600,89.91,56.69,132.37,48.71,51.900500000016486
2025-10-19 08:32:18.830600,47.93,76.78,177.21,91.92,52.52604366665781
2025-10-19 08:32:19.830599,39.44,81.18,76.48,91.1,51.97352707228724
2025-10-19 08:32:20.830599,70.86,22.78,242.27,70.34,52.74963919989979
2025-10-19 08:32:21.830598,87.02,34.63,220.15,108.78,52.98461971265958
2025-10-19 08:32:22.830598,26.12,52.73,62.97,41.62,51.46774236382144
2025-10-19 08:32:23.830597,55.2,89.43,215.83,52.54,52.33148038365332
2025-10-19 08:32:24.830597,63.36,55.24,277.2,15.17,52.3515137710721
2025-10-19 08:32:25.830596,87.36,85.07,92.12,134.83,52.47373936330257
2025-10-19 08:32:26.830596,79.75,30.97,167.76,116.17,52.78220007835977
2025-10-19 08:32:27.830596,53.61,24.96,113.94,46.47,51.83041203356389
2025-10-19 08:32:28.830595,46.31,33.73,51.21,16.01,51.18723860325092
2025-10-19 08:32:29.830595,78.18,35.9,155.43,14.04,51.72106364015321
2025-10-19 08:32:30.830594,35.77,49.32,281.39,149.55,53.68260680638214
2025-10-19 08:32:31.830594,25.82,75.12,122.89,82.0,52.14279230836659
2025-10-19 08:32:32.830593,34.65,38.37,147.57,136.8,52.86227006870425
2025-10-19 08:32:33.830593,34.58,24.27,196.15,40.12,52.20890404761511
2025-10-19 08:32:34.830592,81.9,94.98,56.61,84.41,51.78105581450962
2025-10-19 08:32:35.830592,77.8,40.0,55.84,60.39,51.63122237102841
2025-10-19 08:32:36.830591,90.93,30.56,260.59,108.16,53.20088556251988
2025-10-19 08:32:37.830591,38.51,34.41,287.74,14.53,52.434371744347786
2025-10-19 08:32:38.830590,72.83,76.11,116.05,27.58,51.5785011844598
2025-10-19 08:32:39.830590,53.81,84.03,222.14,138.27,53.20264143563186
2025-10-19 08:32:40.830590,14.33,30.96,102.29,75.36,52.03814069936963
2025-10-19 08:32:41.830589,16.46,20.65,190.19,81.9,52.586788432797945
2025-10-19 08:32:42.830589,88.64,94.13,183.78,70.94,52.33093244334128
2025-10-19 08:32:43.830588,52.22,92.47,173.19,139.49,52.93987532292578
2025-10-19 08:32:44.830588,91.46,97.72,235.11,90.63,52.78965892958429
2025-10-19 08:32:45.830587,82.12,35.02,258.02,87.02,52.9757307246307
2025-10-19 08:32:46.830587,59.2,33.98,268.36,10.06,52.28838150244561
2025-10-19 08:32:47.830586,17.28,84.86,271.19,101.66,53.10914024687576
2025-10-19 08:32:48.830586,70.22,77.59,203.25,27.4,52.03987420655952
2025-10-19 08:32:49.830585,88.45,61.05,220.36,46.6,52.342894010075725
2025-10-19 08:32:50.830585,56.2,48.81,200.59,17.54,51.97563465265328
2025-10-19 08:32:51.830584,84.56,80.58,273.81,31.29,52.449407424584614
2025-10-19 08:32:52.830584,90.98,56.48,209.61,134.2,53.139770539863434
2025-10-19 08:32:53.830583,65.97,76.12,52.95,28.52,51.25076914739783
2025-10-19 08:32:54.830583,81.18,57.57,80.81,136.44,52.4722254063277
2025-10-19 08:32:55.830582,87.35,98.64,161.38,116.72,52.64694738558229
2025-10-19 08:32:56.830582,51.13,76.58,184.57,79.95,52.44989767913584
2025-10-19 08:32:57.830581,23.14,88.32,171.85,32.35,51.90324712495032
2025-10-19 08:32:58.830581,46.46,90.74,110.66,78.99,52.02382028540382
2025-10-19 08:32:59.830580,85.83,57.4,208.44,73.18,52.5420342808796
2025-10-19 08:33:00.830580,37.8,45.73,109.87,48.8,51.79852484346591
2025-10-19 08:33:01.830579,43.39,75.46,71.7,107.47,52.1153091824454
2025-10-19 08:33:02.830579,65.1,33.77,112.08,103.88,52.36175208636844
2025-10-19 08:33:03.830579,27.64,75.59,106.81,55.37,51.79871984203651
2025-10-19 08:33:04.830578,34.41,71.67,266.56,57.18,52.675082023509994
2025-10-19 08:33:05.830578,40.33,26.91,117.52,50.8,51.8883210603271
2025-10-19 08:33:06.830577,42.34,85.58,239.92,147.49,53.38425940346841
2025-10-19 08:33:07.830577,22.94,48.13,60.26,118.26,52.201601281729566
2025-10-19 08:33:08.830576,86.0,57.09,228.87,116.36,53.06910666546757
2025-10-19 08:33:09.830576,49.92,43.84,63.15,71.67,51.773270043046864
2025-10-19 08:33:10.830575,11.48,25.2,229.87,139.98,53.35303869369854
2025-10-19 08:33:11.830575,72.09,21.55,114.13,50.36,51.874408743666656
2025-10-19 08:33:12.830574,48.68,85.34,122.06,113.25,52.424452229700286
2025-10-19 08:33:13.830574,86.47,30.66,116.35,100.45,52.35627223300745
2025-10-19 08:33:14.830573,18.65,55.97,118.19,106.94,52.389010131983234
2025-10-19 08:33:15.830573,69.0,36.94,251.37,128.07,53.3341529686571
2025-10-19 08:33:16.830572,52.34,61.65,180.14,121.87,52.85510506840786
2025-10-19 08:33:17.830572,33.4,28.62,278.44,42.82,52.667400284578804
2025-10-19 08:33:18.830572,77.13,82.85,101.04,145.04,52.62357292757489
2025-10-19 08:33:19.830571,77.31,61.37,82.47,135.37,52.464757926888126
2025-10-19 08:33:20.830571,42.76,84.87,61.74,53.89,51.529233502759936
2025-10-19 08:33:21.830570,38.73,20.98,167.58,62.8,52.280894064847935
2025-10-19 08:33:22.830570,48.59,78.75,277.89,11.58,52.28347644180208
2025-10-19 08:33:23.830569,79.27,29.83,71.6,114.8,52.25747853780172
2025-10-19 08:33:24.830569,77.57,80.34,273.39,14.5,52.28518968002278
2025-10-19 08:33:25.830568,78.11,66.47,222.95,129.36,53.1484487354955
2025-10-19 08:33:26.830568,86.34,56.1,178.49,146.87,53.096775660595604
2025-10-19 08:33:27.830567,76.9,45.42,123.8,90.46,52.27620460244246
2025-10-19 08:33:28.830567,13.84,84.65,132.72,113.15,52.48147072653368
2025-10-19 08:33:29.830566,59.51,22.91,168.52,105.92,52.699829550297835
2025-10-19 08:33:30.830566,83.93,90.96,93.32,118.41,52.312097388339836
2025-10-19 08:33:31.830565,30.01,57.55,94.67,43.14,51.644056816421795
2025-10-19 08:33:32.830565,31.05,93.65,171.06,80.36,52.35488133301307
2025-10-19 08:33:33.830564,20.65,96.94,78.5,140.67,52.43882729038616
2025-10-19 08:33:34.830564,26.47,37.81,254.46,122.74,53.297737552102866
2025-10-19 08:33:35.830563,86.91,77.75,151.21,144.23,52.891558169928906
2025-10-19 08:33:36.830563,92.8,83.92,281.46,148.05,53.6140133862413
2025-10-19 08:33:37.830562,53.12,26.45,190.21,35.76,52.13160719700786
2025-10-19 08:33:38.830562,93.59,23.74,85.07,116.86,52.35888225092876
2025-10-19 08:33:39.830562,73.3,68.49,243.26,45.06,52.43852390944208
2025-10-19 08:33:40.830561,32.87,62.92,185.93,126.71,52.930812196506416
2025-10-19 08:33:41.830561,73.91,23.6,246.79,14.7,52.23445438934076
2025-10-19 08:33:42.830560,90.01,47.4,67.04,64.49,51.719001636145705
2025-10-19 08:33:43.830560,29.82,24.53,121.6,18.25,51.599097289723616
2025-10-19 08:33:44.830559,27.65,28.18,126.22,31.95,51.75048634589475
2025-10-19 08:33:45.830559,29.62,58.61,184.42,107.25,52.741364835380494
2025-10-19 08:33:46.830558,64.66,39.84,203.14,53.43,52.350409344207506
2025-10-19 08:33:47.830558,34.07,55.0,146.18,96.32,52.437245964465454
2025-10-19 08:33:48.830557,59.19,74.71,224.36,23.43,52.118696742999205
2025-10-19 08:33:49.830557,52.7,55.54,190.56,121.72,52.918890463289436
2025-10-19 08:33:50.830556,58.65,24.6,226.49,63.57,52.597082628017176
2025-10-19 08:33:51.830556,49.72,53.24,269.09,103.3,53.163561283031925
2025-10-19 08:33:52.830555,44.79,59.93,155.82,41.06,51.94659500479969
2025-10-19 08:33:53.830555,49.18,26.75,179.08,23.49,51.95308010978722
2025-10-19 08:33:54.830554,34.09,90.53,172.38,75.9,52.323711392750035
2025-10-19 08:33:55.830554,69.97,73.97,101.67,105.85,52.26195907792479
2025-10-19 08:33:56.830553,18.83,56.45,55.19,90.67,51.894657084622956
2025-10-19 08:33:57.830553,58.86,46.14,119.91,74.93,52.104137889026454
2025-10-19 08:33:58.830552,49.5,92.69,51.46,64.95,51.56899979760638
2025-10-19 08:33:59.830552,29.05,26.2,84.72,21.73,51.43326647435783
2025-10-19 08:34:00.830552,40.9,48.04,176.18,73.54,52.38805596013995
2025-10-19 08:34:01.830551,12.98,92.43,160.06,31.7,51.82756153921738
2025-10-19 08:34:02.830551,74.06,75.4,271.44,147.47,53.56833272641104
2025-10-19 08:34:03.830550,94.02,82.01,251.11,114.46,53.13021802611156
2025-10-19 08:34:04.830550,12.91,97.85,89.03,143.04,52.516517469971475
2025-10-19 08:34:05.830549,51.61,63.18,290.69,15.56,52.41479179959071
2025-10-19 08:34:06.830549,20.31,23.7,243.78,10.89,52.181389222736556
2025-10-19 08:34:07.830548,24.28,33.57,86.76,65.52,51.855989153877886
2025-10-19 08:34:08.830548,80.11,32.57,215.79,77.99,52.66686108061016
2025-10-19 08:34:09.830547,26.98,91.14,235.61,38.49,52.298508656575244
2025-10-19 08:34:10.830547,35.5,72.8,172.84,145.37,53.02582659138185
2025-10-19 08:34:11.830546,17.46,67.69,84.28,123.18,52.34659776298422
2025-10-19 08:34:12.830546,18.69,72.95,210.73,75.09,52.548249896783226
2025-10-19 08:34:13.830545,80.55,91.55,124.48,40.07,51.71996819990874
2025-10-19 08:34:14.830545,72.27,20.59,67.98,106.35,52.17099189180426
2025-10-19 08:34:15.830545,93.86,48.68,204.7,114.26,52.933027202397874
2025-10-19 08:34:16.830544,77.73,35.41,147.95,131.75,52.82012578302776
2025-10-19 08:34:17.830544,76.96,21.13,265.59,123.56,53.39133009455494
2025-10-19 08:34:18.830543,19.94,97.51,183.37,59.1,52.20893482057895
2025-10-19 08:34:19.830543,23.49,96.23,267.98,130.05,53.34863113986255
2025-10-19 08:34:20.830542,39.82,54.79,112.23,20.85,51.52659350773853
2025-10-19 08:34:21.830542,83.48,71.13,50.55,63.53,51.5843483913462
2025-10-19 08:34:22.830541,38.5,48.25,118.54,128.86,52.61498916768547
2025-10-19 08:34:23.830541,26.72,55.64,65.12,136.88,52.39577025449288
2025-10-19 08:34:24.830540,82.84,29.01,291.04,130.73,53.584101214849625
2025-10-19 08:34:25.830540,39.92,69.93,85.83,51.49,51.65812680764548
2025-10-19 08:34:26.830539,34.78,42.74,80.36,123.58,52.36881489178326
2025-10-19 08:34:27.830539,59.95,47.09,187.39,46.4,52.186951630209585
2025-10-19 08:34:28.830538,11.95,20.37,195.9,101.24,52.804718514390544
2025-10-19 08:34:29.830538,13.1,30.99,138.68,51.01,51.99687421307957
2025-10-19 08:34:30.830537,58.65,52.72,205.08,107.72,52.86545667706782
2025-10-19 08:34:31.830537,38.47,51.82,80.84,49.63,51.642012616642674
2025-10-19 08:34:32.830536,35.04,82.8,63.2,98.48,51.9714552261986
2025-10-19 08:34:33.830536,12.32,89.04,125.72,34.79,51.67948194275828
2025-10-19 08:34:34.830536,37.85,74.91,51.14,23.19,51.19147329012061
2025-10-19 08:34:35.830535,92.58,41.6,218.85,94.52,52.828820103062434
2025-10-19 08:34:36.830535,25.06,81.29,181.87,83.9,52.46626737177119
2025-10-19 08:34:37.830534,62.11,54.5,116.35,107.4,52.38595077231061
2025-10-19 08:34:38.830534,62.53,91.67,99.37,96.7,52.1333441262962
2025-10-19 08:34:39.830533,76.17,22.9,236.88,32.54,52.35516696695768
2025-10-19 08:34:40.830533,18.18,81.19,296.07,67.0,52.912567162126464
2025-10-19 08:34:41.830532,93.48,67.06,66.57,95.18,51.98230895036178
2025-10-19 08:34:42.830532,23.76,72.28,155.33,123.94,52.725961873189576
2025-10-19 08:34:43.830531,32.71,73.23,203.2,125.58,52.99583812489029
2025-10-19 08:34:44.830531,73.25,41.66,230.35,122.3,53.15873199127408
2025-10-19 08:34:45.830530,32.79,51.8,94.38,30.02,51.524693727018956
2025-10-19 08:34:46.830529,16.05,21.12,135.91,34.81,51.84097631182397
2025-10-19 08:34:47.830529,90.87,66.06,190.69,51.6,52.22498818451772
2025-10-19 08:34:48.830528,20.77,75.08,97.0,12.99,51.33735977648335
2025-10-19 08:34:49.830528,81.85,84.7,232.05,62.64,52.52316603383645
2025-10-19 08:34:50.830527,85.85,35.99,213.39,12.1,52.01153307759632
2025-10-19 08:34:51.830526,10.09,54.77,129.15,118.14,52.55769993108017
2025-10-19 08:34:52.830526,26.76,33.62,98.48,126.14,52.50464292461455
2025-10-19 08:34:53.830525,59.01,56.57,246.77,58.42,52.6052086361535
2025-10-19 08:34:54.830525,10.06,74.74,130.7,133.83,52.68625633873446
2025-10-19 08:34:55.830524,70.22,54.08,243.83,111.13,53.10312349564858
2025-10-19 08:34:56.830523,37.5,42.78,172.54,136.9,52.98957656816901
2025-10-19 08:34:57.830523,31.5,62.28,249.02,129.67,53.29719421693769
2025-10-19 08:34:58.830522,30.04,97.92,211.3,146.9,53.20636679733583
2025-10-19 08:34:59.830522,19.28,71.56,78.86,51.0,51.613619521315535
2025-10-19 08:35:00.830521,90.55,48.28,285.31,78.52,53.018330988548136
2025-10-19 08:35:01.830521,36.01,26.07,112.63,88.06,52.223833944914965
2025-10-19 08:35:02.830520,35.37,72.53,284.75,90.61,53.0940771652048
2025-10-19 08:35:03.830519,51.98,71.76,175.81,120.48,52.80263843250984
2025-10-19 08:35:04.830519,45.04,66.63,235.87,149.26,53.409585707401085
2025-10-19 08:35:05.830518,29.94,65.02,220.97,93.66,52.79495547088918
2025-10-19 08:35:06.830518,31.5,33.18,210.1,141.01,53.244912071516914
2025-10-19 08:35:07.830517,56.7,65.37,119.94,34.69,51.68492140739074
2025-10-19 08:35:08.830516,64.89,46.61,250.68,39.87,52.46238419268257
2025-10-19 08:35:09.830516,62.71,37.46,248.64,101.48,53.061646227826664
2025-10-19 08:35:10.830515,36.28,51.43,248.44,57.73,52.61554112355413
2025-10-19 08:35:11.830515,49.08,47.52,143.7,61.9,52.10295264350974
2025-10-19 08:35:12.830514,85.91,38.4,66.38,126.24,52.32674727379414
2025-10-19 08:35:13.830513,24.69,21.48,290.82,136.85,53.65395798170079
2025-10-19 08:35:14.830513,44.3,56.08,164.7,10.81,51.70754606467173
2025-10-19 08:35:15.830512,68.74,42.59,239.53,139.22,53.369878513014925
2025-10-19 08:35:16.830512,66.49,21.87,133.93,40.3,51.882313686850594
2025-10-19 08:35:17.830511,28.03,23.45,232.01,47.54,52.473351874361136
2025-10-19 08:35:18.830511,85.08,81.12,168.25,11.05,51.68940092613627
2025-10-19 08:35:19.830511,74.46,43.54,126.61,20.88,51.62134722113917
2025-10-19 08:35:20.830510,26.87,62.92,77.78,108.99,52.182198735805734
2025-10-19 08:35:21.830509,37.71,70.44,193.07,67.98,52.38918654389069
2025-10-19 08:35:22.830508,34.26,38.71,133.59,63.28,52.07620062013305
2025-10-19 08:35:23.830507,80.87,25.95,68.56,31.54,51.442262980043424
2025-10-19 08:35:24.830507,35.88,43.63,100.56,34.03,51.60931586365416
2025-10-19 08:35:25.830506,55.96,49.63,174.63,38.13,52.034876939496584
2025-10-19 08:35:26.830506,78.77,63.76,263.89,24.23,52.35466580587503
2025-10-19 08:35:27.830505,30.29,93.47,179.05,11.99,51.736697375271554
2025-10-19 08:35:28.830505,37.86,94.24,141.54,82.96,52.22152631008009
2025-10-19 08:35:29.830504,72.52,22.07,292.25,55.88,52.87770920284911
2025-10-19 08:35:30.830504,44.62,21.92,201.51,65.83,52.489820037984366
2025-10-19 08:35:31.830503,47.41,34.44,83.95,35.3,51.547403588567754
2025-10-19 08:35:32.830503,48.7,45.69,227.08,105.08,52.968422738384994
2025-10-19 08:35:33.830503,54.27,81.26,187.02,144.83,53.082976296601515
2025-10-19 08:35:34.830502,63.96,77.51,67.01,125.11,52.25762169402674
2025-10-19 08:35:35.830502,60.01,89.03,195.12,55.93,52.25434742521938
2025-10-19 08:35:36.830501,83.57,76.25,114.88,119.57,52.46154841557148
2025-10-19 08:35:37.830501,19.6,33.77,272.46,84.83,53.03359741376678
2025-10-19 08:35:38.830500,60.82,78.45,236.6,51.21,52.44676594375872
2025-10-19 08:35:39.830500,27.35,86.8,93.17,87.76,52.02146955152414
2025-10-19 08:35:40.830499,56.9,66.08,219.3,83.85,52.68951365595554
2025-10-19 08:35:41.830499,40.19,50.19,212.44,50.31,52.353588593988285
2025-10-19 08:35:42.830498,12.19,95.74,259.82,137.79,53.380690418817366
2025-10-19 08:35:43.830498,61.11,44.24,239.69,135.72,53.33429150049663
2025-10-19 08:35:44.830497,39.23,24.54,52.27,85.5,51.87930729385276
2025-10-19 08:35:45.830497,52.25,35.15,169.22,98.75,52.614967872377015
2025-10-19 08:35:46.830496,27.01,61.12,262.15,89.95,52.98502432145792
2025-10-19 08:35:47.830496,20.87,25.25,257.27,11.88,52.26052730942982
2025-10-19 08:35:48.830496,47.07,52.15,274.44,54.27,52.71972967959747
2025-10-19 08:35:49.830495,25.79,69.11,203.35,102.58,52.780721572149034
2025-10-19 08:35:50.830495,78.43,30.7,243.03,61.86,52.65923046662055
2025-10-19 08:35:51.830494,41.85,84.71,165.54,146.05,52.974690029972614
2025-10-19 08:35:52.830494,38.81,79.65,172.01,14.52,51.745338109676695
2025-10-19 08:35:53.830493,47.98,82.47,138.96,38.25,51.79395107959962
2025-10-19 08:35:54.830493,64.47,93.9,286.98,128.63,53.43998314867038
2025-10-19 08:35:55.830492,75.24,41.27,107.06,56.11,51.86123162629035
2025-10-19 08:35:56.830492,54.66,52.75,187.59,74.12,52.447153132325056
2025-10-19 08:35:57.830491,43.01,39.95,131.49,123.28,52.64321972535268
2025-10-19 08:35:58.830491,26.22,92.25,280.22,111.38,53.23969607734757
2025-10-19 08:35:59.830490,93.94,58.13,299.87,95.41,53.24386334741548
2025-10-19 08:36:00.830490,16.86,31.42,178.74,45.65,52.1581942544233
2025-10-19 08:36:01.830490,70.41,92.94,131.8,71.93,52.06492744440608
2025-10-19 08:36:02.830489,43.85,45.12,55.82,43.51,51.45983244297323
2025-10-19 08:36:03.830489,35.08,76.65,215.86,141.75,53.21438800715457
2025-10-19 08:36:04.830488,90.65,48.93,120.64,62.62,51.984609141842874
2025-10-19 08:36:05.830488,27.53,80.72,91.76,121.94,52.354022974479
2025-10-19 08:36:06.830487,28.78,38.02,64.12,18.08,51.269411161798544
2025-10-19 08:36:07.830487,72.08,53.86,133.09,87.91,52.28784864479204
2025-10-19 08:36:08.830486,62.95,86.55,96.1,17.56,51.35869177337272
2025-10-19 08:36:09.830486,42.99,57.55,177.25,33.52,51.99181784785758
2025-10-19 08:36:10.830485,13.48,71.27,67.42,100.12,52.02798730564649
2025-10-19 08:36:11.830485,60.12,60.75,214.26,29.81,52.14845285110738
2025-10-19 08:36:12.830484,77.76,73.15,203.21,99.66,52.74537966217742
2025-10-19 08:36:13.830484,32.35,30.23,102.76,128.51,52.555741252815665
2025-10-19 08:36:14.830484,90.39,56.46,65.77,62.73,51.68094320124286
2025-10-19 08:36:15.830483,70.65,53.64,287.57,144.46,53.65957493678512
2025-10-19 08:36:16.830483,78.27,68.11,87.29,32.11,51.48138642845936
2025-10-19 08:36:17.830482,84.78,69.96,152.54,108.87,52.56899977208744
2025-10-19 08:36:18.830482,56.65,66.04,237.97,115.2,53.0923746192325
2025-10-19 08:36:19.830481,61.85,64.03,60.84,62.59,51.64135917646618
2025-10-19 08:36:20.830481,16.47,24.13,189.11,33.08,52.10347289824507
2025-10-19 08:36:21.830480,20.09,65.82,64.84,11.54,51.16625571766171
2025-10-19 08:36:22.830480,62.1,41.36,243.35,74.39,52.76531993624891
2025-10-19 08:36:23.830479,58.76,53.21,193.74,71.85,52.45730547411941
2025-10-19 08:36:24.830479,68.75,29.96,132.77,133.45,52.76411731273428
2025-10-19 08:36:25.830478,31.45,43.48,160.66,119.17,52.753620236832
2025-10-19 08:36:26.830478,25.11,29.6,212.44,37.07,52.257972147865814
2025-10-19 08:36:27.830478,28.88,51.06,142.35,102.36,52.48140935391929
2025-10-19 08:36:28.830477,68.14,70.11,87.05,113.93,52.268129407553964
2025-10-19 08:36:29.830477,74.34,59.89,101.86,97.32,52.20265377071952
2025-10-19 08:36:30.830476,37.57,36.37,251.77,30.72,52.39584317879676
2025-10-19 08:36:31.830476,90.01,39.5,157.86,90.84,52.47099792047949
2025-10-19 08:36:32.830475,94.18,55.88,157.67,107.38,52.60413691570209
2025-10-19 08:36:33.830475,39.53,21.08,296.53,76.0,53.09666636775223
2025-10-19 08:36:34.830474,34.04,53.9,178.89,126.08,52.90134128470678
2025-10-19 08:36:35.830474,32.77,76.28,100.29,105.94,52.25182730554073
2025-10-19 08:36:36.830473,44.44,24.03,199.92,145.74,53.25071497762258
2025-10-19 08:36:37.830473,74.46,59.39,245.65,114.41,53.13619625701986
2025-10-19 08:36:38.830472,24.98,45.28,176.66,139.42,53.03200009529259
2025-10-19 08:36:39.830472,32.96,25.3,279.75,129.46,53.51739842838541
2025-10-19 08:36:40.830472,11.87,46.02,72.25,100.47,52.09689761675845
2025-10-19 08:36:41.830471,20.87,44.6,114.81,83.66,52.163756115863876
2025-10-19 08:36:42.830471,52.93,62.13,109.64,112.54,52.38782712572768
2025-10-19 08:36:43.830470,78.97,26.97,245.14,38.41,52.44961047563067
2025-10-19 08:36:44.830470,88.84,45.25,91.62,103.38,52.229638676652876
2025-10-19 08:36:45.830469,59.54,87.27,237.35,77.46,52.6907147068723
2025-10-19 08:36:46.830469,53.84,36.06,129.66,106.59,52.4781881868322
2025-10-19 08:36:47.830468,71.54,98.34,298.46,92.52,53.14509887729569
2025-10-19 08:36:48.830468,48.19,96.57,139.68,146.95,52.826692694303375
2025-10-19 08:36:49.830467,37.79,29.61,120.8,44.04,51.8362116399096
2025-10-19 08:36:50.830466,25.25,44.81,214.06,109.25,52.94063420679882
2025-10-19 08:36:51.830466,82.96,26.3,286.23,100.44,53.26979861372091
2025-10-19 08:36:52.830465,13.42,34.03,147.28,41.0,51.94119949804179
2025-10-19 08:36:53.830464,34.89,67.89,263.01,124.62,53.31420564859926
2025-10-19 08:36:54.830464,74.97,31.61,273.62,106.82,53.25582503715245
2025-10-19 08:36:55.830463,84.44,72.15,144.68,23.52,51.69829257430028
2025-10-19 08:36:56.830463,53.56,44.82,142.75,87.79,52.35247951738631
2025-10-19 08:36:57.830462,80.04,69.18,291.35,108.87,53.311146887336356
2025-10-19 08:36:58.830461,35.77,31.68,157.53,86.11,52.43580813868322
2025-10-19 08:36:59.830461,35.77,87.75,258.35,67.43,52.7050630713917
2025-10-19 08:37:00.830460,58.31,74.31,79.6,131.7,52.3935828248991
2025-10-19 08:37:01.830460,88.26,30.82,247.33,82.11,52.8778042320835
2025-10-19 08:37:02.830459,37.34,98.36,291.61,116.37,53.339126040011216
2025-10-19 08:37:03.830458,62.38,86.15,142.25,77.89,52.18902499550715
2025-10-19 08:37:04.830458,52.68,32.3,116.75,91.6,52.27024927983665
2025-10-19 08:37:05.830457,47.37,28.88,115.79,85.07,52.20736550346029
2025-10-19 08:37:06.830457,86.09,85.91,96.49,33.15,51.512530963028595
2025-10-19 08:37:07.830456,39.07,87.02,238.48,16.06,52.10342222486886
2025-10-19 08:37:08.830455,94.7,66.9,118.71,142.69,52.72027179877695
2025-10-19 08:37:09.830455,72.01,43.73,197.37,45.39,52.235743873825754
2025-10-19 08:37:10.830454,62.59,22.85,153.76,62.44,52.20070315034453
2025-10-19 08:37:11.830454,17.92,25.05,289.79,79.82,53.09137969942927
2025-10-19 08:37:12.830453,35.16,28.89,166.48,47.15,52.11124153001575
2025-10-19 08:37:13.830452,91.23,25.86,268.72,82.73,53.00577913114872
2025-10-19 08:37:14.830452,45.38,46.87,148.92,141.19,52.89854620552015
2025-10-19 08:37:15.830451,83.11,73.23,121.07,132.55,52.62485441934446
2025-10-19 08:37:16.830451,37.77,78.09,166.6,99.55,52.54112872497673
2025-10-19 08:37:17.830450,94.97,80.3,247.57,147.75,53.435917596547
2025-10-19 08:37:18.830449,53.69,98.84,228.36,125.03,53.08450337392725
2025-10-19 08:37:19.830449,62.72,60.02,90.02,69.4,51.8692742559476
2025-10-19 08:37:20.830448,83.3,96.19,276.85,24.52,52.375599126986096
2025-10-19 08:37:21.830447,93.04,30.37,265.7,81.2,52.967765813674426
2025-10-19 08:37:22.830447,27.22,25.26,181.55,46.08,52.18704723444844
2025-10-19 08:37:23.830446,62.27,46.57,263.71,15.23,52.29373615810327
2025-10-19 08:37:24.830446,75.06,34.45,82.03,89.79,52.06403970337956
2025-10-19 08:37:25.830445,19.38,97.02,214.08,73.29,52.510837948128284
2025-10-19 08:37:26.830444,92.17,45.51,156.17,12.16,51.691707789641896
2025-10-19 08:37:27.830444,35.17,69.79,244.26,98.64,52.959916028235185
2025-10-19 08:37:28.830443,34.46,23.66,169.64,122.84,52.86823793553324
2025-10-19 08:37:29.830443,67.12,87.3,151.14,69.05,52.149186687214154
2025-10-19 08:37:30.830442,41.37,63.82,70.28,33.58,51.4115601210512
2025-10-19 08:37:31.830441,44.48,24.6,67.91,34.44,51.46896052474519
2025-10-19 08:37:32.830441,52.01,92.42,259.98,64.15,52.674696064529286
2025-10-19 08:37:33.830440,19.05,78.64,186.2,139.93,53.03534209847033
2025-10-19 08:37:34.830439,75.55,23.96,150.79,29.29,51.86255366210112
2025-10-19 08:37:35.830439,24.69,94.2,199.33,17.35,51.895625287936035
2025-10-19 08:37:36.830438,62.11,50.62,239.51,144.43,53.40751100392814
2025-10-19 08:37:37.830437,77.76,53.99,149.21,147.9,52.95377026520239
2025-10-19 08:37:38.830437,49.62,36.95,239.0,143.26,53.414992723285295
2025-10-19 08:37:39.830436,39.28,46.68,50.34,101.38,51.98771019725579
2025-10-19 08:37:40.830436,25.88,71.2,184.21,40.6,52.07594319018298
2025-10-19 08:37:41.830435,73.12,67.6,100.94,124.89,52.45219982589042
2025-10-19 08:37:42.830434,65.95,39.55,124.65,126.25,52.636058727354396
2025-10-19 08:37:43.830434,16.17,63.31,147.96,136.55,52.822677222233956
2025-10-19 08:37:44.830433,16.19,29.36,223.45,80.85,52.74045547500034
2025-10-19 08:37:45.830433,16.15,20.03,111.58,106.87,52.40962318060579
2025-10-19 08:37:46.830432,40.62,51.04,99.26,122.95,52.45053989006167
2025-10-19 08:37:47.830431,63.16,30.09,132.9,73.72,52.18703737958067
2025-10-19 08:37:48.830431,44.24,83.65,106.49,11.54,51.36050335446259
2025-10-19 08:37:49.830430,12.46,72.14,113.54,20.08,51.498830206345914
2025-10-19 08:37:50.830429,90.49,37.83,68.07,16.86,51.278996961876494
2025-10-19 08:37:51.830428,69.52,81.99,266.62,113.7,53.20568752884536
2025-10-19 08:37:52.830428,82.0,55.89,246.38,39.05,52.41689586811596
2025-10-19 08:37:53.830427,76.58,50.73,182.63,119.28,52.86054014279658
2025-10-19 08:37:54.830427,56.64,31.62,190.37,24.51,52.01553956727977
2025-10-19 08:37:55.830426,18.6,71.15,188.02,38.16,52.072764356856545
2025-10-19 08:37:56.830425,90.67,94.92,122.4,49.26,51.79242553387655
2025-10-19 08:37:57.830425,90.35,82.06,266.94,53.56,52.62575162973521
2025-10-19 08:37:58.830424,19.36,44.87,168.82,123.75,52.83927459714313
2025-10-19 08:37:59.830423,25.57,45.81,185.28,51.61,52.228082950346185
2025-10-19 08:38:00.830423,78.22,41.05,157.16,50.49,52.07465071161227
2025-10-19 08:38:01.830422,82.7,21.2,126.74,109.41,52.51326127186333
2025-10-19 08:38:02.830421,76.94,56.38,294.53,96.33,53.22701099314121
2025-10-19 08:38:03.830421,90.68,42.56,157.72,148.19,53.01998941134214
2025-10-19 08:38:04.830420,62.72,38.3,288.34,36.96,52.648341859636126
2025-10-19 08:38:05.830420,45.04,25.18,191.09,83.99,52.604671420239114
2025-10-19 08:38:06.830419,67.12,61.02,131.56,148.75,52.85671428246691
2025-10-19 08:38:07.830419,76.59,39.35,151.45,139.56,52.90812585429847
2025-10-19 08:38:08.830418,69.54,49.49,202.73,84.72,52.63559508117794
2025-10-19 08:38:09.830417,64.5,49.23,299.23,57.61,52.888942999029794
2025-10-19 08:38:10.830417,30.75,65.13,270.96,11.34,52.26560452825052
2025-10-19 08:38:11.830416,89.03,69.63,92.28,100.49,52.16684055043238
2025-10-19 08:38:12.830415,73.8,91.88,184.15,34.67,51.98573019852207
2025-10-19 08:38:13.830415,82.85,84.48,100.18,89.98,52.08400497049638
2025-10-19 08:38:14.830414,20.7,52.72,133.57,67.75,52.0972646650573
2025-10-19 08:38:15.830414,75.43,40.91,210.54,115.87,52.99199771235694
2025-10-19 08:38:16.830413,13.17,52.24,236.04,63.29,52.60184260724916
2025-10-19 08:38:17.830412,12.89,69.13,292.57,28.79,52.54339060510533
2025-10-19 08:38:18.830412,19.11,51.28,272.24,122.82,53.372211942543274
2025-10-19 08:38:19.830411,59.8,48.2,67.88,76.99,51.843096848579236
2025-10-19 08:38:20.830411,76.4,28.5,280.23,88.03,53.11430920482944
2025-10-19 08:38:21.830410,59.82,98.74,233.03,105.91,52.92470358093839
2025-10-19 08:38:22.830409,81.64,56.88,137.82,82.51,52.25612586539549
2025-10-19 08:38:23.830409,50.23,55.97,101.97,105.61,52.289572774554735
2025-10-19 08:38:24.830408,18.68,55.74,181.96,62.05,52.295682831841134
2025-10-19 08:38:25.830408,20.04,72.99,278.15,115.81,53.30180020349926
2025-10-19 08:38:26.830407,46.13,23.65,259.59,16.38,52.31894266034499
2025-10-19 08:38:27.830407,94.19,98.93,267.51,35.95,52.43195682704441
2025-10-19 08:38:28.830406,93.87,29.26,71.26,104.28,52.15483605690218
2025-10-19 08:38:29.830406,25.45,49.05,141.43,130.27,52.74954298133801
2025-10-19 08:38:30.830405,87.71,30.96,160.05,110.06,52.681980864817334
2025-10-19 08:38:31.830405,57.29,58.81,241.54,144.13,53.4025539653637
2025-10-19 08:38:32.830405,35.36,66.28,246.77,102.04,53.011715358331095
2025-10-19 08:38:33.830404,47.55,90.19,140.23,71.35,52.1086441075809
2025-10-19 08:38:34.830404,63.9,37.7,274.68,15.19,52.36586533637047
2025-10-19 08:38:35.830403,43.85,37.71,88.62,109.21,52.28186831073935
2025-10-19 08:38:36.830403,27.16,37.91,61.08,110.48,52.14683506436147
2025-10-19 08:38:37.830402,72.8,96.22,70.04,111.35,52.11128945566234
2025-10-19 08:38:38.830401,25.01,61.42,62.44,133.67,52.341327638996596
2025-10-19 08:38:39.830401,15.39,29.6,64.08,99.38,52.06859517349223
2025-10-19 08:38:40.830400,75.77,21.63,153.3,59.74,52.17406008641088
2025-10-19 08:38:41.830400,52.04,76.19,206.24,65.42,52.42567820334785
2025-10-19 08:38:42.830399,72.12,70.54,97.61,105.45,52.2418193814797
2025-10-19 08:38:43.830398,84.24,95.32,276.59,103.75,53.141708474764116
2025-10-19 08:38:44.830398,94.88,22.31,104.89,66.07,51.975803026209114
2025-10-19 08:38:45.830397,58.88,27.0,171.77,134.0,52.98226324607722
2025-10-19 08:38:46.830396,48.3,66.15,86.76,69.22,51.84048397151184
2025-10-19 08:38:47.830395,29.37,23.31,149.53,73.01,52.279609195994595
2025-10-19 08:38:48.830395,17.82,52.4,275.11,17.08,52.36329748087784
2025-10-19 08:38:49.830394,76.65,46.76,88.76,108.18,52.2584105612699
2025-10-19 08:38:50.830394,42.96,91.95,181.68,83.9,52.4484737139806
2025-10-19 08:38:51.830393,13.94,39.0,124.2,42.66,51.82623506839555
2025-10-19 08:38:52.830393,80.75,65.11,211.22,107.24,52.87408578277312
2025-10-19 08:38:53.830392,68.32,71.23,274.08,122.42,53.346762810978746
2025-10-19 08:38:54.830392,56.75,95.99,245.37,74.84,52.694462318226904
2025-10-19 08:38:55.830392,48.94,97.54,92.6,108.95,52.206421901445054
2025-10-19 08:38:56.830391,42.34,67.68,218.29,78.18,52.62677711776753
2025-10-19 08:38:57.830391,64.63,49.56,218.3,115.37,53.01496741246853
2025-10-19 08:38:58.830390,78.83,40.26,172.9,131.53,52.943538648674966
2025-10-19 08:38:59.830390,39.38,35.81,188.83,123.65,52.959375033015995
2025-10-19 08:39:00.830389,27.14,43.06,293.55,86.02,53.14305233986904
2025-10-19 08:39:01.830389,10.61,58.9,149.03,34.57,51.84921750040029
2025-10-19 08:39:02.830388,46.95,26.7,162.94,64.08,52.259500901031416
2025-10-19 08:39:03.830388,10.23,44.13,167.67,27.03,51.89905092879882
2025-10-19 08:39:04.830387,38.88,38.06,234.6,98.65,52.95839601213474
2025-10-19 08:39:05.830387,82.29,95.2,139.44,70.57,52.088998970992186
2025-10-19 08:39:06.830386,22.51,65.74,69.29,97.08,52.017277490511134
2025-10-19 08:39:07.830386,27.82,85.02,81.36,68.55,51.77547942335229
2025-10-19 08:39:08.830385,71.3,36.54,51.11,37.75,51.392500279950696
2025-10-19 08:39:09.830385,70.23,86.64,109.94,113.01,52.35539289756457
2025-10-19 08:39:10.830384,25.24,73.93,273.42,134.96,53.46024761509868
2025-10-19 08:39:11.830384,60.79,33.5,162.64,106.47,52.657093158968834
2025-10-19 08:39:12.830383,85.03,75.8,107.97,115.99,52.39075616738242
2025-10-19 08:39:13.830383,74.77,41.35,248.71,43.14,52.49176839826407
2025-10-19 08:39:14.830383,71.3,38.99,146.13,72.21,52.229044152037915
2025-10-19 08:39:15.830382,81.57,51.7,263.91,108.17,53.1854275838229
2025-10-19 08:39:16.830382,43.15,28.38,50.61,123.35,52.230399283314235
2025-10-19 08:39:17.830381,41.19,39.29,254.99,39.87,52.496911604858276
2025-10-19 08:39:18.830381,25.86,27.07,135.39,12.4,51.61213782895717
2025-10-19 08:39:19.830380,80.55,44.35,209.68,96.88,52.798365585042724
2025-10-19 08:39:20.830380,64.74,32.87,167.53,13.92,51.78925826698251
2025-10-19 08:39:21.830379,56.04,38.56,162.09,26.63,51.87416649602486
2025-10-19 08:39:22.830379,67.57,82.54,131.71,112.8,52.47601658699745
2025-10-19 08:39:23.830378,58.73,79.6,290.45,34.06,52.566553496752164
2025-10-19 08:39:24.830378,91.07,68.25,155.33,73.41,52.243697079377206
2025-10-19 08:39:25.830377,64.81,65.88,253.25,38.08,52.428461071877315
2025-10-19 08:39:26.830377,23.64,43.69,153.05,70.54,52.24243426112372
2025-10-19 08:39:27.830376,49.23,45.13,117.6,74.75,52.09165717791828
2025-10-19 08:39:28.830376,60.36,32.61,71.63,49.82,51.62492782360093
2025-10-19 08:39:29.830375,44.53,35.01,229.72,137.17,53.30962473111413
2025-10-19 08:39:30.830375,71.19,38.06,268.46,92.37,53.07840337007664
2025-10-19 08:39:31.830375,26.76,88.72,261.63,139.77,53.42054742492103
2025-10-19 08:39:32.830374,64.52,53.51,273.67,79.31,52.95560742093867
2025-10-19 08:39:33.830374,76.2,69.45,153.92,73.74,52.23747310664921
2025-10-19 08:39:34.830373,16.03,76.02,185.54,113.67,52.782017841044976
2025-10-19 08:39:35.830373,55.42,69.92,108.49,28.87,51.560365858109066
2025-10-19 08:39:36.830372,46.31,97.61,131.9,23.07,51.58565041732319
2025-10-19 08:39:37.830372,10.23,78.74,156.05,66.88,52.167885350268165
2025-10-19 08:39:38.830371,76.32,42.94,191.0,93.7,52.67012815015814
2025-10-19 08:39:39.830371,38.92,66.61,258.88,56.24,52.632964131605284
2025-10-19 08:39:40.830370,89.9,20.88,100.63,35.85,51.66309821011334
2025-10-19 08:39:41.830370,16.23,78.3,195.06,57.62,52.28725859154131
2025-10-19 08:39:42.830369,44.86,81.47,203.64,148.5,53.2068451817602
2025-10-19 08:39:43.830369,65.81,77.71,143.62,49.47,51.934810731995135
2025-10-19 08:39:44.830368,40.55,54.02,237.01,50.15,52.47715887577701
2025-10-19 08:39:45.830368,41.98,34.42,75.52,106.44,52.19033876940899
2025-10-19 08:39:46.830367,42.99,32.8,296.47,64.96,52.971144976775484
2025-10-19 08:39:47.830367,42.7,23.0,137.49,70.54,52.19194775921479
2025-10-19 08:39:48.830367,30.0,59.26,295.19,109.63,53.35460711226565
2025-10-19 08:39:49.830366,52.29,24.66,182.93,143.19,53.134378976082715
2025-10-19 08:39:50.830366,11.12,35.85,107.61,14.84,51.473631602002094
2025-10-19 08:39:51.830365,94.46,78.76,158.66,30.51,51.83009935577518
2025-10-19 08:39:52.830365,50.21,66.39,118.11,88.41,52.19300246442169
2025-10-19 08:39:53.830364,70.06,90.86,282.57,139.58,53.527112108559926
2025-10-19 08:39:54.830364,88.32,31.43,242.77,82.79,52.85907973859333
2025-10-19 08:39:55.830363,50.67,20.41,128.2,44.03,51.89009493437781
2025-10-19 08:39:56.830363,83.77,34.99,199.43,66.76,52.46713751966468
2025-10-19 08:39:57.830362,31.36,57.9,290.63,62.32,52.87493621037711
2025-10-19 08:39:58.830362,94.47,66.12,93.78,25.93,51.45940162694759
2025-10-19 08:39:59.830361,44.3,68.28,276.61,91.96,53.07037250038038
2025-10-19 08:40:00.830361,52.68,23.49,77.3,53.26,51.70281140727398
2025-10-19 08:40:01.830360,49.13,38.58,224.23,39.96,52.33471331182915
2025-10-19 08:40:02.830360,66.69,76.09,116.18,108.43,52.36101912347029
2025-10-19 08:40:03.830360,89.65,67.08,118.5,127.85,52.57536970509411
2025-10-19 08:40:04.830359,24.84,66.51,281.7,47.61,52.671477510786254
2025-10-19 08:40:05.830359,39.17,43.21,184.26,42.57,52.139317320080686
2025-10-19 08:40:06.830358,56.68,27.76,291.82,147.46,53.75200568661354
2025-10-19 08:40:07.830358,72.43,31.4,260.38,136.73,53.474704824767585
2025-10-19 08:40:08.830357,92.01,36.89,263.88,97.85,53.10878835523249
2025-10-19 08:40:09.830357,85.24,27.49,202.88,93.92,52.75998603419893
2025-10-19 08:40:10.830356,60.71,55.49,161.01,78.46,52.3429317899165
2025-10-19 08:40:11.830356,82.44,30.77,273.5,114.21,53.327965569218286
2025-10-19 08:40:12.830355,50.14,87.31,157.02,36.22,51.86310117295608
2025-10-19 08:40:13.830355,38.18,22.64,100.26,62.51,51.91614624723143
2025-10-19 08:40:14.830354,92.59,98.87,284.48,35.86,52.52176093962487
2025-10-19 08:40:15.830354,17.88,79.92,260.5,90.13,52.948365366020354
2025-10-19 08:40:16.830353,45.84,63.18,290.47,140.6,53.62271265664976
2025-10-19 08:40:17.830353,62.12,30.57,55.9,52.83,51.573283356326
2025-10-19 08:40:18.830352,63.94,36.47,160.13,119.98,52.769657888591496
2025-10-19 08:40:19.830352,59.0,23.26,266.87,83.59,53.00831295209239
2025-10-19 08:40:20.830351,38.53,55.34,113.06,61.61,51.92429364382276
2025-10-19 08:40:21.830350,50.59,82.22,242.2,50.88,52.46753158490359
2025-10-19 08:40:22.830350,71.35,59.26,50.86,19.26,51.176611032126424
2025-10-19 08:40:23.830349,41.83,44.33,54.3,119.23,52.18514989483473
2025-10-19 08:40:24.830349,93.53,54.33,247.87,93.7,52.95575179761531
2025-10-19 08:40:25.830348,47.31,50.52,170.18,68.42,52.3026176849887
2025-10-19 08:40:26.830348,70.25,98.74,201.25,19.65,51.9209675688917
2025-10-19 08:40:27.830347,82.52,46.59,120.61,137.39,52.71113330688885
2025-10-19 08:40:28.830346,61.81,79.19,97.04,112.52,52.293525825975806
2025-10-19 08:40:29.830346,27.68,29.8,288.45,43.12,52.721873678445434
2025-10-19 08:40:30.830345,18.13,48.6,244.5,48.83,52.51290533981428
2025-10-19 08:40:31.830345,38.25,67.18,217.07,28.17,52.13747217647842
2025-10-19 08:40:32.830344,66.48,55.79,295.31,125.26,53.51184651910286
2025-10-19 08:40:33.830344,28.39,53.69,126.95,35.44,51.747975639223434
2025-10-19 08:40:34.830343,39.64,59.89,105.7,97.72,52.22701821760503
2025-10-19 08:40:35.830342,52.97,55.44,224.38,98.26,52.87271684529569
2025-10-19 08:40:36.830342,52.48,24.4,188.65,137.3,53.10836525884475
2025-10-19 08:40:37.830341,74.83,46.04,72.29,68.98,51.79258183311085
2025-10-19 08:40:38.830341,55.07,95.02,215.56,66.2,52.45332785850554
2025-10-19 08:40:39.830340,45.87,21.22,189.88,50.19,52.277611410306065
2025-10-19 08:40:40.830339,54.73,73.24,269.85,17.26,52.30415851794947
2025-10-19 08:40:41.830339,34.03,77.58,166.0,50.39,52.06336808478591
2025-10-19 08:40:42.830338,90.43,42.24,169.71,28.61,51.92819278833655
2025-10-19 08:40:43.830338,61.69,90.54,281.21,76.26,52.90807329941205
2025-10-19 08:40:44.830337,20.32,37.96,98.68,66.52,51.92237348811787
2025-10-19 08:40:45.830336,50.9,43.7,227.64,26.88,52.21837626093453
2025-10-19 08:40:46.830336,62.32,92.38,208.42,17.94,51.9527144330786
2025-10-19 08:40:47.830335,32.26,54.69,239.1,71.93,52.697865288334356
2025-10-19 08:40:48.830335,24.64,43.42,255.72,34.65,52.44383155201439
2025-10-19 08:40:49.830334,25.62,46.4,54.91,140.78,52.39352887320475
2025-10-19 08:40:50.830334,56.13,38.52,66.04,48.0,51.56818885225046
2025-10-19 08:40:51.830333,70.47,42.09,188.8,146.49,53.1701849826331
2025-10-19 08:40:52.830333,14.32,20.47,168.05,103.07,52.67360301583125
2025-10-19 08:40:53.830332,12.23,74.27,150.02,45.19,51.933000299191605
2025-10-19 08:40:54.830332,85.57,54.18,247.91,102.69,53.04313171779574
2025-10-19 08:40:55.830331,47.8,52.17,93.24,22.17,51.442119517128326
2025-10-19 08:40:56.830331,17.62,40.07,149.35,47.75,52.00801135060336
2025-10-19 08:40:57.830330,25.27,97.54,220.17,117.1,52.96615383459982
2025-10-19 08:40:58.830330,41.66,30.72,113.51,31.12,51.67062085894353
2025-10-19 08:40:59.830330,78.65,53.89,223.54,128.88,53.16675821325094
2025-10-19 08:41:00.830329,88.41,61.35,232.65,61.7,52.55403349229909
2025-10-19 08:41:01.830329,22.56,65.87,107.75,57.48,51.83944011658849
2025-10-19 08:41:02.830324,45.34,87.14,94.3,16.97,51.34245020124129
2025-10-19 08:41:03.830324,12.85,82.19,220.27,33.87,52.18604308578864
2025-10-19 08:41:04.830323,45.57,90.63,131.51,68.23,52.03123784223097
2025-10-19 08:41:05.830323,64.93,21.97,257.37,17.17,52.31737653639722
2025-10-19 08:41:06.830322,71.37,60.47,103.91,22.91,51.49316309055967
2025-10-19 08:41:07.830322,19.39,52.23,232.79,22.01,52.1853471351557
2025-10-19 08:41:08.830321,40.91,42.39,285.04,83.16,53.071028303771385
2025-10-19 08:41:09.830321,90.93,54.42,220.17,95.79,52.82796680071677
2025-10-19 08:41:10.830320,66.94,39.6,280.76,139.04,53.5929157733539
2025-10-19 08:41:11.830320,33.35,34.5,209.21,40.05,52.26183423676731
2025-10-19 08:41:12.830320,42.82,72.88,90.95,16.4,51.34150348837885
2025-10-19 08:41:13.830319,50.79,24.6,297.0,81.86,53.150298612093415
2025-10-19 08:41:14.830319,74.77,84.84,188.3,114.05,52.786541001966874
2025-10-19 08:41:15.830318,31.04,94.13,217.7,121.4,52.999916956225036
2025-10-19 08:41:16.830318,52.73,56.67,234.86,119.18,53.129008762069695
2025-10-19 08:41:17.830317,87.5,87.66,283.98,79.74,52.96104233288848
2025-10-19 08:41:18.830317,92.86,79.35,183.4,44.17,52.09331179566645
2025-10-19 08:41:19.830316,90.36,47.58,53.22,79.26,51.787772946046715
2025-10-19 08:41:20.830316,24.37,41.02,110.44,80.26,52.11318885644101
2025-10-19 08:41:21.830315,88.12,72.63,100.64,48.65,51.705465598170164
2025-10-19 08:41:22.830315,43.38,69.79,73.47,70.76,51.77870828879131
2025-10-19 08:41:23.830315,49.24,23.5,114.17,54.66,51.91313239559562
2025-10-19 08:41:24.830314,78.51,70.96,263.85,24.96,52.350177908079175
2025-10-19 08:41:25.830314,21.51,66.59,255.65,129.74,53.32647551178802
2025-10-19 08:41:26.830313,65.79,98.12,151.19,75.83,52.197982556816235
2025-10-19 08:41:27.830313,30.3,92.26,185.66,18.19,51.83383579864091
2025-10-19 08:41:28.830312,70.1,75.3,127.94,121.59,52.55228622487572
2025-10-19 08:41:29.830312,46.49,52.45,76.49,95.61,52.06241345598703
2025-10-19 08:41:30.830311,42.57,51.64,69.14,103.46,52.10036359560426
2025-10-19 08:41:31.830311,45.53,89.59,253.2,141.39,53.38984645236656
2025-10-19 08:41:32.830310,61.36,57.27,256.81,145.37,53.49847434018717
2025-10-19 08:41:33.830310,90.99,43.25,239.29,10.73,52.12510310478228
2025-10-19 08:41:34.830309,35.61,71.26,144.99,104.55,52.48488126473302
2025-10-19 08:41:35.830309,78.43,50.06,158.07,65.92,52.21452863197283
2025-10-19 08:41:36.830308,36.0,20.78,173.72,126.68,52.931680371985195
2025-10-19 08:41:37.830308,48.53,24.61,115.93,135.27,52.70025129543489
2025-10-19 08:41:38.830308,68.25,77.61,194.1,125.5,52.93959753383961
2025-10-19 08:41:39.830307,24.22,83.43,179.11,116.66,52.764945246787924
2025-10-19 08:41:40.830307,11.8,53.6,130.34,14.88,51.56740359199323
2025-10-19 08:41:41.830306,26.88,22.56,296.94,54.01,52.88388921892681
2025-10-19 08:41:42.830306,61.09,44.38,93.15,149.61,52.68620341451051
2025-10-19 08:41:43.830305,23.24,43.76,58.42,20.8,51.25625292682318
2025-10-19 08:41:44.830305,51.85,94.85,204.18,15.37,51.90134381486812
2025-10-19 08:41:45.830304,51.13,88.83,110.08,45.65,51.70134421468495
2025-10-19 08:41:46.830304,14.21,53.08,141.22,20.66,51.68218642242859
2025-10-19 08:41:47.830303,19.34,72.64,104.63,42.11,51.663507464301766
2025-10-19 08:41:48.830303,86.44,37.47,71.49,63.5,51.7488116519071
2025-10-19 08:41:49.830302,18.49,22.52,277.96,64.15,52.88069398553309
2025-10-19 08:41:50.830302,16.81,90.8,295.83,77.11,52.99391971883464
2025-10-19 08:41:51.830302,13.93,46.03,196.01,85.63,52.613971718270285
2025-10-19 08:41:52.830301,52.78,52.09,79.29,54.73,51.682629561473654
2025-10-19 08:41:53.830301,56.2,48.61,184.84,57.21,52.275477143681215
2025-10-19 08:41:54.830300,16.32,63.52,170.96,135.54,52.93534628053451
2025-10-19 08:41:55.830300,39.56,34.87,178.92,36.24,52.06273295183287
2025-10-19 08:41:56.830299,68.13,77.97,69.45,35.45,51.40293916612229
2025-10-19 08:41:57.830299,53.46,31.87,143.6,145.05,52.9310857501788
2025-10-19 08:41:58.830298,48.78,71.15,201.7,78.82,52.538952076921625
2025-10-19 08:41:59.830298,23.16,38.03,163.03,128.61,52.866130764279575
2025-10-19 08:42:00.830297,54.15,59.4,267.71,56.48,52.69376529985679
2025-10-19 08:42:01.830297,33.61,80.23,113.12,90.31,52.162954930309624
2025-10-19 08:42:02.830296,32.6,90.53,67.63,144.04,52.42348353966446
2025-10-19 08:42:03.830296,33.24,63.81,208.88,47.38,52.28481570384441
2025-10-19 08:42:04.830296,72.11,44.58,90.62,133.39,52.51554234884807
2025-10-19 08:42:05.830295,38.17,20.06,191.45,123.78,52.99940821671427
2025-10-19 08:42:06.830295,75.28,58.89,166.35,17.74,51.7789408650272
2025-10-19 08:42:07.830294,35.43,28.53,201.32,44.67,52.27379118239481
2025-10-19 08:42:08.830294,68.09,25.81,119.8,140.79,52.77239569126099
2025-10-19 08:42:09.830293,47.16,60.24,180.94,35.1,52.02255762636035
2025-10-19 08:42:10.830293,14.95,51.15,91.15,109.13,52.27344359735938
2025-10-19 08:42:11.830292,49.28,72.31,294.05,61.71,52.86461024261253
2025-10-19 08:42:12.830292,15.45,53.35,131.15,124.09,52.62814491933778
2025-10-19 08:42:13.830291,67.74,37.65,163.28,54.93,52.15560226876278
2025-10-19 08:42:14.830291,89.23,65.94,263.59,141.06,53.47934023037426
2025-10-19 08:42:15.830291,68.31,39.57,295.59,118.79,53.47630960747805
2025-10-19 08:42:16.830290,73.34,52.79,133.61,125.02,52.6511498060361
2025-10-19 08:42:17.830290,81.79,68.61,139.1,18.34,51.62399178762102
2025-10-19 08:42:18.830289,13.31,42.42,93.66,127.68,52.47995498510437
2025-10-19 08:42:19.830289,91.21,76.7,263.23,86.2,52.930003843431635
2025-10-19 08:42:20.830288,15.97,37.4,296.98,84.36,53.15421802874381
2025-10-19 08:42:21.830288,77.84,73.94,241.7,82.85,52.78703524370397
2025-10-19 08:42:22.830287,94.94,31.96,137.47,110.92,52.5681985545675
2025-10-19 08:42:23.830287,79.75,95.04,50.35,96.1,51.86058608023097
2025-10-19 08:42:24.830286,49.77,42.04,91.37,24.15,51.46722930099456
2025-10-19 08:42:25.830286,65.27,34.37,65.52,72.6,51.8098194362133
2025-10-19 08:42:26.830286,63.06,50.95,227.36,131.51,53.21720700729637
2025-10-19 08:42:27.830285,32.38,68.55,80.37,98.24,52.083212362964204
2025-10-19 08:42:28.830285,76.81,67.19,250.9,104.45,53.05563135766639
2025-10-19 08:42:29.830284,37.71,62.97,127.23,53.38,51.9083367063231
2025-10-19 08:42:30.830284,68.91,23.9,59.21,75.99,51.825399460686405
2025-10-19 08:42:31.830283,17.09,33.27,155.1,84.35,52.40331627388347
2025-10-19 08:42:32.830283,48.55,20.6,139.93,97.14,52.465962515018
2025-10-19 08:42:33.830282,85.9,69.26,141.93,100.69,52.43437126305679
2025-10-19 08:42:34.830282,70.49,42.19,85.59,52.23,51.70766581295559
2025-10-19 08:42:35.830281,89.89,50.62,182.42,123.54,52.90078516361358
2025-10-19 08:42:36.830281,25.92,95.55,166.0,94.98,52.46625262921515
2025-10-19 08:42:37.830281,27.92,55.68,296.11,41.15,52.702974109834486
2025-10-19 08:42:38.830280,68.23,39.82,155.15,129.83,52.833049495775306
2025-10-19 08:42:39.830280,44.96,54.56,140.16,46.29,51.922032460909556
2025-10-19 08:42:40.830279,70.07,22.67,240.52,123.45,53.25402746264711
2025-10-19 08:42:41.830279,68.42,73.23,195.86,61.1,52.33315964881693
2025-10-19 08:42:42.830278,14.19,83.15,286.98,101.21,53.19176205391122
2025-10-19 08:42:43.830278,80.21,84.81,232.34,78.7,52.679835655071095
2025-10-19 08:42:44.830277,60.16,77.81,111.19,141.99,52.65619087620263
2025-10-19 08:42:45.830277,46.92,97.35,127.73,48.55,51.81018477931219
2025-10-19 08:42:46.830276,41.88,60.08,229.9,53.91,52.46602730634352
2025-10-19 08:42:47.830276,69.93,88.9,225.33,18.09,52.04990229968854
2025-10-19 08:42:48.830275,50.37,35.84,276.4,43.34,52.650174973339425
2025-10-19 08:42:49.830275,10.57,63.23,218.49,15.19,52.02575691164699
2025-10-19 08:42:50.830275,44.55,74.41,219.03,40.78,52.25848800090556
2025-10-19 08:42:51.830274,50.54,32.96,157.68,49.17,52.07739649394251
2025-10-19 08:42:52.830274,11.08,92.8,271.68,100.01,53.08330269100052
2025-10-19 08:42:53.830273,17.76,56.92,91.52,66.67,51.8557621352475
2025-10-19 08:42:54.830273,83.6,83.53,66.35,106.1,52.06080262286627
2025-10-19 08:42:55.830272,64.99,27.48,169.77,16.89,51.83841771166807
2025-10-19 08:42:56.830272,46.71,55.83,203.1,125.99,53.02665760714824
2025-10-19 08:42:57.830271,66.58,85.43,111.24,65.32,51.90309004827552
2025-10-19 08:42:58.830271,28.22,54.01,87.92,139.94,52.54962360119739
2025-10-19 08:42:59.830270,77.63,58.64,290.3,145.44,53.675752686246156
2025-10-19 08:43:00.830270,70.75,39.49,61.24,138.85,52.419530518043906
2025-10-19 08:43:01.830270,32.12,76.97,151.0,76.87,52.240316274192494
2025-10-19 08:43:02.830269,45.38,90.77,164.19,38.71,51.92000334606909
2025-10-19 08:43:03.830269,39.47,52.23,92.3,26.86,51.48235841880164
2025-10-19 08:43:04.830268,14.74,74.37,287.7,103.13,53.22799118996861
2025-10-19 08:43:05.830268,18.74,45.56,221.45,131.15,53.19066460512515
2025-10-19 08:43:06.830267,76.51,49.68,81.98,86.16,52.004698961454295
2025-10-19 08:43:07.830267,19.66,95.87,104.27,25.51,51.464503973393875
2025-10-19 08:43:08.830266,31.66,22.57,200.7,111.14,52.922606004136746
2025-10-19 08:43:09.830266,51.68,35.72,211.04,118.45,53.02778366163757
2025-10-19 08:43:10.830265,57.82,56.26,77.8,34.64,51.473849014989305
2025-10-19 08:43:11.830265,57.32,61.62,110.65,96.13,52.23534169242792
2025-10-19 08:43:12.830265,90.7,84.42,105.57,41.31,51.64224666899782
2025-10-19 08:43:13.830264,28.57,92.76,251.96,92.17,52.90229698622105
2025-10-19 08:43:14.830264,81.99,60.56,222.38,68.31,52.56437582264374
2025-10-19 08:43:15.830263,12.24,26.19,119.42,141.71,52.778665333659774
2025-10-19 08:43:16.830263,20.49,42.13,296.96,143.92,53.7225913173925
2025-10-19 08:43:17.830262,11.57,43.14,53.31,51.94,51.531066873474316
2025-10-19 08:43:18.830262,81.7,47.87,186.24,86.71,52.56936983275061
2025-10-19 08:43:19.830261,53.89,34.85,252.02,23.4,52.32878820507029
2025-10-19 08:43:20.830261,47.8,78.15,179.17,135.69,52.95759031453621
2025-10-19 08:43:21.830260,88.46,81.08,136.62,129.06,52.66175136740171
2025-10-19 08:43:22.830260,53.89,67.26,228.4,19.5,52.11398582684351
2025-10-19 08:43:23.830259,14.92,58.72,243.25,59.26,52.59115839054375
2025-10-19 08:43:24.830259,70.76,94.67,156.27,90.28,52.37025502491477
2025-10-19 08:43:25.830258,42.13,23.56,240.51,43.2,52.47658240766551
2025-10-19 08:43:26.830258,41.07,27.73,90.44,45.48,51.69104411041969
2025-10-19 08:43:27.830258,70.86,94.66,288.77,109.02,53.25871909024454
2025-10-19 08:43:28.830257,15.1,40.02,125.55,52.53,51.9272749654152
2025-10-19 08:43:29.830257,94.21,81.71,244.23,145.11,53.390342493666786
2025-10-19 08:43:30.830256,73.83,98.04,113.27,11.49,51.37355838900285
2025-10-19 08:43:31.830256,79.02,82.73,201.37,111.27,52.83274369926719
2025-10-19 08:43:32.830255,94.87,39.24,286.18,16.14,52.43401045136086
2025-10-19 08:43:33.830255,56.28,76.96,138.12,143.96,52.820321016439564
2025-10-19 08:43:34.830254,53.92,77.81,196.25,149.38,53.18167031508229
2025-10-19 08:43:35.830254,39.76,21.43,127.03,74.87,52.180456864075396
2025-10-19 08:43:36.830253,15.63,90.85,205.98,17.59,51.93871449636326
2025-10-19 08:43:37.830253,34.5,30.62,110.29,81.14,52.137267763476125
2025-10-19 08:43:38.830252,58.72,37.5,254.41,74.6,52.832460867713195
2025-10-19 08:43:39.830252,16.39,28.93,162.53,21.38,51.84090753156787
2025-10-19 08:43:40.830251,40.37,26.72,271.68,104.71,53.23276416167657
2025-10-19 08:43:41.830251,74.25,71.65,176.19,109.49,52.69857024832295
2025-10-19 08:43:42.830250,72.33,70.48,82.86,132.18,52.421653666100674
2025-10-19 08:43:43.830250,40.29,76.07,184.17,95.57,52.5996055863434
2025-10-19 08:43:44.830250,93.22,73.33,63.58,125.69,52.25150153797824
2025-10-19 08:43:45.830249,23.32,98.53,99.28,82.79,51.98756060475078
2025-10-19 08:43:46.830249,39.84,70.7,115.76,101.28,52.298123387969014
2025-10-19 08:43:47.830248,44.0,20.84,207.31,70.63,52.56889280231832
2025-10-19 08:43:48.830248,35.11,45.01,191.71,102.2,52.752851741518
2025-10-19 08:43:49.830247,74.75,66.64,164.87,101.82,52.57186774560673
2025-10-19 08:43:50.830247,20.17,56.43,183.05,120.21,52.86280259130949
2025-10-19 08:43:51.830246,73.58,90.67,280.86,78.3,52.92572661376598
2025-10-19 08:43:52.830246,90.75,57.45,202.51,100.66,52.77602575131067
2025-10-19 08:43:53.830245,64.34,40.46,295.9,74.29,53.046263189979044
2025-10-19 08:43:54.830245,21.25,43.82,294.15,39.08,52.6911644822196
2025-10-19 08:43:55.830244,52.3,93.02,230.54,44.5,52.32660222611483
2025-10-19 08:43:56.830244,68.22,91.63,201.27,28.98,52.02248389635885
2025-10-19 08:43:57.830243,23.54,37.98,271.97,130.53,53.466258936551625
2025-10-19 08:43:58.830243,93.83,50.43,92.2,75.66,51.95653770708266
2025-10-19 08:43:59.830243,57.22,44.49,118.69,90.99,52.255518006770224
2025-10-19 08:44:00.830242,93.59,86.93,107.13,96.02,52.1756499805342
2025-10-19 08:44:01.830242,83.0,84.62,137.73,129.36,52.665004879620085
2025-10-19 08:44:02.830241,58.99,37.35,247.36,107.48,53.11300518226864
2025-10-19 08:44:03.830241,33.85,23.67,54.62,74.58,51.7876274463206
2025-10-19 08:44:04.830240,92.27,31.12,142.48,135.47,52.83365271946819
2025-10-19 08:44:05.830240,18.33,57.81,215.37,37.27,52.23114110150531
2025-10-19 08:44:06.830239,45.85,69.58,178.23,58.04,52.21521300713273
2025-10-19 08:44:07.830239,21.0,89.52,175.08,48.94,52.07901863588103
2025-10-19 08:44:08.830238,23.15,50.17,203.18,101.56,52.79976385120303
2025-10-19 08:44:09.830238,91.97,81.45,213.59,97.09,52.7628687195911
2025-10-19 08:44:10.830238,57.94,50.12,174.89,90.02,52.537252450008694
2025-10-19 08:44:11.830237,16.08,97.4,81.48,76.8,51.83640780158553
2025-10-19 08:44:12.830237,58.28,25.66,116.26,135.86,52.706065058309214
2025-10-19 08:44:13.830236,17.08,68.54,170.79,139.29,52.96279833772884
2025-10-19 08:44:14.830236,78.27,67.62,276.8,58.0,52.74404364968934
2025-10-19 08:44:15.830235,68.3,79.83,51.41,142.52,52.33905141211539
2025-10-19 08:44:16.830235,47.83,31.8,137.49,50.56,51.98489606775875
2025-10-19 08:44:17.830234,58.87,46.0,135.81,115.83,52.584716283253535
2025-10-19 08:44:18.830234,57.25,82.43,86.11,53.61,51.66044526491446
2025-10-19 08:44:19.830233,72.66,55.23,73.2,120.16,52.2778670113944
2025-10-19 08:44:20.830233,62.16,60.37,87.56,146.78,52.603831531709915
2025-10-19 08:44:21.830232,82.62,59.76,113.31,57.02,51.874286930495785
2025-10-19 08:44:22.830232,18.22,65.78,270.68,73.59,52.86502360555933
2025-10-19 08:44:23.830232,43.2,63.71,241.43,115.85,53.12079574056599
2025-10-19 08:44:24.830231,68.42,91.33,239.59,133.43,53.23749160478859
2025-10-19 08:44:25.830231,34.63,63.31,122.24,12.5,51.485870666275076
2025-10-19 08:44:26.830230,15.57,62.71,65.25,86.18,51.89508342046451
2025-10-19 08:44:27.830230,50.06,64.0,81.46,113.35,52.242301051880304
2025-10-19 08:44:28.830229,35.53,71.91,57.06,139.18,52.34937902690995
2025-10-19 08:44:29.830229,30.69,64.02,226.04,144.81,53.318194882473435
2025-10-19 08:44:30.830228,70.06,23.51,251.0,53.45,52.63176715562504
2025-10-19 08:44:31.830228,73.07,75.19,143.74,77.81,52.21345624504676
2025-10-19 08:44:32.830227,85.9,38.86,173.71,46.4,52.12688709611485
2025-10-19 08:44:33.830227,16.02,56.88,61.79,63.35,51.66503343720678
2025-10-19 08:44:34.830226,58.33,80.81,206.71,118.04,52.92973260008606
2025-10-19 08:44:35.830226,56.02,30.82,180.94,38.08,52.09768214628583
2025-10-19 08:44:36.830225,12.31,48.78,189.53,99.16,52.70588566014031
2025-10-19 08:44:37.830225,54.18,36.96,129.23,87.44,52.28930222102465
2025-10-19 08:44:38.830225,43.33,72.35,110.45,128.41,52.52952131900556
2025-10-19 08:44:39.830224,42.9,35.83,297.02,70.67,53.024525073704346
2025-10-19 08:44:40.830224,84.86,49.04,208.98,42.75,52.263827811659716
2025-10-19 08:44:41.830223,46.13,51.03,192.94,132.26,53.04061138220062
2025-10-19 08:44:42.830223,95.0,21.27,213.42,109.06,52.97243429987825
2025-10-19 08:44:43.830222,69.59,92.18,252.02,44.02,52.437935743602246
2025-10-19 08:44:44.830222,66.34,67.7,61.01,50.88,51.52325796995294
2025-10-19 08:44:45.830221,23.9,53.08,69.05,98.23,52.04704419978373
2025-10-19 08:44:46.830221,71.06,64.17,76.63,71.75,51.81399446647896
2025-10-19 08:44:47.830220,87.09,58.69,130.11,108.22,52.46073065697117
2025-10-19 08:44:48.830220,38.18,93.42,101.64,140.98,52.5708788324199
2025-10-19 08:44:49.830220,65.72,50.51,284.11,71.25,52.93811717048117
2025-10-19 08:44:50.830219,52.29,94.13,194.07,81.9,52.4918364214182
2025-10-19 08:44:51.830219,72.34,69.5,272.98,33.14,52.480306668070156
2025-10-19 08:44:52.830218,27.82,49.0,101.35,147.94,52.7065516419647
2025-10-19 08:44:53.830218,84.33,44.57,185.51,130.97,52.99864720689188
2025-10-19 08:44:54.830217,87.49,56.18,216.91,73.27,52.59003481155884
2025-10-19 08:44:55.830217,81.03,20.38,84.57,97.55,52.17478100823768
2025-10-19 08:44:56.830216,82.63,78.14,132.34,56.69,51.94374017551067
2025-10-19 08:44:57.830216,73.48,40.1,262.53,60.91,52.739332293636124
2025-10-19 08:44:58.830215,89.59,71.61,257.12,109.5,53.13070600952892
2025-10-19 08:44:59.830215,67.55,63.66,234.62,140.21,53.320078123768354
2025-10-19 08:45:00.830214,82.86,32.52,232.3,74.52,52.721510659188056
2025-10-19 08:45:01.830214,42.95,41.31,178.61,130.55,52.962887597447576
2025-10-19 08:45:02.830214,78.31,82.5,197.32,100.23,52.704735124922344
2025-10-19 08:45:03.830213,67.86,56.67,240.84,36.85,52.36482424550771
2025-10-19 08:45:04.830213,84.07,24.76,293.39,112.13,53.42347865663436
2025-10-19 08:45:05.830212,91.89,26.72,144.96,12.97,51.66928178170593
2025-10-19 08:45:06.830212,50.32,25.7,74.16,42.75,51.58094430682843
2025-10-19 08:45:07.830211,42.88,41.06,169.36,145.98,53.06311079968697
2025-10-19 08:45:08.830211,73.14,87.77,125.77,98.59,52.29867262811907
2025-10-19 08:45:09.830210,52.89,67.11,195.48,126.73,52.97538483664963
2025-10-19 08:45:10.830210,10.86,73.53,87.7,114.15,52.26834291440405
2025-10-19 08:45:11.830209,23.15,92.3,217.42,122.7,53.01387351480318
2025-10-19 08:45:12.830209,38.45,71.9,79.63,92.69,52.020322741568165
2025-10-19 08:45:13.830208,35.31,94.64,226.04,117.26,53.00359777380336
2025-10-19 08:45:14.830208,64.52,35.86,207.31,137.06,53.187606354068606
2025-10-19 08:45:15.830208,73.34,96.75,225.18,121.12,53.03301103638648
2025-10-19 08:45:16.830207,40.48,48.69,279.03,85.83,53.054850438732956
2025-10-19 08:45:17.830207,94.15,47.36,239.77,20.83,52.21885941623403
2025-10-19 08:45:18.830206,57.3,85.02,246.32,79.77,52.76447200761859
2025-10-19 08:45:19.830206,41.6,59.25,98.43,38.69,51.618420461195406
2025-10-19 08:45:20.830205,84.63,69.17,231.06,135.82,53.24995316528209
2025-10-19 08:45:21.830205,59.9,72.26,171.36,67.14,52.26231882538923
2025-10-19 08:45:22.830204,66.47,64.58,254.46,47.75,52.530471588908554
2025-10-19 08:45:23.830204,57.97,94.45,123.21,72.24,52.019697784262526
2025-10-19 08:45:24.830203,56.6,44.64,65.88,101.51,52.0751254388396
2025-10-19 08:45:25.830203,45.54,82.34,65.15,108.07,52.07531981935461
2025-10-19 08:45:26.830202,67.41,93.48,55.69,83.02,51.76506543206748
2025-10-19 08:45:27.830202,61.72,35.77,260.41,36.68,52.50053613582199
2025-10-19 08:45:28.830201,75.26,78.52,273.37,42.64,52.56005214494933
2025-10-19 08:45:29.830201,62.84,22.61,181.2,79.65,52.513961037105865
2025-10-19 08:45:30.830201,49.59,39.83,135.64,131.92,52.74910578622004
2025-10-19 08:45:31.830200,33.63,96.9,148.14,112.21,52.53540555625783
2025-10-19 08:45:32.830200,44.99,70.19,103.78,50.1,51.74008755147335
2025-10-19 08:45:33.830199,83.06,62.31,278.33,51.7,52.69964962561836
2025-10-19 08:45:34.830199,16.26,43.71,93.47,63.61,51.85737473730237
2025-10-19 08:45:35.830198,82.65,55.17,158.23,18.02,51.744162156700035
2025-10-19 08:45:36.830198,21.54,20.57,291.83,79.88,53.10990048673593
2025-10-19 08:45:37.830197,62.04,60.22,105.69,51.48,51.77932000636368
2025-10-19 08:45:38.830197,71.77,68.12,84.69,15.61,51.3079432923455
2025-10-19 08:45:39.830196,76.21,82.38,183.4,142.75,53.041778142908754
2025-10-19 08:45:40.830196,92.76,47.81,157.82,32.04,51.88912754720423
2025-10-19 08:45:41.830195,74.53,37.75,278.18,102.61,53.229790686232135
2025-10-19 08:45:42.830195,43.81,50.27,248.84,148.35,53.49576730429441
2025-10-19 08:45:43.830195,21.95,74.58,224.7,10.85,51.999071763756895
2025-10-19 08:45:44.830194,27.78,71.08,175.3,144.35,53.03180154002806
2025-10-19 08:45:45.830194,42.52,53.92,85.77,85.98,52.016514094886
2025-10-19 08:45:46.830193,27.87,58.79,272.64,55.67,52.71320766755944
2025-10-19 08:45:47.830193,65.93,89.28,235.17,27.15,52.18943382413077
2025-10-19 08:45:48.830192,18.1,56.51,213.04,85.71,52.68914931666715
2025-10-19 08:45:49.830192,44.2,20.17,124.2,123.42,52.63679695455567
2025-10-19 08:45:50.830191,61.74,40.43,154.61,119.22,52.726611821134455
2025-10-19 08:45:51.830191,51.76,91.73,169.85,137.26,52.90164901738381
2025-10-19 08:45:52.830190,89.34,22.46,292.39,49.82,52.819244408721076
2025-10-19 08:45:53.830190,10.56,20.69,282.88,73.66,53.00179429440234
2025-10-19 08:45:54.830189,22.31,84.61,199.56,23.01,51.966678519364294
2025-10-19 08:45:55.830189,43.61,23.97,298.01,10.98,52.47129531409415
2025-10-19 08:45:56.830188,52.1,91.29,95.33,107.28,52.21468323464949
2025-10-19 08:45:57.830188,43.04,30.92,289.45,110.57,53.37766740737009
2025-10-19 08:45:58.830188,59.23,79.06,114.05,68.05,51.95451381508969
2025-10-19 08:45:59.830187,63.0,56.77,168.43,81.08,52.40585688829498
2025-10-19 08:46:00.830187,64.94,78.41,153.63,31.12,51.8097003894036
2025-10-19 08:46:01.830186,78.86,29.25,285.84,16.25,52.448984195690386
2025-10-19 08:46:02.830186,53.81,90.23,131.02,37.97,51.73664789987441
2025-10-19 08:46:03.830185,69.18,34.17,198.66,47.36,52.27672672293278
2025-10-19 08:46:04.830185,23.82,79.26,285.8,76.43,52.95197238394734
2025-10-19 08:46:05.830184,46.27,80.83,248.96,74.42,52.73342600996335
2025-10-19 08:46:06.830184,59.8,22.46,101.27,121.58,52.493007825625945
2025-10-19 08:46:07.830183,91.3,68.21,260.28,116.21,53.217808263179265
2025-10-19 08:46:08.830183,16.76,79.76,151.97,53.75,52.01753946484714
2025-10-19 08:46:09.830182,29.65,97.44,174.96,108.77,52.64444771073823
2025-10-19 08:46:10.830182,76.85,32.25,269.97,60.06,52.78318158991043
2025-10-19 08:46:11.830181,23.97,38.52,221.02,24.06,52.1639261930136
2025-10-19 08:46:12.830181,26.52,62.58,166.69,57.33,52.15776948627916
2025-10-19 08:46:13.830180,83.39,21.15,197.45,28.63,52.10964959652263
2025-10-19 08:46:14.830180,43.08,89.12,194.97,125.81,52.92912142996029
2025-10-19 08:46:15.830180,94.86,67.77,254.55,37.86,52.43029771384005
2025-10-19 08:46:16.830179,69.39,34.6,112.0,132.37,52.63550741053342
2025-10-19 08:46:17.830179,49.04,70.04,264.78,114.21,53.2196078253858
2025-10-19 08:46:18.830178,48.39,82.69,222.87,132.02,53.1482117467182
2025-10-19 08:46:19.830178,80.35,82.77,245.66,55.24,52.52729387075753
2025-10-19 08:46:20.830177,71.86,63.13,195.94,50.14,52.24350514165651
2025-10-19 08:46:21.830177,54.24,97.66,80.95,118.82,52.23948899046921
2025-10-19 08:46:22.830176,34.4,41.53,194.34,137.8,53.116607639768326
2025-10-19 08:46:23.830176,40.2,47.4,272.46,115.54,53.309098412978216
2025-10-19 08:46:24.830175,91.86,89.44,130.14,88.3,52.21986860764015
2025-10-19 08:46:25.830175,75.18,28.46,77.63,79.87,51.954059576834766
2025-10-19 08:46:26.830174,57.24,73.87,218.36,107.7,52.9028558725172
2025-10-19 08:46:27.830174,60.52,44.98,85.26,128.1,52.43515037660578
2025-10-19 08:46:28.830173,49.1,79.02,160.99,109.09,52.60196924602057
2025-10-19 08:46:29.830173,48.08,24.47,252.97,116.19,53.24744612530195
2025-10-19 08:46:30.830173,82.41,47.39,58.01,145.89,52.45792926738037
2025-10-19 08:46:31.830172,19.88,95.35,138.57,95.13,52.32160612252655
2025-10-19 08:46:32.830172,90.38,21.89,245.89,18.72,52.27121421054745
2025-10-19 08:46:33.830171,37.32,57.11,254.13,89.2,52.941276099471175
2025-10-19 08:46:34.830171,91.82,91.91,108.84,109.34,52.30573849580754
2025-10-19 08:46:35.830170,29.37,72.88,129.08,119.23,52.53935996415102
2025-10-19 08:46:36.830170,67.24,34.84,265.29,55.26,52.70771016071969
2025-10-19 08:46:37.830169,44.09,48.77,100.31,38.71,51.645144811437284
2025-10-19 08:46:38.830169,55.1,82.43,286.21,74.21,52.927704383049296
2025-10-19 08:46:39.830168,78.77,85.99,97.55,105.63,52.21892039995676
2025-10-19 08:46:40.830168,35.03,75.6,210.2,127.25,53.045619498423264
2025-10-19 08:46:41.830167,19.88,30.39,233.85,23.18,52.23669607605678
2025-10-19 08:46:42.830166,83.01,40.68,225.49,79.32,52.71873130775773
2025-10-19 08:46:43.830166,53.64,67.81,108.5,12.61,51.406511723426966
2025-10-19 08:46:44.830165,71.57,64.48,57.92,65.06,51.64894898434148
2025-10-19 08:46:45.830165,19.53,30.39,106.52,54.56,51.86048710891164
2025-10-19 08:46:46.830164,46.18,34.05,68.23,18.01,51.29692105838523
2025-10-19 08:46:47.830164,37.73,34.76,183.2,31.31,52.03807978784848
2025-10-19 08:46:48.830163,30.82,98.07,282.56,90.44,53.040542314911775
2025-10-19 08:46:49.830163,90.33,46.64,126.67,12.49,51.53565938238842
2025-10-19 08:46:50.830163,94.28,64.06,137.61,143.44,52.83287599126694
2025-10-19 08:46:51.830162,32.21,22.32,241.76,16.41,52.22615593441719
2025-10-19 08:46:52.830162,30.12,32.38,290.37,43.92,52.73579662125955
2025-10-19 08:46:53.830161,26.53,86.34,288.36,109.56,53.27484847169897
2025-10-19 08:46:54.830161,20.69,54.29,85.04,35.28,51.521783098316625
2025-10-19 08:46:55.830160,26.73,76.84,118.36,92.25,52.21501944681275
2025-10-19 08:46:56.830160,35.08,54.73,209.25,11.29,51.95210484454231
2025-10-19 08:46:57.830159,47.77,71.65,87.76,23.78,51.39777461925122
2025-10-19 08:46:58.830159,65.56,31.78,172.47,138.31,53.02015184808817
2025-10-19 08:46:59.830158,34.78,62.96,151.07,39.56,51.90196725315827
2025-10-19 08:47:00.830158,35.13,67.09,162.02,104.89,52.585632989155144
2025-10-19 08:47:01.830158,50.63,88.01,98.59,67.05,51.84823620497955
2025-10-19 08:47:02.830157,45.99,47.17,88.14,25.95,51.459319148709554
2025-10-19 08:47:03.830157,20.76,51.77,283.7,33.11,52.56514432218583
2025-10-19 08:47:04.830156,79.49,66.34,91.22,32.88,51.51259513093448
2025-10-19 08:47:05.830156,13.35,93.3,124.81,93.65,52.23707576444347
2025-10-19 08:47:06.830155,56.64,22.04,103.75,51.42,51.828482481751365
2025-10-19 08:47:07.830155,54.63,73.85,221.8,88.04,52.73114322362638
2025-10-19 08:47:08.830154,87.66,59.13,151.07,39.19,51.904418135028706
2025-10-19 08:47:09.830154,33.12,75.86,68.6,124.11,52.25903609520763
2025-10-19 08:47:10.830153,32.02,61.46,259.19,65.81,52.735263935823156
2025-10-19 08:47:11.830153,58.8,84.47,274.98,141.63,53.51648041192615
2025-10-19 08:47:12.830153,28.75,58.67,229.28,82.91,52.74535772855222
2025-10-19 08:47:13.830152,94.14,27.76,224.83,45.27,52.406293187392706
2025-10-19 08:47:14.830152,14.02,38.19,58.41,80.5,51.84224618699692
2025-10-19 08:47:15.830151,38.81,31.98,121.91,43.35,51.83173383485466
2025-10-19 08:47:16.830151,35.75,24.82,198.55,94.19,52.74368756139154
2025-10-19 08:47:17.830150,53.7,67.08,111.53,107.02,52.336747117006446
2025-10-19 08:47:18.830150,81.71,80.91,68.86,107.18,52.088767410474674
2025-10-19 08:47:19.830149,23.72,31.35,108.29,76.28,52.07844881504699
2025-10-19 08:47:20.830149,33.78,31.78,100.15,30.92,51.59570740109086
2025-10-19 08:47:21.830148,94.21,81.4,186.35,15.38,51.82744133064229
2025-10-19 08:47:22.830148,57.17,97.95,196.73,104.06,52.7143014722519
2025-10-19 08:47:23.830147,36.49,77.93,61.94,86.73,51.8587768839809
2025-10-19 08:47:24.830147,69.11,93.99,133.41,10.33,51.476216820570095
2025-10-19 08:47:25.830146,38.63,21.84,57.88,132.34,52.36642867889296
2025-10-19 08:47:26.830146,82.52,89.77,233.38,106.27,52.94417217767872
2025-10-19 08:47:27.830145,87.0,67.27,215.76,105.2,52.87519262379178
2025-10-19 08:47:28.830145,10.76,31.7,159.04,31.09,51.911811441639635
2025-10-19 08:47:29.830144,56.0,98.9,279.16,19.1,52.33125379794718
2025-10-19 08:47:30.830144,65.17,51.17,256.13,120.19,53.26096430670874
2025-10-19 08:47:31.830144,65.62,41.6,276.95,87.12,53.067382096377415
2025-10-19 08:47:32.830143,75.91,95.96,246.43,134.73,53.279283796630736
2025-10-19 08:47:33.830143,78.43,46.35,145.0,47.95,51.976841390538965
2025-10-19 08:47:34.830142,32.09,61.98,276.65,33.87,52.51879165279809
2025-10-19 08:47:35.830142,58.34,85.97,256.36,87.44,52.89073300987563
2025-10-19 08:47:36.830141,21.76,79.53,294.01,144.2,53.650682823509044
2025-10-19 08:47:37.830141,22.18,93.56,293.82,92.04,53.12321475397769
2025-10-19 08:47:38.830140,50.53,87.15,212.19,11.93,51.92295502582739
2025-10-19 08:47:39.830140,18.35,36.27,254.03,112.09,53.1948844663462
2025-10-19 08:47:40.830139,25.65,54.47,145.08,60.93,52.089999292214905
2025-10-19 08:47:41.830139,55.43,52.43,282.73,71.55,52.93062991242699
2025-10-19 08:47:42.830139,68.33,79.91,149.73,73.64,52.19767669030812
2025-10-19 08:47:43.830138,79.4,96.45,280.41,30.77,52.454627326321116
2025-10-19 08:47:44.830138,85.17,78.17,205.72,76.66,52.52847303659532
2025-10-19 08:47:45.830137,62.42,37.52,170.06,23.79,51.89088274614084
2025-10-19 08:47:46.830137,48.74,63.58,188.45,145.32,53.123176695803984
2025-10-19 08:47:47.830136,70.05,50.91,273.93,40.79,52.58861220593915
2025-10-19 08:47:48.830136,18.0,48.55,140.63,81.18,52.2713759469859
2025-10-19 08:47:49.830135,75.58,31.12,161.06,99.43,52.58433148405022
2025-10-19 08:47:50.830135,10.99,84.46,257.01,60.9,52.63994635950568
2025-10-19 08:47:51.830134,20.85,25.18,87.17,117.35,52.37256280523908
2025-10-19 08:47:52.830134,43.91,86.33,271.91,50.59,52.61683959912159
2025-10-19 08:47:53.830134,73.03,58.56,200.58,102.11,52.77799789247536
2025-10-19 08:47:54.830133,89.1,92.31,129.31,55.97,51.898300469868886
2025-10-19 08:47:55.830133,33.67,80.48,201.34,102.85,52.754706615202686
2025-10-19 08:47:56.830132,52.03,25.54,294.26,124.18,53.54341412977323
2025-10-19 08:47:57.830132,69.2,98.29,269.51,11.18,52.20412188172382
2025-10-19 08:47:58.830131,90.64,31.62,109.47,144.26,52.741666197538095
2025-10-19 08:47:59.830131,21.71,68.78,269.83,92.63,53.039874871673106
2025-10-19 08:48:00.830130,38.96,76.68,55.97,26.26,51.244153931744926
2025-10-19 08:48:01.830130,80.97,56.38,216.48,128.75,53.12389792480673
2025-10-19 08:48:02.830129,54.97,81.91,256.26,74.26,52.7691437288868
2025-10-19 08:48:03.830129,74.93,70.58,126.85,128.57,52.62139203370439
2025-10-19 08:48:04.830128,66.16,68.74,139.57,18.83,51.631033992277054
2025-10-19 08:48:05.830128,14.38,76.12,257.83,108.45,53.11724357066746
2025-10-19 08:48:06.830127,30.75,54.69,166.66,29.79,51.90372608379891
2025-10-19 08:48:07.830127,62.12,44.23,132.3,112.39,52.535503564330405
2025-10-19 08:48:08.830127,85.14,37.95,129.15,80.76,52.22272351284651
2025-10-19 08:48:09.830126,55.88,50.41,153.96,113.6,52.65308967862923
2025-10-19 08:48:10.830126,10.47,92.32,205.38,122.14,52.94416170110877
2025-10-19 08:48:11.830125,40.57,69.28,235.85,130.94,53.228159392985525
2025-10-19 08:48:12.830125,44.91,39.18,252.26,125.11,53.30675536476097
2025-10-19 08:48:13.830123,18.4,63.28,289.51,109.77,53.3193152770438
2025-10-19 08:48:14.830123,24.07,87.88,92.28,91.88,52.05485808211617
2025-10-19 08:48:15.830122,73.82,48.37,244.07,12.65,52.161123638304524
2025-10-19 08:48:16.830122,61.53,63.89,287.61,145.58,53.65448433113354
2025-10-19 08:48:17.830121,42.3,20.07,81.08,21.38,51.42010204291018
2025-10-19 08:48:18.830121,56.93,61.71,277.6,83.6,53.00515994955165
2025-10-19 08:48:19.830120,51.54,80.05,101.22,131.36,52.49666003698036
2025-10-19 08:48:20.830120,75.98,42.56,255.7,135.04,53.4158163455305
2025-10-19 08:48:21.830119,72.07,85.47,87.77,87.33,51.99058178180113
2025-10-19 08:48:22.830119,91.5,43.06,295.24,21.46,52.52779927971753
2025-10-19 08:48:23.830118,16.3,43.78,189.19,37.35,52.11425906355713
2025-10-19 08:48:24.830118,17.42,77.52,130.81,80.74,52.16910497521691
2025-10-19 08:48:25.830118,52.2,87.04,65.79,61.91,51.624986002425224
2025-10-19 08:48:26.830117,51.2,26.58,252.81,119.13,53.27169965015962
2025-10-19 08:48:27.830117,75.36,96.32,231.04,11.38,52.003817280699714
2025-10-19 08:48:28.830116,56.59,79.46,281.1,102.4,53.17769185895264
2025-10-19 08:48:29.830116,81.33,74.13,291.41,44.87,52.684816860976134
2025-10-19 08:48:30.830115,42.57,97.88,68.5,120.89,52.19270515113215
2025-10-19 08:48:31.830115,50.31,44.21,129.53,46.39,51.8825517413665
2025-10-19 08:48:32.830114,60.42,35.79,272.01,142.73,53.58788957433882
2025-10-19 08:48:33.830114,40.64,23.6,122.75,128.32,52.671039694270796
2025-10-19 08:48:34.830113,46.22,74.48,199.67,32.55,52.075459533599556
2025-10-19 08:48:35.830113,94.8,44.26,262.84,15.94,52.2995939490166
2025-10-19 08:48:36.830112,44.37,83.76,183.57,113.83,52.76086657292849
2025-10-19 08:48:37.830112,93.61,55.77,151.65,117.88,52.67370890474704
2025-10-19 08:48:38.830112,88.37,82.29,228.65,134.21,53.20086956524495
2025-10-19 08:48:39.830111,58.4,74.49,75.35,33.13,51.417475417254586
2025-10-19 08:48:40.830111,36.01,32.59,180.3,112.63,52.81235362142926
2025-10-19 08:48:41.830110,73.35,81.79,88.98,106.14,52.18471932191599
2025-10-19 08:48:42.830110,63.6,36.58,151.9,64.08,52.18502149759546
2025-10-19 08:48:43.830109,80.13,89.81,83.87,144.25,52.51333094811989
2025-10-19 08:48:44.830109,63.89,57.4,261.16,139.82,53.467821843393274
2025-10-19 08:48:45.830108,75.46,85.88,175.37,105.25,52.63079508059597
2025-10-19 08:48:46.830108,36.93,98.7,64.27,10.94,51.10565628812533
2025-10-19 08:48:47.830107,42.02,64.77,255.43,145.34,53.47901282446267
2025-10-19 08:48:48.830107,60.33,41.4,66.51,74.8,51.82531131986074
2025-10-19 08:48:49.830106,59.71,33.75,79.68,53.02,51.69704441764328
2025-10-19 08:48:50.830106,77.55,88.85,92.55,75.3,51.89444933145556
2025-10-19 08:48:51.830105,77.0,86.47,143.01,110.67,52.50954958904859
2025-10-19 08:48:52.830105,76.61,67.89,274.6,115.24,53.28536754978078
2025-10-19 08:48:53.830104,71.72,36.56,104.72,53.74,51.83323824579279
2025-10-19 08:48:54.830104,49.4,43.2,110.26,92.61,52.22821700877707
2025-10-19 08:48:55.830104,61.19,85.94,99.32,69.25,51.8766642662476
2025-10-19 08:48:56.830103,86.94,67.02,71.06,14.27,51.22396522307704
2025-10-19 08:48:57.830103,74.85,59.21,72.97,60.23,51.69087145064246
2025-10-19 08:48:58.830102,61.32,80.49,282.39,78.73,52.95407513084006
2025-10-19 08:48:59.830102,25.12,53.02,103.86,62.65,51.88889553190167
2025-10-19 08:49:00.830101,66.42,32.1,102.88,24.59,51.548566497581504
2025-10-19 08:49:01.830101,12.01,26.42,262.69,34.48,52.5061501957407
2025-10-19 08:49:02.830100,60.41,70.2,231.34,148.26,53.37011707877181
2025-10-19 08:49:03.830100,36.72,46.09,88.01,35.77,51.55528136961028
2025-10-19 08:49:04.830099,66.6,29.05,260.95,131.29,53.42884334473221
2025-10-19 08:49:05.830099,53.87,37.63,181.64,120.84,52.89096076456839
2025-10-19 08:49:06.830099,57.4,97.67,212.14,128.8,53.03622297021399
2025-10-19 08:49:07.830098,23.51,40.38,163.59,13.17,51.74915446374889
2025-10-19 08:49:08.830098,35.51,28.94,51.71,125.25,52.25376159159297
2025-10-19 08:49:09.830097,69.09,72.89,145.76,128.13,52.71443627834961
2025-10-19 08:49:10.830097,23.47,89.17,259.78,140.6,53.41799026585426
2025-10-19 08:49:11.830096,47.24,75.1,196.56,32.36,52.05604628341373
2025-10-19 08:49:12.830096,30.67,37.68,282.89,141.8,53.633995450216105
2025-10-19 08:49:13.830095,44.69,81.17,275.68,13.43,52.285759885786526
2025-10-19 08:49:14.830095,39.21,51.45,236.82,19.34,52.182267627173324
2025-10-19 08:49:15.830094,80.98,31.07,245.43,113.29,53.1687693911819
2025-10-19 08:49:16.830094,34.02,23.18,195.53,133.21,53.10745971695883
2025-10-19 08:49:17.830094,48.51,69.27,67.41,55.94,51.60387617322466
2025-10-19 08:49:18.830093,33.99,53.34,233.67,122.23,53.15739106855955
2025-10-19 08:49:19.830093,67.47,49.27,153.83,128.54,52.798655037432205
2025-10-19 08:49:20.830092,61.24,21.89,152.24,134.39,52.889833548851215
2025-10-19 08:49:21.830092,31.02,22.06,208.84,51.01,52.38542018928636
2025-10-19 08:49:22.830091,42.33,79.76,284.12,113.24,53.29815853495671
2025-10-19 08:49:23.830091,22.41,30.24,207.83,28.49,52.1493924351162
2025-10-19 08:49:24.830090,94.44,94.07,214.4,53.62,52.32698713372407
2025-10-19 08:49:25.830090,60.23,64.25,157.68,84.94,52.37402806714521
2025-10-19 08:49:26.830089,56.23,60.79,220.79,145.64,53.30328225898135
2025-10-19 08:49:27.830089,30.12,39.85,248.21,87.51,52.9205037833709
2025-10-19 08:49:28.830089,68.89,73.1,237.06,66.57,52.60616857903809
2025-10-19 08:49:29.830088,24.19,68.85,213.35,41.35,52.24243363922458
2025-10-19 08:49:30.830088,61.83,66.79,184.16,110.61,52.75959129705593
2025-10-19 08:49:31.830087,20.6,62.59,155.7,131.97,52.820836892383674
2025-10-19 08:49:32.830087,59.14,65.35,108.53,56.01,51.830207586588024
2025-10-19 08:49:33.830086,32.4,73.31,133.66,108.55,52.45985751758412
2025-10-19 08:49:34.830086,10.24,84.32,230.72,79.14,52.676214604248905
2025-10-19 08:49:35.830085,87.68,64.7,203.28,64.42,52.41829506510838
2025-10-19 08:49:36.830085,89.07,86.36,147.46,36.39,51.81521243115757
2025-10-19 08:49:37.830084,50.35,79.84,160.48,117.6,52.68024517760013
2025-10-19 08:49:38.830084,78.45,36.62,158.34,128.54,52.84263973186679
2025-10-19 08:49:39.830083,12.15,40.36,264.83,130.83,53.42730273961
2025-10-19 08:49:40.830083,69.73,55.72,182.92,16.65,51.861835584089356
2025-10-19 08:49:41.830083,87.72,62.26,219.22,27.85,52.15359821941969
2025-10-19 08:49:42.830082,28.81,58.51,69.41,32.74,51.407152115270314
2025-10-19 08:49:43.830082,43.95,61.92,297.64,60.01,52.88368848365161
2025-10-19 08:49:44.830081,24.59,57.39,156.92,61.81,52.15711012592533
2025-10-19 08:49:45.830081,78.87,93.6,138.05,38.45,51.773508437116426
2025-10-19 08:49:46.830080,28.88,55.31,116.44,36.73,51.70180081564268
2025-10-19 08:49:47.830080,33.88,34.97,207.78,26.97,52.12698234431766
2025-10-19 08:49:48.830079,87.52,35.98,92.05,145.17,52.65062080089391
2025-10-19 08:49:49.830079,59.77,92.38,226.53,71.31,52.565449412832294
2025-10-19 08:49:50.830078,41.89,87.98,173.39,31.13,51.90020529526579
2025-10-19 08:49:51.830078,35.4,83.27,147.38,105.22,52.48521243940793
2025-10-19 08:49:52.830077,21.28,86.57,84.13,51.18,51.61986280746894
2025-10-19 08:49:53.830077,69.6,37.43,297.79,62.88,52.950789860764395
2025-10-19 08:49:54.830077,53.67,48.69,89.19,87.22,52.05499159426636
2025-10-19 08:49:55.830076,81.8,56.56,232.45,140.04,53.318027419868095
2025-10-19 08:49:56.830076,55.26,38.53,96.31,117.54,52.40217244116001
2025-10-19 08:49:57.830075,38.49,26.56,244.45,128.16,53.314425459827945
2025-10-19 08:49:58.830075,62.8,48.45,280.57,40.54,52.62550898566511
2025-10-19 08:49:59.830074,53.27,24.65,198.46,64.85,52.459766738622065
2025-10-19 08:50:00.830074,81.98,47.77,95.48,42.91,51.66155061969112
2025-10-19 08:50:01.830073,66.26,75.79,73.96,123.33,52.28021374923996
2025-10-19 08:50:02.830073,55.01,45.41,161.9,55.0,52.13669846352398
2025-10-19 08:50:03.830072,62.51,33.54,123.98,26.88,51.68106782273721
2025-10-19 08:50:04.830072,32.28,43.99,132.45,85.27,52.27444062254169
2025-10-19 08:50:05.830071,94.46,94.91,130.83,92.17,52.252363076750655
2025-10-19 08:50:06.830071,47.41,74.26,252.5,91.87,52.93139857024933
2025-10-19 08:50:07.830070,52.37,45.0,144.66,142.59,52.89228884196771
2025-10-19 08:50:08.830070,60.06,33.07,192.35,122.3,52.96942244529814
2025-10-19 08:50:09.830069,27.91,62.75,167.6,24.1,51.8410361294457
2025-10-19 08:50:10.830069,11.87,63.44,163.56,54.92,52.116405047760075
2025-10-19 08:50:11.830068,11.2,42.89,298.16,135.59,53.647251886659454
2025-10-19 08:50:12.830068,41.38,48.55,208.51,105.4,52.86789503301306
2025-10-19 08:50:13.830067,57.89,67.12,143.91,10.96,51.58064910094867
2025-10-19 08:50:14.830067,94.78,86.4,189.86,39.21,52.06873433498953
2025-10-19 08:50:15.830067,41.69,29.48,113.63,130.25,52.631767287079384
2025-10-19 08:50:16.830066,32.17,90.78,110.47,18.55,51.4383085060622
2025-10-19 08:50:17.830066,80.63,84.69,172.88,147.17,53.02472989700705
2025-10-19 08:50:18.830065,63.92,64.23,125.41,43.26,51.79878183455082
2025-10-19 08:50:19.830064,42.87,97.62,165.62,31.81,51.850133159262114
2025-10-19 08:50:20.830064,31.56,54.13,231.54,118.82,53.111804798654006
2025-10-19 08:50:21.830064,84.86,61.11,107.22,65.44,51.92107424600722
2025-10-19 08:50:22.830063,70.99,66.77,61.56,109.39,52.09342976214829
2025-10-19 08:50:23.830063,49.5,95.44,147.57,119.7,52.60708703064386
2025-10-19 08:50:24.830062,71.93,22.71,61.63,110.64,52.175243666062094
2025-10-19 08:50:25.830062,44.22,93.78,147.05,20.63,51.64895050274608
2025-10-19 08:50:26.830061,57.54,91.72,148.9,32.74,51.77916739087803
2025-10-19 08:50:27.830061,19.36,53.94,51.19,78.02,51.75493609127447
2025-10-19 08:50:28.830060,67.29,40.31,236.68,39.12,52.390321419886895
2025-10-19 08:50:29.830060,36.92,58.41,96.73,104.53,52.247319530706605
2025-10-19 08:50:30.830059,28.42,70.96,62.12,121.24,52.20440907765356
2025-10-19 08:50:31.830059,44.55,93.3,78.05,52.62,51.590740769867466
2025-10-19 08:50:32.830058,57.25,41.16,292.06,77.57,53.05638127341639
2025-10-19 08:50:33.830058,28.66,20.48,189.32,55.56,52.32771324267168
2025-10-19 08:50:34.830057,23.4,91.63,244.97,54.64,52.503862899463115
2025-10-19 08:50:35.830057,57.65,48.03,149.65,44.99,51.97039482959647
2025-10-19 08:50:36.830057,19.05,50.7,158.23,21.94,51.78910330913687
2025-10-19 08:50:37.830056,58.67,53.86,149.23,86.54,52.36075088969573
2025-10-19 08:50:38.830056,59.65,81.15,259.47,101.74,53.05319632066554
2025-10-19 08:50:39.830055,28.47,43.7,186.63,73.46,52.44989227096647
2025-10-19 08:50:40.830055,82.25,81.75,264.99,112.24,53.18324721896305
2025-10-19 08:50:41.830054,56.51,61.84,253.04,66.64,52.70986506146565
2025-10-19 08:50:42.830054,91.2,21.87,246.08,25.98,52.34246162667739
2025-10-19 08:50:43.830053,87.87,29.94,91.06,127.77,52.486591659771875
2025-10-19 08:50:44.830053,87.82,22.25,59.26,93.25,51.995161995498776
2025-10-19 08:50:45.830052,71.5,85.33,52.17,149.24,52.39943084539533
2025-10-19 08:50:46.830052,13.92,77.11,54.62,28.46,51.25754452302067
2025-10-19 08:50:47.830051,45.87,26.44,180.84,93.1,52.636067842969204
2025-10-19 08:50:48.830051,83.96,90.87,261.83,67.91,52.72336846286773
2025-10-19 08:50:49.830050,65.98,94.11,153.14,134.31,52.78018508239565
2025-10-19 08:50:50.830050,56.48,96.96,78.96,41.1,51.47844240247519
2025-10-19 08:50:51.830050,74.33,30.64,129.71,88.01,52.30732407735288
2025-10-19 08:50:52.830049,85.07,42.81,285.9,70.66,52.954086742174596
2025-10-19 08:50:53.830049,64.72,79.93,68.59,117.81,52.19165738412575
2025-10-19 08:50:54.830048,21.72,32.42,114.12,138.94,52.71378439770046
2025-10-19 08:50:55.830048,11.12,44.97,68.92,98.58,52.062500333761186
2025-10-19 08:50:56.830047,83.39,76.47,108.71,88.41,52.126961996300416
2025-10-19 08:50:57.830047,35.54,20.96,289.43,125.38,53.53644608056303
2025-10-19 08:50:58.830046,61.43,56.98,272.28,73.72,52.8886726521907
2025-10-19 08:50:59.830046,63.79,51.46,140.34,16.2,51.63691255634035
2025-10-19 08:51:00.830045,66.78,48.67,133.75,99.7,52.41354624974076
2025-10-19 08:51:01.830045,32.46,27.24,94.32,17.79,51.444772412647595
2025-10-19 08:51:02.830045,87.49,61.17,224.02,98.13,52.8605188572572
2025-10-19 08:51:03.830044,86.77,56.31,199.67,86.21,52.62293456757806
2025-10-19 08:51:04.830044,35.42,30.99,202.93,131.58,53.118903351493636
2025-10-19 08:51:05.830043,76.61,74.85,92.0,83.3,51.99090783014927
2025-10-19 08:51:06.830043,90.78,63.94,51.35,45.33,51.42394808383874
2025-10-19 08:51:07.830042,12.07,37.64,112.1,142.05,52.72485840116362
2025-10-19 08:51:08.830042,81.04,89.34,70.54,15.79,51.20075446762757
2025-10-19 08:51:09.830041,13.05,66.27,231.45,50.38,52.43042329599602
2025-10-19 08:51:10.830041,50.97,23.79,176.84,52.16,52.223012343750135
2025-10-19 08:51:11.830040,79.71,57.46,53.59,106.26,52.035277145836254
2025-10-19 08:51:12.830040,94.98,71.42,269.87,147.64,53.56786122551533
2025-10-19 08:51:13.830039,18.94,66.77,263.26,105.83,53.135609971425495
2025-10-19 08:51:14.830039,75.39,63.37,212.23,110.79,52.91654299600523
2025-10-19 08:51:15.830038,26.19,49.54,231.22,147.01,53.38990960415992
2025-10-19 08:51:16.830038,86.07,28.59,287.12,21.69,52.5094582577407
2025-10-19 08:51:17.830038,80.12,63.26,264.65,138.38,53.46330192037494
2025-10-19 08:51:18.830037,57.04,67.82,161.37,82.66,52.366057756866795
2025-10-19 08:51:19.830037,85.4,21.37,212.65,139.7,53.2644454939559
2025-10-19 08:51:20.830036,64.86,85.38,128.96,84.76,52.18573025171451
2025-10-19 08:51:21.830036,12.94,33.92,237.77,141.82,53.39927250098063
2025-10-19 08:51:22.830035,92.78,97.39,59.52,97.28,51.91724350111107
2025-10-19 08:51:23.830035,17.22,98.6,197.34,51.83,52.21148760044057
2025-10-19 08:51:24.830034,53.08,23.0,203.91,114.08,52.96749183779871
2025-10-19 08:51:25.830034,64.35,35.04,259.96,47.07,52.599751096665166
2025-10-19 08:51:26.830033,88.71,56.52,91.81,91.84,52.101325193065676
2025-10-19 08:51:27.830033,46.55,83.31,299.03,132.48,53.55819938122132
2025-10-19 08:51:28.830033,52.39,48.37,232.45,38.8,52.35196192031274
2025-10-19 08:51:29.830032,69.52,74.94,183.27,105.93,52.69675813911368
2025-10-19 08:51:30.830032,41.15,33.41,131.9,16.37,51.62191844903055
2025-10-19 08:51:31.830031,90.24,80.45,257.12,75.79,52.79082683001895
2025-10-19 08:51:32.830031,83.29,98.84,208.2,134.84,53.07175575971163
2025-10-19 08:51:33.830030,11.35,84.65,169.98,136.74,52.90845904633548
2025-10-19 08:51:34.830030,20.66,21.68,285.81,138.62,53.64401684760917
2025-10-19 08:51:35.830029,24.46,66.49,183.15,52.08,52.188706888651595
2025-10-19 08:51:36.830029,81.64,66.69,88.84,60.96,51.77086484411407
2025-10-19 08:51:37.830028,27.06,90.8,202.0,138.19,53.08371116774907
2025-10-19 08:51:38.830028,34.0,85.02,129.39,122.21,52.55072112685227
2025-10-19 08:51:39.830028,82.44,36.99,193.97,105.41,52.80857844310503
2025-10-19 08:51:40.830027,22.66,66.72,123.17,32.29,51.676829835894374
2025-10-19 08:51:41.830027,47.12,57.13,163.36,101.38,52.57452257151215
2025-10-19 08:51:42.830026,80.26,26.2,296.42,116.81,53.482639130464186
2025-10-19 08:51:43.830026,39.36,79.15,251.47,74.21,52.747437308803256
2025-10-19 08:51:44.830025,41.23,57.94,180.24,107.44,52.72194531229523
2025-10-19 08:51:45.830025,59.93,25.94,97.93,73.33,52.00314090972084
2025-10-19 08:51:46.830024,29.11,37.93,62.25,47.38,51.54289265797184
2025-10-19 08:51:47.830024,93.84,39.94,228.08,147.73,53.395222537930444
2025-10-19 08:51:48.830023,61.05,20.24,238.25,124.08,53.2518278561753
2025-10-19 08:51:49.830023,34.2,37.4,152.16,32.03,51.87520573392408
2025-10-19 08:51:50.830023,87.15,76.35,200.82,144.48,53.16098014401731
2025-10-19 08:51:51.830022,89.6,90.8,114.26,32.48,51.593205181343926
2025-10-19 08:51:52.830022,16.61,44.06,252.42,39.62,52.473268147714684
2025-10-19 08:51:53.830021,78.61,64.17,57.17,123.19,52.20753143811146
2025-10-19 08:51:54.830021,46.29,98.52,280.44,77.95,52.90774402789076
2025-10-19 08:51:55.830020,35.64,88.54,107.49,108.69,52.297551973348924
2025-10-19 08:51:56.830020,30.74,63.69,117.41,74.96,52.06345905801619
2025-10-19 08:51:57.830019,74.56,37.4,61.76,34.99,51.42130428994795
2025-10-19 08:51:58.830019,42.28,36.65,195.4,84.77,52.6171645419825
2025-10-19 08:51:59.830018,10.32,69.04,163.03,111.61,52.652934756359556
2025-10-19 08:52:00.830018,67.06,53.4,269.85,89.94,53.03817929905123
2025-10-19 08:52:01.830018,51.79,93.38,162.18,16.38,51.68924270450847
2025-10-19 08:52:02.830017,11.25,64.21,116.36,99.39,52.293265972618215
2025-10-19 08:52:03.830017,67.65,83.09,80.59,51.4,51.60857258613518
2025-10-19 08:52:04.830016,54.94,70.18,296.36,34.37,52.61592427819917
2025-10-19 08:52:05.830016,23.6,22.76,232.31,61.33,52.60938397824232
2025-10-19 08:52:06.830015,70.91,20.69,272.01,19.4,52.419097905002694
2025-10-19 08:52:07.830015,48.57,50.11,288.78,119.11,53.4264638803872
2025-10-19 08:52:08.830014,52.46,30.58,51.68,69.21,51.70913187079693
2025-10-19 08:52:09.830014,79.64,58.12,190.14,40.26,52.12489650921947
2025-10-19 08:52:10.830013,24.29,47.72,248.92,116.9,53.196097153466305
2025-10-19 08:52:11.830013,94.94,40.87,297.9,66.34,52.97941927531033
2025-10-19 08:52:12.830013,44.89,76.14,98.19,40.57,51.60873248637948
2025-10-19 08:52:13.830012,87.97,71.12,121.48,78.5,52.10771863562749
2025-10-19 08:52:14.830012,79.89,39.46,211.61,47.77,52.34148707829064
2025-10-19 08:52:15.830011,70.27,52.1,87.3,22.79,51.416519247497504
2025-10-19 08:52:16.830011,93.39,53.68,208.52,128.41,53.08237250367582
2025-10-19 08:52:17.830010,84.29,28.89,175.66,28.33,51.97825803722458
2025-10-19 08:52:18.830010,82.61,85.75,224.55,35.44,52.21846594756304
2025-10-19 08:52:19.830009,82.36,36.89,249.37,27.14,52.347596896558386
2025-10-19 08:52:20.830009,92.3,96.34,273.44,69.5,52.79210324142082
2025-10-19 08:52:21.830008,59.17,55.17,237.07,33.18,52.31157471711249
2025-10-19 08:52:22.830006,71.5,88.56,275.06,127.18,53.37074282353941
2025-10-19 08:52:23.830006,23.68,43.12,219.7,132.99,53.2029566147019
2025-10-19 08:52:24.830005,59.26,36.98,200.98,116.3,52.951313789578755
2025-10-19 08:52:25.830005,29.24,69.56,293.74,44.56,52.701449455976494
2025-10-19 08:52:26.830004,30.15,45.64,197.05,111.93,52.87444899729356
2025-10-19 08:52:27.830004,59.25,79.74,274.46,71.02,52.838374973232966
2025-10-19 08:52:28.830004,87.29,88.14,291.49,37.25,52.58950839904605
2025-10-19 08:52:29.830003,83.44,49.94,176.46,64.62,52.30030635596411
2025-10-19 08:52:30.830003,55.59,74.68,251.99,54.51,52.56675650930183
2025-10-19 08:52:31.830002,47.76,50.84,236.39,57.33,52.54828325804266
2025-10-19 08:52:32.830002,43.52,35.88,52.3,145.89,52.44556873674102
2025-10-19 08:52:33.830001,34.67,78.04,123.53,90.88,52.227478784593366
2025-10-19 08:52:34.830001,86.94,86.01,208.21,126.13,53.007781557411285
2025-10-19 08:52:35.830000,18.19,29.93,223.88,104.42,52.96976749661557
2025-10-19 08:52:36.830000,63.71,46.28,288.9,14.92,52.4256504702016
2025-10-19 08:52:37.829999,13.62,27.59,129.77,55.31,51.99624712111536
2025-10-19 08:52:38.829999,32.31,20.95,80.9,43.22,51.62894161443935
2025-10-19 08:52:39.829999,15.72,47.28,243.82,88.54,52.89533596908985
2025-10-19 08:52:40.829998,48.13,86.12,261.93,71.55,52.766576611143755
2025-10-19 08:52:41.829998,14.36,72.53,165.33,16.49,51.73993916765773
2025-10-19 08:52:42.829997,63.96,51.16,156.04,146.91,52.98510804823027
2025-10-19 08:52:43.829997,85.98,62.01,154.21,37.71,51.90233395310339
2025-10-19 08:52:44.829996,69.08,58.9,54.55,128.67,52.254831874804864
2025-10-19 08:52:45.829996,17.14,82.81,142.39,115.83,52.561896794222186
2025-10-19 08:52:46.829995,67.63,98.31,86.91,33.24,51.44274816319838
2025-10-19 08:52:47.829995,50.83,53.25,117.11,140.3,52.71010700367768
2025-10-19 08:52:48.829994,75.22,41.48,135.53,39.08,51.84818957340762
2025-10-19 08:52:49.829994,21.86,46.02,265.39,50.6,52.64558526192532
2025-10-19 08:52:50.829994,22.85,70.69,76.8,87.86,51.96041731360205
2025-10-19 08:52:51.829993,27.65,56.81,270.93,148.95,53.60918344936581
2025-10-19 08:52:52.829993,29.44,20.48,161.34,124.0,52.840157763180535
2025-10-19 08:52:53.829992,83.46,92.2,252.59,108.54,53.064833627279405
2025-10-19 08:52:54.829992,76.41,46.07,100.03,108.8,52.325647185380035
2025-10-19 08:52:55.829991,17.01,56.97,193.48,131.84,53.030082523672945
2025-10-19 08:52:56.829991,62.77,72.23,88.71,65.04,51.80090288501085
2025-10-19 08:52:57.829990,22.36,47.64,55.05,90.52,51.90632685228294
2025-10-19 08:52:58.829990,44.58,65.84,64.09,36.84,51.40686356887794
2025-10-19 08:52:59.829989,57.52,63.31,221.65,70.42,52.57655366304673
2025-10-19 08:53:00.829989,75.16,62.81,163.69,109.44,52.64528083716434
2025-10-19 08:53:01.829988,69.52,73.42,172.52,19.42,51.80524808730019
2025-10-19 08:53:02.829988,78.66,61.06,86.16,26.66,51.4337523377122
2025-10-19 08:53:03.829988,61.81,41.56,219.8,58.17,52.48246144484814
2025-10-19 08:53:04.829987,59.78,26.25,199.19,120.84,53.00254936999189
2025-10-19 08:53:05.829987,10.02,29.69,144.22,130.06,52.79287824389017
2025-10-19 08:53:06.829986,25.26,98.06,163.38,83.44,52.33672913180917
2025-10-19 08:53:07.829986,21.91,42.74,281.87,65.58,52.88356428518467
2025-10-19 08:53:08.829985,14.35,74.57,70.91,108.95,52.126804460441974
2025-10-19 08:53:09.829985,83.51,88.11,256.04,46.97,52.494325051644815
2025-10-19 08:53:10.829984,19.66,41.09,254.76,114.28,53.21237054172026
2025-10-19 08:53:11.829984,10.45,98.59,165.31,29.77,51.82722552666763
2025-10-19 08:53:12.829983,73.24,53.72,249.54,144.99,53.46158306458189
2025-10-19 08:53:13.829983,10.82,48.57,246.85,47.05,52.50828403476969
2025-10-19 08:53:14.829983,52.27,21.01,171.02,40.81,52.08657238913072
2025-10-19 08:53:15.829982,59.09,36.54,191.63,15.65,51.928847373037115
2025-10-19 08:53:16.829982,16.49,71.04,117.09,108.21,52.3716980738517
2025-10-19 08:53:17.829981,53.35,44.96,67.33,62.5,51.705147629974185
2025-10-19 08:53:18.829981,29.78,56.79,93.75,92.64,52.11899097280729
2025-10-19 08:53:19.829980,34.43,86.24,171.47,97.02,52.52983022094767
2025-10-19 08:53:20.829980,83.21,66.54,135.2,65.26,52.06013402497307
2025-10-19 08:53:21.829979,66.14,85.71,90.25,57.17,51.711804229970234
2025-10-19 08:53:22.829979,62.42,97.18,238.67,75.45,52.66272541861156
2025-10-19 08:53:23.829978,26.54,69.03,257.57,66.04,52.71692531285379
2025-10-19 08:53:24.829978,34.33,97.05,118.79,135.55,52.60419941145266
2025-10-19 08:53:25.829977,83.41,47.34,73.84,42.12,51.539081660274874
2025-10-19 08:53:26.829977,18.65,47.89,278.44,36.16,52.57266812303627
2025-10-19 08:53:27.829977,66.26,46.64,237.56,67.82,52.66257417649144
2025-10-19 08:53:28.829976,48.74,80.87,242.89,20.87,52.1831528467128
2025-10-19 08:53:29.829976,44.62,71.77,56.29,113.62,52.098332720149564
2025-10-19 08:53:30.829975,54.33,75.59,89.7,120.39,52.33611436924881
2025-10-19 08:53:31.829975,24.93,59.99,98.12,122.0,52.42118092678359
2025-10-19 08:53:32.829974,58.94,88.07,282.97,109.26,53.240454504545994
2025-10-19 08:53:33.829974,78.73,59.12,191.85,82.1,52.53702869039733
2025-10-19 08:53:34.829973,25.73,54.34,174.38,67.3,52.30819287470937
2025-10-19 08:53:35.829973,35.05,80.69,210.92,63.44,52.424429189752935
2025-10-19 08:53:36.829972,11.47,55.8,129.84,132.63,52.69987509851284
2025-10-19 08:53:37.829972,29.26,25.31,84.03,63.78,51.837593900714744
2025-10-19 08:53:38.829972,21.93,23.33,178.0,131.9,53.00098732060528
2025-10-19 08:53:39.829971,10.35,26.62,270.59,26.88,52.474513358926785
2025-10-19 08:53:40.829971,53.8,32.9,144.28,103.12,52.52764493860898
2025-10-19 08:53:41.829970,93.55,94.61,295.88,90.74,53.11998698291665
2025-10-19 08:53:42.829970,44.38,47.25,145.39,30.95,51.81312208230078
2025-10-19 08:53:43.829969,58.9,60.52,54.99,116.01,52.132212478304815
2025-10-19 08:53:44.829969,66.5,20.06,66.19,112.19,52.218742603666605
2025-10-19 08:53:45.829968,32.53,26.3,257.71,93.84,53.05374900379813
2025-10-19 08:53:46.829968,81.17,87.42,281.97,142.08,53.553498459284725
2025-10-19 08:53:47.829967,68.61,74.17,82.17,102.52,52.1253600788308
2025-10-19 08:53:48.829967,74.86,42.51,271.18,12.78,52.31630842087835
2025-10-19 08:53:49.829966,86.92,57.78,134.37,11.19,51.54665367485261
2025-10-19 08:53:50.829966,55.32,38.34,237.53,42.49,52.43054610324499
2025-10-19 08:53:51.829966,46.62,86.97,87.64,48.94,51.61630828415017
2025-10-19 08:53:52.829965,60.09,72.85,142.64,74.93,52.18341949416411
2025-10-19 08:53:53.829965,57.05,25.74,103.47,125.5,52.537492827641564
2025-10-19 08:53:54.829964,13.4,96.28,61.08,48.22,51.45292359131786
2025-10-19 08:53:55.829964,46.24,61.03,262.06,27.0,52.3759800715823
2025-10-19 08:53:56.829963,50.4,52.16,277.23,103.51,53.210740380152096
2025-10-19 08:53:57.829963,33.03,34.76,253.78,47.37,52.5701060504718
2025-10-19 08:53:58.829962,88.29,49.88,118.74,46.21,51.81429301294175
2025-10-19 08:53:59.829962,12.07,52.9,92.64,39.41,51.60447291713434
2025-10-19 08:54:00.829961,34.17,78.49,203.12,99.02,52.73030519414401
2025-10-19 08:54:01.829961,81.6,87.64,130.82,117.73,52.510909817287384
2025-10-19 08:54:02.829961,35.64,37.01,285.71,121.98,53.45844945145496
2025-10-19 08:54:03.829960,48.31,70.67,87.75,35.06,51.5083376656224
2025-10-19 08:54:04.829960,31.22,86.42,132.32,85.29,52.20715265797976
2025-10-19 08:54:05.829959,55.17,71.97,66.44,66.76,51.699074478563396
2025-10-19 08:54:06.829959,38.26,21.63,189.97,36.45,52.14458521113135
2025-10-19 08:54:07.829958,82.9,42.02,214.08,77.69,52.63995790850588
2025-10-19 08:54:08.829958,83.66,28.71,260.41,37.31,52.51774090574044
2025-10-19 08:54:09.829957,40.64,23.8,293.97,107.44,53.38273485663884
2025-10-19 08:54:10.829957,48.61,91.8,124.76,103.28,52.332288866897926
2025-10-19 08:54:11.829956,27.55,54.42,124.16,28.9,51.66869490616701
2025-10-19 08:54:12.829956,76.93,39.05,132.6,86.61,52.29597449150153
2025-10-19 08:54:13.829956,89.33,46.39,278.02,52.85,52.73417414240316
2025-10-19 08:54:14.829955,17.84,52.08,253.27,140.3,53.43872322785577
2025-10-19 08:54:15.829955,31.64,96.28,89.23,125.07,52.346292365077005
2025-10-19 08:54:16.829954,20.28,86.72,237.98,148.05,53.37752494277558
2025-10-19 08:54:17.829954,85.54,38.2,203.63,56.36,52.38393837921343
2025-10-19 08:54:18.829953,78.82,73.14,141.25,81.51,52.23917008882914
2025-10-19 08:54:19.829953,51.28,60.76,240.51,77.67,52.751340705815785
2025-10-19 08:54:20.829952,41.77,82.62,76.92,127.58,52.32635843497725
2025-10-19 08:54:21.829952,13.05,38.15,88.8,58.29,51.789757065591196
2025-10-19 08:54:22.829951,18.72,72.37,134.29,42.72,51.82814568897224
2025-10-19 08:54:23.829951,32.85,91.04,189.54,43.66,52.10275265497472
2025-10-19 08:54:24.829950,32.57,76.01,116.99,64.29,51.9386494519986
2025-10-19 08:54:25.829950,30.16,85.84,161.68,90.79,52.41796221743152
2025-10-19 08:54:26.829949,16.51,89.42,221.55,32.56,52.168827545220644
2025-10-19 08:54:27.829949,64.18,45.56,260.98,123.22,53.32498149443272
2025-10-19 08:54:28.829949,52.49,71.51,230.49,100.41,52.90082449597616
2025-10-19 08:54:29.829948,71.73,72.8,284.3,39.12,52.593359080373105
2025-10-19 08:54:30.829948,56.3,64.04,113.33,57.07,51.868140180228096
2025-10-19 08:54:31.829947,13.6,41.63,255.87,45.04,52.54791760954133
2025-10-19 08:54:32.829947,67.03,29.64,153.74,122.16,52.767381017354225
2025-10-19 08:54:33.829946,21.66,91.92,105.15,86.47,52.0648815423139
2025-10-19 08:54:34.829946,66.01,66.0,147.18,20.6,51.693081757989994
2025-10-19 08:54:35.829945,43.23,91.13,150.06,68.02,52.12743360861484
2025-10-19 08:54:36.829945,45.02,55.41,182.84,19.92,51.89351634184566
2025-10-19 08:54:37.829944,71.45,79.96,247.01,82.4,52.8015509658476
2025-10-19 08:54:38.829944,11.98,90.19,227.8,62.15,52.48710127798279
2025-10-19 08:54:39.829943,90.49,96.15,105.8,97.7,52.17028309049067
2025-10-19 08:54:40.829943,78.97,68.33,244.76,111.49,53.08913820348209
2025-10-19 08:54:41.829942,24.17,61.81,189.31,31.23,52.027340877480235
2025-10-19 08:54:42.829942,58.67,73.37,244.72,49.8,52.484469676781934
2025-10-19 08:54:43.829942,13.33,86.1,130.88,14.13,51.51187664880606
2025-10-19 08:54:44.829941,21.66,96.53,225.3,79.82,52.634640608184284
2025-10-19 08:54:45.829941,20.3,87.2,268.11,113.19,53.20050823430748
2025-10-19 08:54:46.829940,65.29,78.88,168.18,27.59,51.852489479457134
2025-10-19 08:54:47.829940,40.57,29.13,199.38,59.98,52.41053430106993
2025-10-19 08:54:48.829939,41.44,75.23,122.18,49.87,51.828143034030404
2025-10-19 08:54:49.829939,67.83,42.78,255.56,69.06,52.776718163296906
2025-10-19 08:54:50.829938,82.95,78.5,144.52,16.84,51.62284988012417
2025-10-19 08:54:51.829938,71.57,93.58,266.62,69.37,52.758787816295005
2025-10-19 08:54:52.829937,15.56,54.72,229.0,35.25,52.28922441125241
2025-10-19 08:54:53.829937,30.1,69.48,200.1,94.51,52.68475759177354
2025-10-19 08:54:54.829936,66.86,78.59,73.54,65.94,51.71862238203849
2025-10-19 08:54:55.829936,61.94,24.12,277.17,144.82,53.65401076459816
2025-10-19 08:54:56.829935,41.81,79.91,162.87,57.64,52.113098756258424
2025-10-19 08:54:57.829935,20.55,91.48,135.28,118.92,52.54017824541834
2025-10-19 08:54:58.829935,49.34,41.99,132.16,149.68,52.898864068777115
2025-10-19 08:54:59.829934,69.02,44.94,104.49,25.43,51.54507167606715
2025-10-19 08:55:00.829934,60.73,33.89,117.86,14.71,51.53017063100418
2025-10-19 08:55:01.829933,51.46,91.98,265.38,79.48,52.85244796026979
2025-10-19 08:55:02.829933,94.15,72.73,120.94,23.66,51.572017534843454
2025-10-19 08:55:03.829932,11.13,95.19,286.29,120.01,53.350917100995055
2025-10-19 08:55:04.829932,59.23,47.02,111.19,32.92,51.649985693286425
2025-10-19 08:55:05.829931,53.8,54.65,165.21,80.17,52.383207267066815
2025-10-19 08:55:06.829931,77.52,26.43,205.01,94.07,52.774474187062125
2025-10-19 08:55:07.829930,81.19,23.48,295.49,28.95,52.632379636810604
2025-10-19 08:55:08.829930,40.4,89.54,230.28,48.49,52.36927414427449
2025-10-19 08:55:09.829929,12.69,90.23,182.69,85.69,52.47388083234774
2025-10-19 08:55:10.829929,65.94,21.8,190.94,42.91,52.21196118980545
2025-10-19 08:55:11.829928,44.66,41.78,270.46,44.95,52.624687559464874
2025-10-19 08:55:12.829928,79.52,65.35,93.59,103.81,52.21267315385249
2025-10-19 08:55:13.829928,21.09,67.12,136.8,36.22,51.78695418585776
2025-10-19 08:55:14.829927,78.62,82.21,148.55,11.14,51.58340374193683
2025-10-19 08:55:15.829927,83.86,98.38,235.22,114.0,53.01518730388084
2025-10-19 08:55:16.829926,66.19,86.99,272.8,86.46,52.9674021766243
2025-10-19 08:55:17.829926,33.78,38.9,189.97,18.83,51.947021625736895
2025-10-19 08:55:18.829925,40.66,88.53,215.27,11.79,51.93586903183338
2025-10-19 08:55:19.829925,38.68,91.4,57.4,79.92,51.74749089782497
2025-10-19 08:55:20.829924,86.67,37.99,239.5,70.01,52.707721428813784
2025-10-19 08:55:21.829924,80.44,64.9,54.36,61.83,51.59805281646812
2025-10-19 08:55:22.829923,15.67,51.44,284.19,122.52,53.43284412295395
2025-10-19 08:55:23.829923,21.93,88.52,98.8,117.71,52.338419661491976
2025-10-19 08:55:24.829922,41.57,32.96,76.62,81.54,51.95773361251052
2025-10-19 08:55:25.829922,22.45,65.17,139.21,140.8,52.81414110341962
2025-10-19 08:55:26.829922,73.67,94.52,146.46,29.48,51.730213033944715
2025-10-19 08:55:27.829921,82.81,84.93,286.34,60.64,52.79324574307824
2025-10-19 08:55:28.829921,48.52,21.17,255.37,127.22,53.372107318601714
2025-10-19 08:55:29.829920,75.13,30.37,242.68,95.35,52.981718871402826
2025-10-19 08:55:30.829920,46.68,26.19,232.69,22.34,52.22899294231262
2025-10-19 08:55:31.829919,23.85,41.95,106.92,86.66,52.15482231440268
2025-10-19 08:55:32.829919,92.96,73.12,169.64,17.01,51.76704397381596
2025-10-19 08:55:33.829918,30.19,86.41,251.75,111.71,53.10011666491775
2025-10-19 08:55:34.829918,64.75,88.31,64.88,33.37,51.34215738952436
2025-10-19 08:55:35.829917,61.46,97.74,273.53,38.56,52.49120045111352
2025-10-19 08:55:36.829917,18.39,91.77,211.2,14.08,51.93118836712706
2025-10-19 08:55:37.829916,62.77,57.37,83.79,19.42,51.35690200668216
2025-10-19 08:55:38.829916,66.67,77.89,258.56,100.18,53.03838582101585
2025-10-19 08:55:39.829915,16.2,92.67,135.87,60.42,51.97577881592727
2025-10-19 08:55:40.829915,46.56,24.03,90.05,53.53,51.77262727496975
2025-10-19 08:55:41.829914,51.84,73.99,192.59,133.9,53.01846098758451
