timestamp,cpu_load,memory_usage,disk_io,network_io,prediction
2025-10-22 00:24:16.705980,59.8,35.71,65.01,147.73,66.73383606666184
2025-10-22 00:24:17.705979,93.28,96.31,104.55,24.69,84.50995123071237
2025-10-22 00:24:18.705979,87.56,53.68,88.33,135.25,80.2670982966339
2025-10-22 00:24:19.705978,108.72,92.59,204.72,29.26,113.68943694576848
2025-10-22 00:24:20.705978,63.89,28.91,118.33,94.54,68.79047349511967
2025-10-22 00:24:21.705977,74.66,27.78,167.57,79.03,79.95277048458256
2025-10-22 00:24:22.705976,73.74,59.74,70.11,102.04,71.21666492944271
2025-10-22 00:24:23.705976,139.48,70.08,290.69,60.98,134.58590501342405
2025-10-22 00:24:24.705975,86.2,29.65,226.28,19.7,86.75198625492519
2025-10-22 00:24:25.705975,75.84,39.68,83.9,124.35,69.75519549101985
2025-10-22 00:24:26.705974,129.71,63.33,260.75,127.55,135.4372171157949
2025-10-22 00:24:27.705974,55.04,33.01,151.33,16.61,65.27335812817955
2025-10-22 00:24:28.705973,77.63,28.02,187.77,40.32,78.45148242814884
2025-10-22 00:24:29.705973,111.52,74.64,174.99,89.21,107.67814984818251
2025-10-22 00:24:30.705972,43.38,22.17,60.38,91.14,47.30588024178923
2025-10-22 00:24:31.705972,132.29,71.42,290.35,53.3,133.62742854757803
2025-10-22 00:24:32.705971,126.64,73.19,210.39,115.78,122.88510630910991
2025-10-22 00:24:33.705971,110.43,49.4,263.91,51.72,114.33115701982246
2025-10-22 00:24:34.705970,139.08,78.14,284.17,97.56,143.93577236442462
2025-10-22 00:24:35.705970,59.27,31.18,120.6,30.46,57.866780104641876
2025-10-22 00:24:36.705969,85.37,50.81,178.46,14.11,81.85232702075415
2025-10-22 00:24:37.705969,79.52,72.17,81.6,121.43,84.75448734849863
2025-10-22 00:24:38.705968,91.26,76.19,116.09,85.9,90.07752999605553
2025-10-22 00:24:39.705968,140.09,95.56,262.41,60.0,138.64474063577933
2025-10-22 00:24:40.705967,70.89,34.16,139.96,92.61,77.54286899847129
2025-10-22 00:24:41.705966,72.28,38.65,93.73,143.86,76.07637275684257
2025-10-22 00:24:42.705966,77.54,57.1,75.49,127.14,76.50450515496829
2025-10-22 00:24:43.705965,139.83,66.07,286.44,118.38,142.7140864015964
2025-10-22 00:24:44.705965,129.59,82.69,209.99,115.63,127.49280700953874
2025-10-22 00:24:45.705964,103.4,60.84,195.68,66.84,102.54214779421439
2025-10-22 00:24:46.705964,86.87,45.05,170.35,66.41,86.92864637011007
2025-10-22 00:24:47.705963,122.15,88.22,163.6,129.64,119.09320340634446
2025-10-22 00:24:48.705963,107.76,55.7,177.53,141.87,109.42895180948828
2025-10-22 00:24:49.705962,87.07,52.48,104.13,131.64,83.70124310708796
2025-10-22 00:24:50.705962,135.33,36.43,299.56,128.83,133.89456433115078
2025-10-22 00:24:51.705961,96.27,29.59,211.83,65.67,91.51695266011832
2025-10-22 00:24:52.705961,115.3,43.61,297.16,30.65,117.24368564465418
2025-10-22 00:24:53.705960,86.73,42.75,177.13,19.82,78.55109378686564
2025-10-22 00:24:54.705960,112.05,73.13,245.75,27.69,115.97400129181729
2025-10-22 00:24:55.705959,94.68,61.93,140.34,141.37,101.26195509985118
2025-10-22 00:24:56.705959,143.53,68.43,251.15,138.68,137.31690626815288
2025-10-22 00:24:57.705958,74.09,93.97,67.63,51.98,77.65862121978975
2025-10-22 00:24:58.705957,69.0,45.86,148.27,25.56,72.56833057199523
2025-10-22 00:24:59.705957,119.18,29.2,287.71,109.52,122.86865698561687
2025-10-22 00:25:00.705956,97.08,95.68,116.66,28.09,88.5135829319133
2025-10-22 00:25:01.705956,150.83,93.25,287.65,30.58,139.22998698178324
2025-10-22 00:25:02.705955,119.47,52.59,210.33,143.84,118.13023989834308
2025-10-22 00:25:03.705955,120.43,82.85,236.72,60.95,124.73992808626308
2025-10-22 00:25:04.705954,136.94,71.62,282.77,98.62,140.46002052639392
2025-10-22 00:25:05.705954,63.32,56.78,99.07,54.87,69.06554309949613
2025-10-22 00:25:06.705953,103.48,83.56,177.65,104.05,115.89692598629318
2025-10-22 00:25:07.705953,73.93,84.34,69.41,10.58,65.13799689470048
2025-10-22 00:25:08.705952,82.53,33.16,162.31,62.76,77.82929914992569
2025-10-22 00:25:09.705952,104.22,42.2,212.5,131.6,111.14529301752175
2025-10-22 00:25:10.705951,97.13,76.04,118.7,126.42,98.84568377165071
2025-10-22 00:25:11.705951,77.81,37.93,195.22,20.01,81.61683206719682
2025-10-22 00:25:12.705950,112.88,57.94,148.38,148.93,103.18573459325097
2025-10-22 00:25:13.705950,98.95,34.61,247.11,47.59,101.04871794217905
2025-10-22 00:25:14.705949,96.93,86.85,155.34,27.53,95.61585901030598
2025-10-22 00:25:15.705949,103.91,98.58,124.3,75.45,101.68267081483027
2025-10-22 00:25:16.705948,102.24,98.7,159.04,49.5,107.03284595366718
2025-10-22 00:25:17.705947,125.74,95.02,252.3,38.42,131.041376632871
2025-10-22 00:25:18.705947,65.6,59.24,72.17,89.11,69.014592411697
2025-10-22 00:25:19.705946,113.44,59.87,250.83,24.51,110.22882509077758
2025-10-22 00:25:20.705946,116.85,24.82,284.78,82.0,114.32077134592188
2025-10-22 00:25:21.705945,116.78,93.06,191.99,108.79,125.91126501718726
2025-10-22 00:25:22.705945,96.18,73.23,159.91,89.22,102.4375159884722
2025-10-22 00:25:23.705944,146.71,75.38,295.25,61.06,138.6279666530427
2025-10-22 00:25:24.705944,93.45,85.19,120.35,56.1,89.94023658649508
2025-10-22 00:25:25.705943,104.83,52.1,224.99,50.97,103.82609334605283
2025-10-22 00:25:26.705943,114.79,48.11,248.56,54.97,109.71373102515172
2025-10-22 00:25:27.705942,108.27,29.55,273.71,76.34,112.23395025276082
2025-10-22 00:25:28.705942,86.2,69.05,159.31,27.02,87.79398606861147
2025-10-22 00:25:29.705941,108.97,45.29,244.23,29.41,101.91576074819048
2025-10-22 00:25:30.705941,100.6,55.77,140.4,111.79,92.312398576503
2025-10-22 00:25:31.705940,130.04,96.7,249.67,23.9,128.20403446953387
2025-10-22 00:25:32.705940,83.32,95.29,50.66,92.91,81.35435454165813
2025-10-22 00:25:33.705939,142.94,97.66,261.15,87.35,144.75647120105398
2025-10-22 00:25:34.705939,122.06,69.73,299.5,37.86,132.46306938788646
2025-10-22 00:25:35.705938,58.66,26.01,80.42,144.22,65.81351176562372
2025-10-22 00:25:36.705938,100.99,69.61,146.71,142.25,107.19957543023489
2025-10-22 00:25:37.705937,37.02,27.15,55.82,58.57,41.95111141869699
2025-10-22 00:25:38.705936,61.14,47.06,78.88,45.86,56.332024658317636
2025-10-22 00:25:39.705936,134.83,85.44,247.12,98.22,136.57746333248187
2025-10-22 00:25:40.705935,136.23,95.17,235.73,71.87,132.78394124049808
2025-10-22 00:25:41.705935,142.08,84.98,267.37,129.89,148.73695107338776
2025-10-22 00:25:42.705934,99.46,57.13,170.86,83.93,96.61622718348508
2025-10-22 00:25:43.705934,126.05,85.45,225.61,93.85,129.24265264122067
2025-10-22 00:25:44.705933,65.37,64.7,99.73,23.09,66.91062427783763
2025-10-22 00:25:45.705933,39.9,21.05,66.51,71.04,44.59177448680585
2025-10-22 00:25:46.705932,60.12,64.88,60.15,77.96,66.00595559953311
2025-10-22 00:25:47.705932,120.37,95.64,225.31,42.56,124.05590908727442
2025-10-22 00:25:48.705931,57.15,26.35,111.01,83.69,63.148593608402805
2025-10-22 00:25:49.705931,107.12,87.91,120.22,140.7,108.08759346927346
2025-10-22 00:25:50.705930,48.65,35.18,101.25,26.59,53.27948914163934
2025-10-22 00:25:51.705930,144.1,74.68,280.26,105.64,142.6335312269282
2025-10-22 00:25:52.705929,136.98,92.36,271.71,35.0,134.86807995240747
2025-10-22 00:25:53.705929,149.91,88.17,277.7,107.81,149.05112277081076
2025-10-22 00:25:54.705928,82.58,34.46,163.29,64.49,79.11922560473303
2025-10-22 00:25:55.705928,45.45,36.62,61.82,88.07,54.36550297993343
2025-10-22 00:25:56.705927,95.61,69.96,169.49,68.71,99.60294494757353
2025-10-22 00:25:57.705927,132.82,81.3,280.98,39.96,133.1039687635357
2025-10-22 00:25:58.705926,94.63,93.56,138.53,74.14,103.18875365952715
2025-10-22 00:25:59.705925,105.88,83.48,181.29,36.69,103.55613326986972
2025-10-22 00:26:00.705925,89.97,36.56,216.4,36.06,90.49402035392502
2025-10-22 00:26:01.705924,87.37,66.6,95.47,90.14,79.9147619297117
2025-10-22 00:26:02.705924,117.2,37.84,285.7,35.98,111.96641046859432
2025-10-22 00:26:03.705923,74.98,38.24,90.96,134.98,73.27179971029683
2025-10-22 00:26:04.705923,65.35,42.98,129.99,37.02,67.90587313590554
2025-10-22 00:26:05.705922,109.99,74.07,187.16,103.41,113.8776526889509
2025-10-22 00:26:06.705922,95.97,62.04,139.24,128.87,98.50029040607397
2025-10-22 00:26:07.705921,53.05,29.08,73.45,75.47,51.582135838786115
2025-10-22 00:26:08.705921,153.32,80.0,282.13,135.41,151.78077166536684
2025-10-22 00:26:09.705920,124.18,96.03,219.28,48.31,123.58074084540652
2025-10-22 00:26:10.705920,81.05,40.14,186.93,60.75,88.33168648477272
2025-10-22 00:26:11.705919,100.05,70.86,155.83,147.91,111.69473431944368
2025-10-22 00:26:12.705919,74.36,34.02,131.26,67.65,69.89182755885815
2025-10-22 00:26:13.705918,97.14,90.88,89.47,127.29,97.6578354825154
2025-10-22 00:26:14.705918,81.72,61.4,124.34,60.36,80.07302270396626
2025-10-22 00:26:15.705917,130.49,93.03,294.71,12.37,137.62225422575963
2025-10-22 00:26:16.705916,80.65,22.55,122.34,120.42,71.95822068826077
2025-10-22 00:26:17.705916,129.09,61.14,243.0,132.07,129.89962609075943
2025-10-22 00:26:18.705915,150.84,97.61,282.92,78.12,149.44486185616705
2025-10-22 00:26:19.705915,112.05,27.09,285.57,88.97,117.08141066250352
2025-10-22 00:26:20.705914,128.96,45.16,283.47,128.95,133.45036254583502
2025-10-22 00:26:21.705914,96.82,32.69,218.18,85.95,99.01280128178398
2025-10-22 00:26:22.705913,85.37,88.97,69.64,119.76,89.2384014766686
2025-10-22 00:26:23.705913,97.84,24.48,273.36,21.69,98.72134202573409
2025-10-22 00:26:24.705912,92.32,80.53,162.07,45.3,98.00906834018821
2025-10-22 00:26:25.705912,88.67,94.35,105.53,66.1,92.0582532008129
2025-10-22 00:26:26.705911,78.2,84.59,75.37,73.55,79.57883016705465
2025-10-22 00:26:27.705911,91.66,97.05,135.91,21.45,93.6701346992807
2025-10-22 00:26:28.705910,58.26,28.01,103.67,64.16,57.88801700003585
2025-10-22 00:26:29.705910,95.02,92.25,66.88,143.89,94.849515300791
2025-10-22 00:26:30.705909,154.55,95.59,241.39,141.09,148.4625909653875
2025-10-22 00:26:31.705909,114.37,96.45,182.74,40.82,111.30938752046413
2025-10-22 00:26:32.705908,41.56,23.71,60.78,42.18,38.46091889834561
2025-10-22 00:26:33.705908,115.52,66.77,238.61,26.5,110.40418824965025
2025-10-22 00:26:34.705907,126.23,92.54,202.88,80.03,123.20739252202928
2025-10-22 00:26:35.705907,102.54,74.43,148.05,109.56,103.51568334975246
2025-10-22 00:26:36.705906,94.74,84.81,133.58,92.09,100.8871009281482
2025-10-22 00:26:37.705905,116.57,71.68,176.5,132.01,115.16148828847619
2025-10-22 00:26:38.705905,53.13,48.4,77.24,52.26,57.782532640825046
2025-10-22 00:26:39.705904,53.97,42.49,50.04,61.89,48.55527212420446
2025-10-22 00:26:40.705904,117.07,53.5,252.21,63.99,115.30499337511637
2025-10-22 00:26:41.705903,131.66,79.82,207.18,146.71,131.3909214157617
2025-10-22 00:26:42.705903,75.69,76.59,65.45,81.86,74.24060763032419
2025-10-22 00:26:43.705902,94.31,94.04,91.27,118.51,98.03587811440573
2025-10-22 00:26:44.705902,148.54,96.49,271.49,83.68,146.5511989256473
2025-10-22 00:26:45.705901,133.86,38.11,285.51,90.66,122.91856669629453
2025-10-22 00:26:46.705901,97.65,68.5,179.93,46.79,97.65317846733151
2025-10-22 00:26:47.705900,93.55,86.58,128.54,84.01,98.65055107843666
2025-10-22 00:26:48.705900,137.5,78.14,194.16,129.44,123.19833055803574
2025-10-22 00:26:49.705899,84.96,83.59,61.66,117.45,83.68397365911376
2025-10-22 00:26:50.705899,122.91,50.13,238.87,116.51,120.04872149164177
2025-10-22 00:26:51.705898,127.85,48.7,296.37,77.49,128.87021151139777
2025-10-22 00:26:52.705898,85.12,80.67,87.47,79.57,82.45276469179439
2025-10-22 00:26:53.705897,133.03,97.92,218.96,102.79,135.26535669289012
2025-10-22 00:26:54.705896,90.4,90.05,139.41,25.84,92.09026263595975
2025-10-22 00:26:55.705896,131.46,64.33,217.08,141.64,125.6030210181607
2025-10-22 00:26:56.705895,126.06,82.39,210.33,56.58,115.70169769276075
2025-10-22 00:26:57.705895,78.73,37.83,161.59,46.9,76.79752602000326
2025-10-22 00:26:58.705894,45.71,25.56,97.68,11.27,44.3409255819384
2025-10-22 00:26:59.705894,68.79,21.86,153.71,98.08,76.60685465731049
2025-10-22 00:27:00.705893,108.24,49.04,222.8,105.98,112.57446840288276
2025-10-22 00:27:01.705893,113.61,84.08,175.36,63.8,107.46403699750361
2025-10-22 00:27:02.705892,97.32,87.35,175.27,15.82,99.53299291675653
2025-10-22 00:27:03.705892,106.16,38.61,294.2,12.09,110.15811740655977
2025-10-22 00:27:04.705891,109.99,39.09,235.82,121.96,114.68589600114034
2025-10-22 00:27:05.705891,94.84,69.95,166.97,42.41,93.60963281881648
2025-10-22 00:27:06.705890,82.66,81.57,80.1,106.78,86.09761403724212
2025-10-22 00:27:07.705889,160.81,96.71,262.76,146.77,156.58173787601476
2025-10-22 00:27:08.705889,99.87,75.75,174.25,63.54,102.90652145867317
2025-10-22 00:27:09.705888,145.63,55.16,292.41,121.98,139.76191343852935
2025-10-22 00:27:10.705888,67.98,24.39,165.68,53.82,72.6729476405703
2025-10-22 00:27:11.705887,79.21,29.1,148.79,107.43,80.61219560944959
2025-10-22 00:27:12.705887,84.48,71.58,161.85,20.62,88.55242389521122
2025-10-22 00:27:13.705886,76.08,31.59,178.38,31.05,75.57117642390047
2025-10-22 00:27:14.705886,94.98,26.02,254.62,33.17,96.13813954836719
2025-10-22 00:27:15.705885,77.39,48.17,165.4,17.57,77.28943762358038
2025-10-22 00:27:16.705885,91.41,88.31,126.13,59.56,93.9296750357944
2025-10-22 00:27:17.705884,87.99,52.19,171.89,71.78,92.03574666558688
2025-10-22 00:27:18.705884,115.13,73.32,230.47,60.64,118.02523062652799
2025-10-22 00:27:19.705883,124.25,38.25,289.87,71.09,120.4084415285644
2025-10-22 00:27:20.705883,105.5,26.47,214.15,139.4,105.31480791161175
2025-10-22 00:27:21.705882,121.81,75.16,218.53,99.04,122.99141346094366
2025-10-22 00:27:22.705882,72.39,65.16,57.84,111.08,72.0377798763283
2025-10-22 00:27:23.705881,70.89,69.88,71.5,91.42,74.60122816632204
2025-10-22 00:27:24.705881,133.93,64.47,243.85,140.22,133.44385608714552
2025-10-22 00:27:25.705880,106.2,31.01,274.84,17.4,101.58382531555964
2025-10-22 00:27:26.705879,91.47,65.22,108.09,136.13,92.16597263714046
2025-10-22 00:27:27.705879,73.0,47.36,135.71,11.85,66.81472038319222
2025-10-22 00:27:28.705878,68.82,31.9,164.99,54.1,76.28227522220823
2025-10-22 00:27:29.705878,106.28,91.91,193.51,40.74,112.25961703746023
2025-10-22 00:27:30.705877,102.98,37.35,274.2,13.37,103.7651059255938
2025-10-22 00:27:31.705877,105.04,95.91,81.8,128.64,98.13813404503573
2025-10-22 00:27:32.705876,69.05,70.52,75.19,58.09,69.4035428091168
2025-10-22 00:27:33.705876,62.53,26.84,112.99,103.57,67.94312581677075
2025-10-22 00:27:34.705875,79.78,48.56,142.11,118.07,90.46473432373168
2025-10-22 00:27:35.705875,65.96,30.16,109.6,131.47,74.13448387230231
2025-10-22 00:27:36.705874,107.57,36.1,254.17,93.11,112.97124328189514
2025-10-22 00:27:37.705874,39.2,22.57,75.12,52.1,44.17658837633017
2025-10-22 00:27:38.705873,68.87,80.38,54.7,42.06,64.98992728509648
2025-10-22 00:27:39.705873,111.93,95.86,117.32,144.19,111.89082528407049
2025-10-22 00:27:40.705872,63.95,53.55,102.96,27.07,63.089559285606725
2025-10-22 00:27:41.705872,61.58,28.61,96.48,60.29,55.25595643728292
2025-10-22 00:27:42.705871,167.28,97.3,293.8,143.16,165.49695183081843
2025-10-22 00:27:43.705871,106.55,44.71,217.07,77.98,103.113854867149
2025-10-22 00:27:44.705870,95.82,51.14,197.6,92.26,103.31692566399762
2025-10-22 00:27:45.705870,97.9,36.32,194.23,87.41,93.91636986210102
2025-10-22 00:27:46.705869,157.06,90.7,288.68,128.45,157.72591639685345
2025-10-22 00:27:47.705868,113.93,88.39,176.89,47.5,106.84132260033394
2025-10-22 00:27:48.705868,115.02,62.23,224.0,48.32,108.07465861603768
2025-10-22 00:27:49.705867,108.37,86.96,167.21,105.95,114.83696503529278
2025-10-22 00:27:50.705867,87.08,86.94,61.69,136.19,89.09755260164624
2025-10-22 00:27:51.705866,109.63,74.51,172.87,95.76,108.27787510035171
2025-10-22 00:27:52.705866,132.62,74.52,244.44,107.92,132.2312307825765
2025-10-22 00:27:53.705865,80.05,31.81,210.75,12.81,81.79174726016447
2025-10-22 00:27:54.705865,140.01,72.2,244.8,149.89,139.52408869745642
2025-10-22 00:27:55.705864,91.13,41.12,216.1,27.8,91.04489817244264
2025-10-22 00:27:56.705864,134.49,87.28,250.07,73.21,133.41273960967817
2025-10-22 00:27:57.705863,76.37,78.21,72.05,99.28,80.50167621939377
2025-10-22 00:27:58.705863,59.07,22.0,75.84,134.85,60.56401948645106
2025-10-22 00:27:59.705862,86.89,39.17,151.6,91.76,83.3845915658463
2025-10-22 00:28:00.705862,127.93,75.3,242.47,79.66,126.40924583595024
2025-10-22 00:28:01.705861,73.3,22.01,208.61,14.58,76.59186611279411
2025-10-22 00:28:02.705861,68.34,79.65,53.93,62.33,68.4237369314334
2025-10-22 00:28:03.705860,100.01,83.98,111.64,143.65,104.1249144179737
2025-10-22 00:28:04.705860,111.81,70.85,184.73,70.57,105.0031633959422
2025-10-22 00:28:05.705859,91.12,79.17,146.39,22.87,88.15038747867513
2025-10-22 00:28:06.705859,73.58,39.31,129.39,131.62,84.70023179214314
2025-10-22 00:28:07.705858,115.22,93.63,167.42,29.69,103.07500167663375
2025-10-22 00:28:08.705857,118.86,97.18,138.99,99.18,110.11977815781566
2025-10-22 00:28:09.705857,77.57,98.84,53.97,38.56,73.31956278565679
2025-10-22 00:28:10.705856,75.88,69.31,77.04,145.08,86.65357702544301
2025-10-22 00:28:11.705856,66.71,45.35,53.48,125.96,63.76393825543497
2025-10-22 00:28:12.705855,80.04,32.31,130.32,137.37,82.61769713220124
2025-10-22 00:28:13.705855,59.66,83.21,52.18,48.39,66.90802063841144
2025-10-22 00:28:14.705854,121.16,38.65,298.6,32.5,115.56067602724286
2025-10-22 00:28:15.705854,75.03,52.22,79.53,135.7,76.97811202855776
2025-10-22 00:28:16.705853,98.68,70.66,168.38,31.13,92.14615651354585
2025-10-22 00:28:17.705853,116.88,24.3,255.76,106.77,110.25632583565375
2025-10-22 00:28:18.705852,97.32,78.9,180.01,56.31,104.77907173748301
2025-10-22 00:28:19.705852,119.76,88.62,178.95,85.05,115.04369925689414
2025-10-22 00:28:20.705851,80.07,23.15,127.81,135.72,76.94691219508564
2025-10-22 00:28:21.705851,63.25,34.2,128.11,57.24,66.96416117562588
2025-10-22 00:28:22.705850,73.96,63.64,116.7,41.84,75.21353470149157
2025-10-22 00:28:23.705850,91.34,36.74,197.71,111.44,99.95238436489193
2025-10-22 00:28:24.705849,117.66,38.46,276.15,66.48,115.46950244769458
2025-10-22 00:28:25.705849,106.01,43.56,219.16,115.73,110.67388790623335
2025-10-22 00:28:26.705848,63.43,74.35,57.67,32.17,60.89658835360952
2025-10-22 00:28:27.705848,137.54,72.37,246.57,125.94,135.37880823089324
2025-10-22 00:28:28.705847,136.0,80.2,290.8,62.82,140.05328687859992
2025-10-22 00:28:29.705846,105.94,96.46,72.31,149.45,99.69718895324404
2025-10-22 00:28:30.705846,126.08,35.23,276.32,102.32,121.03039096236147
2025-10-22 00:28:31.705845,114.76,53.61,297.95,18.0,119.9739358682219
2025-10-22 00:28:32.705845,114.64,83.92,200.06,70.63,116.17257315379103
2025-10-22 00:28:33.705844,143.15,84.69,287.83,62.01,141.24746630519172
2025-10-22 00:28:34.705844,86.3,64.01,97.31,133.8,87.85370540170744
2025-10-22 00:28:35.705843,110.86,20.3,261.6,89.48,106.57141578201859
2025-10-22 00:28:36.705843,76.46,67.38,135.25,77.64,89.78641767747709
2025-10-22 00:28:37.705842,91.37,49.5,136.78,130.96,91.89551528008981
2025-10-22 00:28:38.705842,61.39,36.37,67.1,82.97,54.814431639155714
2025-10-22 00:28:39.705841,70.87,43.37,128.54,23.4,64.95641914581847
2025-10-22 00:28:40.705841,85.36,46.13,163.78,31.63,78.57649230162042
2025-10-22 00:28:41.705840,76.13,94.94,66.05,37.46,74.78155880868688
2025-10-22 00:28:42.705840,89.58,45.59,189.29,42.41,88.1239107473895
2025-10-22 00:28:43.705838,132.1,51.6,298.11,114.71,138.2479069173279
2025-10-22 00:28:44.705838,57.54,42.43,66.87,96.17,60.40531090098899
2025-10-22 00:28:45.705837,131.9,51.85,277.89,119.23,133.18929482646848
2025-10-22 00:28:46.705837,111.16,49.73,217.15,103.28,110.68342961515661
2025-10-22 00:28:47.705836,100.86,76.76,178.87,58.95,103.88937018626147
2025-10-22 00:28:48.705836,110.47,65.11,179.81,91.76,104.86235780059873
2025-10-22 00:28:49.705835,150.89,77.58,293.15,135.47,153.8958034667848
2025-10-22 00:28:50.705834,80.33,90.26,63.77,63.49,76.92833096183072
2025-10-22 00:28:51.705834,62.03,53.53,95.45,35.25,62.44707800411428
2025-10-22 00:28:52.705833,46.64,44.82,51.94,35.68,45.08144527334564
2025-10-22 00:28:53.705833,71.64,26.09,127.42,86.4,68.49386443177761
2025-10-22 00:28:54.705832,145.43,80.73,286.53,92.42,144.9206845568023
2025-10-22 00:28:55.705832,105.21,89.43,178.71,60.29,110.45320527852071
2025-10-22 00:28:56.705831,149.85,90.17,281.57,67.12,143.1250446936236
2025-10-22 00:28:57.705831,115.18,43.77,196.93,138.86,108.69151172300325
2025-10-22 00:28:58.705830,117.06,75.16,168.95,116.92,111.63221718089807
2025-10-22 00:28:59.705830,90.17,29.11,244.98,22.81,92.72546397822212
2025-10-22 00:29:00.705829,93.74,73.91,144.96,63.12,93.09028147225493
2025-10-22 00:29:01.705829,119.83,39.09,281.6,81.25,120.36180234114079
2025-10-22 00:29:02.705828,83.05,72.94,105.19,77.33,83.46654064816587
2025-10-22 00:29:03.705828,95.67,72.92,95.64,129.37,90.93271482204068
2025-10-22 00:29:04.705827,81.51,26.28,159.58,82.5,77.48800082888962
2025-10-22 00:29:05.705827,77.57,26.18,213.26,27.23,82.59483490070754
2025-10-22 00:29:06.705826,149.07,73.3,284.56,109.78,144.05925355840037
2025-10-22 00:29:07.705826,65.16,54.37,128.29,13.19,68.35987521431584
2025-10-22 00:29:08.705825,121.26,61.88,265.61,73.9,125.50377556295051
2025-10-22 00:29:09.705824,81.67,96.56,95.71,16.56,80.35906147151658
2025-10-22 00:29:10.705824,151.79,92.67,288.05,116.76,156.19826195945552
2025-10-22 00:29:11.705823,115.99,70.03,215.15,51.99,110.0486479303132
2025-10-22 00:29:12.705823,81.26,46.17,194.71,22.71,86.127172407334
2025-10-22 00:29:13.705822,65.01,39.35,99.64,52.91,60.11780973647448
2025-10-22 00:29:14.705822,80.51,62.38,67.14,148.47,80.87882699901857
2025-10-22 00:29:15.705821,132.27,53.47,264.78,143.12,134.80775785286758
2025-10-22 00:29:16.705821,131.39,77.89,251.51,79.19,130.33238805944012
2025-10-22 00:29:17.705820,39.27,27.1,68.72,31.41,40.4054765006283
2025-10-22 00:29:18.705820,123.05,39.77,281.75,40.56,112.6555593215087
2025-10-22 00:29:19.705819,85.04,20.01,169.44,132.1,87.17779801034041
2025-10-22 00:29:20.705819,102.76,36.78,216.53,87.56,100.88500000686763
2025-10-22 00:29:21.705818,94.38,20.07,222.33,23.68,81.5572899107129
2025-10-22 00:29:22.705818,107.86,82.45,136.44,91.78,100.50386131666971
2025-10-22 00:29:23.705817,70.49,25.43,95.23,144.07,69.94843439643999
2025-10-22 00:29:24.705817,86.62,31.31,207.06,52.89,88.40190592422482
2025-10-22 00:29:25.705816,124.25,85.95,247.21,58.66,128.99275066062762
2025-10-22 00:29:26.705815,73.24,39.94,89.45,130.9,72.85757872639883
2025-10-22 00:29:27.705815,105.47,27.01,254.0,54.88,100.76486598369596
2025-10-22 00:29:28.705814,95.31,74.14,160.95,41.55,93.72610137105909
2025-10-22 00:29:29.705814,89.83,24.7,164.22,133.14,88.16318986168068
2025-10-22 00:29:30.705813,98.92,59.36,193.83,39.09,95.72581437662316
2025-10-22 00:29:31.705813,101.0,36.45,197.69,127.3,102.95517072399524
2025-10-22 00:29:32.705812,59.95,23.49,117.4,41.65,55.278103852678015
2025-10-22 00:29:33.705812,150.76,96.88,297.87,61.82,150.33506149129101
2025-10-22 00:29:34.705811,65.46,73.12,54.6,67.9,66.4625802435201
2025-10-22 00:29:35.705811,83.89,41.19,113.98,128.23,80.33189741441197
2025-10-22 00:29:36.705810,85.27,50.49,130.44,75.38,79.43102706718757
2025-10-22 00:29:37.705810,131.66,79.13,224.68,102.24,127.46615527755424
2025-10-22 00:29:38.705809,132.36,70.65,297.3,53.52,135.37628283476846
2025-10-22 00:29:39.705809,114.05,82.82,169.78,138.86,120.08140030338829
2025-10-22 00:29:40.705808,131.32,91.71,276.7,38.87,136.813281986617
2025-10-22 00:29:41.705808,115.22,46.44,295.94,60.78,124.2859057290799
2025-10-22 00:29:42.705807,74.15,67.05,87.38,99.88,79.64342422919343
2025-10-22 00:29:43.705806,120.05,92.52,158.24,148.85,123.45458430110617
2025-10-22 00:29:44.705806,90.64,39.49,217.96,53.32,95.86319119215503
2025-10-22 00:29:45.705805,81.27,66.22,132.32,67.57,86.3214392007773
2025-10-22 00:29:46.705805,112.4,80.52,202.7,55.32,112.2192746555839
2025-10-22 00:29:47.705804,122.06,32.03,257.92,141.63,121.7100370411807
2025-10-22 00:29:48.705804,63.81,71.08,72.57,25.88,62.490311229142236
2025-10-22 00:29:49.705803,127.59,71.4,283.7,56.35,132.22346594078562
2025-10-22 00:29:50.705803,109.01,53.78,198.14,140.57,114.40885832956366
2025-10-22 00:29:51.705802,127.29,80.84,297.84,14.8,132.94200098917923
2025-10-22 00:29:52.705802,118.07,63.79,229.79,78.4,116.57967449771182
2025-10-22 00:29:53.705801,72.33,50.64,153.86,24.36,76.40526192207187
2025-10-22 00:29:54.705801,104.11,61.92,176.86,85.77,101.18606348486674
2025-10-22 00:29:55.705800,95.35,71.93,135.5,112.05,98.98342931368492
2025-10-22 00:29:56.705800,69.35,94.68,79.54,10.18,73.28437331041447
2025-10-22 00:29:57.705799,74.56,46.32,124.52,68.29,74.1517140949282
2025-10-22 00:29:58.705799,80.88,54.13,127.3,73.83,80.001200550872
2025-10-22 00:29:59.705798,83.48,53.21,155.62,13.36,76.03429683689107
2025-10-22 00:30:00.705798,65.91,29.36,122.9,18.94,55.356217078387154
2025-10-22 00:30:01.705797,118.1,47.46,247.6,125.28,123.08179321488225
2025-10-22 00:30:02.705797,149.45,68.34,290.34,137.55,148.83648132315204
2025-10-22 00:30:03.705796,74.04,48.3,127.06,70.53,76.35291434071293
2025-10-22 00:30:04.705795,70.71,21.54,143.95,22.11,58.402543712413525
2025-10-22 00:30:05.705795,96.81,40.48,184.95,70.6,89.86517994488122
2025-10-22 00:30:06.705794,103.2,58.49,246.9,16.43,106.74858545005961
2025-10-22 00:30:07.705794,134.95,86.65,258.04,46.71,130.22480539443984
2025-10-22 00:30:08.705793,120.82,95.27,137.33,134.8,115.74749652252552
2025-10-22 00:30:09.705793,84.67,42.43,166.1,103.02,91.6185170176411
2025-10-22 00:30:10.705792,99.57,94.96,115.45,122.5,106.56409399186803
2025-10-22 00:30:11.705792,105.66,63.28,163.73,124.26,105.57176430346824
2025-10-22 00:30:12.705791,112.49,56.67,274.13,28.1,116.34935769496022
2025-10-22 00:30:13.705791,79.68,48.01,155.09,59.97,82.5397828874058
2025-10-22 00:30:14.705790,83.82,70.3,60.36,136.21,80.36766179173074
2025-10-22 00:30:15.705790,121.0,65.47,263.04,34.48,118.68925597779705
2025-10-22 00:30:16.705789,100.49,36.6,210.36,57.42,92.9448801380583
2025-10-22 00:30:17.705789,76.95,24.6,103.82,147.64,72.82680067300721
2025-10-22 00:30:18.705788,94.62,74.06,149.59,60.47,94.03123028539281
2025-10-22 00:30:19.705788,125.9,76.76,225.73,113.73,128.88005207147825
2025-10-22 00:30:20.705787,84.15,82.07,107.0,83.68,89.84640110048682
2025-10-22 00:30:21.705787,80.28,62.89,147.0,49.9,85.55581547273005
2025-10-22 00:30:22.705786,129.29,81.27,236.72,111.83,134.06701284224917
2025-10-22 00:30:23.705786,78.29,28.86,201.01,28.96,80.59597560624665
2025-10-22 00:30:24.705785,114.6,24.75,289.87,97.5,118.89936810951026
2025-10-22 00:30:25.705784,110.33,93.95,166.38,27.07,102.40137389788562
2025-10-22 00:30:26.705784,102.46,61.36,171.93,139.43,110.09377262027931
2025-10-22 00:30:27.705783,82.87,33.62,196.8,92.93,94.4350084735591
2025-10-22 00:30:28.705783,75.66,85.99,109.43,31.54,82.17168643310926
2025-10-22 00:30:29.705782,76.22,65.94,77.12,107.06,77.42890175857188
2025-10-22 00:30:30.705782,134.76,50.3,280.08,131.67,135.54573616976222
2025-10-22 00:30:31.705781,88.94,60.86,150.04,71.9,89.82873759196026
2025-10-22 00:30:32.705781,71.95,27.84,111.29,142.58,75.69038091462006
2025-10-22 00:30:33.705780,89.28,21.86,206.11,70.52,86.88934017090179
2025-10-22 00:30:34.705780,117.22,23.14,295.35,115.36,123.29334059404223
2025-10-22 00:30:35.705779,55.21,36.42,68.19,103.87,59.323709752774654
2025-10-22 00:30:36.705779,104.05,66.34,177.36,103.57,107.08998035824379
2025-10-22 00:30:37.705778,79.21,41.16,122.02,81.83,73.50804886793273
2025-10-22 00:30:38.705778,37.97,30.26,58.39,61.93,44.950003423694696
2025-10-22 00:30:39.705777,132.27,84.93,247.62,82.93,133.43176607226746
2025-10-22 00:30:40.705777,125.93,81.24,193.73,128.89,124.51216336537689
2025-10-22 00:30:41.705776,84.79,60.52,145.89,19.34,77.95753836623203
2025-10-22 00:30:42.705776,89.4,88.63,116.58,25.99,84.54106065302935
2025-10-22 00:30:43.705775,69.82,83.93,65.68,46.3,70.91413351150939
2025-10-22 00:30:44.705775,103.25,88.56,134.87,66.94,98.15174511898104
2025-10-22 00:30:45.705774,138.41,76.18,262.69,120.9,141.13398222057646
2025-10-22 00:30:46.705774,56.67,37.81,94.44,77.99,62.76984400107032
2025-10-22 00:30:47.705773,108.92,46.79,232.58,57.5,104.74857504338598
2025-10-22 00:30:48.705772,106.04,63.96,212.33,32.0,102.18492899033694
2025-10-22 00:30:49.705772,88.0,31.78,222.11,60.37,94.65225676136433
2025-10-22 00:30:50.705771,86.74,27.18,157.74,97.86,80.43983474673611
2025-10-22 00:30:51.705771,86.37,88.78,80.91,64.92,81.62764445143813
2025-10-22 00:30:52.705770,42.52,46.92,78.44,11.07,49.21093561157039
2025-10-22 00:30:53.705770,90.0,33.78,182.7,96.97,91.07692036802348
2025-10-22 00:30:54.705769,112.76,79.68,168.75,123.86,115.21593462208128
2025-10-22 00:30:55.705769,49.83,29.4,57.02,89.5,49.58994463860244
2025-10-22 00:30:56.705768,112.87,23.94,256.9,132.87,115.60941838400417
2025-10-22 00:30:57.705768,68.38,62.7,118.74,20.96,71.20408278142793
2025-10-22 00:30:58.705767,107.57,42.66,176.61,139.97,102.24355253278898
2025-10-22 00:30:59.705767,51.28,49.96,57.78,72.25,56.685116743043174
2025-10-22 00:31:00.705766,121.49,96.83,162.96,121.9,121.67356301143415
2025-10-22 00:31:01.705766,163.28,94.47,298.82,131.41,163.25306010384503
2025-10-22 00:31:02.705765,107.29,67.06,189.63,73.36,105.13391554643667
2025-10-22 00:31:03.705765,107.89,41.76,227.54,78.04,104.79799380476274
2025-10-22 00:31:04.705764,120.5,84.71,163.34,149.98,121.30205459365087
2025-10-22 00:31:05.705764,123.49,98.28,225.52,39.03,124.73926391203717
2025-10-22 00:31:06.705763,120.63,95.49,197.71,39.04,114.97797339025985
2025-10-22 00:31:07.705763,54.27,50.21,66.46,46.7,54.34042155631111
2025-10-22 00:31:08.705762,136.85,75.94,292.0,52.29,136.18667526727657
2025-10-22 00:31:09.705761,81.48,98.96,70.66,14.4,73.59580231673135
2025-10-22 00:31:10.705761,84.66,72.32,103.1,53.97,77.88175016265296
2025-10-22 00:31:11.705760,67.79,23.89,102.77,123.22,67.29899489278984
2025-10-22 00:31:12.705760,129.31,85.5,260.82,36.44,128.4427779777934
2025-10-22 00:31:13.705759,126.45,87.38,181.93,140.3,126.30657894105606
2025-10-22 00:31:14.705759,96.05,24.25,189.02,137.0,96.16593135965373
2025-10-22 00:31:15.705758,88.11,84.14,57.57,107.28,80.70656529617611
2025-10-22 00:31:16.705758,57.23,28.3,126.22,40.86,60.18326372577421
2025-10-22 00:31:17.705757,99.41,21.53,261.06,86.96,106.52384079557555
2025-10-22 00:31:18.705757,63.15,43.87,67.94,107.02,63.60610161889418
2025-10-22 00:31:19.705756,79.77,81.19,119.57,44.98,85.49087270212144
2025-10-22 00:31:20.705756,102.56,51.28,153.38,121.6,95.91929714067227
2025-10-22 00:31:21.705755,121.7,85.56,207.43,45.83,114.27909698939644
2025-10-22 00:31:22.705755,102.66,68.59,195.29,35.43,100.05980209501679
2025-10-22 00:31:23.705754,104.22,89.53,123.8,129.39,107.72669653073449
2025-10-22 00:31:24.705754,119.27,46.03,284.02,12.73,110.93912437138903
2025-10-22 00:31:25.705753,71.85,28.41,88.13,99.44,60.42956726270159
2025-10-22 00:31:26.705753,115.73,70.59,231.48,45.47,113.94498169630425
2025-10-22 00:31:27.705752,85.05,20.95,169.7,146.55,90.60042991188978
2025-10-22 00:31:28.705751,84.84,27.8,183.37,100.07,88.90001541027299
2025-10-22 00:31:29.705751,84.28,55.54,177.52,37.81,88.65163086089433
2025-10-22 00:31:30.705750,142.99,80.07,246.17,105.3,135.01021879451253
2025-10-22 00:31:31.705750,77.94,27.41,88.5,147.96,69.68910964090537
2025-10-22 00:31:32.705749,104.95,97.0,196.01,11.31,109.70821545234298
2025-10-22 00:31:33.705749,85.09,20.13,228.48,56.07,89.87874644542856
2025-10-22 00:31:34.705748,86.98,65.92,127.73,67.59,84.79437706297185
2025-10-22 00:31:35.705748,106.87,69.1,214.56,26.18,104.27261384799269
2025-10-22 00:31:36.705747,134.05,74.57,271.55,106.17,140.06364584475082
2025-10-22 00:31:37.705747,72.77,57.75,109.38,50.86,71.85540185418802
2025-10-22 00:31:38.705746,119.99,98.28,191.11,77.39,122.01640968901415
2025-10-22 00:31:39.705746,99.32,83.15,103.19,147.92,102.01641345463986
2025-10-22 00:31:40.705745,104.14,83.27,132.34,105.36,102.3817776891795
2025-10-22 00:31:41.705745,105.51,78.15,220.25,24.61,110.20458014900129
2025-10-22 00:31:42.705744,115.11,45.65,207.53,133.39,111.73401609110267
2025-10-22 00:31:43.705744,105.67,20.26,293.99,26.53,103.77640992973406
2025-10-22 00:31:44.705743,60.95,77.94,81.82,10.68,65.68583806437792
2025-10-22 00:31:45.705743,110.43,37.56,279.19,62.7,115.1815484969411
2025-10-22 00:31:46.705742,77.49,77.72,119.95,26.27,80.14649914396765
2025-10-22 00:31:47.705741,46.09,30.79,63.41,100.19,54.33426934560992
2025-10-22 00:31:48.705741,83.59,60.22,149.33,19.67,78.9077578478369
2025-10-22 00:31:49.705740,96.22,50.88,184.86,66.24,94.17964813202158
2025-10-22 00:31:50.705740,135.67,60.35,250.31,145.56,134.38573650639398
2025-10-22 00:31:51.705739,106.09,20.8,256.63,92.01,105.8298598790278
2025-10-22 00:31:52.705739,64.01,27.21,155.25,32.75,66.75752229053978
2025-10-22 00:31:53.705738,79.7,44.31,171.3,38.73,81.33915878793492
2025-10-22 00:31:54.705738,80.82,82.48,121.31,10.15,79.73381290460118
2025-10-22 00:31:55.705737,76.53,37.39,127.11,80.83,72.95226565093856
2025-10-22 00:31:56.705737,81.74,49.35,154.93,71.46,85.44775027490249
2025-10-22 00:31:57.705736,79.99,22.55,182.84,73.18,80.76367889011321
2025-10-22 00:31:58.705736,82.61,22.47,153.98,134.97,84.32981453290591
2025-10-22 00:31:59.705735,104.28,40.77,230.18,79.86,105.45829450705786
2025-10-22 00:32:00.705735,77.18,51.47,144.45,58.13,80.7059409257602
2025-10-22 00:32:01.705734,113.79,45.19,198.07,141.99,110.36808451444283
2025-10-22 00:32:02.705734,140.35,70.79,266.1,136.23,142.508981514238
2025-10-22 00:32:03.705733,123.91,40.33,276.32,95.29,122.18657078375924
2025-10-22 00:32:04.705733,71.58,48.75,93.37,91.24,70.56201103317063
2025-10-22 00:32:05.705732,114.62,88.49,178.72,77.81,113.4695990419373
2025-10-22 00:32:06.705732,79.08,96.94,65.14,65.56,81.09764654501032
2025-10-22 00:32:07.705731,79.41,54.77,72.92,145.91,78.29720238100091
2025-10-22 00:32:08.705730,92.7,41.7,196.99,81.05,96.17630249220989
2025-10-22 00:32:09.705730,90.57,63.22,132.25,123.42,95.90466391079964
2025-10-22 00:32:10.705729,125.07,95.65,164.44,122.29,121.60536744003437
2025-10-22 00:32:11.705729,64.17,28.53,87.76,93.65,59.22691655439105
2025-10-22 00:32:12.705728,100.66,23.54,251.27,51.42,97.5176571446519
2025-10-22 00:32:13.705728,66.25,81.59,54.0,15.33,60.06961484717127
2025-10-22 00:32:14.705727,130.61,77.79,216.7,74.81,118.93951214647191
2025-10-22 00:32:15.705727,75.82,39.69,76.67,143.22,71.33786678457028
2025-10-22 00:32:16.705726,130.98,85.44,219.16,97.83,128.0888105325827
2025-10-22 00:32:17.705726,81.47,64.2,108.1,81.56,80.80592256248883
2025-10-22 00:32:18.705725,70.43,63.66,103.63,50.03,72.92048275525578
2025-10-22 00:32:19.705725,97.34,88.42,122.56,59.4,92.87899847291624
2025-10-22 00:32:20.705724,82.85,21.72,139.71,120.36,76.75594904919254
2025-10-22 00:32:21.705724,77.75,28.33,215.01,23.73,83.50202229066733
2025-10-22 00:32:22.705723,89.46,77.58,138.17,37.88,87.86628745437072
2025-10-22 00:32:23.705723,117.97,98.36,131.58,139.11,116.42242421615101
2025-10-22 00:32:24.705722,121.95,71.25,250.72,18.23,114.64626158810408
2025-10-22 00:32:25.705722,73.31,60.21,117.56,54.45,76.26212931250777
2025-10-22 00:32:26.705721,80.4,76.93,64.77,101.45,78.10214695609294
2025-10-22 00:32:27.705721,71.42,37.1,103.35,123.09,74.06355243593303
2025-10-22 00:32:28.705720,86.76,76.57,84.02,113.56,86.12103786023367
2025-10-22 00:32:29.705719,114.63,56.62,200.21,130.87,114.5249008258292
2025-10-22 00:32:30.705719,85.34,92.5,59.79,103.63,84.83544951051748
2025-10-22 00:32:31.705718,84.93,79.88,72.76,101.52,81.99710839860496
2025-10-22 00:32:32.705718,136.35,79.58,267.63,108.19,141.79526668481606
2025-10-22 00:32:33.705717,128.05,72.57,257.65,71.58,128.0016735252509
2025-10-22 00:32:34.705717,130.72,69.15,269.43,29.55,121.4741610728694
2025-10-22 00:32:35.705716,139.12,96.81,249.39,75.69,138.47425609974997
2025-10-22 00:32:36.705716,73.06,62.98,120.49,63.94,80.418096758115
2025-10-22 00:32:37.705715,96.85,79.9,142.94,51.97,93.26519407402395
2025-10-22 00:32:38.705715,118.08,94.49,218.37,54.21,123.70903470447249
2025-10-22 00:32:39.705714,88.63,95.54,64.29,104.15,87.81509325897959
2025-10-22 00:32:40.705714,154.32,88.12,247.62,146.93,147.75694316747334
2025-10-22 00:32:41.705713,97.02,91.78,147.39,25.11,95.2121120506015
2025-10-22 00:32:42.705713,57.21,85.47,62.53,10.9,63.69788692286099
2025-10-22 00:32:43.705712,76.02,22.31,136.38,147.46,81.43900336915362
2025-10-22 00:32:44.705712,104.9,57.24,136.18,144.42,98.26818475165719
2025-10-22 00:32:45.705711,81.26,28.28,215.41,18.58,82.57314228462167
2025-10-22 00:32:46.705711,90.7,24.91,244.57,27.58,91.44724909292296
2025-10-22 00:32:47.705710,130.78,93.72,227.2,83.44,131.79259587934874
2025-10-22 00:32:48.705709,86.18,54.3,179.56,34.07,87.90052429185575
2025-10-22 00:32:49.705709,131.23,98.17,182.08,118.67,127.45412167689372
2025-10-22 00:32:50.705708,70.34,91.25,59.82,78.99,79.3183380273365
2025-10-22 00:32:51.705708,110.95,53.77,261.07,26.8,110.709642555859
2025-10-22 00:32:52.705707,52.75,41.85,78.86,30.08,50.57856342732284
2025-10-22 00:32:53.705707,72.13,42.9,126.2,37.27,66.77539341878483
2025-10-22 00:32:54.705706,89.37,33.54,153.39,128.91,88.49134894482782
2025-10-22 00:32:55.705706,85.72,90.32,56.91,88.16,79.80078231654282
2025-10-22 00:32:56.705705,84.95,44.01,143.38,98.68,84.71197210136357
2025-10-22 00:32:57.705705,146.4,90.67,258.03,124.05,147.61555712559277
2025-10-22 00:32:58.705704,81.57,34.5,116.27,118.15,75.6656657902031
2025-10-22 00:32:59.705704,66.46,66.66,83.73,20.62,62.58782712230042
2025-10-22 00:33:00.705703,41.57,42.5,92.9,12.27,51.585863038027895
2025-10-22 00:33:01.705703,61.61,29.01,153.63,11.95,63.03522406175493
2025-10-22 00:33:02.705702,140.06,28.87,293.78,129.38,128.47891154145233
2025-10-22 00:33:03.705702,136.7,75.4,259.88,117.81,139.28351435580453
2025-10-22 00:33:04.705701,123.71,93.65,165.37,142.42,124.88668883642333
2025-10-22 00:33:05.705701,111.4,22.77,288.34,52.46,108.49046148777863
2025-10-22 00:33:06.705700,114.74,32.15,260.54,113.19,116.90250098816477
2025-10-22 00:33:07.705700,131.23,52.97,273.98,103.2,129.386141674964
2025-10-22 00:33:08.705699,84.97,80.94,104.19,87.56,89.20675197687503
2025-10-22 00:33:09.705698,137.2,94.06,281.92,50.99,141.97081561218647
2025-10-22 00:33:10.705698,102.79,73.91,158.05,61.29,96.66416551399212
2025-10-22 00:33:11.705697,115.35,82.29,135.87,127.72,107.39956581159532
2025-10-22 00:33:12.705697,145.69,67.37,268.37,128.43,139.92785781681712
2025-10-22 00:33:13.705696,114.88,89.25,217.31,17.99,113.56283238364799
2025-10-22 00:33:14.705696,135.35,64.0,274.84,143.86,143.25494293457547
2025-10-22 00:33:15.705695,141.32,97.75,188.59,125.98,130.6558746576739
2025-10-22 00:33:16.705695,100.48,34.15,232.4,85.91,104.01380014156975
2025-10-22 00:33:17.705694,62.91,42.78,72.33,119.26,66.81496721178897
2025-10-22 00:33:18.705694,87.64,52.83,186.49,44.93,91.40873589627094
2025-10-22 00:33:19.705693,85.65,76.82,67.8,134.68,85.56693468956249
2025-10-22 00:33:20.705693,82.83,28.37,159.34,71.09,76.19345079932943
2025-10-22 00:33:21.705692,136.45,67.31,281.49,94.81,137.1587105360458
2025-10-22 00:33:22.705692,97.81,40.82,163.64,148.08,99.03313461122647
2025-10-22 00:33:23.705691,63.86,31.71,134.6,12.07,58.68660406870121
2025-10-22 00:33:24.705691,98.93,75.51,180.92,40.52,100.21489604059033
2025-10-22 00:33:25.705690,106.32,73.78,187.74,39.54,101.2052072241092
2025-10-22 00:33:26.705690,62.94,92.21,53.72,18.06,65.84708064751254
2025-10-22 00:33:27.705689,110.13,72.41,253.43,11.99,114.80152499842238
2025-10-22 00:33:28.705688,114.47,73.7,169.42,125.74,112.79641098326039
2025-10-22 00:33:29.705688,138.95,75.2,297.12,69.85,140.8484099937097
2025-10-22 00:33:30.705687,91.97,36.64,162.17,100.35,87.00550274146511
2025-10-22 00:33:31.705687,108.35,60.38,182.28,122.65,109.37950934716503
2025-10-22 00:33:32.705686,80.9,31.03,132.59,119.15,79.03614210884368
2025-10-22 00:33:33.705686,110.75,39.14,237.96,76.83,106.37980244906116
2025-10-22 00:33:34.705685,82.19,39.34,182.08,23.52,79.06817135855651
2025-10-22 00:33:35.705685,145.52,95.92,267.24,65.13,141.29821968111213
2025-10-22 00:33:36.705684,113.92,65.8,216.64,113.37,120.58488211704204
2025-10-22 00:33:37.705684,96.23,92.22,152.22,15.78,95.03002932200077
2025-10-22 00:33:38.705683,54.73,44.19,64.0,83.41,57.885843980398676
2025-10-22 00:33:39.705683,139.84,88.75,282.94,35.29,136.49604007083994
2025-10-22 00:33:40.705682,100.36,55.49,170.64,126.38,104.17062526143023
2025-10-22 00:33:41.705682,84.79,35.26,195.4,34.04,83.12388614854345
2025-10-22 00:33:42.705681,133.8,90.21,239.14,61.71,129.30515686730706
2025-10-22 00:33:43.705681,97.7,77.26,129.85,125.4,102.60805786018513
2025-10-22 00:33:44.705680,92.15,62.08,176.94,40.36,92.25967646543123
2025-10-22 00:33:45.705680,136.11,88.39,225.89,91.13,130.25839642955555
2025-10-22 00:33:46.705679,116.58,69.23,223.52,69.6,115.66796082657754
2025-10-22 00:33:47.705678,49.38,23.01,76.43,110.14,56.333319959265715
2025-10-22 00:33:48.705678,56.7,62.44,54.14,91.87,65.74222306432708
2025-10-22 00:33:49.705677,110.02,33.98,182.14,137.86,99.14032649130618
2025-10-22 00:33:50.705677,138.1,67.93,259.98,117.33,135.47695899239477
2025-10-22 00:33:51.705676,119.55,33.77,264.43,120.33,120.30397048483515
2025-10-22 00:33:52.705676,59.02,23.79,111.09,94.35,64.01047172743776
2025-10-22 00:33:53.705675,84.93,56.22,130.67,96.46,86.562091242421
2025-10-22 00:33:54.705675,61.81,21.91,95.4,93.72,58.22366972156357
2025-10-22 00:33:55.705674,79.99,56.77,87.11,126.68,79.7433507792829
2025-10-22 00:33:56.705674,122.75,97.46,221.61,78.92,131.08519118392834
2025-10-22 00:33:57.705673,153.13,96.35,250.42,142.48,151.83610465735595
2025-10-22 00:33:58.705673,118.75,82.51,163.11,149.49,120.03359890876247
2025-10-22 00:33:59.705672,145.67,46.84,277.75,149.95,136.74725134683803
2025-10-22 00:34:00.705672,122.97,64.75,224.46,111.77,122.09328396172675
2025-10-22 00:34:01.705671,122.32,73.62,265.21,38.78,124.2789239004103
2025-10-22 00:34:02.705671,82.17,28.31,202.66,21.26,79.28560150638663
2025-10-22 00:34:03.705670,107.99,28.5,187.54,134.23,97.2983620626768
2025-10-22 00:34:04.705670,122.72,92.91,252.15,20.55,126.38573963496833
2025-10-22 00:34:05.705669,117.3,94.06,189.31,58.05,115.51532817536577
2025-10-22 00:34:06.705668,85.58,50.42,122.74,98.46,81.669477268071
2025-10-22 00:34:07.705668,153.48,76.37,286.66,123.23,148.90330006641415
2025-10-22 00:34:08.705667,86.91,42.05,134.36,117.19,84.69794231846015
2025-10-22 00:34:09.705667,61.94,43.14,125.29,14.84,62.161236266401204
2025-10-22 00:34:10.705666,59.66,66.7,76.78,45.29,65.4231875888985
2025-10-22 00:34:11.705666,125.25,75.35,185.14,138.49,120.88732483230893
2025-10-22 00:34:12.705665,93.42,89.05,174.8,29.1,102.88397546184693
2025-10-22 00:34:13.705665,110.01,83.72,132.7,148.86,111.36619547149364
2025-10-22 00:34:14.705664,87.85,38.41,160.38,93.66,86.02306352526796
2025-10-22 00:34:15.705664,122.25,56.24,193.07,141.17,114.23502693152841
2025-10-22 00:34:16.705663,77.82,75.07,74.9,94.51,78.83783263718956
2025-10-22 00:34:17.705663,83.15,61.51,70.26,123.06,76.32845405688337
2025-10-22 00:34:18.705662,121.76,44.33,263.89,96.02,120.59578734280063
2025-10-22 00:34:19.705662,82.3,89.87,106.02,36.93,84.16097783599622
2025-10-22 00:34:20.705661,120.17,57.74,225.31,85.12,113.53835915610642
2025-10-22 00:34:21.705661,118.48,72.55,245.13,62.1,122.34004924726528
2025-10-22 00:34:22.705660,76.43,46.15,117.1,88.59,75.87146041540669
2025-10-22 00:34:23.705659,90.58,67.11,163.99,29.85,88.79304209110603
2025-10-22 00:34:24.705658,110.77,25.04,245.49,127.6,111.67987106092836
2025-10-22 00:34:25.705658,97.77,49.48,168.29,140.98,103.35718039322866
2025-10-22 00:34:26.705657,126.7,41.6,290.98,100.36,128.24099016078847
2025-10-22 00:34:27.705656,108.75,23.38,250.54,85.86,104.06692782590535
2025-10-22 00:34:28.705656,100.34,69.9,186.35,51.81,101.28395596504983
2025-10-22 00:34:29.705655,108.3,47.87,226.58,73.98,106.76185374323309
2025-10-22 00:34:30.705655,98.34,21.06,238.82,27.12,87.69783466150695
2025-10-22 00:34:31.705654,138.12,59.79,293.95,104.57,139.08172887518725
2025-10-22 00:34:32.705654,99.91,49.12,132.28,130.44,90.24807268377816
2025-10-22 00:34:33.705653,113.6,48.36,296.05,22.79,117.72559875399244
2025-10-22 00:34:34.705653,85.92,75.34,135.13,53.73,88.9819770530116
2025-10-22 00:34:35.705652,69.11,46.8,56.01,138.34,67.71321086768599
2025-10-22 00:34:36.705652,79.44,25.17,221.62,12.85,81.74418575591368
2025-10-22 00:34:37.705651,65.86,34.98,110.56,55.75,61.77899771783576
2025-10-22 00:34:38.705651,157.07,98.56,291.31,47.93,146.44075992697708
2025-10-22 00:34:39.705650,54.96,23.76,56.52,85.93,45.9049066008224
2025-10-22 00:34:40.705650,80.19,93.17,80.65,96.34,89.99648780190165
2025-10-22 00:34:41.705649,63.27,72.4,108.02,27.58,74.153759692301
2025-10-22 00:34:42.705649,122.97,72.78,214.72,113.14,123.45733260584927
2025-10-22 00:34:43.705648,67.39,93.87,90.79,21.92,78.59770293286488
2025-10-22 00:34:44.705647,125.5,86.7,198.69,145.27,131.9962324699884
2025-10-22 00:34:45.705647,110.58,41.86,208.61,129.81,109.44882529871124
2025-10-22 00:34:46.705646,68.76,41.29,111.52,92.03,72.44293493292095
2025-10-22 00:34:47.705646,169.89,96.03,285.06,135.05,160.6188642237077
2025-10-22 00:34:48.705645,83.14,55.92,77.42,147.0,80.4436367826155
2025-10-22 00:34:49.705645,97.03,86.86,154.0,53.48,100.37837914066498
2025-10-22 00:34:50.705644,51.05,43.97,68.41,82.31,58.883549948509355
2025-10-22 00:34:51.705644,120.24,24.55,283.51,110.48,119.46725305613906
2025-10-22 00:34:52.705643,137.42,90.94,204.27,143.64,135.4741955681511
2025-10-22 00:34:53.705643,114.76,67.49,240.71,23.09,110.71837950547993
2025-10-22 00:34:54.705642,35.54,34.51,71.78,28.04,44.36695138743163
2025-10-22 00:34:55.705642,52.37,34.48,100.72,82.0,63.78873533384074
2025-10-22 00:34:56.705641,105.68,67.08,233.92,20.64,107.98320579380069
2025-10-22 00:34:57.705641,117.23,57.29,297.42,10.26,120.11830675200115
2025-10-22 00:34:58.705640,109.98,30.48,258.31,46.85,102.20238917631492
2025-10-22 00:34:59.705640,112.06,83.23,230.03,25.62,115.89171837549067
2025-10-22 00:35:00.705639,84.41,54.5,200.34,11.0,89.66397414734523
2025-10-22 00:35:01.705638,89.98,61.21,96.92,132.41,86.05764006548331
2025-10-22 00:35:02.705638,95.16,25.47,209.29,123.84,100.25758363101514
2025-10-22 00:35:03.705637,63.03,88.8,72.45,26.15,71.3825697242737
2025-10-22 00:35:04.705637,114.08,72.92,176.0,118.05,112.85590731173254
2025-10-22 00:35:05.705636,91.63,30.94,235.97,15.45,89.46786943785088
2025-10-22 00:35:06.705636,49.59,37.36,62.06,85.72,54.34097430274173
2025-10-22 00:35:07.705635,127.88,78.71,233.52,132.48,135.92887078658495
2025-10-22 00:35:08.705635,72.57,59.88,56.95,140.44,74.96443331826875
2025-10-22 00:35:09.705634,68.34,93.83,67.77,11.37,69.55460081141563
2025-10-22 00:35:10.705634,87.53,49.23,164.23,71.8,88.25294762051543
2025-10-22 00:35:11.705633,92.78,33.3,227.36,59.42,96.80392656883366
2025-10-22 00:35:12.705633,56.04,43.14,72.58,44.15,52.13351329925781
2025-10-22 00:35:13.705632,85.64,89.91,88.17,64.04,84.20257249510665
2025-10-22 00:35:14.705632,113.66,66.59,241.97,58.43,117.67466252830873
2025-10-22 00:35:15.705631,115.23,29.98,279.66,37.0,106.41576252669198
2025-10-22 00:35:16.705631,118.47,80.26,241.73,75.0,127.74401520101969
2025-10-22 00:35:17.705630,95.99,49.2,193.91,55.54,93.93284788574147
2025-10-22 00:35:18.705629,49.02,20.27,58.97,83.5,44.41079358679308
2025-10-22 00:35:19.705629,72.13,62.44,127.83,20.45,73.70695321570224
2025-10-22 00:35:20.705628,86.29,78.34,161.62,61.21,99.94087066541199
2025-10-22 00:35:21.705628,123.06,80.89,237.28,47.03,121.15852935538408
2025-10-22 00:35:22.705627,82.21,96.5,71.01,53.51,80.24677429559361
2025-10-22 00:35:23.705627,101.31,71.95,149.07,105.98,101.86852702468818
2025-10-22 00:35:24.705626,147.13,70.91,290.51,110.45,144.78543181253224
2025-10-22 00:35:25.705626,112.41,74.89,169.57,107.46,109.80221674542373
2025-10-22 00:35:26.705625,107.23,27.13,242.18,105.6,107.3557755774531
2025-10-22 00:35:27.705625,104.32,34.72,233.05,67.04,100.74217385755655
2025-10-22 00:35:28.705624,71.56,57.53,103.83,44.24,68.75913097484553
2025-10-22 00:35:29.705624,157.99,93.99,252.82,131.89,149.2701244059245
2025-10-22 00:35:30.705623,112.68,59.24,235.75,93.3,119.05696199646943
2025-10-22 00:35:31.705623,71.66,75.81,98.03,28.7,73.07906184512996
2025-10-22 00:35:32.705622,129.99,79.21,202.5,91.34,118.66624255846939
2025-10-22 00:35:33.705622,52.16,49.5,59.84,71.46,56.91733206975154
2025-10-22 00:35:34.705621,60.75,25.34,82.6,89.52,55.25569088011408
2025-10-22 00:35:35.705621,104.14,87.72,144.53,87.87,104.79933142889453
2025-10-22 00:35:36.705620,90.34,85.88,115.47,49.81,87.56689850327965
2025-10-22 00:35:37.705620,137.44,92.59,214.11,143.92,139.31637155249993
2025-10-22 00:35:38.705619,132.6,33.57,274.81,128.59,124.96902643680144
2025-10-22 00:35:39.705618,59.37,51.84,66.11,50.16,55.73956377896345
2025-10-22 00:35:40.705618,123.55,71.51,222.87,135.68,129.75549297423336
2025-10-22 00:35:41.705617,134.72,96.14,276.7,20.41,135.36084875572348
2025-10-22 00:35:42.705617,95.22,23.7,234.65,68.04,95.90324413620068
2025-10-22 00:35:43.705616,126.93,95.91,255.26,33.49,131.39713989318085
2025-10-22 00:35:44.705616,131.48,70.04,233.28,118.88,128.80989642902745
2025-10-22 00:35:45.705615,94.91,85.74,82.78,108.45,89.32438751715802
2025-10-22 00:35:46.705615,127.73,62.09,296.79,22.73,124.81263949817028
2025-10-22 00:35:47.705614,80.38,94.95,127.7,20.1,89.880144169753
2025-10-22 00:35:48.705614,75.79,27.45,140.21,79.0,71.55093259442847
2025-10-22 00:35:49.705613,109.89,85.11,197.77,38.88,109.76561464718107
2025-10-22 00:35:50.705613,79.8,57.0,134.09,25.48,73.86592712898612
2025-10-22 00:35:51.705612,145.48,98.31,287.46,50.37,145.6426103952855
2025-10-22 00:35:52.705612,84.48,25.26,227.18,27.57,86.38918626803
2025-10-22 00:35:53.705611,99.52,65.12,109.24,147.53,94.7289323563629
2025-10-22 00:35:54.705611,120.5,87.21,174.91,139.02,123.85508914693384
2025-10-22 00:35:55.705610,74.85,79.14,57.38,114.31,79.54331128887483
2025-10-22 00:35:56.705610,47.07,32.12,87.47,22.08,46.70468135153094
2025-10-22 00:35:57.705609,141.76,60.45,297.12,118.8,143.19578176530615
2025-10-22 00:35:58.705608,83.21,40.32,114.24,122.27,78.78914032585327
2025-10-22 00:35:59.705608,70.15,34.32,150.8,58.9,74.18012243664242
2025-10-22 00:36:00.705607,67.32,61.03,115.06,49.57,74.95026819172664
2025-10-22 00:36:01.705607,115.74,42.42,248.94,116.66,119.24648923328455
2025-10-22 00:36:02.705606,52.88,46.15,82.2,58.44,59.3767704462379
2025-10-22 00:36:03.705606,67.55,21.86,122.81,101.68,68.02725588731121
2025-10-22 00:36:04.705605,142.27,86.92,221.58,147.56,139.44772837282136
2025-10-22 00:36:05.705605,84.02,30.56,218.0,13.18,83.42028230633173
2025-10-22 00:36:06.705604,73.64,28.2,104.46,140.63,73.4282452250933
2025-10-22 00:36:07.705604,102.08,93.38,69.04,148.22,96.92633194108144
2025-10-22 00:36:08.705603,81.91,53.31,110.75,124.0,84.58904813958476
2025-10-22 00:36:09.705603,86.37,38.78,198.18,90.68,96.9869657429837
2025-10-22 00:36:10.705602,120.8,71.88,211.61,72.86,114.06062523010132
2025-10-22 00:36:11.705602,142.46,93.6,269.36,60.53,139.85925920613215
2025-10-22 00:36:12.705601,83.56,89.75,83.57,52.14,80.3721141129052
2025-10-22 00:36:13.705601,125.87,44.72,265.58,145.77,131.19317759801402
2025-10-22 00:36:14.705600,104.4,53.38,203.49,111.28,109.99310929276498
2025-10-22 00:36:15.705600,90.96,69.7,183.62,10.11,92.06974947649228
2025-10-22 00:36:16.705599,97.48,71.82,136.51,104.44,97.71878878713024
2025-10-22 00:36:17.705598,78.12,35.01,158.72,112.54,87.57550242105332
2025-10-22 00:36:18.705598,107.43,93.11,171.05,30.35,104.03782240859694
2025-10-22 00:36:19.705597,52.51,58.92,65.53,21.34,53.37957424608601
2025-10-22 00:36:20.705597,76.95,86.85,73.93,36.04,72.81798080525851
2025-10-22 00:36:21.705596,108.0,42.9,205.41,141.44,111.3198749482075
2025-10-22 00:36:22.705596,144.12,84.64,298.91,28.04,137.80003858256472
2025-10-22 00:36:23.705595,63.07,45.19,96.36,38.16,59.12263350282331
2025-10-22 00:36:24.705595,94.33,31.13,224.58,46.91,92.39299885100634
2025-10-22 00:36:25.705594,75.07,27.59,127.23,128.8,77.61994225305878
2025-10-22 00:36:26.705594,73.13,33.78,174.24,29.99,75.21176926051857
2025-10-22 00:36:27.705593,87.45,91.47,96.01,113.33,97.14453152145582
2025-10-22 00:36:28.705593,94.71,89.07,98.33,122.54,98.4720339647924
2025-10-22 00:36:29.705592,95.44,57.33,159.36,54.25,87.35449847246234
2025-10-22 00:36:30.705591,56.09,43.43,86.19,23.54,52.2743300789262
2025-10-22 00:36:31.705590,122.44,77.87,269.18,49.23,129.67988812574805
2025-10-22 00:36:32.705589,123.05,35.91,291.62,77.78,121.09337603014615
2025-10-22 00:36:33.705589,62.88,60.31,65.52,50.92,59.955224889521176
2025-10-22 00:36:34.705588,65.75,74.4,50.17,59.91,64.18202686494331
2025-10-22 00:36:35.705588,137.37,65.56,267.49,108.06,134.70569667616263
2025-10-22 00:36:36.705587,77.95,37.24,152.16,51.46,74.57208585127282
2025-10-22 00:36:37.705587,98.88,52.19,203.82,85.61,104.39146144878175
2025-10-22 00:36:38.705586,38.41,38.07,54.06,22.06,39.63003167203435
2025-10-22 00:36:39.705586,135.39,70.07,241.25,130.34,133.5015289654964
2025-10-22 00:36:40.705585,109.53,77.93,201.75,26.55,104.91492096627725
2025-10-22 00:36:41.705585,75.15,59.94,136.6,28.89,76.77157228868293
2025-10-22 00:36:42.705584,116.15,62.48,225.93,104.49,119.95086234825557
2025-10-22 00:36:43.705584,101.5,88.13,157.94,50.79,101.6647301184367
2025-10-22 00:36:44.705583,88.76,65.26,170.13,40.16,91.76390944765762
2025-10-22 00:36:45.705583,74.44,21.53,213.3,27.72,80.37546526907379
2025-10-22 00:36:46.705582,47.31,27.51,55.95,69.44,44.332209371023374
2025-10-22 00:36:47.705582,106.69,63.9,208.97,56.36,105.98852296185507
2025-10-22 00:36:48.705581,115.62,93.82,156.73,94.94,112.93045126955897
2025-10-22 00:36:49.705581,94.08,66.74,177.03,19.94,90.55972706593793
2025-10-22 00:36:50.705580,98.09,81.36,142.1,33.35,90.04079050006371
2025-10-22 00:36:51.705579,86.13,80.63,120.02,43.58,85.06736611224112
2025-10-22 00:36:52.705579,107.65,59.24,200.15,103.3,110.33623486256738
2025-10-22 00:36:53.705578,80.54,42.13,177.44,11.54,76.68721164287581
2025-10-22 00:36:54.705578,120.71,50.85,264.99,67.88,118.5959521384947
2025-10-22 00:36:55.705577,136.44,86.29,269.71,59.98,136.19412199357214
2025-10-22 00:36:56.705577,88.79,20.81,195.89,101.62,89.4738174806339
2025-10-22 00:36:57.705576,65.93,26.06,107.06,84.14,61.90458151376776
2025-10-22 00:36:58.705576,138.96,75.53,273.23,95.04,138.83642959468125
2025-10-22 00:36:59.705575,61.87,67.67,82.28,46.6,67.82404992893377
2025-10-22 00:37:00.705575,93.4,53.64,112.22,146.21,89.61338860589238
2025-10-22 00:37:01.705574,138.73,89.37,210.71,144.28,136.75249106944867
2025-10-22 00:37:02.705574,72.21,52.12,92.87,130.94,79.99443724481867
2025-10-22 00:37:03.705573,89.65,47.94,177.56,73.94,92.04246747347293
2025-10-22 00:37:04.705573,83.14,59.7,135.51,54.82,81.48011468312868
2025-10-22 00:37:05.705572,68.95,29.48,146.92,73.72,73.5361329064245
2025-10-22 00:37:06.705571,99.01,69.9,201.83,38.28,103.25006117125506
2025-10-22 00:37:07.705571,97.66,72.77,140.97,90.81,96.82569105487433
2025-10-22 00:37:08.705570,70.69,47.95,102.99,75.36,69.89727473986268
2025-10-22 00:37:09.705570,125.96,58.55,266.21,35.88,116.4555629051215
2025-10-22 00:37:10.705569,99.23,33.58,203.06,104.18,98.53540842912479
2025-10-22 00:37:11.705569,90.85,58.24,204.41,32.87,97.11066889419308
2025-10-22 00:37:12.705568,114.71,98.05,203.36,57.88,121.70642738551184
2025-10-22 00:37:13.705568,136.78,68.89,295.23,75.24,138.19152465123346
2025-10-22 00:37:14.705567,90.26,31.2,199.92,52.94,86.20886079860828
2025-10-22 00:37:15.705567,130.06,73.77,284.78,58.34,134.13106603990047
2025-10-22 00:37:16.705566,126.27,81.11,233.22,57.58,122.14541291931481
2025-10-22 00:37:17.705566,160.81,92.84,285.3,106.06,153.32824603906408
2025-10-22 00:37:18.705565,130.92,98.0,202.32,66.3,123.04299362738024
2025-10-22 00:37:19.705565,93.98,81.06,81.75,134.4,91.83128272217357
2025-10-22 00:37:20.705564,79.27,84.38,91.59,17.44,73.19458311755088
2025-10-22 00:37:21.705563,69.59,43.93,127.48,15.59,63.364849714281085
2025-10-22 00:37:22.705563,96.94,55.62,130.26,109.73,88.7772314166702
2025-10-22 00:37:23.705562,56.95,31.55,93.42,74.14,58.56218042779588
2025-10-22 00:37:24.705562,135.16,65.69,265.74,109.71,134.5724906110131
2025-10-22 00:37:25.705561,129.15,56.69,279.58,65.02,125.3410739487404
2025-10-22 00:37:26.705561,86.51,26.49,179.15,81.93,83.3669843807669
2025-10-22 00:37:27.705560,149.41,91.7,292.5,97.18,153.1573039262122
2025-10-22 00:37:28.705560,125.59,69.43,237.27,94.17,124.79066467867342
2025-10-22 00:37:29.705559,96.65,73.75,117.28,132.48,98.47675459930826
2025-10-22 00:37:30.705559,97.89,87.5,93.18,103.45,92.34009524193095
2025-10-22 00:37:31.705558,137.45,85.37,291.22,10.67,132.39795769200057
2025-10-22 00:37:32.705558,117.25,85.07,228.26,43.23,119.78284044819826
2025-10-22 00:37:33.705557,137.91,87.83,287.13,77.99,145.7873934590041
2025-10-22 00:37:34.705557,53.68,63.58,74.13,18.4,57.71586257026692
2025-10-22 00:37:35.705556,123.24,78.73,205.95,117.59,124.68397398360631
2025-10-22 00:37:36.705556,88.71,40.42,192.11,37.85,85.47612479116573
2025-10-22 00:37:37.705555,47.52,39.75,56.65,69.01,50.587403024435446
2025-10-22 00:37:38.705555,84.67,42.02,114.56,91.31,73.57986518887489
2025-10-22 00:37:39.705554,144.12,72.09,274.57,128.64,144.19864692158345
2025-10-22 00:37:40.705554,57.33,68.97,74.66,24.64,61.815695461766495
2025-10-22 00:37:41.705553,124.35,80.28,279.51,12.55,126.69994491055057
2025-10-22 00:37:42.705552,127.73,51.12,230.37,139.37,122.53363715058894
2025-10-22 00:37:43.705552,70.9,25.78,121.95,79.85,65.3905058996674
2025-10-22 00:37:44.705551,50.99,47.82,64.83,55.41,54.38523577245448
2025-10-22 00:37:45.705551,72.46,39.02,142.3,81.89,78.54896093386688
2025-10-22 00:37:46.705550,93.99,37.86,209.7,71.12,96.10186611078366
2025-10-22 00:37:47.705550,140.14,61.06,279.32,142.46,142.851795587597
2025-10-22 00:37:48.705549,81.51,61.11,137.64,108.43,93.48834201735227
2025-10-22 00:37:49.705549,109.14,45.76,195.12,132.29,107.83710216997095
2025-10-22 00:37:50.705548,61.96,74.84,67.75,43.14,66.3558991478846
2025-10-22 00:37:51.705547,88.7,24.19,168.72,148.77,92.369788007661
2025-10-22 00:37:52.705547,144.35,78.15,259.92,131.05,143.30583231511017
2025-10-22 00:37:53.705546,93.33,21.36,283.55,13.01,98.49800469236163
2025-10-22 00:37:54.705546,107.22,37.08,267.64,61.75,111.27768685786167
2025-10-22 00:37:55.705545,108.8,37.18,221.39,120.31,109.06026477681523
2025-10-22 00:37:56.705545,71.22,53.98,104.36,51.44,68.57247906963205
2025-10-22 00:37:57.705544,84.82,35.34,212.47,24.34,86.3700344255526
2025-10-22 00:37:58.705544,41.08,29.22,67.95,51.47,45.22488229228172
2025-10-22 00:37:59.705543,58.61,57.14,76.05,48.9,61.133586371241066
2025-10-22 00:38:00.705543,120.23,60.13,215.89,128.98,120.62389661438219
2025-10-22 00:38:01.705542,92.33,34.4,251.48,15.96,95.96796608624241
2025-10-22 00:38:02.705542,87.57,32.24,224.09,26.7,88.7823949878889
2025-10-22 00:38:03.705541,131.73,95.04,237.4,91.95,137.21447789919048
2025-10-22 00:38:04.705541,70.42,56.73,91.33,36.67,63.09271520912174
2025-10-22 00:38:05.705540,99.23,83.54,66.39,131.92,87.95945581581665
2025-10-22 00:38:06.705540,62.22,54.33,73.62,49.71,59.15633686013644
2025-10-22 00:38:07.705539,78.85,87.95,60.73,117.07,85.51224364917383
2025-10-22 00:38:08.705539,148.72,61.08,273.43,148.64,142.31894994915984
2025-10-22 00:38:09.705538,104.09,68.79,211.27,54.46,108.7516204265964
2025-10-22 00:38:10.705537,140.7,89.46,292.37,28.27,138.29236482209924
2025-10-22 00:38:11.705537,80.1,67.03,95.28,91.64,80.37126247612875
2025-10-22 00:38:12.705536,79.86,30.8,118.5,111.96,73.25245446530563
2025-10-22 00:38:13.705536,52.56,62.71,78.07,10.49,56.89235292976151
2025-10-22 00:38:14.705535,118.2,76.18,272.24,20.4,124.02065929613546
2025-10-22 00:38:15.705535,126.92,75.93,279.83,28.3,127.7497769943351
2025-10-22 00:38:16.705534,65.6,58.56,89.63,84.14,72.93807847842525
2025-10-22 00:38:17.705534,104.89,77.07,158.89,71.26,100.482185919344
2025-10-22 00:38:18.705533,83.42,67.11,90.0,149.38,90.3055926266422
2025-10-22 00:38:19.705533,110.53,65.76,174.0,140.39,113.1110364606014
2025-10-22 00:38:20.705532,103.78,81.33,148.9,75.25,100.40394195168967
2025-10-22 00:38:21.705532,85.18,30.52,199.48,107.94,96.67366209266235
2025-10-22 00:38:22.705531,133.64,80.0,227.6,129.05,134.11193201195084
2025-10-22 00:38:23.705531,101.67,30.87,215.4,110.22,102.09151982019772
2025-10-22 00:38:24.705530,103.4,56.65,230.03,23.66,102.18994257211872
2025-10-22 00:38:25.705530,109.43,68.05,171.23,86.04,102.61618010208224
2025-10-22 00:38:26.705529,94.31,69.58,116.14,51.92,80.02457464353056
2025-10-22 00:38:27.705528,87.67,31.69,168.56,103.3,87.03534454294969
2025-10-22 00:38:28.705528,95.72,45.9,173.27,55.05,85.97362372132925
2025-10-22 00:38:29.705527,74.18,22.68,114.92,121.61,70.0278521481169
2025-10-22 00:38:30.705527,56.79,65.3,74.27,10.54,57.056300825736855
2025-10-22 00:38:31.705526,98.56,22.22,227.24,93.88,98.07164214379398
2025-10-22 00:38:32.705526,63.83,40.99,92.32,72.93,62.71845345531937
2025-10-22 00:38:33.705525,73.38,30.85,154.11,67.54,75.15620254350989
2025-10-22 00:38:34.705525,71.08,81.39,72.19,71.69,76.64966149693029
2025-10-22 00:38:35.705524,76.1,74.89,64.26,104.66,77.56540315131761
2025-10-22 00:38:36.705524,80.13,52.11,132.19,103.19,86.29932580328763
2025-10-22 00:38:37.705523,66.23,28.18,122.7,103.09,71.43979839237593
2025-10-22 00:38:38.705523,95.62,66.14,118.99,98.82,88.48598055772887
2025-10-22 00:38:39.705522,79.47,27.73,182.15,26.32,73.83145165252473
2025-10-22 00:38:40.705522,65.54,61.97,79.27,82.35,71.17336980438989
2025-10-22 00:38:41.705521,119.61,58.84,263.59,52.27,119.07208158847037
2025-10-22 00:38:42.705521,53.29,48.04,75.2,31.92,52.943579274000484
2025-10-22 00:38:43.705520,120.11,90.49,192.24,93.59,121.67655471001441
2025-10-22 00:38:44.705520,83.27,94.9,101.17,30.02,83.84695786740649
2025-10-22 00:38:45.705519,75.23,95.98,54.65,91.47,82.61385158211567
2025-10-22 00:38:46.705519,119.99,51.02,269.17,94.8,125.29206581054589
2025-10-22 00:38:47.705518,65.67,53.62,69.41,122.16,71.94224199923727
2025-10-22 00:38:48.705517,58.41,63.08,65.54,79.59,67.050072591492
2025-10-22 00:38:49.705517,137.12,84.85,269.57,93.77,142.15055674993118
2025-10-22 00:38:50.705516,78.37,50.0,110.96,116.14,81.43138188450878
2025-10-22 00:38:51.705516,93.71,38.86,203.58,93.0,99.11286545849582
2025-10-22 00:38:52.705515,65.26,49.91,94.72,128.91,79.04043495305284
2025-10-22 00:38:53.705515,78.36,28.91,167.68,101.78,85.0760382168199
2025-10-22 00:38:54.705514,56.52,47.23,53.69,39.09,47.4930241136766
2025-10-22 00:38:55.705514,116.18,41.33,285.91,51.13,116.79031863822038
2025-10-22 00:38:56.705513,90.63,27.3,254.35,33.39,96.74172664480966
2025-10-22 00:38:57.705513,106.17,33.88,209.95,146.36,109.14659027009876
2025-10-22 00:38:58.705512,111.7,29.33,276.69,16.42,101.1040727591599
2025-10-22 00:38:59.705512,122.57,51.33,258.69,109.31,125.18023743985803
2025-10-22 00:39:00.705511,119.8,93.97,203.1,77.77,123.54031640024132
2025-10-22 00:39:01.705511,115.97,52.94,215.32,114.73,114.01761033360577
2025-10-22 00:39:02.705510,72.46,35.19,92.85,123.13,69.95625384216123
2025-10-22 00:39:03.705510,144.18,98.65,228.76,137.74,145.52948397070975
2025-10-22 00:39:04.705509,85.28,45.51,132.36,134.96,89.36303381075754
2025-10-22 00:39:05.705508,130.8,83.93,244.97,120.9,139.6847590063542
2025-10-22 00:39:06.705508,124.17,71.59,267.22,49.97,126.09223465290884
2025-10-22 00:39:07.705507,78.48,40.47,135.02,78.66,76.44280478237955
2025-10-22 00:39:08.705507,126.2,69.68,212.39,90.32,116.66568027994317
2025-10-22 00:39:09.705506,40.99,21.26,73.29,53.0,43.148973803180425
2025-10-22 00:39:10.705506,140.46,96.4,270.69,65.55,142.65999097255946
2025-10-22 00:39:11.705505,146.49,62.32,290.61,139.9,146.37006204529635
2025-10-22 00:39:12.705505,115.39,76.87,253.72,20.47,118.80885388710945
2025-10-22 00:39:13.705504,130.9,71.5,289.19,27.54,128.19570282168945
2025-10-22 00:39:14.705504,113.48,79.9,214.33,50.38,114.42496094871885
2025-10-22 00:39:15.705503,53.43,44.18,101.59,39.16,60.38898536783987
2025-10-22 00:39:16.705503,122.73,91.67,159.55,104.71,114.64493952949692
2025-10-22 00:39:17.705502,136.74,82.54,299.69,23.3,136.0403118580918
2025-10-22 00:39:18.705502,85.63,36.2,201.21,41.65,86.8558466766284
2025-10-22 00:39:19.705501,97.49,48.92,154.57,149.72,100.68748888451479
2025-10-22 00:39:20.705501,50.32,20.79,73.36,99.34,52.1501752215684
2025-10-22 00:39:21.705500,82.45,49.82,165.08,62.08,86.87114319031932
2025-10-22 00:39:22.705500,143.86,74.11,287.21,76.47,138.63782721374034
2025-10-22 00:39:23.705499,80.65,64.91,76.27,126.56,80.53526889240277
2025-10-22 00:39:24.705499,85.92,69.01,53.79,144.61,79.41565691404588
2025-10-22 00:39:25.705498,137.14,71.83,278.74,103.74,140.37106859614792
2025-10-22 00:39:26.705497,133.13,96.73,279.87,10.15,134.5695719999548
2025-10-22 00:39:27.705497,104.2,22.49,240.13,138.33,110.92418487394167
2025-10-22 00:39:28.705496,128.75,96.47,255.6,52.3,135.52058690590178
2025-10-22 00:39:29.705496,102.89,92.25,108.47,116.49,101.91189082627078
2025-10-22 00:39:30.705495,108.92,66.86,252.19,15.53,112.35290006578981
2025-10-22 00:39:31.705495,94.06,69.96,156.94,42.31,90.57746974867176
2025-10-22 00:39:32.705494,89.39,76.79,100.11,110.37,90.43712171968163
2025-10-22 00:39:33.705494,80.17,34.31,172.8,42.58,77.54776366791931
2025-10-22 00:39:34.705493,138.67,96.6,219.51,142.61,142.6886333361191
2025-10-22 00:39:35.705493,93.78,57.09,181.81,41.34,91.42046016941141
2025-10-22 00:39:36.705492,105.13,76.67,154.6,108.14,106.32555487778484
2025-10-22 00:39:37.705492,137.11,71.01,295.54,42.79,132.8932758254659
2025-10-22 00:39:38.705491,91.45,60.97,165.02,76.95,95.3944840258611
2025-10-22 00:39:39.705491,104.24,52.0,251.13,23.99,106.27414921196267
2025-10-22 00:39:40.705490,106.1,83.55,178.89,53.64,106.24001757035778
2025-10-22 00:39:41.705490,129.09,67.31,199.0,144.28,122.18156418910539
2025-10-22 00:39:42.705489,77.06,88.4,97.58,12.2,75.96779016222766
2025-10-22 00:39:43.705489,93.42,73.79,90.89,119.22,87.92100346873822
2025-10-22 00:39:44.705488,95.38,24.33,176.88,122.95,89.75987798856052
2025-10-22 00:39:45.705487,98.59,94.51,190.37,21.2,108.73129871337251
2025-10-22 00:39:46.705487,130.7,60.06,262.64,123.99,133.66010302213186
2025-10-22 00:39:47.705486,116.33,81.26,165.65,81.03,106.55717489113555
2025-10-22 00:39:48.705486,100.0,61.8,235.65,15.74,104.88481345325962
2025-10-22 00:39:49.705485,103.33,79.74,178.67,57.11,104.95575424357834
2025-10-22 00:39:50.705485,106.44,55.03,198.19,120.46,111.05070312228342
2025-10-22 00:39:51.705484,101.38,43.46,235.31,84.84,109.33911925722845
2025-10-22 00:39:52.705484,103.84,63.06,148.56,118.94,99.84007561022445
2025-10-22 00:39:53.705483,96.52,38.18,233.92,27.56,94.88545599831141
2025-10-22 00:39:54.705483,63.26,46.16,111.41,31.24,62.75970218265098
2025-10-22 00:39:55.705482,72.36,60.4,92.93,87.98,75.61597905222489
2025-10-22 00:39:56.705482,88.25,86.97,133.41,50.98,93.74229383250075
2025-10-22 00:39:57.705481,106.91,35.96,266.82,60.43,110.20757729607962
2025-10-22 00:39:58.705481,83.6,29.03,154.2,116.21,83.95066526267392
2025-10-22 00:39:59.705480,101.28,97.7,165.89,38.93,106.4906440647118
2025-10-22 00:40:00.705479,140.46,94.06,194.79,130.3,131.53205102096854
2025-10-22 00:40:01.705479,65.37,20.54,177.24,11.52,65.8102033492212
2025-10-22 00:40:02.705478,100.26,96.72,100.88,95.15,97.6234823342811
2025-10-22 00:40:03.705477,106.84,86.54,192.05,15.77,104.16523917788783
2025-10-22 00:40:04.705476,61.1,26.37,132.95,44.53,61.97107020790018
2025-10-22 00:40:05.705476,120.92,38.87,246.11,112.38,115.76606002376661
2025-10-22 00:40:06.705475,84.75,37.56,205.5,38.79,88.25875370094286
2025-10-22 00:40:07.705474,125.41,50.32,246.24,124.85,124.01952339424926
2025-10-22 00:40:08.705474,143.7,73.58,228.92,140.89,133.6483041618734
2025-10-22 00:40:09.705473,105.0,40.29,219.59,86.03,103.25916433983731
2025-10-22 00:40:10.705473,77.47,26.58,191.39,13.08,73.40212277837973
2025-10-22 00:40:11.705472,155.01,97.02,285.39,107.34,155.70333007789375
2025-10-22 00:40:12.705472,105.18,24.17,223.41,124.11,103.90786499980754
2025-10-22 00:40:13.705471,120.04,63.5,223.63,130.41,124.9244592815796
2025-10-22 00:40:14.705471,103.94,57.5,225.39,79.17,112.25896339457502
2025-10-22 00:40:15.705470,129.17,94.59,242.78,60.76,132.4048635011159
2025-10-22 00:40:16.705470,101.75,55.59,168.34,124.12,103.07936709682727
2025-10-22 00:40:17.705469,67.79,65.05,60.23,104.61,71.41498845996816
2025-10-22 00:40:18.705469,66.09,48.92,95.21,10.84,55.2117026913383
2025-10-22 00:40:19.705468,130.49,94.84,200.86,87.42,125.2212601269996
2025-10-22 00:40:20.705467,66.88,65.32,100.01,14.3,65.55732089208604
2025-10-22 00:40:21.705467,94.82,91.91,138.94,24.6,92.63381754089913
2025-10-22 00:40:22.705466,114.12,80.67,199.44,44.63,109.18780961366886
2025-10-22 00:40:23.705466,98.58,72.5,200.24,14.74,99.39255202893136
2025-10-22 00:40:24.705465,78.58,49.6,178.65,10.87,80.65915110152417
2025-10-22 00:40:25.705465,110.33,79.92,223.41,30.7,113.25275964628386
2025-10-22 00:40:26.705464,122.94,96.24,179.51,123.59,126.69283126978671
2025-10-22 00:40:27.705464,96.53,43.25,221.34,56.95,99.48498441382854
2025-10-22 00:40:28.705463,80.06,48.22,117.87,119.4,83.26692538169036
2025-10-22 00:40:29.705463,86.3,98.26,112.49,23.1,87.55892337299991
2025-10-22 00:40:30.705462,140.48,98.36,203.09,129.01,135.92592547395805
2025-10-22 00:40:31.705462,144.31,81.84,297.48,14.88,133.35044055930584
2025-10-22 00:40:32.705461,84.7,66.55,82.03,140.57,85.87552110887307
2025-10-22 00:40:33.705461,128.95,51.46,285.35,88.59,129.14482538873463
2025-10-22 00:40:34.705460,122.56,47.85,291.17,55.05,122.41762025608843
2025-10-22 00:40:35.705460,93.92,94.03,95.86,51.03,85.99206387039631
2025-10-22 00:40:36.705459,70.31,89.46,69.68,29.49,71.54404626972426
2025-10-22 00:40:37.705459,50.8,62.7,99.83,20.66,65.45580318968015
2025-10-22 00:40:38.705458,75.33,77.96,92.36,34.71,73.64535297763231
2025-10-22 00:40:39.705457,149.78,86.95,262.55,132.16,148.72502987285915
2025-10-22 00:40:40.705457,136.35,80.17,229.13,137.89,136.4153275336552
2025-10-22 00:40:41.705456,102.83,92.89,126.13,110.22,106.29810628705927
2025-10-22 00:40:42.705456,144.22,90.65,243.49,145.24,147.44553891819237
2025-10-22 00:40:43.705455,71.91,40.11,151.32,18.2,69.14242488060782
2025-10-22 00:40:44.705455,132.04,61.81,298.16,55.22,131.54575328077334
2025-10-22 00:40:45.705454,68.19,68.81,50.86,79.84,65.55340574422854
2025-10-22 00:40:46.705454,135.54,82.56,263.49,110.76,142.55340325714292
2025-10-22 00:40:47.705453,92.49,33.98,182.4,111.99,94.07383200049063
2025-10-22 00:40:48.705453,94.4,49.52,128.98,105.68,84.53171193474638
2025-10-22 00:40:49.705452,87.58,58.63,152.76,61.81,87.52356311455529
2025-10-22 00:40:50.705452,113.34,35.21,208.76,131.86,106.57112524647167
2025-10-22 00:40:51.705451,68.91,36.9,139.97,49.9,70.42450209529777
2025-10-22 00:40:52.705451,87.21,46.15,149.32,109.36,89.69455706577445
2025-10-22 00:40:53.705450,74.85,21.9,154.3,70.94,71.40710376991387
2025-10-22 00:40:54.705450,97.14,59.59,192.22,84.85,104.45686409368973
2025-10-22 00:40:55.705449,106.34,37.17,202.15,147.41,108.6566812725492
2025-10-22 00:40:56.705449,73.61,62.33,72.54,72.38,67.34639718636889
2025-10-22 00:40:57.705448,77.02,90.62,65.56,41.51,73.27599374959573
2025-10-22 00:40:58.705447,97.34,34.07,251.5,26.55,97.91471922935244
2025-10-22 00:40:59.705447,103.23,59.92,220.3,39.3,104.0109036696198
2025-10-22 00:41:00.705446,101.35,80.05,185.25,23.52,100.41047726947016
2025-10-22 00:41:01.705446,87.26,32.71,217.52,60.81,93.8247369135283
2025-10-22 00:41:02.705445,63.65,36.49,99.81,91.69,66.44867567426584
2025-10-22 00:41:03.705445,138.8,98.72,208.24,118.98,135.66083341857103
2025-10-22 00:41:04.705444,94.82,40.83,149.02,144.24,93.87641483317074
2025-10-22 00:41:05.705444,68.92,27.76,124.54,75.06,66.20870701167011
2025-10-22 00:41:06.705443,59.48,33.93,105.15,74.09,63.27289522323788
2025-10-22 00:41:07.705443,132.59,91.25,220.51,115.53,134.92469293698178
2025-10-22 00:41:08.705442,111.53,74.26,212.0,22.88,105.4305056007516
2025-10-22 00:41:09.705442,74.05,68.93,108.95,15.45,70.2833903581321
2025-10-22 00:41:10.705441,133.84,81.46,223.31,120.03,131.7588094160504
2025-10-22 00:41:11.705441,125.34,44.95,272.95,137.54,131.8887736290667
2025-10-22 00:41:12.705440,55.54,47.94,104.98,18.95,59.272779179861
2025-10-22 00:41:13.705439,122.24,50.87,268.16,109.51,127.83845236361148
2025-10-22 00:41:14.705439,112.64,23.27,270.01,101.47,112.97324452039061
2025-10-22 00:41:15.705438,63.24,50.65,114.31,27.56,65.14897960135082
2025-10-22 00:41:16.705438,115.12,69.19,195.44,108.59,114.95458864570016
2025-10-22 00:41:17.705437,81.35,95.97,73.71,65.03,83.08452258927348
2025-10-22 00:41:18.705437,78.68,55.75,111.59,87.66,78.83690625224827
2025-10-22 00:41:19.705436,59.46,23.91,120.9,86.67,65.49436939608512
2025-10-22 00:41:20.705436,84.64,90.7,109.23,21.49,82.47179766388385
2025-10-22 00:41:21.705435,101.96,26.84,232.95,99.96,103.31229758677263
2025-10-22 00:41:22.705435,54.05,50.93,71.39,35.96,54.04824956819271
2025-10-22 00:41:23.705434,99.91,66.67,164.01,99.58,102.44574420789992
2025-10-22 00:41:24.705434,55.07,21.87,131.05,47.24,59.684708754829174
2025-10-22 00:41:25.705433,89.42,71.4,116.27,118.06,94.12830247061135
2025-10-22 00:41:26.705433,114.97,77.42,154.43,127.5,110.50011514069128
2025-10-22 00:41:27.705432,98.81,44.53,178.39,110.57,97.86885772342683
2025-10-22 00:41:28.705431,106.3,79.02,120.87,117.5,99.2170415775839
2025-10-22 00:41:29.705431,102.17,86.76,113.5,143.35,106.0170908594993
2025-10-22 00:41:30.705430,69.42,89.79,64.17,36.33,71.41202375761006
2025-10-22 00:41:31.705430,110.13,58.79,200.94,78.13,105.34301320514489
2025-10-22 00:41:32.705429,103.95,21.89,194.88,139.42,97.22807870060805
2025-10-22 00:41:33.705429,120.48,57.35,205.55,141.92,118.69440450218778
2025-10-22 00:41:34.705428,115.91,39.28,264.97,81.01,115.40649527264095
2025-10-22 00:41:35.705428,138.17,88.93,207.86,116.92,130.23375070466722
2025-10-22 00:41:36.705427,86.35,82.01,100.36,65.68,84.23924706612968
2025-10-22 00:41:37.705427,114.07,91.67,172.31,62.46,110.08131567946675
2025-10-22 00:41:38.705426,96.92,90.91,115.95,112.14,102.62588549164172
2025-10-22 00:41:39.705426,99.85,93.35,93.37,117.57,98.13510598937738
2025-10-22 00:41:40.705425,60.2,53.21,103.04,25.71,62.67288384457899
2025-10-22 00:41:41.705425,118.91,74.01,217.47,61.51,114.63307883793208
2025-10-22 00:41:42.705424,119.26,57.59,239.74,85.75,117.92944060196959
2025-10-22 00:41:43.705423,130.14,93.56,260.19,27.19,130.45040038245966
2025-10-22 00:41:44.705423,119.3,78.19,267.98,55.6,130.74594945499038
2025-10-22 00:41:45.705422,67.34,62.3,77.1,60.95,66.43008019821937
2025-10-22 00:41:46.705422,75.15,30.1,180.48,48.92,79.01044507767946
2025-10-22 00:41:47.705421,105.5,20.71,243.69,92.08,101.90601798143786
2025-10-22 00:41:48.705421,63.95,32.86,54.73,123.53,57.4013865594917
2025-10-22 00:41:49.705420,76.62,83.08,56.44,76.46,73.70665007560386
2025-10-22 00:41:50.705420,98.46,68.37,158.89,99.76,101.79271814633195
2025-10-22 00:41:51.705419,98.18,36.72,219.16,115.74,107.2502164784173
2025-10-22 00:41:52.705419,123.55,43.91,287.6,36.57,115.69533474345286
2025-10-22 00:41:53.705418,103.29,22.06,242.35,138.72,111.4542211525083
2025-10-22 00:41:54.705418,128.09,69.81,215.77,124.89,124.62243851984421
2025-10-22 00:41:55.705417,111.83,81.05,243.03,12.3,116.06173343433582
2025-10-22 00:41:56.705417,153.86,81.68,296.49,146.17,159.08184014315862
2025-10-22 00:41:57.705416,108.06,46.29,247.52,54.49,108.39390942540356
2025-10-22 00:41:58.705416,115.8,64.65,257.03,20.56,113.70237391669664
2025-10-22 00:41:59.705415,108.48,38.28,290.45,38.62,114.14070888497336
2025-10-22 00:42:00.705415,113.63,32.08,224.91,138.09,111.10082094324082
2025-10-22 00:42:01.705414,131.25,46.15,276.26,148.24,135.61338577373007
2025-10-22 00:42:02.705414,79.55,41.38,135.05,148.07,90.71099459821535
2025-10-22 00:42:03.705413,109.14,39.32,281.91,18.97,108.1847639189029
2025-10-22 00:42:04.705412,107.82,74.14,177.21,65.73,103.42615449911044
2025-10-22 00:42:05.705412,124.99,93.33,256.41,37.79,131.30608623367726
2025-10-22 00:42:06.705411,90.41,20.7,238.46,18.0,85.59556533393766
2025-10-22 00:42:07.705411,99.78,89.02,79.69,86.04,85.58092268873375
2025-10-22 00:42:08.705410,88.61,81.35,76.03,108.38,85.08125868727441
2025-10-22 00:42:09.705410,86.59,49.97,186.4,45.52,90.06662689096876
2025-10-22 00:42:10.705409,137.48,94.34,264.55,60.55,138.78687595381717
2025-10-22 00:42:11.705409,88.45,56.96,138.56,75.3,85.0981785240924
2025-10-22 00:42:12.705408,104.02,86.0,81.05,145.17,96.23659828860774
2025-10-22 00:42:13.705408,132.59,75.28,215.46,147.72,131.8088601161764
2025-10-22 00:42:14.705407,70.17,29.95,133.44,71.32,69.23910498541834
2025-10-22 00:42:15.705407,120.33,27.71,260.39,137.78,119.52386148571345
2025-10-22 00:42:16.705406,95.29,42.15,137.61,147.49,91.75140297233811
2025-10-22 00:42:17.705406,126.57,54.88,254.37,145.84,132.92324652714706
2025-10-22 00:42:18.705405,112.32,29.04,210.86,139.53,105.63806992850161
2025-10-22 00:42:19.705405,65.98,56.31,122.69,29.31,70.8526035587113
2025-10-22 00:42:20.705404,123.28,74.87,184.64,121.65,117.14758137263155
2025-10-22 00:42:21.705404,114.57,87.65,196.77,39.31,110.82240366205826
2025-10-22 00:42:22.705403,97.88,33.21,289.61,14.73,106.59786857561849
2025-10-22 00:42:23.705403,87.74,50.51,94.57,137.71,81.04584394475687
2025-10-22 00:42:24.705402,113.78,64.92,235.9,47.43,112.82472142518725
2025-10-22 00:42:25.705402,111.95,71.6,211.15,71.18,113.44791572369687
2025-10-22 00:42:26.705401,82.67,37.45,176.37,78.33,87.30383359145371
2025-10-22 00:42:27.705400,79.98,51.55,152.22,16.34,74.77274081608822
2025-10-22 00:42:28.705400,74.0,32.23,131.34,92.19,73.89962752011971
2025-10-22 00:42:29.705399,101.72,30.43,172.22,148.03,96.40068038791995
2025-10-22 00:42:30.705399,94.43,49.01,201.22,68.38,98.59019075047111
2025-10-22 00:42:31.705398,102.34,64.18,203.29,49.81,103.1174791996602
2025-10-22 00:42:32.705398,136.45,56.29,283.83,101.37,133.64809684786263
2025-10-22 00:42:33.705397,127.87,62.98,255.31,109.34,130.00405204885377
2025-10-22 00:42:34.705397,104.02,98.52,163.55,34.05,105.22691510054908
2025-10-22 00:42:35.705396,55.9,20.02,108.98,59.82,54.620705088607316
2025-10-22 00:42:36.705396,70.78,38.82,139.52,24.92,66.28300227755884
2025-10-22 00:42:37.705395,101.91,39.79,221.02,102.35,106.6844537679549
2025-10-22 00:42:38.705395,85.74,66.01,119.64,85.68,86.00328735309512
2025-10-22 00:42:39.705394,57.37,42.67,52.23,104.81,57.839634715229145
2025-10-22 00:42:40.705394,43.61,21.42,115.32,28.46,50.99260698560599
2025-10-22 00:42:41.705393,99.73,81.3,143.82,38.06,91.46482873681178
2025-10-22 00:42:42.705393,85.94,82.65,125.94,48.64,88.86619838188294
2025-10-22 00:42:43.705392,76.26,86.72,58.74,59.39,72.82688907266433
2025-10-22 00:42:44.705391,51.44,28.32,72.29,114.5,58.61435791922705
2025-10-22 00:42:45.705391,109.7,66.43,182.56,118.66,111.70026459337531
2025-10-22 00:42:46.705390,61.95,33.47,77.25,126.65,65.10195982569631
2025-10-22 00:42:47.705390,47.02,22.48,81.18,82.51,52.00208826051576
2025-10-22 00:42:48.705389,144.15,94.95,244.31,121.3,145.08488002776
2025-10-22 00:42:49.705389,67.59,78.31,61.51,70.91,71.73917447849422
2025-10-22 00:42:50.705388,81.47,52.46,111.18,138.16,87.108667577397
2025-10-22 00:42:51.705388,63.03,38.34,141.39,70.47,75.66357664351406
2025-10-22 00:42:52.705387,78.61,68.06,99.48,40.04,71.88900691054519
2025-10-22 00:42:53.705387,120.59,52.22,272.4,84.38,124.79252454558316
2025-10-22 00:42:54.705386,77.56,58.01,136.04,33.92,76.63681755394518
2025-10-22 00:42:55.705386,108.98,32.97,232.0,136.6,113.38310062977307
2025-10-22 00:42:56.705385,94.52,30.82,217.97,63.03,93.45503107992914
2025-10-22 00:42:57.705385,91.8,66.7,187.05,12.27,92.0286544677313
2025-10-22 00:42:58.705384,101.29,29.86,233.59,85.45,102.13175390312107
2025-10-22 00:42:59.705384,94.86,78.94,110.72,105.04,93.64569926077966
2025-10-22 00:43:00.705383,98.36,61.35,189.26,63.03,100.10858082639689
2025-10-22 00:43:01.705382,82.47,59.14,89.29,98.21,75.92434713924429
2025-10-22 00:43:02.705382,103.22,94.74,132.73,63.05,99.82949584858004
2025-10-22 00:43:03.705381,77.63,23.64,217.79,15.85,80.42235949473135
2025-10-22 00:43:04.705381,107.54,39.91,272.83,14.76,104.91151893882152
2025-10-22 00:43:05.705380,119.05,96.08,222.88,17.94,118.6491415278792
2025-10-22 00:43:06.705380,94.83,71.23,98.59,146.87,94.45393898228664
2025-10-22 00:43:07.705379,58.36,50.31,95.73,45.57,62.970960126123146
2025-10-22 00:43:08.705379,85.44,20.85,204.74,64.51,84.77617749811151
2025-10-22 00:43:09.705378,80.96,72.26,77.71,95.31,78.43492257762382
2025-10-22 00:43:10.705377,78.21,63.94,154.1,11.87,80.65460745335079
2025-10-22 00:43:11.705377,102.17,75.86,92.47,124.34,90.45122443142854
2025-10-22 00:43:12.705376,108.97,52.71,215.61,76.73,106.43268423026218
2025-10-22 00:43:13.705376,94.12,97.26,50.83,95.2,82.8475323310932
2025-10-22 00:43:14.705375,119.73,77.15,161.8,143.96,115.85534269644457
2025-10-22 00:43:15.705375,146.58,68.24,257.81,115.34,134.58367627848367
2025-10-22 00:43:16.705374,113.4,89.7,146.14,129.06,114.46666320916404
2025-10-22 00:43:17.705374,93.95,91.78,52.61,148.68,91.27391628186591
2025-10-22 00:43:18.705373,61.53,36.01,92.0,60.42,57.64023236822821
2025-10-22 00:43:19.705373,90.29,26.31,166.13,114.69,85.8749893758532
2025-10-22 00:43:20.705372,111.19,61.41,185.05,105.9,107.39761446402014
2025-10-22 00:43:21.705372,58.58,45.38,112.68,23.11,61.134310743947594
2025-10-22 00:43:22.705371,103.65,61.65,151.25,120.91,100.33490022682865
2025-10-22 00:43:23.705370,80.61,49.46,125.25,65.5,75.38907432991816
2025-10-22 00:43:24.705370,59.1,67.1,65.65,32.34,59.699987805223735
2025-10-22 00:43:25.705369,116.93,77.12,231.44,69.29,121.94038255144244
2025-10-22 00:43:26.705369,115.37,68.91,196.05,128.09,118.87578233428029
2025-10-22 00:43:27.705368,151.37,65.75,291.5,116.23,143.64843534595087
2025-10-22 00:43:28.705368,148.95,85.95,292.45,59.82,142.83280455926817
2025-10-22 00:43:29.705367,83.16,88.76,100.65,58.3,86.23942807775302
2025-10-22 00:43:30.705367,118.34,88.5,186.72,73.92,115.10761951723924
2025-10-22 00:43:31.705366,133.94,37.44,299.27,105.04,129.58209629222387
2025-10-22 00:43:32.705366,152.13,82.13,247.15,128.2,140.89080486981965
2025-10-22 00:43:33.705365,129.12,69.14,265.98,80.21,130.5059444683393
2025-10-22 00:43:34.705365,69.88,93.25,51.89,27.02,67.59928493849817
2025-10-22 00:43:35.705364,87.21,49.47,184.6,14.11,83.02828967990189
2025-10-22 00:43:36.705364,58.28,62.18,52.52,64.42,59.66574950427186
2025-10-22 00:43:37.705363,57.69,43.61,87.49,107.73,69.49823047316671
2025-10-22 00:43:38.705362,77.04,96.79,53.24,85.16,81.34050159023141
2025-10-22 00:43:39.705362,72.67,69.62,62.83,125.79,78.69793708131077
2025-10-22 00:43:40.705361,67.68,42.88,142.96,19.34,68.24152113389671
2025-10-22 00:43:41.705361,114.94,84.68,220.95,19.79,112.7270192564865
2025-10-22 00:43:42.705360,54.08,40.71,50.76,88.5,53.17226527368188
2025-10-22 00:43:43.705360,126.39,91.5,147.4,131.98,116.3278873363871
2025-10-22 00:43:44.705359,111.91,88.4,178.67,60.02,109.87162561526372
2025-10-22 00:43:45.705359,101.04,67.61,161.31,81.04,98.41728343453994
2025-10-22 00:43:46.705358,81.84,31.97,146.69,123.9,84.69318817560357
2025-10-22 00:43:47.705358,68.16,64.46,63.0,119.87,74.98751038704076
2025-10-22 00:43:48.705357,108.17,85.14,182.33,27.91,102.95430690661001
2025-10-22 00:43:49.705357,119.8,80.98,220.09,42.33,115.09772672833249
2025-10-22 00:43:50.705356,71.18,29.88,139.74,44.28,65.72186618938883
2025-10-22 00:43:51.705356,105.03,78.88,106.11,145.25,100.2253149349179
2025-10-22 00:43:52.705355,142.55,96.79,289.87,87.68,153.02609975290508
2025-10-22 00:43:53.705354,90.48,80.85,102.82,97.19,90.66464254904234
2025-10-22 00:43:54.705354,128.6,69.12,219.18,142.1,128.72519847747944
2025-10-22 00:43:55.705353,131.69,58.47,223.2,146.21,125.4180525692341
2025-10-22 00:43:56.705353,98.93,54.76,197.82,53.6,97.50787489114232
2025-10-22 00:43:57.705352,155.74,94.96,291.36,106.66,156.33232643552134
2025-10-22 00:43:58.705352,95.9,40.36,203.64,52.29,91.78624929600142
2025-10-22 00:43:59.705351,131.23,97.62,270.27,34.29,136.92804707942219
2025-10-22 00:44:00.705351,102.58,78.33,177.87,112.48,115.02023518505746
2025-10-22 00:44:01.705350,49.46,41.1,56.93,74.4,52.41964871228887
2025-10-22 00:44:02.705350,101.35,63.65,150.53,110.93,99.1352601653984
2025-10-22 00:44:03.705349,71.67,40.31,120.12,85.86,73.31221325101983
2025-10-22 00:44:04.705348,105.37,89.12,125.64,98.9,102.01139870746859
2025-10-22 00:44:05.705348,95.74,66.13,139.85,136.41,102.23164172761169
2025-10-22 00:44:06.705347,95.96,26.12,258.75,35.06,97.80649367904819
2025-10-22 00:44:07.705347,40.81,27.68,53.37,38.37,37.46239736424897
2025-10-22 00:44:08.705346,144.84,80.74,248.28,116.81,138.26948408391848
2025-10-22 00:44:09.705345,134.72,89.23,232.73,87.26,131.96712295047251
2025-10-22 00:44:10.705345,129.61,74.25,239.24,126.56,134.23860752558159
2025-10-22 00:44:11.705344,69.01,35.5,114.92,78.44,67.86333901847401
2025-10-22 00:44:12.705344,86.71,61.98,104.39,109.56,84.14631872744175
2025-10-22 00:44:13.705343,81.53,66.74,91.55,103.02,81.36705683790903
2025-10-22 00:44:14.705342,92.77,31.75,172.25,132.32,93.94658478014337
2025-10-22 00:44:15.705342,119.7,75.74,236.14,21.89,113.23679033809354
2025-10-22 00:44:16.705341,83.6,77.65,99.49,61.57,80.97657402066503
2025-10-22 00:44:17.705340,85.84,97.7,76.82,56.64,83.21802235815485
2025-10-22 00:44:18.705340,81.22,87.88,82.37,110.98,90.77595517911745
2025-10-22 00:44:19.705339,129.76,58.29,258.82,133.61,133.5375910670081
2025-10-22 00:44:20.705338,80.56,32.64,169.41,124.61,92.00470495862999
2025-10-22 00:44:21.705338,101.04,26.0,200.0,133.91,99.73094732047538
2025-10-22 00:44:22.705337,50.35,41.56,86.97,27.27,52.314203703136116
2025-10-22 00:44:23.705336,100.29,25.59,161.79,131.77,87.6054703619825
2025-10-22 00:44:24.705335,67.89,27.21,131.92,64.9,66.13285105313835
2025-10-22 00:44:25.705335,74.73,26.74,183.11,31.67,74.68836794325983
2025-10-22 00:44:26.705334,120.62,74.44,251.34,62.39,125.2124142062419
2025-10-22 00:44:27.705333,119.74,93.67,149.42,132.43,118.11184198756484
2025-10-22 00:44:28.705333,96.7,98.75,64.87,90.22,86.82700054914382
2025-10-22 00:44:29.705332,120.88,77.52,158.02,148.31,115.7686014770899
2025-10-22 00:44:30.705331,95.86,79.31,125.93,55.7,88.59443273526044
2025-10-22 00:44:31.705331,160.06,95.49,292.51,109.25,157.4587824144907
2025-10-22 00:44:32.705330,89.9,44.66,181.01,87.9,94.2137969862191
2025-10-22 00:44:33.705330,92.37,47.26,172.18,59.71,87.25357262004623
2025-10-22 00:44:34.705329,109.96,72.46,212.3,18.38,103.72435892179462
2025-10-22 00:44:35.705328,115.04,84.95,179.87,112.16,118.87372751130118
2025-10-22 00:44:36.705328,133.1,75.25,244.02,87.0,128.3101741700003
2025-10-22 00:44:37.705327,106.44,71.26,196.87,39.62,102.70557253081884
2025-10-22 00:44:38.705327,85.21,39.33,173.42,102.45,92.15464330074624
2025-10-22 00:44:39.705326,132.61,45.33,259.59,143.42,129.2293954973883
2025-10-22 00:44:40.705325,84.71,77.65,63.59,128.9,83.56668842569806
2025-10-22 00:44:41.705325,106.27,71.74,224.57,16.93,106.76653961340071
2025-10-22 00:44:42.705324,98.69,97.19,90.72,52.36,86.29292737750592
2025-10-22 00:44:43.705324,70.58,24.58,180.67,30.69,72.67767473714122
2025-10-22 00:44:44.705323,113.62,60.56,214.58,112.74,117.21555780038135
2025-10-22 00:44:45.705323,79.93,88.95,56.26,92.2,79.72253755050446
2025-10-22 00:44:46.705322,76.99,94.25,50.4,70.97,76.39212028247285
2025-10-22 00:44:47.705322,116.71,33.28,256.31,124.03,118.3516688151212
2025-10-22 00:44:48.705321,86.11,67.08,70.87,137.42,82.15730828035532
2025-10-22 00:44:49.705321,80.59,89.57,60.18,111.83,85.1160627901333
2025-10-22 00:44:50.705320,60.03,64.45,85.68,42.71,66.46059807384549
2025-10-22 00:44:51.705319,133.81,77.16,217.07,131.91,130.09064617832232
2025-10-22 00:44:52.705319,143.48,97.27,221.31,114.93,138.0610146121191
2025-10-22 00:44:53.705318,43.62,35.73,63.91,23.16,41.63998576046886
2025-10-22 00:44:54.705318,92.21,28.71,176.53,86.63,84.62533589337045
2025-10-22 00:44:55.705317,158.39,83.49,297.63,98.94,150.93875469376204
2025-10-22 00:44:56.705317,116.98,63.86,218.46,145.02,126.45494501084222
2025-10-22 00:44:57.705316,43.26,20.69,81.44,93.07,53.283865454232
2025-10-22 00:44:58.705316,81.55,81.28,103.97,14.52,74.78554959099534
2025-10-22 00:44:59.705315,61.32,31.63,137.15,10.18,59.03778402685453
2025-10-22 00:45:00.705315,96.27,42.33,204.29,67.38,95.96933102881708
2025-10-22 00:45:01.705314,133.14,39.6,279.55,135.26,130.74137944152878
2025-10-22 00:45:02.705314,92.88,24.75,216.89,44.62,86.42896042194127
2025-10-22 00:45:03.705313,114.94,86.39,234.4,10.7,115.82183565685733
2025-10-22 00:45:04.705312,102.42,65.58,222.05,19.32,103.39865471525326
2025-10-22 00:45:05.705312,93.47,24.82,245.93,45.44,95.36307634575999
2025-10-22 00:45:06.705311,124.06,47.76,298.47,42.95,122.16227539316316
2025-10-22 00:45:07.705311,75.65,55.98,112.69,90.24,79.79608400431816
2025-10-22 00:45:08.705310,89.83,29.71,196.97,58.41,85.66299789414134
2025-10-22 00:45:09.705310,87.27,45.53,223.44,41.57,98.20001934763042
2025-10-22 00:45:10.705309,134.65,72.79,285.52,50.22,132.24806000995062
2025-10-22 00:45:11.705308,79.4,73.0,105.58,84.76,85.09149997124467
2025-10-22 00:45:12.705308,66.43,22.86,133.29,70.19,65.41839352620958
2025-10-22 00:45:13.705307,136.11,56.02,279.97,117.03,135.4659544438667
2025-10-22 00:45:14.705306,114.69,95.65,147.93,53.02,102.86316000623084
2025-10-22 00:45:15.705306,124.49,84.73,195.9,112.59,123.67129904401793
2025-10-22 00:45:16.705305,119.9,77.3,184.74,106.13,115.30824698583302
2025-10-22 00:45:17.705305,149.0,75.72,293.8,103.74,146.84972681599956
2025-10-22 00:45:18.705304,101.26,34.88,254.33,42.58,102.35957740024304
2025-10-22 00:45:19.705303,136.75,89.32,267.84,69.54,139.05026063483345
2025-10-22 00:45:20.705303,118.94,72.42,186.19,121.52,116.36098145261361
2025-10-22 00:45:21.705302,75.82,48.28,124.48,60.95,73.66161351550842
2025-10-22 00:45:22.705301,83.52,79.94,111.21,67.15,86.75883163405406
2025-10-22 00:45:23.705301,116.61,32.79,235.31,120.22,111.03123157464366
2025-10-22 00:45:24.705300,64.54,37.87,152.22,21.62,68.97144243785797
2025-10-22 00:45:25.705300,97.33,49.71,194.38,80.05,99.2039071974787
2025-10-22 00:45:26.705299,76.5,31.65,157.44,83.39,79.71066922997842
2025-10-22 00:45:27.705298,80.72,37.09,207.32,49.7,90.74051544273485
2025-10-22 00:45:28.705298,128.46,59.58,273.61,104.53,132.84979997904875
2025-10-22 00:45:29.705297,76.16,53.25,111.35,82.22,76.43079858905128
2025-10-22 00:45:30.705296,122.61,76.75,280.05,30.47,128.65818032421942
2025-10-22 00:45:31.705296,82.4,94.94,68.82,28.32,73.79719533982869
2025-10-22 00:45:32.705295,104.63,84.98,177.11,66.05,108.88867969682558
2025-10-22 00:45:33.705294,89.58,84.99,72.12,132.69,90.56251673483956
2025-10-22 00:45:34.705294,83.52,72.31,79.24,88.63,77.59179098758162
2025-10-22 00:45:35.705293,55.87,43.54,86.22,16.73,50.98415636035702
2025-10-22 00:45:36.705293,98.71,44.61,188.73,92.05,97.33643341919849
2025-10-22 00:45:37.705292,84.12,57.84,149.86,42.26,82.36764911994085
2025-10-22 00:45:38.705292,71.82,42.51,132.24,54.37,71.79769849622693
2025-10-22 00:45:39.705291,65.34,85.7,53.33,21.35,63.12364645329683
2025-10-22 00:45:40.705290,69.46,48.43,79.79,116.0,71.24049545902601
2025-10-22 00:45:41.705290,116.7,46.39,229.95,124.5,117.08121240038214
2025-10-22 00:45:42.705289,50.63,29.24,122.08,11.15,53.500260536655006
2025-10-22 00:45:43.705288,124.38,53.49,294.97,64.16,128.19711147750817
2025-10-22 00:45:44.705287,72.48,48.6,86.79,93.28,68.91314222071082
2025-10-22 00:45:45.705287,134.81,73.14,209.25,146.37,128.60048844434635
2025-10-22 00:45:46.705286,117.16,76.19,192.76,96.0,115.1504222864632
2025-10-22 00:45:47.705286,92.07,61.53,117.54,115.54,89.06603724694027
2025-10-22 00:45:48.705285,77.36,44.72,139.67,46.05,73.48508443818896
2025-10-22 00:45:49.705285,62.01,66.69,69.0,45.14,63.047923032615394
2025-10-22 00:45:50.705284,70.6,39.64,129.79,146.89,88.02254612776316
2025-10-22 00:45:51.705284,95.04,79.61,88.7,138.12,93.93561150860636
2025-10-22 00:45:52.705283,111.38,60.55,208.19,114.39,115.61640334318508
2025-10-22 00:45:53.705282,99.61,28.11,193.6,146.25,101.3164353811408
2025-10-22 00:45:54.705282,137.54,58.94,288.7,110.56,138.2679070609602
2025-10-22 00:45:55.705281,98.76,30.37,182.51,135.54,96.98227159599128
2025-10-22 00:45:56.705281,111.48,34.35,273.59,64.62,112.27109285873085
2025-10-22 00:45:57.705280,106.01,75.33,173.54,88.64,107.47416852470568
2025-10-22 00:45:58.705280,91.14,77.93,127.58,27.14,82.71999009896851
2025-10-22 00:45:59.705279,114.04,55.1,260.92,74.02,120.72115539915676
2025-10-22 00:46:00.705279,86.09,53.19,154.12,65.97,86.0354747703095
2025-10-22 00:46:01.705278,95.25,81.31,129.16,73.26,94.05987371385389
2025-10-22 00:46:02.705278,106.68,32.98,222.95,97.69,102.92768881207851
2025-10-22 00:46:03.705277,91.87,47.0,201.55,29.49,89.94883241832454
2025-10-22 00:46:04.705277,140.29,95.1,275.16,93.69,148.9497464333635
2025-10-22 00:46:05.705276,81.92,96.55,115.07,34.76,89.79743758625368
2025-10-22 00:46:06.705276,154.47,73.12,293.82,127.49,150.27670140349272
2025-10-22 00:46:07.705275,96.06,79.55,144.23,57.42,94.5617993154388
2025-10-22 00:46:08.705275,61.14,25.92,69.12,129.95,59.53126063193845
2025-10-22 00:46:09.705274,123.12,39.54,261.73,115.94,121.5084855052537
2025-10-22 00:46:10.705274,79.29,37.33,105.31,135.71,77.2780729543733
2025-10-22 00:46:11.705273,78.79,66.57,154.72,15.31,82.84240102088323
2025-10-22 00:46:12.705273,99.01,81.13,168.99,10.0,93.37124828508729
2025-10-22 00:46:13.705272,108.03,78.27,128.86,144.75,106.66416729291878
2025-10-22 00:46:14.705271,47.31,38.9,77.92,31.67,49.13454563628183
2025-10-22 00:46:15.705271,59.8,71.81,68.02,15.36,59.395068146093
2025-10-22 00:46:16.705270,116.57,67.52,222.01,50.26,110.51119587382918
2025-10-22 00:46:17.705270,91.11,96.44,84.01,74.14,88.23010449413603
2025-10-22 00:46:18.705269,55.2,23.39,53.93,83.65,44.487042621541235
2025-10-22 00:46:19.705269,128.4,79.79,250.95,79.33,131.14333925080348
2025-10-22 00:46:20.705268,116.66,85.65,174.83,96.65,114.62370469445169
2025-10-22 00:46:21.705268,75.47,34.22,144.53,68.76,74.20469702477808
2025-10-22 00:46:22.705267,98.6,23.06,220.15,94.4,96.46289229543223
2025-10-22 00:46:23.705267,74.34,83.72,56.46,43.46,67.47055974051592
2025-10-22 00:46:24.705266,63.04,73.75,73.92,35.54,66.15469839919471
2025-10-22 00:46:25.705266,114.95,47.94,216.09,126.55,114.09572589087321
2025-10-22 00:46:26.705265,73.87,62.62,81.79,70.09,69.81887026966913
2025-10-22 00:46:27.705265,106.8,98.32,91.79,96.19,95.89712066991576
2025-10-22 00:46:28.705264,114.92,88.16,201.61,69.05,118.44815094569627
2025-10-22 00:46:29.705264,116.73,38.56,219.16,131.91,111.38743094294433
2025-10-22 00:46:30.705263,110.36,38.02,258.4,90.4,114.6663943136358
2025-10-22 00:46:31.705262,115.9,59.69,210.33,120.03,116.95107351778304
2025-10-22 00:46:32.705262,107.63,64.68,184.65,102.45,108.22889618889411
2025-10-22 00:46:33.705261,107.34,74.07,162.96,129.02,111.69066762518253
2025-10-22 00:46:34.705261,124.29,95.92,175.79,119.03,124.50665679070681
2025-10-22 00:46:35.705260,105.7,62.44,178.97,135.83,112.03655723543297
2025-10-22 00:46:36.705260,89.92,47.39,196.81,19.65,86.76138113354712
2025-10-22 00:46:37.705259,84.25,57.87,95.93,93.75,76.39883045257463
2025-10-22 00:46:38.705259,80.59,60.33,138.21,46.65,80.98311645948735
2025-10-22 00:46:39.705258,61.4,26.54,136.39,27.06,59.61683228451378
2025-10-22 00:46:40.705258,99.88,80.48,129.48,103.36,99.72637111963174
2025-10-22 00:46:41.705257,119.81,81.42,217.99,36.38,113.50309303342516
2025-10-22 00:46:42.705257,124.28,90.48,200.11,112.11,127.72207801443088
2025-10-22 00:46:43.705256,159.04,88.73,295.76,147.24,162.6058595746517
2025-10-22 00:46:44.705255,92.29,76.74,166.51,67.78,101.91714695866375
2025-10-22 00:46:45.705255,108.38,68.78,169.18,131.64,111.43346129543337
2025-10-22 00:46:46.705254,97.49,52.1,131.06,136.26,92.5309413713406
2025-10-22 00:46:47.705254,123.24,87.97,156.35,124.75,115.81454478237589
2025-10-22 00:46:48.705253,50.99,20.24,86.43,77.94,51.55074533258896
2025-10-22 00:46:49.705253,66.66,27.67,175.17,76.19,81.61917242817913
2025-10-22 00:46:50.705252,98.35,22.81,278.45,41.52,103.35971223805745
2025-10-22 00:46:51.705252,127.0,65.25,281.74,62.14,129.70520228846584
2025-10-22 00:46:52.705251,61.35,84.96,56.68,11.89,61.87951201474395
2025-10-22 00:46:53.705251,95.8,68.06,99.27,127.89,89.29636716976522
2025-10-22 00:46:54.705250,103.75,74.45,188.92,48.58,103.69350095788884
2025-10-22 00:46:55.705250,65.2,46.78,74.07,109.8,67.46042530109546
2025-10-22 00:46:56.705249,93.1,87.66,85.32,86.28,86.64117581377279
2025-10-22 00:46:57.705249,113.01,24.73,264.95,147.04,121.24467755980719
2025-10-22 00:46:58.705248,104.03,80.03,178.93,73.25,108.38893480321612
2025-10-22 00:46:59.705247,97.86,81.91,181.67,20.51,99.66646742481598
2025-10-22 00:47:00.705247,95.34,52.88,154.13,120.48,96.72350872218107
2025-10-22 00:47:01.705246,98.61,93.0,55.48,122.67,87.5757456588826
2025-10-22 00:47:02.705246,33.8,28.76,60.44,13.76,35.23599488230229
2025-10-22 00:47:03.705245,116.08,38.93,281.49,77.46,119.49487022984712
2025-10-22 00:47:04.705245,64.63,30.01,127.24,82.11,69.54981681957725
2025-10-22 00:47:05.705244,112.92,94.16,143.47,90.79,108.28647888890198
2025-10-22 00:47:06.705244,88.47,64.59,133.2,97.12,91.64635987981976
2025-10-22 00:47:07.705243,67.25,48.51,65.6,137.04,71.19601892860379
2025-10-22 00:47:08.705243,73.55,25.04,162.9,105.88,82.51524547233016
2025-10-22 00:47:09.705242,82.44,32.94,124.45,132.13,80.1253028397986
2025-10-22 00:47:10.705242,123.32,77.16,262.62,14.21,120.38653282547132
2025-10-22 00:47:11.705241,139.18,60.18,278.64,104.06,134.5699833006812
2025-10-22 00:47:12.705240,115.61,65.65,162.41,148.73,111.22792955368608
2025-10-22 00:47:13.705240,82.57,79.26,108.46,39.17,80.02667724871618
2025-10-22 00:47:14.705239,87.06,45.28,222.75,18.23,93.22566876325502
2025-10-22 00:47:15.705239,60.57,91.7,52.05,10.44,63.57390681956263
2025-10-22 00:47:16.705238,91.71,69.32,91.53,116.36,85.30607134048225
2025-10-22 00:47:17.705238,63.9,39.82,53.52,102.3,56.301183744524316
2025-10-22 00:47:18.705237,123.82,89.3,166.47,126.41,119.85512476503767
2025-10-22 00:47:19.705237,96.15,42.15,197.09,102.9,100.77701826987658
2025-10-22 00:47:20.705236,111.49,32.05,253.1,71.52,106.327452922375
2025-10-22 00:47:21.705236,99.63,28.04,219.47,58.01,91.51565338370594
2025-10-22 00:47:22.705235,79.89,56.45,127.16,11.19,68.66392751714162
2025-10-22 00:47:23.705235,90.98,74.53,117.81,88.36,90.25279174592947
2025-10-22 00:47:24.705234,56.12,33.12,79.3,78.33,55.934072744528244
2025-10-22 00:47:25.705234,111.73,36.42,247.12,97.47,111.87774841432523
2025-10-22 00:47:26.705233,113.22,38.81,247.32,108.72,115.37215376493357
2025-10-22 00:47:27.705233,81.85,70.45,76.08,117.72,81.49470521199373
2025-10-22 00:47:28.705232,85.23,25.16,201.36,35.6,80.16868494774948
2025-10-22 00:47:29.705232,134.05,43.64,285.02,125.14,132.3976988029304
2025-10-22 00:47:30.705231,73.24,63.65,103.34,66.53,76.10955317396818
2025-10-22 00:47:31.705230,119.36,45.8,257.96,144.57,129.20313601429288
2025-10-22 00:47:32.705230,74.83,54.17,165.2,15.89,79.90013957675782
2025-10-22 00:47:33.705229,95.2,87.05,94.77,112.49,94.3908008261398
2025-10-22 00:47:34.705229,109.58,96.03,153.11,67.12,107.41578860336402
2025-10-22 00:47:35.705228,91.58,89.36,119.03,49.74,90.36679794685655
2025-10-22 00:47:36.705228,111.57,71.22,235.5,10.67,108.5492250132037
2025-10-22 00:47:37.705227,88.09,77.6,96.68,77.97,83.36764309546838
2025-10-22 00:47:38.705227,76.88,90.41,83.08,63.32,82.77859721770224
2025-10-22 00:47:39.705226,95.77,68.78,169.76,69.68,99.28609324914122
2025-10-22 00:47:40.705226,86.22,41.04,165.03,117.67,93.51389584469018
2025-10-22 00:47:41.705225,85.06,44.21,182.61,44.55,85.84882828818573
2025-10-22 00:47:42.705225,82.23,65.2,107.45,70.78,78.96741860167536
2025-10-22 00:47:43.705224,136.16,91.23,189.15,141.87,130.7189507876234
2025-10-22 00:47:44.705223,66.92,37.88,58.12,129.27,62.076841689561455
2025-10-22 00:47:45.705223,159.06,93.86,270.62,136.12,155.4009299275079
2025-10-22 00:47:46.705222,109.52,37.01,242.94,125.76,116.54175330018037
2025-10-22 00:47:47.705222,69.05,38.49,156.7,52.42,76.75478323184484
2025-10-22 00:47:48.705221,130.68,78.59,214.39,127.09,129.04207322312078
2025-10-22 00:47:49.705221,76.95,40.51,179.24,18.58,77.8173869639621
2025-10-22 00:47:50.705220,82.67,62.39,115.79,96.74,85.23158933288137
2025-10-22 00:47:51.705220,87.11,48.47,210.51,10.76,89.6556562573987
2025-10-22 00:47:52.705219,120.61,73.15,242.6,29.29,115.35460444259941
2025-10-22 00:47:53.705219,120.85,73.7,192.03,100.98,114.67412034629722
2025-10-22 00:47:54.705218,34.64,21.15,68.85,21.08,35.41035616982698
2025-10-22 00:47:55.705218,92.48,45.3,145.23,116.02,89.36293479384813
2025-10-22 00:47:56.705217,104.35,55.45,173.23,122.65,104.18795465945122
2025-10-22 00:47:57.705217,133.17,70.9,293.65,46.33,132.97361561096898
2025-10-22 00:47:58.705216,102.89,30.01,241.12,61.02,99.61375799454687
2025-10-22 00:47:59.705215,79.4,91.31,82.22,26.85,75.71792400477229
2025-10-22 00:48:00.705215,128.11,64.0,197.19,141.2,119.36681740386676
2025-10-22 00:48:01.705214,114.71,36.72,253.11,71.92,108.74887271948676
2025-10-22 00:48:02.705214,86.97,64.11,142.81,19.97,78.95425177519274
2025-10-22 00:48:03.705213,83.08,69.43,99.86,92.08,83.03853328067311
2025-10-22 00:48:04.705213,81.38,61.49,126.94,16.67,72.21171179296891
2025-10-22 00:48:05.705212,134.9,56.22,279.17,110.1,133.94730550534803
2025-10-22 00:48:06.705212,66.13,74.3,75.4,53.93,70.5325542888386
2025-10-22 00:48:07.705211,115.7,93.17,198.72,48.93,116.08669008587901
2025-10-22 00:48:08.705211,128.44,93.04,208.24,93.04,127.65750322466279
2025-10-22 00:48:09.705210,134.5,84.46,275.28,55.72,136.10603166333803
2025-10-22 00:48:10.705210,84.66,89.27,51.24,78.35,75.61833730339788
2025-10-22 00:48:11.705209,92.78,36.07,243.53,48.53,100.88990479410971
2025-10-22 00:48:12.705209,125.1,43.03,258.56,120.18,123.14595448067843
2025-10-22 00:48:13.705208,82.12,54.89,74.22,149.38,79.43844662027345
2025-10-22 00:48:14.705208,110.83,41.95,255.16,65.47,110.70219668005697
2025-10-22 00:48:15.705207,76.04,45.97,111.62,87.76,73.96772485084459
2025-10-22 00:48:16.705207,113.99,47.25,262.29,90.72,120.5228828907207
2025-10-22 00:48:17.705206,143.63,89.04,224.01,148.4,141.4075387311273
2025-10-22 00:48:18.705205,96.6,54.1,167.93,112.75,99.94866890882058
2025-10-22 00:48:19.705205,77.86,74.55,103.66,82.74,84.88848381991124
2025-10-22 00:48:20.705204,99.13,90.96,120.26,81.34,97.82235947741981
2025-10-22 00:48:21.705204,112.49,81.27,170.42,124.64,116.66974659473918
2025-10-22 00:48:22.705203,57.86,43.87,50.47,99.18,56.79154844058844
2025-10-22 00:48:23.705203,108.92,39.48,295.14,52.32,118.87706419457795
2025-10-22 00:48:24.705202,133.13,83.29,256.46,39.42,126.6169738918355
2025-10-22 00:48:25.705202,82.46,78.51,85.8,99.0,84.7325987030466
2025-10-22 00:48:26.705201,77.31,79.13,50.79,92.13,73.14497264417821
2025-10-22 00:48:27.705201,119.36,83.81,161.47,109.47,112.23263184428062
2025-10-22 00:48:28.705200,93.61,84.02,139.57,40.97,92.1272743435188
2025-10-22 00:48:29.705200,56.41,21.64,120.24,16.75,50.25411124906662
2025-10-22 00:48:30.705199,103.27,44.73,250.05,26.61,102.82927478489835
2025-10-22 00:48:31.705199,117.78,60.86,279.46,14.86,117.41821809777018
2025-10-22 00:48:32.705198,128.33,98.26,198.02,62.31,121.086174660708
2025-10-22 00:48:33.705198,41.39,22.06,52.87,43.26,35.46979722226829
2025-10-22 00:48:34.705197,104.46,52.8,253.59,10.44,104.72018481856503
2025-10-22 00:48:35.705197,93.39,89.0,99.22,102.11,94.64184259185349
2025-10-22 00:48:36.705196,126.79,76.98,196.59,138.99,125.24756500231547
2025-10-22 00:48:37.705195,76.91,24.21,168.3,71.75,76.93666189570031
2025-10-22 00:48:38.705195,94.58,25.55,188.21,100.6,89.33455118998623
2025-10-22 00:48:39.705194,123.78,93.12,166.88,101.4,116.91794150751761
2025-10-22 00:48:40.705194,100.48,36.3,296.36,27.92,112.79906681481464
2025-10-22 00:48:41.705193,70.35,20.24,126.89,110.35,70.16746890754142
2025-10-22 00:48:42.705193,104.22,29.83,245.56,100.48,108.70659864878941
2025-10-22 00:48:43.705192,77.23,49.25,138.2,48.74,75.84657313290273
2025-10-22 00:48:44.705192,125.82,74.15,248.49,126.41,136.94133491429656
2025-10-22 00:48:45.705191,91.72,79.37,94.72,127.69,93.55219444579913
2025-10-22 00:48:46.705191,85.74,51.75,127.53,96.24,83.33504783046999
2025-10-22 00:48:47.705190,71.87,97.67,62.63,21.2,71.88640307571293
2025-10-22 00:48:48.705190,85.37,62.63,164.77,31.82,87.17574866059618
2025-10-22 00:48:49.705189,62.9,49.57,56.7,95.33,60.75477012375416
2025-10-22 00:48:50.705189,55.3,59.13,71.08,14.82,53.8577143346295
2025-10-22 00:48:51.705188,57.24,51.62,73.38,63.14,60.397690267505936
2025-10-22 00:48:52.705188,67.22,27.19,163.12,13.56,65.29873366161672
2025-10-22 00:48:53.705187,93.26,75.29,143.29,62.85,93.22534974039637
2025-10-22 00:48:54.705187,120.45,55.33,292.64,41.32,123.87556965016837
2025-10-22 00:48:55.705186,126.53,52.82,293.6,73.3,129.2670768912357
2025-10-22 00:48:56.705186,114.47,25.11,245.5,135.55,113.29893602815851
2025-10-22 00:48:57.705185,95.33,35.01,200.7,104.17,98.53965376744577
2025-10-22 00:48:58.705184,69.22,30.87,149.07,17.66,63.730531724152236
2025-10-22 00:48:59.705184,124.84,91.98,193.46,89.45,121.96648280696591
2025-10-22 00:49:00.705183,72.63,36.73,126.17,80.02,72.17786018546286
2025-10-22 00:49:01.705183,121.45,71.95,245.2,65.26,122.68903272282735
2025-10-22 00:49:02.705182,71.57,88.25,58.73,13.37,64.43825205070334
2025-10-22 00:49:03.705182,56.73,72.99,50.77,73.5,66.35896868902944
2025-10-22 00:49:04.705181,86.86,46.86,144.56,131.69,93.05893026662467
2025-10-22 00:49:05.705181,58.04,26.58,111.9,71.3,61.06754736751456
2025-10-22 00:49:06.705180,127.45,97.55,166.01,115.61,121.70079976564237
2025-10-22 00:49:07.705180,105.09,45.72,253.6,71.41,113.30230239300829
2025-10-22 00:49:08.705179,111.51,63.31,227.85,55.22,111.1459199579883
2025-10-22 00:49:09.705179,65.7,30.23,92.06,110.82,64.78643464929354
2025-10-22 00:49:10.705178,106.73,78.96,151.97,94.49,103.96673245103204
2025-10-22 00:49:11.705178,126.39,84.04,177.64,144.33,124.1447087576428
2025-10-22 00:49:12.705177,117.57,90.49,201.93,43.05,114.54078128021828
2025-10-22 00:49:13.705177,149.03,94.87,248.93,143.43,150.83557363045134
2025-10-22 00:49:14.705176,71.75,67.21,118.79,27.28,74.73470042407041
2025-10-22 00:49:15.705176,110.56,36.76,239.63,88.67,108.04480679485259
2025-10-22 00:49:16.705175,115.95,27.37,241.13,113.63,108.75701510393333
2025-10-22 00:49:17.705174,115.79,77.46,220.96,89.17,122.9114989380313
2025-10-22 00:49:18.705174,98.92,42.27,187.36,91.95,95.73247869912478
2025-10-22 00:49:19.705173,124.05,68.49,282.86,37.35,126.73487643517223
2025-10-22 00:49:20.705173,66.29,42.33,57.96,137.6,65.91396044704581
2025-10-22 00:49:21.705172,55.25,40.81,56.2,123.36,61.791371858717596
2025-10-22 00:49:22.705172,119.24,87.11,200.54,74.75,118.73394456926613
2025-10-22 00:49:23.705171,99.17,77.68,196.65,13.95,100.74976767961212
2025-10-22 00:49:24.705171,122.55,50.19,258.71,101.53,123.06811934726156
2025-10-22 00:49:25.705170,65.05,66.27,109.54,29.64,71.95061020924052
2025-10-22 00:49:26.705170,103.09,54.08,179.36,145.19,109.82836380044719
2025-10-22 00:49:27.705169,117.57,52.06,203.6,114.98,110.10091860343891
2025-10-22 00:49:28.705169,72.17,34.9,109.74,87.35,67.77647579036758
2025-10-22 00:49:29.705168,93.54,45.55,171.21,64.0,86.95849913333849
2025-10-22 00:49:30.705168,90.61,31.06,174.25,113.71,90.50173653713526
2025-10-22 00:49:31.705167,120.9,77.15,285.71,21.39,128.7554670008866
2025-10-22 00:49:32.705167,92.57,27.51,193.89,137.19,99.30143640592189
2025-10-22 00:49:33.705166,124.27,38.74,263.15,131.55,124.639322305668
2025-10-22 00:49:34.705166,88.81,51.81,167.19,89.24,93.90378140271993
2025-10-22 00:49:35.705165,130.51,79.25,237.77,102.68,131.55156846039645
2025-10-22 00:49:36.705164,114.38,41.48,257.44,63.05,110.67143097977579
2025-10-22 00:49:37.705164,66.52,58.51,78.51,41.72,61.13188135692587
2025-10-22 00:49:38.705163,72.07,77.39,124.89,16.15,79.45476455803792
2025-10-22 00:49:39.705163,63.6,50.01,60.61,95.07,62.099658180916016
2025-10-22 00:49:40.705162,114.32,54.07,184.77,147.63,111.9360614332395
2025-10-22 00:49:41.705162,108.55,92.72,149.77,100.48,111.38751965915455
2025-10-22 00:49:42.705161,129.78,78.49,235.87,78.23,125.73705318996231
2025-10-22 00:49:43.705161,145.4,98.86,279.3,33.86,140.1800186278868
2025-10-22 00:49:44.705160,102.47,90.8,84.57,148.71,100.4034696487399
2025-10-22 00:49:45.705160,122.23,82.28,249.86,49.1,126.0507266823636
2025-10-22 00:49:46.705159,107.02,64.69,183.81,74.88,102.49842618500755
2025-10-22 00:49:47.705159,90.68,26.2,242.9,20.68,90.21874956181404
2025-10-22 00:49:48.705158,94.22,76.01,131.66,94.91,96.46304015687419
2025-10-22 00:49:49.705158,144.23,87.92,271.21,87.55,142.94449424483543
2025-10-22 00:49:50.705157,125.45,82.65,247.27,86.02,132.7990916913522
2025-10-22 00:49:51.705157,100.14,33.04,204.54,87.39,95.37119414612003
2025-10-22 00:49:52.705156,96.94,66.37,156.96,89.2,98.1104253398472
2025-10-22 00:49:53.705155,115.28,88.6,215.17,10.93,111.18952044748507
2025-10-22 00:49:54.705155,104.5,64.83,204.76,56.49,105.21366797686328
2025-10-22 00:49:55.705154,69.02,53.62,130.86,39.6,74.00947519625235
2025-10-22 00:49:56.705154,115.31,52.67,236.79,102.26,117.86123956564533
2025-10-22 00:49:57.705153,147.28,95.42,242.88,127.4,146.10318120871494
2025-10-22 00:49:58.705153,90.86,65.81,119.24,124.7,93.54261190021248
2025-10-22 00:49:59.705152,106.17,76.21,154.04,140.92,112.44559722473
2025-10-22 00:50:00.705152,98.32,39.68,206.57,79.48,97.73432141705388
2025-10-22 00:50:01.705151,53.74,69.33,58.55,18.17,55.86301236178395
2025-10-22 00:50:02.705151,103.92,42.62,192.7,124.34,103.95550616619424
2025-10-22 00:50:03.705150,90.11,64.52,170.7,69.51,97.4015369946976
2025-10-22 00:50:04.705150,36.13,21.65,69.62,33.74,38.410071909490966
2025-10-22 00:50:05.705149,100.44,48.58,201.89,77.88,100.46563215897015
2025-10-22 00:50:06.705149,61.45,26.25,141.89,58.41,67.36063982546031
2025-10-22 00:50:07.705148,125.78,72.82,191.99,138.37,121.65702507792449
2025-10-22 00:50:08.705148,115.69,61.15,239.09,58.39,114.07582739392487
2025-10-22 00:50:09.705147,122.89,96.29,203.4,51.47,119.56226160876722
2025-10-22 00:50:10.705146,45.53,40.56,58.04,91.67,55.91756510993803
2025-10-22 00:50:11.705146,79.13,35.45,148.6,112.59,84.76145100386375
2025-10-22 00:50:12.705145,111.3,57.19,210.78,94.09,110.67574646693488
2025-10-22 00:50:13.705145,82.82,82.81,72.23,88.14,80.64424442625575
2025-10-22 00:50:14.705144,59.67,21.22,81.5,121.68,59.256960527264354
2025-10-22 00:50:15.705144,98.52,85.77,148.21,81.1,103.58342259237196
2025-10-22 00:50:16.705143,95.53,77.39,145.82,23.85,87.28233413522484
2025-10-22 00:50:17.705143,89.69,53.46,148.25,73.77,85.9560183162698
2025-10-22 00:50:18.705142,122.01,84.38,159.14,138.3,117.55053683755919
2025-10-22 00:50:19.705142,123.53,74.15,191.55,149.96,124.49563969346782
2025-10-22 00:50:20.705141,83.94,64.24,122.74,79.88,84.89595013720445
2025-10-22 00:50:21.705141,112.73,54.77,211.09,142.99,119.28163398837907
2025-10-22 00:50:22.705140,157.8,87.46,291.3,133.48,157.8917042488473
2025-10-22 00:50:23.705140,52.07,49.66,53.85,44.51,49.83603041808041
2025-10-22 00:50:24.705139,83.54,49.63,99.77,126.0,79.8406692314104
2025-10-22 00:50:25.705139,128.42,65.05,251.31,94.47,126.8802972998077
2025-10-22 00:50:26.705138,66.71,53.69,92.33,111.9,76.83184802563181
2025-10-22 00:50:27.705138,88.44,36.72,208.87,23.97,85.90462177734769
2025-10-22 00:50:28.705137,88.15,44.47,163.37,49.12,81.09997732019056
2025-10-22 00:50:29.705136,55.51,34.67,70.93,75.41,53.61174803528337
2025-10-22 00:50:30.705136,80.96,33.35,189.34,16.7,76.89593303453604
2025-10-22 00:50:31.705135,81.32,27.11,168.94,90.49,82.30837230997665
2025-10-22 00:50:32.705135,85.35,24.19,185.37,59.45,79.61567121706878
2025-10-22 00:50:33.705134,107.35,91.68,198.92,59.4,117.48276787168265
2025-10-22 00:50:34.705134,124.08,58.79,266.52,56.09,120.68813521813462
2025-10-22 00:50:35.705133,65.96,28.94,164.69,20.2,67.96796057674084
2025-10-22 00:50:36.705133,40.17,34.56,66.81,29.93,43.27274773540076
2025-10-22 00:50:37.705132,79.84,64.97,161.72,24.49,85.97246501281367
2025-10-22 00:50:38.705132,103.06,68.42,131.16,130.03,99.49558256679092
2025-10-22 00:50:39.705131,103.55,81.5,187.93,43.57,105.93018958495247
2025-10-22 00:50:40.705131,137.5,89.21,250.48,102.62,140.3513764935404
2025-10-22 00:50:41.705130,67.71,43.87,113.89,46.26,65.3458495593498
2025-10-22 00:50:42.705130,94.11,45.95,191.34,63.86,93.1866156002225
2025-10-22 00:50:43.705129,120.71,53.2,257.13,85.78,120.96813767902384
2025-10-22 00:50:44.705129,105.89,74.69,215.86,30.58,108.33833154406072
2025-10-22 00:50:45.705128,87.62,53.27,180.91,20.23,85.03845708174147
2025-10-22 00:50:46.705128,140.15,74.48,232.05,113.93,129.6791591103356
2025-10-22 00:50:47.705127,80.16,27.76,192.42,76.66,86.94696289121654
2025-10-22 00:50:48.705126,126.97,40.93,281.42,112.17,127.37816775716739
2025-10-22 00:50:49.705126,89.01,45.88,210.65,26.84,91.59842243096222
2025-10-22 00:50:50.705125,95.82,25.25,177.69,131.11,92.08706934655737
2025-10-22 00:50:51.705125,78.34,34.0,113.9,149.19,80.87515009318791
2025-10-22 00:50:52.705124,129.14,54.55,288.61,85.28,131.01482273410065
2025-10-22 00:50:53.705124,72.9,26.26,170.89,78.91,80.1663908006212
2025-10-22 00:50:54.705123,92.57,30.09,264.28,20.23,98.5091374709763
2025-10-22 00:50:55.705123,93.84,32.17,203.9,65.0,90.29029619298736
2025-10-22 00:50:56.705122,97.15,80.08,91.55,116.73,90.77457284416498
2025-10-22 00:50:57.705122,84.27,74.37,66.46,113.58,79.7406905250132
2025-10-22 00:50:58.705121,92.55,74.75,115.1,74.84,86.859043124472
2025-10-22 00:50:59.705121,115.72,33.85,291.28,18.98,108.26596558915939
2025-10-22 00:51:00.705120,115.45,40.33,229.16,146.58,118.19954561401094
2025-10-22 00:51:01.705120,143.77,70.14,281.21,106.81,140.87823434568153
2025-10-22 00:51:02.705119,118.84,26.34,282.8,95.66,117.2029274659009
2025-10-22 00:51:03.705119,112.5,33.88,288.4,50.03,113.58945589606523
2025-10-22 00:51:04.705118,96.48,24.38,206.8,111.56,96.52052873534669
2025-10-22 00:51:05.705118,85.93,87.38,52.33,141.67,87.59198092692867
2025-10-22 00:51:06.705117,82.22,61.91,156.93,43.81,86.84110176442891
2025-10-22 00:51:07.705117,77.62,79.98,53.65,140.88,84.12584217366637
2025-10-22 00:51:08.705116,142.33,80.48,274.36,121.3,146.8777267559549
2025-10-22 00:51:09.705116,113.82,70.06,233.27,39.32,112.99498482912372
2025-10-22 00:51:10.705115,80.37,41.35,123.84,121.69,82.07757874139578
2025-10-22 00:51:11.705114,80.51,27.17,162.03,78.65,77.90512003305706
2025-10-22 00:51:12.705114,127.93,74.3,225.15,96.11,123.96948722022299
2025-10-22 00:51:13.705113,110.77,73.17,249.21,13.31,114.17517372643383
2025-10-22 00:51:14.705113,42.86,36.95,81.42,15.68,46.0309272715398
2025-10-22 00:51:15.705112,66.05,47.2,51.34,102.73,59.427003208253666
2025-10-22 00:51:16.705112,77.18,87.96,67.64,39.45,72.15984302446395
2025-10-22 00:51:17.705111,99.23,61.06,130.42,127.9,95.16329258346435
2025-10-22 00:51:18.705111,107.39,70.82,163.52,86.61,101.79745861195295
2025-10-22 00:51:19.705110,84.93,87.07,84.77,67.41,82.4275984541838
2025-10-22 00:51:20.705110,78.29,60.04,129.01,55.19,79.76860824618768
2025-10-22 00:51:21.705109,74.07,81.73,56.97,108.81,79.6233431221036
2025-10-22 00:51:22.705109,109.71,40.3,263.62,35.33,106.42694445585408
2025-10-22 00:51:23.705107,117.79,45.26,217.45,145.07,116.84566264572004
2025-10-22 00:51:24.705107,49.63,31.12,58.27,80.4,49.01770369411474
2025-10-22 00:51:25.705106,139.78,72.39,267.23,127.21,141.85645157389902
2025-10-22 00:51:26.705106,136.11,98.85,217.43,128.97,140.47722077542343
2025-10-22 00:51:27.705105,91.71,48.36,150.05,136.18,96.35462243525372
2025-10-22 00:51:28.705105,123.5,89.21,219.16,48.11,120.08922461815531
2025-10-22 00:51:29.705104,121.8,75.87,184.66,117.81,116.89077315095967
2025-10-22 00:51:30.705103,110.6,63.09,278.78,12.22,117.80549084253019
2025-10-22 00:51:31.705103,135.76,89.47,242.25,98.53,137.19242465279183
2025-10-22 00:51:32.705102,81.81,65.8,147.85,43.72,86.03992275505638
2025-10-22 00:51:33.705102,123.3,67.16,241.78,144.56,135.0314584158119
2025-10-22 00:51:34.705101,124.95,23.95,271.81,145.52,122.61541931170933
2025-10-22 00:51:35.705101,96.49,72.79,133.11,93.35,94.97633955028935
2025-10-22 00:51:36.705100,60.08,38.55,137.66,15.44,63.70297605907192
2025-10-22 00:51:37.705100,123.13,67.62,228.52,106.92,123.78750367209838
2025-10-22 00:51:38.705099,103.67,38.67,201.9,86.38,97.19581594238511
2025-10-22 00:51:39.705099,54.69,30.47,110.83,57.78,60.00519027936265
2025-10-22 00:51:40.705098,104.19,81.79,104.43,149.57,102.0364440900921
2025-10-22 00:51:41.705098,121.46,48.54,229.53,134.71,120.06208456167623
2025-10-22 00:51:42.705097,104.01,66.78,220.5,47.99,109.23490645413679
2025-10-22 00:51:43.705097,90.69,26.26,203.14,90.26,92.12517782405733
2025-10-22 00:51:44.705096,70.79,57.2,121.06,26.89,70.32673368216747
2025-10-22 00:51:45.705096,113.07,63.87,217.24,106.66,118.4643778819136
2025-10-22 00:51:46.705095,83.6,82.07,122.35,38.1,85.39968685705765
2025-10-22 00:51:47.705095,110.41,62.81,161.27,124.75,104.69378867805129
2025-10-22 00:51:48.705094,83.0,66.49,134.89,72.81,88.27185251365307
2025-10-22 00:51:49.705094,59.88,74.26,78.53,11.13,62.94256588805317
2025-10-22 00:51:50.705093,60.07,21.8,128.07,93.85,68.02241623627197
2025-10-22 00:51:51.705093,98.36,64.07,167.25,82.96,98.81308651716492
2025-10-22 00:51:52.705092,86.63,56.6,169.77,14.88,82.29106867805248
2025-10-22 00:51:53.705091,78.78,75.43,57.27,123.91,79.56128100834441
2025-10-22 00:51:54.705091,57.03,24.3,186.13,26.18,73.28305923264277
2025-10-22 00:51:55.705090,79.92,58.45,142.02,46.19,81.09622856261329
2025-10-22 00:51:56.705090,65.15,69.71,72.25,62.26,68.94272276220832
2025-10-22 00:51:57.705089,104.05,45.66,194.71,122.11,105.6392068560173
2025-10-22 00:51:58.705089,76.54,27.72,201.17,10.53,76.4080313856096
2025-10-22 00:51:59.705088,59.43,64.77,58.73,40.69,58.11188984552689
2025-10-22 00:52:00.705088,68.31,45.62,58.51,125.21,65.26316552581729
2025-10-22 00:52:01.705087,60.92,22.07,163.49,48.58,69.81015182300592
2025-10-22 00:52:02.705087,130.56,68.77,270.65,40.37,123.80260360299191
2025-10-22 00:52:03.705086,62.52,30.23,84.1,100.98,60.43500098725554
2025-10-22 00:52:04.705086,131.27,85.49,203.72,105.07,124.90890145866041
2025-10-22 00:52:05.705085,109.36,35.81,241.1,101.37,110.53685555440458
2025-10-22 00:52:06.705085,123.34,26.04,262.05,143.26,120.2766460713823
2025-10-22 00:52:07.705084,50.01,21.6,124.72,17.75,51.780646305718626
2025-10-22 00:52:08.705084,103.68,60.77,205.54,58.92,103.8982012715228
2025-10-22 00:52:09.705083,96.06,91.64,119.33,92.9,100.18206545465273
2025-10-22 00:52:10.705083,139.47,82.06,209.05,149.13,133.55657960476356
2025-10-22 00:52:11.705082,105.11,90.15,195.39,11.8,106.18848017287976
2025-10-22 00:52:12.705081,74.91,31.31,158.1,115.64,86.15241865241022
2025-10-22 00:52:13.705081,100.66,74.48,161.4,51.56,96.02242080322861
2025-10-22 00:52:14.705080,128.7,68.36,248.65,75.82,124.02895528766771
2025-10-22 00:52:15.705080,116.64,91.53,174.89,60.9,110.47709713148934
2025-10-22 00:52:16.705079,85.25,79.3,76.81,75.79,77.80810590521052
2025-10-22 00:52:17.705079,118.33,61.23,253.21,70.72,120.81559603654513
2025-10-22 00:52:18.705078,114.67,27.19,279.2,92.3,115.87746160587369
2025-10-22 00:52:19.705078,81.22,37.89,103.37,142.78,78.38092909940798
2025-10-22 00:52:20.705077,70.86,29.17,106.52,103.88,67.22535881952236
2025-10-22 00:52:21.705077,141.61,87.87,246.33,110.96,140.0903970433863
2025-10-22 00:52:22.705076,99.38,23.37,240.13,53.65,94.52479019511169
2025-10-22 00:52:23.705076,57.81,33.22,150.23,13.88,64.50471431076
2025-10-22 00:52:24.705075,63.11,52.22,88.96,75.55,67.85300456139902
2025-10-22 00:52:25.705075,74.69,53.92,89.69,92.08,72.21129853807722
2025-10-22 00:52:26.705074,65.09,69.64,50.09,127.31,75.17770967306807
2025-10-22 00:52:27.705073,114.24,65.42,179.94,104.28,107.54654620064382
2025-10-22 00:52:28.705073,147.31,93.31,267.5,125.67,152.1087295371966
2025-10-22 00:52:29.705072,81.56,88.11,79.46,84.86,84.8213157176435
2025-10-22 00:52:30.705072,103.56,41.63,256.82,26.34,103.25960711103849
2025-10-22 00:52:31.705071,121.84,90.32,270.21,26.6,131.72466360295974
2025-10-22 00:52:32.705071,126.01,26.25,282.22,146.65,127.12364158520049
2025-10-22 00:52:33.705070,76.65,63.51,103.19,52.17,73.13857223016394
2025-10-22 00:52:34.705070,92.1,63.25,128.35,115.85,93.2410383889858
2025-10-22 00:52:35.705069,107.45,25.82,264.18,78.57,107.9424672263152
2025-10-22 00:52:36.705069,151.55,96.62,233.93,134.9,145.5032899841122
2025-10-22 00:52:37.705068,90.71,56.85,125.48,75.49,81.14606857200951
2025-10-22 00:52:38.705068,100.85,29.58,218.0,120.57,104.28588132287473
2025-10-22 00:52:39.705067,104.4,81.34,155.37,88.42,104.97438285888626
2025-10-22 00:52:40.705066,90.7,30.33,244.45,42.96,97.18422135349877
2025-10-22 00:52:41.705066,120.71,71.72,178.66,143.26,118.06856793076008
2025-10-22 00:52:42.705065,102.39,71.6,179.52,121.99,114.0372614754647
2025-10-22 00:52:43.705065,80.77,67.61,151.01,23.88,83.95149404076868
2025-10-22 00:52:44.705064,95.79,80.96,119.74,88.41,94.06365010390564
2025-10-22 00:52:45.705064,63.24,41.84,68.34,122.67,65.82203280572658
2025-10-22 00:52:46.705063,104.54,36.46,279.65,13.6,105.00461062210341
2025-10-22 00:52:47.705063,85.93,25.86,198.69,88.32,90.20036774132853
2025-10-22 00:52:48.705062,113.68,35.85,231.7,129.31,113.28548998516062
2025-10-22 00:52:49.705062,140.12,96.3,205.76,147.01,139.27704607050728
2025-10-22 00:52:50.705061,113.58,30.64,242.99,88.22,105.90102728177519
2025-10-22 00:52:51.705061,77.02,31.15,145.2,108.71,80.81347746933409
2025-10-22 00:52:52.705060,105.59,76.49,139.47,139.6,107.9402889546861
2025-10-22 00:52:53.705060,101.29,25.62,280.79,10.64,99.32993352599327
2025-10-22 00:52:54.705059,149.36,98.08,231.56,145.95,147.71902943901182
2025-10-22 00:52:55.705058,73.89,62.21,146.22,23.0,79.63106545883491
2025-10-22 00:52:56.705058,72.44,50.29,143.5,31.11,74.4557726124895
2025-10-22 00:52:57.705057,139.55,41.11,298.49,130.17,136.18303605118342
2025-10-22 00:52:58.705057,106.78,54.19,145.87,130.83,96.95305159648619
2025-10-22 00:52:59.705056,105.85,41.05,188.79,97.61,96.67724188386492
2025-10-22 00:53:00.705056,129.99,60.36,285.83,86.53,133.33691900676445
2025-10-22 00:53:01.705055,94.93,68.9,204.31,16.14,99.09234963991834
2025-10-22 00:53:02.705055,35.42,22.3,54.77,69.43,41.36593475903702
2025-10-22 00:53:03.705054,51.1,44.95,114.3,13.67,59.52898124263628
2025-10-22 00:53:04.705054,105.43,86.95,140.98,97.82,105.32449635342456
2025-10-22 00:53:05.705053,134.28,78.81,271.26,76.18,136.13587045094633
2025-10-22 00:53:06.705053,133.46,88.78,182.9,139.12,127.0648746714713
2025-10-22 00:53:07.705052,87.93,79.27,89.82,124.98,91.48913273886936
2025-10-22 00:53:08.705052,115.6,73.7,254.41,42.09,121.728321851965
2025-10-22 00:53:09.705051,127.75,56.05,291.08,55.26,126.53909365660732
2025-10-22 00:53:10.705051,92.5,33.2,218.19,31.39,88.42100596108295
2025-10-22 00:53:11.705050,52.87,32.23,71.11,92.15,55.77292410222639
2025-10-22 00:53:12.705049,60.65,47.75,104.25,45.95,64.32744881710357
2025-10-22 00:53:13.705049,104.8,57.52,193.72,88.72,104.64100841051244
2025-10-22 00:53:14.705048,94.13,86.35,149.7,16.56,91.4872072871834
2025-10-22 00:53:15.705048,59.61,33.72,89.52,142.69,72.1081405143334
2025-10-22 00:53:16.705047,132.16,46.81,261.08,134.87,128.71853146188724
2025-10-22 00:53:17.705047,111.72,70.46,237.64,43.62,115.36505677397454
2025-10-22 00:53:18.705046,110.94,92.54,148.08,63.67,103.46865214062801
2025-10-22 00:53:19.705046,81.29,46.21,182.69,78.32,93.59031400724871
2025-10-22 00:53:20.705045,80.24,89.98,88.44,23.48,76.25277662772321
2025-10-22 00:53:21.705045,117.84,72.58,228.01,110.36,126.80229196039704
2025-10-22 00:53:22.705044,130.7,45.14,288.87,128.47,134.96934975143262
2025-10-22 00:53:23.705044,69.54,27.57,200.48,24.93,78.98903324278756
2025-10-22 00:53:24.705043,103.9,22.76,294.39,54.12,110.63557088537658
2025-10-22 00:53:25.705043,120.8,23.33,293.65,133.59,126.50245312718533
2025-10-22 00:53:26.705042,90.83,95.74,98.94,99.01,97.31669858197574
2025-10-22 00:53:27.705042,77.72,68.65,111.14,33.27,74.3457912374187
2025-10-22 00:53:28.705041,62.95,33.72,142.91,21.05,63.97896381658942
2025-10-22 00:53:29.705041,98.85,47.81,171.22,127.45,100.71153763832812
2025-10-22 00:53:30.705040,100.45,63.5,157.36,89.57,96.86696187947955
2025-10-22 00:53:31.705039,130.78,95.1,247.87,70.4,136.10857507494984
2025-10-22 00:53:32.705039,144.8,86.0,250.94,128.11,143.95123965842342
2025-10-22 00:53:33.705038,101.6,57.16,203.81,81.78,106.11590230366713
2025-10-22 00:53:34.705038,59.86,62.04,75.9,43.34,62.43681241956009
2025-10-22 00:53:35.705037,143.91,93.5,247.02,109.01,142.7298336441848
2025-10-22 00:53:36.705037,76.63,48.24,61.83,139.54,70.4238509914874
2025-10-22 00:53:37.705036,151.77,86.42,290.25,110.43,152.4710742401389
2025-10-22 00:53:38.705036,94.79,66.19,165.19,86.58,99.97504063477334
2025-10-22 00:53:39.705035,119.92,95.21,159.87,65.34,108.68470903679133
2025-10-22 00:53:40.705035,124.43,77.54,198.47,109.7,120.26874421963136
2025-10-22 00:53:41.705034,59.94,45.45,52.02,141.66,66.49703908686892
2025-10-22 00:53:42.705034,125.62,98.36,192.2,100.38,126.95634626981891
2025-10-22 00:53:43.705033,71.7,52.75,61.63,139.41,72.59656501408249
2025-10-22 00:53:44.705033,110.77,93.67,168.41,61.1,109.63928919444808
2025-10-22 00:53:45.705032,93.26,93.62,80.3,87.32,88.32278378691277
2025-10-22 00:53:46.705032,97.82,74.68,157.94,59.0,96.56130463550406
2025-10-22 00:53:47.705031,65.07,32.18,108.38,84.63,65.46418131878809
2025-10-22 00:53:48.705030,73.48,20.65,176.98,56.98,74.82760850624774
2025-10-22 00:53:49.705030,76.31,62.52,106.2,46.01,72.32321372911312
2025-10-22 00:53:50.705029,137.9,44.3,289.1,141.17,137.14346532228095
2025-10-22 00:53:51.705029,81.35,77.17,154.61,13.2,87.69847067418861
2025-10-22 00:53:52.705028,133.26,48.8,250.63,144.62,128.51050748020626
2025-10-22 00:53:53.705028,70.21,48.26,113.64,27.48,63.73453904686957
2025-10-22 00:53:54.705027,129.25,66.14,226.97,127.43,126.65877669444284
2025-10-22 00:53:55.705027,85.56,50.78,180.01,43.06,88.06080444410813
2025-10-22 00:53:56.705026,126.87,94.48,241.53,28.63,125.58411850835425
2025-10-22 00:53:57.705026,94.36,64.14,183.62,47.52,96.72479189891804
2025-10-22 00:53:58.705025,68.76,29.82,131.37,67.41,67.77371464800925
2025-10-22 00:53:59.705025,97.76,77.02,84.69,128.53,89.52501417883352
2025-10-22 00:54:00.705024,111.45,51.7,244.28,89.86,117.16266310658223
2025-10-22 00:54:01.705023,105.84,87.49,132.17,98.07,102.99438327290281
2025-10-22 00:54:02.705023,112.79,98.3,162.37,71.62,112.2332205656503
2025-10-22 00:54:03.705022,47.42,26.64,111.53,56.11,57.96548995828531
2025-10-22 00:54:04.705022,57.73,60.49,54.53,70.67,60.66693481648155
2025-10-22 00:54:05.705021,102.85,75.57,171.37,69.04,103.04376643192691
2025-10-22 00:54:06.705021,69.57,70.02,137.86,18.35,80.10288791997085
2025-10-22 00:54:07.705020,82.15,95.18,86.18,51.71,83.79125010544392
2025-10-22 00:54:08.705020,86.02,95.49,85.19,64.25,86.14249076458759
2025-10-22 00:54:09.705019,114.16,65.96,289.88,16.68,123.46898439555835
2025-10-22 00:54:10.705018,83.98,31.87,211.24,44.85,88.34092503452507
2025-10-22 00:54:11.705018,104.43,87.92,152.69,69.06,103.61353413714046
2025-10-22 00:54:12.705017,127.19,57.16,249.34,100.03,123.44184594887766
2025-10-22 00:54:13.705017,96.51,63.78,196.12,17.76,94.38651385849289
2025-10-22 00:54:14.705016,119.48,83.27,182.94,127.6,122.02639145499853
2025-10-22 00:54:15.705016,99.23,41.1,227.88,86.61,106.27402528767706
2025-10-22 00:54:16.705015,98.48,61.45,174.69,85.21,100.18651623338299
2025-10-22 00:54:17.705015,78.08,52.94,133.16,62.31,78.87709933488597
2025-10-22 00:54:18.705014,79.69,31.45,144.74,137.51,86.55273758473086
2025-10-22 00:54:19.705014,63.03,21.84,96.48,116.69,63.08149656203102
2025-10-22 00:54:20.705013,106.67,32.2,250.1,74.86,106.16431746727433
2025-10-22 00:54:21.705013,68.94,36.94,142.77,63.35,73.96161946106744
2025-10-22 00:54:22.705012,151.33,79.97,278.1,119.08,147.3059074390581
2025-10-22 00:54:23.705012,155.85,81.1,278.28,148.15,153.70707730486913
2025-10-22 00:54:24.705011,70.38,58.47,83.82,73.01,68.93180677080801
2025-10-22 00:54:25.705011,93.69,90.88,123.06,51.39,92.66851626567043
2025-10-22 00:54:26.705010,82.18,22.96,166.01,105.58,82.34943273350798
2025-10-22 00:54:27.705009,131.07,65.46,232.27,118.33,126.1028949624181
2025-10-22 00:54:28.705009,89.57,88.76,154.68,10.48,92.98319888895485
2025-10-22 00:54:29.705008,145.58,66.91,298.82,102.47,143.6950208781406
2025-10-22 00:54:30.705008,130.49,97.52,226.86,67.31,130.385722397422
2025-10-22 00:54:31.705007,36.29,27.42,51.62,50.8,39.27766314914384
2025-10-22 00:54:32.705007,126.51,73.27,210.59,123.78,124.57627987590095
2025-10-22 00:54:33.705006,67.44,21.77,145.91,41.25,62.91368210018079
2025-10-22 00:54:34.705006,69.57,92.93,87.95,29.42,78.76408758739714
2025-10-22 00:54:35.705005,103.71,52.52,240.43,29.95,104.5009934558879
2025-10-22 00:54:36.705005,78.47,70.33,78.38,103.56,79.31053802069873
2025-10-22 00:54:37.705004,95.04,69.83,166.07,61.06,96.987674073776
2025-10-22 00:54:38.705004,94.22,85.88,87.95,114.74,92.2006519599153
2025-10-22 00:54:39.705003,70.9,62.37,130.11,32.92,76.8376596314314
2025-10-22 00:54:40.705003,140.07,95.32,221.56,75.41,129.30035315574924
2025-10-22 00:54:41.705002,120.69,59.92,287.22,50.71,126.4112594465874
2025-10-22 00:54:42.705002,92.71,43.41,190.47,87.7,96.39380281599755
2025-10-22 00:54:43.705001,96.64,66.32,149.04,13.72,80.69230282925098
2025-10-22 00:54:44.705001,80.12,62.24,162.52,18.96,83.74612794302712
2025-10-22 00:54:45.705000,107.46,77.4,198.43,46.88,107.69372193295224
2025-10-22 00:54:46.704999,102.99,36.89,197.25,131.79,103.93608768709792
2025-10-22 00:54:47.704999,124.35,57.92,231.81,144.34,127.3608263893567
2025-10-22 00:54:48.704998,104.58,20.14,236.95,111.82,103.51862901525442
2025-10-22 00:54:49.704998,77.26,67.41,94.59,108.49,83.70492894858964
2025-10-22 00:54:50.704997,78.64,66.51,102.84,74.19,78.91483396553568
2025-10-22 00:54:51.704997,67.39,26.86,80.55,99.03,57.29148793039049
2025-10-22 00:54:52.704996,120.27,83.31,202.85,80.26,118.62146949761633
2025-10-22 00:54:53.704996,133.7,83.14,282.13,48.29,136.02800977622317
2025-10-22 00:54:54.704995,109.56,43.57,221.7,134.75,115.22545917900014
2025-10-22 00:54:55.704995,157.37,82.5,293.18,148.79,159.01781826476565
2025-10-22 00:54:56.704994,93.46,40.63,204.99,99.93,101.80164842071476
2025-10-22 00:54:57.704994,53.05,45.25,85.47,69.6,62.129090974878785
2025-10-22 00:54:58.704993,64.93,39.46,79.1,93.07,61.98046485386235
2025-10-22 00:54:59.704993,68.9,36.04,102.95,73.13,63.4769110359263
2025-10-22 00:55:00.704992,67.46,28.05,164.07,61.44,75.53701888538964
2025-10-22 00:55:01.704992,75.04,69.87,86.96,43.36,69.68940443256439
2025-10-22 00:55:02.704991,128.78,49.92,269.09,69.34,119.6539160222883
2025-10-22 00:55:03.704990,78.96,50.78,88.39,145.6,80.89102953669224
2025-10-22 00:55:04.704990,125.83,85.41,242.64,60.2,127.65378545468656
2025-10-22 00:55:05.704989,92.1,35.73,207.86,30.4,86.38368808279746
2025-10-22 00:55:06.704989,102.52,39.59,261.45,27.83,103.92705627087426
2025-10-22 00:55:07.704988,118.43,81.53,148.21,135.62,112.30218488399139
2025-10-22 00:55:08.704988,85.52,20.49,187.41,55.56,77.60269883033605
2025-10-22 00:55:09.704987,87.68,77.41,133.83,22.28,83.37322479760014
2025-10-22 00:55:10.704987,36.92,24.2,50.06,15.37,30.14982492990154
2025-10-22 00:55:11.704986,120.09,86.04,207.6,80.82,121.52901792639884
2025-10-22 00:55:12.704986,79.3,96.11,53.96,116.99,87.54649475714517
2025-10-22 00:55:13.704985,122.88,62.09,226.33,147.12,128.35360310795403
2025-10-22 00:55:14.704985,66.06,25.79,118.98,59.12,60.37953211696354
2025-10-22 00:55:15.704984,105.94,85.81,163.74,71.99,106.4635977470045
2025-10-22 00:55:16.704984,100.15,71.76,138.02,106.04,98.46117479935856
2025-10-22 00:55:17.704983,124.98,94.1,189.08,111.22,126.03997070395799
2025-10-22 00:55:18.704982,100.94,41.06,239.6,53.43,103.18124000591334
2025-10-22 00:55:19.704982,124.09,62.58,262.02,101.81,130.32478904830464
2025-10-22 00:55:20.704981,151.88,75.72,283.03,146.65,152.1432470930747
2025-10-22 00:55:21.704981,96.32,23.87,181.42,121.93,90.69240215543915
2025-10-22 00:55:22.704980,116.52,27.69,283.33,102.37,119.37288510667788
2025-10-22 00:55:23.704980,99.68,69.43,172.33,39.73,94.42866413784307
2025-10-22 00:55:24.704979,87.78,88.85,120.04,21.99,84.8966295046034
2025-10-22 00:55:25.704979,96.45,41.45,236.27,39.0,99.50515028075108
2025-10-22 00:55:26.704978,153.5,73.14,287.85,137.22,150.4257702751069
2025-10-22 00:55:27.704978,135.07,98.73,195.77,112.94,130.71338039806284
2025-10-22 00:55:28.704977,125.05,56.23,286.79,68.08,127.8881839863748
2025-10-22 00:55:29.704977,107.38,86.75,185.27,54.99,110.03040680945183
2025-10-22 00:55:30.704976,88.85,38.75,119.1,129.76,80.95437501442298
2025-10-22 00:55:31.704976,145.08,76.19,269.96,103.6,139.88558291724638
2025-10-22 00:55:32.704975,86.83,31.03,193.46,44.8,82.56160064105795
2025-10-22 00:55:33.704975,63.86,22.17,103.55,116.87,65.40940550671976
2025-10-22 00:55:34.704974,133.31,75.46,221.5,120.42,128.2869078202881
2025-10-22 00:55:35.704974,87.49,82.12,82.62,117.47,89.257047105363
2025-10-22 00:55:36.704973,98.01,20.85,265.02,33.81,96.80472692305975
2025-10-22 00:55:37.704972,102.68,66.17,182.03,71.53,102.03797360973763
2025-10-22 00:55:38.704972,71.31,86.4,69.73,55.32,75.16330995065937
2025-10-22 00:55:39.704971,106.56,79.12,196.09,42.33,106.94636408406895
2025-10-22 00:55:40.704971,94.44,74.32,160.16,73.78,99.98810606912964
2025-10-22 00:55:41.704970,90.11,78.63,97.48,94.45,87.40149707655702
2025-10-22 00:55:42.704970,129.53,25.86,295.48,113.85,124.3944084387262
2025-10-22 00:55:43.704969,104.97,33.02,215.98,137.46,108.75993610677378
2025-10-22 00:55:44.704969,142.13,72.83,225.66,146.83,133.4732654071001
2025-10-22 00:55:45.704968,99.27,76.77,141.02,76.78,96.05392752474188
2025-10-22 00:55:46.704968,93.71,31.12,256.02,49.09,102.27949109309843
2025-10-22 00:55:47.704967,76.28,93.42,52.28,30.24,68.44210196920167
2025-10-22 00:55:48.704967,94.46,22.72,176.7,146.03,93.4892651992637
2025-10-22 00:55:49.704966,102.65,21.01,229.79,115.28,102.48851742122176
2025-10-22 00:55:50.704966,116.45,82.2,189.46,79.28,113.84260069877492
2025-10-22 00:55:51.704965,131.93,78.25,261.18,50.3,127.67638326050032
2025-10-22 00:55:52.704965,96.67,91.96,58.02,129.5,89.17724992281035
2025-10-22 00:55:53.704964,80.2,40.85,178.11,47.98,83.49444743637315
2025-10-22 00:55:54.704964,121.97,97.66,248.27,20.28,127.54377116754259
2025-10-22 00:55:55.704963,78.49,48.34,122.43,73.27,75.52502085215188
2025-10-22 00:55:56.704962,97.72,27.69,204.93,85.66,92.46504790408356
2025-10-22 00:55:57.704962,71.5,75.19,75.69,105.43,81.30722052394127
2025-10-22 00:55:58.704961,69.42,30.59,151.97,37.65,68.43806211230408
2025-10-22 00:55:59.704961,117.21,61.16,272.18,80.55,128.4420771231164
2025-10-22 00:56:00.704960,71.24,27.28,166.64,46.42,72.93751054948522
2025-10-22 00:56:01.704960,110.8,34.54,257.02,69.6,108.37192511550998
2025-10-22 00:56:02.704959,43.51,20.25,66.55,85.38,47.0549093667476
2025-10-22 00:56:03.704959,58.84,49.42,108.1,28.22,62.796085175708484
2025-10-22 00:56:04.704958,79.12,88.55,81.26,25.28,73.73462476178099
2025-10-22 00:56:05.704958,83.49,27.89,217.69,27.25,84.78788636888927
2025-10-22 00:56:06.704957,116.83,82.58,171.11,117.3,116.07371110436537
2025-10-22 00:56:07.704957,53.0,70.69,67.15,20.87,59.66818416381914
2025-10-22 00:56:08.704956,61.7,35.56,127.15,37.53,63.4368098633286
2025-10-22 00:56:09.704956,107.59,41.91,262.68,73.79,114.5989547988809
2025-10-22 00:56:10.704955,158.6,84.17,298.89,78.44,147.58156881461366
2025-10-22 00:56:11.704954,106.52,55.37,215.13,78.38,107.94862073531657
2025-10-22 00:56:12.704954,120.84,97.5,203.58,36.91,117.32689680980599
2025-10-22 00:56:13.704953,126.74,59.33,291.55,65.55,130.36954543671433
2025-10-22 00:56:14.704953,143.82,54.53,291.22,118.84,138.4639643960715
2025-10-22 00:56:15.704952,76.51,29.84,154.29,60.52,73.30846368887748
2025-10-22 00:56:16.704952,88.96,24.08,216.64,11.25,79.38198197109413
2025-10-22 00:56:17.704951,28.03,20.97,56.68,21.23,31.688985222599868
2025-10-22 00:56:18.704951,79.28,63.41,78.62,83.62,71.95158658893064
2025-10-22 00:56:19.704950,154.16,67.53,277.04,90.87,135.14667796107992
2025-10-22 00:56:20.704950,104.18,47.53,269.01,32.35,111.07675335410129
2025-10-22 00:56:21.704949,133.55,89.32,252.07,71.32,134.66021958116966
2025-10-22 00:56:22.704949,108.38,29.4,231.15,137.69,111.55621024064409
2025-10-22 00:56:23.704948,87.45,66.42,166.56,32.91,89.8291292616209
2025-10-22 00:56:24.704947,64.96,35.58,79.67,139.34,69.41033673993019
2025-10-22 00:56:25.704947,92.14,41.26,202.78,82.42,97.97016965625825
2025-10-22 00:56:26.704946,117.14,40.34,236.57,108.38,112.83692552610628
2025-10-22 00:56:27.704946,73.18,56.54,105.64,114.06,82.69275456778635
2025-10-22 00:56:28.704945,80.88,60.82,100.88,141.57,88.875217002215
2025-10-22 00:56:29.704945,113.93,65.52,179.14,104.7,107.4394926316077
2025-10-22 00:56:30.704944,132.58,85.76,290.32,27.24,135.61777600792453
2025-10-22 00:56:31.704944,68.51,54.43,62.2,120.68,69.88463266564914
2025-10-22 00:56:32.704943,53.71,29.39,107.25,17.76,50.428651363958636
2025-10-22 00:56:33.704943,116.25,66.69,153.74,135.93,106.59512144424198
2025-10-22 00:56:34.704942,86.91,45.83,172.05,51.46,84.85762280284204
2025-10-22 00:56:35.704941,101.02,86.49,94.39,138.62,99.19243841959482
2025-10-22 00:56:36.704941,100.3,26.58,283.01,32.22,104.77012810599636
2025-10-22 00:56:37.704940,94.3,41.57,202.35,43.6,90.2760241260457
2025-10-22 00:56:38.704940,87.31,42.79,91.5,143.61,77.42923973447829
2025-10-22 00:56:39.704939,141.14,85.27,246.66,94.83,135.67978096212505
2025-10-22 00:56:40.704939,133.83,94.11,190.74,86.65,121.65816896134143
2025-10-22 00:56:41.704938,117.22,40.43,287.0,80.96,122.59969982439799
2025-10-22 00:56:42.704938,110.65,46.14,245.64,81.9,113.20419807324508
2025-10-22 00:56:43.704937,89.38,59.93,123.04,92.23,85.28364837878884
2025-10-22 00:56:44.704937,44.15,34.55,73.81,26.75,44.74112179949366
2025-10-22 00:56:45.704936,114.46,33.9,245.01,128.8,116.21144757387896
2025-10-22 00:56:46.704936,61.4,60.42,99.24,19.24,63.85403692496234
2025-10-22 00:56:47.704935,86.93,27.2,162.77,107.65,83.90992145214737
2025-10-22 00:56:48.704935,122.53,71.98,207.38,116.17,121.45117726758205
2025-10-22 00:56:49.704934,104.75,27.92,236.32,121.35,109.12075646600735
2025-10-22 00:56:50.704933,99.29,80.91,120.51,120.82,100.7155492026661
2025-10-22 00:56:51.704933,73.6,31.46,100.13,124.12,70.4750594839384
2025-10-22 00:56:52.704932,91.18,66.97,147.57,37.24,85.25299649844783
2025-10-22 00:56:53.704932,133.6,89.41,276.36,74.21,142.58708494213
2025-10-22 00:56:54.704931,96.96,41.72,244.63,18.64,98.10633106420437
2025-10-22 00:56:55.704931,64.08,22.07,117.25,99.98,66.12176200866404
2025-10-22 00:56:56.704930,100.77,50.29,164.02,138.89,102.06269009696842
2025-10-22 00:56:57.704930,130.65,93.74,211.4,133.18,136.9412449112006
2025-10-22 00:56:58.704929,111.28,80.58,204.18,54.04,112.43999600700006
2025-10-22 00:56:59.704929,132.31,95.13,197.89,118.55,130.6638006677273
2025-10-22 00:57:00.704928,118.05,74.17,265.6,39.4,124.7949991758612
2025-10-22 00:57:01.704927,58.98,24.37,143.81,63.3,67.96913340535647
2025-10-22 00:57:02.704927,148.45,84.11,288.9,106.81,150.18814630944723
2025-10-22 00:57:03.704925,135.0,79.5,220.91,143.39,134.70075630437373
2025-10-22 00:57:04.704925,106.82,75.14,177.75,55.11,101.97745229656539
2025-10-22 00:57:05.704924,92.9,52.89,143.49,118.96,93.22544956958447
2025-10-22 00:57:06.704924,136.35,69.87,275.21,82.01,134.00613431731784
2025-10-22 00:57:07.704923,88.2,35.96,182.36,78.46,88.38540103892844
2025-10-22 00:57:08.704923,85.97,84.53,99.14,55.42,83.09394133970396
2025-10-22 00:57:09.704922,87.1,52.89,146.15,78.53,85.98542267690976
2025-10-22 00:57:10.704922,91.29,54.59,155.02,111.53,96.06779231599926
2025-10-22 00:57:11.704921,124.55,93.32,166.14,131.98,122.87687223178844
2025-10-22 00:57:12.704920,129.55,86.07,244.25,32.76,123.01172978482273
2025-10-22 00:57:13.704920,75.61,46.77,95.28,110.61,73.99701893262291
2025-10-22 00:57:14.704919,90.12,36.26,219.84,23.97,88.97430211512479
2025-10-22 00:57:15.704919,114.31,29.71,244.3,118.68,111.88685205424143
2025-10-22 00:57:16.704918,55.2,27.63,109.31,42.73,55.13262473008587
2025-10-22 00:57:17.704918,103.99,35.97,221.74,103.62,105.2404494892883
2025-10-22 00:57:18.704917,100.0,74.53,126.02,144.45,103.87706632850787
2025-10-22 00:57:19.704917,66.33,86.24,54.29,44.94,68.37417697004253
2025-10-22 00:57:20.704916,102.04,25.31,241.93,86.22,102.51500562213096
2025-10-22 00:57:21.704916,93.14,26.8,233.75,31.9,89.99798475044652
2025-10-22 00:57:22.704915,162.42,96.42,281.92,131.26,159.11588452189773
2025-10-22 00:57:23.704915,130.13,52.93,272.73,104.08,129.16507974015528
2025-10-22 00:57:24.704914,69.02,24.76,109.55,135.61,72.23828664246186
2025-10-22 00:57:25.704914,67.2,65.91,74.57,48.75,65.05079093890552
2025-10-22 00:57:26.704913,110.47,69.43,131.17,148.82,103.74115202642281
2025-10-22 00:57:27.704913,80.59,85.84,77.12,78.9,81.795252582904
2025-10-22 00:57:28.704912,99.32,64.6,168.59,103.72,103.61012683789647
2025-10-22 00:57:29.704911,134.52,69.07,247.39,138.57,136.4844547332873
2025-10-22 00:57:30.704911,120.49,53.05,257.87,115.03,126.93250709081093
2025-10-22 00:57:31.704910,92.94,46.74,182.77,100.21,98.23303417625755
2025-10-22 00:57:32.704910,63.67,59.14,71.46,27.88,56.57424957568765
2025-10-22 00:57:33.704909,64.15,46.77,96.8,93.09,70.97011106610981
2025-10-22 00:57:34.704909,133.75,87.68,270.97,53.41,135.96275169517034
2025-10-22 00:57:35.704908,108.39,33.08,214.72,109.6,102.8704889131073
2025-10-22 00:57:36.704908,122.52,29.73,279.96,98.07,118.52565824266463
2025-10-22 00:57:37.704907,120.67,25.72,286.87,63.27,111.67544903473274
2025-10-22 00:57:38.704907,130.7,86.52,263.1,24.3,127.22525051600847
2025-10-22 00:57:39.704906,77.89,47.46,163.23,33.9,79.52856843032791
2025-10-22 00:57:40.704906,61.87,42.5,105.25,18.7,56.57978364691433
2025-10-22 00:57:41.704905,135.69,92.96,265.66,90.92,144.46926505572338
2025-10-22 00:57:42.704905,75.04,95.1,52.86,45.18,72.42905574255697
2025-10-22 00:57:43.704904,118.66,26.45,291.12,70.33,114.72356998636548
2025-10-22 00:57:44.704904,83.5,29.11,128.96,137.42,80.61586918692629
2025-10-22 00:57:45.704903,63.43,25.01,128.82,69.12,64.9376920120562
2025-10-22 00:57:46.704903,85.4,41.19,129.25,125.96,84.4740802706724
2025-10-22 00:57:47.704902,113.4,77.12,154.02,111.73,107.09038348462228
2025-10-22 00:57:48.704902,92.17,21.53,211.05,102.83,94.63556512416599
2025-10-22 00:57:49.704901,94.23,73.83,97.47,128.7,91.80573798228195
2025-10-22 00:57:50.704900,140.04,95.36,250.58,94.69,141.8845267944413
2025-10-22 00:57:51.704900,73.75,95.13,76.44,54.47,81.38503874523737
2025-10-22 00:57:52.704899,110.2,83.01,150.39,126.49,111.88354746651302
2025-10-22 00:57:53.704899,104.62,66.2,215.3,47.07,107.19717306391028
2025-10-22 00:57:54.704898,114.82,65.7,176.23,123.75,110.44266902783882
2025-10-22 00:57:55.704898,101.21,49.73,198.16,95.61,103.44542847010884
2025-10-22 00:57:56.704897,75.64,75.35,55.73,99.21,74.1459088480091
2025-10-22 00:57:57.704897,107.21,86.17,181.74,55.08,108.69590925301273
2025-10-22 00:57:58.704896,144.4,97.85,254.91,59.27,137.3902672980437
2025-10-22 00:57:59.704896,110.9,21.66,275.95,34.07,100.55013076826495
2025-10-22 00:58:00.704895,131.91,98.39,211.32,88.78,130.41629766285945
2025-10-22 00:58:01.704895,57.66,64.76,68.73,12.38,55.48519475170751
2025-10-22 00:58:02.704894,88.06,79.91,136.34,55.64,92.01459560944792
2025-10-22 00:58:03.704894,68.76,64.55,98.62,23.5,66.58311910243756
2025-10-22 00:58:04.704893,65.28,22.45,100.44,113.55,63.95382741173035
2025-10-22 00:58:05.704893,92.13,34.78,181.06,139.94,99.62974139922662
2025-10-22 00:58:06.704892,86.08,64.61,116.09,78.21,82.74865437486486
2025-10-22 00:58:07.704892,105.62,27.33,247.69,95.34,107.07310888691322
2025-10-22 00:58:08.704891,127.97,80.63,254.54,62.54,129.3050097343195
2025-10-22 00:58:09.704890,98.43,40.45,268.36,12.11,103.31027406960327
2025-10-22 00:58:10.704890,111.86,66.38,222.27,58.87,111.73071878890103
2025-10-22 00:58:11.704889,64.39,68.59,53.89,40.62,58.555132416912734
2025-10-22 00:58:12.704889,67.28,22.22,98.48,132.02,66.92210590515762
2025-10-22 00:58:13.704888,126.65,49.34,239.36,131.41,122.76360228904761
2025-10-22 00:58:14.704888,94.67,90.25,84.82,107.11,91.93032172905399
2025-10-22 00:58:15.704887,124.01,62.01,274.04,54.11,124.16925294449159
2025-10-22 00:58:16.704887,84.63,27.51,230.22,27.38,88.39277424403842
2025-10-22 00:58:17.704886,104.95,53.67,201.14,75.06,102.22841753867532
2025-10-22 00:58:18.704886,138.04,73.37,243.18,120.4,133.75810820996415
2025-10-22 00:58:19.704885,116.58,43.98,285.66,86.93,125.16177123566283
2025-10-22 00:58:20.704885,151.8,85.56,295.1,80.61,147.56913164471018
2025-10-22 00:58:21.704884,94.92,46.03,213.79,19.72,91.20220159757106
2025-10-22 00:58:22.704884,104.72,98.86,133.05,75.9,104.54462032724147
2025-10-22 00:58:23.704883,111.62,44.46,255.8,65.42,112.1418589449913
2025-10-22 00:58:24.704883,112.09,54.08,180.71,138.59,108.9219515808784
2025-10-22 00:58:25.704882,104.2,40.59,279.74,10.6,106.50349922443262
2025-10-22 00:58:26.704881,45.36,57.79,59.2,17.88,50.22132823501973
2025-10-22 00:58:27.704881,114.75,81.7,164.34,140.44,118.19819125622057
2025-10-22 00:58:28.704880,147.28,79.33,287.77,93.03,144.71385960999828
2025-10-22 00:58:29.704880,106.48,36.2,234.42,95.16,107.48769188069916
2025-10-22 00:58:30.704879,123.93,74.18,275.61,38.32,127.59649830622915
2025-10-22 00:58:31.704879,130.48,71.38,228.02,120.47,128.21486038775788
2025-10-22 00:58:32.704878,120.25,49.5,214.54,122.85,113.67492577082771
2025-10-22 00:58:33.704878,118.29,50.05,282.87,73.63,124.71754832532675
2025-10-22 00:58:34.704877,69.01,47.2,114.55,57.06,69.35992221387986
2025-10-22 00:58:35.704877,76.25,39.38,88.17,129.38,71.88977906051777
2025-10-22 00:58:36.704876,77.68,36.29,145.18,39.41,69.60017774802863
2025-10-22 00:58:37.704876,119.66,61.08,236.55,97.19,120.99274101167504
2025-10-22 00:58:38.704875,130.27,66.47,256.58,73.24,124.95486247340669
2025-10-22 00:58:39.704875,79.02,59.84,78.22,135.21,80.30289034443406
2025-10-22 00:58:40.704874,103.78,37.53,207.56,112.76,103.57367944055808
2025-10-22 00:58:41.704874,134.43,98.29,189.29,114.17,128.78827131344605
2025-10-22 00:58:42.704873,116.7,65.25,239.63,38.71,112.37794843528128
2025-10-22 00:58:43.704873,77.17,22.26,168.39,80.73,77.77295519411685
2025-10-22 00:58:44.704872,77.21,98.89,52.36,18.75,68.92070378390127
2025-10-22 00:58:45.704871,103.76,88.83,119.54,79.89,96.25064392742973
2025-10-22 00:58:46.704871,137.33,90.06,256.07,63.9,134.75853698366862
2025-10-22 00:58:47.704870,115.03,89.03,170.21,64.49,108.5310980975954
2025-10-22 00:58:48.704870,57.37,80.69,56.62,22.16,61.7653010395214
2025-10-22 00:58:49.704869,139.56,93.86,232.92,97.39,136.35764173916962
2025-10-22 00:58:50.704869,102.68,88.32,141.77,47.06,96.15375447813635
2025-10-22 00:58:51.704868,120.04,45.69,226.21,141.54,118.99425081299184
2025-10-22 00:58:52.704868,104.25,30.83,182.58,134.64,97.05472907065146
2025-10-22 00:58:53.704867,73.15,78.17,110.83,41.72,80.7008456597364
2025-10-22 00:58:54.704867,90.33,93.75,122.62,43.22,92.34877807020393
2025-10-22 00:58:55.704866,66.26,84.89,62.28,52.99,71.70254497460425
2025-10-22 00:58:56.704866,70.73,38.17,146.04,43.42,71.59790355456278
2025-10-22 00:58:57.704865,66.82,38.87,138.2,31.03,67.1260354435631
2025-10-22 00:58:58.704865,72.74,27.82,141.94,63.5,69.17421725694189
2025-10-22 00:58:59.704864,138.1,89.02,208.0,141.12,135.133540883915
2025-10-22 00:59:00.704864,78.82,61.46,86.39,67.64,70.13448383165583
2025-10-22 00:59:01.704863,142.8,88.65,239.96,87.51,133.9013317700398
2025-10-22 00:59:02.704863,75.86,31.34,146.49,104.78,80.5151498657427
2025-10-22 00:59:03.704862,48.64,39.7,95.49,39.03,56.284386882863615
2025-10-22 00:59:04.704861,92.93,28.92,166.78,100.27,84.51001277608202
2025-10-22 00:59:05.704861,108.35,48.09,198.24,125.81,108.65394414244118
2025-10-22 00:59:06.704860,79.27,64.19,105.65,94.69,82.67502447733872
2025-10-22 00:59:07.704860,102.68,26.67,225.98,79.78,97.11724821271633
2025-10-22 00:59:08.704859,102.66,82.77,188.76,31.16,104.34797703074571
2025-10-22 00:59:09.704859,103.55,53.98,180.81,99.68,101.16400644470961
2025-10-22 00:59:10.704858,125.01,95.9,220.59,51.43,124.53018274928638
2025-10-22 00:59:11.704858,130.39,71.24,223.98,137.78,130.37180870543048
2025-10-22 00:59:12.704857,76.64,22.62,148.92,102.66,76.45734151203239
2025-10-22 00:59:13.704857,123.65,94.71,223.39,22.97,119.1167339909797
2025-10-22 00:59:14.704856,70.56,32.73,76.68,121.05,63.44621714747767
2025-10-22 00:59:15.704856,48.52,26.99,90.11,21.72,44.85802445889431
2025-10-22 00:59:16.704855,124.26,72.73,264.62,20.91,120.10193302279336
2025-10-22 00:59:17.704855,87.24,81.08,80.94,96.21,84.00287004072044
2025-10-22 00:59:18.704854,124.56,70.51,243.86,61.95,120.90648198675215
2025-10-22 00:59:19.704854,118.14,51.36,211.17,129.34,114.8833332097423
2025-10-22 00:59:20.704853,77.82,20.1,146.55,92.14,72.3902096852814
2025-10-22 00:59:21.704852,114.93,23.07,271.9,107.6,114.66069955877677
2025-10-22 00:59:22.704852,71.38,79.78,95.24,14.69,71.44190506542405
2025-10-22 00:59:23.704851,81.83,92.86,78.61,47.31,79.47705944953597
2025-10-22 00:59:24.704851,61.15,82.53,51.21,26.22,61.86675824710815
2025-10-22 00:59:25.704850,86.84,43.86,154.03,109.04,89.9009147625391
2025-10-22 00:59:26.704850,90.09,31.3,204.54,66.23,90.29171225254169
2025-10-22 00:59:27.704849,118.79,83.95,203.6,75.79,118.27867964426228
2025-10-22 00:59:28.704849,77.45,48.73,152.01,39.21,77.8453397394597
2025-10-22 00:59:29.704848,78.77,29.53,142.2,146.13,86.54129098606383
2025-10-22 00:59:30.704848,116.13,54.08,216.85,136.73,119.4239084023126
2025-10-22 00:59:31.704847,103.61,93.98,130.3,59.42,97.99596980925361
2025-10-22 00:59:32.704847,90.83,96.39,126.68,25.61,91.390254692719
2025-10-22 00:59:33.704846,73.48,35.42,160.65,21.35,70.22668376443951
2025-10-22 00:59:34.704846,101.6,21.88,227.45,109.53,101.07681487100828
2025-10-22 00:59:35.704845,109.63,55.6,231.28,88.95,115.02418296254429
2025-10-22 00:59:36.704845,117.48,42.06,220.27,114.4,109.99206935563983
2025-10-22 00:59:37.704844,116.58,82.81,232.28,41.81,119.57789849606424
2025-10-22 00:59:38.704843,109.78,90.18,152.4,87.13,108.25170538373762
2025-10-22 00:59:39.704843,94.37,95.86,121.98,47.87,94.1377306073028
2025-10-22 00:59:40.704842,58.54,22.98,102.7,54.88,53.23156055316444
2025-10-22 00:59:41.704842,113.12,62.6,268.54,34.18,118.84676360282353
2025-10-22 00:59:42.704841,121.8,62.24,269.12,48.29,121.64696902429318
2025-10-22 00:59:43.704841,86.64,30.79,163.24,106.31,85.58279757648154
2025-10-22 00:59:44.704840,109.68,38.14,273.26,42.33,109.63719388995057
2025-10-22 00:59:45.704840,112.59,79.51,180.92,108.15,115.66763342152113
2025-10-22 00:59:46.704839,75.39,24.6,145.88,74.33,70.90054502499491
2025-10-22 00:59:47.704839,108.43,79.49,185.44,56.77,106.79952420302672
2025-10-22 00:59:48.704838,75.07,60.01,132.53,75.42,84.83558588156653
2025-10-22 00:59:49.704838,141.18,80.56,270.82,84.82,138.59817269129013
2025-10-22 00:59:50.704837,83.79,71.21,57.26,114.64,75.60127645455191
2025-10-22 00:59:51.704837,127.95,79.37,217.89,68.8,118.89360720666987
2025-10-22 00:59:52.704836,89.45,64.36,177.51,11.67,87.86751761464599
2025-10-22 00:59:53.704836,75.95,88.08,95.62,22.72,77.30999539819726
2025-10-22 00:59:54.704835,77.64,47.75,133.35,46.76,73.2425676968839
2025-10-22 00:59:55.704835,74.86,69.39,111.98,37.71,75.85207031514265
2025-10-22 00:59:56.704834,83.93,25.39,202.62,75.31,88.55995520737508
2025-10-22 00:59:57.704834,54.91,29.55,80.89,105.64,60.055510709129514
2025-10-22 00:59:58.704833,82.72,54.87,171.17,10.63,81.0006054437459
2025-10-22 00:59:59.704832,116.72,71.42,247.03,80.02,125.90939399413077
2025-10-22 01:00:00.704832,111.22,91.83,155.63,89.88,110.59662504307069
2025-10-22 01:00:01.704831,99.59,66.45,172.15,83.37,101.56063905178885
2025-10-22 01:00:02.704831,78.1,59.82,92.37,142.8,86.05896778004956
2025-10-22 01:00:03.704830,93.54,87.16,90.05,110.46,92.62229165510654
2025-10-22 01:00:04.704830,117.85,85.37,250.77,18.23,121.73298719846252
2025-10-22 01:00:05.704829,142.81,78.93,298.53,25.99,134.418320749673
2025-10-22 01:00:06.704829,99.35,31.74,198.44,121.8,99.72811993680578
2025-10-22 01:00:07.704828,89.89,48.48,221.16,18.16,94.33608271545083
2025-10-22 01:00:08.704828,57.51,35.78,99.65,42.39,56.240774863573314
2025-10-22 01:00:09.704827,93.39,50.99,180.03,23.21,84.22446947717717
2025-10-22 01:00:10.704827,97.14,84.89,141.73,48.25,94.6605357591381
2025-10-22 01:00:11.704826,109.36,52.0,221.56,77.36,107.99229797489747
2025-10-22 01:00:12.704826,98.14,31.16,207.55,98.0,97.4451116952107
2025-10-22 01:00:13.704825,65.41,69.18,76.77,32.19,64.05706372617864
2025-10-22 01:00:14.704825,82.91,44.03,115.82,117.73,80.21965571844324
2025-10-22 01:00:15.704824,79.17,32.24,149.4,83.34,77.57757319681241
2025-10-22 01:00:16.704824,101.03,56.16,168.88,129.49,104.59520473312763
2025-10-22 01:00:17.704823,62.16,53.62,61.37,93.83,63.88967716627411
2025-10-22 01:00:18.704822,111.66,78.42,147.93,117.48,107.05291870975817
2025-10-22 01:00:19.704822,55.38,66.11,72.29,16.01,57.954142372628375
2025-10-22 01:00:20.704821,111.22,25.93,276.48,68.71,109.73688156574353
2025-10-22 01:00:21.704821,75.89,26.63,141.26,99.28,75.48915972494059
2025-10-22 01:00:22.704820,88.1,34.87,185.79,61.88,85.5741045212533
2025-10-22 01:00:23.704820,84.41,56.74,80.16,108.77,74.07586361592509
2025-10-22 01:00:24.704819,70.09,30.51,89.43,125.87,67.128453984211
2025-10-22 01:00:25.704819,89.82,78.55,166.69,58.77,101.08599479128651
2025-10-22 01:00:26.704818,144.64,67.62,288.18,64.81,133.36045971882808
2025-10-22 01:00:27.704818,88.28,45.59,185.03,27.87,83.95085468171689
2025-10-22 01:00:28.704817,118.17,96.29,169.16,80.06,114.94760967587445
2025-10-22 01:00:29.704817,127.52,84.0,245.75,64.18,128.6746812028661
2025-10-22 01:00:30.704816,102.12,38.56,177.76,127.46,98.0482738353408
2025-10-22 01:00:31.704816,97.6,28.42,262.06,49.46,102.8178268286668
2025-10-22 01:00:32.704815,77.35,21.43,123.89,65.81,61.00340516012562
2025-10-22 01:00:33.704815,103.08,44.16,250.92,14.06,100.30973118036697
2025-10-22 01:00:34.704814,100.42,23.65,224.1,54.17,89.94619269524418
2025-10-22 01:00:35.704814,110.84,64.81,183.71,87.83,105.10378052644883
2025-10-22 01:00:36.704813,146.99,97.54,293.57,74.33,151.85989175253346
2025-10-22 01:00:37.704812,81.89,51.36,119.92,108.85,83.35816200295734
2025-10-22 01:00:38.704812,75.75,55.15,88.02,120.58,77.99266846338843
2025-10-22 01:00:39.704811,73.48,91.04,92.28,13.53,75.96009121229848
2025-10-22 01:00:40.704811,144.14,79.67,266.45,102.92,140.4373333497126
2025-10-22 01:00:41.704810,78.49,82.95,99.93,24.33,76.35748739986244
2025-10-22 01:00:42.704810,140.85,92.4,247.2,110.35,142.49955488312588
2025-10-22 01:00:43.704809,64.74,83.13,66.0,14.39,64.26386523970916
2025-10-22 01:00:44.704809,120.16,78.1,202.0,103.83,120.44376950754047
2025-10-22 01:00:45.704808,90.06,32.45,200.36,54.22,87.22180935267198
2025-10-22 01:00:46.704808,71.0,20.05,192.1,15.26,70.77883738467956
2025-10-22 01:00:47.704807,76.64,58.65,75.5,131.19,78.08921051505516
2025-10-22 01:00:48.704807,113.59,71.85,211.35,36.45,106.72661009502065
2025-10-22 01:00:49.704806,122.83,86.74,208.81,142.61,134.53163620429245
2025-10-22 01:00:50.704806,132.27,75.76,276.48,21.96,125.3960476195194
2025-10-22 01:00:51.704805,67.14,26.53,120.2,85.13,66.28970289508922
2025-10-22 01:00:52.704805,149.87,77.79,260.71,119.91,141.14779996506988
2025-10-22 01:00:53.704804,89.1,93.25,127.9,22.04,89.47470609060784
2025-10-22 01:00:54.704804,95.18,43.55,195.72,80.3,96.57163354702008
2025-10-22 01:00:55.704803,102.17,75.89,162.66,62.09,99.20170594525578
2025-10-22 01:00:56.704803,143.6,92.92,245.16,114.85,143.04120515782296
2025-10-22 01:00:57.704802,53.36,55.46,52.51,30.97,49.6450534867517
2025-10-22 01:00:58.704801,39.03,30.92,86.37,10.27,43.4241513939394
2025-10-22 01:00:59.704801,105.06,70.7,215.65,42.62,108.6712243275582
2025-10-22 01:01:00.704800,86.21,25.09,176.94,112.37,88.054535426821
2025-10-22 01:01:01.704800,66.91,53.54,139.36,94.3,87.40449691043378
2025-10-22 01:01:02.704799,89.44,95.89,95.2,108.38,98.13012456387108
2025-10-22 01:01:03.704799,157.94,96.17,283.71,118.76,157.04330900674933
2025-10-22 01:01:04.704798,116.6,29.3,258.15,99.04,111.9421895564996
2025-10-22 01:01:05.704798,105.32,65.97,237.53,14.33,107.25841341426649
2025-10-22 01:01:06.704797,83.3,26.13,150.39,145.76,87.22866117481283
2025-10-22 01:01:07.704797,124.11,97.29,184.9,92.25,122.60763621700806
2025-10-22 01:01:08.704796,53.92,49.52,89.59,57.75,63.15044434552992
2025-10-22 01:01:09.704796,114.3,90.65,186.03,109.12,122.97697427075538
2025-10-22 01:01:10.704795,80.32,43.45,133.48,123.58,86.40513901723978
2025-10-22 01:01:11.704795,87.36,41.63,183.08,41.18,84.02789715665239
2025-10-22 01:01:12.704794,128.18,87.77,255.14,18.1,124.2237299177648
2025-10-22 01:01:13.704793,70.9,27.47,97.32,128.8,68.5621379251098
2025-10-22 01:01:14.704793,84.95,50.98,158.31,79.34,88.84796894817299
2025-10-22 01:01:15.704792,110.36,92.45,167.5,60.91,108.7167431261345
2025-10-22 01:01:16.704792,110.3,43.89,183.78,139.35,104.89319460899648
2025-10-22 01:01:17.704791,86.93,49.44,165.91,75.8,89.65898012565508
2025-10-22 01:01:18.704791,96.09,78.53,110.23,148.15,101.86614487952933
2025-10-22 01:01:19.704790,58.94,68.52,51.15,60.27,61.603563017170266
2025-10-22 01:01:20.704790,129.28,64.84,257.03,95.06,128.6131801088535
2025-10-22 01:01:21.704789,127.19,89.75,187.78,122.98,125.80898229421823
2025-10-22 01:01:22.704789,97.16,90.3,138.0,25.46,91.71573512784194
2025-10-22 01:01:23.704788,114.23,71.09,253.03,50.61,121.70037563608662
2025-10-22 01:01:24.704788,69.61,23.68,103.94,120.36,66.97702568677627
2025-10-22 01:01:25.704787,115.91,35.21,241.85,129.18,115.99249125984491
2025-10-22 01:01:26.704787,97.17,58.59,171.09,122.84,105.15457029377879
2025-10-22 01:01:27.704786,69.68,55.75,120.05,49.92,73.8766243419736
2025-10-22 01:01:28.704786,97.59,72.81,122.5,149.02,102.8655612966697
2025-10-22 01:01:29.704785,95.31,79.96,110.69,93.37,91.8267316403601
2025-10-22 01:01:30.704785,124.82,67.01,245.64,95.5,126.36106970573798
2025-10-22 01:01:31.704784,136.66,85.37,235.66,100.48,133.5443808529268
2025-10-22 01:01:32.704783,95.56,94.11,136.65,64.68,101.01736682755325
2025-10-22 01:01:33.704783,106.03,68.56,198.32,79.58,109.73629209190237
2025-10-22 01:01:34.704782,54.26,41.16,98.14,17.02,53.435704230200706
2025-10-22 01:01:35.704782,67.96,46.71,117.5,13.83,61.40489961984618
2025-10-22 01:01:36.704781,97.5,61.71,150.2,94.85,94.8665884771883
2025-10-22 01:01:37.704781,96.58,41.22,200.46,97.42,100.2352368557967
2025-10-22 01:01:38.704780,93.69,84.8,104.61,116.07,96.93601320285397
2025-10-22 01:01:39.704780,54.65,57.31,98.25,35.72,65.27598655053569
2025-10-22 01:01:40.704779,113.29,76.98,142.92,132.06,107.72408106104291
2025-10-22 01:01:41.704779,43.89,30.34,79.32,10.03,40.965120027343694
2025-10-22 01:01:42.704778,149.61,83.96,283.99,101.27,147.53423917471366
2025-10-22 01:01:43.704778,102.92,43.34,228.3,66.57,103.53691566237308
2025-10-22 01:01:44.704777,125.98,55.35,269.77,95.78,127.83603489230721
2025-10-22 01:01:45.704777,65.18,39.78,118.59,49.3,65.31590520667102
2025-10-22 01:01:46.704776,71.24,33.42,209.72,12.62,82.25044390167498
2025-10-22 01:01:47.704776,91.83,34.6,187.97,102.12,94.09712084985615
2025-10-22 01:01:48.704775,104.22,84.32,198.89,53.62,112.63819696785276
2025-10-22 01:01:49.704775,113.36,26.23,294.87,99.53,121.54842428091115
2025-10-22 01:01:50.704774,42.51,21.23,50.48,91.08,43.84499313398371
2025-10-22 01:01:51.704773,106.4,91.78,120.59,112.2,104.4693700255608
2025-10-22 01:01:52.704773,85.68,42.52,110.93,142.9,82.99786896093472
2025-10-22 01:01:53.704772,107.5,79.96,156.12,107.77,108.3569517679128
2025-10-22 01:01:54.704772,95.41,68.56,162.43,53.91,93.83471201939113
2025-10-22 01:01:55.704771,89.33,75.07,93.53,86.47,82.84332374163625
2025-10-22 01:01:56.704771,115.74,97.02,165.13,106.02,119.26349240138235
2025-10-22 01:01:57.704770,120.11,79.29,229.42,95.74,127.67956230360403
2025-10-22 01:01:58.704770,86.91,65.78,133.84,88.16,90.65301800078763
2025-10-22 01:01:59.704769,88.06,83.6,75.11,119.39,88.1208948263122
2025-10-22 01:02:00.704769,70.21,39.24,123.05,73.04,71.10826311427645
2025-10-22 01:02:01.704768,86.08,80.59,128.99,25.34,84.11839389285409
2025-10-22 01:02:02.704768,135.61,75.55,249.98,111.5,135.12560565282286
2025-10-22 01:02:03.704767,141.44,67.24,281.89,91.99,136.68317588727413
2025-10-22 01:02:04.704767,87.75,85.24,79.41,73.37,81.08390879834825
2025-10-22 01:02:05.704766,143.07,58.85,297.3,112.78,141.25142245656593
2025-10-22 01:02:06.704766,130.97,94.26,230.78,85.4,133.52978056600557
2025-10-22 01:02:07.704765,150.85,89.1,268.35,136.51,152.41167448247015
2025-10-22 01:02:08.704765,115.48,23.72,268.26,103.04,112.98439383379026
2025-10-22 01:02:09.704764,106.67,92.41,146.11,105.54,111.13751097438607
2025-10-22 01:02:10.704763,101.51,59.72,152.38,138.67,103.24012812590227
2025-10-22 01:02:11.704763,92.61,40.72,174.56,83.22,89.36950789934691
2025-10-22 01:02:12.704762,97.83,74.62,149.12,76.79,97.41582750452386
2025-10-22 01:02:13.704762,117.48,81.07,190.31,96.43,116.9429499838779
2025-10-22 01:02:14.704761,116.4,63.64,232.44,47.02,111.0612685510182
2025-10-22 01:02:15.704761,100.9,31.11,187.91,144.51,100.76118814164195
2025-10-22 01:02:16.704760,103.05,25.09,296.17,15.12,104.58212612124228
2025-10-22 01:02:17.704760,47.54,21.83,94.87,27.6,44.875028709770845
2025-10-22 01:02:18.704759,111.88,34.18,284.07,43.35,111.10869094507628
2025-10-22 01:02:19.704759,103.77,89.81,164.44,87.43,111.74800432538376
2025-10-22 01:02:20.704758,92.19,40.3,173.39,95.4,91.22940340901182
2025-10-22 01:02:21.704758,110.27,40.44,236.68,115.15,114.26643394603157
2025-10-22 01:02:22.704757,96.66,76.22,138.01,69.59,93.44312692676925
2025-10-22 01:02:23.704756,89.29,95.38,76.17,61.34,82.79524419545214
2025-10-22 01:02:24.704756,109.64,47.03,229.23,96.96,111.70832887260977
2025-10-22 01:02:25.704755,125.85,24.87,273.58,139.5,122.41145861140171
2025-10-22 01:02:26.704755,88.16,64.71,146.96,73.25,91.09885094651696
2025-10-22 01:02:27.704754,70.24,89.86,52.65,44.3,69.56654254395423
2025-10-22 01:02:28.704754,71.41,22.78,159.98,22.23,63.86967438718614
2025-10-22 01:02:29.704753,125.36,94.26,207.15,102.53,129.82786760897966
2025-10-22 01:02:30.704753,137.39,91.66,262.47,91.06,142.88639592008477
2025-10-22 01:02:31.704752,113.14,97.32,92.35,140.49,104.374597988926
2025-10-22 01:02:32.704752,44.29,22.88,77.23,11.88,36.968125952517866
2025-10-22 01:02:33.704751,89.91,88.31,128.96,70.8,97.01628630617182
2025-10-22 01:02:34.704751,122.41,82.42,242.05,39.97,121.95572888494065
2025-10-22 01:02:35.704750,106.58,57.08,245.26,52.47,112.71625854872602
2025-10-22 01:02:36.704750,83.09,46.38,184.49,16.24,81.871230197745
2025-10-22 01:02:37.704749,119.09,87.51,196.53,66.78,116.1429872565286
2025-10-22 01:02:38.704749,113.15,77.69,179.83,84.44,109.71307219392388
2025-10-22 01:02:39.704748,155.26,76.22,291.03,126.6,150.812969858447
2025-10-22 01:02:40.704747,108.9,41.73,269.34,71.41,116.03900157211758
2025-10-22 01:02:41.704747,96.26,86.16,156.08,66.46,103.23482159851008
2025-10-22 01:02:42.704746,58.82,55.74,50.44,73.55,57.63036511562684
2025-10-22 01:02:43.704745,91.47,26.89,230.9,40.14,90.82437562183601
2025-10-22 01:02:44.704744,74.16,68.76,103.36,37.08,72.81814235585452
2025-10-22 01:02:45.704744,129.38,36.53,277.23,149.33,131.30399228624432
2025-10-22 01:02:46.704743,63.63,23.65,80.42,131.37,62.07610800162195
2025-10-22 01:02:47.704743,117.86,86.4,168.45,137.21,121.14613238163294
2025-10-22 01:02:48.704742,108.1,84.92,140.59,144.69,113.51142683909913
2025-10-22 01:02:49.704742,70.47,70.44,69.69,20.0,60.13406031384293
2025-10-22 01:02:50.704741,105.64,95.57,176.37,19.11,104.63497851795798
2025-10-22 01:02:51.704741,93.71,56.55,190.07,27.03,90.78903809610685
2025-10-22 01:02:52.704740,132.67,49.36,277.25,110.42,129.99768065721946
2025-10-22 01:02:53.704740,82.69,65.96,52.96,120.85,72.91334922639068
2025-10-22 01:02:54.704739,90.27,76.76,81.22,106.69,84.0076607552591
2025-10-22 01:02:55.704738,95.9,70.91,174.89,17.37,91.49331997711927
2025-10-22 01:02:56.704738,131.06,82.63,273.94,19.02,127.48796331593093
2025-10-22 01:02:57.704737,89.75,54.37,203.33,50.9,98.43316032667639
2025-10-22 01:02:58.704737,90.3,97.87,56.85,95.71,85.0654320627519
2025-10-22 01:02:59.704736,109.39,43.26,261.83,61.7,112.61505848708376
2025-10-22 01:03:00.704736,59.19,81.22,50.39,40.09,63.722292907270194
2025-10-22 01:03:01.704735,71.01,46.79,121.2,72.96,74.3170732627704
2025-10-22 01:03:02.704735,149.23,54.72,293.17,148.96,145.13562955365126
2025-10-22 01:03:03.704734,118.46,93.22,191.43,89.32,121.95097936059445
2025-10-22 01:03:04.704734,80.73,69.48,56.82,109.42,73.56439168090564
2025-10-22 01:03:05.704733,56.76,23.13,101.45,51.84,52.32609417974219
2025-10-22 01:03:06.704732,101.75,50.69,237.13,20.2,100.65279262830454
2025-10-22 01:03:07.704732,91.29,46.02,194.74,52.83,92.05097033521811
2025-10-22 01:03:08.704731,132.68,89.53,284.13,51.43,140.4543942662183
2025-10-22 01:03:09.704731,72.87,57.53,116.48,50.03,73.7160240037152
2025-10-22 01:03:10.704730,126.8,95.72,237.98,16.04,122.63346714284813
2025-10-22 01:03:11.704730,103.92,74.95,180.78,56.39,103.04834853472525
2025-10-22 01:03:12.704729,60.6,40.17,73.82,87.99,59.73744293247378
2025-10-22 01:03:13.704729,95.87,20.55,272.51,21.4,96.4397162118246
2025-10-22 01:03:14.704728,143.68,86.42,254.11,82.33,136.01103898848433
2025-10-22 01:03:15.704728,77.04,71.93,119.02,31.64,78.03485968619478
2025-10-22 01:03:16.704727,100.38,66.73,185.58,28.64,94.85693052113734
2025-10-22 01:03:17.704727,105.14,73.2,204.34,38.12,105.62604628745497
2025-10-22 01:03:18.704726,70.14,73.25,97.75,18.4,69.66437412387569
2025-10-22 01:03:19.704726,85.55,35.72,208.53,12.2,82.96083977471001
2025-10-22 01:03:20.704725,126.13,88.24,216.39,61.37,121.40712062927031
2025-10-22 01:03:21.704725,153.02,80.38,265.68,129.37,145.82133742427513
2025-10-22 01:03:22.704724,111.87,86.53,185.64,80.5,115.10464721908157
2025-10-22 01:03:23.704723,118.51,57.94,250.56,63.39,116.91298395075711
2025-10-22 01:03:24.704723,110.11,26.69,236.41,118.82,108.02867751654682
2025-10-22 01:03:25.704722,93.83,27.75,205.01,84.89,92.366035448487
2025-10-22 01:03:26.704722,74.33,47.01,103.74,65.86,67.76287254524436
2025-10-22 01:03:27.704721,98.79,35.92,256.42,38.4,102.67789701258852
2025-10-22 01:03:28.704721,128.8,37.96,292.66,117.22,130.27627632762315
2025-10-22 01:03:29.704720,109.07,84.39,126.87,105.74,101.37275613881373
2025-10-22 01:03:30.704720,92.58,67.91,179.91,46.55,97.30394545714863
2025-10-22 01:03:31.704719,59.97,32.5,63.49,104.4,56.05198376776576
2025-10-22 01:03:32.704719,134.69,86.28,299.6,33.8,139.97444397239383
2025-10-22 01:03:33.704718,71.77,43.95,128.71,95.26,79.58867756328306
2025-10-22 01:03:34.704718,91.29,51.71,147.67,68.76,83.90876358755379
2025-10-22 01:03:35.704717,79.38,58.88,181.31,18.35,87.59455834264878
2025-10-22 01:03:36.704717,80.6,30.04,149.33,137.17,87.15974700931577
2025-10-22 01:03:37.704716,102.62,80.91,195.72,10.72,101.4453294453565
2025-10-22 01:03:38.704716,51.87,47.2,64.26,12.22,45.3141528685657
2025-10-22 01:03:39.704715,68.19,38.17,100.28,99.46,68.97665666922903
2025-10-22 01:03:40.704714,81.32,65.74,136.54,96.03,93.01030440436614
2025-10-22 01:03:41.704714,129.97,50.76,278.58,95.37,128.1059777511357
2025-10-22 01:03:42.704713,84.23,98.37,110.88,17.12,85.94045529932855
2025-10-22 01:03:43.704713,69.43,44.15,56.61,141.08,67.11141127141414
2025-10-22 01:03:44.704712,107.11,26.65,240.61,94.34,104.40383048463015
2025-10-22 01:03:45.704712,133.28,93.75,239.08,44.78,127.69320529215697
2025-10-22 01:03:46.704711,66.91,39.26,97.36,106.94,70.13167771666585
2025-10-22 01:03:47.704711,76.77,20.14,161.14,109.61,80.27351378277342
2025-10-22 01:03:48.704710,103.12,50.88,223.58,53.95,103.38354512354702
2025-10-22 01:03:49.704710,40.83,25.7,61.1,64.45,43.98261520658264
2025-10-22 01:03:50.704709,63.18,49.21,120.43,23.6,65.48132661621851
2025-10-22 01:03:51.704709,90.26,24.63,199.41,111.82,94.47433724729248
2025-10-22 01:03:52.704708,78.53,29.68,167.72,45.62,74.30529439150433
2025-10-22 01:03:53.704708,126.36,69.33,248.22,100.96,129.38493856476092
2025-10-22 01:03:54.704707,130.34,48.88,293.42,111.37,134.81056391787908
2025-10-22 01:03:55.704707,96.38,73.87,107.18,110.03,91.03393004563097
2025-10-22 01:03:56.704706,67.63,47.55,77.42,118.05,70.49448861971135
2025-10-22 01:03:57.704705,131.04,49.57,284.17,124.45,134.97468503844448
2025-10-22 01:03:58.704705,76.05,52.46,145.17,11.73,72.19089026481382
2025-10-22 01:03:59.704704,75.21,54.17,110.82,93.68,79.0111467808873
2025-10-22 01:04:00.704704,91.41,89.14,95.48,96.89,92.54877951446453
2025-10-22 01:04:01.704703,157.21,89.06,276.42,149.96,157.49407855679368
2025-10-22 01:04:02.704703,99.63,52.42,129.45,141.04,93.1574642927713
2025-10-22 01:04:03.704702,78.38,71.21,59.72,75.35,68.52779362546507
2025-10-22 01:04:04.704702,102.71,76.62,139.88,52.02,90.71189576461384
2025-10-22 01:04:05.704701,77.67,81.65,71.01,50.08,72.12736945279201
2025-10-22 01:04:06.704701,137.47,77.38,231.41,73.48,122.8948288843235
2025-10-22 01:04:07.704700,99.23,96.64,163.4,11.19,99.6941182487002
2025-10-22 01:04:08.704700,81.15,83.17,71.01,100.94,83.00304210585689
2025-10-22 01:04:09.704699,88.5,65.08,90.49,145.39,88.6428351218819
2025-10-22 01:04:10.704698,110.4,75.47,204.52,57.07,110.58561765793162
2025-10-22 01:04:11.704698,91.44,79.05,64.77,138.69,86.56973706359476
2025-10-22 01:04:12.704697,119.26,86.92,163.66,100.01,112.56772514835684
2025-10-22 01:04:13.704697,113.32,53.12,193.51,143.88,113.34374022011713
2025-10-22 01:04:14.704696,82.89,53.49,134.14,68.64,80.70619691238515
2025-10-22 01:04:15.704696,79.88,71.34,70.97,84.49,73.79484489311557
2025-10-22 01:04:16.704695,124.83,78.92,208.85,100.96,122.34435550959907
2025-10-22 01:04:17.704695,127.65,65.9,247.59,96.17,126.5250032454447
2025-10-22 01:04:18.704694,93.13,53.4,108.4,123.98,83.9232042088974
2025-10-22 01:04:19.704694,69.43,28.08,137.91,62.43,67.87931519696114
2025-10-22 01:04:20.704693,77.4,73.67,110.52,26.59,75.34499647183472
2025-10-22 01:04:21.704693,150.68,65.1,292.79,146.93,149.81620356419478
2025-10-22 01:04:22.704692,55.94,33.11,76.24,39.76,47.338207032484355
2025-10-22 01:04:23.704692,119.6,44.7,254.93,121.14,123.081251164263
2025-10-22 01:04:24.704691,142.34,80.96,261.47,115.37,142.061191204554
2025-10-22 01:04:25.704691,141.09,73.59,232.91,146.24,135.9175506693779
2025-10-22 01:04:26.704690,61.93,22.12,175.53,13.35,66.45102639824498
2025-10-22 01:04:27.704689,69.17,60.22,51.68,42.33,54.038444710895725
2025-10-22 01:04:28.704689,82.86,76.28,83.97,110.12,85.27665145254603
2025-10-22 01:04:29.704688,69.28,27.29,88.76,141.36,68.39469780427673
2025-10-22 01:04:30.704688,87.92,87.36,74.69,109.16,87.84324201712201
2025-10-22 01:04:31.704687,60.45,38.03,108.31,77.76,67.00674279069074
2025-10-22 01:04:32.704687,104.1,79.6,168.44,62.82,102.94372360419425
2025-10-22 01:04:33.704686,85.18,56.29,174.32,84.47,97.3437785662182
2025-10-22 01:04:34.704686,76.4,36.2,179.85,61.34,84.34591018633111
2025-10-22 01:04:35.704685,117.92,74.14,269.32,30.27,124.08338423961416
2025-10-22 01:04:36.704685,70.62,28.27,115.0,145.19,77.54084600483036
2025-10-22 01:04:37.704684,109.69,85.62,134.0,144.7,111.88155156665843
2025-10-22 01:04:38.704684,112.66,22.25,293.22,72.81,113.74502111158206
2025-10-22 01:04:39.704683,114.75,77.18,177.77,122.38,116.38299189779605
2025-10-22 01:04:40.704682,143.73,94.35,231.66,127.54,142.2198697879764
2025-10-22 01:04:41.704682,92.81,25.46,200.13,87.06,90.1826527586456
2025-10-22 01:04:42.704681,126.36,84.95,178.55,121.27,120.28832261637254
2025-10-22 01:04:43.704681,76.7,60.9,62.72,136.85,76.49710796792904
2025-10-22 01:04:44.704680,103.93,47.86,206.72,64.03,98.80370720284297
2025-10-22 01:04:45.704680,40.36,23.35,74.77,23.54,38.782281184054476
2025-10-22 01:04:46.704679,102.13,92.71,128.97,75.29,100.11585186296519
2025-10-22 01:04:47.704679,83.19,81.39,101.15,109.09,92.7992364940675
2025-10-22 01:04:48.704678,72.13,98.42,75.76,14.93,74.96496787733193
2025-10-22 01:04:49.704678,57.56,92.27,52.1,11.0,63.98578574593341
2025-10-22 01:04:50.704677,129.77,91.04,236.05,48.73,126.20998774591341
2025-10-22 01:04:51.704677,58.49,27.95,96.04,69.97,56.718086882902334
2025-10-22 01:04:52.704676,117.12,64.86,279.01,26.54,121.60893198010662
2025-10-22 01:04:53.704675,105.9,74.39,155.72,80.14,99.9522956739336
2025-10-22 01:04:54.704675,105.41,67.08,188.34,71.18,104.32233484213221
2025-10-22 01:04:55.704674,102.4,73.65,223.11,12.17,106.33730361908471
2025-10-22 01:04:56.704674,75.26,49.89,123.46,45.69,71.12638110227417
2025-10-22 01:04:57.704673,75.25,77.95,92.1,55.72,77.74034182458561
2025-10-22 01:04:58.704673,65.55,34.26,124.23,23.32,59.08141122283592
2025-10-22 01:04:59.704672,108.45,28.49,278.37,14.56,100.81887124822735
2025-10-22 01:05:00.704672,53.73,63.75,73.21,37.29,61.280855546012205
2025-10-22 01:05:01.704671,109.6,43.51,221.72,112.44,110.76468606928273
2025-10-22 01:05:02.704671,83.49,33.32,197.51,38.62,83.69783800525101
2025-10-22 01:05:03.704670,67.61,70.51,88.43,72.16,76.17954003744546
2025-10-22 01:05:04.704670,126.76,81.88,188.88,107.16,119.052290296547
2025-10-22 01:05:05.704669,76.32,36.42,119.89,84.31,70.98655925211384
2025-10-22 01:05:06.704669,129.43,80.6,205.19,120.63,125.99645169114297
2025-10-22 01:05:07.704668,42.58,40.33,50.17,65.23,48.176810456083714
2025-10-22 01:05:08.704668,103.61,89.96,124.43,75.44,97.40265645740028
2025-10-22 01:05:09.704667,79.12,28.77,168.63,60.53,77.08841147765014
2025-10-22 01:05:10.704666,91.34,36.21,218.4,19.33,87.59332487136582
2025-10-22 01:05:11.704666,102.2,49.85,184.59,110.42,102.36855093098532
2025-10-22 01:05:12.704665,82.0,44.8,106.98,126.58,79.70597101751636
2025-10-22 01:05:13.704665,89.66,98.39,122.79,52.61,96.59112646351868
2025-10-22 01:05:14.704664,95.47,65.44,201.16,52.55,103.65266020924793
2025-10-22 01:05:15.704664,79.47,50.77,112.88,107.37,80.65053458464445
2025-10-22 01:05:16.704663,98.71,43.42,240.6,50.24,104.0296306960186
2025-10-22 01:05:17.704663,57.42,22.66,100.9,36.64,48.90246084117508
2025-10-22 01:05:18.704662,141.34,83.73,244.55,140.49,143.35406623619127
2025-10-22 01:05:19.704662,84.42,76.96,98.71,63.08,80.69664911635996
2025-10-22 01:05:20.704661,68.37,78.89,52.81,70.59,69.34883072599953
2025-10-22 01:05:21.704661,99.84,22.08,207.72,108.05,94.94735950653727
2025-10-22 01:05:22.704660,134.62,65.24,297.51,28.23,127.7006135730301
2025-10-22 01:05:23.704660,135.89,74.03,276.23,87.2,137.42854295252926
2025-10-22 01:05:24.704659,86.31,64.3,95.22,117.03,84.03520655525305
2025-10-22 01:05:25.704659,123.29,43.29,258.11,92.8,117.69579836031147
2025-10-22 01:05:26.704658,81.25,62.23,150.91,24.75,81.39997444962395
2025-10-22 01:05:27.704657,58.7,88.39,55.11,16.42,64.02592456000122
2025-10-22 01:05:28.704657,113.22,43.88,277.03,53.17,115.80178432655386
2025-10-22 01:05:29.704656,132.05,66.21,227.06,109.11,123.07765138611407
2025-10-22 01:05:30.704656,118.12,62.66,205.01,133.88,119.59245562108536
2025-10-22 01:05:31.704655,117.7,88.96,244.86,32.21,124.53324783501373
2025-10-22 01:05:32.704655,110.65,62.7,172.36,145.66,112.13318285790452
2025-10-22 01:05:33.704654,127.52,97.83,234.94,20.88,123.73822220723115
2025-10-22 01:05:34.704654,143.52,92.9,247.72,141.73,149.1468688081045
2025-10-22 01:05:35.704653,102.13,76.17,147.33,126.68,107.57514474221657
2025-10-22 01:05:36.704653,154.58,98.2,270.54,91.28,148.6332243345137
2025-10-22 01:05:37.704652,65.02,36.08,59.16,144.15,64.44736364409911
2025-10-22 01:05:38.704652,128.92,88.37,212.4,115.48,131.03266765748992
2025-10-22 01:05:39.704651,80.55,45.68,104.63,115.73,77.28204284853955
2025-10-22 01:05:40.704651,88.54,84.61,120.35,47.09,87.85795801598995
2025-10-22 01:05:41.704650,66.05,53.36,107.03,99.55,78.63269986327117
2025-10-22 01:05:42.704649,78.9,54.7,78.07,137.64,78.16676177787599
2025-10-22 01:05:43.704649,73.52,50.09,164.2,25.07,79.38154353576337
2025-10-22 01:05:44.704648,112.38,77.24,172.58,71.12,104.65779275715153
2025-10-22 01:05:45.704648,105.83,63.61,141.02,146.9,103.40764574250908
2025-10-22 01:05:46.704647,109.96,56.59,196.46,91.78,105.60803739724034
2025-10-22 01:05:47.704647,124.69,98.8,232.56,31.13,125.54645370985065
2025-10-22 01:05:48.704646,98.06,38.52,220.7,66.13,98.74914784970001
2025-10-22 01:05:49.704646,44.73,26.58,65.66,43.66,41.660648904153376
2025-10-22 01:05:50.704645,67.69,64.88,120.21,20.59,72.66451984671527
2025-10-22 01:05:51.704645,75.68,45.19,115.77,129.66,83.158066832872
2025-10-22 01:05:52.704644,163.17,90.97,286.7,146.57,160.86898840112843
2025-10-22 01:05:53.704644,60.1,49.6,59.37,84.39,59.39738689356922
2025-10-22 01:05:54.704643,149.69,95.34,287.3,100.4,154.05637516286566
2025-10-22 01:05:55.704643,60.3,63.81,81.5,42.24,64.78914802912891
2025-10-22 01:05:56.704642,134.73,44.75,284.83,147.24,137.2914381401021
2025-10-22 01:05:57.704641,77.66,71.08,96.39,58.91,76.2245885340301
2025-10-22 01:05:58.704641,102.57,25.11,270.14,35.82,100.8782053087445
2025-10-22 01:05:59.704640,123.11,68.67,229.96,73.04,118.00892186352532
2025-10-22 01:06:00.704640,117.05,88.3,210.61,104.92,128.35908756460657
2025-10-22 01:06:01.704639,132.9,79.77,208.14,131.98,128.72535070816377
2025-10-22 01:06:02.704639,128.68,62.58,223.74,115.35,121.50184020169127
2025-10-22 01:06:03.704638,78.53,59.92,127.42,99.41,88.02412848964008
2025-10-22 01:06:04.704638,92.73,61.5,170.9,85.38,99.10523466965785
2025-10-22 01:06:05.704637,88.19,53.64,125.12,125.37,89.34963937791727
2025-10-22 01:06:06.704637,52.49,41.0,82.22,79.47,60.985714568545404
2025-10-22 01:06:07.704636,93.63,28.65,219.45,74.06,95.00696937009697
2025-10-22 01:06:08.704636,64.34,63.86,51.83,99.24,67.22414557928772
2025-10-22 01:06:09.704635,94.91,88.37,109.86,132.02,103.47524472311962
2025-10-22 01:06:10.704635,86.24,24.21,179.96,96.44,85.35433808437097
2025-10-22 01:06:11.704634,130.65,58.67,299.21,28.33,124.94146783392605
2025-10-22 01:06:12.704633,97.77,26.9,197.83,97.63,92.31397695179241
2025-10-22 01:06:13.704633,140.22,84.34,287.2,104.83,149.39817428325176
2025-10-22 01:06:14.704632,129.98,61.61,259.32,127.61,134.1575447309096
2025-10-22 01:06:15.704632,87.98,80.88,92.4,106.11,89.31896119490636
2025-10-22 01:06:16.704631,108.99,68.09,253.0,10.96,112.30376121950772
2025-10-22 01:06:17.704631,86.41,46.46,167.52,44.8,82.48594308677427
2025-10-22 01:06:18.704630,103.55,33.62,181.48,143.56,99.89502974176852
2025-10-22 01:06:19.704630,101.45,37.38,204.54,93.69,98.79765245925445
2025-10-22 01:06:20.704629,69.28,30.3,108.99,140.13,75.74329077536487
2025-10-22 01:06:21.704629,113.02,76.72,175.46,70.26,105.09271499248483
2025-10-22 01:06:22.704628,78.69,92.29,58.01,105.94,84.65419004483081
2025-10-22 01:06:23.704628,71.12,53.25,57.64,124.14,68.60997224000815
2025-10-22 01:06:24.704627,88.15,52.24,185.61,32.2,88.31693407986323
2025-10-22 01:06:25.704627,79.91,32.11,182.52,21.84,75.24545410251187
2025-10-22 01:06:26.704626,106.77,71.57,174.16,76.49,103.36132580642679
2025-10-22 01:06:27.704626,87.71,38.69,207.04,47.61,91.04197452778457
2025-10-22 01:06:28.704625,48.31,30.28,51.22,50.5,40.530039078499236
2025-10-22 01:06:29.704625,90.51,69.4,128.78,102.51,93.79758661980492
2025-10-22 01:06:30.704624,95.56,55.15,159.43,99.4,95.26263221653856
2025-10-22 01:06:31.704623,124.84,80.03,260.1,64.26,131.01915824307878
2025-10-22 01:06:32.704623,48.56,43.87,76.26,10.77,46.96795076876821
2025-10-22 01:06:33.704622,129.14,76.81,270.02,95.58,138.61922600009876
2025-10-22 01:06:34.704622,65.23,48.78,135.38,37.11,72.45002276610003
2025-10-22 01:06:35.704621,64.02,57.55,101.12,32.79,65.67687313996056
2025-10-22 01:06:36.704621,73.4,59.37,84.26,88.22,72.53969375476129
2025-10-22 01:06:37.704620,43.63,23.33,77.25,51.2,45.01899561769477
2025-10-22 01:06:38.704620,116.43,53.7,240.84,54.01,110.00006713731875
2025-10-22 01:06:39.704619,118.67,27.41,285.7,91.97,117.87738615412218
2025-10-22 01:06:40.704619,73.45,84.97,60.21,18.05,64.17146146677956
2025-10-22 01:06:41.704618,74.2,33.54,172.92,51.15,78.9025224103944
2025-10-22 01:06:42.704618,126.73,98.59,187.57,82.9,122.20250366932682
2025-10-22 01:06:43.704617,96.83,68.21,187.96,13.38,93.27939886093895
2025-10-22 01:06:44.704617,63.11,42.07,110.92,70.14,68.29986928096137
2025-10-22 01:06:45.704616,78.3,28.94,169.89,87.53,82.92202271312509
2025-10-22 01:06:46.704615,82.73,92.68,99.23,13.79,78.92389448729202
2025-10-22 01:06:47.704615,150.11,67.81,268.57,126.6,139.84445909134024
2025-10-22 01:06:48.704614,87.01,21.22,249.15,31.95,91.84603075902477
2025-10-22 01:06:49.704614,91.62,38.39,185.23,92.22,93.20220295927527
2025-10-22 01:06:50.704613,122.98,55.72,294.35,28.17,121.97019360583822
2025-10-22 01:06:51.704613,52.43,31.94,89.64,69.0,56.59820060816395
2025-10-22 01:06:52.704612,102.36,45.37,182.47,77.56,92.95229768497876
2025-10-22 01:06:53.704612,64.58,44.01,102.16,73.4,67.2845479923359
2025-10-22 01:06:54.704611,86.63,38.43,146.91,131.17,89.44048424403027
2025-10-22 01:06:55.704611,111.46,95.49,212.61,20.15,115.70366827418461
2025-10-22 01:06:56.704610,120.3,40.49,234.07,106.98,111.88156982414823
2025-10-22 01:06:57.704610,86.09,37.53,168.01,58.2,80.82578637054561
2025-10-22 01:06:58.704609,93.24,54.6,195.97,18.67,89.9247631761876
2025-10-22 01:06:59.704609,81.31,97.47,118.52,17.61,87.8854662351004
2025-10-22 01:07:00.704608,134.18,49.75,290.21,128.99,137.78468258295058
2025-10-22 01:07:01.704608,72.36,42.17,110.36,85.77,71.28979274937797
2025-10-22 01:07:02.704607,113.38,34.74,253.99,109.3,115.45563842306684
2025-10-22 01:07:03.704606,119.56,57.62,253.53,88.82,122.70337973364545
2025-10-22 01:07:04.704606,79.19,88.05,64.4,118.57,86.96465939874295
2025-10-22 01:07:05.704605,57.38,53.4,64.15,63.14,58.51253943402108
2025-10-22 01:07:06.704605,75.9,81.77,109.63,57.67,85.31477444134707
2025-10-22 01:07:07.704604,95.19,58.07,146.26,79.66,88.8375205704198
2025-10-22 01:07:08.704604,78.3,26.23,205.23,40.27,82.79747940411605
2025-10-22 01:07:09.704603,58.4,44.35,94.07,45.35,59.442906186687736
2025-10-22 01:07:10.704603,100.05,29.15,221.47,83.51,97.74435203724715
2025-10-22 01:07:11.704602,108.2,23.0,275.51,22.15,98.71837235392714
2025-10-22 01:07:12.704602,120.22,69.66,214.05,132.27,125.49753786377963
2025-10-22 01:07:13.704601,61.92,54.8,50.13,97.47,61.823248302569326
2025-10-22 01:07:14.704601,68.98,28.74,134.26,104.81,75.53986267526297
2025-10-22 01:07:15.704600,73.13,61.08,120.45,19.24,70.56510208722241
2025-10-22 01:07:16.704599,73.92,51.67,98.09,111.64,77.50122849170515
2025-10-22 01:07:17.704599,68.93,25.28,80.48,140.3,64.68639558499831
2025-10-22 01:07:18.704598,109.18,35.1,217.27,93.34,101.41567674838336
2025-10-22 01:07:19.704598,106.5,85.61,147.88,116.73,110.48967631310073
2025-10-22 01:07:20.704597,97.62,52.6,176.52,97.47,98.74282326953727
2025-10-22 01:07:21.704597,133.82,85.91,254.75,118.17,143.0755665154167
2025-10-22 01:07:22.704596,98.89,62.91,220.8,33.73,104.55109739994323
2025-10-22 01:07:23.704596,125.09,36.3,296.35,101.22,127.37306619638623
2025-10-22 01:07:24.704595,90.77,71.75,148.64,71.99,94.87949080477641
2025-10-22 01:07:25.704595,137.25,85.14,283.17,43.93,136.47546031269007
2025-10-22 01:07:26.704594,84.51,39.27,171.3,104.31,91.85673663025062
2025-10-22 01:07:27.704594,100.37,69.73,142.59,102.44,98.10334571920141
2025-10-22 01:07:28.704593,148.74,43.2,286.1,143.05,136.0639485449707
2025-10-22 01:07:29.704593,136.63,84.45,268.64,77.01,138.33743374111606
2025-10-22 01:07:30.704592,104.31,83.62,172.41,60.52,105.69393341938911
2025-10-22 01:07:31.704592,49.37,51.37,63.19,43.41,53.2834055385558
2025-10-22 01:07:32.704591,134.13,77.64,246.12,123.14,137.3259677098308
2025-10-22 01:07:33.704591,122.12,41.11,299.36,42.35,118.98018697115536
2025-10-22 01:07:34.704590,105.56,83.36,122.17,124.18,103.11014341636309
2025-10-22 01:07:35.704589,96.67,76.81,80.81,136.93,89.9231248851686
2025-10-22 01:07:36.704589,115.13,56.84,270.7,16.22,113.04011613872498
2025-10-22 01:07:37.704588,107.1,53.13,263.42,35.21,112.76853196288909
2025-10-22 01:07:38.704588,70.74,80.96,94.31,45.52,77.8842067473451
2025-10-22 01:07:39.704587,88.95,21.97,253.41,30.44,93.20287971982852
2025-10-22 01:07:40.704587,154.6,78.17,295.86,143.19,156.54178928995591
2025-10-22 01:07:41.704586,151.75,96.54,270.95,95.48,148.76043397425684
2025-10-22 01:07:42.704586,123.72,68.09,249.52,136.09,136.14121104448193
2025-10-22 01:07:43.704585,112.25,90.59,189.26,83.05,118.7341097328465
2025-10-22 01:07:44.704585,67.93,31.04,106.97,143.09,76.09488325190858
2025-10-22 01:07:45.704584,93.16,86.07,118.03,70.36,92.51890293596409
2025-10-22 01:07:46.704584,110.27,32.63,224.57,120.19,107.7142621283632
2025-10-22 01:07:47.704583,118.05,61.85,185.41,149.44,116.38497868218096
2025-10-22 01:07:48.704583,96.09,76.66,88.79,132.32,91.3318116453781
2025-10-22 01:07:49.704582,73.9,67.86,102.81,78.45,80.42910301829379
2025-10-22 01:07:50.704581,84.1,21.46,195.56,112.2,91.80410380421978
2025-10-22 01:07:51.704581,111.89,94.58,186.71,104.21,124.17334725713812
2025-10-22 01:07:52.704580,130.78,92.62,189.13,116.33,126.33000161340121
2025-10-22 01:07:53.704580,122.87,51.75,289.47,13.48,115.59251008935442
2025-10-22 01:07:54.704579,89.7,74.19,98.18,138.96,94.24000566181483
2025-10-22 01:07:55.704579,98.26,71.05,152.75,91.81,99.7068655558826
2025-10-22 01:07:56.704578,77.73,85.91,74.06,54.3,76.0176358369521
2025-10-22 01:07:57.704578,69.12,23.3,111.41,142.34,73.40499491328494
2025-10-22 01:07:58.704577,94.82,69.79,126.41,103.6,93.49671764600257
2025-10-22 01:07:59.704577,106.27,83.06,233.14,11.86,114.00572596058356
2025-10-22 01:08:00.704576,104.26,98.52,126.14,70.04,101.13026632278616
2025-10-22 01:08:01.704576,114.44,38.49,234.55,90.74,107.79469868535121
2025-10-22 01:08:02.704575,101.5,34.52,239.72,55.23,100.29988925655445
2025-10-22 01:08:03.704575,103.85,35.85,245.58,50.83,101.85381187475419
2025-10-22 01:08:04.704574,55.55,32.23,94.07,66.35,57.549100075642016
2025-10-22 01:08:05.704573,61.41,68.43,75.2,46.1,65.97539701349945
2025-10-22 01:08:06.704573,45.99,56.71,59.97,15.04,49.347286067184214
2025-10-22 01:08:07.704572,87.73,83.61,80.75,94.43,84.85882204874433
2025-10-22 01:08:08.704572,114.31,70.94,225.33,73.1,117.7649080744977
2025-10-22 01:08:09.704571,52.17,55.64,84.09,20.74,57.20086954834709
2025-10-22 01:08:10.704571,119.82,66.92,260.25,62.95,124.23791682381625
2025-10-22 01:08:11.704570,91.76,25.94,252.48,25.67,93.96279746826264
2025-10-22 01:08:12.704570,94.23,60.55,178.31,55.64,94.94424152676028
2025-10-22 01:08:13.704569,63.88,36.75,98.75,76.05,63.149723342665304
2025-10-22 01:08:14.704569,119.39,98.8,201.02,31.29,116.09022117986784
2025-10-22 01:08:15.704568,83.43,33.94,205.3,46.4,87.89897669236271
2025-10-22 01:08:16.704568,60.92,25.44,116.28,82.85,64.11114456333553
2025-10-22 01:08:17.704567,62.58,27.41,109.74,42.61,55.12793371825566
2025-10-22 01:08:18.704567,121.82,79.1,194.83,110.92,120.19764723889433
2025-10-22 01:08:19.704566,62.65,43.5,70.94,130.83,69.05831501649001
2025-10-22 01:08:20.704565,67.86,55.94,94.94,42.16,64.87482733200245
2025-10-22 01:08:21.704565,109.24,97.42,100.36,143.36,107.40504733354496
2025-10-22 01:08:22.704564,41.84,27.18,67.98,17.76,37.5083863971437
2025-10-22 01:08:23.704563,83.08,60.98,82.13,142.12,83.42423957287878
2025-10-22 01:08:24.704562,131.27,91.1,221.84,118.43,135.82638390072157
2025-10-22 01:08:25.704562,82.23,39.98,189.32,47.11,86.2579717726552
2025-10-22 01:08:26.704561,84.68,26.63,196.63,35.21,79.40443606307248
2025-10-22 01:08:27.704561,80.41,30.29,188.15,24.5,76.55658658389241
2025-10-22 01:08:28.704560,130.66,58.89,242.17,127.67,127.64806045745814
2025-10-22 01:08:29.704560,77.54,56.33,158.52,16.85,79.16332250020031
2025-10-22 01:08:30.704559,51.7,41.45,67.17,32.1,47.26328963223342
2025-10-22 01:08:31.704559,90.44,69.95,202.89,11.96,98.35977834145577
2025-10-22 01:08:32.704558,96.6,66.94,173.49,98.29,105.17625848769211
2025-10-22 01:08:33.704558,72.7,46.09,75.1,114.63,68.38523641948167
2025-10-22 01:08:34.704557,78.89,77.27,127.22,76.26,92.04953152569722
2025-10-22 01:08:35.704557,103.71,69.93,215.51,18.71,103.48854310145772
2025-10-22 01:08:36.704556,78.22,43.87,168.73,27.97,78.20585470196389
2025-10-22 01:08:37.704556,110.73,50.79,160.49,146.7,102.80434543637244
2025-10-22 01:08:38.704555,109.39,44.08,287.49,62.24,120.85232025196177
2025-10-22 01:08:39.704554,121.36,94.79,228.72,26.77,121.51590018959764
2025-10-22 01:08:40.704554,131.52,72.0,233.38,118.81,129.80768018450266
2025-10-22 01:08:41.704553,90.6,77.19,81.18,119.85,86.82808341267041
2025-10-22 01:08:42.704553,105.89,97.72,141.21,81.55,107.55201987209401
2025-10-22 01:08:43.704552,111.63,70.79,216.27,90.14,118.35300740499028
2025-10-22 01:08:44.704552,62.12,22.86,72.44,123.49,57.71278492625156
2025-10-22 01:08:45.704551,86.75,26.2,184.95,77.49,84.08356217807028
2025-10-22 01:08:46.704551,122.1,73.36,214.18,92.97,119.57420357921488
2025-10-22 01:08:47.704550,102.37,75.64,133.54,104.34,98.71860990585255
2025-10-22 01:08:48.704550,81.27,59.07,82.33,96.34,73.42365766882699
2025-10-22 01:08:49.704549,112.56,56.15,194.8,99.93,106.50907450862748
2025-10-22 01:08:50.704549,96.65,85.23,82.77,133.52,94.05157226018218
2025-10-22 01:08:51.704548,119.17,71.44,171.83,149.08,117.0311052242544
2025-10-22 01:08:52.704548,142.67,80.56,262.35,113.97,141.84717218571498
2025-10-22 01:08:53.704547,119.45,44.43,254.37,108.39,120.24200110592339
2025-10-22 01:08:54.704546,78.38,76.73,130.05,19.27,81.29694790511954
2025-10-22 01:08:55.704546,74.73,84.25,103.55,10.1,75.26766480782138
2025-10-22 01:08:56.704545,80.49,95.88,56.79,74.22,79.7770673706877
2025-10-22 01:08:57.704545,73.15,61.56,157.77,12.67,80.72576356095657
2025-10-22 01:08:58.704544,75.56,91.41,89.06,21.5,76.76171387346461
2025-10-22 01:08:59.704544,118.92,89.38,203.12,82.32,122.15238305083761
2025-10-22 01:09:00.704543,97.33,44.23,232.12,38.08,99.46606457104917
2025-10-22 01:09:01.704543,51.92,42.69,64.41,68.42,54.276913487696795
2025-10-22 01:09:02.704542,101.83,29.58,201.8,146.48,104.56516442143706
2025-10-22 01:09:03.704542,127.82,60.52,234.95,96.9,120.17328439134126
2025-10-22 01:09:04.704541,154.73,78.6,288.36,120.31,149.95085566488945
2025-10-22 01:09:05.704541,90.82,56.29,153.89,111.66,96.60511852153415
2025-10-22 01:09:06.704540,142.14,82.47,271.63,88.73,140.57599524676834
2025-10-22 01:09:07.704540,137.2,74.1,264.76,146.54,145.81394045305098
2025-10-22 01:09:08.704539,83.8,42.8,144.74,70.65,78.94083052516389
2025-10-22 01:09:09.704538,91.85,73.33,165.76,28.87,92.24576071278378
2025-10-22 01:09:10.704538,120.34,77.0,176.93,149.52,121.43742044036324
2025-10-22 01:09:11.704537,149.41,95.22,268.82,118.75,152.08623537796785
2025-10-22 01:09:12.704537,106.45,22.23,231.02,146.71,109.71995698034505
2025-10-22 01:09:13.704536,82.55,63.58,72.45,101.13,73.66280565114525
2025-10-22 01:09:14.704536,65.61,49.97,110.12,56.73,69.34892894019548
2025-10-22 01:09:15.704535,91.1,48.73,116.78,104.65,80.26114746244454
2025-10-22 01:09:16.704535,62.77,32.13,160.06,11.78,66.49830938724642
2025-10-22 01:09:17.704534,70.94,85.74,53.32,86.52,76.1008839536694
2025-10-22 01:09:18.704534,81.62,52.51,153.97,11.81,74.8791096755757
2025-10-22 01:09:19.704533,107.41,58.9,202.69,112.46,112.7516802843512
2025-10-22 01:09:20.704533,113.19,38.3,252.72,48.82,104.82901252037888
2025-10-22 01:09:21.704532,36.88,32.57,50.37,45.99,40.52433832444036
2025-10-22 01:09:22.704531,127.06,98.45,201.62,104.47,130.6485706506998
2025-10-22 01:09:23.704531,127.91,96.97,205.48,125.64,135.27856494780755
2025-10-22 01:09:24.704530,120.39,25.93,254.18,141.75,117.55376425785843
2025-10-22 01:09:25.704530,119.29,76.0,262.82,21.38,121.29162004102348
2025-10-22 01:09:26.704529,93.78,33.18,165.74,135.18,93.27315281000416
2025-10-22 01:09:27.704529,137.8,73.62,242.77,114.17,132.52103021820167
2025-10-22 01:09:28.704528,73.97,32.56,176.9,32.48,75.89613756402238
2025-10-22 01:09:29.704528,137.55,86.65,277.3,34.42,133.57462883725248
2025-10-22 01:09:30.704527,138.5,66.4,266.42,119.85,137.14915900389872
2025-10-22 01:09:31.704527,74.29,22.16,172.69,86.01,80.0664459859847
2025-10-22 01:09:32.704526,85.74,41.26,144.13,78.12,79.47159457893895
2025-10-22 01:09:33.704526,117.46,23.15,273.19,105.97,114.76467680424554
2025-10-22 01:09:34.704525,72.46,31.29,156.28,33.61,69.28177553544666
2025-10-22 01:09:35.704525,101.2,45.9,260.37,24.58,106.11606548685153
2025-10-22 01:09:36.704524,107.42,21.48,285.66,28.42,102.2573991646627
2025-10-22 01:09:37.704523,77.46,75.72,64.48,136.73,84.42496112014823
2025-10-22 01:09:38.704523,121.71,64.26,211.4,142.39,124.00842236167783
2025-10-22 01:09:39.704522,127.65,78.16,277.52,65.51,135.57158408260665
2025-10-22 01:09:40.704522,108.97,98.47,138.23,113.78,113.44068735191104
2025-10-22 01:09:41.704521,57.26,33.81,105.18,31.14,54.68044992220093
2025-10-22 01:09:42.704521,66.37,70.13,80.82,38.74,67.05377896881795
2025-10-22 01:09:43.704520,74.09,23.6,193.95,23.59,74.76987160895496
2025-10-22 01:09:44.704520,54.82,36.98,79.91,94.87,61.34004368320257
2025-10-22 01:09:45.704519,111.73,75.79,164.94,131.25,113.59120149487899
2025-10-22 01:09:46.704519,70.2,32.66,114.56,83.76,67.39066810747063
2025-10-22 01:09:47.704518,134.19,77.39,217.38,117.62,127.45727210409095
2025-10-22 01:09:48.704518,105.82,92.08,186.17,16.28,105.2723893400387
2025-10-22 01:09:49.704517,106.48,80.41,207.5,56.0,113.74337841357799
2025-10-22 01:09:50.704517,103.08,85.38,132.87,140.91,110.66771075685779
2025-10-22 01:09:51.704516,65.64,36.97,62.93,145.64,66.32352703947971
2025-10-22 01:09:52.704515,103.33,45.78,213.78,90.2,105.09018698867948
2025-10-22 01:09:53.704515,74.11,80.55,89.75,30.33,73.28629956129157
2025-10-22 01:09:54.704514,138.18,91.98,261.48,34.75,131.5505987954691
2025-10-22 01:09:55.704514,83.47,29.35,178.5,64.82,81.20118657869027
2025-10-22 01:09:56.704513,63.21,47.21,51.15,92.92,57.42396171014583
2025-10-22 01:09:57.704513,60.31,30.76,84.46,68.21,54.29184004730768
2025-10-22 01:09:58.704512,94.46,54.44,168.65,71.32,92.09645319605347
2025-10-22 01:09:59.704512,70.33,68.0,81.33,47.35,67.85268915280568
2025-10-22 01:10:00.704511,98.43,37.35,230.55,35.26,94.987267463408
2025-10-22 01:10:01.704511,93.78,62.15,177.97,39.88,92.50912861846156
2025-10-22 01:10:02.704510,73.88,66.44,68.53,56.19,64.97881682097608
2025-10-22 01:10:03.704510,101.31,82.34,141.83,103.97,104.49442045065331
2025-10-22 01:10:04.704509,91.22,49.52,213.98,50.38,99.10453238155566
2025-10-22 01:10:05.704509,120.24,88.71,217.36,61.69,121.99794844098746
2025-10-22 01:10:06.704508,105.41,64.66,204.37,72.3,108.15530463531509
2025-10-22 01:10:07.704507,97.69,61.1,215.96,30.49,101.54427030653727
2025-10-22 01:10:08.704507,100.19,93.21,108.25,107.3,100.49890869281391
2025-10-22 01:10:09.704506,130.74,66.99,279.88,89.05,135.36863754672802
2025-10-22 01:10:10.704506,100.29,97.86,166.43,32.63,105.48035553380247
2025-10-22 01:10:11.704505,129.98,66.34,189.51,139.09,117.80879924048641
2025-10-22 01:10:12.704505,72.8,71.9,125.04,13.64,76.25118736929272
2025-10-22 01:10:13.704504,83.12,56.69,112.19,114.67,84.85959819500852
2025-10-22 01:10:14.704504,90.92,66.94,99.52,137.9,90.80131325498141
2025-10-22 01:10:15.704503,138.24,80.85,297.99,66.36,143.24575545281155
2025-10-22 01:10:16.704503,57.42,34.14,122.19,17.87,57.32379757189234
2025-10-22 01:10:17.704502,89.35,58.44,148.19,88.88,91.43698173695212
2025-10-22 01:10:18.704502,51.45,42.7,104.3,33.36,59.309565995426325
2025-10-22 01:10:19.704501,89.27,30.96,181.81,66.8,83.39701103234594
2025-10-22 01:10:20.704501,123.09,58.8,262.84,71.38,122.62679211515415
2025-10-22 01:10:21.704500,83.31,53.86,109.21,95.93,78.81901291524468
2025-10-22 01:10:22.704500,80.12,62.56,62.01,139.35,77.61206460269983
2025-10-22 01:10:23.704499,105.43,47.59,228.5,93.5,111.08110681955372
2025-10-22 01:10:24.704498,127.88,43.96,244.88,145.43,124.51783589262874
2025-10-22 01:10:25.704498,108.66,84.27,179.98,33.1,102.84376966397993
2025-10-22 01:10:26.704497,129.84,42.38,246.87,141.98,123.63907832806909
2025-10-22 01:10:27.704497,100.99,24.27,209.48,116.11,98.17649969334566
2025-10-22 01:10:28.704496,126.86,59.17,235.0,138.85,127.85471157312983
2025-10-22 01:10:29.704496,122.48,24.39,283.62,118.63,121.0409838503436
2025-10-22 01:10:30.704495,98.82,84.03,104.49,129.87,99.25865215466224
2025-10-22 01:10:31.704495,76.79,35.39,148.28,82.91,78.73274158634146
2025-10-22 01:10:32.704494,104.86,28.0,215.79,82.31,95.22106752572128
2025-10-22 01:10:33.704494,91.65,53.26,168.26,83.31,93.77257919205853
2025-10-22 01:10:34.704493,132.15,55.43,286.05,57.44,125.14895767399996
2025-10-22 01:10:35.704493,93.15,73.27,123.93,92.19,92.22446764990852
2025-10-22 01:10:36.704492,85.18,24.4,180.31,77.45,81.77828542382676
2025-10-22 01:10:37.704492,147.08,80.18,250.16,131.63,141.50179389542308
2025-10-22 01:10:38.704491,87.25,58.33,125.7,93.48,85.53110619548768
2025-10-22 01:10:39.704490,120.45,56.0,237.3,113.57,121.93161088674393
2025-10-22 01:10:40.704489,87.37,98.79,115.1,62.53,96.45087397835243
2025-10-22 01:10:41.704488,111.19,82.16,186.71,64.18,109.99239280918937
2025-10-22 01:10:42.704488,105.15,65.57,234.55,51.18,113.48989837187938
2025-10-22 01:10:43.704487,73.57,44.22,110.06,103.64,75.78000840674287
2025-10-22 01:10:44.704487,111.29,79.01,155.17,145.59,115.1165600754051
2025-10-22 01:10:45.704486,126.15,90.39,270.33,40.57,134.57400341150742
2025-10-22 01:10:46.704486,85.43,57.6,147.94,51.47,83.5014368146361
2025-10-22 01:10:47.704485,91.62,70.75,123.2,90.55,90.41663623825437
2025-10-22 01:10:48.704485,62.65,52.7,82.39,70.37,65.08684002495175
2025-10-22 01:10:49.704484,129.46,87.67,276.05,19.53,130.7482992988089
2025-10-22 01:10:50.704484,117.12,37.33,260.47,81.05,113.08411945202678
2025-10-22 01:10:51.704483,80.6,35.98,126.21,133.89,82.52727944266837
2025-10-22 01:10:52.704483,93.41,25.6,196.14,104.57,92.53464762976165
2025-10-22 01:10:53.704482,138.41,92.7,222.44,48.17,122.83575387293611
2025-10-22 01:10:54.704481,93.97,85.31,151.02,18.94,91.83674227430303
2025-10-22 01:10:55.704481,100.23,63.53,167.76,111.91,104.453282897087
2025-10-22 01:10:56.704480,74.31,83.31,61.43,62.35,72.51693778130712
2025-10-22 01:10:57.704480,40.15,34.39,67.54,11.8,39.8017373299117
2025-10-22 01:10:58.704479,125.16,53.97,266.52,101.04,127.21325298728217
2025-10-22 01:10:59.704479,73.75,54.04,85.66,101.86,73.00399594733878
2025-10-22 01:11:00.704478,99.44,24.64,186.05,137.29,95.52547258143704
2025-10-22 01:11:01.704478,87.03,87.93,96.2,104.47,93.66679065024742
2025-10-22 01:11:02.704477,129.77,61.04,250.75,144.34,134.621052231582
2025-10-22 01:11:03.704477,117.38,81.67,206.33,123.79,127.50370089044068
2025-10-22 01:11:04.704476,95.08,89.15,172.37,27.54,101.89281735994993
2025-10-22 01:11:05.704476,70.75,36.95,159.49,71.62,80.64107457192127
2025-10-22 01:11:06.704475,92.11,51.63,188.8,76.51,97.78289512631738
2025-10-22 01:11:07.704475,128.43,98.02,213.97,49.35,123.18682410646615
2025-10-22 01:11:08.704474,79.96,70.35,64.12,126.69,79.63058766386902
2025-10-22 01:11:09.704474,85.44,83.93,134.21,78.25,97.8835631383724
2025-10-22 01:11:10.704473,79.75,24.74,184.28,80.72,83.79314352257285
2025-10-22 01:11:11.704472,129.92,70.54,249.27,110.01,132.10656044943838
2025-10-22 01:11:12.704472,71.94,73.58,50.64,78.88,67.68525814722011
2025-10-22 01:11:13.704471,131.03,91.43,177.02,107.28,120.2912609524931
2025-10-22 01:11:14.704471,142.19,72.42,248.34,147.36,140.19605925125234
2025-10-22 01:11:15.704470,116.71,40.8,240.82,144.83,121.59454685306068
2025-10-22 01:11:16.704470,93.94,46.94,227.37,19.34,95.66760166317307
2025-10-22 01:11:17.704469,111.1,44.0,235.77,72.72,107.33766866894855
2025-10-22 01:11:18.704469,145.59,72.97,293.48,81.51,140.95535631800288
2025-10-22 01:11:19.704468,122.54,83.33,202.91,61.47,114.91281018233767
2025-10-22 01:11:20.704468,50.98,67.07,58.73,10.77,53.313669378020705
2025-10-22 01:11:21.704467,81.05,92.56,96.73,33.78,82.08709698970225
2025-10-22 01:11:22.704467,128.26,67.03,216.37,142.4,126.89280833158992
2025-10-22 01:11:23.704466,133.13,86.86,223.21,103.91,131.22744684805846
2025-10-22 01:11:24.704466,89.85,52.61,115.76,126.85,86.3123801915346
2025-10-22 01:11:25.704465,87.68,51.08,130.68,98.74,84.444264666776
2025-10-22 01:11:26.704464,92.69,90.88,82.08,107.81,91.56078731243164
2025-10-22 01:11:27.704464,109.96,30.72,299.88,28.09,111.09716432704107
2025-10-22 01:11:28.704463,131.32,70.98,292.01,39.02,131.06660379698644
2025-10-22 01:11:29.704463,114.31,49.8,187.3,137.42,108.52817778563664
2025-10-22 01:11:30.704462,107.21,26.54,293.77,39.8,109.49440024552966
2025-10-22 01:11:31.704462,71.11,55.46,133.96,60.73,80.06563434125195
2025-10-22 01:11:32.704461,98.96,45.85,217.72,67.23,101.74250656211429
2025-10-22 01:11:33.704461,103.87,72.78,187.52,83.52,109.3844025927666
2025-10-22 01:11:34.704460,92.58,53.86,182.8,60.34,93.87909271689074
2025-10-22 01:11:35.704460,58.25,48.59,81.56,38.75,56.490554503477924
2025-10-22 01:11:36.704459,84.59,43.17,202.56,48.82,92.17861134944792
2025-10-22 01:11:37.704459,99.32,94.72,135.69,90.74,106.2165727852166
2025-10-22 01:11:38.704458,89.35,92.58,106.52,52.95,88.85449504995371
2025-10-22 01:11:39.704458,77.49,42.63,189.37,11.36,80.49068312229295
2025-10-22 01:11:40.704457,80.89,65.38,71.67,138.02,81.66588297489447
2025-10-22 01:11:41.704457,55.92,31.64,65.38,87.3,52.78919432671251
2025-10-22 01:11:42.704456,42.96,52.18,54.66,20.1,46.48742246387687
2025-10-22 01:11:43.704455,129.63,78.06,262.93,57.13,129.4659383768119
2025-10-22 01:11:44.704455,81.27,49.43,114.44,134.05,85.75450640072
2025-10-22 01:11:45.704454,81.19,20.44,204.49,19.26,75.4968650736088
2025-10-22 01:11:46.704454,133.15,64.17,293.46,50.1,130.29562109260561
2025-10-22 01:11:47.704453,94.37,82.33,152.06,12.92,89.45995135627106
2025-10-22 01:11:48.704453,138.81,74.62,238.63,142.01,137.31291692142676
2025-10-22 01:11:49.704452,85.85,27.15,216.53,107.86,100.09904693287652
2025-10-22 01:11:50.704452,86.9,91.25,98.58,68.95,88.98172054359716
2025-10-22 01:11:51.704451,159.01,96.65,288.92,97.69,154.66086561427556
2025-10-22 01:11:52.704451,83.67,58.36,131.07,70.5,82.5915851409534
2025-10-22 01:11:53.704450,76.94,33.66,149.4,65.1,74.6614000981867
2025-10-22 01:11:54.704450,78.91,32.98,230.08,12.68,88.16682879729268
2025-10-22 01:11:55.704449,119.53,88.6,136.62,100.27,105.3264865017616
2025-10-22 01:11:56.704449,113.68,52.15,210.42,92.22,107.67139577800859
2025-10-22 01:11:57.704448,93.37,32.58,188.22,73.96,87.5605393511835
2025-10-22 01:11:58.704447,64.44,26.45,145.03,35.86,63.920930654883264
2025-10-22 01:11:59.704447,89.7,27.93,197.31,76.95,88.56081425670085
2025-10-22 01:12:00.704446,78.48,45.85,164.52,25.2,77.38015205585037
2025-10-22 01:12:01.704446,92.74,43.7,136.62,90.49,80.8944049114721
2025-10-22 01:12:02.704445,48.39,42.15,59.1,48.29,48.40587245182571
2025-10-22 01:12:03.704445,93.18,42.79,242.77,28.52,100.04749375050793
2025-10-22 01:12:04.704444,90.27,26.68,189.92,44.53,79.26438274908946
2025-10-22 01:12:05.704444,87.18,24.24,187.25,103.42,88.95048133947783
2025-10-22 01:12:06.704443,90.16,67.15,142.96,97.04,95.84863041390217
2025-10-22 01:12:07.704443,140.11,73.57,278.25,72.81,134.9441235494623
2025-10-22 01:12:08.704442,129.82,47.44,253.02,126.74,124.99260041651334
2025-10-22 01:12:09.704442,102.17,29.78,228.95,136.9,110.92760199806666
2025-10-22 01:12:10.704441,139.86,95.99,271.94,46.95,139.13174362334266
2025-10-22 01:12:11.704441,145.37,85.85,268.5,102.27,144.01987650999203
2025-10-22 01:12:12.704440,74.54,38.31,86.4,129.82,70.90893347146414
2025-10-22 01:12:13.704439,79.58,51.47,143.2,57.67,80.23842927734914
2025-10-22 01:12:14.704439,79.59,25.95,170.82,39.01,72.05525237922011
2025-10-22 01:12:15.704438,52.38,44.84,69.04,29.27,48.96084364747682
2025-10-22 01:12:16.704438,121.16,70.98,244.67,97.48,128.4513118717594
2025-10-22 01:12:17.704437,55.88,39.21,100.8,50.7,59.957154247118815
2025-10-22 01:12:18.704437,109.57,81.35,219.88,38.3,114.4184223294522
2025-10-22 01:12:19.704436,90.76,45.83,155.13,71.39,83.73108192383393
2025-10-22 01:12:20.704436,60.35,28.75,156.36,24.08,66.13852990055423
2025-10-22 01:12:21.704435,134.24,60.21,285.9,146.26,145.16122468404433
2025-10-22 01:12:22.704435,55.58,20.78,124.65,62.11,60.17068427447158
2025-10-22 01:12:23.704434,56.33,40.62,77.17,54.02,54.215044143624574
2025-10-22 01:12:24.704434,103.66,70.24,170.19,73.06,100.8188296384613
2025-10-22 01:12:25.704433,98.13,71.54,176.37,35.47,95.85357041313078
2025-10-22 01:12:26.704433,58.7,46.67,58.97,106.84,62.27421339189238
2025-10-22 01:12:27.704432,100.03,22.51,241.75,87.64,101.34093217901584
2025-10-22 01:12:28.704431,102.8,67.35,210.7,12.52,99.51844368625615
2025-10-22 01:12:29.704431,109.97,34.79,294.37,29.74,111.80611293454444
2025-10-22 01:12:30.704430,104.25,75.69,174.56,113.1,112.82561461112893
2025-10-22 01:12:31.704430,129.39,91.55,233.5,52.09,126.36649923702038
2025-10-22 01:12:32.704429,128.74,96.4,164.4,139.47,125.38550333860846
2025-10-22 01:12:33.704429,103.64,77.17,132.71,94.83,97.3439579139107
2025-10-22 01:12:34.704428,83.57,76.93,96.64,80.67,83.55699861346889
2025-10-22 01:12:35.704428,115.33,24.86,282.77,69.08,111.16677262234589
2025-10-22 01:12:36.704427,82.03,28.24,151.87,147.55,89.08660296098965
2025-10-22 01:12:37.704427,133.57,63.63,287.04,78.65,133.77154633044566
2025-10-22 01:12:38.704426,139.74,78.2,284.16,73.62,139.2019193081065
2025-10-22 01:12:39.704426,106.72,70.7,165.18,73.44,99.61764188783985
2025-10-22 01:12:40.704425,146.64,86.94,297.82,70.5,147.06796708979627
2025-10-22 01:12:41.704425,66.47,53.56,88.49,64.37,66.15938351850843
2025-10-22 01:12:42.704424,118.3,53.39,278.47,81.11,126.55420880086238
2025-10-22 01:12:43.704424,66.75,65.64,77.55,27.8,61.6457491205208
2025-10-22 01:12:44.704423,83.71,72.33,89.92,104.51,83.97264920121835
2025-10-22 01:12:45.704422,114.08,63.45,206.48,57.44,105.22887109219613
2025-10-22 01:12:46.704422,91.95,73.65,178.0,47.98,99.88849860521486
2025-10-22 01:12:47.704421,129.41,92.46,292.05,17.27,137.5110375262269
2025-10-22 01:12:48.704421,94.15,22.79,236.48,51.58,92.72463913505138
2025-10-22 01:12:49.704420,66.51,42.77,58.33,130.37,64.80781617258246
2025-10-22 01:12:50.704420,60.32,67.57,76.88,47.53,66.33445392035529
2025-10-22 01:12:51.704419,76.21,76.11,88.25,43.28,73.18672412863538
2025-10-22 01:12:52.704419,143.49,68.71,295.8,113.48,145.87755008619808
2025-10-22 01:12:53.704418,136.33,91.24,256.89,95.78,141.93609528854103
2025-10-22 01:12:54.704418,104.05,21.59,236.72,133.67,108.52089972070411
2025-10-22 01:12:55.704417,99.76,52.53,180.91,85.5,97.64794416840903
2025-10-22 01:12:56.704417,85.36,37.55,186.67,71.58,89.11006646710207
2025-10-22 01:12:57.704416,42.37,35.09,64.94,14.87,39.980693093531976
2025-10-22 01:12:58.704416,118.02,66.26,212.72,79.06,112.81287169458689
2025-10-22 01:12:59.704415,98.8,63.44,210.05,10.62,96.98682250623149
2025-10-22 01:13:00.704414,103.52,67.91,201.01,42.27,102.80021954973994
2025-10-22 01:13:01.704414,62.28,87.19,67.5,55.66,74.95573678569463
2025-10-22 01:13:02.704413,92.44,51.81,172.44,43.42,86.37099650762573
2025-10-22 01:13:03.704413,116.49,59.69,218.54,32.86,102.08555117401399
2025-10-22 01:13:04.704412,83.09,20.13,219.96,24.13,80.9638724879675
2025-10-22 01:13:05.704412,146.5,78.07,278.83,130.13,148.77142702572286
2025-10-22 01:13:06.704411,100.03,56.09,146.89,135.28,99.09642792905733
2025-10-22 01:13:07.704411,136.59,68.19,264.13,88.97,131.21571195886497
2025-10-22 01:13:08.704410,51.11,36.07,77.0,38.53,48.80467682003066
2025-10-22 01:13:09.704410,73.14,35.43,155.14,14.57,67.22581740601849
2025-10-22 01:13:10.704409,85.93,86.97,76.66,53.26,77.12383805063409
2025-10-22 01:13:11.704409,104.73,73.7,117.14,148.24,101.54375366400488
2025-10-22 01:13:12.704408,115.34,44.96,293.05,14.49,113.46970481228465
2025-10-22 01:13:13.704408,132.81,94.6,227.26,115.31,138.58928951232755
2025-10-22 01:13:14.704407,93.82,77.24,118.75,98.01,93.81188468696594
2025-10-22 01:13:15.704407,99.78,40.64,151.1,144.71,94.50044349659983
2025-10-22 01:13:16.704406,117.58,81.55,174.06,116.01,116.18875599111819
2025-10-22 01:13:17.704405,99.67,93.2,104.1,59.99,89.83703834204061
2025-10-22 01:13:18.704405,41.94,21.58,83.12,55.26,46.715799138976344
2025-10-22 01:13:19.704404,124.21,78.12,244.65,63.23,125.20998253856027
2025-10-22 01:13:20.704404,71.72,69.68,63.53,86.88,71.20061993259031
2025-10-22 01:13:21.704403,75.85,92.04,69.78,22.0,71.37674421214146
2025-10-22 01:13:22.704403,118.79,88.98,243.99,24.29,122.70651303417353
2025-10-22 01:13:23.704402,109.73,59.11,257.59,61.47,119.23193263709506
2025-10-22 01:13:24.704402,91.22,46.55,165.87,103.17,93.64256651153829
2025-10-22 01:13:25.704401,83.44,30.15,154.17,106.11,82.4940027933848
2025-10-22 01:13:26.704401,82.17,68.96,105.26,99.0,85.80376961903876
2025-10-22 01:13:27.704400,92.32,73.88,164.62,61.73,98.71306918951329
2025-10-22 01:13:28.704400,104.49,36.61,272.08,25.29,105.12724633452228
2025-10-22 01:13:29.704399,99.2,79.3,108.08,133.68,98.72738954888018
2025-10-22 01:13:30.704399,77.88,68.76,91.81,47.87,71.48938555303721
2025-10-22 01:13:31.704398,87.04,34.37,167.04,98.53,86.97170748781058
2025-10-22 01:13:32.704397,60.09,35.38,129.53,53.0,67.13911116596285
2025-10-22 01:13:33.704397,70.23,71.59,58.47,75.51,68.3738944456101
2025-10-22 01:13:34.704396,64.91,82.08,86.0,40.49,74.94496477389553
2025-10-22 01:13:35.704396,120.36,76.98,202.15,96.45,118.46032245076029
2025-10-22 01:13:36.704395,60.25,54.1,79.58,29.34,56.78313286619585
2025-10-22 01:13:37.704395,78.56,88.05,74.55,42.4,74.87028493903287
2025-10-22 01:13:38.704394,109.3,68.83,247.33,36.27,116.00203356329519
2025-10-22 01:13:39.704394,99.34,31.28,287.04,11.61,104.23768128670335
2025-10-22 01:13:40.704393,89.3,95.7,106.99,54.9,90.94625721671247
2025-10-22 01:13:41.704393,66.0,26.39,150.47,22.12,62.794931151247916
2025-10-22 01:13:42.704392,77.51,75.67,50.77,137.3,80.38895020454918
2025-10-22 01:13:43.704392,106.3,47.89,215.43,107.44,110.07177625891704
2025-10-22 01:13:44.704391,71.61,27.21,138.61,117.28,78.56207071606234
2025-10-22 01:13:45.704391,60.85,34.62,90.9,102.8,65.04118971597845
2025-10-22 01:13:46.704390,55.19,56.7,51.21,53.69,54.39328158073725
2025-10-22 01:13:47.704389,133.25,85.43,223.24,135.52,136.80649855424784
2025-10-22 01:13:48.704389,96.53,97.14,117.68,45.48,93.00994412564582
2025-10-22 01:13:49.704388,75.63,32.39,149.39,59.12,72.83311163958369
2025-10-22 01:13:50.704388,128.5,90.81,252.4,16.16,124.53617886167619
2025-10-22 01:13:51.704387,113.27,65.29,238.79,67.89,117.94824928161944
2025-10-22 01:13:52.704387,85.3,67.81,167.81,17.22,87.78107662854359
2025-10-22 01:13:53.704386,31.66,37.9,54.69,18.72,39.07019300720882
2025-10-22 01:13:54.704386,117.73,87.56,221.72,39.08,118.23719777225216
2025-10-22 01:13:55.704385,59.77,42.45,55.68,117.12,61.215364557690016
2025-10-22 01:13:56.704385,117.74,46.96,226.75,113.82,114.28013314525222
2025-10-22 01:13:57.704384,114.65,50.82,184.23,140.33,108.69419129603001
2025-10-22 01:13:58.704384,140.86,97.82,221.26,142.53,143.8101789284096
2025-10-22 01:13:59.704383,120.83,81.53,171.51,131.96,118.58357414833456
2025-10-22 01:14:00.704383,98.5,53.12,113.56,145.97,89.70833685202248
2025-10-22 01:14:01.704382,119.23,83.25,155.88,145.46,117.42780231354904
2025-10-22 01:14:02.704381,96.71,37.11,264.03,19.53,101.81053259197688
2025-10-22 01:14:03.704380,87.98,33.17,155.76,106.19,84.50072457393117
2025-10-22 01:14:04.704380,126.93,66.2,220.46,122.18,123.6863934223921
2025-10-22 01:14:05.704379,104.81,86.88,142.0,57.46,97.56997767435051
2025-10-22 01:14:06.704379,90.36,52.28,120.05,128.53,87.77174842149884
2025-10-22 01:14:07.704378,79.2,23.15,155.47,116.82,81.50915789161402
2025-10-22 01:14:08.704377,120.22,89.96,201.41,88.52,123.16143075993622
2025-10-22 01:14:09.704377,106.56,87.65,147.46,66.13,101.3223082723466
2025-10-22 01:14:10.704376,142.34,71.25,267.08,100.74,135.97635441800566
2025-10-22 01:14:11.704376,73.77,48.27,128.46,37.51,70.19243207548965
2025-10-22 01:14:12.704375,132.25,46.31,279.3,66.46,120.3446228070382
2025-10-22 01:14:13.704375,110.33,46.49,248.2,96.83,117.11869803096414
2025-10-22 01:14:14.704374,80.85,67.28,116.57,87.12,86.0021721147779
2025-10-22 01:14:15.704374,85.26,60.23,134.74,103.08,91.1112759011073
2025-10-22 01:14:16.704373,45.91,24.51,51.62,118.53,51.28956927662524
2025-10-22 01:14:17.704373,105.22,82.75,211.08,20.77,108.98616018447052
2025-10-22 01:14:18.704372,145.19,81.5,266.08,101.28,140.91639891896656
2025-10-22 01:14:19.704372,62.23,60.19,55.32,69.9,60.60121090558809
2025-10-22 01:14:20.704371,136.94,65.86,255.27,103.91,130.35455021349287
2025-10-22 01:14:21.704370,122.24,70.67,196.51,132.01,120.67518034974817
2025-10-22 01:14:22.704370,84.43,70.52,134.92,39.07,83.58941351528121
2025-10-22 01:14:23.704369,120.77,68.88,178.73,130.02,114.03426635405684
2025-10-22 01:14:24.704369,107.69,44.18,273.38,43.15,112.86136268482008
2025-10-22 01:14:25.704368,142.78,78.29,271.03,94.26,139.40177948174158
2025-10-22 01:14:26.704368,71.1,77.1,68.9,37.08,66.62858048090925
2025-10-22 01:14:27.704367,115.69,39.94,299.97,14.96,113.13073438451553
2025-10-22 01:14:28.704367,64.01,45.76,72.63,78.78,60.34751357283356
2025-10-22 01:14:29.704366,112.49,59.39,216.05,98.95,114.32941724618615
2025-10-22 01:14:30.704366,92.73,21.54,221.37,79.51,93.10750107273174
2025-10-22 01:14:31.704365,63.77,75.79,58.9,22.08,59.98122009566269
2025-10-22 01:14:32.704365,111.02,71.68,238.17,20.52,111.54165857513145
2025-10-22 01:14:33.704364,111.42,66.36,188.03,77.73,105.17106689057006
2025-10-22 01:14:34.704364,62.84,20.2,145.72,22.71,58.38321750674275
2025-10-22 01:14:35.704363,82.86,80.18,117.49,53.04,85.96219312750125
2025-10-22 01:14:36.704363,67.86,76.6,93.39,23.29,71.00300838572784
2025-10-22 01:14:37.704362,88.24,24.66,179.43,91.75,84.48758284321491
2025-10-22 01:14:38.704361,108.73,77.25,188.73,71.27,109.55097075653462
2025-10-22 01:14:39.704361,65.42,59.95,114.33,46.85,73.64885118815793
2025-10-22 01:14:40.704360,107.11,89.75,150.44,86.54,107.32939865470678
2025-10-22 01:14:41.704360,101.78,29.26,235.0,117.85,108.69873782519677
2025-10-22 01:14:42.704359,150.81,98.08,277.5,72.01,146.8346918930331
2025-10-22 01:14:43.704359,140.07,98.64,222.82,115.78,139.3704331219766
2025-10-22 01:14:44.704358,100.84,85.42,116.29,111.39,99.82947251649061
2025-10-22 01:14:45.704358,85.49,23.25,170.21,133.67,89.34433751773541
2025-10-22 01:14:46.704357,121.15,39.83,244.27,147.55,122.68751414248487
2025-10-22 01:14:47.704357,92.06,26.77,153.39,136.3,86.57037959477286
2025-10-22 01:14:48.704356,126.2,39.69,263.2,122.41,123.31249830006504
2025-10-22 01:14:49.704356,68.36,56.32,82.97,92.13,71.40167735061317
2025-10-22 01:14:50.704355,91.14,43.67,155.37,147.53,97.86328486906399
2025-10-22 01:14:51.704355,118.54,53.89,246.5,91.02,119.15799562122123
2025-10-22 01:14:52.704354,126.22,66.51,254.73,125.94,134.8986990636941
2025-10-22 01:14:53.704354,73.21,82.88,85.37,31.39,73.34640968839788
2025-10-22 01:14:54.704353,122.86,62.29,195.09,140.27,117.69372079449451
2025-10-22 01:14:55.704352,136.89,64.0,259.83,139.88,137.94805126176263
2025-10-22 01:14:56.704352,77.94,62.92,91.49,66.58,72.1891046373963
2025-10-22 01:14:57.704351,78.75,84.61,55.46,83.1,75.49858869444438
2025-10-22 01:14:58.704351,63.06,21.38,71.98,127.36,57.60279854997587
2025-10-22 01:14:59.704350,124.43,64.66,247.98,76.8,122.16923054477871
2025-10-22 01:15:00.704350,138.45,70.4,291.52,48.53,132.51995162259453
2025-10-22 01:15:01.704349,85.4,84.19,92.77,72.7,84.44383359331836
2025-10-22 01:15:02.704349,60.14,43.11,107.23,17.02,57.146826004659964
2025-10-22 01:15:03.704348,60.34,32.81,147.19,19.37,64.47664812449571
2025-10-22 01:15:04.704348,120.87,92.95,148.32,132.02,117.33880182396992
2025-10-22 01:15:05.704347,65.11,30.48,127.21,102.42,73.81518540209913
2025-10-22 01:15:06.704347,99.6,91.33,147.1,23.03,94.48585517691899
2025-10-22 01:15:07.704346,128.12,78.65,268.63,55.57,131.16590095848343
2025-10-22 01:15:08.704345,68.18,58.54,69.42,101.42,70.28480398480684
2025-10-22 01:15:09.704345,111.09,60.67,260.25,27.52,114.06185980415376
2025-10-22 01:15:10.704344,57.94,52.13,51.02,100.13,61.28276226844264
2025-10-22 01:15:11.704344,78.71,85.36,76.02,40.37,73.56157157491029
2025-10-22 01:15:12.704343,125.75,58.52,267.08,75.04,124.48991860852652
2025-10-22 01:15:13.704343,96.18,63.54,135.23,137.64,99.78928983694563
2025-10-22 01:15:14.704342,67.81,31.86,109.56,83.55,65.44411398051139
2025-10-22 01:15:15.704342,75.21,63.99,98.35,88.64,79.1756793146791
2025-10-22 01:15:16.704341,134.77,69.71,263.32,106.67,135.25326027044747
2025-10-22 01:15:17.704341,85.8,92.94,107.12,53.74,89.37239407694538
2025-10-22 01:15:18.704340,76.93,65.51,115.09,15.07,70.342062062478
2025-10-22 01:15:19.704340,76.11,46.49,99.84,113.99,75.90072676324871
2025-10-22 01:15:20.704339,95.47,42.19,263.19,28.34,105.85406753959957
2025-10-22 01:15:21.704338,97.49,96.48,154.01,19.14,98.37022868941348
2025-10-22 01:15:22.704338,68.02,80.51,101.78,11.34,73.10870400870455
2025-10-22 01:15:23.704337,95.21,74.04,144.29,40.37,88.42959384287184
2025-10-22 01:15:24.704337,85.16,78.78,100.46,46.47,78.83140694840313
2025-10-22 01:15:25.704336,79.09,77.15,149.35,18.25,87.1103917207569
2025-10-22 01:15:26.704336,80.87,45.03,113.69,120.59,80.64848571038507
2025-10-22 01:15:27.704335,60.05,37.7,101.04,89.48,66.98519512952213
2025-10-22 01:15:28.704335,84.06,22.89,193.72,81.11,85.78396831739674
2025-10-22 01:15:29.704334,61.56,38.55,51.95,147.03,64.08819144502257
2025-10-22 01:15:30.704334,83.94,65.4,133.24,27.83,78.28451531645933
2025-10-22 01:15:31.704333,139.93,85.57,274.8,91.23,143.5793482806995
2025-10-22 01:15:32.704333,116.5,73.0,183.36,119.87,115.47199206013545
2025-10-22 01:15:33.704332,110.12,57.75,184.89,125.05,109.32477147616247
2025-10-22 01:15:34.704332,92.59,72.4,135.3,71.25,91.04484797142972
2025-10-22 01:15:35.704331,112.38,47.42,261.32,13.7,104.99942661550553
2025-10-22 01:15:36.704330,108.58,25.92,281.51,88.16,115.11300611755674
2025-10-22 01:15:37.704330,124.36,81.86,227.85,98.52,129.04724459826997
2025-10-22 01:15:38.704329,119.83,23.84,258.02,125.07,114.34509211357258
2025-10-22 01:15:39.704329,95.65,62.1,158.46,48.71,88.3709748169549
2025-10-22 01:15:40.704328,111.31,34.48,244.8,77.07,106.15132425585898
2025-10-22 01:15:41.704328,99.63,92.57,161.41,62.77,107.31470626969036
2025-10-22 01:15:42.704327,93.02,88.3,172.69,31.76,102.40260029267745
2025-10-22 01:15:43.704327,93.59,51.39,141.26,118.5,91.71188721067305
2025-10-22 01:15:44.704326,91.41,50.11,177.61,120.46,102.39563317326434
2025-10-22 01:15:45.704326,144.53,94.1,246.3,149.52,150.86986885805217
2025-10-22 01:15:46.704325,81.03,58.04,156.44,53.3,86.64274975694983
2025-10-22 01:15:47.704325,111.07,92.55,190.16,94.91,122.34504678384792
2025-10-22 01:15:48.704324,131.44,65.11,265.54,87.11,129.72743383182797
2025-10-22 01:15:49.704324,84.75,57.99,118.21,103.83,85.16591969718493
2025-10-22 01:15:50.704323,76.95,37.31,151.64,104.06,84.91115904133801
2025-10-22 01:15:51.704322,103.41,66.07,146.56,117.84,100.52715988142178
2025-10-22 01:15:52.704322,68.03,22.35,129.26,105.5,70.97266381301678
2025-10-22 01:15:53.704321,115.33,32.67,226.15,126.02,109.3689993820845
2025-10-22 01:15:54.704321,90.08,90.3,133.31,35.82,92.36513139834973
2025-10-22 01:15:55.704320,105.49,47.17,190.62,104.94,101.75051849427155
2025-10-22 01:15:56.704320,84.57,24.58,221.46,28.15,84.44324227576662
2025-10-22 01:15:57.704319,98.95,45.44,187.19,118.07,102.46338764844323
2025-10-22 01:15:58.704319,47.49,31.32,52.64,99.03,51.12912551387417
2025-10-22 01:15:59.704318,103.83,64.58,190.73,91.44,107.81830122753784
2025-10-22 01:16:00.704318,98.13,28.02,205.71,101.31,95.97724586479256
2025-10-22 01:16:01.704317,68.88,34.42,98.93,83.5,63.51850883867766
2025-10-22 01:16:02.704316,104.2,59.61,188.54,76.59,101.71719324997336
2025-10-22 01:16:03.704316,123.46,84.98,186.27,132.15,124.78940535073113
2025-10-22 01:16:04.704315,115.88,55.52,262.19,45.62,115.66570723577037
2025-10-22 01:16:05.704315,107.45,33.28,299.21,28.19,112.19761610040804
2025-10-22 01:16:06.704314,86.2,90.22,114.49,61.45,91.76050125623773
2025-10-22 01:16:07.704314,79.47,52.68,144.85,13.39,72.5349285022277
2025-10-22 01:16:08.704313,77.13,79.0,108.42,68.57,85.73114153760503
2025-10-22 01:16:09.704313,83.85,22.64,152.89,132.16,83.52823645353313
2025-10-22 01:16:10.704312,73.03,67.06,129.83,34.57,79.43044115889992
2025-10-22 01:16:11.704312,98.51,83.76,200.69,14.94,105.20701493279749
2025-10-22 01:16:12.704311,82.5,61.28,167.63,11.36,83.29115923184543
2025-10-22 01:16:13.704311,70.31,25.12,165.35,65.69,75.29983958928707
2025-10-22 01:16:14.704310,114.08,28.29,264.62,95.02,112.58324942303551
2025-10-22 01:16:15.704310,109.48,34.74,287.88,10.02,105.90703850527015
2025-10-22 01:16:16.704309,137.14,73.67,246.11,108.9,132.50279720753565
2025-10-22 01:16:17.704308,101.3,83.68,174.26,68.02,107.77201941560664
2025-10-22 01:16:18.704308,143.5,98.28,285.75,24.85,140.03806762106086
2025-10-22 01:16:19.704307,115.06,77.08,210.13,31.37,107.96868195147812
2025-10-22 01:16:20.704307,127.2,97.83,241.81,34.47,128.5075096949407
2025-10-22 01:16:21.704306,63.74,64.94,91.11,37.83,67.36901389019698
2025-10-22 01:16:22.704306,113.82,63.94,207.84,92.47,112.84973792991073
2025-10-22 01:16:23.704305,104.65,64.88,181.95,66.36,100.33969367740691
2025-10-22 01:16:24.704305,117.41,68.78,225.94,41.86,110.65399534228621
2025-10-22 01:16:25.704304,116.61,21.28,261.52,108.0,110.7211917802587
2025-10-22 01:16:26.704304,99.11,66.87,190.4,33.18,97.27988727139582
2025-10-22 01:16:27.704303,145.4,96.88,285.23,70.29,148.2170311419344
2025-10-22 01:16:28.704302,79.49,62.59,115.11,73.65,80.5353363265007
2025-10-22 01:16:29.704302,92.72,29.72,134.19,149.96,84.98849568485277
2025-10-22 01:16:30.704301,135.2,76.99,251.46,106.76,135.34938646641734
2025-10-22 01:16:31.704301,69.98,72.69,91.02,19.91,67.659642220429
2025-10-22 01:16:32.704300,107.43,55.13,225.6,39.86,103.31768358069856
2025-10-22 01:16:33.704300,135.07,84.88,231.19,114.34,134.71059056318086
2025-10-22 01:16:34.704299,149.17,86.88,299.02,81.59,149.60435219886986
2025-10-22 01:16:35.704299,88.88,40.63,199.88,22.33,84.83228861046696
2025-10-22 01:16:36.704298,55.1,77.71,58.28,11.64,58.68011725722445
2025-10-22 01:16:37.704298,54.95,60.38,62.72,64.04,61.75711523411931
2025-10-22 01:16:38.704297,157.58,89.42,295.99,144.05,162.3862323346808
2025-10-22 01:16:39.704297,83.74,86.81,92.69,75.16,86.22115028469544
2025-10-22 01:16:40.704296,112.64,98.24,139.21,138.61,118.55819324910931
2025-10-22 01:16:41.704295,97.87,80.02,128.3,104.23,99.31403077529033
2025-10-22 01:16:42.704295,86.92,27.04,210.08,52.21,87.03663686741402
2025-10-22 01:16:43.704294,95.59,69.99,179.37,38.87,96.65591614612786
2025-10-22 01:16:44.704294,85.6,40.9,190.28,95.71,96.67249970165108
2025-10-22 01:16:45.704293,133.5,43.97,277.82,96.47,124.69548582521507
2025-10-22 01:16:46.704293,80.57,74.67,114.73,21.99,76.1975095953666
2025-10-22 01:16:47.704292,127.5,79.04,275.69,26.88,127.77953873400405
2025-10-22 01:16:48.704292,126.56,93.76,218.08,104.35,133.22742115146173
2025-10-22 01:16:49.704291,114.24,82.55,126.76,149.73,109.1663359421809
2025-10-22 01:16:50.704291,94.03,50.18,204.69,25.4,91.67268825963154
2025-10-22 01:16:51.704290,129.31,81.87,256.77,64.28,130.94290769037326
2025-10-22 01:16:52.704290,128.78,28.32,279.96,95.86,117.37999369179886
2025-10-22 01:16:53.704289,128.41,59.19,295.21,71.18,132.52007822205545
2025-10-22 01:16:54.704288,81.48,74.24,136.45,34.35,84.97409968508956
2025-10-22 01:16:55.704288,75.96,22.46,118.23,134.08,73.39328519695576
2025-10-22 01:16:56.704287,116.22,48.79,279.7,19.45,112.3582314685244
2025-10-22 01:16:57.704287,100.45,26.71,166.82,144.46,92.20318385525364
2025-10-22 01:16:58.704286,83.55,34.46,158.01,102.27,85.04408883865314
2025-10-22 01:16:59.704286,101.23,58.36,203.03,20.49,94.29364533390607
2025-10-22 01:17:00.704285,113.6,61.81,209.7,77.71,109.40722336846866
2025-10-22 01:17:01.704285,93.33,20.96,160.98,125.82,83.85970675071219
2025-10-22 01:17:02.704284,129.88,86.79,253.73,76.24,134.8709265641765
2025-10-22 01:17:03.704284,97.01,51.7,222.56,17.07,96.15313776767262
2025-10-22 01:17:04.704283,100.27,97.19,163.48,10.18,99.79278300337118
2025-10-22 01:17:05.704283,100.27,68.59,117.54,122.56,93.99793115765944
2025-10-22 01:17:06.704282,52.25,35.1,94.0,16.72,49.09560969138973
2025-10-22 01:17:07.704282,46.5,29.45,56.31,66.04,44.735961652327966
2025-10-22 01:17:08.704281,69.31,70.78,108.37,17.82,71.50675878503095
2025-10-22 01:17:09.704280,82.86,70.11,89.71,133.49,88.56082670814054
2025-10-22 01:17:10.704280,63.28,61.36,81.16,50.44,65.09055554456133
2025-10-22 01:17:11.704279,91.74,72.1,90.84,80.4,79.33951680887749
2025-10-22 01:17:12.704279,107.74,37.27,242.34,77.24,106.84240859623941
2025-10-22 01:17:13.704278,74.81,61.4,124.11,50.36,78.0151550151356
2025-10-22 01:17:14.704278,133.58,72.9,274.24,127.43,144.26441462085614
2025-10-22 01:17:15.704277,138.76,83.55,279.72,77.0,141.21785215849889
2025-10-22 01:17:16.704277,117.55,53.2,222.1,128.21,118.86816317857705
2025-10-22 01:17:17.704276,137.87,74.93,288.22,30.12,130.13481880009584
2025-10-22 01:17:18.704276,141.08,97.34,299.02,38.44,146.2618635227464
2025-10-22 01:17:19.704275,149.86,83.46,299.27,98.98,151.42503918493114
2025-10-22 01:17:20.704275,95.61,54.11,185.82,23.07,87.50099220933612
2025-10-22 01:17:21.704274,142.38,84.86,253.03,141.15,146.6022583419836
2025-10-22 01:17:22.704273,82.76,71.66,83.44,103.09,81.4053501972873
2025-10-22 01:17:23.704273,76.55,80.29,101.79,33.94,77.4959418512586
2025-10-22 01:17:24.704272,113.13,76.38,208.94,10.22,103.0540664216049
2025-10-22 01:17:25.704272,94.6,46.02,256.7,15.97,103.35988193302545
2025-10-22 01:17:26.704271,113.78,30.79,276.74,17.59,102.08299750178543
2025-10-22 01:17:27.704271,77.63,73.61,75.62,48.35,69.1434828643911
2025-10-22 01:17:28.704270,103.72,40.19,265.91,19.56,103.92460016787416
2025-10-22 01:17:29.704270,137.16,92.51,206.93,137.91,135.92117951825588
2025-10-22 01:17:30.704269,86.11,49.58,98.48,148.52,83.90606455486788
2025-10-22 01:17:31.704269,37.49,37.99,95.74,22.21,52.158222436767964
2025-10-22 01:17:32.704268,116.35,56.84,180.03,114.5,105.30894920519818
2025-10-22 01:17:33.704268,120.25,59.66,279.48,10.38,115.93231400064347
2025-10-22 01:17:34.704267,141.47,97.52,234.01,94.69,137.9816277263946
2025-10-22 01:17:35.704267,131.13,43.69,267.92,122.03,126.6601371704213
2025-10-22 01:17:36.704266,92.08,54.28,203.26,17.71,91.76660670134028
2025-10-22 01:17:37.704265,121.26,42.09,269.59,112.65,124.4958128583895
2025-10-22 01:17:38.704265,106.05,43.1,214.57,67.68,99.50711959858248
2025-10-22 01:17:39.704264,70.68,31.01,103.47,114.46,69.33338320655749
2025-10-22 01:17:40.704264,108.48,32.51,206.76,127.48,103.74619819796192
2025-10-22 01:17:41.704263,76.05,29.37,118.06,94.88,69.00724617346353
2025-10-22 01:17:42.704263,68.37,28.01,134.33,85.89,71.43273818388863
2025-10-22 01:17:43.704262,94.68,68.64,139.87,72.63,90.81094881629245
2025-10-22 01:17:44.704262,146.51,95.55,231.85,139.67,145.2902857916389
2025-10-22 01:17:45.704261,130.43,77.29,288.98,32.28,131.97495383209858
2025-10-22 01:17:46.704261,59.04,20.9,82.26,141.17,63.20125633492819
2025-10-22 01:17:47.704260,79.66,42.54,154.19,34.79,74.5220225939294
2025-10-22 01:17:48.704260,119.32,61.79,228.97,147.4,129.05321841789845
2025-10-22 01:17:49.704259,114.61,79.69,279.83,12.92,126.57430207371698
2025-10-22 01:17:50.704259,90.18,62.68,200.53,21.84,95.97362668158443
2025-10-22 01:17:51.704258,116.04,83.73,160.85,134.99,117.08115906266089
2025-10-22 01:17:52.704257,104.73,80.34,193.68,39.23,106.21589293474618
2025-10-22 01:17:53.704257,100.02,21.01,228.97,77.26,94.68088745109658
2025-10-22 01:17:54.704256,111.39,57.76,202.81,92.52,108.2514126897921
2025-10-22 01:17:55.704256,73.81,57.15,111.77,65.03,75.09183576349145
2025-10-22 01:17:56.704255,54.56,47.77,108.86,15.48,59.66477213606871
2025-10-22 01:17:57.704255,80.05,92.57,61.88,115.76,87.91149979810996
2025-10-22 01:17:58.704254,104.43,86.03,190.04,17.53,103.65516421256662
2025-10-22 01:17:59.704254,74.02,49.14,130.45,83.2,80.31306417299174
2025-10-22 01:18:00.704253,63.6,61.24,100.66,10.83,63.01941040839882
2025-10-22 01:18:01.704253,142.25,83.64,280.37,71.92,140.44821524127852
2025-10-22 01:18:02.704252,151.25,98.7,287.0,93.27,154.23098056206035
2025-10-22 01:18:03.704252,123.2,41.4,266.07,79.1,116.4193207077912
2025-10-22 01:18:04.704251,85.39,94.32,77.66,84.24,87.26666971745804
2025-10-22 01:18:05.704251,69.64,30.89,134.58,92.0,74.16540996399883
2025-10-22 01:18:06.704250,79.91,80.03,61.76,124.13,83.25954706686827
2025-10-22 01:18:07.704249,50.53,25.18,72.01,126.6,59.36382832617332
2025-10-22 01:18:08.704249,68.23,96.88,58.26,48.21,75.54755832711554
2025-10-22 01:18:09.704248,73.49,66.35,143.88,37.62,83.90800533905505
2025-10-22 01:18:10.704248,104.82,23.1,241.99,96.2,103.41092676234054
2025-10-22 01:18:11.704247,88.74,94.94,108.59,30.24,86.14287064031829
2025-10-22 01:18:12.704247,54.79,49.36,102.78,50.97,65.68988311674686
2025-10-22 01:18:13.704246,98.96,90.69,133.45,46.56,94.73840962521102
2025-10-22 01:18:14.704246,120.41,47.42,250.03,72.59,113.31442437005023
2025-10-22 01:18:15.704245,60.39,47.57,54.29,89.36,57.840883917998696
2025-10-22 01:18:16.704245,71.99,57.56,91.22,58.09,67.73505883984525
2025-10-22 01:18:17.704244,92.44,46.93,179.84,71.0,91.63784368164323
2025-10-22 01:18:18.704244,107.19,95.83,91.52,138.47,102.97696655209775
2025-10-22 01:18:19.704243,79.46,57.62,69.1,139.57,77.31458384856016
2025-10-22 01:18:20.704242,66.52,23.22,78.13,135.15,61.92358086044894
2025-10-22 01:18:21.704242,145.53,57.85,299.82,134.09,145.74654863037432
2025-10-22 01:18:22.704241,103.78,32.31,208.57,129.33,104.55843309657884
2025-10-22 01:18:23.704241,81.28,21.56,137.79,141.55,80.31223884495513
2025-10-22 01:18:24.704240,107.9,34.64,272.24,30.76,105.27655502393743
2025-10-22 01:18:25.704240,106.68,83.52,160.59,30.66,96.1498959460406
2025-10-22 01:18:26.704239,112.16,60.56,184.07,112.94,108.07713073948423
2025-10-22 01:18:27.704239,133.51,96.06,298.87,35.6,145.01089595419344
2025-10-22 01:18:28.704238,107.07,66.05,149.99,137.25,105.40899988118815
2025-10-22 01:18:29.704238,101.49,23.27,260.69,17.5,93.47061963549957
2025-10-22 01:18:30.704237,94.76,84.43,135.88,24.01,87.84976835441731
2025-10-22 01:18:31.704237,119.82,71.69,279.14,44.17,128.5747299971192
2025-10-22 01:18:32.704236,95.76,43.45,198.6,14.75,84.35214720282126
2025-10-22 01:18:33.704236,85.51,36.93,171.03,32.4,76.30299582490822
2025-10-22 01:18:34.704235,131.43,81.12,230.65,106.14,131.0343174063268
2025-10-22 01:18:35.704235,63.61,46.63,84.32,97.23,67.9689995732299
2025-10-22 01:18:36.704234,77.31,76.86,74.29,118.28,84.27789694197422
2025-10-22 01:18:37.704233,84.64,60.47,85.49,136.86,83.133548359051
2025-10-22 01:18:38.704233,79.26,38.37,161.13,42.2,75.99491439472682
2025-10-22 01:18:39.704232,104.77,72.04,215.76,47.73,110.39163834801313
2025-10-22 01:18:40.704232,89.52,79.11,186.56,16.21,98.88005804231473
2025-10-22 01:18:41.704231,100.05,65.22,194.47,75.6,106.11385449052266
2025-10-22 01:18:42.704231,56.67,31.85,126.84,32.65,60.51500905759958
2025-10-22 01:18:43.704230,52.41,54.59,101.13,21.44,61.94028279231614
2025-10-22 01:18:44.704230,100.55,86.25,171.21,40.54,102.67674049992128
2025-10-22 01:18:45.704229,127.98,96.67,188.53,103.4,125.60649712055302
2025-10-22 01:18:46.704229,103.76,59.4,182.28,94.61,103.3124460871812
2025-10-22 01:18:47.704228,136.05,74.7,297.28,39.73,134.65623112628447
2025-10-22 01:18:48.704228,33.42,23.15,60.17,19.65,33.51646076183782
2025-10-22 01:18:49.704227,93.33,65.46,116.18,101.97,87.92653033638139
2025-10-22 01:18:50.704227,77.88,26.52,128.65,107.79,73.33301784071574
2025-10-22 01:18:51.704226,54.1,24.62,105.04,71.5,58.06203280518999
2025-10-22 01:18:52.704225,118.3,37.62,281.08,97.65,122.73058785639697
2025-10-22 01:18:53.704225,117.8,32.45,278.58,95.17,118.8960526570593
2025-10-22 01:18:54.704224,77.64,55.62,145.18,61.83,83.7397887727526
2025-10-22 01:18:55.704224,106.02,36.8,247.51,35.1,99.78200209609457
2025-10-22 01:18:56.704223,121.95,37.62,281.19,88.62,120.96790273860852
2025-10-22 01:18:57.704223,76.93,55.58,133.68,30.24,73.97802401822074
2025-10-22 01:18:58.704222,129.41,83.78,239.1,127.94,139.2438154957344
2025-10-22 01:18:59.704222,117.99,78.25,186.69,127.82,120.6840857313851
2025-10-22 01:19:00.704221,92.23,76.66,97.46,123.13,92.11237806325491
2025-10-22 01:19:01.704221,96.99,78.41,149.44,95.5,103.13104404814185
2025-10-22 01:19:02.704220,110.42,97.49,160.71,35.94,104.23257708262754
2025-10-22 01:19:03.704220,98.87,94.69,87.26,145.67,102.55635248506928
2025-10-22 01:19:04.704219,114.29,76.84,142.14,138.55,108.70997278360096
2025-10-22 01:19:05.704219,94.21,56.86,179.18,81.62,98.52449135056075
2025-10-22 01:19:06.704218,42.89,38.59,52.92,75.84,50.242629100782665
2025-10-22 01:19:07.704217,93.75,46.58,188.32,56.84,91.19759071454796
2025-10-22 01:19:08.704217,111.3,26.2,241.38,148.9,115.26031971889437
2025-10-22 01:19:09.704216,89.49,26.72,147.16,118.95,81.2208365381484
2025-10-22 01:19:10.704216,106.71,75.81,198.56,73.49,112.22838498005291
2025-10-22 01:19:11.704215,85.48,47.72,201.9,42.77,93.05568131529195
2025-10-22 01:19:12.704215,125.36,72.38,247.78,67.43,124.11206263751775
2025-10-22 01:19:13.704214,98.3,38.33,247.01,31.16,99.61431616370446
2025-10-22 01:19:14.704214,78.64,78.13,111.79,29.02,78.44398480302598
2025-10-22 01:19:15.704213,78.77,38.15,175.98,23.91,76.71470659235197
2025-10-22 01:19:16.704213,76.16,74.05,96.62,79.91,81.95745938532272
2025-10-22 01:19:17.704212,105.15,82.29,152.96,104.76,107.9746777597619
2025-10-22 01:19:18.704212,68.18,51.0,125.56,42.85,71.74924971309957
2025-10-22 01:19:19.704211,111.53,58.93,171.38,145.38,109.89457074458562
2025-10-22 01:19:20.704211,123.12,24.98,291.69,122.36,124.50591451246808
2025-10-22 01:19:21.704210,88.29,44.92,121.37,115.91,81.97303703297158
2025-10-22 01:19:22.704210,129.52,82.89,244.57,84.65,131.83461130183497
2025-10-22 01:19:23.704209,123.09,86.53,211.02,42.87,115.2562163260532
2025-10-22 01:19:24.704208,104.29,98.65,121.1,62.59,98.19764606771136
2025-10-22 01:19:25.704208,75.58,36.82,126.29,116.07,79.42821693585805
2025-10-22 01:19:26.704207,65.2,23.33,154.26,77.87,73.48940771250369
2025-10-22 01:19:27.704207,54.09,59.3,119.6,33.61,72.27565692832313
2025-10-22 01:19:28.704206,122.86,92.55,190.36,123.75,128.14055850590782
2025-10-22 01:19:29.704206,127.78,85.35,251.97,45.77,127.56078024659132
2025-10-22 01:19:30.704205,89.4,24.39,230.99,73.3,96.19383650651447
2025-10-22 01:19:31.704205,70.47,87.72,71.32,71.29,79.4786338668875
2025-10-22 01:19:32.704204,80.2,26.02,160.76,95.61,80.31991681638996
2025-10-22 01:19:33.704204,86.75,28.52,168.11,114.58,87.55557813594194
2025-10-22 01:19:34.704203,83.69,56.18,144.29,38.5,79.11293194597273
2025-10-22 01:19:35.704203,68.18,32.6,79.69,102.71,60.639360841845594
2025-10-22 01:19:36.704202,76.12,56.58,123.9,48.82,75.23173663776873
2025-10-22 01:19:37.704202,115.89,63.1,178.37,125.84,110.19991876266953
2025-10-22 01:19:38.704201,75.91,26.06,216.01,32.96,84.5015193724346
2025-10-22 01:19:39.704201,151.05,83.68,283.53,107.06,148.4070719204369
2025-10-22 01:19:40.704200,91.03,61.61,206.28,10.35,94.88249994116134
2025-10-22 01:19:41.704199,75.62,93.68,50.56,50.57,72.09787822769934
2025-10-22 01:19:42.704199,74.57,71.08,58.05,114.33,75.71217239362572
2025-10-22 01:19:43.704197,109.91,34.7,275.11,51.3,110.25471925725125
2025-10-22 01:19:44.704197,110.22,54.12,228.02,51.97,105.94813538501597
2025-10-22 01:19:45.704196,152.38,93.98,282.23,84.53,148.69403051729194
2025-10-22 01:19:46.704196,89.26,66.93,139.52,49.2,85.1897728141276
2025-10-22 01:19:47.704195,110.93,39.5,226.08,129.83,113.52627960300215
2025-10-22 01:19:48.704195,84.28,37.76,187.85,35.61,82.41694116118346
2025-10-22 01:19:49.704194,114.52,86.96,172.93,99.99,115.37243771704028
2025-10-22 01:19:50.704194,133.37,62.77,262.91,73.82,125.12137247402501
2025-10-22 01:19:51.704193,111.74,81.98,197.32,35.57,107.40440055592944
2025-10-22 01:19:52.704193,71.88,63.79,124.23,19.54,73.11912714593372
2025-10-22 01:19:53.704192,125.68,92.86,253.51,18.26,126.3144143947489
2025-10-22 01:19:54.704191,33.53,26.9,91.07,10.2,42.81078619735909
2025-10-22 01:19:55.704191,77.7,32.09,168.29,78.36,82.19469031103239
2025-10-22 01:19:56.704190,96.57,54.94,196.23,42.38,94.88841414013041
2025-10-22 01:19:57.704190,47.69,21.14,125.79,26.51,53.614231129926225
2025-10-22 01:19:58.704189,122.34,69.51,227.8,102.97,123.73194524693531
2025-10-22 01:19:59.704189,142.68,94.62,269.97,66.57,141.7547684431342
2025-10-22 01:20:00.704188,124.06,44.74,293.8,97.27,130.0474163601955
2025-10-22 01:20:01.704188,101.68,66.78,202.68,27.96,99.8908660502381
2025-10-22 01:20:02.704187,134.42,90.65,214.39,124.0,134.46755146933987
2025-10-22 01:20:03.704187,84.28,70.39,91.11,117.4,85.92243233744793
2025-10-22 01:20:04.704186,123.99,67.39,284.71,11.09,121.51822656902874
2025-10-22 01:20:05.704186,91.02,54.77,98.22,119.57,80.66992254842128
2025-10-22 01:20:06.704185,118.89,94.27,181.43,59.3,113.49857795129086
2025-10-22 01:20:07.704185,92.43,86.48,149.78,18.97,92.0556522695974
2025-10-22 01:20:08.704184,96.32,78.32,114.05,84.76,90.30389831653207
2025-10-22 01:20:09.704184,80.51,43.86,159.7,67.39,83.32375538517763
2025-10-22 01:20:10.704183,68.41,44.51,127.47,61.59,72.8002388879432
2025-10-22 01:20:11.704182,69.65,38.03,81.65,147.95,72.94525106655212
2025-10-22 01:20:12.704182,128.24,51.71,261.57,147.08,133.74816643391
2025-10-22 01:20:13.704181,131.32,65.92,263.63,56.84,123.53879904850585
2025-10-22 01:20:14.704181,97.57,66.22,188.16,60.56,101.72549878330065
2025-10-22 01:20:15.704180,133.77,57.85,255.77,133.74,132.42556054139214
2025-10-22 01:20:16.704180,65.74,34.77,95.88,80.08,62.09615145033982
2025-10-22 01:20:17.704179,135.26,75.86,275.68,54.25,131.62690992401878
2025-10-22 01:20:18.704179,95.84,71.32,111.16,134.83,95.88602804440755
2025-10-22 01:20:19.704178,114.76,70.21,192.86,92.43,111.47559848572729
2025-10-22 01:20:20.704178,134.19,58.66,249.67,137.95,131.83342566343472
2025-10-22 01:20:21.704177,60.8,61.69,53.63,71.14,61.09065228901669
2025-10-22 01:20:22.704177,85.96,34.74,188.95,43.68,82.84021360044267
2025-10-22 01:20:23.704176,66.18,26.07,71.47,130.83,60.488329446197326
2025-10-22 01:20:24.704175,134.34,94.33,298.79,25.4,142.09194703152008
2025-10-22 01:20:25.704175,92.17,71.09,135.77,73.84,91.04521968328335
2025-10-22 01:20:26.704174,98.71,68.21,166.12,62.76,96.52945003273717
2025-10-22 01:20:27.704174,101.28,61.31,238.21,22.63,106.77972142849147
2025-10-22 01:20:28.704173,160.43,98.39,274.19,96.23,150.8107918508019
2025-10-22 01:20:29.704173,106.5,98.99,85.43,132.5,101.54031064829066
2025-10-22 01:20:30.704172,148.42,95.56,272.82,111.66,152.0498481446953
2025-10-22 01:20:31.704172,61.26,46.82,66.88,54.28,54.27638094667211
2025-10-22 01:20:32.704171,86.57,52.72,126.75,104.65,85.25868419995422
2025-10-22 01:20:33.704171,119.44,93.0,169.06,116.97,120.61001404156427
2025-10-22 01:20:34.704170,43.22,31.05,106.4,14.81,50.417663007726354
2025-10-22 01:20:35.704170,108.53,89.44,85.4,144.66,99.16661533605323
2025-10-22 01:20:36.704169,75.01,60.27,141.19,66.69,85.8348383646947
2025-10-22 01:20:37.704169,88.78,59.93,121.39,53.27,77.0393971411187
2025-10-22 01:20:38.704168,106.16,85.34,197.98,18.22,105.83537027144158
2025-10-22 01:20:39.704168,123.25,75.73,234.17,50.06,118.24126000419096
2025-10-22 01:20:40.704167,98.22,82.34,168.68,15.65,95.00759641585319
2025-10-22 01:20:41.704166,129.11,90.04,265.03,36.27,131.94920468135257
2025-10-22 01:20:42.704166,131.01,90.72,190.29,139.9,130.41470086851993
2025-10-22 01:20:43.704165,59.36,46.59,82.16,39.44,55.80661385142477
2025-10-22 01:20:44.704165,118.05,37.17,267.13,52.13,109.25623212314186
2025-10-22 01:20:45.704164,81.38,88.77,96.84,58.95,85.22755342467543
2025-10-22 01:20:46.704164,56.28,42.34,54.37,104.32,58.22068402676255
2025-10-22 01:20:47.704163,114.2,38.18,276.1,40.72,110.19139565805513
2025-10-22 01:20:48.704163,90.91,63.71,131.22,98.29,90.84267153345758
2025-10-22 01:20:49.704162,65.0,22.72,106.93,96.52,62.654693293365455
2025-10-22 01:20:50.704162,73.46,36.03,101.16,134.75,75.1876563305182
2025-10-22 01:20:51.704161,121.34,72.37,159.35,149.11,113.74853261691221
2025-10-22 01:20:52.704161,90.25,51.67,223.53,15.58,96.13360116280734
2025-10-22 01:20:53.704160,132.08,29.21,286.47,143.41,129.2402698185336
2025-10-22 01:20:54.704159,51.36,69.43,57.35,11.43,54.211735158198586
2025-10-22 01:20:55.704159,134.49,78.67,239.58,93.11,129.90241895967023
2025-10-22 01:20:56.704158,99.7,79.03,192.11,56.06,108.43445671401224
2025-10-22 01:20:57.704158,58.6,27.36,58.73,129.42,57.02147039386966
2025-10-22 01:20:58.704157,78.7,38.94,103.04,149.2,80.08425649442147
2025-10-22 01:20:59.704157,128.54,85.53,173.95,126.67,120.26888902945599
2025-10-22 01:21:00.704156,96.78,53.21,242.82,46.22,108.80111716110946
2025-10-22 01:21:01.704156,104.57,48.62,217.85,118.2,113.30519642329277
2025-10-22 01:21:02.704155,78.95,34.03,141.98,84.44,76.46068020858735
2025-10-22 01:21:03.704155,99.87,27.72,223.41,104.11,101.70844720029409
2025-10-22 01:21:04.704154,86.27,52.7,150.68,31.57,77.91417659251832
2025-10-22 01:21:05.704154,112.73,43.24,216.52,131.87,112.92916835166949
2025-10-22 01:21:06.704153,142.56,71.84,291.92,77.17,139.05704658731776
2025-10-22 01:21:07.704152,120.98,50.05,290.47,30.16,118.35904374328284
2025-10-22 01:21:08.704152,109.32,31.41,277.24,33.05,105.61841928708654
2025-10-22 01:21:09.704151,79.79,68.89,106.51,44.22,75.25076765196023
2025-10-22 01:21:10.704151,90.75,72.39,150.36,51.04,91.55116127875748
2025-10-22 01:21:11.704150,68.5,39.76,133.34,50.0,69.88227928487193
2025-10-22 01:21:12.704150,114.81,79.48,196.36,91.67,117.02002083800843
2025-10-22 01:21:13.704149,93.38,92.63,129.93,34.82,92.31639989530055
2025-10-22 01:21:14.704149,109.26,50.84,279.44,41.41,117.6738493499438
2025-10-22 01:21:15.704148,150.9,87.39,265.27,120.74,147.4925706866917
2025-10-22 01:21:16.704148,119.11,79.93,213.6,90.11,122.12139936566882
2025-10-22 01:21:17.704147,82.82,20.4,134.71,148.72,80.23061684983011
2025-10-22 01:21:18.704147,72.85,66.28,77.11,57.11,67.66272966916802
2025-10-22 01:21:19.704146,90.67,52.35,180.8,58.24,92.10356891306475
2025-10-22 01:21:20.704146,108.71,35.65,234.03,62.37,100.57404040030205
2025-10-22 01:21:21.704145,89.12,32.22,148.26,128.13,86.13190251051532
2025-10-22 01:21:22.704144,138.81,73.26,267.27,122.6,141.38742411274507
2025-10-22 01:21:23.704144,139.97,48.19,281.18,136.96,135.8719092303508
2025-10-22 01:21:24.704143,82.03,94.58,110.17,37.06,87.79415598737168
2025-10-22 01:21:25.704143,52.04,34.6,65.15,86.38,54.019495404306916
2025-10-22 01:21:26.704142,147.46,69.16,294.2,136.05,150.1100464951801
2025-10-22 01:21:27.704142,98.67,26.96,251.06,59.2,100.71450500310728
2025-10-22 01:21:28.704141,115.87,84.84,233.34,47.24,121.99330585883686
2025-10-22 01:21:29.704141,80.56,86.79,53.24,75.89,74.48872234155478
2025-10-22 01:21:30.704140,101.71,55.17,194.58,36.39,93.31602364968778
2025-10-22 01:21:31.704140,136.45,68.51,248.82,133.08,135.54238841779477
2025-10-22 01:21:32.704139,110.13,70.3,163.64,119.68,108.14968462817484
2025-10-22 01:21:33.704139,114.04,69.36,144.9,125.48,103.19486100742614
2025-10-22 01:21:34.704138,168.19,89.95,291.87,142.39,161.08214737671267
2025-10-22 01:21:35.704138,102.2,24.84,264.11,56.96,103.1330659177146
2025-10-22 01:21:36.704137,68.37,34.24,110.3,96.99,69.53147750399722
2025-10-22 01:21:37.704136,114.29,27.42,252.65,96.48,108.83698947651719
2025-10-22 01:21:38.704136,132.95,44.79,275.86,117.79,128.75640634289334
2025-10-22 01:21:39.704135,79.83,49.49,200.06,10.33,86.9373556873954
2025-10-22 01:21:40.704135,70.69,71.87,75.42,89.77,76.44898090732248
2025-10-22 01:21:41.704134,85.92,75.09,99.17,85.12,84.2815273211026
2025-10-22 01:21:42.704134,102.09,90.07,112.19,99.3,98.5206225260501
2025-10-22 01:21:43.704133,83.68,23.22,150.28,126.95,81.99745951033101
2025-10-22 01:21:44.704133,143.56,97.02,215.02,121.92,137.4336980517267
2025-10-22 01:21:45.704132,101.81,83.3,125.42,112.52,101.73897998346126
2025-10-22 01:21:46.704132,118.32,52.37,297.86,33.7,122.44805943961758
2025-10-22 01:21:47.704131,143.19,96.77,226.78,107.56,137.9904634911156
2025-10-22 01:21:48.704130,60.32,88.71,50.19,22.06,63.827739774766265
2025-10-22 01:21:49.704130,108.41,68.52,218.1,105.82,120.88488717454665
2025-10-22 01:21:50.704129,76.39,28.39,138.83,120.97,79.95305095871885
2025-10-22 01:21:51.704129,79.96,76.26,127.67,18.44,80.18053289980446
2025-10-22 01:21:52.704128,39.06,31.6,78.57,18.46,43.0469985068557
2025-10-22 01:21:53.704128,49.08,33.46,73.13,45.55,47.729372259724684
2025-10-22 01:21:54.704127,99.5,59.21,171.67,68.52,94.83706507124833
2025-10-22 01:21:55.704127,100.8,30.14,256.78,107.16,113.56555936965131
2025-10-22 01:21:56.704126,113.78,69.71,175.75,138.5,115.23989046392074
2025-10-22 01:21:57.704126,62.82,67.27,92.49,17.48,64.90412267055171
2025-10-22 01:21:58.704125,150.89,88.48,264.9,114.53,146.6921981901903
2025-10-22 01:21:59.704125,116.81,98.05,166.76,107.0,120.46458148870677
2025-10-22 01:22:00.704124,156.28,92.43,293.46,105.57,155.48020154330007
2025-10-22 01:22:01.704124,54.25,54.71,66.44,42.69,55.790669027181416
2025-10-22 01:22:02.704123,90.04,80.27,114.35,75.33,89.49543665275674
2025-10-22 01:22:03.704123,84.95,31.46,119.64,144.57,80.41102025609396
2025-10-22 01:22:04.704122,89.6,37.41,207.96,26.97,86.57304442624589
2025-10-22 01:22:05.704121,122.9,31.88,262.43,85.5,111.82919007378898
2025-10-22 01:22:06.704121,110.11,36.29,261.63,50.54,106.84476128219598
2025-10-22 01:22:07.704120,123.53,41.21,291.16,76.83,123.42045745135228
2025-10-22 01:22:08.704120,138.26,88.95,297.02,24.6,138.7059388774843
2025-10-22 01:22:09.704119,141.9,75.87,241.65,133.4,137.13519424212103
2025-10-22 01:22:10.704119,126.8,72.73,205.84,126.79,123.4755016176769
2025-10-22 01:22:11.704118,95.4,37.9,245.85,29.77,98.77357600067029
2025-10-22 01:22:12.704118,130.08,88.15,229.49,87.95,130.58877184032156
2025-10-22 01:22:13.704117,57.21,50.94,104.79,22.29,61.382323102675
2025-10-22 01:22:14.704117,120.99,23.34,283.81,133.66,123.56125451415772
2025-10-22 01:22:15.704116,94.12,30.43,186.47,68.71,84.91325896174345
2025-10-22 01:22:16.704116,101.78,43.97,261.1,35.65,107.5705376039194
2025-10-22 01:22:17.704115,113.03,60.3,200.21,114.35,113.08265044578556
2025-10-22 01:22:18.704114,83.3,43.71,109.33,131.71,80.88720175909175
2025-10-22 01:22:19.704114,94.57,89.7,143.76,43.27,96.68983127370417
2025-10-22 01:22:20.704113,102.12,96.31,102.63,137.32,106.33084244060133
2025-10-22 01:22:21.704113,70.09,28.53,139.41,59.67,68.00705149164352
2025-10-22 01:22:22.704112,104.08,62.49,193.46,93.47,107.99652824902905
2025-10-22 01:22:23.704112,120.81,54.37,299.1,53.62,127.78418466070094
2025-10-22 01:22:24.704111,44.09,31.44,67.89,64.88,48.98548659940514
2025-10-22 01:22:25.704111,124.57,85.57,173.89,125.2,119.97853694684375
2025-10-22 01:22:26.704110,96.29,49.28,217.47,11.6,92.322124273904
2025-10-22 01:22:27.704110,129.16,71.13,231.61,87.68,122.64874455348598
2025-10-22 01:22:28.704109,61.9,43.56,70.34,123.26,67.40244004995489
2025-10-22 01:22:29.704109,117.1,92.69,226.36,47.93,123.9622551699502
2025-10-22 01:22:30.704108,104.32,95.24,95.51,131.15,102.42606189586976
2025-10-22 01:22:31.704107,127.4,75.63,255.13,29.12,120.33219863864994
2025-10-22 01:22:32.704107,112.21,92.91,140.73,97.47,108.1646180435474
2025-10-22 01:22:33.704106,114.31,52.52,206.51,138.02,115.78861630465363
2025-10-22 01:22:34.704106,92.54,35.2,203.64,113.41,101.3567775779136
2025-10-22 01:22:35.704105,94.14,85.46,84.08,114.38,90.75451547367533
2025-10-22 01:22:36.704105,104.52,45.19,174.45,114.73,97.84143944612808
2025-10-22 01:22:37.704104,121.19,56.85,280.84,37.9,120.40695312270772
2025-10-22 01:22:38.704104,97.84,80.38,140.19,86.39,99.52334852306014
2025-10-22 01:22:39.704103,106.3,98.81,178.01,15.57,106.04702231526905
2025-10-22 01:22:40.704103,81.93,21.34,220.19,48.22,86.42978835136799
2025-10-22 01:22:41.704102,119.92,80.21,214.91,99.92,124.60660593533989
2025-10-22 01:22:42.704102,82.13,58.58,114.22,107.58,85.00686640962498
2025-10-22 01:22:43.704101,121.93,38.35,299.03,71.93,123.38113917299869
2025-10-22 01:22:44.704101,78.71,66.65,141.1,55.64,86.80555460812538
2025-10-22 01:22:45.704100,55.34,34.75,59.89,114.65,58.13426677720478
2025-10-22 01:22:46.704099,128.7,66.11,227.52,134.39,128.19332584652378
2025-10-22 01:22:47.704099,78.89,64.45,86.28,132.04,84.40595167757253
2025-10-22 01:22:48.704098,32.24,23.27,62.21,42.34,38.70255479118591
2025-10-22 01:22:49.704098,65.93,43.72,111.56,90.41,73.349813009422
2025-10-22 01:22:50.704097,93.84,29.59,197.12,59.55,85.87473175023494
2025-10-22 01:22:51.704097,108.66,28.58,235.73,136.42,112.27075260354398
2025-10-22 01:22:52.704096,89.94,22.95,177.68,114.49,87.62697547475368
2025-10-22 01:22:53.704096,113.12,40.9,263.2,106.46,120.74655862270498
2025-10-22 01:22:54.704095,143.84,78.75,265.19,131.26,145.23344395620126
2025-10-22 01:22:55.704095,112.27,82.59,178.2,67.09,108.22642476908018
2025-10-22 01:22:56.704094,109.39,54.98,178.17,144.73,109.82964646149561
2025-10-22 01:22:57.704094,154.19,94.11,277.56,74.86,145.43122942195762
2025-10-22 01:22:58.704093,101.94,31.72,289.03,55.28,113.74124466069209
2025-10-22 01:22:59.704093,47.44,20.79,93.18,51.36,48.570870452379744
2025-10-22 01:23:00.704092,58.94,28.58,64.43,147.24,62.89101171018507
2025-10-22 01:23:01.704092,69.16,49.39,95.14,55.11,64.22991003671092
2025-10-22 01:23:02.704091,83.25,59.83,137.43,39.34,79.04433503685979
2025-10-22 01:23:03.704090,129.78,41.4,254.9,144.86,126.13663916910593
2025-10-22 01:23:04.704090,79.94,64.58,67.36,137.74,79.91297802935624
2025-10-22 01:23:05.704089,83.16,36.1,125.49,99.01,75.4342761726259
2025-10-22 01:23:06.704089,80.64,98.98,60.15,40.77,75.6882809598815
2025-10-22 01:23:07.704088,118.11,62.79,219.8,120.14,121.37433624499131
2025-10-22 01:23:08.704088,93.62,78.28,131.98,91.01,96.92059858860638
2025-10-22 01:23:09.704087,79.44,79.0,109.84,19.92,76.48339735048313
2025-10-22 01:23:10.704087,149.97,64.76,293.17,144.43,149.26306665746569
2025-10-22 01:23:11.704086,130.03,96.72,231.15,51.95,128.2209948778756
2025-10-22 01:23:12.704086,84.08,60.55,110.27,118.59,86.99476813247546
2025-10-22 01:23:13.704085,131.23,54.9,259.7,122.79,129.95276341445424
2025-10-22 01:23:14.704085,74.84,34.37,151.31,58.86,74.35063035004922
2025-10-22 01:23:15.704084,78.16,21.28,181.3,88.29,82.66924798202258
2025-10-22 01:23:16.704083,58.78,58.28,59.72,66.98,60.38757079365197
2025-10-22 01:23:17.704083,119.12,44.25,271.64,58.31,115.3878188206082
2025-10-22 01:23:18.704082,103.39,43.98,219.21,82.99,104.38834592088948
2025-10-22 01:23:19.704082,124.26,74.58,247.49,62.72,124.18997640227668
2025-10-22 01:23:20.704081,106.03,80.79,182.22,83.17,111.73204946627854
2025-10-22 01:23:21.704081,87.58,63.3,81.57,145.58,85.10577931552729
2025-10-22 01:23:22.704080,82.83,32.67,210.28,13.28,82.1745385533367
2025-10-22 01:23:23.704080,157.79,89.59,293.67,133.76,159.7271073714627
2025-10-22 01:23:24.704079,139.77,83.88,272.15,73.35,138.3800052082602
2025-10-22 01:23:25.704079,91.89,83.04,71.95,146.45,92.27118322589585
2025-10-22 01:23:26.704078,114.15,93.44,146.81,107.92,112.33724678128289
2025-10-22 01:23:27.704078,170.59,94.37,299.8,135.81,164.37280500707627
2025-10-22 01:23:28.704077,108.22,76.81,178.08,72.37,106.34556452977283
2025-10-22 01:23:29.704076,115.6,41.01,286.17,40.83,114.65993054736411
2025-10-22 01:23:30.704076,81.59,85.57,75.71,83.06,82.06315445638182
2025-10-22 01:23:31.704075,85.91,25.53,169.62,83.22,80.27585782647364
2025-10-22 01:23:32.704075,138.21,81.39,259.4,67.79,132.19170869190594
2025-10-22 01:23:33.704074,125.91,72.85,246.32,60.3,122.49031842389265
2025-10-22 01:23:34.704074,75.9,51.54,144.4,22.64,73.66814034598167
2025-10-22 01:23:35.704073,76.56,39.19,140.9,89.11,79.64877054787874
2025-10-22 01:23:36.704073,127.54,53.5,248.21,107.0,122.65499230624445
2025-10-22 01:23:37.704072,59.83,24.83,96.54,96.86,60.6534724419295
2025-10-22 01:23:38.704072,87.96,75.29,153.46,41.91,92.1204588129829
2025-10-22 01:23:39.704071,159.37,98.89,297.28,123.78,163.48608455441948
2025-10-22 01:23:40.704071,100.82,92.56,120.28,65.2,95.41997416839219
2025-10-22 01:23:41.704070,134.37,85.76,276.08,18.79,129.65358140081753
2025-10-22 01:23:42.704070,109.07,69.75,232.54,53.34,115.40825149389744
2025-10-22 01:23:43.704069,120.25,49.87,261.96,71.16,117.84592476183236
2025-10-22 01:23:44.704069,136.34,59.62,264.56,139.05,137.01227343801668
2025-10-22 01:23:45.704068,124.25,20.1,276.6,134.47,119.93070099873081
2025-10-22 01:23:46.704067,113.44,22.45,253.02,108.45,108.83962963296827
2025-10-22 01:23:47.704067,60.52,27.03,93.04,76.74,56.70118245773287
2025-10-22 01:23:48.704066,116.4,63.42,202.04,51.6,102.71679113621535
2025-10-22 01:23:49.704066,109.55,86.84,125.33,113.07,103.59421227247834
2025-10-22 01:23:50.704065,65.18,23.91,135.32,92.67,71.02548663953336
2025-10-22 01:23:51.704065,64.06,45.24,137.5,10.38,65.99910895973399
2025-10-22 01:23:52.704064,86.55,20.62,191.22,74.11,82.50295054381489
2025-10-22 01:23:53.704064,69.97,38.48,137.74,36.72,67.9238903870605
2025-10-22 01:23:54.704063,110.47,20.09,272.41,80.61,107.95421370633485
2025-10-22 01:23:55.704063,76.11,51.29,95.31,112.45,76.63570071496228
2025-10-22 01:23:56.704062,96.24,97.98,89.96,108.96,97.71586921870227
2025-10-22 01:23:57.704062,87.62,74.91,166.9,26.77,92.96238746009195
2025-10-22 01:23:58.704061,64.46,51.72,61.54,97.77,63.772784350339656
2025-10-22 01:23:59.704060,91.94,47.43,156.12,57.58,82.08385972159553
2025-10-22 01:24:00.704060,98.54,91.52,168.7,19.75,100.42656725546556
2025-10-22 01:24:01.704059,95.78,31.81,222.36,89.07,100.44999311940005
2025-10-22 01:24:02.704059,95.91,20.01,260.36,55.75,99.34534166470941
2025-10-22 01:24:03.704058,127.93,80.23,241.25,41.98,121.01798009553022
2025-10-22 01:24:04.704058,97.94,96.59,115.43,50.85,93.12555048000739
2025-10-22 01:24:05.704057,93.38,33.17,187.38,108.76,94.52393219806103
2025-10-22 01:24:06.704057,63.8,54.46,54.75,99.3,63.40671099625631
2025-10-22 01:24:07.704056,46.6,43.69,56.16,32.06,45.06509449588598
2025-10-22 01:24:08.704056,96.73,68.63,179.93,16.94,91.78208306706685
2025-10-22 01:24:09.704055,65.29,23.96,159.18,19.6,63.69696781634718
2025-10-22 01:24:10.704055,111.58,67.52,244.83,23.76,112.10604877024531
2025-10-22 01:24:11.704054,101.55,97.88,96.94,99.66,97.91608152736579
2025-10-22 01:24:12.704054,117.62,77.84,246.03,37.45,120.35807954327036
2025-10-22 01:24:13.704053,132.79,85.98,285.9,20.32,133.02214225364446
2025-10-22 01:24:14.704052,77.13,26.82,211.21,37.51,84.34303193422679
2025-10-22 01:24:15.704052,97.1,44.26,237.1,24.85,98.34818215560696
2025-10-22 01:24:16.704051,103.03,94.41,128.92,96.17,105.10457638158458
2025-10-22 01:24:17.704051,140.79,50.01,296.1,135.47,140.97542590714784
2025-10-22 01:24:18.704050,107.6,39.31,289.4,15.75,109.79258800178488
2025-10-22 01:24:19.704050,56.2,30.71,76.76,72.0,52.70414748849598
2025-10-22 01:24:20.704049,98.02,26.84,214.59,51.07,88.06648727257259
2025-10-22 01:24:21.704049,92.8,54.52,191.04,25.37,89.73403896849194
2025-10-22 01:24:22.704048,113.49,45.04,226.1,98.8,110.13601353147283
2025-10-22 01:24:23.704048,74.36,36.09,132.74,58.83,69.61974919077574
2025-10-22 01:24:24.704047,49.09,31.74,93.59,37.26,51.3742346612615
2025-10-22 01:24:25.704047,87.72,35.28,202.1,59.31,90.17482533945403
2025-10-22 01:24:26.704046,116.7,45.59,209.0,130.18,111.50781508389068
2025-10-22 01:24:27.704046,101.59,57.86,163.18,92.92,96.45930900600094
2025-10-22 01:24:28.704045,120.63,45.56,289.51,75.37,124.81234726854277
2025-10-22 01:24:29.704044,97.64,50.55,157.84,135.14,99.58804655515856
2025-10-22 01:24:30.704044,127.7,91.38,188.33,112.56,124.71858323124498
2025-10-22 01:24:31.704043,83.72,25.82,157.3,132.76,86.5668311357201
2025-10-22 01:24:32.704043,102.97,20.2,205.56,139.19,99.548762091105
2025-10-22 01:24:33.704042,112.62,35.98,274.93,78.73,116.29657275074672
2025-10-22 01:24:34.704042,114.06,53.26,240.97,73.66,113.7265621216197
2025-10-22 01:24:35.704041,100.11,78.64,115.14,137.55,101.29029308433216
2025-10-22 01:24:36.704041,93.09,81.38,124.89,35.28,85.25740675255584
2025-10-22 01:24:37.704040,71.49,63.51,105.64,26.9,68.85020729588422
2025-10-22 01:24:38.704040,108.41,31.54,265.16,70.11,109.419588644444
2025-10-22 01:24:39.704039,115.47,31.62,291.68,38.53,111.15731558416988
2025-10-22 01:24:40.704039,62.86,49.39,105.47,21.32,60.61770040382201
2025-10-22 01:24:41.704038,48.81,43.87,54.44,49.13,48.03249561965546
2025-10-22 01:24:42.704037,76.15,25.29,118.76,100.33,68.25827750933256
2025-10-22 01:24:43.704037,95.03,57.85,196.76,27.08,93.4625830343331
2025-10-22 01:24:44.704036,103.15,44.07,235.62,57.45,104.29089182836815
2025-10-22 01:24:45.704036,76.31,72.22,66.16,107.22,77.30886457870763
2025-10-22 01:24:46.704035,103.47,33.47,253.22,51.59,103.11129240759922
2025-10-22 01:24:47.704035,98.96,51.87,207.84,70.48,102.43164770274477
2025-10-22 01:24:48.704034,60.96,23.45,149.65,46.98,66.01967379243939
2025-10-22 01:24:49.704034,150.89,86.35,264.6,116.0,145.82752344372153
2025-10-22 01:24:50.704033,86.71,76.69,73.78,117.74,83.93194642107629
2025-10-22 01:24:51.704033,128.69,93.32,210.26,75.58,124.9331721140907
2025-10-22 01:24:52.704032,146.45,66.16,297.38,139.5,150.2502844167691
2025-10-22 01:24:53.704032,110.37,93.11,108.45,128.88,104.80055764465278
2025-10-22 01:24:54.704031,128.25,84.53,225.61,109.05,131.80468146528833
2025-10-22 01:24:55.704031,88.22,38.07,160.89,117.24,90.69550547309929
2025-10-22 01:24:56.704030,89.09,68.92,156.16,17.54,84.89601018750191
2025-10-22 01:24:57.704029,127.37,37.0,286.77,95.47,123.69824288405276
2025-10-22 01:24:58.704029,73.27,32.61,151.26,30.16,67.7466276113879
2025-10-22 01:24:59.704028,152.96,74.47,270.6,132.04,144.8724876600687
2025-10-22 01:25:00.704028,76.05,49.3,167.15,28.31,80.51765802701256
2025-10-22 01:25:01.704027,142.25,81.74,289.79,39.92,135.96665502683723
2025-10-22 01:25:02.704027,94.26,66.25,155.59,75.08,94.83018151697243
2025-10-22 01:25:03.704026,119.15,82.01,189.42,74.98,112.88027901757927
2025-10-22 01:25:04.704026,120.03,23.7,287.69,145.25,127.21363468261363
2025-10-22 01:25:05.704025,88.22,29.79,185.23,77.95,86.0572433548846
2025-10-22 01:25:06.704025,74.32,65.16,62.85,119.12,75.14381491225004
2025-10-22 01:25:07.704024,89.05,44.92,121.16,100.87,78.91889229601759
2025-10-22 01:25:08.704023,104.59,27.09,208.5,139.52,103.94951831409007
2025-10-22 01:25:09.704023,119.36,20.08,286.25,134.49,122.82763250018921
2025-10-22 01:25:10.704022,96.56,29.28,225.77,107.28,103.83009824691692
2025-10-22 01:25:11.704022,138.38,97.21,228.64,101.39,137.54334976281243
2025-10-22 01:25:12.704021,93.71,72.51,81.27,121.79,84.89708852344096
2025-10-22 01:25:13.704021,57.26,55.15,68.82,33.3,54.8596305840793
2025-10-22 01:25:14.704020,103.29,26.4,266.35,30.27,99.28042619379018
2025-10-22 01:25:15.704020,115.32,84.49,208.37,103.52,125.49866971395197
2025-10-22 01:25:16.704019,132.69,85.64,252.61,75.6,133.83077446824174
2025-10-22 01:25:17.704019,56.13,63.22,60.2,77.34,65.06632522888547
2025-10-22 01:25:18.704018,98.6,88.71,83.82,138.52,97.10465809764966
2025-10-22 01:25:19.704018,97.06,47.43,233.78,64.01,106.72472501015469
2025-10-22 01:25:20.704017,96.0,38.46,199.51,62.4,91.60281892029528
2025-10-22 01:25:21.704016,114.39,55.41,196.89,108.51,108.47347393220454
2025-10-22 01:25:22.704016,80.25,73.27,103.28,36.56,74.94939706507941
2025-10-22 01:25:23.704014,102.1,45.81,202.89,51.26,94.08530588674843
2025-10-22 01:25:24.704014,131.39,76.86,260.37,100.04,136.6282469393985
2025-10-22 01:25:25.704013,100.62,51.2,198.43,81.16,101.38922861430628
2025-10-22 01:25:26.704013,65.57,65.01,63.27,109.58,73.2978391593902
2025-10-22 01:25:27.704012,104.05,23.86,232.57,118.04,105.3010470687494
2025-10-22 01:25:28.704012,122.95,50.69,255.14,87.53,119.46043555394937
2025-10-22 01:25:29.704011,89.58,55.82,122.94,144.83,93.65560952659806
2025-10-22 01:25:30.704011,127.58,32.61,283.92,125.03,126.52078743741119
2025-10-22 01:25:31.704010,77.72,20.83,147.69,103.1,75.27834615098377
2025-10-22 01:25:32.704009,106.66,59.08,152.74,119.4,99.19571392349235
2025-10-22 01:25:33.704009,86.73,35.79,175.36,91.82,88.85135193722817
2025-10-22 01:25:34.704008,62.69,26.09,67.83,117.23,56.698737742524195
2025-10-22 01:25:35.704008,104.25,75.32,207.67,28.11,105.69888470738387
2025-10-22 01:25:36.704007,56.3,44.9,111.34,82.87,72.37514474890212
2025-10-22 01:25:37.704007,83.78,65.32,84.78,148.02,87.56833962145774
2025-10-22 01:25:38.704006,151.33,84.93,293.01,63.19,143.16060744612204
2025-10-22 01:25:39.704006,76.06,50.52,92.76,105.65,74.13065644792368
2025-10-22 01:25:40.704005,52.28,30.68,122.8,47.54,61.67484504272609
2025-10-22 01:25:41.704005,62.38,41.17,125.63,54.36,69.13614124713231
2025-10-22 01:25:42.704004,101.64,77.6,177.61,25.96,97.37037677610171
2025-10-22 01:25:43.704003,112.93,56.48,273.31,14.29,113.26115924452908
2025-10-22 01:25:44.704003,91.4,75.81,164.15,47.5,96.70838966942374
2025-10-22 01:25:45.704002,127.07,47.28,287.68,113.38,132.68222301835254
2025-10-22 01:25:46.704002,69.95,72.41,108.99,32.33,75.39519108081167
2025-10-22 01:25:47.704001,135.41,44.0,256.09,129.84,124.80977966009226
2025-10-22 01:25:48.704001,117.39,64.94,269.3,10.53,115.54410490577177
2025-10-22 01:25:49.704000,99.79,48.04,165.63,120.13,97.68939865523642
2025-10-22 01:25:50.704000,77.74,24.76,113.31,142.25,74.68987432488552
2025-10-22 01:25:51.703999,79.99,34.2,176.57,73.36,84.7479365858945
2025-10-22 01:25:52.703999,105.84,53.42,242.85,77.79,115.19357125776992
2025-10-22 01:25:53.703998,137.42,53.28,277.64,139.65,137.89115154926677
2025-10-22 01:25:54.703998,69.09,72.52,77.05,79.77,75.27618741470619
2025-10-22 01:25:55.703997,115.84,53.67,210.09,129.4,115.72728474571777
2025-10-22 01:25:56.703997,108.5,96.21,180.97,63.67,115.2008555134646
2025-10-22 01:25:57.703996,82.97,45.35,168.02,111.05,95.25542740351698
2025-10-22 01:25:58.703995,87.98,56.03,154.41,77.99,89.93545501833377
2025-10-22 01:25:59.703995,88.64,42.86,162.9,80.47,86.38676146624593
2025-10-22 01:26:00.703994,82.73,22.42,210.84,73.51,89.18732508777975
2025-10-22 01:26:01.703994,102.01,97.56,127.04,100.86,107.04932001658639
2025-10-22 01:26:02.703993,71.9,28.79,139.04,59.97,68.08562136108442
2025-10-22 01:26:03.703993,81.48,66.5,140.14,68.36,88.97123559510956
2025-10-22 01:26:04.703992,75.92,65.8,163.99,50.23,92.18988324555067
2025-10-22 01:26:05.703992,114.47,59.71,265.93,13.58,112.51754023044458
2025-10-22 01:26:06.703991,69.94,20.82,144.24,71.47,67.94530064048459
2025-10-22 01:26:07.703991,116.57,51.0,271.11,71.91,121.31356837288747
2025-10-22 01:26:08.703990,76.13,46.46,127.79,32.1,68.0085062500796
2025-10-22 01:26:09.703990,68.75,20.33,145.7,87.31,71.289166592719
2025-10-22 01:26:10.703989,88.75,71.15,90.24,115.04,85.57201469601856
2025-10-22 01:26:11.703989,113.19,59.51,245.6,84.01,120.30783971748829
2025-10-22 01:26:12.703988,147.77,91.25,255.5,128.43,148.01598818813022
2025-10-22 01:26:13.703988,111.11,63.55,175.33,111.86,106.73060871854273
2025-10-22 01:26:14.703987,87.93,80.4,100.36,105.78,91.40751242173185
2025-10-22 01:26:15.703986,98.2,91.49,153.31,18.48,95.52926854607021
2025-10-22 01:26:16.703986,66.21,37.01,107.24,111.34,72.85199470505734
2025-10-22 01:26:17.703985,125.86,91.84,233.7,61.59,128.46114823603494
2025-10-22 01:26:18.703985,124.58,53.08,269.38,96.95,126.81450962621663
2025-10-22 01:26:19.703984,113.58,45.88,246.61,61.56,109.32081365288501
2025-10-22 01:26:20.703984,96.51,93.6,135.46,57.38,98.95222715629664
2025-10-22 01:26:21.703983,67.58,45.53,121.26,38.01,66.75365156113115
2025-10-22 01:26:22.703983,89.81,97.12,82.12,110.23,95.17924396334432
2025-10-22 01:26:23.703982,89.55,70.35,172.28,47.42,96.40367730147251
2025-10-22 01:26:24.703982,136.5,93.37,222.63,116.1,136.7375529435699
2025-10-22 01:26:25.703981,47.09,33.07,80.72,16.24,43.988504335164286
2025-10-22 01:26:26.703981,68.75,53.76,62.24,90.53,63.56524797248157
2025-10-22 01:26:27.703980,86.81,49.19,106.28,143.66,85.09068709584537
2025-10-22 01:26:28.703980,96.03,20.18,240.9,60.06,94.4335288857352
2025-10-22 01:26:29.703979,69.5,58.46,97.18,68.65,72.07877009026666
2025-10-22 01:26:30.703979,98.05,73.83,137.22,26.21,83.3816127545391
2025-10-22 01:26:31.703978,107.61,88.47,182.89,50.85,109.35255170767529
2025-10-22 01:26:32.703977,89.47,37.16,201.02,72.89,93.49211331899305
2025-10-22 01:26:33.703977,111.88,78.51,160.64,138.97,115.19515978292847
2025-10-22 01:26:34.703976,69.95,83.68,60.45,20.78,64.14050124150211
2025-10-22 01:26:35.703976,82.68,92.31,109.18,51.84,89.29872550229653
2025-10-22 01:26:36.703975,95.66,57.86,117.89,131.89,90.58477747346197
2025-10-22 01:26:37.703975,106.63,39.88,209.82,132.14,109.28454818882733
2025-10-22 01:26:38.703974,92.15,85.08,151.1,52.22,98.3639374585923
2025-10-22 01:26:39.703974,153.6,80.3,298.95,98.59,149.6686015383057
2025-10-22 01:26:40.703973,116.18,87.35,158.08,135.34,118.13047037411063
2025-10-22 01:26:41.703973,94.22,31.32,206.86,80.09,93.75595238470136
2025-10-22 01:26:42.703972,102.38,29.34,219.93,92.45,99.15411513098906
2025-10-22 01:26:43.703972,122.48,74.2,204.57,123.39,123.15351862805157
2025-10-22 01:26:44.703971,67.21,52.94,99.74,52.49,66.87061360637263
2025-10-22 01:26:45.703971,55.4,62.59,59.81,22.52,53.73155054516085
2025-10-22 01:26:46.703970,98.58,39.76,177.5,82.29,89.58819484906056
2025-10-22 01:26:47.703969,134.76,52.34,249.17,130.8,127.09587830360331
2025-10-22 01:26:48.703969,60.1,36.51,137.86,25.37,64.71621012289158
2025-10-22 01:26:49.703968,52.44,49.6,59.33,75.65,57.64724953264806
2025-10-22 01:26:50.703968,102.75,82.8,107.8,143.74,102.39666430760138
2025-10-22 01:26:51.703967,135.12,63.91,279.95,90.18,134.07186724440572
2025-10-22 01:26:52.703967,55.0,33.58,106.32,38.57,56.38578875419401
2025-10-22 01:26:53.703966,141.66,97.29,229.41,120.47,141.60944904432694
2025-10-22 01:26:54.703966,96.4,66.68,114.43,101.53,87.92359260495152
2025-10-22 01:26:55.703965,111.27,65.2,183.37,138.93,115.35896553591466
2025-10-22 01:26:56.703965,159.7,98.52,285.15,138.53,162.58505888318325
2025-10-22 01:26:57.703964,93.95,68.32,156.4,43.75,89.88003620953042
2025-10-22 01:26:58.703964,77.24,41.18,82.03,115.23,68.13021808686813
2025-10-22 01:26:59.703963,85.63,98.21,58.9,105.25,87.74960520856189
2025-10-22 01:27:00.703963,36.93,42.55,56.82,24.22,43.13357296348095
2025-10-22 01:27:01.703962,110.23,43.64,232.46,67.79,105.18121866576438
2025-10-22 01:27:02.703962,89.74,78.24,144.3,68.28,96.0864771049695
2025-10-22 01:27:03.703961,93.68,78.97,168.4,32.78,96.64218138760043
2025-10-22 01:27:04.703960,147.2,75.63,270.9,105.44,140.25381263624604
2025-10-22 01:27:05.703960,81.89,92.5,84.09,44.96,80.47794865070756
2025-10-22 01:27:06.703959,106.33,89.07,138.33,108.34,107.68115076594991
2025-10-22 01:27:07.703959,124.6,82.15,225.96,112.87,131.4776759925972
2025-10-22 01:27:08.703958,57.62,41.56,73.08,96.24,61.85164104803309
2025-10-22 01:27:09.703958,59.95,36.89,141.54,26.49,66.23629607935543
2025-10-22 01:27:10.703957,130.34,78.67,244.51,57.04,124.21233052218864
2025-10-22 01:27:11.703957,84.69,95.27,80.02,14.27,74.53762719064656
2025-10-22 01:27:12.703956,53.83,21.0,83.55,37.79,43.08045439359997
2025-10-22 01:27:13.703956,93.54,74.12,102.9,86.83,85.25786943552613
2025-10-22 01:27:14.703955,120.23,59.24,275.8,46.35,121.76820058422983
2025-10-22 01:27:15.703955,113.98,52.66,190.04,131.44,109.59557834725122
2025-10-22 01:27:16.703954,140.73,95.38,175.66,142.34,128.83271031363319
2025-10-22 01:27:17.703954,107.12,28.13,299.61,39.74,112.03560762210451
2025-10-22 01:27:18.703953,144.3,40.61,292.77,147.27,137.61253659208427
2025-10-22 01:27:19.703952,120.8,81.64,268.97,11.91,124.08308912073676
2025-10-22 01:27:20.703952,95.52,37.1,168.64,91.41,87.4043495990531
2025-10-22 01:27:21.703951,143.16,90.03,241.11,76.84,132.81650447634115
2025-10-22 01:27:22.703951,146.1,69.65,298.41,98.14,144.08285212899258
2025-10-22 01:27:23.703950,58.15,43.31,114.53,13.61,58.76488205016723
2025-10-22 01:27:24.703950,73.74,41.21,131.45,53.83,70.80158162533326
2025-10-22 01:27:25.703949,64.46,32.84,85.52,82.1,58.41471013090392
2025-10-22 01:27:26.703949,52.77,29.49,84.15,61.89,52.30568875277966
2025-10-22 01:27:27.703948,106.23,80.37,153.35,121.12,110.38388782956667
2025-10-22 01:27:28.703948,148.97,73.47,245.9,146.12,139.74131670217284
2025-10-22 01:27:29.703947,136.15,74.97,261.28,97.13,135.3767293889534
2025-10-22 01:27:30.703947,101.82,20.09,209.02,135.01,99.70326166856582
2025-10-22 01:27:31.703946,76.81,87.06,105.18,77.18,90.50538653408704
2025-10-22 01:27:32.703946,105.91,67.48,261.74,10.91,114.61753211072616
2025-10-22 01:27:33.703945,71.46,32.69,88.05,133.87,69.39606025609308
2025-10-22 01:27:34.703944,115.36,79.06,170.88,118.73,114.52598923943863
2025-10-22 01:27:35.703944,59.64,32.86,60.63,56.55,45.85609650848808
2025-10-22 01:27:36.703943,141.96,91.85,209.5,133.08,135.40322479769225
2025-10-22 01:27:37.703943,81.15,50.01,113.73,85.72,76.22012051592272
2025-10-22 01:27:38.703942,79.35,84.81,55.46,146.22,88.15128792342816
2025-10-22 01:27:39.703942,159.32,80.74,297.07,149.14,159.3761786411068
2025-10-22 01:27:40.703941,66.67,39.86,127.06,70.07,72.03445105905988
2025-10-22 01:27:41.703941,47.24,21.56,121.02,22.58,51.6080884195989
2025-10-22 01:27:42.703940,93.47,93.74,101.07,96.71,96.49840704119221
2025-10-22 01:27:43.703940,144.88,85.35,261.34,126.8,146.49377518260022
2025-10-22 01:27:44.703939,102.37,45.64,197.18,116.78,105.31226525239998
2025-10-22 01:27:45.703939,89.98,25.82,180.72,63.22,79.78291073972608
2025-10-22 01:27:46.703938,80.12,80.04,54.57,115.34,79.35356884350205
2025-10-22 01:27:47.703938,114.03,25.89,240.71,121.93,109.54004599397766
2025-10-22 01:27:48.703937,112.83,62.7,230.52,65.2,113.62832090432902
2025-10-22 01:27:49.703936,107.96,27.92,224.05,109.49,103.07104993689552
2025-10-22 01:27:50.703936,78.92,23.42,188.58,83.3,84.93868178075763
2025-10-22 01:27:51.703935,82.76,22.82,248.56,74.49,100.92970242683246
2025-10-22 01:27:52.703935,73.79,89.25,105.88,15.19,79.4849637988881
2025-10-22 01:27:53.703934,101.76,75.53,154.69,127.49,109.62977724095452
2025-10-22 01:27:54.703934,97.73,53.67,180.94,114.04,103.90359849357274
2025-10-22 01:27:55.703933,60.34,33.17,114.61,66.51,64.230662375708
2025-10-22 01:27:56.703933,115.38,35.33,278.37,86.61,118.57295428090588
2025-10-22 01:27:57.703932,135.49,68.0,281.01,88.37,136.07917659413096
2025-10-22 01:27:58.703932,110.38,49.68,248.78,58.27,111.22247556228953
2025-10-22 01:27:59.703931,110.39,86.0,147.94,120.56,111.46471216149185
2025-10-22 01:28:00.703931,115.15,66.67,245.94,33.5,113.951234324234
2025-10-22 01:28:01.703930,113.18,52.68,258.78,77.4,119.53755831965702
2025-10-22 01:28:02.703930,51.65,21.7,121.59,37.5,54.81678222649317
2025-10-22 01:28:03.703929,84.95,48.16,192.78,12.56,84.52471711533627
2025-10-22 01:28:04.703928,102.01,43.78,178.65,119.2,99.28768071924135
2025-10-22 01:28:05.703928,132.21,39.74,269.61,136.71,128.10964333020922
2025-10-22 01:28:06.703927,118.14,96.29,207.33,67.34,123.90053923733538
2025-10-22 01:28:07.703927,123.56,82.89,192.97,124.14,124.16527908376987
2025-10-22 01:28:08.703926,140.2,98.97,272.51,77.34,146.83927195561398
2025-10-22 01:28:09.703926,94.99,50.6,146.1,111.55,91.39010021172521
2025-10-22 01:28:10.703925,121.33,83.34,231.84,63.08,123.94089113781439
2025-10-22 01:28:11.703925,116.38,62.46,261.4,13.86,112.58775714939273
2025-10-22 01:28:12.703924,92.3,98.21,86.71,43.98,83.93094732900823
2025-10-22 01:28:13.703924,79.1,66.81,84.5,120.56,82.76943232178269
2025-10-22 01:28:14.703923,66.47,74.84,85.73,24.23,68.00416069128616
2025-10-22 01:28:15.703923,95.25,63.9,161.82,80.81,96.66689506834686
2025-10-22 01:28:16.703922,88.11,43.38,180.87,12.94,78.62349400631014
2025-10-22 01:28:17.703922,65.58,33.54,93.34,95.32,63.74678047369452
2025-10-22 01:28:18.703921,149.75,90.92,261.58,138.84,151.74995056431567
2025-10-22 01:28:19.703920,100.41,45.55,215.12,21.78,91.77157055809394
2025-10-22 01:28:20.703920,117.84,95.29,192.05,91.68,123.64353233459546
2025-10-22 01:28:21.703919,90.11,26.2,199.97,101.93,93.46229671288502
2025-10-22 01:28:22.703919,132.51,88.49,254.93,95.51,139.91550644447278
2025-10-22 01:28:23.703918,81.36,78.4,133.54,25.76,84.47386433389437
2025-10-22 01:28:24.703918,122.99,55.86,228.2,140.61,124.50136316678169
2025-10-22 01:28:25.703917,68.3,50.08,61.36,145.56,72.4011693665508
2025-10-22 01:28:26.703917,97.83,34.97,215.95,55.98,93.52377894282424
2025-10-22 01:28:27.703916,68.06,66.7,70.69,41.2,62.77778819271079
2025-10-22 01:28:28.703916,54.78,45.1,50.29,63.41,50.239917408511886
2025-10-22 01:28:29.703915,117.22,65.48,218.05,149.85,128.10347824653036
2025-10-22 01:28:30.703915,94.8,66.56,143.99,106.74,97.7920103289371
2025-10-22 01:28:31.703914,137.83,93.26,224.86,100.6,134.27085339512777
2025-10-22 01:28:32.703914,111.97,98.61,132.35,82.1,105.44181544932272
2025-10-22 01:28:33.703913,104.71,71.85,162.25,72.86,99.196830088301
2025-10-22 01:28:34.703913,101.17,22.1,256.02,79.33,103.77578844201003
2025-10-22 01:28:35.703912,72.46,84.56,57.41,81.84,75.80958458626554
2025-10-22 01:28:36.703912,116.34,66.02,229.71,39.92,110.02002190391975
2025-10-22 01:28:37.703911,133.76,30.32,276.5,139.34,125.98756150567444
2025-10-22 01:28:38.703910,118.24,26.21,291.69,79.5,116.5984596575798
2025-10-22 01:28:39.703910,85.66,23.31,205.41,54.01,84.12165495656352
2025-10-22 01:28:40.703909,103.33,66.83,235.38,10.35,106.2508554803527
2025-10-22 01:28:41.703909,85.28,65.4,165.9,22.26,87.00179829966373
2025-10-22 01:28:42.703908,95.5,31.17,199.85,120.32,99.57248858991824
2025-10-22 01:28:43.703908,111.86,27.8,245.13,122.71,111.98139420877301
2025-10-22 01:28:44.703907,91.4,63.54,123.32,128.86,94.46039339604225
2025-10-22 01:28:45.703907,88.07,64.71,123.57,91.18,87.628230441514
2025-10-22 01:28:46.703906,89.52,30.12,164.68,144.76,93.3268983696501
2025-10-22 01:28:47.703906,132.06,78.95,278.1,60.96,135.2368685162573
2025-10-22 01:28:48.703905,101.99,53.32,212.19,28.49,96.11598286718824
2025-10-22 01:28:49.703905,129.16,73.03,241.32,139.29,136.784902740164
2025-10-22 01:28:50.703904,141.03,91.13,221.01,125.01,136.90027309889703
2025-10-22 01:28:51.703904,85.76,45.08,217.53,12.67,90.44948684460546
2025-10-22 01:28:52.703903,92.58,31.23,169.22,139.63,94.22837517247069
2025-10-22 01:28:53.703902,83.17,65.25,106.42,72.85,79.09426550521903
2025-10-22 01:28:54.703902,60.08,61.48,100.35,28.99,66.65779168320884
2025-10-22 01:28:55.703901,72.5,74.38,89.51,48.08,73.65389858817868
2025-10-22 01:28:56.703901,43.07,20.57,57.4,113.46,50.04682348043795
2025-10-22 01:28:57.703900,77.93,26.14,156.88,135.43,87.13172597441118
2025-10-22 01:28:58.703900,137.77,67.97,286.32,84.73,136.93765902909604
2025-10-22 01:28:59.703899,90.75,68.45,125.9,73.08,86.60274316351101
2025-10-22 01:29:00.703899,79.57,47.57,101.71,127.64,79.71871012378855
2025-10-22 01:29:01.703898,105.58,31.92,242.51,68.73,102.52175714896964
2025-10-22 01:29:02.703898,80.02,67.63,126.45,30.15,77.82012547634531
2025-10-22 01:29:03.703897,114.48,83.65,177.46,113.37,117.73829115454228
2025-10-22 01:29:04.703897,126.01,75.26,224.73,95.38,124.1787612367763
2025-10-22 01:29:05.703896,139.7,87.99,257.31,89.05,139.0963727207224
2025-10-22 01:29:06.703896,82.85,90.28,52.81,125.34,85.9412664426698
2025-10-22 01:29:07.703895,70.89,82.56,99.76,28.22,76.88461988876618
2025-10-22 01:29:08.703895,96.3,25.7,258.55,23.94,95.32457131531046
2025-10-22 01:29:09.703894,76.08,25.18,138.0,71.39,68.23584501418229
2025-10-22 01:29:10.703893,107.17,75.65,191.29,95.66,114.37014620482958
2025-10-22 01:29:11.703893,87.48,83.88,109.57,89.74,92.73116033713029
2025-10-22 01:29:12.703892,104.59,57.74,245.02,19.86,106.48952843998333
2025-10-22 01:29:13.703892,77.02,32.29,113.63,115.68,73.273453033931
2025-10-22 01:29:14.703891,116.51,80.7,209.01,21.43,107.46800676066633
2025-10-22 01:29:15.703891,124.33,72.6,257.4,26.51,118.97852139995037
2025-10-22 01:29:16.703890,143.54,85.78,265.98,105.06,143.78157820031566
2025-10-22 01:29:17.703890,80.87,89.32,70.92,45.68,75.06662385187055
2025-10-22 01:29:18.703889,133.04,78.93,290.16,12.36,129.18983958281123
2025-10-22 01:29:19.703889,97.37,21.75,257.02,26.5,93.39514043415875
2025-10-22 01:29:20.703888,57.69,38.45,91.67,33.85,53.479062211896476
2025-10-22 01:29:21.703888,88.7,50.07,212.29,25.67,93.95756897218624
2025-10-22 01:29:22.703887,104.96,87.16,157.68,84.81,107.86619427012681
2025-10-22 01:29:23.703887,142.16,65.05,286.46,121.39,142.8078508621703
2025-10-22 01:29:24.703886,105.18,84.65,208.47,31.73,111.33216740537503
2025-10-22 01:29:25.703886,100.24,44.99,226.34,56.96,101.86254283727388
2025-10-22 01:29:26.703885,137.53,79.27,242.66,136.55,139.76827546333624
2025-10-22 01:29:27.703884,76.68,86.76,64.45,77.5,78.16613385151146
2025-10-22 01:29:28.703884,148.79,76.59,280.19,111.52,144.73839643060248
2025-10-22 01:29:29.703883,98.0,24.27,208.37,66.21,87.9190810654839
2025-10-22 01:29:30.703883,141.43,98.47,294.11,44.74,146.60361000205864
2025-10-22 01:29:31.703882,84.82,69.94,111.25,95.64,87.42833247143193
2025-10-22 01:29:32.703882,134.61,47.28,261.31,149.89,132.0101042883711
2025-10-22 01:29:33.703881,38.9,33.12,63.81,16.72,39.02203493785487
2025-10-22 01:29:34.703881,123.59,35.23,242.52,135.24,117.40919991019781
2025-10-22 01:29:35.703880,111.82,84.17,113.12,141.48,104.2337510279764
2025-10-22 01:29:36.703880,98.2,84.6,149.15,75.31,102.12878644033168
2025-10-22 01:29:37.703879,115.2,51.64,288.09,30.87,118.58058975754167
2025-10-22 01:29:38.703879,114.17,93.7,137.67,109.73,110.07786315084525
2025-10-22 01:29:39.703878,99.33,60.01,170.22,91.96,99.46298996343423
2025-10-22 01:29:40.703878,82.26,84.89,83.55,90.65,85.59047381482566
2025-10-22 01:29:41.703877,122.25,75.89,235.67,74.31,123.59517482832021
2025-10-22 01:29:42.703877,82.04,34.21,188.6,52.66,84.2553185193066
2025-10-22 01:29:43.703876,121.68,83.0,221.91,85.87,125.31560432691354
2025-10-22 01:29:44.703875,104.55,67.08,125.02,89.62,88.94115556444834
2025-10-22 01:29:45.703875,110.85,89.9,169.32,103.23,116.4032203649506
2025-10-22 01:29:46.703874,61.55,43.6,89.52,91.76,66.92798062648892
2025-10-22 01:29:47.703874,126.99,79.69,210.76,114.94,126.08474174859472
2025-10-22 01:29:48.703873,108.74,48.55,158.44,122.86,96.32479090844726
2025-10-22 01:29:49.703873,61.37,42.4,99.0,55.66,61.99969135873184
2025-10-22 01:29:50.703872,68.24,50.46,72.91,106.5,68.29824872306887
2025-10-22 01:29:51.703872,118.83,93.5,162.87,67.18,109.09668864632316
2025-10-22 01:29:52.703871,99.2,83.3,146.98,21.28,90.08009262806735
2025-10-22 01:29:53.703871,112.49,32.42,235.36,126.8,112.16951663389693
2025-10-22 01:29:54.703870,101.95,37.65,205.98,90.69,98.7694619799308
2025-10-22 01:29:55.703870,120.35,72.29,280.55,27.75,126.03398232192212
2025-10-22 01:29:56.703869,59.9,51.58,102.05,47.58,65.90795545902866
2025-10-22 01:29:57.703869,70.43,44.24,132.49,33.3,68.54919262459333
2025-10-22 01:29:58.703868,132.35,91.24,252.7,81.46,137.82784795109018
2025-10-22 01:29:59.703868,111.65,20.92,283.02,93.28,114.08131883101082
2025-10-22 01:30:00.703867,71.61,27.22,137.18,75.12,69.75263260036922
2025-10-22 01:30:01.703866,101.39,30.98,235.15,53.83,96.87377030036271
2025-10-22 01:30:02.703866,72.6,35.4,172.29,44.85,78.39167423558737
2025-10-22 01:30:03.703865,128.42,36.69,266.35,145.97,127.44294232452214
2025-10-22 01:30:04.703865,89.93,24.82,157.63,135.53,86.71613993462971
2025-10-22 01:30:05.703864,123.67,57.82,251.85,111.68,126.8442748428132
2025-10-22 01:30:06.703864,97.86,83.48,121.35,89.62,96.05069523527224
2025-10-22 01:30:07.703863,98.55,60.38,157.2,143.71,106.02294906226574
2025-10-22 01:30:08.703863,88.69,91.34,96.05,44.41,83.38549018274205
2025-10-22 01:30:09.703862,72.19,40.67,79.89,143.93,72.93853350497996
2025-10-22 01:30:10.703862,71.9,74.35,93.12,45.57,74.22569744072044
2025-10-22 01:30:11.703861,135.7,65.42,273.42,89.77,132.78218734237674
2025-10-22 01:30:12.703861,52.8,42.41,69.04,70.82,56.006788720901355
2025-10-22 01:30:13.703860,101.7,40.16,234.36,47.64,100.00272272970568
2025-10-22 01:30:14.703860,86.53,22.66,194.4,36.05,76.91235787994414
2025-10-22 01:30:15.703859,119.5,86.42,236.05,69.54,128.03460301437084
2025-10-22 01:30:16.703858,102.85,60.22,167.87,119.51,104.34002978949194
2025-10-22 01:30:17.703858,59.23,80.89,70.35,17.41,65.05118531549587
2025-10-22 01:30:18.703857,103.64,22.17,223.44,136.44,105.3672743985385
2025-10-22 01:30:19.703857,80.32,57.69,155.72,19.3,79.48936120033227
2025-10-22 01:30:20.703856,114.62,51.61,255.21,46.38,111.7588458813723
2025-10-22 01:30:21.703856,54.88,30.4,71.18,69.47,50.36714653961469
2025-10-22 01:30:22.703855,72.0,43.12,121.35,88.9,75.69411250725776
2025-10-22 01:30:23.703855,125.11,48.18,283.69,93.04,127.88770164375987
2025-10-22 01:30:24.703854,88.38,52.7,171.92,84.39,94.80791606733038
2025-10-22 01:30:25.703854,98.37,69.12,82.21,138.96,86.8966193502421
2025-10-22 01:30:26.703853,74.71,35.31,98.98,114.42,70.12827810407519
2025-10-22 01:30:27.703853,104.5,94.24,132.68,100.55,107.02158222557648
2025-10-22 01:30:28.703852,81.42,92.3,57.33,111.02,85.46488493276608
2025-10-22 01:30:29.703851,66.42,27.34,86.99,136.13,66.84719875246535
2025-10-22 01:30:30.703851,87.17,89.07,118.64,77.53,95.63077120621402
2025-10-22 01:30:31.703850,80.47,33.0,137.48,106.6,78.99802079140301
2025-10-22 01:30:32.703850,116.41,36.62,278.84,61.7,114.40661378220925
2025-10-22 01:30:33.703849,96.9,91.49,171.67,11.28,99.62058556417345
2025-10-22 01:30:34.703849,74.05,28.98,190.69,28.15,77.39046790964791
2025-10-22 01:30:35.703848,85.84,67.31,170.48,54.9,95.82720586689926
2025-10-22 01:30:36.703848,84.48,81.25,114.53,45.67,84.1419781809351
2025-10-22 01:30:37.703847,118.56,92.89,129.51,142.76,113.78605537597578
2025-10-22 01:30:38.703847,88.76,80.84,92.21,106.16,89.25171454745815
2025-10-22 01:30:39.703846,79.02,57.74,58.36,126.07,71.45909722216334
2025-10-22 01:30:40.703846,108.42,92.1,136.3,100.47,107.02289199562817
2025-10-22 01:30:41.703845,84.48,89.47,118.75,19.78,84.37957926764292
2025-10-22 01:30:42.703844,120.23,91.41,197.84,64.0,117.93744413758836
2025-10-22 01:30:43.703844,65.66,74.96,88.61,23.87,68.85904641282144
2025-10-22 01:30:44.703843,63.01,24.46,77.8,64.4,48.3754395640571
2025-10-22 01:30:45.703843,64.26,28.31,115.96,75.72,64.03432796755676
2025-10-22 01:30:46.703842,78.83,20.84,151.01,142.59,84.1353849671922
2025-10-22 01:30:47.703842,119.6,85.58,176.6,104.37,116.65636794695612
2025-10-22 01:30:48.703841,74.23,59.28,79.17,113.19,75.92914329835392
2025-10-22 01:30:49.703841,88.57,84.67,143.31,44.2,94.2202442815218
2025-10-22 01:30:50.703840,87.07,66.68,164.8,15.83,86.03322915404327
2025-10-22 01:30:51.703840,139.04,61.96,291.73,89.01,136.406308356357
2025-10-22 01:30:52.703839,54.17,54.19,56.33,107.6,65.39739512000884
2025-10-22 01:30:53.703839,145.41,68.17,266.56,147.05,143.4869426986122
2025-10-22 01:30:54.703838,80.9,31.56,126.64,145.74,82.7995601507317
2025-10-22 01:30:55.703837,123.37,61.2,284.33,37.65,123.58571847462098
2025-10-22 01:30:56.703837,109.11,77.86,226.86,22.44,111.61625683019335
2025-10-22 01:30:57.703836,44.15,29.09,53.4,57.18,41.91829169920894
2025-10-22 01:30:58.703836,108.27,40.21,260.93,66.31,111.7335716546514
2025-10-22 01:30:59.703835,61.48,35.27,86.32,112.43,65.90404124658738
2025-10-22 01:31:00.703835,96.66,70.13,119.71,138.85,98.66155387864526
2025-10-22 01:31:01.703834,135.49,61.81,274.21,124.75,138.1682472302552
2025-10-22 01:31:02.703834,78.93,27.05,186.32,35.96,76.66241859984083
2025-10-22 01:31:03.703832,119.13,51.84,226.39,129.98,119.82957718213183
2025-10-22 01:31:04.703832,106.85,93.53,138.95,53.21,99.13777329086945
2025-10-22 01:31:05.703831,114.41,52.08,256.59,100.4,123.15221166694856
2025-10-22 01:31:06.703831,110.09,42.09,207.28,115.9,106.39766637226158
2025-10-22 01:31:07.703830,107.92,77.72,147.95,96.44,102.52417806916219
2025-10-22 01:31:08.703829,46.14,50.38,52.81,51.88,51.3494226756337
2025-10-22 01:31:09.703829,76.17,58.79,143.25,14.54,75.34236090305782
2025-10-22 01:31:10.703828,64.06,36.29,60.25,102.07,56.51208191701701
2025-10-22 01:31:11.703828,86.74,46.88,154.33,98.31,89.3698104218489
2025-10-22 01:31:12.703827,91.21,92.47,70.1,94.77,86.15997207326045
2025-10-22 01:31:13.703827,93.53,67.72,108.66,122.5,90.8789444733528
2025-10-22 01:31:14.703826,125.9,73.21,224.91,75.34,119.2209033980765
2025-10-22 01:31:15.703826,119.4,80.76,225.64,45.13,117.21395862068903
2025-10-22 01:31:16.703825,111.41,74.9,209.02,69.07,114.04027614379333
2025-10-22 01:31:17.703825,145.83,84.71,258.21,139.97,147.85074881716739
2025-10-22 01:31:18.703824,78.1,50.29,122.65,29.96,67.95485301607984
2025-10-22 01:31:19.703824,90.58,21.99,242.04,20.68,87.85155544158661
2025-10-22 01:31:20.703823,55.49,51.94,115.55,11.86,63.04584728069032
2025-10-22 01:31:21.703823,94.71,74.97,99.12,98.89,86.94479593381583
2025-10-22 01:31:22.703822,63.19,22.42,106.96,89.13,61.043836992070695
2025-10-22 01:31:23.703822,97.18,45.49,176.3,121.21,99.83687891574309
2025-10-22 01:31:24.703821,119.46,70.82,244.3,49.18,118.65456050231904
2025-10-22 01:31:25.703820,118.14,62.28,278.4,32.33,121.28473757714069
2025-10-22 01:31:26.703820,77.66,73.82,116.37,46.71,81.18117213326391
2025-10-22 01:31:27.703819,70.17,84.88,71.28,56.88,75.17856614000718
2025-10-22 01:31:28.703819,96.71,60.87,116.02,111.7,87.51458336647428
2025-10-22 01:31:29.703818,110.88,93.15,174.88,23.98,103.94323130406057
2025-10-22 01:31:30.703818,59.8,68.15,75.74,51.81,67.13314631637815
2025-10-22 01:31:31.703817,103.86,22.8,292.78,29.94,105.36265144772973
2025-10-22 01:31:32.703817,113.18,51.86,264.58,56.05,116.62584352767927
2025-10-22 01:31:33.703816,100.09,47.23,249.5,17.11,102.02664542053657
2025-10-22 01:31:34.703816,115.84,80.82,195.93,124.41,124.07270535280645
2025-10-22 01:31:35.703815,168.49,97.98,286.34,128.05,160.58846070364714
2025-10-22 01:31:36.703815,124.16,97.69,185.91,100.36,124.72461908178906
2025-10-22 01:31:37.703814,121.05,65.28,227.0,79.45,116.6954141528207
2025-10-22 01:31:38.703814,76.65,90.89,78.18,70.27,82.92707813266757
2025-10-22 01:31:39.703813,125.63,37.42,277.31,107.16,123.3875409216351
2025-10-22 01:31:40.703812,120.89,92.04,209.44,34.81,115.9375965716655
2025-10-22 01:31:41.703812,112.81,59.55,263.56,15.1,112.02672927288633
2025-10-22 01:31:42.703811,134.05,83.63,275.64,53.8,135.4168160690296
2025-10-22 01:31:43.703811,83.99,41.32,189.33,18.52,81.24645930008256
2025-10-22 01:31:44.703810,94.96,50.64,169.75,97.37,95.7047227138998
2025-10-22 01:31:45.703810,102.42,36.85,212.55,93.62,100.92790923053873
2025-10-22 01:31:46.703809,76.74,85.45,104.53,47.01,83.50367670931531
2025-10-22 01:31:47.703809,137.43,71.87,249.45,86.73,128.197167984235
2025-10-22 01:31:48.703808,81.11,27.97,157.74,94.59,80.18519085999759
2025-10-22 01:31:49.703808,103.03,78.01,158.26,42.96,95.13548547367145
2025-10-22 01:31:50.703807,114.24,45.54,281.69,35.42,114.50510409760396
2025-10-22 01:31:51.703806,102.03,73.55,163.65,57.53,97.42075027499695
2025-10-22 01:31:52.703806,100.76,97.34,158.48,12.4,98.80526368660705
2025-10-22 01:31:53.703805,147.15,91.37,294.67,48.54,143.97189482568595
2025-10-22 01:31:54.703805,106.68,33.24,245.66,73.68,105.11484675173891
2025-10-22 01:31:55.703804,112.96,27.23,209.19,126.33,101.60413818526072
2025-10-22 01:31:56.703804,108.49,95.12,101.36,140.7,106.02498178870854
2025-10-22 01:31:57.703803,72.15,35.11,124.22,90.59,72.8819413187386
2025-10-22 01:31:58.703803,65.51,22.2,150.47,56.08,67.45001343855759
2025-10-22 01:31:59.703802,70.79,76.57,67.26,81.97,74.79696155690426
2025-10-22 01:32:00.703802,97.86,90.26,113.79,105.23,100.2763872016069
2025-10-22 01:32:01.703801,71.26,73.79,100.57,22.89,71.67606652815911
2025-10-22 01:32:02.703801,126.53,44.05,242.2,137.77,122.23336961565545
2025-10-22 01:32:03.703800,114.52,78.97,172.01,145.89,120.22209679087
2025-10-22 01:32:04.703800,123.5,95.62,228.4,11.49,118.79662315551093
2025-10-22 01:32:05.703799,52.17,39.18,91.72,69.77,61.003037934010514
2025-10-22 01:32:06.703798,151.73,86.51,258.83,106.08,142.19912165381766
2025-10-22 01:32:07.703798,39.98,35.02,59.49,17.19,38.76750681323765
2025-10-22 01:32:08.703797,83.04,23.28,125.02,142.47,77.51507274589932
2025-10-22 01:32:09.703797,104.68,87.73,119.87,143.91,108.53052097262024
2025-10-22 01:32:10.703796,113.33,63.25,207.32,65.82,107.0479113383547
2025-10-22 01:32:11.703796,105.94,80.55,185.27,26.52,101.2635108535592
2025-10-22 01:32:12.703795,121.4,30.32,261.9,145.87,122.89410876128622
2025-10-22 01:32:13.703795,72.96,54.93,102.36,91.62,76.43712029128338
2025-10-22 01:32:14.703794,91.83,91.54,66.11,118.9,89.29258616497538
2025-10-22 01:32:15.703794,114.17,22.61,282.63,84.19,113.00268713387398
2025-10-22 01:32:16.703793,89.45,31.11,185.35,95.02,90.1491076306873
2025-10-22 01:32:17.703793,46.39,49.91,68.29,32.64,51.94460398194097
2025-10-22 01:32:18.703792,106.09,36.13,216.09,129.37,108.74176022158659
2025-10-22 01:32:19.703791,56.4,54.74,100.62,10.35,59.65654208373215
2025-10-22 01:32:20.703791,86.04,97.55,62.04,51.44,77.6625778542893
2025-10-22 01:32:21.703790,122.18,59.88,237.84,120.24,125.36371565350014
2025-10-22 01:32:22.703789,116.98,72.25,187.06,96.79,111.61955939312912
2025-10-22 01:32:23.703789,102.19,69.98,221.82,63.07,114.23357074107268
2025-10-22 01:32:24.703788,41.37,26.14,80.63,43.22,45.85614788800417
2025-10-22 01:32:25.703788,44.46,28.29,61.27,33.59,39.19383942563094
2025-10-22 01:32:26.703787,102.48,21.18,262.58,48.3,99.11757861703524
2025-10-22 01:32:27.703787,76.76,32.72,193.03,48.16,83.94683965831268
2025-10-22 01:32:28.703786,78.06,71.1,78.77,50.67,69.29538090036311
2025-10-22 01:32:29.703786,86.64,55.27,102.27,145.88,87.37089257795162
2025-10-22 01:32:30.703785,114.4,75.81,180.71,75.72,107.30211638746604
2025-10-22 01:32:31.703784,116.46,82.78,222.81,59.53,120.23798855985021
2025-10-22 01:32:32.703784,70.41,59.07,88.0,37.62,63.45182543419378
2025-10-22 01:32:33.703783,78.37,91.64,107.85,12.33,80.70580687806847
2025-10-22 01:32:34.703783,110.77,35.79,255.86,57.5,106.24270132247018
2025-10-22 01:32:35.703782,138.26,51.98,267.64,127.44,131.80364052114828
2025-10-22 01:32:36.703782,101.39,50.34,228.54,67.93,107.38536657202184
2025-10-22 01:32:37.703781,114.58,26.63,282.23,125.73,123.15665051825329
2025-10-22 01:32:38.703781,66.15,65.36,53.16,98.84,68.29593827384316
2025-10-22 01:32:39.703780,98.81,35.86,251.24,65.05,106.38939489900775
2025-10-22 01:32:40.703780,100.96,79.71,104.51,135.89,98.29827785438948
2025-10-22 01:32:41.703779,101.32,24.2,229.23,119.47,104.75095056267311
2025-10-22 01:32:42.703778,122.03,98.29,202.6,73.63,124.73016564083292
2025-10-22 01:32:43.703778,135.19,70.5,216.86,141.17,128.53347713025497
2025-10-22 01:32:44.703777,57.28,47.68,67.75,76.75,59.43737002164519
2025-10-22 01:32:45.703777,126.95,89.9,231.15,50.98,124.61244958413394
2025-10-22 01:32:46.703776,79.88,84.37,62.09,88.3,78.40697874524494
2025-10-22 01:32:47.703776,116.24,91.05,158.53,84.96,110.09994549601227
2025-10-22 01:32:48.703775,127.5,79.8,253.49,57.77,127.62485636140931
2025-10-22 01:32:49.703775,81.46,62.65,169.84,13.74,85.11542361710325
2025-10-22 01:32:50.703774,72.45,68.93,89.92,91.06,79.5950641735543
2025-10-22 01:32:51.703774,142.18,73.32,253.3,134.37,139.5556085070648
2025-10-22 01:32:52.703773,115.86,42.81,299.93,61.74,123.85911061733098
2025-10-22 01:32:53.703773,73.2,46.34,127.09,70.2,75.31469085394252
2025-10-22 01:32:54.703772,96.43,65.0,144.68,122.84,100.42006047213643
2025-10-22 01:32:55.703771,150.38,95.08,248.1,95.36,141.13148807344712
2025-10-22 01:32:56.703771,78.98,93.95,89.22,59.22,85.58324021818159
2025-10-22 01:32:57.703770,118.61,53.74,299.02,38.93,124.5232296954693
2025-10-22 01:32:58.703770,121.37,68.35,240.38,58.83,118.15735273188392
2025-10-22 01:32:59.703769,75.07,52.8,91.12,120.34,77.70055610584147
2025-10-22 01:33:00.703769,73.15,55.88,56.31,134.8,71.64698045803927
2025-10-22 01:33:01.703768,86.95,49.74,122.77,142.15,90.02647227800631
2025-10-22 01:33:02.703768,140.28,95.78,224.21,142.78,143.72564440725444
2025-10-22 01:33:03.703767,97.09,37.81,226.93,85.17,104.05414853932395
2025-10-22 01:33:04.703766,101.02,89.11,127.93,64.86,95.92582298665475
2025-10-22 01:33:05.703766,76.26,46.77,126.54,69.58,75.24129437266552
2025-10-22 01:33:06.703765,37.36,42.69,55.77,12.6,40.57697803247612
2025-10-22 01:33:07.703765,76.85,60.99,115.42,41.41,73.41577142971326
2025-10-22 01:33:08.703764,81.22,38.0,109.77,86.27,69.12328862916101
2025-10-22 01:33:09.703763,96.38,67.87,78.29,147.23,86.73598360630382
2025-10-22 01:33:10.703763,111.71,46.11,202.02,121.86,108.0139001940419
2025-10-22 01:33:11.703762,91.47,49.39,100.6,124.31,79.63406966006043
2025-10-22 01:33:12.703762,52.41,26.24,80.38,77.83,52.713837710455785
2025-10-22 01:33:13.703761,86.6,90.16,86.67,106.49,92.31847729663258
2025-10-22 01:33:14.703761,66.37,56.31,68.48,107.56,70.10623035407764
2025-10-22 01:33:15.703760,93.06,51.1,124.67,136.81,90.2172131398379
2025-10-22 01:33:16.703760,66.26,41.41,85.56,94.98,65.28025174722178
2025-10-22 01:33:17.703759,96.94,57.84,174.73,97.95,100.92413740186237
2025-10-22 01:33:18.703758,123.83,71.56,237.33,107.04,128.43490503164853
2025-10-22 01:33:19.703758,40.58,25.29,77.14,28.95,41.542718748640105
2025-10-22 01:33:20.703757,93.64,33.41,180.64,72.3,85.36584475658502
2025-10-22 01:33:21.703757,92.27,50.25,111.34,130.36,84.4988023405492
2025-10-22 01:33:22.703756,86.37,46.53,147.63,76.5,82.84168064460886
2025-10-22 01:33:23.703756,81.13,27.95,216.01,24.77,83.81935630144905
2025-10-22 01:33:24.703755,89.19,51.99,166.43,62.53,88.4535444356575
2025-10-22 01:33:25.703754,111.59,34.72,244.03,133.69,117.29978006724943
2025-10-22 01:33:26.703754,91.61,57.98,171.3,52.57,90.93780067973563
2025-10-22 01:33:27.703753,75.45,32.68,151.55,66.34,75.06396103845195
2025-10-22 01:33:28.703753,88.8,79.86,85.31,134.03,92.22764913055622
2025-10-22 01:33:29.703752,114.6,43.07,204.55,141.59,111.17613544722643
2025-10-22 01:33:30.703752,124.01,94.7,211.83,85.51,128.07136782172026
2025-10-22 01:33:31.703751,106.43,74.09,186.95,77.47,108.66586579408911
2025-10-22 01:33:32.703751,118.16,93.76,192.6,106.15,125.92033719844619
2025-10-22 01:33:33.703750,91.08,85.77,66.68,118.68,86.5305313835625
2025-10-22 01:33:34.703750,83.31,42.89,132.65,101.05,81.39449916538169
2025-10-22 01:33:35.703749,83.98,43.11,130.73,109.81,82.66917701333269
2025-10-22 01:33:36.703748,138.39,54.94,296.69,134.05,143.33960057831956
2025-10-22 01:33:37.703748,108.49,84.73,153.39,114.55,111.27296751435063
2025-10-22 01:33:38.703747,102.02,64.21,138.19,130.82,99.65901095918993
2025-10-22 01:33:39.703747,75.21,51.55,74.13,134.89,74.8570144223361
2025-10-22 01:33:40.703746,84.03,41.65,191.63,47.09,87.78528435475604
2025-10-22 01:33:41.703746,121.02,88.33,211.7,116.78,131.06058447503202
2025-10-22 01:33:42.703745,107.18,25.08,249.8,101.35,107.77618513142808
2025-10-22 01:33:43.703745,130.52,78.22,254.74,72.87,130.2124847313877
2025-10-22 01:33:44.703744,38.0,21.67,89.37,58.81,49.34701657031586
2025-10-22 01:33:45.703743,116.26,60.97,221.34,99.58,116.83738082162188
2025-10-22 01:33:46.703743,85.85,58.94,159.14,33.57,83.98206352149916
2025-10-22 01:33:47.703742,111.72,78.77,191.86,85.45,114.07375886962573
2025-10-22 01:33:48.703742,85.01,63.33,94.18,136.66,87.1403192134261
2025-10-22 01:33:49.703741,56.52,50.85,81.03,30.29,55.780565540723366
2025-10-22 01:33:50.703741,66.95,90.32,63.18,41.63,72.4336438022188
2025-10-22 01:33:51.703740,78.45,43.43,137.73,118.75,86.71310154168673
2025-10-22 01:33:52.703740,46.6,20.65,53.64,109.41,48.1503695259251
2025-10-22 01:33:53.703739,102.86,39.05,282.32,16.45,107.67173236116895
2025-10-22 01:33:54.703738,71.52,87.51,91.59,52.59,81.75237535870767
2025-10-22 01:33:55.703738,118.11,86.72,212.83,70.9,121.47013220443031
2025-10-22 01:33:56.703737,95.97,23.12,206.87,93.94,92.4064937713238
2025-10-22 01:33:57.703736,138.8,80.95,275.87,46.17,132.6264272464552
2025-10-22 01:33:58.703736,80.16,40.13,145.63,120.61,87.80679007679899
2025-10-22 01:33:59.703735,101.26,22.94,203.95,140.53,100.70318243098218
2025-10-22 01:34:00.703734,51.48,37.91,107.34,32.78,57.70976993490935
2025-10-22 01:34:01.703734,99.31,97.27,130.0,92.2,106.0723300387353
2025-10-22 01:34:02.703733,101.49,30.54,208.11,125.17,102.70629854097425
2025-10-22 01:34:03.703732,102.24,21.32,287.73,45.11,106.11907964493535
2025-10-22 01:34:04.703732,109.18,73.0,225.91,20.98,108.60610355014359
2025-10-22 01:34:05.703731,61.06,25.32,117.51,55.77,59.035721968565305
2025-10-22 01:34:06.703731,117.63,90.73,250.94,43.0,129.3945177160172
2025-10-22 01:34:07.703730,104.16,89.98,170.58,80.11,112.22450442432992
2025-10-22 01:34:08.703729,84.42,40.62,128.28,128.11,84.32437310415628
2025-10-22 01:34:09.703729,58.86,58.04,89.72,44.07,64.73609091734002
2025-10-22 01:34:10.703728,120.97,86.77,233.54,51.47,123.86127880406174
2025-10-22 01:34:11.703727,141.64,69.25,265.57,119.22,138.19552860320493
2025-10-22 01:34:12.703727,97.97,90.05,128.21,70.77,97.65614064028868
2025-10-22 01:34:13.703726,99.98,85.73,129.14,88.87,99.37184065892266
2025-10-22 01:34:14.703726,99.97,34.4,213.98,98.04,101.01005855278672
2025-10-22 01:34:15.703725,49.7,45.06,83.37,35.52,54.62478554584735
2025-10-22 01:34:16.703724,141.95,98.28,292.61,24.16,141.96451507383
2025-10-22 01:34:17.703724,95.12,82.33,148.02,38.72,93.37540290298111
2025-10-22 01:34:18.703723,115.56,96.39,135.39,100.36,108.87581487847862
2025-10-22 01:34:19.703722,120.96,92.43,244.07,40.69,127.71986544072624
2025-10-22 01:34:20.703722,63.99,41.33,57.76,149.42,67.70358480804796
2025-10-22 01:34:21.703721,81.44,93.84,98.19,40.77,84.55744784175045
2025-10-22 01:34:22.703721,93.23,50.36,140.21,125.78,92.32792498259968
2025-10-22 01:34:23.703720,70.46,34.07,110.79,105.57,71.30002703685113
2025-10-22 01:34:24.703719,82.87,90.24,82.54,53.84,80.64574404139798
2025-10-22 01:34:25.703719,67.44,75.2,114.02,25.58,76.96329702501623
2025-10-22 01:34:26.703718,143.35,84.36,283.1,55.21,138.30698550458317
2025-10-22 01:34:27.703717,75.74,28.78,148.52,83.99,75.70924723400397
2025-10-22 01:34:28.703717,133.35,49.16,263.32,142.05,131.9971968798753
2025-10-22 01:34:29.703716,124.11,87.58,140.04,138.5,113.44718219809866
2025-10-22 01:34:30.703716,90.51,46.75,175.51,103.26,96.66059254738174
2025-10-22 01:34:31.703715,163.98,97.33,296.8,142.86,166.3547942610269
2025-10-22 01:34:32.703714,58.89,49.73,57.18,85.97,59.11789665372328
2025-10-22 01:34:33.703714,70.87,47.85,67.26,111.93,66.37127416390622
2025-10-22 01:34:34.703713,67.25,41.7,147.49,21.92,69.52636521733363
2025-10-22 01:34:35.703713,90.3,90.45,130.12,17.19,87.77571407028401
2025-10-22 01:34:36.703712,50.73,20.04,122.46,58.41,58.405452276093065
2025-10-22 01:34:37.703711,149.91,95.86,235.46,140.28,146.65283344112734
2025-10-22 01:34:38.703711,57.62,38.33,54.36,149.88,65.26977315231149
2025-10-22 01:34:39.703710,92.89,33.26,209.75,84.08,96.39042722295255
2025-10-22 01:34:40.703709,64.0,47.64,132.54,31.16,69.84147039555526
2025-10-22 01:34:41.703709,99.57,59.58,123.18,148.68,96.3765600843367
2025-10-22 01:34:42.703708,78.11,43.88,159.75,54.79,80.8430793148855
2025-10-22 01:34:43.703707,83.36,44.49,111.85,120.56,79.81855302569585
2025-10-22 01:34:44.703707,81.13,30.45,140.72,100.32,77.44669723166568
2025-10-22 01:34:45.703706,67.06,62.25,63.28,64.72,62.99735529332652
2025-10-22 01:34:46.703706,74.02,71.23,79.23,88.71,77.06379844862938
2025-10-22 01:34:47.703705,73.37,98.84,59.44,22.84,71.83887952412492
2025-10-22 01:34:48.703704,165.26,98.75,290.07,94.87,155.49774612640698
2025-10-22 01:34:49.703704,101.37,42.7,148.63,143.81,94.61012698623642
2025-10-22 01:34:50.703703,87.3,68.53,107.83,104.48,87.45133194647723
2025-10-22 01:34:51.703703,70.46,23.1,139.52,87.91,70.93667488339423
2025-10-22 01:34:52.703702,68.87,80.14,73.99,18.43,65.97341637975468
2025-10-22 01:34:53.703702,125.53,32.69,283.12,127.75,126.861113192508
2025-10-22 01:34:54.703701,103.84,51.36,145.53,149.98,99.24174675810383
2025-10-22 01:34:55.703701,74.77,23.35,161.34,66.17,73.30251926786471
2025-10-22 01:34:56.703700,73.91,57.93,85.59,117.54,78.04940376203169
2025-10-22 01:34:57.703700,137.93,81.49,257.69,130.19,144.1367279515639
2025-10-22 01:34:58.703699,71.17,37.8,131.45,75.87,73.476805528553
2025-10-22 01:34:59.703699,146.7,79.27,290.93,63.95,139.85134526174767
2025-10-22 01:35:00.703698,140.3,98.65,221.2,140.42,143.78820519775977
2025-10-22 01:35:01.703697,93.85,63.85,140.24,136.74,101.27270352207762
2025-10-22 01:35:02.703697,75.44,75.88,92.7,34.39,72.64227492192671
2025-10-22 01:35:03.703696,111.92,59.75,196.97,128.55,114.65644150226058
2025-10-22 01:35:04.703696,139.17,71.76,256.88,81.91,129.41867132411357
2025-10-22 01:35:05.703695,111.88,77.28,165.05,111.18,110.37924915737946
2025-10-22 01:35:06.703695,81.8,38.78,150.86,74.75,79.58391682518132
2025-10-22 01:35:07.703694,115.08,44.76,226.17,131.88,116.59538552665919
2025-10-22 01:35:08.703694,109.26,92.6,151.23,78.65,107.42534283921142
2025-10-22 01:35:09.703693,112.92,44.68,207.4,135.56,111.64064910193714
2025-10-22 01:35:10.703693,59.98,29.4,102.31,69.98,59.33245432427177
2025-10-22 01:35:11.703692,91.54,85.85,102.4,96.4,92.88532760257961
2025-10-22 01:35:12.703692,89.33,28.45,249.76,47.54,98.75086599262282
2025-10-22 01:35:13.703691,70.87,35.47,128.68,29.9,62.334638040372504
2025-10-22 01:35:14.703690,57.25,21.57,106.03,99.22,62.34494126915401
2025-10-22 01:35:15.703690,71.76,44.19,124.44,70.87,73.57396429002947
2025-10-22 01:35:16.703689,84.23,23.12,163.1,133.48,87.10257235634006
2025-10-22 01:35:17.703689,59.69,82.07,68.89,31.3,67.96522918162474
2025-10-22 01:35:18.703688,91.51,63.21,139.98,68.67,87.33702996995584
2025-10-22 01:35:19.703688,88.84,83.62,129.43,112.23,103.04788530527154
2025-10-22 01:35:20.703687,96.34,73.75,81.43,134.39,88.07198070031338
2025-10-22 01:35:21.703687,107.61,71.62,217.61,18.1,104.8453667929053
2025-10-22 01:35:22.703686,111.45,82.76,155.01,86.71,105.23719666860156
2025-10-22 01:35:23.703686,99.05,22.53,253.9,54.66,98.44732527248642
2025-10-22 01:35:24.703685,112.26,67.49,231.43,52.44,113.76348351129796
2025-10-22 01:35:25.703685,135.99,88.28,270.17,46.61,134.67028656725304
2025-10-22 01:35:26.703684,136.69,95.62,198.01,129.71,133.1646695890672
2025-10-22 01:35:27.703684,105.93,77.75,165.71,91.33,106.86565796713228
2025-10-22 01:35:28.703683,124.13,80.6,201.05,116.9,124.0092553514349
2025-10-22 01:35:29.703682,80.51,35.17,115.93,138.18,79.88226084345516
2025-10-22 01:35:30.703682,74.97,49.48,145.33,26.82,73.74747113898385
2025-10-22 01:35:31.703681,57.35,21.09,159.94,20.41,62.64930352777338
2025-10-22 01:35:32.703681,134.86,81.21,204.53,145.56,131.06118486081866
2025-10-22 01:35:33.703680,49.31,43.84,66.02,55.18,52.70418564667131
2025-10-22 01:35:34.703680,101.51,31.41,219.61,47.6,91.17534419851842
2025-10-22 01:35:35.703679,52.15,52.53,58.34,78.11,59.30607110850861
2025-10-22 01:35:36.703679,68.64,98.75,54.92,25.84,71.03067493868991
2025-10-22 01:35:37.703678,108.99,68.14,169.44,59.94,96.93232724225129
2025-10-22 01:35:38.703678,92.46,52.56,129.94,126.06,90.39594565741814
2025-10-22 01:35:39.703677,101.34,43.98,194.67,113.44,103.0616000377338
2025-10-22 01:35:40.703677,93.77,91.45,139.27,66.55,100.84521247248944
2025-10-22 01:35:41.703676,86.57,34.95,182.96,96.69,91.6854203224909
2025-10-22 01:35:42.703675,116.31,37.42,260.17,67.07,110.25877468969904
2025-10-22 01:35:43.703675,66.95,44.05,113.17,59.21,67.79474144394328
2025-10-22 01:35:44.703674,113.82,63.46,248.24,40.49,114.4255635198989
2025-10-22 01:35:45.703674,100.87,38.37,210.87,86.04,99.67636168029605
2025-10-22 01:35:46.703673,157.71,80.71,296.33,132.91,155.9109186624008
2025-10-22 01:35:47.703673,67.74,53.56,115.43,33.49,68.12259860925137
2025-10-22 01:35:48.703672,126.29,58.95,236.47,128.97,126.2219301307561
2025-10-22 01:35:49.703672,115.23,85.68,185.36,68.55,112.21824270145062
2025-10-22 01:35:50.703671,127.15,90.91,232.76,49.57,125.32221162829256
2025-10-22 01:35:51.703671,91.27,49.65,109.81,142.18,86.0886591499843
2025-10-22 01:35:52.703670,66.07,79.69,65.13,10.3,61.465930850415674
2025-10-22 01:35:53.703670,83.56,22.42,231.51,18.75,84.51539891074336
2025-10-22 01:35:54.703669,79.34,58.96,135.91,60.9,82.43894877400099
2025-10-22 01:35:55.703669,105.66,34.66,245.84,30.61,97.3149355662124
2025-10-22 01:35:56.703668,103.46,38.49,212.77,117.17,106.49878406295885
2025-10-22 01:35:57.703667,52.95,22.46,87.31,42.83,45.945061793013295
2025-10-22 01:35:58.703667,107.36,89.4,130.99,93.34,102.65534458581007
2025-10-22 01:35:59.703666,87.74,36.27,198.18,17.62,81.20060933972287
2025-10-22 01:36:00.703666,111.58,52.16,293.84,31.41,120.67815803297512
2025-10-22 01:36:01.703665,90.46,54.66,163.95,26.13,81.80591855739301
2025-10-22 01:36:02.703665,94.78,73.59,123.86,130.2,99.92263862138887
2025-10-22 01:36:03.703664,127.76,44.06,271.09,122.99,127.98997475923684
2025-10-22 01:36:04.703664,107.56,70.23,220.58,64.55,114.28007770410858
2025-10-22 01:36:05.703663,93.67,81.7,127.34,68.59,92.77898066534087
2025-10-22 01:36:06.703663,131.1,66.98,283.52,70.75,132.8193556187327
2025-10-22 01:36:07.703662,87.91,49.98,142.3,101.33,87.90401981814408
2025-10-22 01:36:08.703662,120.17,93.07,196.88,61.83,118.04848178534887
2025-10-22 01:36:09.703661,99.63,23.71,270.55,45.93,102.31093862748966
2025-10-22 01:36:10.703661,105.3,31.41,279.25,31.62,105.93869859154725
2025-10-22 01:36:11.703660,97.26,61.1,127.3,123.17,93.30410407086174
2025-10-22 01:36:12.703659,60.34,38.01,130.34,16.12,61.365713127874656
2025-10-22 01:36:13.703659,121.91,72.32,251.57,68.74,125.48266022786117
2025-10-22 01:36:14.703658,136.02,77.84,292.04,25.66,131.85443180640618
2025-10-22 01:36:15.703658,123.83,53.77,260.73,39.03,113.03951456688989
2025-10-22 01:36:16.703657,124.21,30.1,270.42,149.75,126.11857100395049
2025-10-22 01:36:17.703657,117.13,70.46,210.63,96.32,117.7200786359864
2025-10-22 01:36:18.703656,66.97,22.08,114.62,89.52,63.25544107073565
2025-10-22 01:36:19.703656,56.07,28.66,69.94,96.21,54.44040668082704
2025-10-22 01:36:20.703655,143.5,63.25,298.96,115.06,144.40785310376066
2025-10-22 01:36:21.703655,111.02,26.01,280.63,49.18,107.141488003258
2025-10-22 01:36:22.703654,57.14,29.45,136.32,30.18,61.673649940017604
2025-10-22 01:36:23.703654,70.34,42.1,120.9,96.13,76.48571075294302
2025-10-22 01:36:24.703653,70.55,49.35,143.16,17.42,71.16021413887151
2025-10-22 01:36:25.703653,52.31,26.7,85.88,59.1,50.87396788684055
2025-10-22 01:36:26.703652,50.59,63.07,60.13,23.54,54.27105718558225
2025-10-22 01:36:27.703651,123.96,68.27,299.87,11.02,126.50555586533763
2025-10-22 01:36:28.703651,89.01,72.65,108.93,119.86,92.90423615021736
2025-10-22 01:36:29.703650,92.94,68.17,173.63,48.83,95.99839197880839
2025-10-22 01:36:30.703650,114.6,95.72,185.41,24.03,108.4079989271551
2025-10-22 01:36:31.703649,51.24,22.89,63.0,112.26,52.65472743831449
2025-10-22 01:36:32.703649,117.11,55.73,280.55,20.94,116.38598938551029
2025-10-22 01:36:33.703648,76.69,84.06,84.95,30.89,73.71160534254398
2025-10-22 01:36:34.703648,72.53,40.82,130.31,37.56,67.02773864393545
2025-10-22 01:36:35.703647,118.95,59.8,251.57,103.53,126.13090968367297
2025-10-22 01:36:36.703647,87.27,76.06,124.43,58.0,86.9729002634846
2025-10-22 01:36:37.703646,62.21,21.46,138.11,33.49,58.868769033958465
2025-10-22 01:36:38.703646,118.71,57.78,221.55,127.1,120.77575561768418
2025-10-22 01:36:39.703645,115.95,98.34,150.38,71.64,108.65032753451874
2025-10-22 01:36:40.703645,61.83,47.13,90.41,29.28,56.538378470386746
2025-10-22 01:36:41.703644,120.05,63.81,196.77,116.33,114.19947179363858
2025-10-22 01:36:42.703643,56.92,90.9,54.93,13.56,64.66009108471889
2025-10-22 01:36:43.703642,142.39,83.26,292.94,44.14,138.5147366566687
2025-10-22 01:36:44.703641,113.09,49.03,277.13,27.82,113.36983054939535
2025-10-22 01:36:45.703641,151.1,65.87,288.93,146.71,148.9969015516972
2025-10-22 01:36:46.703640,86.83,87.54,70.57,77.48,80.39385693736843
2025-10-22 01:36:47.703640,66.07,26.0,119.36,96.75,68.08241400072392
2025-10-22 01:36:48.703639,76.13,48.31,58.09,148.89,71.19323341789067
2025-10-22 01:36:49.703639,110.11,91.07,201.83,12.22,108.67008524148915
2025-10-22 01:36:50.703638,116.82,31.74,298.06,33.39,112.11450428458801
2025-10-22 01:36:51.703638,103.66,51.6,247.93,12.08,102.7426599222645
2025-10-22 01:36:52.703637,125.19,71.15,231.17,82.31,121.4584777405491
2025-10-22 01:36:53.703637,103.97,68.52,173.15,83.7,102.96380432187914
2025-10-22 01:36:54.703636,72.64,56.9,119.05,25.16,69.22778396993763
2025-10-22 01:36:55.703636,88.14,67.03,126.66,92.63,90.00806078656771
2025-10-22 01:36:56.703635,126.27,88.66,192.19,148.03,131.57136055792938
2025-10-22 01:36:57.703635,91.66,43.97,192.65,74.37,94.67915945802491
2025-10-22 01:36:58.703634,61.22,53.14,50.59,126.08,66.8198615403772
2025-10-22 01:36:59.703634,106.31,49.07,217.96,71.05,104.1870442362753
2025-10-22 01:37:00.703633,91.72,83.12,82.05,87.45,83.61639330171587
2025-10-22 01:37:01.703632,127.38,94.05,214.83,87.58,129.05996416952394
2025-10-22 01:37:02.703632,108.99,38.73,286.88,26.43,110.86793438279895
2025-10-22 01:37:03.703631,69.33,78.12,73.18,49.41,70.87899934225791
2025-10-22 01:37:04.703631,151.28,70.72,287.28,121.65,145.94592571497944
2025-10-22 01:37:05.703630,68.6,68.3,78.21,86.78,74.90571657407585
2025-10-22 01:37:06.703630,108.76,35.26,270.03,58.8,110.49849497033857
2025-10-22 01:37:07.703629,85.66,93.77,100.25,76.17,92.1820105396244
2025-10-22 01:37:08.703629,111.61,47.73,174.16,146.83,105.40995722526107
2025-10-22 01:37:09.703628,54.54,64.62,69.62,32.8,59.74369391414265
2025-10-22 01:37:10.703628,104.05,40.41,179.82,133.03,100.70219971482457
2025-10-22 01:37:11.703627,114.44,79.18,208.55,34.45,109.15762739238622
2025-10-22 01:37:12.703627,84.55,88.15,86.82,133.78,96.78403939750204
2025-10-22 01:37:13.703626,93.63,94.77,79.92,137.58,98.77951572988832
2025-10-22 01:37:14.703626,79.85,64.45,83.46,97.99,76.78617480205298
2025-10-22 01:37:15.703625,135.17,54.69,222.59,139.22,121.95133504720005
2025-10-22 01:37:16.703625,132.36,61.85,293.15,93.18,137.60766882786578
2025-10-22 01:37:17.703624,133.32,56.91,270.4,97.75,129.1986156698506
2025-10-22 01:37:18.703623,72.99,76.76,106.11,22.81,74.8141907067627
2025-10-22 01:37:19.703623,97.52,68.18,139.97,103.94,96.8372006853758
2025-10-22 01:37:20.703622,112.02,85.55,231.11,15.73,115.41172797569934
2025-10-22 01:37:21.703622,140.01,67.8,258.71,137.63,139.06681818292526
2025-10-22 01:37:22.703621,115.63,62.08,278.36,21.46,119.01084636304151
2025-10-22 01:37:23.703621,108.15,22.74,251.12,112.82,109.2823524092425
2025-10-22 01:37:24.703620,112.64,30.92,248.01,121.2,114.11006449565907
2025-10-22 01:37:25.703620,100.8,27.7,178.32,146.16,96.49657704932902
2025-10-22 01:37:26.703619,102.31,62.81,204.68,59.32,104.74072613989578
2025-10-22 01:37:27.703619,106.24,44.99,271.54,37.49,111.58792157341382
2025-10-22 01:37:28.703618,54.58,21.2,79.66,102.38,54.85527618871159
2025-10-22 01:37:29.703618,102.01,56.68,253.26,15.84,107.63800891406986
2025-10-22 01:37:30.703617,106.0,52.52,235.55,54.65,107.94499663184524
2025-10-22 01:37:31.703617,78.42,50.18,188.13,37.06,89.00980826379178
2025-10-22 01:37:32.703616,104.67,92.06,106.13,132.59,104.31457192961676
2025-10-22 01:37:33.703616,55.63,35.73,78.5,101.81,61.66998701029443
2025-10-22 01:37:34.703615,123.52,39.68,256.55,106.9,118.22255813166892
2025-10-22 01:37:35.703615,101.78,79.36,176.94,61.74,105.16576863127396
2025-10-22 01:37:36.703614,105.97,29.76,260.13,59.38,104.88110983252284
2025-10-22 01:37:37.703613,103.28,96.44,139.87,56.64,101.55405767457405
2025-10-22 01:37:38.703613,79.12,35.24,185.81,74.24,88.22343287025268
2025-10-22 01:37:39.703612,80.69,86.51,58.06,93.22,79.24485033728541
2025-10-22 01:37:40.703612,103.48,40.1,233.46,69.32,104.01338298196231
2025-10-22 01:37:41.703611,115.65,73.09,206.05,90.71,116.54382378252988
2025-10-22 01:37:42.703611,50.86,20.94,108.21,91.15,61.080357662621175
2025-10-22 01:37:43.703610,83.97,50.26,122.03,96.11,80.90841916022995
2025-10-22 01:37:44.703610,93.25,47.55,130.96,132.37,89.44849801414962
2025-10-22 01:37:45.703609,101.29,71.12,197.06,63.81,107.50322500611027
2025-10-22 01:37:46.703609,100.71,82.69,189.77,55.12,109.37661687134002
2025-10-22 01:37:47.703608,66.54,44.27,77.59,117.23,68.73984326094399
2025-10-22 01:37:48.703607,107.61,27.56,258.82,96.11,110.68962054082078
2025-10-22 01:37:49.703607,80.49,26.14,204.3,25.8,79.59502011698694
2025-10-22 01:37:50.703606,117.6,77.32,181.41,129.78,119.01973581910966
2025-10-22 01:37:51.703606,114.43,31.7,281.06,91.09,118.45509995185195
2025-10-22 01:37:52.703605,115.47,77.27,233.09,55.09,119.68794718824871
2025-10-22 01:37:53.703605,99.79,24.52,252.37,64.25,100.89085017886214
2025-10-22 01:37:54.703604,108.63,24.15,240.66,116.88,107.6492825982134
2025-10-22 01:37:55.703604,116.02,20.49,299.96,81.5,116.61929274090735
2025-10-22 01:37:56.703603,89.53,68.56,148.29,18.48,82.5351475386304
2025-10-22 01:37:57.703603,101.97,52.81,198.4,99.92,105.91729550212757
2025-10-22 01:37:58.703602,96.26,79.86,107.36,93.9,90.8802982994845
2025-10-22 01:37:59.703602,81.34,48.42,176.72,46.19,86.5115901961199
2025-10-22 01:38:00.703601,116.78,72.3,174.63,145.28,117.54843208456879
2025-10-22 01:38:01.703601,79.25,97.74,84.2,24.01,78.9690958024348
2025-10-22 01:38:02.703600,66.03,21.64,173.8,39.95,70.98008297284044
2025-10-22 01:38:03.703599,100.09,83.42,166.66,62.87,104.33135780347126
2025-10-22 01:38:04.703599,126.03,35.24,290.33,103.7,125.52440872575755
2025-10-22 01:38:05.703598,128.19,85.77,253.08,77.22,134.35943604303145
2025-10-22 01:38:06.703598,135.39,95.61,217.79,99.03,133.0087359504025
2025-10-22 01:38:07.703597,128.72,88.44,212.34,93.11,126.60100397828626
2025-10-22 01:38:08.703597,85.26,34.78,163.75,64.31,79.38207415642317
2025-10-22 01:38:09.703596,133.95,61.53,262.82,123.69,134.39080779310524
2025-10-22 01:38:10.703596,121.3,67.04,274.65,29.32,121.94198706842394
2025-10-22 01:38:11.703595,89.68,41.45,120.88,137.37,84.35546324910484
2025-10-22 01:38:12.703595,120.45,21.12,281.62,117.19,118.5152563741984
2025-10-22 01:38:13.703594,100.59,96.13,146.46,54.26,102.90793905418512
2025-10-22 01:38:14.703594,79.58,67.43,112.91,33.31,74.2751983798782
2025-10-22 01:38:15.703593,130.31,91.21,181.55,144.72,128.98942994663543
2025-10-22 01:38:16.703592,157.56,84.43,299.55,129.27,158.01877792956972
2025-10-22 01:38:17.703592,144.93,78.81,273.16,112.11,143.85275883608415
2025-10-22 01:38:18.703591,79.92,27.21,142.39,104.58,77.17357221978354
2025-10-22 01:38:19.703591,82.19,74.79,115.72,47.09,81.54700767590614
2025-10-22 01:38:20.703590,121.55,47.67,269.47,87.19,122.19115773637772
2025-10-22 01:38:21.703590,102.54,47.23,229.55,43.88,101.34885738173267
2025-10-22 01:38:22.703589,85.56,22.95,157.96,115.89,81.97310205145286
2025-10-22 01:38:23.703589,64.59,52.78,117.93,16.68,65.1410508690675
2025-10-22 01:38:24.703588,95.9,50.96,178.41,52.42,89.5310341680851
2025-10-22 01:38:25.703588,81.4,54.93,168.31,68.76,91.73047634393043
2025-10-22 01:38:26.703587,99.88,22.91,284.84,24.23,101.89364922611264
2025-10-22 01:38:27.703587,75.97,63.21,131.97,48.95,81.0057414278472
2025-10-22 01:38:28.703586,68.03,42.77,92.56,99.62,68.98990545952917
2025-10-22 01:38:29.703586,97.82,87.31,202.5,18.93,108.32292999017608
2025-10-22 01:38:30.703585,88.55,50.98,158.71,67.86,86.6852973244009
2025-10-22 01:38:31.703585,83.75,91.77,83.87,32.5,77.56827042850722
2025-10-22 01:38:32.703584,106.23,40.99,259.47,42.76,107.00167516039512
2025-10-22 01:38:33.703584,46.27,29.02,82.96,64.82,52.294999482662014
2025-10-22 01:38:34.703583,116.19,39.76,217.66,142.88,113.71876442753677
2025-10-22 01:38:35.703583,108.67,63.25,168.28,137.95,109.64799747232367
2025-10-22 01:38:36.703582,127.71,69.31,214.99,88.98,116.99603883605835
2025-10-22 01:38:37.703581,69.58,48.19,57.54,136.09,68.42217235589253
2025-10-22 01:38:38.703581,113.06,74.25,203.15,45.49,107.25958772344528
2025-10-22 01:38:39.703580,147.77,67.25,286.57,124.84,144.62885603284766
2025-10-22 01:38:40.703580,90.3,52.49,190.82,48.48,93.24701162284205
2025-10-22 01:38:41.703579,127.04,49.91,247.55,95.73,118.41723664896068
2025-10-22 01:38:42.703579,86.68,57.21,159.58,69.49,90.39132572338178
2025-10-22 01:38:43.703578,137.02,89.68,255.56,95.65,140.72885302511145
2025-10-22 01:38:44.703578,56.82,44.66,50.05,148.2,66.80935340762059
2025-10-22 01:38:45.703577,101.85,79.69,152.89,79.57,101.64198927834997
2025-10-22 01:38:46.703577,98.07,88.8,149.92,13.69,92.20966587568485
2025-10-22 01:38:47.703576,115.76,87.31,138.12,137.44,112.52357305580828
2025-10-22 01:38:48.703576,111.33,69.78,250.2,21.45,114.3939698767146
2025-10-22 01:38:49.703575,96.58,26.73,204.2,107.37,96.08206985516071
2025-10-22 01:38:50.703575,34.03,20.19,74.12,10.69,34.44867853314372
2025-10-22 01:38:51.703574,63.19,31.22,90.41,94.54,61.54832369207655
2025-10-22 01:38:52.703573,116.23,77.81,174.22,89.8,109.15146900712703
2025-10-22 01:38:53.703573,119.68,75.94,189.79,37.96,102.58947680376536
2025-10-22 01:38:54.703572,78.41,45.7,135.16,71.2,77.62069467423478
2025-10-22 01:38:55.703572,86.09,77.43,64.26,131.56,84.18704805320175
2025-10-22 01:38:56.703571,113.82,78.15,207.17,70.41,115.37792027415522
2025-10-22 01:38:57.703571,116.84,54.69,286.85,20.4,117.65294385497961
2025-10-22 01:38:58.703570,139.9,63.3,274.77,138.5,141.81737461095025
2025-10-22 01:38:59.703570,116.51,43.62,206.65,138.38,111.44495958219251
2025-10-22 01:39:00.703569,136.17,83.07,264.11,54.7,131.84681012649577
2025-10-22 01:39:01.703569,82.41,49.69,148.04,104.14,90.04433939914206
2025-10-22 01:39:02.703568,83.31,87.71,97.04,24.37,77.87999393564554
2025-10-22 01:39:03.703568,95.63,20.17,247.51,54.45,95.30133213364367
2025-10-22 01:39:04.703567,83.32,56.13,73.34,128.09,75.56085100742507
2025-10-22 01:39:05.703567,109.62,86.28,129.57,131.41,108.2364859493238
2025-10-22 01:39:06.703566,81.1,48.21,115.52,88.49,76.40797324332846
2025-10-22 01:39:07.703566,67.3,81.14,53.47,97.62,76.04963360897811
2025-10-22 01:39:08.703565,95.99,28.95,204.34,112.4,98.23632743398348
2025-10-22 01:39:09.703564,106.4,34.53,243.51,102.27,110.79976795666667
2025-10-22 01:39:10.703564,130.03,89.77,195.01,139.94,131.36676807384944
2025-10-22 01:39:11.703563,94.98,30.24,237.49,34.48,93.35899936431508
2025-10-22 01:39:12.703563,114.52,47.87,249.95,94.34,117.8411046943843
2025-10-22 01:39:13.703562,115.46,75.49,194.21,115.27,119.06822265953545
2025-10-22 01:39:14.703562,76.87,61.16,147.59,13.75,77.67780128886626
2025-10-22 01:39:15.703561,99.25,56.71,148.18,132.91,99.32368987414948
2025-10-22 01:39:16.703561,77.57,25.82,175.47,22.79,70.16335035422928
2025-10-22 01:39:17.703560,98.94,95.4,85.18,117.83,96.74974321968638
2025-10-22 01:39:18.703560,78.64,66.94,78.88,50.17,67.14559546899056
2025-10-22 01:39:19.703559,120.12,44.76,270.85,88.34,121.37758749693339
2025-10-22 01:39:20.703559,65.01,53.91,110.82,32.88,66.7897711314315
2025-10-22 01:39:21.703558,100.09,90.59,123.09,108.79,103.94731114639237
2025-10-22 01:39:22.703558,130.74,83.5,196.67,118.56,124.47415781682352
2025-10-22 01:39:23.703557,104.09,75.85,135.69,135.47,105.66131325830435
2025-10-22 01:39:24.703556,104.35,26.97,277.81,52.64,107.46203563257217
2025-10-22 01:39:25.703556,60.07,67.45,68.17,56.77,65.49169855179532
2025-10-22 01:39:26.703555,97.85,41.61,241.22,26.53,98.59449016728858
2025-10-22 01:39:27.703555,120.95,45.91,245.99,104.87,117.76228954901175
2025-10-22 01:39:28.703554,106.34,29.97,239.29,107.2,108.22692703501991
2025-10-22 01:39:29.703554,114.8,57.81,223.31,76.99,111.35497014220167
2025-10-22 01:39:30.703553,128.78,61.73,248.19,127.17,130.78194906683677
2025-10-22 01:39:31.703553,111.26,70.94,220.42,48.52,111.39968269801635
2025-10-22 01:39:32.703552,98.06,37.76,178.12,95.28,91.3563443044255
2025-10-22 01:39:33.703552,95.87,73.76,141.19,47.91,88.85626460428755
2025-10-22 01:39:34.703551,119.98,48.41,281.16,91.78,126.99122885049223
2025-10-22 01:39:35.703551,65.58,52.37,87.72,69.83,66.41758082049603
2025-10-22 01:39:36.703550,38.57,26.38,69.67,45.82,43.19634996539772
2025-10-22 01:39:37.703550,119.86,90.53,176.99,89.87,116.36920352286228
2025-10-22 01:39:38.703549,90.14,37.77,152.5,105.73,85.73235921172031
2025-10-22 01:39:39.703549,84.94,66.22,110.86,110.05,88.31361662209694
2025-10-22 01:39:40.703548,125.6,91.63,186.46,134.16,128.57678938754364
2025-10-22 01:39:41.703547,127.03,80.67,264.7,53.73,130.62940971385777
2025-10-22 01:39:42.703547,124.82,98.95,201.03,64.13,122.69917117654133
2025-10-22 01:39:43.703546,122.09,77.66,246.07,43.63,121.50896645934091
2025-10-22 01:39:44.703546,129.95,97.57,210.05,76.25,127.13175694378228
2025-10-22 01:39:45.703545,121.14,35.98,262.04,118.82,120.39153483736702
2025-10-22 01:39:46.703545,94.74,27.89,181.5,91.02,86.58279197397721
2025-10-22 01:39:47.703544,148.75,83.63,260.89,131.01,146.3342135081847
2025-10-22 01:39:48.703544,87.11,74.68,91.16,99.43,84.5123697633554
2025-10-22 01:39:49.703543,109.12,78.53,158.45,102.19,107.2320108082722
2025-10-22 01:39:50.703543,58.7,34.03,80.49,117.02,64.4420027593865
2025-10-22 01:39:51.703542,111.7,50.86,279.68,65.79,122.60446040086796
2025-10-22 01:39:52.703542,116.23,63.02,200.9,101.82,112.16065799814565
2025-10-22 01:39:53.703541,114.64,55.6,262.92,49.4,116.67709657618197
2025-10-22 01:39:54.703541,53.18,35.88,76.44,58.95,52.601936938071134
2025-10-22 01:39:55.703540,105.26,64.26,150.77,134.97,104.29374439953403
2025-10-22 01:39:56.703539,115.49,83.33,202.01,96.71,121.65016706440878
2025-10-22 01:39:57.703539,110.44,24.81,276.25,64.67,108.30333899336767
2025-10-22 01:39:58.703538,97.97,32.87,271.28,27.69,103.49077334969273
2025-10-22 01:39:59.703538,77.23,65.34,67.8,129.12,78.711730171469
2025-10-22 01:40:00.703537,80.44,56.23,158.0,24.88,80.5537184452041
2025-10-22 01:40:01.703537,82.72,20.36,171.97,111.98,84.1129578022041
2025-10-22 01:40:02.703536,107.53,37.35,205.08,139.82,108.11884395607716
2025-10-22 01:40:03.703536,143.84,82.39,226.42,114.82,132.124046697239
2025-10-22 01:40:04.703535,119.02,55.86,238.23,76.12,114.69366515919972
2025-10-22 01:40:05.703535,88.11,88.19,130.21,31.22,89.46103308886426
2025-10-22 01:40:06.703534,117.63,34.13,236.91,133.93,114.91013913738229
2025-10-22 01:40:07.703533,110.19,24.48,266.37,101.17,112.42457890188949
2025-10-22 01:40:08.703533,100.9,50.87,201.69,95.21,104.99874041787622
2025-10-22 01:40:09.703532,66.24,52.47,51.84,70.5,55.80726885571826
2025-10-22 01:40:10.703532,97.44,46.34,222.79,30.03,96.11521865542278
2025-10-22 01:40:11.703531,89.57,56.77,109.81,130.77,87.38546968441817
2025-10-22 01:40:12.703531,116.54,63.02,294.97,23.35,124.85420381063673
2025-10-22 01:40:13.703530,141.16,77.59,226.06,131.13,132.85531069199828
2025-10-22 01:40:14.703530,97.54,81.61,107.88,144.14,101.9042927684962
2025-10-22 01:40:15.703529,126.5,67.63,222.44,134.27,127.40252354255412
2025-10-22 01:40:16.703529,148.99,98.46,246.31,123.84,147.9495606526053
2025-10-22 01:40:17.703528,85.62,46.4,196.73,49.79,92.23537045850436
2025-10-22 01:40:18.703528,120.46,72.83,278.43,20.66,124.25670559815748
2025-10-22 01:40:19.703527,99.65,85.95,166.19,39.57,100.82344409754839
2025-10-22 01:40:20.703527,113.57,87.19,140.89,123.06,110.43704316487862
2025-10-22 01:40:21.703526,54.55,66.5,60.26,45.55,60.405082538443104
2025-10-22 01:40:22.703525,86.85,90.7,100.79,50.7,85.7417540039568
2025-10-22 01:40:23.703525,85.47,79.04,58.53,127.76,82.51394993940409
2025-10-22 01:40:24.703524,95.44,27.86,251.47,53.6,100.17492888550215
2025-10-22 01:40:25.703524,75.9,36.58,153.47,71.3,78.58115831701674
2025-10-22 01:40:26.703523,107.25,60.76,196.41,107.58,110.82355756430118
2025-10-22 01:40:27.703523,84.96,47.29,148.8,56.41,79.57902241368868
2025-10-22 01:40:28.703522,123.3,66.47,259.12,61.09,123.30271703758835
2025-10-22 01:40:29.703522,129.11,59.82,246.14,132.47,130.26267447187604
2025-10-22 01:40:30.703521,115.98,40.18,268.24,64.85,113.62723778893127
2025-10-22 01:40:31.703521,36.05,28.41,51.45,38.79,37.33394002439341
2025-10-22 01:40:32.703520,131.95,92.52,241.66,48.48,128.5891292457002
2025-10-22 01:40:33.703520,115.85,22.07,273.32,104.29,113.92879262472466
2025-10-22 01:40:34.703519,111.03,31.91,259.56,67.7,107.44099800909946
2025-10-22 01:40:35.703519,111.96,67.86,204.06,58.7,106.96009489383323
2025-10-22 01:40:36.703518,152.31,89.29,266.49,135.86,151.8180313355449
2025-10-22 01:40:37.703518,97.7,69.47,116.39,133.69,96.30610777801499
2025-10-22 01:40:38.703517,101.33,74.83,194.56,10.33,97.97378167412383
2025-10-22 01:40:39.703516,108.42,69.69,201.36,104.02,116.07706647582803
2025-10-22 01:40:40.703516,77.5,64.76,83.38,98.34,76.98696896897361
2025-10-22 01:40:41.703515,89.16,80.67,106.23,104.82,93.11767128237324
2025-10-22 01:40:42.703515,115.56,89.99,184.33,63.04,112.97119705145991
2025-10-22 01:40:43.703514,110.69,65.0,170.04,113.16,106.12396726929907
2025-10-22 01:40:44.703514,63.95,20.58,86.49,90.61,54.25873090484313
2025-10-22 01:40:45.703513,134.88,78.68,293.96,32.26,134.1652400775426
2025-10-22 01:40:46.703513,87.5,98.22,50.82,71.14,78.5405598929384
2025-10-22 01:40:47.703512,54.64,87.65,54.93,12.7,62.86137542371396
2025-10-22 01:40:48.703511,100.47,28.21,277.76,38.15,105.1864264274921
2025-10-22 01:40:49.703511,133.65,66.0,289.4,59.33,131.82633147463065
2025-10-22 01:40:50.703510,94.71,40.83,221.99,42.84,95.66249449411535
2025-10-22 01:40:51.703510,62.95,21.47,137.68,14.83,55.03354952430586
2025-10-22 01:40:52.703509,101.45,73.32,103.25,124.79,92.51151712865585
2025-10-22 01:40:53.703509,116.52,82.89,178.02,103.11,115.48574146784456
2025-10-22 01:40:54.703508,104.73,51.21,239.31,38.76,105.26000939926243
2025-10-22 01:40:55.703508,106.26,95.94,117.27,109.77,105.07082149466504
2025-10-22 01:40:56.703507,71.34,49.58,129.96,30.79,69.96336364624536
2025-10-22 01:40:57.703507,106.06,42.91,250.18,76.21,111.8207175705903
2025-10-22 01:40:58.703506,70.89,26.28,161.74,17.86,65.2829722019348
2025-10-22 01:40:59.703506,105.46,64.57,148.83,144.52,105.76458574236214
2025-10-22 01:41:00.703505,73.99,89.85,103.41,44.49,84.86924583269334
2025-10-22 01:41:01.703505,55.1,36.67,102.11,16.84,52.345471688818385
2025-10-22 01:41:02.703504,130.28,59.56,268.44,115.88,133.54166232334063
2025-10-22 01:41:03.703503,115.06,47.88,210.69,122.19,111.57415247178416
2025-10-22 01:41:04.703503,125.77,66.07,298.33,14.21,125.57485154677462
2025-10-22 01:41:05.703502,114.2,23.38,298.16,35.86,108.44887237099779
2025-10-22 01:41:06.703502,77.88,26.39,196.74,63.52,84.94727492801485
2025-10-22 01:41:07.703501,96.85,55.73,191.25,35.46,92.40978951314673
2025-10-22 01:41:08.703501,97.8,94.83,129.92,64.99,99.41505279949835
2025-10-22 01:41:09.703500,147.18,77.62,287.39,105.63,146.2488646308987
2025-10-22 01:41:10.703500,45.42,42.68,71.85,45.83,52.01762754021468
2025-10-22 01:41:11.703499,140.25,71.64,289.48,93.03,141.37690855264051
2025-10-22 01:41:12.703499,103.63,21.2,218.93,125.78,101.40481611527782
2025-10-22 01:41:13.703498,65.02,41.19,147.68,26.66,70.27073336419554
2025-10-22 01:41:14.703498,94.66,59.32,159.79,84.19,94.43460144477606
2025-10-22 01:41:15.703497,88.73,65.08,159.66,56.51,91.77560056068157
2025-10-22 01:41:16.703497,109.79,24.4,225.21,107.83,101.32697476906037
2025-10-22 01:41:17.703496,84.23,47.68,128.24,87.38,79.74829789284293
2025-10-22 01:41:18.703495,99.66,67.82,186.51,63.69,102.65291604385241
2025-10-22 01:41:19.703495,118.87,71.0,252.66,22.8,116.01348282705717
2025-10-22 01:41:20.703494,64.91,68.45,69.35,57.66,66.52449302418302
2025-10-22 01:41:21.703494,128.43,95.72,218.28,126.06,138.58662756524396
2025-10-22 01:41:22.703493,91.24,21.44,232.98,41.39,88.96916849268065
2025-10-22 01:41:23.703493,77.97,72.09,50.25,128.67,76.72332937572921
2025-10-22 01:41:24.703492,73.65,38.88,141.91,63.55,74.71428802508575
2025-10-22 01:41:25.703492,58.61,35.91,80.12,42.66,50.48444536971476
2025-10-22 01:41:26.703491,65.2,54.5,104.36,29.11,64.39219203537886
2025-10-22 01:41:27.703491,102.59,93.26,109.06,82.02,95.74024185052234
2025-10-22 01:41:28.703490,58.43,25.76,96.44,93.93,60.50647684968318
2025-10-22 01:41:29.703490,101.82,21.7,247.92,47.2,94.74914551878874
2025-10-22 01:41:30.703489,138.8,69.2,264.22,117.48,137.41834223451443
2025-10-22 01:41:31.703489,84.57,88.58,104.1,65.35,88.58914654284438
2025-10-22 01:41:32.703488,128.84,73.24,218.63,130.08,128.23276288057704
2025-10-22 01:41:33.703488,125.72,91.37,225.53,63.67,126.18165602777587
2025-10-22 01:41:34.703487,85.91,25.17,210.25,12.96,78.3456698310693
2025-10-22 01:41:35.703487,68.52,22.1,142.05,54.37,64.52691205739222
2025-10-22 01:41:36.703486,73.74,91.34,90.27,14.14,75.62698858555757
2025-10-22 01:41:37.703485,39.81,36.19,54.57,23.94,39.21576862990966
2025-10-22 01:41:38.703485,64.5,38.08,138.53,61.59,72.90705338399175
2025-10-22 01:41:39.703484,118.61,33.39,255.05,125.82,118.38369241759105
2025-10-22 01:41:40.703484,121.19,90.77,173.88,91.85,115.94759151609713
2025-10-22 01:41:41.703483,92.26,68.39,99.17,112.82,86.43462033261208
2025-10-22 01:41:42.703483,115.55,77.76,161.09,148.8,116.90978104037035
2025-10-22 01:41:43.703482,112.54,80.78,121.14,115.43,99.76806470656612
2025-10-22 01:41:44.703482,110.16,32.88,238.16,98.15,107.54464837536405
2025-10-22 01:41:45.703481,68.36,43.16,97.45,122.47,75.20039579727984
2025-10-22 01:41:46.703481,79.32,29.83,130.02,91.98,72.25878899409014
2025-10-22 01:41:47.703480,72.14,95.12,79.5,29.66,77.36664855788703
2025-10-22 01:41:48.703480,70.1,55.21,61.75,111.38,68.29043615205718
2025-10-22 01:41:49.703479,69.47,87.3,58.79,81.19,77.46772773792439
2025-10-22 01:41:50.703479,109.67,79.28,212.69,49.84,113.51370469633966
2025-10-22 01:41:51.703478,96.94,81.11,66.96,145.33,89.58073261086578
2025-10-22 01:41:52.703477,87.85,71.34,114.06,79.6,85.78497292041288
2025-10-22 01:41:53.703477,62.01,22.24,150.05,10.9,58.35885371700749
2025-10-22 01:41:54.703476,80.98,94.55,52.6,73.67,77.74112866891511
2025-10-22 01:41:55.703476,110.03,97.6,146.28,72.1,107.13780784540384
2025-10-22 01:41:56.703475,77.62,25.63,175.85,78.64,81.28927203201258
2025-10-22 01:41:57.703475,119.68,43.91,298.76,26.83,117.11558057445045
2025-10-22 01:41:58.703474,77.07,24.16,180.34,17.79,69.80266036311394
2025-10-22 01:41:59.703474,122.07,78.6,192.78,148.96,126.89547025470014
2025-10-22 01:42:00.703473,74.76,66.89,81.72,63.31,70.58802238971764
2025-10-22 01:42:01.703473,76.98,55.32,149.87,40.29,80.71680256809495
2025-10-22 01:42:02.703472,106.5,28.86,242.06,82.53,103.59822855090113
2025-10-22 01:42:03.703472,100.69,40.63,218.45,98.16,105.49877014091413
2025-10-22 01:42:04.703471,109.44,21.83,285.28,96.54,115.86524750364488
2025-10-22 01:42:05.703471,106.4,58.59,219.85,88.54,113.0016804652733
2025-10-22 01:42:06.703470,54.91,44.6,95.16,42.29,59.287477998463025
2025-10-22 01:42:07.703470,118.68,62.49,205.59,125.43,118.00136134562014
2025-10-22 01:42:08.703469,59.38,49.18,84.7,80.76,66.08507137780987
2025-10-22 01:42:09.703468,70.24,65.91,108.56,43.65,74.26164032654388
2025-10-22 01:42:10.703468,80.3,65.77,116.54,52.78,78.40777854037387
2025-10-22 01:42:11.703467,146.42,73.78,274.65,100.91,139.5545081761918
2025-10-22 01:42:12.703467,94.27,59.62,139.09,96.15,90.73621047808852
2025-10-22 01:42:13.703466,108.86,65.41,203.9,83.37,110.5910032799116
2025-10-22 01:42:14.703466,95.97,95.41,154.04,33.94,100.78661105917813
2025-10-22 01:42:15.703465,149.89,63.77,295.63,139.97,148.62032907936668
2025-10-22 01:42:16.703465,104.88,90.23,144.05,61.01,100.5704236470926
2025-10-22 01:42:17.703464,84.77,21.54,231.25,46.11,89.43747818018755
2025-10-22 01:42:18.703464,39.7,34.52,73.97,47.43,48.88681464300227
2025-10-22 01:42:19.703463,55.25,58.04,58.13,66.43,59.67968161280955
2025-10-22 01:42:20.703463,88.05,37.55,177.6,64.72,85.01734192720407
2025-10-22 01:42:21.703462,96.64,32.45,238.27,74.5,102.65916061481067
2025-10-22 01:42:22.703461,87.18,21.05,220.52,108.38,98.34770607472832
2025-10-22 01:42:23.703460,114.8,28.09,223.01,148.19,110.53951434600027
2025-10-22 01:42:24.703459,64.86,21.14,126.62,58.27,60.179957111069044
2025-10-22 01:42:25.703459,83.68,54.71,113.61,148.36,90.99498785082346
2025-10-22 01:42:26.703458,121.26,81.25,250.91,24.22,120.90291148267417
2025-10-22 01:42:27.703458,90.45,57.61,125.77,103.34,87.15240443912617
2025-10-22 01:42:28.703457,73.08,53.76,123.46,44.29,72.78616865048599
2025-10-22 01:42:29.703457,107.74,62.96,230.43,41.15,108.9486918150128
2025-10-22 01:42:30.703456,101.64,20.37,285.31,20.61,100.04303425176936
2025-10-22 01:42:31.703456,152.42,95.48,282.64,88.29,150.3163532401873
2025-10-22 01:42:32.703455,97.5,92.93,75.09,73.02,83.56610033088918
2025-10-22 01:42:33.703455,126.36,67.64,291.58,92.01,139.80248797822668
2025-10-22 01:42:34.703454,112.41,79.53,162.6,142.4,116.97773920812473
2025-10-22 01:42:35.703454,52.22,44.53,73.07,21.84,48.540328275779174
2025-10-22 01:42:36.703453,144.7,72.35,277.53,125.14,144.52326976944192
2025-10-22 01:42:37.703453,89.54,20.23,244.85,50.39,93.72378152815246
2025-10-22 01:42:38.703452,88.88,86.14,105.63,55.61,85.8904190953995
2025-10-22 01:42:39.703452,64.12,28.54,126.64,60.04,64.24409309195224
2025-10-22 01:42:40.703451,78.84,61.57,150.41,39.76,83.90402055790915
2025-10-22 01:42:41.703450,100.49,76.77,139.08,127.56,105.56883055587029
2025-10-22 01:42:42.703450,71.94,54.74,95.79,50.07,66.10258048459771
2025-10-22 01:42:43.703449,103.03,41.5,262.8,49.42,109.58330705274653
2025-10-22 01:42:44.703449,149.46,96.91,239.13,138.36,147.90090753838192
2025-10-22 01:42:45.703448,143.01,73.04,243.4,127.67,135.10478554790154
2025-10-22 01:42:46.703448,88.13,31.97,181.33,104.6,91.27565209606195
2025-10-22 01:42:47.703447,71.33,31.57,101.89,136.81,73.58323625050448
2025-10-22 01:42:48.703447,134.52,89.02,224.7,106.94,133.36003430556212
2025-10-22 01:42:49.703446,110.84,77.52,141.98,96.82,100.70365122829678
2025-10-22 01:42:50.703446,60.44,39.9,80.7,71.41,58.37467459254581
2025-10-22 01:42:51.703445,151.58,81.22,286.82,105.93,147.9400331572668
2025-10-22 01:42:52.703445,98.91,41.12,246.52,25.92,99.82215303934171
2025-10-22 01:42:53.703444,43.32,49.0,54.36,41.42,49.04440410323725
2025-10-22 01:42:54.703444,112.05,73.29,192.81,82.58,111.0442583412877
2025-10-22 01:42:55.703443,24.86,29.42,57.62,10.39,34.048027382922484
2025-10-22 01:42:56.703443,46.42,29.31,107.29,17.22,50.293229606509215
2025-10-22 01:42:57.703442,79.9,43.05,137.89,124.99,87.81185414134154
2025-10-22 01:42:58.703441,150.17,95.06,279.12,81.07,147.61127293495758
2025-10-22 01:42:59.703441,98.03,83.38,128.64,97.32,99.72491571065981
2025-10-22 01:43:00.703440,71.46,74.05,53.15,25.68,58.0959548427113
2025-10-22 01:43:01.703440,135.6,76.72,243.75,132.48,138.00967382376504
2025-10-22 01:43:02.703439,97.0,92.32,125.79,67.86,97.48631498358627
2025-10-22 01:43:03.703439,136.76,95.23,200.7,137.3,135.28797513159074
2025-10-22 01:43:04.703438,162.35,90.2,283.77,131.72,156.6487447025993
2025-10-22 01:43:05.703438,103.74,76.84,125.75,105.99,97.3043003542235
2025-10-22 01:43:06.703437,89.69,59.63,154.52,104.2,96.98384916650528
2025-10-22 01:43:07.703437,81.24,61.22,162.99,44.13,88.38217390763108
2025-10-22 01:43:08.703436,92.14,47.01,133.72,110.83,85.7247190700885
2025-10-22 01:43:09.703436,86.96,95.09,97.8,16.41,80.22174117545063
2025-10-22 01:43:10.703435,77.87,38.44,134.61,91.38,77.83238435621962
2025-10-22 01:43:11.703435,78.93,57.66,132.24,49.49,78.41476040919325
2025-10-22 01:43:12.703434,95.7,57.05,216.48,52.92,104.13295254908338
2025-10-22 01:43:13.703434,53.82,23.07,63.85,91.65,48.90191370257663
2025-10-22 01:43:14.703433,104.55,23.51,243.26,74.38,99.65902025955522
2025-10-22 01:43:15.703433,143.78,54.5,295.44,136.46,143.2224753333823
2025-10-22 01:43:16.703432,91.98,60.46,199.32,25.82,95.28928392541235
2025-10-22 01:43:17.703431,115.77,68.93,282.21,10.46,121.41214927714867
2025-10-22 01:43:18.703431,89.01,68.81,184.65,30.87,96.0623586926277
2025-10-22 01:43:19.703430,90.13,35.55,123.35,142.08,83.08028836528038
2025-10-22 01:43:20.703430,95.26,22.56,228.34,45.44,88.9396772256977
2025-10-22 01:43:21.703429,138.42,92.02,245.51,71.04,133.9833524360147
2025-10-22 01:43:22.703429,93.22,34.89,167.2,110.91,89.7422529543997
2025-10-22 01:43:23.703428,102.16,84.71,129.26,89.43,99.00846167752859
2025-10-22 01:43:24.703428,127.5,80.27,267.51,69.55,134.42048785720533
2025-10-22 01:43:25.703427,43.19,48.91,70.25,11.24,47.777625092407646
2025-10-22 01:43:26.703427,127.04,89.69,201.63,130.95,131.53034858926216
2025-10-22 01:43:27.703426,143.09,85.4,288.53,66.39,142.6846728545682
2025-10-22 01:43:28.703426,75.74,68.15,51.47,115.66,72.52980701124633
2025-10-22 01:43:29.703425,107.41,54.2,185.89,124.42,107.72237313119493
2025-10-22 01:43:30.703424,81.62,66.62,101.36,105.53,84.75721849661423
2025-10-22 01:43:31.703424,96.02,40.24,239.81,27.56,97.68902566549161
2025-10-22 01:43:32.703423,87.24,54.89,160.47,54.87,86.58969422527876
2025-10-22 01:43:33.703423,147.4,85.02,287.1,72.3,143.23948578327585
2025-10-22 01:43:34.703422,85.92,75.45,156.19,17.32,88.13168763744576
2025-10-22 01:43:35.703422,55.37,37.51,89.58,95.2,64.58009583880735
2025-10-22 01:43:36.703421,107.67,71.98,221.33,32.98,109.10388977254738
2025-10-22 01:43:37.703421,80.3,41.55,190.88,11.45,80.4219347489292
2025-10-22 01:43:38.703420,88.81,32.24,193.98,84.22,91.16339897341868
2025-10-22 01:43:39.703420,133.25,93.91,258.67,45.0,133.71026952795276
2025-10-22 01:43:40.703419,121.49,34.64,265.2,125.06,121.9119709728407
2025-10-22 01:43:41.703419,128.64,26.95,285.29,124.85,124.062439175034
2025-10-22 01:43:42.703418,107.82,63.75,225.32,65.02,112.55409849123346
2025-10-22 01:43:43.703417,46.92,21.19,60.89,93.17,47.37219211609753
2025-10-22 01:43:44.703417,80.18,84.84,54.74,149.73,88.6477439211754
2025-10-22 01:43:45.703416,98.9,46.21,166.58,88.41,90.7505833008486
2025-10-22 01:43:46.703416,74.09,84.82,57.5,37.64,67.17691858005622
2025-10-22 01:43:47.703415,79.17,69.0,110.11,63.15,80.15339911298153
2025-10-22 01:43:48.703415,113.26,90.85,114.92,144.92,108.8048706288437
2025-10-22 01:43:49.703414,80.86,65.16,111.75,58.03,77.70537312580556
2025-10-22 01:43:50.703414,50.82,30.57,65.44,63.96,47.62978467582293
2025-10-22 01:43:51.703413,86.36,43.08,169.17,72.7,86.83791982036884
2025-10-22 01:43:52.703413,101.0,85.81,113.78,127.96,102.56496100644193
2025-10-22 01:43:53.703412,59.49,26.68,134.74,39.74,61.71222861046081
2025-10-22 01:43:54.703411,111.22,94.95,200.69,53.91,118.56115171710054
2025-10-22 01:43:55.703411,57.63,29.98,99.37,40.73,52.921623584329325
2025-10-22 01:43:56.703410,63.29,54.81,77.33,73.3,65.20408916871236
2025-10-22 01:43:57.703410,76.31,74.54,63.73,81.26,72.5771699071976
2025-10-22 01:43:58.703409,79.78,83.36,108.32,14.01,77.03444123734134
2025-10-22 01:43:59.703409,150.96,90.07,269.96,138.85,153.84715756923083
2025-10-22 01:44:00.703408,97.07,89.62,136.93,41.53,94.24909371580924
2025-10-22 01:44:01.703408,66.41,27.43,172.07,28.35,71.05257911120248
2025-10-22 01:44:02.703407,117.12,38.15,287.41,76.82,120.75783920042103
2025-10-22 01:44:03.703407,151.17,87.78,278.65,115.77,150.7245721855158
2025-10-22 01:44:04.703406,94.25,23.89,166.13,143.55,90.40231070561106
2025-10-22 01:44:05.703406,106.6,95.94,161.66,68.44,110.20528170579426
2025-10-22 01:44:06.703405,124.55,55.23,271.89,95.04,128.2665245165908
2025-10-22 01:44:07.703404,42.39,30.23,90.21,20.89,46.34572790916375
2025-10-22 01:44:08.703404,64.72,67.48,85.31,38.98,67.125023001908
2025-10-22 01:44:09.703403,117.55,51.65,261.2,47.89,113.88111692957338
2025-10-22 01:44:10.703403,97.57,29.07,175.51,140.45,95.20185475030799
2025-10-22 01:44:11.703402,99.41,50.51,185.08,75.8,95.96169956636203
2025-10-22 01:44:12.703402,65.31,55.92,89.52,33.96,61.60361825131081
2025-10-22 01:44:13.703401,71.96,50.68,84.56,96.82,69.98801340017032
2025-10-22 01:44:14.703401,85.06,81.83,80.14,105.79,86.04298313295145
2025-10-22 01:44:15.703400,126.29,96.93,221.92,14.7,118.14172038461986
2025-10-22 01:44:16.703400,102.05,78.9,149.69,83.22,101.0095597858408
2025-10-22 01:44:17.703399,130.74,93.58,230.94,19.31,120.09417901228571
2025-10-22 01:44:18.703399,105.94,33.79,189.12,120.84,97.76020512992694
2025-10-22 01:44:19.703398,122.73,75.35,270.7,26.44,124.34286180208214
2025-10-22 01:44:20.703398,152.1,92.81,299.56,44.53,145.36666570030957
2025-10-22 01:44:21.703397,61.38,38.1,108.05,47.58,60.96175662132083
2025-10-22 01:44:22.703396,60.27,63.2,50.69,47.33,56.22743180107439
2025-10-22 01:44:23.703396,92.23,81.72,125.18,58.9,90.21218439644139
2025-10-22 01:44:24.703395,113.48,97.08,174.43,83.21,117.5550497899445
2025-10-22 01:44:25.703395,149.45,41.02,292.72,135.57,135.47608164345317
2025-10-22 01:44:26.703394,113.23,30.62,265.62,73.14,109.6997766412267
2025-10-22 01:44:27.703394,128.33,34.06,272.0,70.55,112.82682546132025
2025-10-22 01:44:28.703393,71.98,21.72,172.03,31.57,68.82117526624042
2025-10-22 01:44:29.703393,77.66,26.51,132.51,131.47,79.1983866701485
2025-10-22 01:44:30.703392,84.95,64.31,157.25,26.55,84.70689434577407
2025-10-22 01:44:31.703392,152.57,96.75,283.94,95.08,152.6937901063352
2025-10-22 01:44:32.703391,106.71,91.86,117.8,109.38,103.10932462933107
2025-10-22 01:44:33.703391,64.59,20.05,157.65,26.69,62.68844103953017
2025-10-22 01:44:34.703390,75.93,58.49,69.94,130.78,76.25494988617508
2025-10-22 01:44:35.703390,122.18,69.59,279.93,14.49,121.85824931448784
2025-10-22 01:44:36.703389,99.09,98.94,151.79,46.38,104.35158876041818
2025-10-22 01:44:37.703388,86.31,32.8,164.28,108.85,87.4074440104038
2025-10-22 01:44:38.703388,119.71,68.71,256.36,28.56,117.12512233509274
2025-10-22 01:44:39.703387,65.45,44.77,51.58,109.35,59.598695262680664
2025-10-22 01:44:40.703387,91.28,86.02,93.89,97.47,90.62322771294096
2025-10-22 01:44:41.703386,103.76,80.02,132.14,115.35,102.68061215175709
2025-10-22 01:44:42.703386,121.65,77.05,236.97,46.62,119.06055991257014
2025-10-22 01:44:43.703385,133.98,91.32,278.38,28.29,135.01932588470908
2025-10-22 01:44:44.703385,76.1,61.88,85.6,102.85,77.10931308860054
2025-10-22 01:44:45.703384,105.77,98.29,136.54,86.53,107.42299572767377
2025-10-22 01:44:46.703384,55.84,40.97,83.57,99.01,65.26268106754249
2025-10-22 01:44:47.703382,113.04,56.62,197.39,135.18,114.53369166003105
2025-10-22 01:44:48.703382,102.4,52.87,184.78,107.38,103.33364889444887
2025-10-22 01:44:49.703381,93.66,79.55,83.58,117.04,88.17320022630695
2025-10-22 01:44:50.703381,77.79,53.01,153.67,15.69,75.81088258523282
2025-10-22 01:44:51.703380,62.4,81.06,50.6,54.39,66.54914309328164
2025-10-22 01:44:52.703380,98.06,37.74,241.95,58.92,103.31721781837881
2025-10-22 01:44:53.703379,75.24,92.76,71.41,21.92,72.21177693656394
2025-10-22 01:44:54.703379,113.89,71.14,263.55,21.17,119.03543911967839
2025-10-22 01:44:55.703378,69.18,31.09,152.1,28.05,66.81845263481671
2025-10-22 01:44:56.703377,112.37,32.68,264.87,90.5,113.95820631971216
2025-10-22 01:44:57.703377,60.68,25.55,132.46,38.04,60.12233509140751
2025-10-22 01:44:58.703376,122.72,65.8,279.63,43.91,125.72055512644535
2025-10-22 01:44:59.703376,139.57,48.22,299.96,101.32,134.44879856686237
2025-10-22 01:45:00.703375,116.23,76.12,217.05,71.12,117.47459723637233
2025-10-22 01:45:01.703375,106.51,28.29,214.3,129.66,104.33446576677714
2025-10-22 01:45:02.703374,92.26,61.05,172.58,74.42,97.20565916458114
2025-10-22 01:45:03.703374,82.27,47.24,120.52,94.11,78.54393733696398
2025-10-22 01:45:04.703373,106.84,40.95,273.36,72.44,117.06251036103454
2025-10-22 01:45:05.703373,117.95,69.8,198.9,135.58,121.66839245732012
2025-10-22 01:45:06.703372,117.56,46.35,287.84,58.0,121.25128842079438
2025-10-22 01:45:07.703372,116.56,45.31,249.39,144.85,126.43533487600712
2025-10-22 01:45:08.703371,125.34,52.4,293.87,71.16,128.71237532445966
2025-10-22 01:45:09.703371,81.66,29.62,223.88,22.28,86.52805793075741
2025-10-22 01:45:10.703370,100.25,93.6,96.7,130.76,101.88512927855928
2025-10-22 01:45:11.703369,92.13,64.76,181.42,29.01,92.69244534787292
2025-10-22 01:45:12.703369,133.74,92.36,238.79,21.94,122.36767563409052
2025-10-22 01:45:13.703368,68.79,41.33,126.07,117.54,81.91310287306649
2025-10-22 01:45:14.703368,90.98,86.9,80.85,88.85,85.42694496005062
2025-10-22 01:45:15.703367,142.46,88.61,274.85,62.35,139.37360394495875
2025-10-22 01:45:16.703367,92.15,95.41,118.5,97.6,102.7551780956777
2025-10-22 01:45:17.703366,83.93,53.85,96.66,108.97,77.63187434413491
2025-10-22 01:45:18.703366,136.76,96.59,236.92,98.47,139.14298192491535
2025-10-22 01:45:19.703365,109.82,90.18,156.92,94.8,111.13675461460892
2025-10-22 01:45:20.703365,91.13,75.47,154.39,101.47,104.3349403862207
2025-10-22 01:45:21.703364,73.42,56.15,100.17,75.97,73.27704032662781
2025-10-22 01:45:22.703364,84.42,35.12,92.96,140.87,73.48220103886891
2025-10-22 01:45:23.703363,131.61,80.71,295.15,11.05,131.32191738829295
2025-10-22 01:45:24.703363,87.39,90.78,95.97,60.32,86.24494694646363
2025-10-22 01:45:25.703362,95.93,65.74,106.76,145.55,93.89963879196799
2025-10-22 01:45:26.703361,86.11,83.86,109.86,63.28,87.54634209055672
2025-10-22 01:45:27.703361,152.26,91.37,264.08,147.31,154.41179791033883
2025-10-22 01:45:28.703360,89.87,57.9,172.28,81.11,96.8682301338348
2025-10-22 01:45:29.703360,80.56,78.08,89.45,97.13,85.24337496809585
2025-10-22 01:45:30.703359,97.46,34.91,151.56,117.06,86.27038798888778
2025-10-22 01:45:31.703359,81.76,66.4,116.51,82.06,84.53712343220658
2025-10-22 01:45:32.703358,83.71,64.69,71.52,141.09,81.88571216061025
2025-10-22 01:45:33.703358,89.59,90.03,75.18,130.75,93.62141135778481
2025-10-22 01:45:34.703357,122.26,80.94,217.29,48.33,115.4285875156932
2025-10-22 01:45:35.703357,44.77,24.41,69.52,29.88,38.99464361635076
2025-10-22 01:45:36.703356,80.48,56.52,109.24,52.01,71.42596632822709
2025-10-22 01:45:37.703356,84.94,34.2,152.52,140.52,90.86903131934494
2025-10-22 01:45:38.703355,77.11,50.67,103.29,131.05,82.42471952327028
2025-10-22 01:45:39.703354,75.0,29.22,158.02,56.04,73.2291039238088
2025-10-22 01:45:40.703354,121.51,72.92,238.67,67.24,121.60419994393408
2025-10-22 01:45:41.703353,113.48,79.51,189.76,50.56,106.87414012153711
2025-10-22 01:45:42.703353,80.93,89.98,104.19,56.18,87.49376191861874
2025-10-22 01:45:43.703352,90.41,96.76,108.31,72.69,95.41208231232876
2025-10-22 01:45:44.703352,114.09,53.11,188.33,148.17,112.63359611376212
2025-10-22 01:45:45.703351,81.85,42.68,176.36,31.26,80.55944716254632
2025-10-22 01:45:46.703351,101.27,29.94,229.06,91.15,101.9426247157316
2025-10-22 01:45:47.703350,85.07,59.84,140.79,40.52,80.29478257106987
2025-10-22 01:45:48.703350,116.6,89.55,181.58,97.58,118.79245433231664
2025-10-22 01:45:49.703349,92.76,35.45,200.38,84.58,94.76793391344263
2025-10-22 01:45:50.703349,88.36,58.72,116.27,139.55,92.0514781670838
2025-10-22 01:45:51.703348,108.45,42.93,235.62,80.38,108.27998647494162
2025-10-22 01:45:52.703348,91.69,56.73,127.52,97.89,86.15429234746651
2025-10-22 01:45:53.703347,140.64,34.73,298.67,128.2,132.65013576262402
2025-10-22 01:45:54.703347,114.26,29.05,276.5,87.74,115.08993357699849
2025-10-22 01:45:55.703346,73.56,24.14,129.62,100.68,71.01889973385589
2025-10-22 01:45:56.703346,69.27,69.25,57.58,80.95,68.0160636487768
2025-10-22 01:45:57.703345,123.18,91.96,172.12,115.71,120.75910754412521
2025-10-22 01:45:58.703344,116.13,90.94,187.78,94.54,120.74916760244105
2025-10-22 01:45:59.703344,63.3,58.63,100.56,16.98,62.90520482732269
2025-10-22 01:46:00.703343,47.59,48.18,86.68,16.35,53.3708061612658
2025-10-22 01:46:01.703343,71.0,50.55,115.55,63.38,72.59536463550627
2025-10-22 01:46:02.703342,136.1,45.16,259.93,132.77,127.1285938899833
2025-10-22 01:46:03.703342,122.85,58.38,208.0,128.0,117.17904109878084
2025-10-22 01:46:04.703341,43.55,37.03,59.72,39.89,44.35765847508175
2025-10-22 01:46:05.703341,70.14,34.84,98.22,133.47,73.45269247934054
2025-10-22 01:46:06.703340,107.08,60.72,269.24,12.14,113.73274040553262
2025-10-22 01:46:07.703340,119.32,73.78,232.83,86.09,124.02674536836666
2025-10-22 01:46:08.703339,110.87,67.68,166.17,94.18,102.5274781326713
2025-10-22 01:46:09.703339,109.99,89.04,149.47,94.86,108.33658978742525
2025-10-22 01:46:10.703338,102.63,61.03,216.22,69.92,109.42878336107199
2025-10-22 01:46:11.703338,125.22,43.32,251.46,135.83,124.26761062789895
2025-10-22 01:46:12.703337,135.07,51.12,296.67,130.56,140.72637448357563
2025-10-22 01:46:13.703336,109.29,78.79,157.47,82.82,103.21534776777386
2025-10-22 01:46:14.703336,73.48,59.83,73.61,111.14,74.12432705000239
2025-10-22 01:46:15.703335,107.01,65.2,147.66,120.18,100.88769911747379
2025-10-22 01:46:16.703335,113.26,90.57,151.89,91.35,109.13282885500965
2025-10-22 01:46:17.703334,93.44,71.39,163.23,105.35,105.72247278900117
2025-10-22 01:46:18.703334,55.82,46.67,52.34,114.36,61.77522279271364
2025-10-22 01:46:19.703333,128.76,94.98,198.69,141.5,135.3933526786205
2025-10-22 01:46:20.703333,123.03,41.56,273.12,88.46,120.48167859893421
2025-10-22 01:46:21.703332,129.29,34.74,247.97,128.95,117.55241773770379
2025-10-22 01:46:22.703332,114.37,86.41,219.81,72.79,123.79050109954508
2025-10-22 01:46:23.703331,93.73,43.29,150.81,123.69,91.56019628569138
2025-10-22 01:46:24.703331,98.61,50.13,186.02,101.56,101.17699532665777
2025-10-22 01:46:25.703330,90.17,67.78,123.82,71.96,85.4187387979967
2025-10-22 01:46:26.703330,110.67,21.81,269.7,43.07,100.53490246780254
2025-10-22 01:46:27.703329,61.76,45.81,52.46,121.59,62.81842424648129
2025-10-22 01:46:28.703329,125.77,63.13,245.24,106.22,126.42939112013275
2025-10-22 01:46:29.703328,67.9,66.19,121.99,20.12,73.7626062626105
2025-10-22 01:46:30.703327,83.73,54.04,100.03,133.04,83.5275623749195
2025-10-22 01:46:31.703327,108.78,69.0,171.17,117.63,109.35614956667047
2025-10-22 01:46:32.703326,108.33,78.03,157.67,83.66,103.06193299088254
2025-10-22 01:46:33.703326,155.1,91.79,286.01,87.82,149.38861545843568
2025-10-22 01:46:34.703325,81.78,42.08,191.63,30.18,84.63778616625099
2025-10-22 01:46:35.703325,97.51,24.62,209.92,103.03,95.88296229982046
2025-10-22 01:46:36.703324,90.24,66.94,172.51,30.66,91.43202165070736
2025-10-22 01:46:37.703324,89.66,65.87,109.32,114.64,88.5878580599464
2025-10-22 01:46:38.703323,57.26,45.59,105.77,19.93,58.52837749220629
2025-10-22 01:46:39.703323,112.47,31.67,220.69,130.26,108.06886138727847
2025-10-22 01:46:40.703322,150.3,92.5,255.0,145.95,151.97577292909614
2025-10-22 01:46:41.703322,95.88,36.93,201.65,36.52,86.33362251579531
2025-10-22 01:46:42.703321,112.84,86.49,180.28,77.89,112.95314198905933
2025-10-22 01:46:43.703321,102.02,39.17,208.37,99.3,101.96194538213553
2025-10-22 01:46:44.703320,91.89,51.17,175.91,111.35,100.60342076287765
2025-10-22 01:46:45.703319,63.5,49.33,94.26,87.79,70.43413229360574
2025-10-22 01:46:46.703319,99.13,21.69,263.7,61.85,102.40458404082861
2025-10-22 01:46:47.703318,71.63,30.41,108.38,132.12,74.0219471046791
2025-10-22 01:46:48.703318,113.94,58.52,214.73,141.11,121.88087226930526
2025-10-22 01:46:49.703317,97.47,80.91,93.44,108.02,90.02668248126534
2025-10-22 01:46:50.703317,63.66,32.04,97.18,109.37,66.9448031690603
2025-10-22 01:46:51.703316,134.94,59.02,291.12,96.74,136.2876195295562
2025-10-22 01:46:52.703316,66.81,52.69,115.88,42.48,69.6100716386461
2025-10-22 01:46:53.703315,73.0,49.41,115.98,55.62,70.61056254967184
2025-10-22 01:46:54.703315,136.28,60.18,291.43,79.57,133.54727584953346
2025-10-22 01:46:55.703314,113.1,83.77,162.59,123.26,115.29191040775794
2025-10-22 01:46:56.703314,74.3,49.76,115.43,37.46,67.0089591585149
2025-10-22 01:46:57.703313,48.05,47.38,58.02,30.64,47.190292059213796
2025-10-22 01:46:58.703313,85.5,95.56,97.2,53.29,87.61087792160664
2025-10-22 01:46:59.703312,69.1,20.01,152.5,112.66,78.21581645295075
2025-10-22 01:47:00.703311,129.71,52.31,262.42,107.14,126.36158622794564
2025-10-22 01:47:01.703311,98.68,49.47,194.03,36.13,90.24414698614792
2025-10-22 01:47:02.703310,104.89,28.4,244.09,99.3,107.31353716348619
2025-10-22 01:47:03.703310,99.96,22.75,210.7,86.01,91.79632966812008
2025-10-22 01:47:04.703309,57.31,63.36,76.88,15.42,57.840326003287664
2025-10-22 01:47:05.703309,125.15,88.15,189.82,94.06,119.87008734181288
2025-10-22 01:47:06.703308,56.54,44.36,97.92,50.35,61.6004333371719
2025-10-22 01:47:07.703308,102.1,86.98,150.74,68.4,102.42489289849014
2025-10-22 01:47:08.703307,101.7,25.08,242.83,20.77,89.65466304181126
2025-10-22 01:47:09.703307,131.27,82.21,231.76,83.51,127.41375855266381
2025-10-22 01:47:10.703306,68.35,35.57,94.67,71.71,60.468290770199964
2025-10-22 01:47:11.703306,109.75,64.33,184.34,78.61,103.21934284072196
2025-10-22 01:47:12.703305,68.03,82.36,69.23,73.06,76.51746812204988
2025-10-22 01:47:13.703305,102.76,77.28,129.89,119.13,101.38320652287119
2025-10-22 01:47:14.703304,114.48,46.92,198.65,139.16,110.84619936560837
2025-10-22 01:47:15.703304,150.48,97.79,252.07,145.54,153.66219450403702
2025-10-22 01:47:16.703303,143.45,98.95,212.72,149.18,143.1295308244211
2025-10-22 01:47:17.703302,107.54,35.03,255.54,70.51,108.3530778141319
2025-10-22 01:47:18.703302,49.1,39.82,53.39,62.69,48.38492394333899
2025-10-22 01:47:19.703301,71.8,60.12,52.05,87.2,63.02286447432964
2025-10-22 01:47:20.703301,118.36,57.77,237.49,91.2,118.42656045363086
2025-10-22 01:47:21.703300,130.36,78.4,213.86,138.19,130.99491049136657
2025-10-22 01:47:22.703300,97.6,53.08,217.11,16.27,95.04568391687872
2025-10-22 01:47:23.703299,63.21,65.53,56.7,75.77,64.8581234286759
2025-10-22 01:47:24.703299,106.0,69.36,199.44,47.34,104.06238223993584
2025-10-22 01:47:25.703298,90.88,27.52,192.3,124.28,96.26074844615864
2025-10-22 01:47:26.703298,69.61,40.88,139.17,46.85,71.57058806274739
2025-10-22 01:47:27.703297,91.97,61.68,155.13,78.56,93.09507973236468
2025-10-22 01:47:28.703297,72.61,43.9,79.96,135.33,72.86700131733689
2025-10-22 01:47:29.703296,83.54,32.53,135.27,101.45,77.07363743018018
2025-10-22 01:47:30.703296,149.48,93.86,286.11,51.92,143.3160579908424
2025-10-22 01:47:31.703295,92.66,83.08,116.3,85.38,93.48799369107536
2025-10-22 01:47:32.703294,56.75,30.23,71.39,55.64,47.59483804200327
2025-10-22 01:47:33.703294,96.26,84.62,158.03,29.48,95.69602772081988
2025-10-22 01:47:34.703293,86.62,48.57,101.08,140.42,82.57154737601005
2025-10-22 01:47:35.703293,80.91,68.77,115.95,75.82,84.31468716761455
2025-10-22 01:47:36.703292,112.73,83.67,168.76,93.52,111.18359642675495
2025-10-22 01:47:37.703292,92.83,92.48,111.11,56.39,90.86930867637312
2025-10-22 01:47:38.703291,146.56,66.69,273.08,134.52,142.21529020435975
2025-10-22 01:47:39.703291,83.57,31.24,198.57,106.79,96.53180831540274
2025-10-22 01:47:40.703290,91.05,31.29,204.56,60.21,89.09553651346849
2025-10-22 01:47:41.703290,102.22,26.63,268.11,59.83,105.80360156345121
2025-10-22 01:47:42.703289,89.14,79.35,117.75,71.14,89.22422771811713
2025-10-22 01:47:43.703289,88.3,20.44,156.73,131.88,83.52590473461277
2025-10-22 01:47:44.703288,86.16,54.11,105.22,110.32,80.60563136477784
2025-10-22 01:47:45.703288,155.22,87.04,280.6,126.34,153.04260283707646
2025-10-22 01:47:46.703287,89.23,97.6,86.7,86.5,92.0782919323436
2025-10-22 01:47:47.703286,60.83,26.61,115.02,58.2,59.41598144166145
2025-10-22 01:47:48.703286,130.76,93.74,248.61,52.93,132.17584093239103
2025-10-22 01:47:49.703285,122.08,36.31,261.58,141.76,124.98045463756469
2025-10-22 01:47:50.703285,96.58,39.98,220.49,43.16,94.84918983696882
2025-10-22 01:47:51.703284,71.24,53.2,57.0,126.93,68.9472433206141
2025-10-22 01:47:52.703284,69.38,31.54,137.45,61.6,69.30873814924405
2025-10-22 01:47:53.703283,61.37,54.86,101.43,18.12,61.50551301024827
2025-10-22 01:47:54.703283,93.62,29.81,216.31,100.96,99.99287874722938
2025-10-22 01:47:55.703282,83.93,79.32,94.0,94.13,86.63655595882652
2025-10-22 01:47:56.703282,121.87,88.33,224.19,46.35,120.81164381352508
2025-10-22 01:47:57.703281,113.35,41.34,254.13,126.65,122.25357139869877
2025-10-22 01:47:58.703281,74.33,40.87,78.76,133.36,70.59673330565207
2025-10-22 01:47:59.703280,84.91,69.59,95.15,145.83,92.39091803144129
2025-10-22 01:48:00.703280,135.42,54.68,293.02,109.63,137.24900310883967
2025-10-22 01:48:01.703279,132.23,59.31,275.6,92.81,130.98248997132512
2025-10-22 01:48:02.703278,50.7,25.7,73.19,95.36,53.766604104081495
2025-10-22 01:48:03.703276,77.67,64.92,56.65,114.27,72.19398655195258
2025-10-22 01:48:04.703275,137.64,38.68,298.34,115.49,132.0015224436897
2025-10-22 01:48:05.703275,75.57,28.0,196.44,20.64,77.13590937434688
2025-10-22 01:48:06.703274,104.69,63.41,150.7,134.13,103.67993427737619
2025-10-22 01:48:07.703274,132.08,34.67,294.75,134.6,132.7136020121874
2025-10-22 01:48:08.703273,107.51,76.57,213.87,17.45,106.07010970956203
2025-10-22 01:48:09.703273,56.08,27.63,111.93,40.56,55.489245730841056
2025-10-22 01:48:10.703272,110.68,36.28,274.29,32.5,107.06063530411888
2025-10-22 01:48:11.703271,74.94,27.09,131.03,125.69,77.89418845338339
2025-10-22 01:48:12.703271,59.69,52.0,88.57,75.65,67.64538715660072
2025-10-22 01:48:13.703270,112.56,43.5,172.33,144.71,102.31934568021578
2025-10-22 01:48:14.703270,130.54,95.11,232.6,32.21,123.92521046410081
2025-10-22 01:48:15.703269,88.48,38.32,188.1,71.97,90.0034432233355
2025-10-22 01:48:16.703269,80.31,76.95,137.82,10.94,82.08797927557319
2025-10-22 01:48:17.703268,152.03,89.98,259.03,120.41,146.84693344111616
2025-10-22 01:48:18.703268,102.42,93.21,165.27,19.85,100.26101940146182
2025-10-22 01:48:19.703267,95.55,95.03,89.07,91.73,92.5442012694367
2025-10-22 01:48:20.703267,95.86,20.46,242.54,123.31,107.64550173040021
2025-10-22 01:48:21.703266,111.3,78.36,164.81,128.85,114.36193814341823
2025-10-22 01:48:22.703266,96.82,88.64,155.9,52.03,101.55306318346219
2025-10-22 01:48:23.703265,143.55,77.66,259.09,116.91,139.99875099009597
2025-10-22 01:48:24.703265,116.64,46.73,218.39,96.4,108.18576105950397
2025-10-22 01:48:25.703264,59.55,57.8,78.57,17.51,55.97975464523614
2025-10-22 01:48:26.703264,48.64,21.43,105.66,54.16,53.20253802896593
2025-10-22 01:48:27.703263,133.31,86.17,222.44,138.11,137.45151764960025
2025-10-22 01:48:28.703263,75.56,26.15,135.04,118.89,77.27742193256172
2025-10-22 01:48:29.703262,122.29,56.95,279.14,40.3,120.42291436000409
2025-10-22 01:48:30.703261,86.73,47.29,169.53,109.25,96.32331799470698
2025-10-22 01:48:31.703261,70.0,62.88,93.09,43.27,68.01478535293258
2025-10-22 01:48:32.703260,133.83,47.8,299.36,109.02,135.58923726874647
2025-10-22 01:48:33.703260,68.77,36.11,190.39,10.47,77.35513799894565
2025-10-22 01:48:34.703259,132.52,95.35,241.55,22.92,124.89031997911694
2025-10-22 01:48:35.703259,116.95,60.11,256.07,19.97,111.02249213820812
2025-10-22 01:48:36.703258,131.03,73.15,281.61,78.03,136.7826410546562
2025-10-22 01:48:37.703258,89.01,80.07,126.56,68.23,91.65639517781551
2025-10-22 01:48:38.703257,102.21,29.49,254.68,57.27,102.68677382490141
2025-10-22 01:48:39.703257,114.67,87.58,161.28,124.33,117.01876966888997
2025-10-22 01:48:40.703256,74.18,46.59,67.28,148.86,73.09043482912837
2025-10-22 01:48:41.703256,86.73,67.1,129.57,53.03,83.04335856390226
2025-10-22 01:48:42.703255,90.76,70.37,109.95,93.39,86.80516203867444
2025-10-22 01:48:43.703255,67.37,72.69,85.94,37.4,69.60964356904164
2025-10-22 01:48:44.703254,47.37,22.37,52.98,127.89,52.488324096167005
2025-10-22 01:48:45.703254,107.0,59.38,160.27,140.58,105.82320119218733
2025-10-22 01:48:46.703253,80.22,42.97,175.49,12.84,76.77982418754809
2025-10-22 01:48:47.703252,66.77,67.7,63.69,73.14,67.52467045899559
2025-10-22 01:48:48.703252,124.73,55.66,294.43,55.46,127.39131151476359
2025-10-22 01:48:49.703251,87.13,52.63,174.46,16.26,81.98809486520926
2025-10-22 01:48:50.703251,79.91,61.77,127.75,70.05,83.21117417176228
2025-10-22 01:48:51.703250,132.39,63.85,297.9,40.62,129.58575716592773
2025-10-22 01:48:52.703250,58.5,42.19,97.28,50.44,60.339007133367204
2025-10-22 01:48:53.703249,102.44,29.61,233.35,77.2,100.29368967919568
2025-10-22 01:48:54.703249,78.62,72.29,149.41,15.94,84.23503507369699
2025-10-22 01:48:55.703248,81.52,53.26,86.27,118.39,76.08413860454824
2025-10-22 01:48:56.703248,101.57,70.22,188.35,71.62,105.98544327386179
2025-10-22 01:48:57.703247,69.05,61.67,107.41,52.47,73.54619559089744
2025-10-22 01:48:58.703247,53.19,28.78,129.84,33.73,60.09472375979135
2025-10-22 01:48:59.703246,81.33,89.75,75.02,52.59,77.88954249072563
2025-10-22 01:49:00.703246,67.35,45.94,73.61,87.4,62.44671217146904
2025-10-22 01:49:01.703245,83.73,43.67,125.28,113.28,82.00020999562223
2025-10-22 01:49:02.703245,82.18,83.94,94.77,59.96,82.38670326860299
2025-10-22 01:49:03.703244,122.45,37.88,246.62,121.96,117.32881529690405
2025-10-22 01:49:04.703243,116.92,36.32,292.03,60.94,118.0731206869554
2025-10-22 01:49:05.703243,143.22,74.2,277.37,101.67,140.7342418952847
2025-10-22 01:49:06.703242,139.56,47.52,277.53,113.88,129.84847181875148
2025-10-22 01:49:07.703242,85.44,46.82,135.68,99.41,83.94811081447435
2025-10-22 01:49:08.703241,95.91,75.09,136.87,48.7,88.37990249104764
2025-10-22 01:49:09.703241,128.31,89.73,248.24,55.78,130.62299019037127
2025-10-22 01:49:10.703240,83.55,37.37,178.74,89.98,90.29353449774992
2025-10-22 01:49:11.703240,132.0,88.22,190.11,102.91,121.7523645773575
2025-10-22 01:49:12.703239,62.75,62.7,51.03,76.57,61.89419251831883
2025-10-22 01:49:13.703239,89.07,66.23,116.15,56.36,79.23278368049006
2025-10-22 01:49:14.703238,123.41,82.74,189.17,124.5,123.01860863665453
2025-10-22 01:49:15.703238,143.08,72.16,254.19,118.72,136.1301031053893
2025-10-22 01:49:16.703237,112.86,30.37,260.17,106.0,114.46986314840136
2025-10-22 01:49:17.703237,140.75,80.2,248.49,108.29,136.36785727697824
2025-10-22 01:49:18.703236,86.26,35.36,154.13,112.8,86.42170642390194
2025-10-22 01:49:19.703236,85.34,54.81,159.31,40.61,83.36481547000632
2025-10-22 01:49:20.703235,84.53,27.49,143.26,135.21,83.66684235866016
2025-10-22 01:49:21.703235,70.88,98.21,56.72,33.44,72.81310991261603
2025-10-22 01:49:22.703234,116.17,27.91,278.6,80.91,113.79245790324191
2025-10-22 01:49:23.703233,57.86,49.21,83.29,88.02,67.11971159277465
2025-10-22 01:49:24.703233,79.68,30.85,179.37,59.15,81.08656616785228
2025-10-22 01:49:25.703232,99.95,21.9,255.98,104.17,108.60346534350396
2025-10-22 01:49:26.703232,40.63,22.39,72.73,45.16,41.98732300339526
2025-10-22 01:49:27.703231,86.15,70.79,81.98,119.34,83.76202562719011
2025-10-22 01:49:28.703231,96.82,78.06,129.6,68.75,91.6676541180521
2025-10-22 01:49:29.703230,76.04,79.23,83.77,80.19,80.74181498707864
2025-10-22 01:49:30.703230,136.27,59.45,288.81,76.27,131.73724406379876
2025-10-22 01:49:31.703229,127.27,56.06,279.55,117.42,135.4371990636097
2025-10-22 01:49:32.703229,83.84,83.16,98.27,79.18,86.87118730971535
2025-10-22 01:49:33.703228,80.44,47.22,157.46,83.33,87.50263787086101
2025-10-22 01:49:34.703228,140.31,92.4,223.21,89.44,131.12441455082532
2025-10-22 01:49:35.703227,123.9,83.93,175.8,149.64,124.59208579741258
2025-10-22 01:49:36.703227,91.74,69.58,153.15,47.55,90.28909196044069
2025-10-22 01:49:37.703226,69.2,43.09,156.4,12.18,70.96590282200873
2025-10-22 01:49:38.703226,126.66,51.66,279.26,114.14,132.49403223609085
2025-10-22 01:49:39.703225,135.06,69.86,257.37,144.92,141.14516207619283
2025-10-22 01:49:40.703224,35.76,53.69,54.31,15.08,46.14006668522162
2025-10-22 01:49:41.703224,69.72,55.45,103.93,76.82,74.22660436225809
2025-10-22 01:49:42.703223,123.24,85.61,221.68,22.5,113.95132345722025
2025-10-22 01:49:43.703223,84.96,77.07,68.53,139.94,86.95778900673788
2025-10-22 01:49:44.703222,93.57,53.76,131.89,144.8,95.31033135263327
2025-10-22 01:49:45.703222,117.0,42.56,284.63,92.86,125.32003131050308
2025-10-22 01:49:46.703221,74.8,76.1,101.93,25.24,73.70944064900054
2025-10-22 01:49:47.703221,143.31,64.75,265.78,128.58,137.86638064514403
2025-10-22 01:49:48.703220,72.12,32.06,93.73,84.09,60.88959283177958
2025-10-22 01:49:49.703220,86.42,96.0,98.55,22.99,82.21166362094421
2025-10-22 01:49:50.703219,134.81,92.54,247.5,90.59,138.73029136464373
2025-10-22 01:49:51.703219,33.84,22.11,72.87,27.62,38.40106623039475
2025-10-22 01:49:52.703218,112.36,26.69,207.97,145.63,104.80483162803388
2025-10-22 01:49:53.703218,113.77,96.51,140.55,103.91,111.19415681787956
2025-10-22 01:49:54.703217,91.04,88.19,69.86,123.64,89.6855446943007
2025-10-22 01:49:55.703217,124.19,97.79,147.04,133.86,119.74366637425484
2025-10-22 01:49:56.703216,94.61,55.71,172.6,65.36,92.73551482123666
2025-10-22 01:49:57.703216,129.95,57.61,276.95,102.68,132.5000231948322
2025-10-22 01:49:58.703215,116.09,96.37,196.49,76.44,122.48934854596298
2025-10-22 01:49:59.703214,85.41,44.67,177.0,35.42,82.57591244452446
2025-10-22 01:50:00.703214,100.24,90.97,94.21,130.65,99.79702080920865
2025-10-22 01:50:01.703213,113.15,83.06,220.86,79.95,123.85248949264832
2025-10-22 01:50:02.703213,104.47,85.02,83.03,143.82,96.07295128461978
2025-10-22 01:50:03.703212,126.03,72.28,215.89,124.42,125.80211371176134
2025-10-22 01:50:04.703212,77.4,98.87,88.21,19.59,79.86234750414522
2025-10-22 01:50:05.703211,126.8,62.59,267.86,49.3,121.64407436528911
2025-10-22 01:50:06.703211,75.68,48.43,61.5,139.47,70.40581489961973
2025-10-22 01:50:07.703210,94.19,51.33,191.38,37.62,90.67481027299945
2025-10-22 01:50:08.703210,124.5,67.36,297.29,39.85,131.00702966270347
2025-10-22 01:50:09.703209,93.24,65.97,171.27,64.28,97.25912923456212
2025-10-22 01:50:10.703209,103.11,50.37,270.31,40.35,114.48111939987513
2025-10-22 01:50:11.703208,60.96,57.12,79.98,46.76,61.880238887434295
2025-10-22 01:50:12.703208,56.69,26.78,80.89,107.81,59.09976159576124
2025-10-22 01:50:13.703207,118.71,35.64,247.64,130.51,118.21412363874185
2025-10-22 01:50:14.703207,161.17,78.76,298.71,140.81,157.2213262593395
2025-10-22 01:50:15.703206,58.98,50.47,78.63,92.44,67.22790073173417
2025-10-22 01:50:16.703206,53.96,57.13,73.33,36.1,57.76482396019482
2025-10-22 01:50:17.703205,105.4,67.44,250.48,54.77,119.93253894092584
2025-10-22 01:50:18.703204,154.66,86.07,284.73,86.25,145.8266024998146
2025-10-22 01:50:19.703204,104.57,33.21,270.33,14.43,100.73828337169066
2025-10-22 01:50:20.703203,52.04,32.63,84.99,16.61,45.12624823996868
2025-10-22 01:50:21.703203,125.26,98.99,178.73,120.49,127.2189725422508
2025-10-22 01:50:22.703202,90.55,37.21,206.21,33.72,87.28879091981236
2025-10-22 01:50:23.703202,135.07,80.17,232.68,137.19,137.34405231866748
2025-10-22 01:50:24.703201,69.87,59.7,101.49,71.98,74.65858583883659
2025-10-22 01:50:25.703201,91.67,42.67,159.91,101.88,89.64989354929996
2025-10-22 01:50:26.703200,71.14,47.92,86.54,87.84,67.41553234919655
2025-10-22 01:50:27.703200,58.99,64.01,62.43,26.63,56.04823620126241
2025-10-22 01:50:28.703199,118.66,52.72,229.43,139.24,123.02633192147135
2025-10-22 01:50:29.703199,111.12,89.0,123.01,119.9,105.33635028170923
2025-10-22 01:50:30.703198,114.75,33.86,268.12,92.3,115.88482919044186
2025-10-22 01:50:31.703198,92.26,54.72,193.07,53.17,95.97340524981253
2025-10-22 01:50:32.703197,135.72,84.97,266.17,72.32,136.9221340260185
2025-10-22 01:50:33.703197,143.78,75.16,297.85,99.78,147.00009225532813
2025-10-22 01:50:34.703196,72.61,74.36,101.94,22.55,72.30605475239943
2025-10-22 01:50:35.703196,98.06,35.57,162.08,132.94,92.92364364642351
2025-10-22 01:50:36.703195,105.62,89.26,167.04,70.45,108.87792198713957
2025-10-22 01:50:37.703194,108.16,30.11,245.87,116.06,112.03844628039562
2025-10-22 01:50:38.703194,91.87,51.71,167.44,17.88,79.73770098245129
2025-10-22 01:50:39.703193,72.81,44.96,115.05,78.04,72.56072744482664
2025-10-22 01:50:40.703193,83.22,53.61,126.07,98.41,84.2589241167019
2025-10-22 01:50:41.703192,94.99,25.07,207.16,65.45,87.80460412546343
2025-10-22 01:50:42.703192,93.58,26.0,199.32,67.17,86.2539505936687
2025-10-22 01:50:43.703191,90.5,47.51,157.0,80.47,86.94073606970173
2025-10-22 01:50:44.703191,75.08,52.86,73.67,131.07,74.61504361148704
2025-10-22 01:50:45.703190,77.53,78.36,70.88,91.11,78.60008425715688
2025-10-22 01:50:46.703190,52.68,25.16,101.65,25.84,48.23237714655787
2025-10-22 01:50:47.703189,44.16,30.69,99.55,27.3,50.66056561661105
2025-10-22 01:50:48.703189,50.07,25.17,70.89,96.59,53.05387313604762
2025-10-22 01:50:49.703188,74.72,25.92,169.81,75.4,78.97319151566636
2025-10-22 01:50:50.703188,65.61,32.0,119.94,81.46,68.22116984908163
2025-10-22 01:50:51.703187,48.81,22.89,82.71,43.77,44.96355382066898
2025-10-22 01:50:52.703187,101.21,89.7,156.14,31.7,98.11315677731147
2025-10-22 01:50:53.703186,132.27,86.16,265.21,60.58,134.89461817639608
2025-10-22 01:50:54.703186,82.35,51.93,98.97,146.01,84.73125580527494
2025-10-22 01:50:55.703185,141.12,91.26,270.55,73.27,141.57888117633297
2025-10-22 01:50:56.703185,75.78,77.12,130.36,24.78,82.6812881041271
2025-10-22 01:50:57.703184,128.25,98.76,196.4,83.78,125.11894137664703
2025-10-22 01:50:58.703183,124.8,86.31,163.2,120.26,116.15091279281151
2025-10-22 01:50:59.703183,138.87,76.51,242.14,112.22,133.39110917468324
2025-10-22 01:51:00.703182,86.05,95.6,132.29,46.9,96.91612956096259
2025-10-22 01:51:01.703182,132.29,84.93,286.36,49.28,138.39386398692469
2025-10-22 01:51:02.703181,75.17,52.05,132.5,44.71,74.73274493701815
2025-10-22 01:51:03.703181,123.72,98.11,171.49,97.91,120.10982997704093
2025-10-22 01:51:04.703180,138.33,98.62,219.05,142.55,143.54999287119213
2025-10-22 01:51:05.703180,107.57,79.13,193.04,34.19,104.41506946459374
2025-10-22 01:51:06.703179,114.77,62.35,224.58,47.81,108.20781442047812
2025-10-22 01:51:07.703179,136.65,39.06,287.26,136.52,133.04087428006648
2025-10-22 01:51:08.703178,61.15,51.99,67.06,66.93,59.435485109867464
2025-10-22 01:51:09.703178,106.02,49.09,206.41,94.18,105.32233228216973
2025-10-22 01:51:10.703177,70.65,56.5,104.03,83.75,76.1607094915818
2025-10-22 01:51:11.703177,113.87,37.14,271.13,82.44,116.47219336377715
2025-10-22 01:51:12.703176,78.61,53.73,119.76,71.51,77.0712684403301
2025-10-22 01:51:13.703176,83.72,80.14,55.09,104.61,77.42622991580147
2025-10-22 01:51:14.703175,145.36,88.2,274.1,116.59,149.72923310454237
2025-10-22 01:51:15.703175,94.43,96.25,99.1,100.13,97.84298466793993
2025-10-22 01:51:16.703174,84.35,96.98,82.83,38.33,81.02412179678187
2025-10-22 01:51:17.703173,118.23,59.84,267.47,22.45,114.80987694504633
2025-10-22 01:51:18.703173,99.25,97.34,75.72,148.39,100.95293390423377
2025-10-22 01:51:19.703172,66.89,53.35,58.27,143.68,72.73545160932754
2025-10-22 01:51:20.703172,145.12,62.16,281.54,127.68,141.13127385073022
2025-10-22 01:51:21.703171,119.91,30.81,292.96,60.64,115.53366898643459
2025-10-22 01:51:22.703171,61.62,41.24,105.57,52.94,62.85423780081291
2025-10-22 01:51:23.703170,52.79,20.76,50.47,144.17,54.16448593080438
2025-10-22 01:51:24.703170,113.45,44.16,217.39,143.97,116.05794828759275
2025-10-22 01:51:25.703169,107.41,26.41,282.99,37.53,105.73495877725193
2025-10-22 01:51:26.703169,113.95,43.41,256.95,55.18,109.92553396601686
2025-10-22 01:51:27.703168,92.9,86.85,133.79,65.72,96.72781935435401
2025-10-22 01:51:28.703168,53.04,27.32,81.68,79.94,54.06541618144234
2025-10-22 01:51:29.703167,75.9,32.5,129.01,104.17,75.71636231558522
2025-10-22 01:51:30.703167,74.97,52.49,158.4,13.95,76.62732924266149
2025-10-22 01:51:31.703166,100.92,84.44,119.57,105.15,99.08443588303189
2025-10-22 01:51:32.703166,143.79,62.9,273.66,111.7,135.95347050139299
2025-10-22 01:51:33.703165,81.33,45.13,167.68,41.54,81.21966573265394
2025-10-22 01:51:34.703164,43.87,26.47,73.67,25.0,40.30430135602432
2025-10-22 01:51:35.703164,138.0,66.18,293.88,102.84,141.91691754236396
2025-10-22 01:51:36.703163,99.76,79.74,124.8,80.29,93.36001370245853
2025-10-22 01:51:37.703163,87.76,75.06,164.5,25.81,92.12461617542283
2025-10-22 01:51:38.703162,119.31,71.87,210.22,97.66,118.56938957442634
2025-10-22 01:51:39.703162,137.35,71.77,234.54,145.91,135.43076459890463
2025-10-22 01:51:40.703161,104.78,32.13,262.97,96.8,114.36404879404982
2025-10-22 01:51:41.703161,50.0,34.21,77.14,47.9,49.77864432329719
2025-10-22 01:51:42.703160,132.41,48.06,294.39,79.09,128.27223490691836
2025-10-22 01:51:43.703160,120.42,91.36,162.27,110.93,116.54488720467533
2025-10-22 01:51:44.703159,70.42,52.29,50.6,149.09,70.97311384368331
2025-10-22 01:51:45.703159,74.15,54.76,121.45,29.35,69.71125142952039
2025-10-22 01:51:46.703158,100.26,52.01,234.56,29.01,102.29278722945105
2025-10-22 01:51:47.703158,73.86,62.08,95.12,53.27,70.21347780307347
2025-10-22 01:51:48.703157,125.54,66.26,191.74,145.85,119.78392110774627
2025-10-22 01:51:49.703157,99.94,62.93,191.95,22.16,93.58138434496303
2025-10-22 01:51:50.703156,67.89,32.53,130.91,75.0,70.50198360961424
2025-10-22 01:51:51.703156,51.63,49.8,62.27,56.04,54.73204641412338
2025-10-22 01:51:52.703155,119.01,95.6,162.04,134.12,123.21094945101524
2025-10-22 01:51:53.703154,73.86,94.78,80.32,16.72,74.86969554876438
2025-10-22 01:51:54.703154,112.76,69.76,176.11,133.67,114.41269785563946
2025-10-22 01:51:55.703153,60.24,45.87,134.92,31.07,69.65307344939977
2025-10-22 01:51:56.703153,133.74,78.29,231.86,130.06,134.73789210461615
2025-10-22 01:51:57.703152,127.09,66.44,252.05,71.14,123.15947364424876
2025-10-22 01:51:58.703152,82.89,70.02,76.01,144.06,86.49646866598951
2025-10-22 01:51:59.703151,119.95,67.33,258.16,101.3,131.44110883532758
2025-10-22 01:52:00.703151,114.9,44.22,238.81,103.41,114.46561359819584
2025-10-22 01:52:01.703150,91.05,90.24,77.2,132.41,94.66437411073468
2025-10-22 01:52:02.703150,145.14,84.04,239.16,146.13,143.0094849658817
2025-10-22 01:52:03.703149,142.7,62.46,278.0,125.31,139.74528151764574
2025-10-22 01:52:04.703149,47.28,25.98,93.87,29.84,47.09810066712783
2025-10-22 01:52:05.703148,127.85,62.39,245.36,94.65,123.793977772257
2025-10-22 01:52:06.703148,74.6,64.43,51.54,118.73,71.29831058486283
2025-10-22 01:52:07.703147,61.52,36.68,109.79,49.23,61.102150596157074
2025-10-22 01:52:08.703146,105.4,23.3,237.88,68.64,96.79390171043275
2025-10-22 01:52:09.703146,91.3,71.84,79.29,133.81,86.35628927160406
2025-10-22 01:52:10.703145,87.74,70.8,90.32,98.75,82.181235153441
2025-10-22 01:52:11.703145,124.19,36.9,267.68,144.09,127.5743432414083
2025-10-22 01:52:12.703144,145.87,97.96,284.06,89.58,152.24211775724677
2025-10-22 01:52:13.703144,101.67,31.28,241.98,101.39,108.53681119257092
2025-10-22 01:52:14.703143,132.86,84.55,240.29,78.41,130.13751487029117
2025-10-22 01:52:15.703143,92.85,94.42,106.67,76.9,94.58402467256263
2025-10-22 01:52:16.703142,100.3,91.92,135.46,52.43,97.12644148666108
2025-10-22 01:52:17.703142,58.8,49.17,71.48,82.34,62.41735474096986
2025-10-22 01:52:18.703141,97.56,79.7,177.39,55.87,104.30406785410105
2025-10-22 01:52:19.703141,118.16,71.11,225.46,72.8,117.82949579547684
2025-10-22 01:52:20.703140,98.13,22.56,224.33,70.45,92.70704801239204
2025-10-22 01:52:21.703140,91.44,68.08,108.41,88.21,84.16485999867871
2025-10-22 01:52:22.703139,63.18,55.76,101.9,17.03,61.88088010025002
2025-10-22 01:52:23.703139,147.83,77.74,282.89,58.32,135.54681276262775
2025-10-22 01:52:24.703138,143.13,93.69,296.65,33.61,142.7603542391725
2025-10-22 01:52:25.703138,87.97,82.57,132.84,31.73,87.53897742213402
2025-10-22 01:52:26.703137,116.34,76.71,184.23,114.25,116.47414381465256
2025-10-22 01:52:27.703137,61.29,41.73,113.48,60.68,67.01841331942853
2025-10-22 01:52:28.703136,118.2,42.11,259.13,69.55,112.78798872346657
2025-10-22 01:52:29.703135,67.84,59.48,75.63,76.04,67.57644712696882
2025-10-22 01:52:30.703135,73.09,87.76,60.11,75.39,76.94176560645688
2025-10-22 01:52:31.703134,122.15,98.31,210.47,21.52,116.74468307846908
2025-10-22 01:52:32.703134,72.68,87.77,62.36,49.63,72.50079854344135
2025-10-22 01:52:33.703133,94.73,64.02,183.04,19.42,90.90202915560562
2025-10-22 01:52:34.703133,95.01,39.94,218.78,87.08,103.04901683161134
2025-10-22 01:52:35.703132,64.93,49.34,61.4,76.42,58.292872342642674
2025-10-22 01:52:36.703132,88.17,52.77,163.44,81.38,91.69337769979063
2025-10-22 01:52:37.703131,94.57,61.93,163.27,37.91,87.58503516937103
2025-10-22 01:52:38.703131,79.74,73.29,98.07,74.41,80.9192554115321
2025-10-22 01:52:39.703130,108.6,42.66,280.86,31.99,112.13091887702146
2025-10-22 01:52:40.703130,74.25,78.19,126.29,29.06,82.84396585747166
2025-10-22 01:52:41.703129,89.79,53.51,135.57,85.85,84.5689089574417
2025-10-22 01:52:42.703129,80.45,77.61,55.77,108.31,77.09950875845024
2025-10-22 01:52:43.703128,111.25,33.84,231.17,109.25,108.13010144607163
2025-10-22 01:52:44.703128,74.48,34.74,158.65,74.95,79.94378165154735
2025-10-22 01:52:45.703127,117.21,62.0,245.56,55.39,115.85127153876104
2025-10-22 01:52:46.703127,81.69,40.15,154.06,100.12,86.27796899329273
2025-10-22 01:52:47.703126,80.74,62.56,100.84,113.12,84.07683571901417
2025-10-22 01:52:48.703125,104.8,66.75,204.14,59.73,106.63307625075531
2025-10-22 01:52:49.703125,65.33,26.87,142.38,23.45,60.866140318539166
2025-10-22 01:52:50.703124,46.7,28.73,59.12,83.47,48.686952107321176
2025-10-22 01:52:51.703124,49.21,33.35,95.84,42.12,53.823922758863496
2025-10-22 01:52:52.703123,61.18,55.14,91.02,13.51,57.597365844478176
2025-10-22 01:52:53.703123,82.88,28.47,202.72,43.49,83.80461402278456
2025-10-22 01:52:54.703122,111.81,51.36,267.26,28.04,111.61135712458275
2025-10-22 01:52:55.703122,127.53,69.31,245.64,66.65,121.77563775359681
2025-10-22 01:52:56.703121,64.49,28.65,155.07,22.63,65.41202336925224
2025-10-22 01:52:57.703121,74.6,56.2,134.36,16.13,71.68707448033116
2025-10-22 01:52:58.703120,69.18,49.79,55.62,112.9,64.03416685971416
2025-10-22 01:52:59.703120,85.38,46.86,150.09,19.99,72.50896786781166
2025-10-22 01:53:00.703119,114.97,63.78,166.41,141.23,110.00317775736548
2025-10-22 01:53:01.703119,71.0,72.02,127.24,12.47,76.74042853039077
2025-10-22 01:53:02.703118,107.37,29.76,240.79,54.52,98.0966380324197
2025-10-22 01:53:03.703118,137.2,72.08,241.41,133.81,135.2463955653908
2025-10-22 01:53:04.703117,140.01,60.71,273.34,113.44,135.10642388356803
2025-10-22 01:53:05.703117,97.67,83.73,88.46,135.93,95.49130215771105
2025-10-22 01:53:06.703116,140.93,96.9,231.79,129.02,143.83041159391672
2025-10-22 01:53:07.703115,86.75,51.84,177.83,31.14,85.56537712631888
2025-10-22 01:53:08.703115,80.98,46.2,102.4,110.36,75.80371128383857
2025-10-22 01:53:09.703114,99.42,40.65,166.14,133.64,96.82840826468068
2025-10-22 01:53:10.703114,86.72,82.02,110.74,83.65,90.94048285326039
2025-10-22 01:53:11.703113,124.46,71.35,218.89,122.59,125.87489405099888
2025-10-22 01:53:12.703113,81.86,49.52,120.39,98.59,80.53764427728868
2025-10-22 01:53:13.703112,131.04,98.75,259.65,30.41,133.5276033068771
2025-10-22 01:53:14.703112,110.97,96.77,145.35,123.25,116.61443936492148
2025-10-22 01:53:15.703111,111.56,84.92,195.69,50.84,111.42319793156355
2025-10-22 01:53:16.703111,106.89,22.37,231.03,108.44,102.1824114799487
2025-10-22 01:53:17.703110,70.42,36.97,162.71,24.11,72.1715429561334
2025-10-22 01:53:18.703110,115.25,64.7,245.83,32.55,112.74258890716551
2025-10-22 01:53:19.703109,82.05,70.52,150.93,39.95,88.58064107571462
2025-10-22 01:53:20.703109,52.8,25.28,68.01,102.43,53.403973126801326
2025-10-22 01:53:21.703108,123.84,61.35,255.7,89.81,125.42113777945345
2025-10-22 01:53:22.703107,142.48,54.82,279.67,114.97,134.36504604021658
2025-10-22 01:53:23.703107,95.85,42.06,187.31,88.06,94.83866799438569
2025-10-22 01:53:24.703106,88.0,83.69,158.22,12.52,91.91461767863123
2025-10-22 01:53:25.703106,134.28,86.72,246.18,125.94,142.44836073573703
2025-10-22 01:53:26.703105,149.72,96.22,271.53,114.92,152.6406377171565
2025-10-22 01:53:27.703105,129.42,69.21,254.45,57.71,122.59795400127615
2025-10-22 01:53:28.703104,106.86,81.28,163.83,108.53,111.48855187226962
2025-10-22 01:53:29.703104,75.83,52.92,137.0,49.84,77.54237343473781
2025-10-22 01:53:30.703103,85.95,27.91,216.33,25.19,83.97911197862857
2025-10-22 01:53:31.703103,125.59,92.18,237.32,34.87,124.40667277881684
2025-10-22 01:53:32.703102,70.05,48.78,93.38,72.98,66.94871861278247
2025-10-22 01:53:33.703102,63.73,52.18,104.58,35.63,64.59307181818056
2025-10-22 01:53:34.703101,115.07,56.13,269.13,53.38,119.60215821041135
2025-10-22 01:53:35.703101,60.49,43.94,75.12,72.24,58.884468983981655
2025-10-22 01:53:36.703100,143.61,77.16,273.87,131.74,147.1437542567212
2025-10-22 01:53:37.703100,113.29,55.38,206.3,62.22,102.08363243162096
2025-10-22 01:53:38.703099,61.67,23.46,130.28,24.96,55.818614531283416
2025-10-22 01:53:39.703099,119.47,79.24,193.83,69.34,111.69801517661239
2025-10-22 01:53:40.703098,108.38,76.01,118.91,144.4,102.4694749314058
2025-10-22 01:53:41.703097,49.41,25.45,103.32,47.7,53.22724598862693
2025-10-22 01:53:42.703097,101.97,79.33,195.72,34.67,105.41690511837082
2025-10-22 01:53:43.703095,135.04,86.71,260.72,91.05,139.87886565035555
2025-10-22 01:53:44.703095,114.95,98.98,161.57,81.14,114.22634366654255
2025-10-22 01:53:45.703094,151.23,98.54,285.32,85.9,152.17980504244701
2025-10-22 01:53:46.703094,93.13,23.88,207.23,73.06,88.74306095814133
2025-10-22 01:53:47.703093,61.39,22.42,104.71,124.82,67.46456929979018
2025-10-22 01:53:48.703093,112.32,76.22,232.25,11.56,110.25267040245323
2025-10-22 01:53:49.703092,53.17,25.57,56.33,142.31,57.96641239109519
2025-10-22 01:53:50.703092,43.21,40.74,51.17,18.91,39.47142054046016
2025-10-22 01:53:51.703091,29.64,21.51,72.81,11.39,34.85489624185613
2025-10-22 01:53:52.703091,55.82,33.07,60.62,108.56,56.3013748127798
2025-10-22 01:53:53.703090,119.45,72.29,256.91,16.73,116.73093334106542
2025-10-22 01:53:54.703090,84.19,52.63,111.47,129.88,85.63442263946854
2025-10-22 01:53:55.703089,73.13,50.73,153.39,28.64,77.16010224853814
2025-10-22 01:53:56.703089,81.61,46.56,114.0,68.61,71.17086108430063
2025-10-22 01:53:57.703088,107.42,62.56,177.58,140.59,112.6251190166249
2025-10-22 01:53:58.703088,108.19,48.04,206.82,77.34,101.57086878779866
2025-10-22 01:53:59.703087,113.87,70.9,253.42,11.46,113.93686729358731
2025-10-22 01:54:00.703086,87.61,82.55,108.75,37.71,81.47129231404782
2025-10-22 01:54:01.703086,117.79,37.35,266.45,77.33,114.15328724616228
2025-10-22 01:54:02.703085,132.68,90.72,235.17,72.69,130.54986788625882
2025-10-22 01:54:03.703085,98.62,93.49,119.63,110.3,104.65914334663141
2025-10-22 01:54:04.703084,111.63,95.04,117.8,115.53,105.92499287582233
2025-10-22 01:54:05.703084,107.07,22.87,238.05,88.82,100.64283792772204
2025-10-22 01:54:06.703083,119.08,51.16,293.58,33.63,120.54060223010134
2025-10-22 01:54:07.703083,51.71,37.71,88.44,25.76,50.527941679187705
2025-10-22 01:54:08.703082,76.08,49.76,58.27,147.55,71.70709915662393
2025-10-22 01:54:09.703082,36.96,24.16,72.85,23.26,38.554682604305164
2025-10-22 01:54:10.703081,86.82,64.47,77.69,145.72,84.55238418146867
2025-10-22 01:54:11.703081,97.77,75.19,175.24,68.99,104.00770513125877
2025-10-22 01:54:12.703080,92.2,52.85,135.81,131.56,93.40080687112055
2025-10-22 01:54:13.703080,72.49,40.31,141.86,47.05,72.13411182470726
2025-10-22 01:54:14.703079,52.59,27.48,101.34,29.03,49.93542908565296
2025-10-22 01:54:15.703079,70.37,22.83,182.52,17.5,69.73468876726733
2025-10-22 01:54:16.703078,51.68,32.6,105.56,19.54,51.881896370309015
2025-10-22 01:54:17.703078,94.94,57.0,157.13,108.09,97.22542427484278
2025-10-22 01:54:18.703077,84.6,48.39,157.34,57.07,82.83023925318865
2025-10-22 01:54:19.703077,121.38,44.99,228.15,140.83,119.0860778437519
2025-10-22 01:54:20.703076,110.69,67.06,246.34,21.5,111.88047418466523
2025-10-22 01:54:21.703075,109.85,39.06,263.43,41.46,106.96782085736028
2025-10-22 01:54:22.703075,93.37,84.13,135.66,62.95,95.37724940593999
2025-10-22 01:54:23.703074,67.95,21.13,148.24,82.89,71.57493103023111
2025-10-22 01:54:24.703074,74.69,40.38,135.95,100.97,81.11423844689745
2025-10-22 01:54:25.703073,130.09,81.71,276.1,34.72,130.79921014003153
2025-10-22 01:54:26.703073,116.99,73.17,226.66,94.16,123.4700072182257
2025-10-22 01:54:27.703072,67.93,72.23,64.86,46.97,64.94101585619867
2025-10-22 01:54:28.703072,60.52,55.14,64.45,87.0,64.21921210395568
2025-10-22 01:54:29.703071,127.27,81.9,211.87,104.41,125.43140972940415
2025-10-22 01:54:30.703071,135.51,76.71,271.75,38.98,127.83365633395928
2025-10-22 01:54:31.703070,66.17,47.77,126.69,37.56,69.41949973106284
2025-10-22 01:54:32.703070,102.91,35.54,246.02,58.04,103.2647554117759
2025-10-22 01:54:33.703069,111.28,30.49,261.14,92.71,112.17881096650112
2025-10-22 01:54:34.703069,116.97,41.91,262.77,47.4,109.37790865054632
2025-10-22 01:54:35.703068,77.27,49.21,161.81,16.03,76.42407659238731
2025-10-22 01:54:36.703067,76.85,67.1,86.68,45.19,68.58180900284839
2025-10-22 01:54:37.703067,74.18,32.7,102.94,128.75,72.86216436699075
2025-10-22 01:54:38.703066,97.8,35.36,243.05,52.19,101.1177768418917
2025-10-22 01:54:39.703066,58.26,69.27,54.76,23.32,55.717001274388345
2025-10-22 01:54:40.703065,100.56,33.86,216.96,112.24,104.45999547281008
2025-10-22 01:54:41.703065,125.27,66.37,226.41,148.07,130.71013527252407
2025-10-22 01:54:42.703064,134.87,79.15,232.62,123.08,134.00913445509198
2025-10-22 01:54:43.703064,61.11,57.36,71.58,52.28,60.5712493631202
2025-10-22 01:54:44.703063,50.63,20.1,89.57,65.87,50.02488905568596
2025-10-22 01:54:45.703063,87.87,49.92,124.31,138.51,89.85601454782012
2025-10-22 01:54:46.703062,93.72,50.92,140.74,112.41,90.10896404864505
2025-10-22 01:54:47.703062,96.53,41.77,180.61,138.67,102.74259186974953
2025-10-22 01:54:48.703061,128.22,66.11,234.96,147.17,132.9730012473773
2025-10-22 01:54:49.703061,103.64,47.3,204.47,65.08,98.05519650988164
2025-10-22 01:54:50.703060,115.72,66.24,266.42,34.07,120.01014917572186
2025-10-22 01:54:51.703060,104.01,30.52,228.54,106.44,105.1173633814253
2025-10-22 01:54:52.703059,131.28,87.3,258.36,48.17,130.93695452940108
2025-10-22 01:54:53.703058,93.94,23.92,243.69,66.62,98.45050079997385
2025-10-22 01:54:54.703058,49.78,22.53,79.04,73.7,49.631336975022705
2025-10-22 01:54:55.703057,130.42,88.59,240.37,80.53,132.60652372716913
2025-10-22 01:54:56.703057,131.79,60.3,267.2,47.23,119.8869779556527
2025-10-22 01:54:57.703056,79.04,38.72,104.66,142.95,79.21848895894759
2025-10-22 01:54:58.703056,96.4,76.26,131.24,48.82,87.29608453854792
2025-10-22 01:54:59.703055,81.73,33.48,154.74,87.11,80.55474152301571
2025-10-22 01:55:00.703055,82.67,81.55,109.53,89.31,91.46668607940329
2025-10-22 01:55:01.703054,80.77,52.71,142.56,83.68,85.83947748519016
2025-10-22 01:55:02.703054,86.99,69.94,144.77,36.13,85.67739820880715
2025-10-22 01:55:03.703053,94.75,46.37,142.26,133.27,92.43583611860234
2025-10-22 01:55:04.703053,113.57,62.17,206.42,100.37,113.10715575730794
2025-10-22 01:55:05.703052,112.19,53.76,227.44,30.23,101.26997306741745
2025-10-22 01:55:06.703052,114.58,65.24,224.87,80.67,116.27724039887632
2025-10-22 01:55:07.703051,70.49,51.03,128.74,64.2,76.96672806964631
2025-10-22 01:55:08.703051,106.54,65.55,144.21,137.4,103.44964213864965
2025-10-22 01:55:09.703050,106.06,36.39,280.93,27.47,108.11290593888442
2025-10-22 01:55:10.703049,79.66,38.38,116.01,129.46,79.77985623302028
2025-10-22 01:55:11.703049,131.5,88.2,218.75,84.31,126.65906351456815
2025-10-22 01:55:12.703048,107.27,33.38,253.48,98.29,112.43155760997165
2025-10-22 01:55:13.703048,76.44,74.99,103.07,49.88,78.39656562554565
2025-10-22 01:55:14.703047,72.17,46.5,108.21,88.83,73.42013535370845
2025-10-22 01:55:15.703047,101.6,38.65,228.56,78.1,103.55919484197292
2025-10-22 01:55:16.703046,95.99,72.69,158.87,36.01,91.27245600546246
2025-10-22 01:55:17.703046,112.42,37.7,259.83,43.17,105.5437858213881
2025-10-22 01:55:18.703045,139.49,74.92,239.87,135.28,136.49780928414737
2025-10-22 01:55:19.703044,99.13,62.58,170.18,87.09,99.76959755478946
2025-10-22 01:55:20.703044,77.41,44.68,148.23,46.04,76.03813303952728
2025-10-22 01:55:21.703043,85.66,44.46,165.2,81.24,88.03311340288319
2025-10-22 01:55:22.703043,72.31,33.26,108.73,125.54,74.24604463897676
2025-10-22 01:55:23.703042,98.1,95.77,123.76,88.02,102.61266739508194
2025-10-22 01:55:24.703042,106.57,39.4,186.58,140.26,103.66776154313452
2025-10-22 01:55:25.703041,63.54,54.81,50.29,118.0,65.95914408040488
2025-10-22 01:55:26.703041,78.79,40.91,147.53,68.61,78.42788077607617
2025-10-22 01:55:27.703040,125.44,62.37,271.88,55.11,123.89863450180341
2025-10-22 01:55:28.703040,55.58,45.01,99.28,22.42,56.78071768961283
2025-10-22 01:55:29.703039,70.6,46.81,123.45,44.85,69.41377521204542
2025-10-22 01:55:30.703039,46.81,32.86,64.07,101.14,55.758451801134996
2025-10-22 01:55:31.703038,77.14,51.56,106.38,84.0,74.44327963076312
2025-10-22 01:55:32.703038,96.54,37.25,233.33,44.9,97.69056625057065
2025-10-22 01:55:33.703037,86.24,36.86,177.16,80.98,87.77299748340837
2025-10-22 01:55:34.703037,96.92,35.72,175.4,97.11,89.8803375618691
2025-10-22 01:55:35.703036,116.94,66.66,225.68,47.93,110.72115365827828
2025-10-22 01:55:36.703035,93.71,30.47,171.22,129.86,92.50646010330946
2025-10-22 01:55:37.703035,119.53,55.47,208.57,119.28,114.15897691304215
2025-10-22 01:55:38.703034,127.61,57.02,262.91,100.74,127.59513474963455
2025-10-22 01:55:39.703034,131.06,73.03,236.91,125.49,132.71388492847484
2025-10-22 01:55:40.703033,127.8,45.31,261.39,131.78,127.44604485059197
2025-10-22 01:55:41.703033,116.97,93.78,203.85,51.65,118.47635247107371
2025-10-22 01:55:42.703032,66.79,27.52,128.9,61.66,64.73528154298057
2025-10-22 01:55:43.703032,74.96,74.78,99.44,34.71,74.18256945542562
2025-10-22 01:55:44.703031,98.95,23.61,200.13,142.09,100.19981534059548
2025-10-22 01:55:45.703031,134.25,82.6,281.03,53.95,136.55224593498463
2025-10-22 01:55:46.703030,87.54,45.86,119.58,135.02,85.70569949242804
2025-10-22 01:55:47.703030,94.97,47.24,203.39,91.05,102.86485082511632
2025-10-22 01:55:48.703029,84.51,32.86,136.23,122.96,81.80534920730823
2025-10-22 01:55:49.703029,87.39,80.09,104.13,54.79,82.24610217468822
2025-10-22 01:55:50.703028,92.58,96.4,112.9,63.0,94.68554695046079
2025-10-22 01:55:51.703028,101.19,87.91,103.74,127.68,100.54072295435176
2025-10-22 01:55:52.703027,64.67,39.39,149.5,26.7,69.9247018551294
2025-10-22 01:55:53.703027,121.92,60.1,223.96,139.63,125.15447920388011
2025-10-22 01:55:54.703026,79.19,68.68,132.68,27.44,79.68120854011265
2025-10-22 01:55:55.703026,77.05,38.5,116.66,106.2,75.40982805733262
2025-10-22 01:55:56.703025,88.09,93.78,97.0,56.86,87.36919771818256
2025-10-22 01:55:57.703024,84.15,55.83,151.35,39.67,81.29414902397856
2025-10-22 01:55:58.703024,117.78,66.1,255.27,119.71,133.61685960131982
2025-10-22 01:55:59.703023,54.03,24.78,117.4,48.86,57.35800796029263
2025-10-22 01:56:00.703023,78.35,45.96,138.73,73.57,79.29617518713793
2025-10-22 01:56:01.703022,36.74,22.56,91.21,20.29,42.68588629400649
2025-10-22 01:56:02.703022,105.32,51.48,214.62,66.06,103.3969295646824
2025-10-22 01:56:03.703021,89.67,71.74,86.68,137.77,89.31682687995743
2025-10-22 01:56:04.703021,107.6,52.8,233.13,41.69,104.77990314627387
2025-10-22 01:56:05.703020,89.18,42.32,225.23,14.61,91.76936645609081
2025-10-22 01:56:06.703020,62.7,51.7,72.41,56.97,58.91894111872379
2025-10-22 01:56:07.703019,120.25,79.64,204.73,88.31,118.94987096943737
2025-10-22 01:56:08.703019,111.66,33.22,216.82,126.85,107.00280837495517
2025-10-22 01:56:09.703018,85.52,57.43,123.27,125.6,90.73698713249593
2025-10-22 01:56:10.703017,82.27,62.84,89.28,102.9,78.70709048016829
2025-10-22 01:56:11.703017,53.63,34.91,96.26,10.48,48.43938428512739
2025-10-22 01:56:12.703016,94.3,91.41,137.9,50.55,97.23116343950531
2025-10-22 01:56:13.703016,58.91,34.51,111.24,86.74,67.9110826928146
2025-10-22 01:56:14.703015,81.64,86.5,81.86,68.73,81.52922863843317
2025-10-22 01:56:15.703015,135.58,50.63,268.7,117.29,129.4278910532567
2025-10-22 01:56:16.703014,123.32,86.99,165.93,125.31,118.317012661077
2025-10-22 01:56:17.703014,85.15,44.67,120.98,144.86,87.48773000714962
2025-10-22 01:56:18.703013,46.35,30.41,75.19,17.42,41.22739949010604
2025-10-22 01:56:19.703013,120.59,46.0,242.12,133.6,122.35663855731327
2025-10-22 01:56:20.703012,96.19,78.7,163.25,22.55,92.92328687012082
2025-10-22 01:56:21.703012,115.52,47.96,249.65,67.73,112.50405997966392
2025-10-22 01:56:22.703011,133.72,73.69,234.67,146.16,136.48117772055159
2025-10-22 01:56:23.703011,99.39,50.29,177.68,134.21,105.2412717982565
2025-10-22 01:56:24.703010,135.78,96.07,237.28,76.62,134.64558817246996
2025-10-22 01:56:25.703009,111.85,39.46,294.81,47.8,117.86889274494769
2025-10-22 01:56:26.703009,59.97,31.23,115.33,64.24,63.024221887914386
2025-10-22 01:56:27.703008,97.57,56.53,143.58,130.98,97.46592662248248
2025-10-22 01:56:28.703008,126.31,29.78,267.58,143.5,123.86103685265789
2025-10-22 01:56:29.703007,114.2,81.3,159.02,138.63,116.03751538215722
2025-10-22 01:56:30.703007,100.56,46.03,162.81,142.68,100.31887436258698
2025-10-22 01:56:31.703006,126.98,80.82,172.75,128.08,117.82940388364077
2025-10-22 01:56:32.703006,83.21,50.09,172.4,63.0,89.39137113048899
2025-10-22 01:56:33.703005,77.18,54.84,88.74,118.96,77.73184085330254
2025-10-22 01:56:34.703005,115.24,94.44,216.91,17.11,115.86679308249293
2025-10-22 01:56:35.703004,85.14,71.4,126.72,37.88,81.32671604137039
2025-10-22 01:56:36.703004,151.78,73.89,294.28,118.79,149.0705689184813
2025-10-22 01:56:37.703003,89.13,73.36,133.42,41.75,85.09349027654908
2025-10-22 01:56:38.703003,65.62,20.11,172.15,19.74,65.69833637210533
2025-10-22 01:56:39.703002,125.46,23.77,276.63,136.0,122.08203039625856
2025-10-22 01:56:40.703002,70.28,33.8,124.44,68.46,67.89109522763007
2025-10-22 01:56:41.703001,68.19,46.14,112.1,81.12,72.87677999394592
2025-10-22 01:56:42.703001,104.09,94.38,123.06,105.68,105.21794382613228
2025-10-22 01:56:43.703000,83.81,21.66,214.08,48.89,84.88524782757894
2025-10-22 01:56:44.702999,85.73,30.38,193.46,31.01,79.4936761983516
2025-10-22 01:56:45.702999,82.87,75.95,113.8,60.01,84.11975330351284
2025-10-22 01:56:46.702998,76.65,60.28,162.19,21.3,83.13058405342098
2025-10-22 01:56:47.702998,69.7,41.42,84.9,124.68,70.99308768584336
2025-10-22 01:56:48.702997,88.45,55.67,178.08,70.57,95.40010917421787
2025-10-22 01:56:49.702997,124.49,77.71,273.9,67.5,134.6529685287762
2025-10-22 01:56:50.702996,69.55,66.23,86.66,92.05,77.45901632392712
2025-10-22 01:56:51.702996,101.14,32.16,241.37,38.67,96.3210489259003
2025-10-22 01:56:52.702995,131.38,92.58,222.77,88.67,130.92907188631597
2025-10-22 01:56:53.702995,135.66,40.98,291.35,123.26,132.5958546868213
2025-10-22 01:56:54.702994,72.35,66.18,148.11,39.29,85.42746773270306
2025-10-22 01:56:55.702994,118.61,86.78,234.14,25.22,118.82650366794809
2025-10-22 01:56:56.702993,120.82,84.48,235.06,50.89,123.05629600769109
2025-10-22 01:56:57.702993,143.85,92.98,279.09,93.23,148.9787590537592
2025-10-22 01:56:58.702992,116.16,51.26,226.26,60.49,105.68066842196677
2025-10-22 01:56:59.702992,87.07,37.26,130.41,145.07,86.65514943884348
2025-10-22 01:57:00.702991,111.99,95.65,132.35,147.65,116.99514846017891
2025-10-22 01:57:01.702990,68.38,64.86,75.64,70.48,69.1682025322943
2025-10-22 01:57:02.702990,126.57,81.27,265.01,34.77,127.2526293226315
2025-10-22 01:57:03.702989,103.93,50.5,174.89,124.95,102.66562552951441
2025-10-22 01:57:04.702989,104.35,62.58,247.73,42.32,114.1953420915719
2025-10-22 01:57:05.702988,97.82,88.44,121.33,99.61,100.51547215568283
2025-10-22 01:57:06.702988,115.01,95.66,150.64,101.53,113.33048227308154
2025-10-22 01:57:07.702987,124.85,57.08,274.6,70.68,125.16387488525754
2025-10-22 01:57:08.702987,59.51,25.59,84.03,131.47,64.15358191402987
2025-10-22 01:57:09.702986,39.91,21.19,61.88,81.8,45.40888327470639
2025-10-22 01:57:10.702986,73.19,46.62,131.78,54.39,73.7216969296991
2025-10-22 01:57:11.702985,125.86,87.96,205.57,67.89,119.3085697070517
2025-10-22 01:57:12.702985,79.73,80.1,86.17,20.98,70.12455651928934
2025-10-22 01:57:13.702984,56.79,30.73,54.81,127.96,57.23967428824435
2025-10-22 01:57:14.702984,122.44,72.16,278.48,35.72,126.93114110837878
2025-10-22 01:57:15.702983,116.95,22.69,299.79,67.02,114.79036749685328
2025-10-22 01:57:16.702982,45.87,30.13,105.41,27.36,52.15487451858934
2025-10-22 01:57:17.702982,143.54,94.6,225.66,94.62,133.99339375651542
2025-10-22 01:57:18.702981,87.83,76.7,131.46,39.97,85.82265057763676
2025-10-22 01:57:19.702981,101.03,85.31,154.18,69.88,102.91767664106199
2025-10-22 01:57:20.702980,46.4,61.23,59.71,22.36,52.9885237027558
2025-10-22 01:57:21.702980,95.06,52.66,203.97,33.15,94.23937098496475
2025-10-22 01:57:22.702979,68.96,21.71,167.46,41.01,69.31870402954429
2025-10-22 01:57:23.702979,89.69,81.89,120.01,74.3,91.80461843993204
2025-10-22 01:57:24.702978,139.88,93.44,219.15,130.95,138.6789228670085
2025-10-22 01:57:25.702978,87.96,34.26,176.94,146.32,99.39868444721776
2025-10-22 01:57:26.702977,105.55,85.43,192.33,88.29,118.11544270576495
2025-10-22 01:57:27.702977,70.26,56.91,125.86,15.25,69.31063754674784
2025-10-22 01:57:28.702976,112.54,49.75,232.9,87.64,112.3211633880826
2025-10-22 01:57:29.702976,97.01,64.58,174.48,32.76,91.26031824703874
2025-10-22 01:57:30.702975,123.59,80.09,270.94,52.3,131.9317029584485
2025-10-22 01:57:31.702974,86.26,22.76,169.04,123.01,86.62703520427186
2025-10-22 01:57:32.702974,137.31,74.4,261.55,110.4,137.81145605385507
2025-10-22 01:57:33.702973,88.88,48.22,135.98,77.21,80.32465258487005
2025-10-22 01:57:34.702973,78.57,87.87,84.38,51.73,79.59269166800462
2025-10-22 01:57:35.702972,108.51,66.97,187.93,74.96,104.8956253414841
2025-10-22 01:57:36.702972,84.2,49.8,131.75,97.68,83.9142894254754
2025-10-22 01:57:37.702971,139.41,93.87,264.86,80.94,142.69965694010276
2025-10-22 01:57:38.702971,101.87,33.7,244.67,38.76,98.102947106823
2025-10-22 01:57:39.702970,89.95,88.48,101.61,68.72,88.46019149490381
2025-10-22 01:57:40.702970,111.55,49.13,214.66,107.64,110.5009399104673
2025-10-22 01:57:41.702969,98.74,72.11,156.91,54.49,94.06743355132046
2025-10-22 01:57:42.702969,80.69,24.26,123.28,137.17,76.42844730520989
2025-10-22 01:57:43.702968,116.46,84.24,196.6,108.15,122.75349884894815
2025-10-22 01:57:44.702968,51.5,26.07,56.66,57.93,41.5356361663942
2025-10-22 01:57:45.702967,57.68,31.76,69.46,101.96,56.99206514885075
2025-10-22 01:57:46.702967,117.75,81.93,175.41,122.69,118.1136222256392
2025-10-22 01:57:47.702966,69.22,27.33,190.94,44.08,79.80727262594112
2025-10-22 01:57:48.702966,82.89,89.76,97.92,48.77,84.02379079511184
2025-10-22 01:57:49.702965,96.99,42.0,226.57,74.89,103.99995772564483
2025-10-22 01:57:50.702964,89.71,95.94,121.23,28.36,90.07226710380621
2025-10-22 01:57:51.702964,58.97,28.72,50.27,143.25,57.90794929180694
2025-10-22 01:57:52.702963,83.46,50.53,160.6,49.99,83.47471897472485
2025-10-22 01:57:53.702963,78.85,75.1,99.08,50.03,77.28119116066863
2025-10-22 01:57:54.702962,93.22,55.22,174.69,68.94,93.83078226317
2025-10-22 01:57:55.702962,92.85,35.0,155.7,119.08,87.96259491462733
2025-10-22 01:57:56.702961,55.79,39.23,94.08,39.13,55.64472010442092
2025-10-22 01:57:57.702961,97.15,72.86,171.02,63.21,100.42183570505102
2025-10-22 01:57:58.702960,106.33,48.32,186.87,103.6,100.93188988582284
2025-10-22 01:57:59.702960,81.67,97.68,98.72,37.24,85.93805998072013
2025-10-22 01:58:00.702959,134.38,96.31,195.59,104.06,127.68128336015249
2025-10-22 01:58:01.702959,118.67,97.63,223.38,29.27,121.82900899317748
2025-10-22 01:58:02.702958,104.69,78.13,178.61,33.2,99.37644399510798
2025-10-22 01:58:03.702958,107.22,51.24,254.55,30.0,108.11754046499526
2025-10-22 01:58:04.702957,137.54,81.19,249.95,124.2,140.466868674405
2025-10-22 01:58:05.702957,142.74,86.46,216.63,128.45,133.92789601620288
2025-10-22 01:58:06.702956,115.61,66.9,247.65,45.98,117.06270685996634
2025-10-22 01:58:07.702955,59.67,49.74,89.66,66.37,64.99592440343059
2025-10-22 01:58:08.702955,45.86,27.94,89.0,45.45,49.71902596271262
2025-10-22 01:58:09.702954,69.62,49.65,68.12,112.7,67.68460219113956
2025-10-22 01:58:10.702954,81.44,25.03,210.87,23.81,80.61978140720794
2025-10-22 01:58:11.702953,101.05,25.24,213.88,94.99,95.78584934481893
2025-10-22 01:58:12.702953,109.68,90.32,172.78,74.86,112.01254712841963
2025-10-22 01:58:13.702952,136.37,94.04,273.99,27.86,134.97543749800195
2025-10-22 01:58:14.702952,63.79,34.42,82.61,136.09,69.06748495990567
2025-10-22 01:58:15.702951,142.05,59.07,277.95,109.79,134.94600717931235
2025-10-22 01:58:16.702951,125.52,27.09,285.2,94.44,118.05791175971282
2025-10-22 01:58:17.702950,85.14,70.07,65.88,133.48,81.37012185404171
2025-10-22 01:58:18.702950,63.96,22.1,186.17,16.56,70.28016380944737
2025-10-22 01:58:19.702949,100.33,42.34,258.97,33.0,105.58642984849092
2025-10-22 01:58:20.702949,87.85,96.86,83.59,70.64,87.61806793356017
2025-10-22 01:58:21.702948,132.2,55.24,201.26,142.32,116.4266621346988
2025-10-22 01:58:22.702948,103.85,65.37,153.74,117.06,102.18139429743857
2025-10-22 01:58:23.702947,61.29,59.82,59.33,60.29,59.71109762267986
2025-10-22 01:58:24.702946,61.12,41.8,72.73,105.94,63.795567937905325
2025-10-22 01:58:25.702946,110.12,90.45,181.16,39.92,107.65013647477453
2025-10-22 01:58:26.702945,109.75,30.14,220.11,121.86,105.45762696379883
2025-10-22 01:58:27.702945,120.25,26.88,274.84,137.42,123.3835176569487
2025-10-22 01:58:28.702944,98.55,51.6,202.21,63.83,99.2803033369116
2025-10-22 01:58:29.702944,108.71,41.17,238.08,58.24,103.73562952341321
2025-10-22 01:58:30.702943,89.12,44.09,154.47,90.09,86.37992425097985
2025-10-22 01:58:31.702943,113.39,28.75,267.71,120.26,118.7626048974581
2025-10-22 01:58:32.702942,66.95,34.44,98.43,124.01,71.43424581742646
2025-10-22 01:58:33.702942,62.83,49.51,70.89,109.54,67.81935214495583
2025-10-22 01:58:34.702941,127.6,87.72,224.02,95.95,130.31884008153577
2025-10-22 01:58:35.702941,86.8,31.02,144.99,135.41,85.99496593422423
2025-10-22 01:58:36.702940,122.11,40.48,250.41,148.61,125.07092336589274
2025-10-22 01:58:37.702940,56.04,27.74,105.06,47.33,54.82399709329676
2025-10-22 01:58:38.702939,93.17,40.52,182.31,81.74,91.30641943376256
2025-10-22 01:58:39.702939,101.39,34.95,186.49,118.56,97.0965741877281
2025-10-22 01:58:40.702938,109.49,39.56,274.21,12.22,104.64624502509456
2025-10-22 01:58:41.702938,102.54,75.23,191.06,14.79,98.00817200872623
2025-10-22 01:58:42.702937,125.8,34.89,279.48,132.75,127.86226598806385
2025-10-22 01:58:43.702937,75.86,23.14,132.13,116.02,74.32377705280166
2025-10-22 01:58:44.702936,81.25,25.29,210.21,51.7,86.09787355485341
2025-10-22 01:58:45.702935,62.23,23.63,95.48,137.98,67.9110466620628
2025-10-22 01:58:46.702935,122.64,91.2,254.54,33.4,128.8037495601671
2025-10-22 01:58:47.702934,51.99,47.97,80.42,22.52,52.60947590774895
2025-10-22 01:58:48.702934,71.58,40.73,159.69,40.2,76.34594234433081
2025-10-22 01:58:49.702933,101.08,78.22,157.22,70.03,100.3111508017851
2025-10-22 01:58:50.702933,49.31,46.35,67.3,42.82,51.88831427252474
2025-10-22 01:58:51.702932,143.08,76.5,279.73,73.95,137.08347983491208
2025-10-22 01:58:52.702932,101.95,87.69,184.49,24.89,104.28062047848502
2025-10-22 01:58:53.702931,73.57,62.44,101.65,51.2,71.94651305861873
2025-10-22 01:58:54.702931,69.81,31.08,93.18,148.97,73.13586859904339
2025-10-22 01:58:55.702930,128.07,56.9,273.39,58.41,122.26961894598564
2025-10-22 01:58:56.702930,68.99,79.65,79.77,25.71,68.91454243776577
2025-10-22 01:58:57.702929,68.96,68.07,90.34,39.36,69.00923565419619
2025-10-22 01:58:58.702929,67.52,84.03,72.06,30.04,69.64989604428615
2025-10-22 01:58:59.702928,141.73,34.55,292.12,112.25,127.4176356975745
2025-10-22 01:59:00.702928,74.45,85.8,77.98,43.75,75.04372766106918
2025-10-22 01:59:01.702927,77.19,56.36,71.41,140.7,77.60316979036682
2025-10-22 01:59:02.702927,66.78,52.39,86.64,96.71,71.44827100774133
2025-10-22 01:59:03.702926,122.41,56.24,260.0,93.09,124.80774724953267
2025-10-22 01:59:04.702925,86.74,66.46,110.95,93.41,85.15172984480581
2025-10-22 01:59:05.702925,59.03,35.36,82.55,116.75,65.67411055365395
2025-10-22 01:59:06.702924,72.3,78.67,79.1,74.91,78.00647243249716
2025-10-22 01:59:07.702924,85.0,86.16,123.52,12.81,82.77067179270986
2025-10-22 01:59:08.702923,95.89,52.07,172.92,89.63,95.83528784266052
2025-10-22 01:59:09.702923,121.06,89.28,246.55,24.35,123.63880785659258
2025-10-22 01:59:10.702922,110.15,97.99,208.32,34.39,118.49707064117187
2025-10-22 01:59:11.702922,115.5,33.36,276.06,105.32,120.6122320954523
2025-10-22 01:59:12.702921,115.68,58.01,239.07,30.36,106.9229488903312
2025-10-22 01:59:13.702921,91.79,64.0,204.74,44.38,102.38367592033431
2025-10-22 01:59:14.702920,133.26,59.68,294.25,79.51,134.1332592932464
2025-10-22 01:59:15.702920,126.64,89.7,244.86,20.93,122.66063172456772
2025-10-22 01:59:16.702919,96.12,43.83,137.08,132.4,89.43244073493706
2025-10-22 01:59:17.702919,116.41,98.8,105.87,134.49,107.98978329616217
2025-10-22 01:59:18.702918,94.45,32.46,204.72,61.48,89.98219891567162
2025-10-22 01:59:19.702918,104.27,30.2,287.07,45.86,110.51703353459028
2025-10-22 01:59:20.702917,96.54,81.69,178.79,53.11,105.17299590214192
2025-10-22 01:59:21.702916,157.0,96.6,229.5,135.86,144.3515274082385
2025-10-22 01:59:22.702916,114.19,96.04,112.92,138.75,109.57549925096176
2025-10-22 01:59:23.702914,118.24,89.43,223.16,29.75,117.75149830145517
2025-10-22 01:59:24.702914,64.03,47.65,87.35,87.02,67.36090639433618
2025-10-22 01:59:25.702913,62.28,42.89,63.62,77.86,56.01673822628012
2025-10-22 01:59:26.702913,51.27,27.54,72.46,66.84,48.79681490154882
2025-10-22 01:59:27.702912,82.53,38.53,184.55,42.04,83.08857237645526
2025-10-22 01:59:28.702912,105.45,30.17,272.8,67.89,110.59027899442542
2025-10-22 01:59:29.702911,125.95,63.65,272.63,18.29,117.44300184517408
2025-10-22 01:59:30.702911,123.02,59.27,199.3,140.36,117.46559721249787
2025-10-22 01:59:31.702910,108.41,98.89,115.56,149.18,113.87122906784984
2025-10-22 01:59:32.702910,116.46,73.82,164.77,122.74,110.86106616752767
2025-10-22 01:59:33.702909,83.62,30.32,192.19,66.86,86.21098715872932
2025-10-22 01:59:34.702909,96.41,64.98,177.0,67.8,99.18705742287766
2025-10-22 01:59:35.702908,103.69,56.86,146.06,142.03,100.5747369989638
2025-10-22 01:59:36.702908,86.24,88.98,84.57,72.64,84.3640922292157
2025-10-22 01:59:37.702907,118.29,81.62,177.12,90.2,112.01156423246336
2025-10-22 01:59:38.702906,153.38,95.95,282.61,49.69,142.86642141135133
2025-10-22 01:59:39.702906,68.25,56.87,108.45,50.37,71.03746028516126
2025-10-22 01:59:40.702905,117.44,27.53,257.54,127.12,116.45642805300736
2025-10-22 01:59:41.702905,148.77,96.21,289.87,98.49,154.88538041093693
2025-10-22 01:59:42.702904,80.02,58.24,112.14,85.64,79.8477081194713
2025-10-22 01:59:43.702904,65.22,21.66,128.66,76.73,64.72517146784892
2025-10-22 01:59:44.702903,91.73,55.57,160.27,71.59,90.19516086734805
2025-10-22 01:59:45.702903,121.61,69.37,214.64,136.55,126.38093927753557
2025-10-22 01:59:46.702902,156.1,81.4,296.85,124.57,154.75436193374958
2025-10-22 01:59:47.702902,109.83,96.92,135.73,100.79,109.32904742840994
2025-10-22 01:59:48.702901,115.19,56.71,197.15,94.02,106.32117043062114
2025-10-22 01:59:49.702901,100.61,25.6,224.46,80.55,96.27723548293078
2025-10-22 01:59:50.702900,50.02,36.78,65.41,44.75,46.910648788475626
2025-10-22 01:59:51.702900,98.45,33.14,189.43,109.93,95.35827592221194
2025-10-22 01:59:52.702899,144.26,78.75,287.78,128.63,151.5060805800605
2025-10-22 01:59:53.702899,93.43,97.61,163.95,25.95,103.28066351826911
2025-10-22 01:59:54.702898,86.05,20.07,203.33,82.14,87.46740622651977
2025-10-22 01:59:55.702897,79.49,32.56,165.92,76.86,81.41882000944857
2025-10-22 01:59:56.702897,148.56,82.8,294.86,82.34,146.45869075201995
2025-10-22 01:59:57.702896,104.55,24.6,295.16,43.64,109.70459524664126
2025-10-22 01:59:58.702896,107.27,85.13,114.36,134.53,103.70543863152935
2025-10-22 01:59:59.702895,134.13,93.88,197.1,87.82,123.68890715423876
2025-10-22 02:00:00.702895,91.72,95.36,139.65,30.92,95.83210317873557
2025-10-22 02:00:01.702894,111.45,52.29,212.17,91.36,108.09693080775803
2025-10-22 02:00:02.702894,127.92,84.14,244.25,40.85,123.65397297863903
2025-10-22 02:00:03.702893,94.64,85.25,95.35,112.75,93.71549601298229
2025-10-22 02:00:04.702893,48.6,34.01,74.52,56.04,50.50909841745427
2025-10-22 02:00:05.702892,126.92,76.31,255.22,23.46,119.57424409134804
2025-10-22 02:00:06.702892,47.58,37.83,52.06,51.32,44.72705210437228
2025-10-22 02:00:07.702891,94.68,30.68,178.48,84.32,85.73919217688703
2025-10-22 02:00:08.702891,109.19,75.48,188.31,71.02,108.48844222613809
2025-10-22 02:00:09.702890,101.36,98.44,88.65,140.35,103.79462718003929
2025-10-22 02:00:10.702890,131.25,96.26,264.87,28.62,133.49488112878853
2025-10-22 02:00:11.702889,105.31,95.12,154.59,60.4,106.0688666027477
2025-10-22 02:00:12.702889,149.75,72.92,289.8,116.7,146.8214322152204
2025-10-22 02:00:13.702888,25.22,26.33,50.14,27.21,33.5952479979437
2025-10-22 02:00:14.702887,101.41,71.99,105.49,133.22,94.19572205788032
2025-10-22 02:00:15.702887,132.14,71.64,239.5,135.19,134.7258913698924
2025-10-22 02:00:16.702886,63.48,21.53,171.39,23.13,66.85504542425741
2025-10-22 02:00:17.702886,107.97,91.61,189.65,15.82,105.99239564627909
2025-10-22 02:00:18.702885,82.39,80.04,79.72,111.87,86.2292710453056
2025-10-22 02:00:19.702885,96.12,74.28,201.4,21.6,101.9972160274463
2025-10-22 02:00:20.702884,78.1,31.91,174.51,52.72,78.87670929152158
2025-10-22 02:00:21.702884,90.29,21.48,219.22,57.07,87.96808277859928
2025-10-22 02:00:22.702883,106.72,20.97,219.12,141.61,104.49485954685022
2025-10-22 02:00:23.702883,108.4,51.67,218.94,77.88,107.14227207611637
2025-10-22 02:00:24.702882,90.43,78.37,58.45,142.67,85.11944790666756
2025-10-22 02:00:25.702882,123.86,29.11,296.98,117.18,127.13556646331045
2025-10-22 02:00:26.702881,117.92,90.38,118.11,144.01,109.34814690409712
2025-10-22 02:00:27.702881,130.78,75.88,247.41,70.5,126.3641773362706
2025-10-22 02:00:28.702880,62.64,22.87,97.66,116.1,63.8349915578166
2025-10-22 02:00:29.702879,66.46,55.46,124.9,11.64,67.5777320762225
2025-10-22 02:00:30.702879,85.72,26.34,177.17,76.64,81.64421430695002
2025-10-22 02:00:31.702878,63.1,64.83,89.57,41.74,67.62822384370942
2025-10-22 02:00:32.702878,65.19,37.39,98.25,131.49,74.34506919845705
2025-10-22 02:00:33.702877,72.42,29.24,161.3,23.41,67.73677430472608
2025-10-22 02:00:34.702877,117.61,90.16,199.32,42.89,113.5585335566948
2025-10-22 02:00:35.702876,132.63,88.13,277.76,41.21,135.8045456563235
2025-10-22 02:00:36.702876,86.01,92.66,113.72,45.04,89.48746422631619
2025-10-22 02:00:37.702875,52.62,46.17,75.17,50.07,55.607457118473214
2025-10-22 02:00:38.702875,125.01,77.37,271.05,36.32,127.42463602744537
2025-10-22 02:00:39.702874,66.71,38.7,134.88,44.81,68.78255040806107
2025-10-22 02:00:40.702874,89.13,24.3,226.2,88.31,97.69281084092965
2025-10-22 02:00:41.702873,130.87,86.02,267.11,56.03,134.49122332639666
2025-10-22 02:00:42.702873,109.9,39.73,272.56,70.62,115.84890068306436
2025-10-22 02:00:43.702872,71.12,79.08,81.55,64.48,76.87464450066742
2025-10-22 02:00:44.702872,140.19,91.36,286.83,51.87,142.27064055503564
2025-10-22 02:00:45.702871,121.93,62.25,248.76,96.56,125.1265076935999
2025-10-22 02:00:46.702870,66.01,29.27,122.7,93.79,70.13623009452385
2025-10-22 02:00:47.702870,119.39,96.23,139.42,147.96,119.47411709034775
2025-10-22 02:00:48.702869,82.4,36.85,185.21,28.04,79.66157852197958
2025-10-22 02:00:49.702869,114.95,55.04,294.7,33.66,122.82670406270796
2025-10-22 02:00:50.702868,51.27,35.99,76.52,27.16,46.35908758964331
2025-10-22 02:00:51.702868,76.82,56.07,112.57,54.48,72.69354785776557
2025-10-22 02:00:52.702867,124.39,47.4,274.1,102.66,126.52524301638543
2025-10-22 02:00:53.702867,87.47,38.07,195.03,33.87,84.38609829250237
2025-10-22 02:00:54.702866,106.91,36.03,268.03,27.48,104.05394158894865
2025-10-22 02:00:55.702866,98.52,84.53,127.42,87.62,98.00484226009328
2025-10-22 02:00:56.702865,50.62,54.33,65.13,52.81,57.21881439081708
2025-10-22 02:00:57.702865,75.96,49.66,62.64,144.4,72.3451924543702
2025-10-22 02:00:58.702864,75.64,85.96,54.94,125.84,84.51788485984434
2025-10-22 02:00:59.702864,105.24,55.02,227.36,52.9,106.385282017066
2025-10-22 02:01:00.702863,129.0,60.92,239.86,138.41,130.10567213742604
2025-10-22 02:01:01.702863,84.47,45.46,112.42,127.21,81.79829718903807
2025-10-22 02:01:02.702862,88.1,84.47,68.26,122.56,87.12636763203061
2025-10-22 02:01:03.702861,57.7,52.78,101.09,21.68,61.06948024182687
2025-10-22 02:01:04.702861,95.96,44.71,198.0,51.45,92.10114147576948
2025-10-22 02:01:05.702860,65.57,35.58,126.36,51.59,66.00525475549196
2025-10-22 02:01:06.702860,130.62,88.73,232.74,119.46,138.12325969794423
2025-10-22 02:01:07.702859,106.97,45.01,235.88,70.58,107.4510182717102
2025-10-22 02:01:08.702859,119.17,53.61,226.38,99.02,114.55608739718457
2025-10-22 02:01:09.702858,74.09,49.42,154.71,39.35,79.0309823459447
2025-10-22 02:01:10.702858,58.22,28.4,126.13,40.48,60.13070238463692
2025-10-22 02:01:11.702857,76.03,24.78,107.35,140.32,72.52315324212383
2025-10-22 02:01:12.702857,143.69,93.35,265.94,57.81,138.1643071450876
2025-10-22 02:01:13.702856,106.51,81.96,120.34,107.54,98.54931365832532
2025-10-22 02:01:14.702856,67.42,50.86,77.21,16.78,51.94971498526967
2025-10-22 02:01:15.702855,86.69,84.12,81.24,125.99,91.53791566821153
2025-10-22 02:01:16.702854,51.08,28.95,106.99,29.76,52.51648576552808
2025-10-22 02:01:17.702854,93.29,49.54,225.06,40.71,100.52464942825607
2025-10-22 02:01:18.702853,87.33,50.67,167.13,85.09,92.48948724188435
2025-10-22 02:01:19.702853,81.52,48.56,186.06,43.66,88.88828522726811
2025-10-22 02:01:20.702852,66.84,39.23,77.12,122.26,67.07458933678983
2025-10-22 02:01:21.702852,125.99,85.58,172.04,120.98,118.58779516577368
2025-10-22 02:01:22.702851,83.87,37.23,177.85,50.07,82.01887077110325
2025-10-22 02:01:23.702851,80.29,47.46,105.32,148.57,84.911903337159
2025-10-22 02:01:24.702850,136.99,97.44,210.33,115.4,134.93655389186245
2025-10-22 02:01:25.702849,71.4,70.46,73.96,57.59,68.90404331937975
2025-10-22 02:01:26.702849,137.7,65.1,266.99,118.67,136.43489009058516
2025-10-22 02:01:27.702848,94.18,29.6,190.4,129.02,97.67353352428658
2025-10-22 02:01:28.702848,95.57,89.27,131.92,68.08,97.84660526626415
2025-10-22 02:01:29.702847,97.62,76.01,195.89,16.64,100.21971231430769
2025-10-22 02:01:30.702847,89.04,78.21,153.87,12.14,87.78592021301797
2025-10-22 02:01:31.702846,109.88,23.41,270.07,50.82,102.98875730938717
2025-10-22 02:01:32.702846,70.01,83.62,98.32,29.75,77.28657532025235
2025-10-22 02:01:33.702845,94.82,76.95,173.07,52.82,101.0206772955051
2025-10-22 02:01:34.702845,141.2,66.62,298.41,88.91,140.72979527180556
2025-10-22 02:01:35.702844,138.75,84.99,296.13,66.85,144.8570901934405
2025-10-22 02:01:36.702844,129.7,46.2,254.61,86.17,116.78182213745896
2025-10-22 02:01:37.702843,62.81,44.54,85.3,106.06,68.97308197701773
2025-10-22 02:01:38.702843,86.19,27.01,214.44,40.35,85.97464154180275
2025-10-22 02:01:39.702842,98.07,36.95,205.15,108.31,101.67324729843175
2025-10-22 02:01:40.702842,95.89,68.56,116.53,146.97,98.53343439310301
2025-10-22 02:01:41.702841,98.37,54.36,106.77,130.1,85.13072302490289
2025-10-22 02:01:42.702840,156.34,78.01,260.7,148.61,146.96247879375431
2025-10-22 02:01:43.702840,123.37,59.26,224.95,110.08,119.15505917831835
2025-10-22 02:01:44.702839,61.1,29.71,57.13,107.22,53.30222893018992
2025-10-22 02:01:45.702839,135.13,84.56,288.83,47.51,138.59960202409866
2025-10-22 02:01:46.702838,57.39,45.97,108.9,48.85,65.41153320435735
2025-10-22 02:01:47.702838,51.93,33.57,52.86,65.1,45.57458562348749
2025-10-22 02:01:48.702837,102.54,90.75,133.19,80.49,101.4378280033106
2025-10-22 02:01:49.702837,92.88,43.76,141.33,136.87,91.56483215807688
2025-10-22 02:01:50.702836,119.43,41.32,281.11,120.32,129.10100676569328
2025-10-22 02:01:51.702836,87.0,66.07,96.55,135.12,88.91928776764274
2025-10-22 02:01:52.702835,68.47,39.1,140.37,45.6,70.7915215717349
2025-10-22 02:01:53.702835,113.71,92.05,180.54,31.54,106.59843644509809
2025-10-22 02:01:54.702834,141.31,83.15,239.58,130.08,139.4982676708103
2025-10-22 02:01:55.702834,100.6,30.81,283.53,24.94,105.5973005678583
2025-10-22 02:01:56.702833,110.16,32.1,269.23,90.61,115.00120309194526
2025-10-22 02:01:57.702833,136.83,97.18,226.75,112.12,139.09361502452455
2025-10-22 02:01:58.702832,80.69,28.23,184.13,70.29,83.4217167481841
2025-10-22 02:01:59.702831,151.74,67.9,283.87,141.73,147.50104042386297
2025-10-22 02:02:00.702831,77.86,54.73,185.5,36.18,90.32239742925039
2025-10-22 02:02:01.702830,110.67,82.19,164.37,90.49,108.51917633109255
2025-10-22 02:02:02.702830,89.13,85.53,58.78,114.5,83.2025402660119
2025-10-22 02:02:03.702829,58.55,59.3,52.18,45.54,54.3664619456795
2025-10-22 02:02:04.702829,107.69,25.35,267.6,91.55,111.31720682102537
2025-10-22 02:02:05.702828,94.69,74.04,107.15,96.08,88.33584053080251
2025-10-22 02:02:06.702828,120.05,98.57,146.58,117.06,116.65495331560547
2025-10-22 02:02:07.702827,141.9,73.6,281.52,68.76,135.1374348513299
2025-10-22 02:02:08.702827,105.91,20.93,242.23,100.39,103.22958528255063
2025-10-22 02:02:09.702826,123.39,90.2,199.71,93.88,123.83615645059852
2025-10-22 02:02:10.702826,60.16,23.11,136.88,66.69,65.92752846574493
2025-10-22 02:02:11.702825,106.35,96.04,166.71,35.41,105.20593316081961
2025-10-22 02:02:12.702825,79.18,53.83,180.53,16.3,84.42305626874466
2025-10-22 02:02:13.702824,117.95,96.16,176.47,94.01,119.85574541687237
2025-10-22 02:02:14.702823,72.22,53.65,146.64,13.69,73.61887001159097
2025-10-22 02:02:15.702823,74.6,49.21,101.7,92.21,73.49117382571602
2025-10-22 02:02:16.702822,86.63,61.44,176.7,11.12,86.05205499515166
2025-10-22 02:02:17.702822,90.21,74.6,74.48,127.32,85.00094837930881
2025-10-22 02:02:18.702821,45.92,22.73,76.57,53.82,45.03497101256873
2025-10-22 02:02:19.702821,133.16,35.44,293.87,110.06,127.95429721700926
2025-10-22 02:02:20.702820,153.74,91.05,295.83,72.67,148.95926748404872
2025-10-22 02:02:21.702820,96.36,55.01,212.2,45.35,100.31830022862738
2025-10-22 02:02:22.702819,106.33,58.89,161.35,110.49,99.91875653346702
2025-10-22 02:02:23.702819,61.13,33.1,86.14,63.93,55.11800998223257
2025-10-22 02:02:24.702818,76.08,23.41,115.91,137.26,73.80355456471095
2025-10-22 02:02:25.702818,136.02,89.6,211.2,145.4,137.2378180282119
2025-10-22 02:02:26.702817,139.91,75.46,258.99,104.13,136.3253177723329
2025-10-22 02:02:27.702817,146.13,88.1,277.25,108.2,148.9582515860989
2025-10-22 02:02:28.702816,139.92,74.01,286.79,81.33,139.4278949213904
2025-10-22 02:02:29.702816,77.63,67.2,59.49,118.88,75.10699945978429
2025-10-22 02:02:30.702815,44.66,23.43,61.56,66.71,43.4335578933197
2025-10-22 02:02:31.702815,121.25,65.34,261.16,42.12,119.57794533568624
2025-10-22 02:02:32.702814,49.67,25.3,101.42,42.94,51.63394191194494
2025-10-22 02:02:33.702813,104.92,54.01,275.52,38.33,117.46972195453873
2025-10-22 02:02:34.702813,48.15,20.1,115.25,21.34,48.894518333869804
2025-10-22 02:02:35.702812,80.38,32.7,200.87,33.67,83.41370477545877
2025-10-22 02:02:36.702812,137.61,85.97,294.43,74.12,146.2822656780162
2025-10-22 02:02:37.702811,97.83,50.55,240.13,17.97,101.04167958463309
2025-10-22 02:02:38.702811,91.67,39.66,243.7,13.86,95.84427030504989
2025-10-22 02:02:39.702810,65.47,27.5,92.56,142.99,69.96716476646523
2025-10-22 02:02:40.702810,93.39,64.51,211.07,35.13,102.7037995067972
2025-10-22 02:02:41.702809,75.87,59.49,62.76,146.28,77.67829731495502
2025-10-22 02:02:42.702809,97.73,91.42,67.55,135.45,92.95693789060374
2025-10-22 02:02:43.702808,81.23,46.16,146.5,42.69,75.59272176320061
2025-10-22 02:02:44.702808,135.63,76.54,284.39,88.12,141.32331831675643
2025-10-22 02:02:45.702807,101.2,29.19,213.11,96.32,97.79697610520724
2025-10-22 02:02:46.702807,153.07,88.89,297.85,76.0,149.14737823826914
2025-10-22 02:02:47.702806,91.12,39.4,168.27,103.31,90.81147371802561
2025-10-22 02:02:48.702806,112.68,39.81,236.86,84.29,107.86800187226534
2025-10-22 02:02:49.702805,99.26,85.95,101.08,104.04,94.05766983381913
2025-10-22 02:02:50.702804,110.19,36.6,272.82,76.11,115.45130942485558
2025-10-22 02:02:51.702804,76.92,21.79,182.65,47.28,75.17521777505291
2025-10-22 02:02:52.702803,112.85,90.85,174.66,74.68,112.80774234526784
2025-10-22 02:02:53.702803,94.46,81.16,84.89,117.76,89.51679933030748
2025-10-22 02:02:54.702802,128.13,59.73,258.14,24.83,112.42138483300562
2025-10-22 02:02:55.702802,112.09,97.53,199.65,26.83,114.15508840248957
2025-10-22 02:02:56.702801,80.35,63.55,91.17,99.09,78.87355289688057
2025-10-22 02:02:57.702801,117.85,96.88,185.21,106.03,125.23595088459193
2025-10-22 02:02:58.702800,133.19,40.09,299.68,118.3,133.66961446905609
2025-10-22 02:02:59.702800,117.38,53.52,279.11,20.66,114.79028822317467
2025-10-22 02:03:00.702799,124.32,67.85,296.98,51.03,133.38252076855878
2025-10-22 02:03:01.702799,118.36,89.41,217.52,22.21,114.54536023451689
2025-10-22 02:03:02.702798,84.52,91.41,108.03,25.21,83.20618212431316
2025-10-22 02:03:03.702798,132.07,57.19,257.74,138.3,133.59447860666603
2025-10-22 02:03:04.702797,95.9,88.1,109.05,124.94,101.68836843372695
2025-10-22 02:03:05.702797,83.86,21.64,180.0,83.91,81.58743127119216
2025-10-22 02:03:06.702796,123.36,58.83,292.81,27.51,122.93324239679673
2025-10-22 02:03:07.702795,165.04,92.68,293.21,110.01,156.41317482866506
2025-10-22 02:03:08.702795,82.89,75.86,50.13,146.49,82.11917362211186
2025-10-22 02:03:09.702794,74.14,45.66,116.11,108.3,79.24792099462056
2025-10-22 02:03:10.702794,83.78,95.31,85.92,94.28,92.24394395322973
2025-10-22 02:03:11.702793,85.14,27.55,245.28,25.38,92.54551104303923
2025-10-22 02:03:12.702793,58.31,41.17,52.1,132.21,62.498263022279325
2025-10-22 02:03:13.702792,155.45,74.09,283.05,149.79,151.95735958843343
2025-10-22 02:03:14.702792,86.52,35.24,212.37,18.8,85.18814162420006
2025-10-22 02:03:15.702791,52.65,28.08,90.67,54.85,52.16087824840054
2025-10-22 02:03:16.702791,122.83,61.56,250.95,85.74,123.28799632554197
2025-10-22 02:03:17.702790,115.83,89.43,165.2,117.12,117.69070175096464
2025-10-22 02:03:18.702790,122.68,59.91,255.98,64.33,119.71702663788501
2025-10-22 02:03:19.702789,120.88,66.67,197.77,134.87,119.61967290600015
2025-10-22 02:03:20.702789,133.18,70.78,243.31,145.4,137.47176664435202
2025-10-22 02:03:21.702788,126.43,43.18,287.09,97.46,127.28536801731038
2025-10-22 02:03:22.702787,103.8,68.07,140.08,105.36,97.09759275330626
2025-10-22 02:03:23.702787,100.75,60.57,185.28,24.66,90.89009159244854
2025-10-22 02:03:24.702786,96.26,49.05,142.73,148.97,97.04166604133148
2025-10-22 02:03:25.702786,108.73,24.84,214.42,131.58,103.02453612748062
2025-10-22 02:03:26.702785,115.47,33.27,291.48,56.41,115.4792715168116
2025-10-22 02:03:27.702785,76.77,36.15,167.33,78.57,83.9810192565918
2025-10-22 02:03:28.702784,100.49,31.83,268.79,55.51,107.75335746096847
2025-10-22 02:03:29.702784,76.22,48.96,90.64,102.61,72.10705644650645
2025-10-22 02:03:30.702783,157.86,75.3,294.25,138.84,153.75500973120717
2025-10-22 02:03:31.702783,97.76,23.23,252.39,86.21,104.61793548166354
2025-10-22 02:03:32.702782,86.26,33.14,229.29,37.14,92.87361436180862
2025-10-22 02:03:33.702782,107.11,67.22,182.35,63.41,101.04530049530561
2025-10-22 02:03:34.702781,86.81,36.68,171.11,54.86,80.66842517296689
2025-10-22 02:03:35.702781,99.49,45.1,239.59,48.71,104.26291896852831
2025-10-22 02:03:36.702780,107.73,74.72,148.31,121.03,106.02015141709619
2025-10-22 02:03:37.702780,48.05,29.55,115.11,30.57,55.42077210920592
2025-10-22 02:03:38.702779,97.03,85.48,157.7,41.61,98.43973286519774
2025-10-22 02:03:39.702778,115.45,26.2,287.69,50.12,109.54741234428549
2025-10-22 02:03:40.702778,73.39,22.71,174.31,43.39,72.35349478143657
2025-10-22 02:03:41.702777,79.71,60.37,99.8,149.41,89.88407589721132
2025-10-22 02:03:42.702777,126.97,54.59,278.14,58.94,122.64703073755253
2025-10-22 02:03:43.702776,51.88,40.79,90.77,38.07,55.219477177987635
2025-10-22 02:03:44.702776,109.63,62.68,213.3,53.22,106.055645097255
2025-10-22 02:03:45.702775,71.86,82.85,75.17,11.46,66.29952519556312
2025-10-22 02:03:46.702775,103.99,39.82,254.74,40.14,104.47176654343059
2025-10-22 02:03:47.702774,134.97,42.42,297.99,133.74,137.39866503159791
2025-10-22 02:03:48.702774,94.99,97.54,83.02,106.4,94.89867133031842
2025-10-22 02:03:49.702773,71.32,86.71,82.35,40.51,76.16975863520878
2025-10-22 02:03:50.702773,92.82,45.17,228.1,37.2,98.55251834796697
2025-10-22 02:03:51.702772,82.56,89.31,90.94,86.98,89.2973906312864
2025-10-22 02:03:52.702772,97.64,22.28,189.65,144.55,96.87027322358328
2025-10-22 02:03:53.702771,125.22,44.75,271.81,104.7,124.91484890123533
2025-10-22 02:03:54.702770,121.42,54.2,265.91,66.44,120.26411457598716
2025-10-22 02:03:55.702770,88.85,54.81,189.49,41.25,92.5710188858281
2025-10-22 02:03:56.702769,96.57,63.42,130.82,142.81,99.43069434803262
2025-10-22 02:03:57.702769,136.46,94.6,230.04,84.27,133.25273011027318
2025-10-22 02:03:58.702768,83.38,48.54,107.97,139.95,84.53574569282209
2025-10-22 02:03:59.702768,123.77,73.91,190.28,125.02,119.03362988216811
2025-10-22 02:04:00.702767,74.58,90.49,79.33,55.76,80.18712564547226
2025-10-22 02:04:01.702767,118.29,36.72,243.73,147.02,120.86209466755786
2025-10-22 02:04:02.702766,136.81,98.1,196.75,122.53,132.59981045927157
2025-10-22 02:04:03.702766,129.4,57.82,264.38,92.39,126.77746504828025
2025-10-22 02:04:04.702765,130.2,77.28,279.79,12.84,125.33936533590452
2025-10-22 02:04:05.702765,78.66,62.46,145.77,48.24,84.64032319290567
2025-10-22 02:04:06.702764,130.66,92.56,234.47,25.31,121.83845729506955
2025-10-22 02:04:07.702764,83.15,73.41,54.7,129.2,78.82849720157122
2025-10-22 02:04:08.702763,101.02,41.75,206.8,77.68,98.4822623304018
2025-10-22 02:04:09.702763,107.31,67.62,215.61,55.37,109.65220667087054
2025-10-22 02:04:10.702762,84.56,37.25,113.56,142.91,81.15166903380285
2025-10-22 02:04:11.702761,77.52,73.12,56.04,108.56,74.98173323695619
2025-10-22 02:04:12.702761,101.14,36.47,191.23,146.22,104.78442968484826
2025-10-22 02:04:13.702760,82.94,79.89,68.76,109.9,82.46532468222674
2025-10-22 02:04:14.702760,100.39,61.62,192.44,59.56,100.51035969775482
2025-10-22 02:04:15.702759,123.19,36.17,287.73,82.04,120.90055482860419
2025-10-22 02:04:16.702759,94.94,60.57,143.77,119.1,97.18387753786719
2025-10-22 02:04:17.702758,129.45,91.84,226.45,123.77,138.64575791299882
2025-10-22 02:04:18.702758,66.13,68.88,92.45,33.23,68.83058930676314
2025-10-22 02:04:19.702757,96.0,53.78,166.25,78.55,92.48173868324304
2025-10-22 02:04:20.702757,110.64,63.41,215.33,32.55,102.92132907574032
2025-10-22 02:04:21.702756,82.42,37.33,133.99,135.03,85.77053194369027
2025-10-22 02:04:22.702756,100.11,64.65,158.87,105.47,101.05915829826522
2025-10-22 02:04:23.702755,91.93,59.62,102.6,121.55,84.81031190208185
2025-10-22 02:04:24.702754,81.58,71.07,84.01,72.31,75.1601827770203
2025-10-22 02:04:25.702754,98.04,57.34,222.89,22.42,100.14102002208273
2025-10-22 02:04:26.702753,66.59,30.41,74.86,122.99,62.122597540523984
2025-10-22 02:04:27.702753,73.59,36.49,109.08,118.18,74.50533976191366
2025-10-22 02:04:28.702752,86.34,52.35,173.77,24.13,83.20538260024142
2025-10-22 02:04:29.702752,92.59,46.65,202.34,29.88,90.0887537471789
2025-10-22 02:04:30.702751,114.83,45.4,257.84,98.73,119.85060725694291
2025-10-22 02:04:31.702751,70.89,60.66,105.91,62.52,74.58774194904359
2025-10-22 02:04:32.702750,79.87,63.6,114.52,30.62,72.30640457277144
2025-10-22 02:04:33.702750,121.26,65.47,268.21,51.87,123.70283683263894
2025-10-22 02:04:34.702749,105.21,74.6,188.37,15.79,97.08229657143924
2025-10-22 02:04:35.702749,42.13,41.34,80.22,13.86,47.506629481558974
2025-10-22 02:04:36.702748,87.89,76.18,144.41,30.97,87.66810676119549
2025-10-22 02:04:37.702748,121.64,33.79,286.51,37.23,110.43031284741224
2025-10-22 02:04:38.702747,72.5,33.86,179.95,11.43,73.27856596329053
2025-10-22 02:04:39.702747,80.81,22.39,198.77,87.53,88.32945685245082
2025-10-22 02:04:40.702746,59.79,35.17,55.46,134.85,61.02908422282967
2025-10-22 02:04:41.702746,64.83,39.7,64.76,130.51,65.23242827719413
2025-10-22 02:04:42.702745,113.65,52.53,181.15,137.67,108.09507403566627
2025-10-22 02:04:43.702744,111.13,39.96,255.47,98.17,116.30178213066822
2025-10-22 02:04:44.702744,115.49,69.77,185.96,103.88,111.45657111338012
2025-10-22 02:04:45.702743,94.59,47.25,223.0,29.01,96.43130000992355
2025-10-22 02:04:46.702743,102.02,75.5,128.39,114.36,99.09189533370373
2025-10-22 02:04:47.702742,52.23,50.47,69.59,34.59,53.00393330908807
2025-10-22 02:04:48.702742,126.69,74.27,265.3,26.26,122.14171161649162
2025-10-22 02:04:49.702741,73.18,62.01,124.53,57.79,79.92459424302498
2025-10-22 02:04:50.702741,110.47,47.56,241.57,49.21,106.19002394435435
2025-10-22 02:04:51.702740,90.13,43.72,159.01,125.64,94.63011729190183
2025-10-22 02:04:52.702740,134.08,59.53,271.8,100.88,131.5543962167652
2025-10-22 02:04:53.702739,117.3,25.85,291.19,97.07,119.7618555108126
2025-10-22 02:04:54.702739,102.25,71.55,164.06,87.38,102.47863690008447
2025-10-22 02:04:55.702738,91.59,72.17,114.8,92.73,89.0344048085212
2025-10-22 02:04:56.702738,105.0,64.21,200.27,75.04,107.24144344015636
2025-10-22 02:04:57.702737,127.92,43.33,293.99,110.46,132.02147242439932
2025-10-22 02:04:58.702737,120.08,45.96,206.94,148.92,114.80020177818616
2025-10-22 02:04:59.702736,62.09,56.08,62.25,84.33,63.49719585165695
2025-10-22 02:05:00.702736,109.86,81.08,219.88,40.21,114.66303634754904
2025-10-22 02:05:01.702735,82.1,54.35,145.87,43.99,79.76350673091673
2025-10-22 02:05:02.702734,103.09,30.79,283.39,15.9,103.74740372762372
2025-10-22 02:05:03.702733,131.23,82.66,206.03,127.17,128.58144538980935
2025-10-22 02:05:04.702732,94.68,79.6,165.08,13.9,92.20433693982802
2025-10-22 02:05:05.702732,152.36,90.25,294.51,34.99,140.66817756610982
2025-10-22 02:05:06.702731,90.09,61.83,79.13,116.9,77.93201981804047
2025-10-22 02:05:07.702731,85.07,86.89,127.94,35.53,88.98420246039088
2025-10-22 02:05:08.702730,106.01,48.3,177.72,131.64,103.74556793838354
2025-10-22 02:05:09.702730,108.14,36.14,235.37,73.39,103.41407552786555
2025-10-22 02:05:10.702729,94.13,70.0,144.32,86.08,95.5055213482565
2025-10-22 02:05:11.702729,69.22,42.46,114.53,55.35,66.63991945142925
2025-10-22 02:05:12.702728,92.98,80.49,134.22,97.61,100.01380484908715
2025-10-22 02:05:13.702728,96.51,26.6,228.99,81.38,98.30586491823405
2025-10-22 02:05:14.702727,54.15,50.49,57.61,55.73,53.6141193190459
2025-10-22 02:05:15.702727,140.53,58.13,279.23,98.19,132.55342043361722
2025-10-22 02:05:16.702726,122.58,77.37,177.22,119.76,115.79166127358667
2025-10-22 02:05:17.702726,123.11,49.65,244.85,136.17,125.51700402998428
2025-10-22 02:05:18.702725,92.55,80.47,134.59,52.89,91.2217271756217
2025-10-22 02:05:19.702725,116.53,27.13,286.4,69.27,113.43343422902112
2025-10-22 02:05:20.702724,93.68,79.84,87.41,119.56,89.97175048444464
2025-10-22 02:05:21.702723,88.7,74.75,89.65,115.85,87.35858926620762
2025-10-22 02:05:22.702723,90.77,78.05,146.1,11.47,85.23512855029027
2025-10-22 02:05:23.702722,96.03,62.0,144.07,119.36,98.04201427823874
2025-10-22 02:05:24.702722,118.36,62.38,265.69,18.71,114.80274308979936
2025-10-22 02:05:25.702721,76.73,58.53,161.47,31.22,84.01030951420559
2025-10-22 02:05:26.702721,103.69,81.72,139.4,76.39,97.96812713714839
2025-10-22 02:05:27.702720,90.48,50.44,130.03,132.03,90.54850628887604
2025-10-22 02:05:28.702720,88.24,27.04,183.17,121.51,92.72294633204059
2025-10-22 02:05:29.702719,120.34,73.0,175.59,148.83,118.89378486320565
2025-10-22 02:05:30.702719,75.47,47.87,69.21,124.56,69.47960132510175
2025-10-22 02:05:31.702718,74.22,59.41,81.83,130.2,80.1771887682295
2025-10-22 02:05:32.702718,118.35,88.93,224.38,54.41,122.77217148723001
2025-10-22 02:05:33.702717,43.78,20.06,82.27,32.18,41.10897109251179
2025-10-22 02:05:34.702717,102.02,96.88,111.91,97.5,101.48906454400888
2025-10-22 02:05:35.702716,69.74,45.38,171.47,19.56,78.11388945305998
2025-10-22 02:05:36.702715,108.62,28.18,254.48,124.63,115.36625768249671
2025-10-22 02:05:37.702715,112.06,58.69,175.98,145.49,111.18004710202118
2025-10-22 02:05:38.702714,61.52,28.5,121.86,36.3,58.06499092064111
2025-10-22 02:05:39.702714,156.75,95.77,295.97,79.72,152.76730671305833
2025-10-22 02:05:40.702713,84.74,80.89,117.56,73.61,90.42954852865964
2025-10-22 02:05:41.702713,92.51,27.94,240.33,65.02,99.13486363004674
2025-10-22 02:05:42.702712,110.13,79.5,214.86,18.77,108.09785746421441
2025-10-22 02:05:43.702712,106.27,54.16,182.72,132.22,108.29989029484008
2025-10-22 02:05:44.702711,146.24,95.78,245.8,113.63,144.4234817555383
2025-10-22 02:05:45.702711,73.04,83.44,93.48,24.15,74.62676911273292
2025-10-22 02:05:46.702710,95.14,36.92,227.55,35.93,94.00267510828274
2025-10-22 02:05:47.702710,89.11,81.1,134.65,79.6,96.86705623313347
2025-10-22 02:05:48.702709,154.33,98.26,271.65,92.11,149.16225107133874
2025-10-22 02:05:49.702709,90.69,28.03,158.55,128.7,87.24228923432916
2025-10-22 02:05:50.702708,111.93,74.93,174.35,67.49,103.31145320280497
2025-10-22 02:05:51.702708,46.72,27.84,73.04,45.22,44.82202100253157
2025-10-22 02:05:52.702707,100.58,30.11,234.34,46.73,94.78242015505761
2025-10-22 02:05:53.702706,63.16,65.05,52.59,68.19,61.8739137481744
2025-10-22 02:05:54.702706,90.68,82.3,131.02,38.05,88.11309503043462
2025-10-22 02:05:55.702705,142.04,87.81,216.97,145.98,138.19244600720995
2025-10-22 02:05:56.702705,108.88,78.66,183.6,43.94,103.27884406957766
2025-10-22 02:05:57.702704,39.63,39.98,64.52,22.18,43.757116070070595
2025-10-22 02:05:58.702704,119.66,48.03,255.04,76.9,115.98418739425813
2025-10-22 02:05:59.702703,138.91,59.24,271.91,132.18,137.66680834306098
2025-10-22 02:06:00.702703,106.53,76.65,203.49,35.7,106.61693907649546
2025-10-22 02:06:01.702702,95.34,83.6,106.29,101.78,93.99858739351158
2025-10-22 02:06:02.702702,59.43,35.16,90.59,80.47,60.77766317829327
2025-10-22 02:06:03.702701,59.07,44.98,90.55,30.6,55.766220438896994
2025-10-22 02:06:04.702701,90.14,67.17,118.99,131.32,95.46503545305963
2025-10-22 02:06:05.702700,133.82,94.3,239.49,63.25,131.76508680612486
2025-10-22 02:06:06.702700,96.59,59.02,182.03,75.16,99.17894698902737
2025-10-22 02:06:07.702699,124.29,79.8,229.93,85.65,126.08182976512256
2025-10-22 02:06:08.702699,76.08,40.31,143.36,19.99,67.20398889975498
2025-10-22 02:06:09.702698,87.79,52.6,138.69,89.36,85.7497588632706
2025-10-22 02:06:10.702698,62.51,40.8,60.94,134.39,65.40579024173152
2025-10-22 02:06:11.702697,105.11,54.33,217.0,93.39,110.97530996320458
2025-10-22 02:06:12.702696,85.01,61.59,110.88,89.49,81.912080433581
2025-10-22 02:06:13.702696,62.96,54.65,64.24,100.5,66.5953480864817
2025-10-22 02:06:14.702695,121.83,36.93,255.75,112.85,117.78788496100027
2025-10-22 02:06:15.702695,112.33,33.76,284.42,41.73,110.68146669772143
2025-10-22 02:06:16.702694,59.1,68.95,62.58,13.1,55.87676700546097
2025-10-22 02:06:17.702694,70.34,41.22,113.99,96.42,74.02394669197155
2025-10-22 02:06:18.702693,121.11,61.11,231.36,116.82,123.3502533583668
2025-10-22 02:06:19.702693,51.25,58.0,97.24,12.76,60.751719256803696
2025-10-22 02:06:20.702692,131.6,82.42,268.52,50.49,132.0106815003007
2025-10-22 02:06:21.702692,94.3,47.23,136.45,90.04,82.52169507580271
2025-10-22 02:06:22.702691,92.27,88.94,149.16,21.87,93.67789235166046
2025-10-22 02:06:23.702691,80.66,30.11,149.36,85.43,76.9144112230974
2025-10-22 02:06:24.702690,120.16,53.82,200.74,148.12,116.71249064848223
2025-10-22 02:06:25.702690,120.72,88.6,234.92,27.16,120.35845745939034
2025-10-22 02:06:26.702689,55.99,22.22,111.3,46.2,53.71186281530456
2025-10-22 02:06:27.702689,81.33,76.01,91.08,120.95,89.43403870098598
2025-10-22 02:06:28.702688,89.79,72.45,137.28,47.01,86.84497000663411
2025-10-22 02:06:29.702688,74.02,27.61,174.81,57.19,77.70233776972498
2025-10-22 02:06:30.702687,72.55,41.45,129.53,56.39,70.85329584081157
2025-10-22 02:06:31.702686,76.0,53.63,88.29,111.24,75.4552086918651
2025-10-22 02:06:32.702686,127.23,69.73,250.75,82.81,126.73690924126228
2025-10-22 02:06:33.702685,89.21,79.95,76.34,121.77,87.13619569822396
2025-10-22 02:06:34.702685,77.19,51.66,148.34,28.72,76.1226100527313
2025-10-22 02:06:35.702684,118.81,34.89,253.99,140.52,121.73941437033363
2025-10-22 02:06:36.702684,146.29,82.4,296.59,95.11,149.31833013551733
2025-10-22 02:06:37.702683,76.94,23.54,116.23,127.79,72.0816486581868
2025-10-22 02:06:38.702683,129.37,49.02,276.61,136.99,134.9187873657499
2025-10-22 02:06:39.702682,124.32,64.29,288.07,32.19,125.17254658139846
2025-10-22 02:06:40.702682,68.3,52.91,105.69,54.68,69.08102377489357
2025-10-22 02:06:41.702681,102.66,35.86,230.4,34.05,93.95528058701699
2025-10-22 02:06:42.702681,125.78,51.32,255.73,138.24,130.0380288931197
2025-10-22 02:06:43.702680,115.28,88.83,163.56,85.44,110.59671964816565
2025-10-22 02:06:44.702680,66.81,22.24,187.15,29.61,73.24031353521593
2025-10-22 02:06:45.702679,62.01,30.35,153.15,32.99,67.74611435259041
2025-10-22 02:06:46.702679,102.04,73.62,154.32,75.01,98.12531046077626
2025-10-22 02:06:47.702678,62.34,60.14,55.27,100.13,66.57290096009447
2025-10-22 02:06:48.702677,93.28,33.74,172.17,109.86,90.45259528349138
2025-10-22 02:06:49.702677,83.37,80.52,92.99,78.57,83.8393321986387
2025-10-22 02:06:50.702676,141.98,98.6,222.11,117.9,139.55841325225276
2025-10-22 02:06:51.702676,90.53,76.69,164.66,49.86,97.77186705978755
2025-10-22 02:06:52.702675,116.69,86.83,134.28,141.07,111.84989410664875
2025-10-22 02:06:53.702675,112.16,62.41,264.34,50.57,120.74758003917766
2025-10-22 02:06:54.702674,78.49,49.26,138.45,52.07,76.58901758128641
2025-10-22 02:06:55.702674,142.28,77.49,288.01,69.64,139.21301807111342
2025-10-22 02:06:56.702673,70.23,27.8,209.56,12.6,79.38368383508576
2025-10-22 02:06:57.702673,84.92,38.46,154.79,102.12,86.04890902423625
2025-10-22 02:06:58.702672,104.04,63.4,236.29,11.21,104.97779507672438
2025-10-22 02:06:59.702672,105.61,69.06,188.09,40.94,99.22500539281293
2025-10-22 02:07:00.702671,81.21,20.05,206.34,82.51,88.43645694829382
2025-10-22 02:07:01.702671,101.92,23.31,268.66,22.77,96.93626894220145
2025-10-22 02:07:02.702670,50.23,25.94,60.48,108.62,52.70029116125666
2025-10-22 02:07:03.702670,107.13,83.36,132.71,106.58,102.78077645750271
2025-10-22 02:07:04.702669,80.61,38.84,144.05,99.43,82.47339815655037
2025-10-22 02:07:05.702668,121.06,36.83,272.29,106.27,121.40491396573728
2025-10-22 02:07:06.702668,123.85,94.35,245.89,32.71,127.64199270828675
2025-10-22 02:07:07.702667,104.71,80.4,106.32,139.45,99.89631311776719
2025-10-22 02:07:08.702667,134.99,68.07,299.84,32.45,130.6581019262513
2025-10-22 02:07:09.702666,114.15,37.07,221.52,135.18,112.00144488923833
2025-10-22 02:07:10.702666,112.32,62.51,181.23,135.41,112.66795740874939
2025-10-22 02:07:11.702665,95.84,39.18,154.82,114.21,88.82284096003755
2025-10-22 02:07:12.702665,91.92,86.6,149.85,35.29,95.38233141695983
2025-10-22 02:07:13.702664,61.4,33.42,57.28,120.96,57.937866033631394
2025-10-22 02:07:14.702664,96.0,98.1,101.34,79.3,95.3009500594733
2025-10-22 02:07:15.702663,87.64,34.38,215.43,21.93,86.30041359321719
2025-10-22 02:07:16.702663,96.43,27.51,264.86,17.16,96.78095752852887
2025-10-22 02:07:17.702662,131.54,77.9,190.06,129.83,121.92230387532922
2025-10-22 02:07:18.702662,108.66,96.31,163.81,29.16,103.22583767627208
2025-10-22 02:07:19.702661,118.65,26.56,270.02,131.07,120.5104612903665
2025-10-22 02:07:20.702661,121.49,69.33,230.22,56.3,115.08863627584385
2025-10-22 02:07:21.702660,126.18,79.73,223.37,64.37,119.84144724397565
2025-10-22 02:07:22.702660,114.81,79.5,161.37,143.15,116.74184925762341
2025-10-22 02:07:23.702659,93.68,85.28,137.6,93.67,102.64602136732873
2025-10-22 02:07:24.702658,58.44,45.86,134.88,12.55,65.95300100948003
2025-10-22 02:07:25.702658,73.79,42.79,108.88,94.46,72.8832442843571
2025-10-22 02:07:26.702657,126.94,72.73,258.12,65.52,127.01805544094964
2025-10-22 02:07:27.702657,118.02,66.05,246.79,98.28,126.77907758506291
2025-10-22 02:07:28.702656,128.94,91.31,262.43,34.33,131.41730458587415
2025-10-22 02:07:29.702656,81.52,48.31,132.1,104.7,84.66939729688517
2025-10-22 02:07:30.702655,131.09,91.73,276.27,19.79,132.89954628799745
2025-10-22 02:07:31.702655,121.74,96.38,217.34,45.6,122.63349641128093
2025-10-22 02:07:32.702654,50.64,26.35,94.12,11.03,43.6179105576891
2025-10-22 02:07:33.702654,146.84,83.16,280.78,98.83,145.6826884197695
2025-10-22 02:07:34.702653,70.35,31.68,116.65,89.23,68.61639016189557
2025-10-22 02:07:35.702653,93.06,94.74,148.33,54.71,102.86382390565505
2025-10-22 02:07:36.702652,57.1,24.16,128.72,54.92,61.6579836850403
2025-10-22 02:07:37.702652,64.64,45.13,97.62,63.28,64.46718300293828
2025-10-22 02:07:38.702651,82.81,66.7,98.88,104.37,83.82054965430548
2025-10-22 02:07:39.702651,129.86,83.3,226.34,147.24,139.00302679245402
2025-10-22 02:07:40.702650,76.85,39.42,167.35,33.34,76.62995240478509
2025-10-22 02:07:41.702649,140.24,74.24,294.0,98.96,145.2180793634314
2025-10-22 02:07:42.702649,83.24,64.87,90.06,94.74,78.33565355595168
2025-10-22 02:07:43.702648,82.24,78.04,107.47,72.47,85.74014676524695
2025-10-22 02:07:44.702648,84.08,33.84,184.85,52.54,82.91805079069945
2025-10-22 02:07:45.702647,83.0,79.88,124.15,33.8,83.98922997535672
2025-10-22 02:07:46.702647,116.86,29.6,296.01,46.5,113.03319665883453
2025-10-22 02:07:47.702646,101.12,46.3,218.52,50.94,98.96898372496628
2025-10-22 02:07:48.702646,111.03,53.92,231.01,125.48,121.36620943500839
2025-10-22 02:07:49.702645,145.84,91.62,293.01,67.38,147.34439938856735
2025-10-22 02:07:50.702645,125.67,62.25,247.64,112.67,127.99334239402845
2025-10-22 02:07:51.702644,128.56,60.47,255.22,145.34,135.8791404530169
2025-10-22 02:07:52.702644,127.89,81.33,211.07,111.53,126.32121580299984
2025-10-22 02:07:53.702643,83.32,73.05,133.43,11.96,79.0169711019995
2025-10-22 02:07:54.702643,84.42,82.43,97.1,105.16,91.32020153902423
2025-10-22 02:07:55.702642,118.94,88.42,202.68,88.19,122.70657903729794
2025-10-22 02:07:56.702642,120.45,50.98,270.74,99.37,126.6531552124887
2025-10-22 02:07:57.702641,62.03,37.22,95.24,75.37,62.19398299769811
2025-10-22 02:07:58.702641,78.77,96.42,78.88,67.47,85.35040263751007
2025-10-22 02:07:59.702640,94.52,23.11,226.13,111.67,101.7213194356309
2025-10-22 02:08:00.702639,54.79,25.22,88.18,73.6,53.708225621886534
2025-10-22 02:08:01.702639,62.86,27.66,119.91,26.99,55.2062262097283
2025-10-22 02:08:02.702638,112.44,53.28,263.43,35.7,112.94410955576988
2025-10-22 02:08:03.702638,54.16,63.17,63.69,21.65,55.016220332534736
2025-10-22 02:08:04.702637,116.92,47.09,268.66,50.8,114.42021054290404
2025-10-22 02:08:05.702637,92.93,69.08,173.15,87.86,104.07155765122762
2025-10-22 02:08:06.702636,108.63,35.41,236.37,129.38,114.48390395010027
2025-10-22 02:08:07.702636,84.56,97.63,79.42,64.02,85.43275613085174
2025-10-22 02:08:08.702635,99.52,24.81,265.45,58.47,103.82143823913688
2025-10-22 02:08:09.702635,80.38,35.06,108.09,140.75,77.97978431648345
2025-10-22 02:08:10.702634,82.05,49.04,184.33,46.69,89.2108228314683
2025-10-22 02:08:11.702634,69.22,30.55,137.96,58.26,68.30212181629182
2025-10-22 02:08:12.702633,113.16,75.95,196.57,48.51,106.73214020342286
2025-10-22 02:08:13.702633,140.8,83.49,253.53,131.1,144.06791655304835
2025-10-22 02:08:14.702632,87.46,62.8,182.09,21.66,90.45069873256452
2025-10-22 02:08:15.702632,112.83,90.89,182.17,125.0,125.09400480187296
2025-10-22 02:08:16.702631,63.91,90.72,65.46,49.75,74.93466433787202
2025-10-22 02:08:17.702631,96.33,76.6,164.19,36.81,94.99017995828056
2025-10-22 02:08:18.702630,143.14,93.88,276.44,59.06,141.83700321280998
2025-10-22 02:08:19.702629,116.79,35.25,269.25,103.55,119.15817520058621
2025-10-22 02:08:20.702629,95.33,73.92,120.48,127.39,98.5123014505446
2025-10-22 02:08:21.702628,59.88,44.59,95.53,22.77,55.511876438508764
2025-10-22 02:08:22.702628,130.1,94.75,182.07,103.9,122.80100638121755
2025-10-22 02:08:23.702627,78.59,73.28,66.14,106.96,77.7820195894313
2025-10-22 02:08:24.702627,67.81,53.02,50.36,125.45,66.56528556917866
2025-10-22 02:08:25.702626,101.1,55.5,180.8,112.59,104.48963891452578
2025-10-22 02:08:26.702626,115.04,36.18,269.39,75.76,114.13952504702989
2025-10-22 02:08:27.702625,121.67,83.25,210.39,71.02,119.02210952075873
2025-10-22 02:08:28.702625,103.69,80.77,140.1,65.99,95.63469437434648
2025-10-22 02:08:29.702624,131.01,83.15,264.19,56.38,132.24504026076988
2025-10-22 02:08:30.702624,80.61,40.87,140.95,71.33,76.9693330732363
2025-10-22 02:08:31.702623,77.14,54.05,65.7,146.93,75.96748813981014
2025-10-22 02:08:32.702623,64.2,23.23,81.74,104.69,56.9570586032547
2025-10-22 02:08:33.702622,102.96,63.28,200.91,63.68,104.70906460812432
2025-10-22 02:08:34.702622,70.82,44.58,82.65,137.61,74.47020441975518
2025-10-22 02:08:35.702621,81.97,50.28,95.18,149.26,83.41108022599249
2025-10-22 02:08:36.702620,82.86,75.82,91.18,117.18,88.6192325756571
2025-10-22 02:08:37.702620,101.09,98.41,128.71,81.44,104.11539065698881
2025-10-22 02:08:38.702619,121.87,82.88,185.03,126.38,122.21717634444069
2025-10-22 02:08:39.702619,72.35,98.81,50.29,41.91,72.86370539249606
2025-10-22 02:08:40.702618,130.06,67.21,270.91,87.47,132.4661994877236
2025-10-22 02:08:41.702618,127.67,78.89,280.81,52.85,134.40923964312893
2025-10-22 02:08:42.702617,65.67,50.05,55.94,129.5,67.5618513278894
2025-10-22 02:08:43.702617,139.46,77.93,272.6,84.65,137.78265908541087
2025-10-22 02:08:44.702616,81.45,22.07,226.52,49.43,88.94025087653026
2025-10-22 02:08:45.702616,61.96,61.18,62.17,38.16,56.84562502335616
2025-10-22 02:08:46.702615,86.48,39.74,172.08,66.75,84.85729632651922
2025-10-22 02:08:47.702615,58.46,45.66,104.88,22.66,58.83860931191087
2025-10-22 02:08:48.702614,81.57,76.11,74.16,121.33,84.46971564179142
2025-10-22 02:08:49.702614,131.32,90.18,219.83,111.45,133.37286533830235
2025-10-22 02:08:50.702613,104.11,35.76,244.47,47.68,100.84838708332839
2025-10-22 02:08:51.702613,118.3,94.74,161.8,125.58,121.00970879789966
2025-10-22 02:08:52.702612,82.82,40.83,135.15,115.28,83.94474784746208
2025-10-22 02:08:53.702612,141.02,77.5,248.25,120.13,137.29801920287883
2025-10-22 02:08:54.702611,90.2,72.24,131.06,75.24,90.48269582867577
2025-10-22 02:08:55.702610,77.96,21.76,130.52,92.02,68.37547876285328
2025-10-22 02:08:56.702610,68.37,37.02,129.24,63.39,69.93946487794352
2025-10-22 02:08:57.702609,76.19,43.91,120.78,79.31,74.01115349751305
2025-10-22 02:08:58.702609,82.81,33.27,165.98,101.31,86.65477410373069
2025-10-22 02:08:59.702608,114.11,67.71,178.14,111.97,109.68124757736707
2025-10-22 02:09:00.702608,104.17,33.19,298.22,20.96,110.41690991925985
2025-10-22 02:09:01.702607,106.99,87.7,175.4,79.84,112.47890464234627
2025-10-22 02:09:02.702607,71.68,30.5,140.81,105.82,78.59258568733439
2025-10-22 02:09:03.702606,133.27,96.79,288.26,31.84,141.43699357367794
2025-10-22 02:09:04.702606,92.9,93.35,59.34,132.95,90.9565842522595
2025-10-22 02:09:05.702605,115.23,32.94,248.8,89.57,109.06920096218859
2025-10-22 02:09:06.702605,122.74,73.24,256.65,33.94,120.55101905759196
2025-10-22 02:09:07.702604,111.78,60.62,232.64,86.01,117.3627891000337
2025-10-22 02:09:08.702604,135.31,83.4,273.82,116.15,147.15352800717721
2025-10-22 02:09:09.702603,109.41,32.21,239.63,104.32,108.87832228810171
2025-10-22 02:09:10.702603,111.58,40.85,223.92,127.57,113.10317145145082
2025-10-22 02:09:11.702602,93.39,64.83,171.14,64.99,96.79027462406016
2025-10-22 02:09:12.702601,51.28,36.12,56.79,103.33,55.63665674693185
2025-10-22 02:09:13.702601,83.94,76.04,88.41,97.6,84.00229570097055
2025-10-22 02:09:14.702600,92.39,45.88,215.86,36.08,95.00326398829998
2025-10-22 02:09:15.702600,100.44,42.92,286.1,38.78,115.18777432408089
2025-10-22 02:09:16.702599,84.99,57.64,107.24,136.29,88.1458169423963
2025-10-22 02:09:17.702599,138.68,95.35,220.34,141.26,142.04381303121812
2025-10-22 02:09:18.702598,118.27,75.42,191.87,127.21,120.70371313408269
2025-10-22 02:09:19.702598,106.26,34.72,216.4,105.45,103.37193240774427
2025-10-22 02:09:20.702597,98.96,64.25,140.85,143.57,103.01480524796008
2025-10-22 02:09:21.702597,125.18,71.12,210.47,144.18,127.5203041676301
2025-10-22 02:09:22.702596,101.97,67.48,161.47,53.6,92.9433763696832
2025-10-22 02:09:23.702596,81.11,61.64,95.72,109.9,81.4354911826729
2025-10-22 02:09:24.702595,85.9,98.44,69.3,100.07,89.96325065825145
2025-10-22 02:09:25.702595,51.19,33.29,96.77,30.88,51.83836751896995
2025-10-22 02:09:26.702594,44.17,23.25,88.36,15.94,41.30902842434318
2025-10-22 02:09:27.702594,124.22,48.13,266.07,108.57,125.65052301048149
2025-10-22 02:09:28.702593,70.1,57.7,120.44,59.37,76.84986053974608
2025-10-22 02:09:29.702593,78.92,83.51,114.37,46.02,85.29531989612299
2025-10-22 02:09:30.702592,101.43,43.88,199.63,92.18,100.27568532351475
2025-10-22 02:09:31.702591,86.12,35.27,141.2,125.2,84.95291240708254
2025-10-22 02:09:32.702591,103.72,59.16,183.79,110.03,106.71303574958593
2025-10-22 02:09:33.702590,112.08,67.67,261.46,34.31,119.28196391183616
2025-10-22 02:09:34.702590,72.62,66.53,57.63,111.84,72.81187960311478
2025-10-22 02:09:35.702589,162.22,96.48,287.39,135.64,161.6624931149347
2025-10-22 02:09:36.702589,110.04,67.08,185.18,115.49,112.1835556982868
2025-10-22 02:09:37.702588,101.24,43.91,220.06,52.69,98.58329660538224
2025-10-22 02:09:38.702588,83.53,82.21,118.82,15.05,79.823984871718
2025-10-22 02:09:39.702587,101.08,38.23,244.04,52.3,102.87484494313887
2025-10-22 02:09:40.702587,60.88,26.06,105.56,44.24,53.51851846784034
2025-10-22 02:09:41.702586,66.88,28.37,136.56,81.86,71.48244089843085
2025-10-22 02:09:42.702586,89.31,69.34,120.33,63.16,83.40011064497034
2025-10-22 02:09:43.702585,143.41,60.47,287.0,140.5,144.4768700479196
2025-10-22 02:09:44.702585,139.46,67.29,267.59,121.85,138.3445974176286
2025-10-22 02:09:45.702584,33.86,31.14,61.04,26.9,39.22158243733629
2025-10-22 02:09:46.702584,112.71,31.65,266.77,92.19,114.35000988733685
2025-10-22 02:09:47.702583,77.07,44.27,139.92,36.17,71.37010497641401
2025-10-22 02:09:48.702583,98.47,28.39,211.98,106.97,99.1743225135247
2025-10-22 02:09:49.702582,71.06,63.73,87.05,84.2,74.76315769841536
2025-10-22 02:09:50.702581,83.59,23.17,200.32,44.46,80.62114765745193
2025-10-22 02:09:51.702581,95.25,51.5,164.61,134.06,101.88564736476388
2025-10-22 02:09:52.702580,85.38,46.32,127.57,134.45,88.22632508425077
2025-10-22 02:09:53.702580,140.73,88.57,240.65,136.65,143.84119778047304
2025-10-22 02:09:54.702579,91.77,79.55,124.31,115.82,100.18322366440773
2025-10-22 02:09:55.702579,118.19,68.95,213.42,130.23,124.54673971792758
2025-10-22 02:09:56.702578,93.11,47.19,192.6,111.78,103.71642603860553
2025-10-22 02:09:57.702578,99.74,23.43,238.49,120.31,107.31801087929055
2025-10-22 02:09:58.702577,109.73,36.8,266.54,45.4,107.55505851899787
2025-10-22 02:09:59.702577,118.77,72.84,245.49,55.35,121.25122911814923
2025-10-22 02:10:00.702576,121.64,36.8,273.05,125.79,125.50041578177664
2025-10-22 02:10:01.702576,47.87,28.41,77.95,65.08,50.53406217361124
2025-10-22 02:10:02.702575,133.48,38.83,293.46,144.43,136.36384909537364
2025-10-22 02:10:03.702575,77.84,76.56,82.82,19.18,66.98589814876523
2025-10-22 02:10:04.702574,85.38,93.92,63.7,88.76,83.76569037876803
2025-10-22 02:10:05.702574,122.93,87.61,256.85,29.06,126.83760071570072
2025-10-22 02:10:06.702573,106.99,60.07,193.98,61.28,100.53940164570881
2025-10-22 02:10:07.702573,75.32,98.6,56.23,54.11,76.97162474248825
2025-10-22 02:10:08.702572,113.25,61.87,185.94,141.15,114.90581917634515
2025-10-22 02:10:09.702572,58.19,43.16,73.14,91.6,61.74826814890554
2025-10-22 02:10:10.702571,108.6,86.26,144.8,132.87,113.09839600362046
2025-10-22 02:10:11.702570,91.56,67.53,164.79,81.18,99.45193312891712
2025-10-22 02:10:12.702570,104.75,50.27,148.71,126.24,94.9313505027092
2025-10-22 02:10:13.702569,59.02,61.15,72.89,61.11,64.61947004468712
2025-10-22 02:10:14.702569,69.5,37.04,95.56,80.49,63.218301350199546
2025-10-22 02:10:15.702568,114.89,93.07,228.74,12.55,117.83259369891482
2025-10-22 02:10:16.702568,95.81,38.57,172.27,126.49,96.20884574815197
2025-10-22 02:10:17.702567,93.17,87.23,107.38,98.92,95.57572971229324
2025-10-22 02:10:18.702567,103.94,29.46,286.25,50.75,110.87220728331799
2025-10-22 02:10:19.702566,132.59,85.32,237.05,111.9,136.20855753754464
2025-10-22 02:10:20.702566,155.51,78.08,299.16,66.35,142.20844099313052
2025-10-22 02:10:21.702565,86.45,98.73,85.25,59.35,86.80876934622991
2025-10-22 02:10:22.702565,79.69,98.63,78.15,65.9,85.92540604867568
2025-10-22 02:10:23.702564,114.48,53.03,204.06,143.96,116.48828924377958
2025-10-22 02:10:24.702564,127.6,81.85,235.38,39.09,119.48874429164546
2025-10-22 02:10:25.702563,110.57,33.67,259.71,32.73,101.41317234257214
2025-10-22 02:10:26.702563,79.59,47.28,175.7,13.4,79.11293012356086
2025-10-22 02:10:27.702562,80.09,97.22,54.83,70.86,79.19036159139522
2025-10-22 02:10:28.702562,63.8,56.52,52.33,58.4,55.576724930069325
2025-10-22 02:10:29.702561,63.69,29.23,98.28,100.74,64.15215760162411
2025-10-22 02:10:30.702560,79.14,80.95,66.73,98.67,80.15224002351195
2025-10-22 02:10:31.702560,129.19,60.64,247.74,66.67,118.0691752326315
2025-10-22 02:10:32.702559,110.41,85.18,207.79,18.11,108.6844652691272
2025-10-22 02:10:33.702559,115.3,71.88,179.41,134.11,116.55467970701027
2025-10-22 02:10:34.702558,79.6,25.02,204.83,66.21,87.22977772590815
2025-10-22 02:10:35.702558,110.77,98.3,205.21,15.21,113.90247451729167
2025-10-22 02:10:36.702557,83.07,58.0,110.95,129.16,88.02425201441427
2025-10-22 02:10:37.702557,130.15,85.1,205.96,137.71,131.87847298349246
2025-10-22 02:10:38.702556,66.74,38.96,106.6,79.9,67.38367697331347
2025-10-22 02:10:39.702556,94.45,38.05,216.52,59.65,95.96764317419213
2025-10-22 02:10:40.702555,118.17,67.38,213.86,100.02,117.88500859929627
2025-10-22 02:10:41.702555,108.17,44.88,170.18,118.35,97.12155732348035
2025-10-22 02:10:42.702554,128.5,95.62,212.67,110.0,133.65509466554164
2025-10-22 02:10:43.702552,105.7,48.26,165.92,142.65,102.36532245051885
2025-10-22 02:10:44.702552,58.55,40.56,106.23,55.35,63.191491575313776
2025-10-22 02:10:45.702551,142.52,79.93,263.34,126.43,144.30736101054188
2025-10-22 02:10:46.702551,129.14,86.87,197.5,125.71,127.8335366222955
2025-10-22 02:10:47.702550,80.3,82.62,119.8,20.69,81.44574783685928
2025-10-22 02:10:48.702550,74.15,22.74,182.92,26.83,71.66538099061493
2025-10-22 02:10:49.702549,142.99,76.23,248.56,109.33,134.60745239951322
2025-10-22 02:10:50.702549,85.79,91.52,95.23,94.48,93.18627114267265
2025-10-22 02:10:51.702548,95.19,87.48,75.42,140.76,94.40716585705627
2025-10-22 02:10:52.702548,73.22,52.14,143.01,29.9,74.99426875598456
2025-10-22 02:10:53.702547,71.72,20.26,144.37,94.76,72.3355750124723
2025-10-22 02:10:54.702547,76.6,54.19,138.95,46.48,78.09683930775086
2025-10-22 02:10:55.702546,80.5,44.68,179.99,21.81,80.77380002800446
2025-10-22 02:10:56.702546,106.51,29.85,270.12,76.29,111.29428985030958
2025-10-22 02:10:57.702545,120.03,47.77,227.54,108.71,113.90724163251394
2025-10-22 02:10:58.702545,83.31,65.89,161.56,12.67,84.03447709935544
2025-10-22 02:10:59.702544,97.51,30.05,260.98,47.1,102.83995565737912
2025-10-22 02:11:00.702544,104.85,42.74,272.23,13.32,105.86199558801881
2025-10-22 02:11:01.702543,151.14,72.25,288.79,117.32,146.305341569274
2025-10-22 02:11:02.702542,96.43,43.81,221.06,42.44,96.7956451776324
2025-10-22 02:11:03.702542,107.44,21.01,282.61,63.75,108.13048936621732
2025-10-22 02:11:04.702541,108.8,50.24,252.52,17.67,104.553996606109
2025-10-22 02:11:05.702541,94.38,49.48,174.03,84.29,93.81010755299542
2025-10-22 02:11:06.702540,41.43,39.86,52.29,21.83,39.948311328475505
2025-10-22 02:11:07.702540,119.89,65.24,197.61,113.14,114.53396075137358
2025-10-22 02:11:08.702539,54.97,25.34,168.38,15.26,66.29262264527857
2025-10-22 02:11:09.702539,65.06,53.78,58.66,109.94,66.35833096043667
2025-10-22 02:11:10.702538,46.3,31.17,84.94,44.8,49.98608126474205
2025-10-22 02:11:11.702538,77.22,29.0,101.05,114.19,67.54502676280956
2025-10-22 02:11:12.702537,111.92,67.45,201.7,116.28,117.49561258381726
2025-10-22 02:11:13.702537,83.04,72.42,112.15,69.95,83.83221500794136
2025-10-22 02:11:14.702536,96.09,52.06,186.11,66.5,95.19836267711277
2025-10-22 02:11:15.702536,90.85,66.4,147.91,82.36,94.04271949997812
2025-10-22 02:11:16.702535,85.07,35.68,186.26,60.72,85.89047639218644
2025-10-22 02:11:17.702535,99.33,91.15,109.11,110.58,100.3782006730633
2025-10-22 02:11:18.702534,132.49,38.8,291.26,115.12,129.858192738016
2025-10-22 02:11:19.702534,124.1,83.83,266.45,12.82,124.60278955271339
2025-10-22 02:11:20.702533,99.85,40.19,219.74,52.5,96.5861691125779
2025-10-22 02:11:21.702532,86.19,56.95,167.74,14.29,81.7383495811317
2025-10-22 02:11:22.702532,113.94,65.06,275.48,10.22,117.40165974613001
2025-10-22 02:11:23.702531,104.35,78.58,142.67,124.02,106.85130168581203
2025-10-22 02:11:24.702531,92.01,32.69,179.11,84.13,86.8975909436368
2025-10-22 02:11:25.702530,137.25,93.68,220.86,144.83,142.0738185576658
2025-10-22 02:11:26.702530,129.07,57.29,249.46,139.6,131.41225035452464
2025-10-22 02:11:27.702529,125.48,35.56,269.12,135.69,125.66593452038954
2025-10-22 02:11:28.702529,126.42,95.35,185.97,123.76,128.2242381386678
2025-10-22 02:11:29.702528,99.63,94.23,167.26,24.47,102.28927625395333
2025-10-22 02:11:30.702528,84.59,79.24,87.58,113.35,88.48742554016405
2025-10-22 02:11:31.702527,117.37,30.71,234.36,115.83,108.8306961767297
2025-10-22 02:11:32.702527,104.9,79.81,215.03,15.06,107.56645497409245
2025-10-22 02:11:33.702526,68.06,24.46,154.14,64.75,71.4100985105899
2025-10-22 02:11:34.702526,123.04,55.22,287.91,57.98,125.71070881605843
2025-10-22 02:11:35.702525,90.34,80.3,68.0,149.63,90.34305277011796
2025-10-22 02:11:36.702525,134.87,73.18,269.41,55.4,128.6272112714432
2025-10-22 02:11:37.702524,47.0,42.24,65.04,73.24,55.199604137017346
2025-10-22 02:11:38.702524,124.02,71.43,256.2,76.18,127.90932425327323
2025-10-22 02:11:39.702523,70.06,58.84,81.45,102.13,74.19518487846736
2025-10-22 02:11:40.702523,109.83,22.08,243.83,113.06,106.80651313791174
2025-10-22 02:11:41.702522,112.29,96.81,175.39,12.33,103.61287166978977
2025-10-22 02:11:42.702521,114.37,51.22,242.76,49.23,108.38501286758996
2025-10-22 02:11:43.702521,104.48,49.24,188.42,125.32,106.17833944794575
2025-10-22 02:11:44.702520,61.57,29.56,102.48,14.43,48.41662244125071
2025-10-22 02:11:45.702520,150.27,86.49,270.51,109.48,146.3789029595998
2025-10-22 02:11:46.702519,111.46,60.64,191.75,138.3,115.47082713915424
2025-10-22 02:11:47.702519,116.4,52.68,262.99,117.53,128.7845993557235
2025-10-22 02:11:48.702518,66.78,73.67,58.96,43.62,63.22112714797264
2025-10-22 02:11:49.702518,93.09,31.42,235.19,22.38,90.85177603031259
2025-10-22 02:11:50.702517,92.85,24.3,212.45,49.03,85.74492757215495
2025-10-22 02:11:51.702517,95.09,47.07,132.5,126.55,88.51396239184508
2025-10-22 02:11:52.702516,40.74,23.15,62.16,40.26,38.21376922769777
2025-10-22 02:11:53.702516,66.76,90.61,53.66,62.11,73.78783241629912
2025-10-22 02:11:54.702515,90.62,48.79,123.57,139.17,89.19872097665014
2025-10-22 02:11:55.702515,86.99,49.72,148.61,63.61,82.17072425852686
2025-10-22 02:11:56.702514,120.43,93.23,173.18,107.63,120.10718241508593
2025-10-22 02:11:57.702513,142.15,88.84,225.2,123.27,136.66780905130764
2025-10-22 02:11:58.702513,100.13,92.28,101.51,133.51,103.21789630709797
2025-10-22 02:11:59.702512,105.65,35.94,275.66,10.98,103.02285110502449
2025-10-22 02:12:00.702512,125.49,61.71,266.56,107.72,132.43012759544018
2025-10-22 02:12:01.702511,117.37,36.95,254.41,113.28,117.4803078410261
2025-10-22 02:12:02.702511,46.64,45.55,79.21,31.05,52.72981601114491
2025-10-22 02:12:03.702510,126.97,63.49,240.12,124.64,128.73260435725516
2025-10-22 02:12:04.702510,131.93,96.45,218.98,51.14,124.26363639506133
2025-10-22 02:12:05.702509,82.18,77.7,93.02,71.3,80.99025472787099
2025-10-22 02:12:06.702509,85.75,49.33,195.33,38.83,91.102047891256
2025-10-22 02:12:07.702508,113.2,78.15,233.25,33.73,115.92899194913304
2025-10-22 02:12:08.702508,131.67,44.54,289.36,149.83,139.06407357703688
2025-10-22 02:12:09.702507,68.23,23.83,127.51,62.35,62.60629871661981
2025-10-22 02:12:10.702507,94.1,24.5,219.88,70.23,92.29622684830997
2025-10-22 02:12:11.702506,90.42,22.12,230.56,32.65,86.84362800261056
2025-10-22 02:12:12.702506,101.72,52.97,225.64,27.11,99.71236513314999
2025-10-22 02:12:13.702505,108.97,45.56,244.53,23.78,101.02160641425982
2025-10-22 02:12:14.702505,107.0,27.26,274.73,70.7,110.27228354382967
2025-10-22 02:12:15.702504,131.69,80.67,271.91,65.87,135.21261976589614
2025-10-22 02:12:16.702503,132.28,58.44,276.63,59.8,124.29199567095637
2025-10-22 02:12:17.702503,108.11,97.93,169.54,65.11,112.91020746719987
2025-10-22 02:12:18.702502,91.57,73.09,111.52,139.7,97.84927611979775
2025-10-22 02:12:19.702502,124.54,79.4,269.95,28.24,126.50355568467211
2025-10-22 02:12:20.702501,78.84,52.58,127.51,19.36,68.45576387370181
2025-10-22 02:12:21.702501,47.54,26.32,67.16,84.47,50.09746647181654
2025-10-22 02:12:22.702500,77.63,71.02,97.16,145.22,93.5904522345808
2025-10-22 02:12:23.702500,123.12,22.18,279.05,106.67,116.18092180456864
2025-10-22 02:12:24.702499,97.86,41.07,195.66,66.09,92.48562075512733
2025-10-22 02:12:25.702499,89.34,30.94,252.69,15.42,94.4917137713325
2025-10-22 02:12:26.702498,126.95,69.05,230.53,140.42,131.77041755664033
2025-10-22 02:12:27.702498,69.72,26.37,171.63,68.88,78.44944930323744
2025-10-22 02:12:28.702497,61.5,30.71,67.09,148.01,64.91109957464218
2025-10-22 02:12:29.702497,90.21,38.02,161.09,74.1,82.15147363696582
2025-10-22 02:12:30.702496,124.92,44.76,280.32,83.65,123.29371966906345
2025-10-22 02:12:31.702496,126.73,64.36,222.17,121.57,123.1579739042285
2025-10-22 02:12:32.702495,140.6,75.65,274.88,90.18,138.42639439105133
2025-10-22 02:12:33.702495,62.67,27.89,116.72,64.32,61.785515567546064
2025-10-22 02:12:34.702494,63.55,35.45,60.16,117.92,59.21636665444143
2025-10-22 02:12:35.702493,107.52,88.62,212.0,60.71,120.14555630325654
2025-10-22 02:12:36.702493,60.01,57.04,76.9,23.97,56.381432162962035
2025-10-22 02:12:37.702492,106.15,33.2,186.01,145.97,101.5266952046871
2025-10-22 02:12:38.702492,109.98,82.5,184.74,19.2,100.62497462491488
2025-10-22 02:12:39.702491,65.55,67.37,74.47,60.0,67.98917892010253
2025-10-22 02:12:40.702491,50.32,37.79,97.69,10.59,50.33382409208324
2025-10-22 02:12:41.702490,100.32,83.57,175.49,55.6,105.61700662411656
2025-10-22 02:12:42.702490,138.47,88.43,255.74,81.06,137.2554865410204
2025-10-22 02:12:43.702489,155.98,98.28,264.24,144.68,157.39762585884264
2025-10-22 02:12:44.702489,164.99,93.57,273.75,137.4,156.4518260134734
2025-10-22 02:12:45.702488,49.86,45.33,89.45,29.84,55.459461981187886
2025-10-22 02:12:46.702488,106.74,80.67,133.07,112.95,102.80863553634101
2025-10-22 02:12:47.702487,93.11,77.59,63.94,141.38,86.12379765493957
2025-10-22 02:12:48.702487,96.52,82.4,173.56,33.88,100.13103631482284
2025-10-22 02:12:49.702486,99.79,34.74,239.5,16.87,92.7153218816606
2025-10-22 02:12:50.702486,119.18,64.72,227.14,43.23,109.2540757104177
2025-10-22 02:12:51.702485,106.89,76.99,178.85,59.23,104.05422696785347
2025-10-22 02:12:52.702484,138.69,87.77,282.51,29.5,134.72442955290822
2025-10-22 02:12:53.702484,57.88,46.26,140.59,10.3,67.42359586354189
2025-10-22 02:12:54.702483,134.09,66.65,275.09,42.68,124.53590119930138
2025-10-22 02:12:55.702483,76.7,35.41,168.87,44.43,77.28433319890213
2025-10-22 02:12:56.702482,78.48,87.07,81.43,89.14,85.74423635662681
2025-10-22 02:12:57.702482,121.52,52.31,299.16,33.93,122.85482314950849
2025-10-22 02:12:58.702481,131.14,80.05,247.64,104.56,135.2952542826147
2025-10-22 02:12:59.702481,77.55,80.35,74.64,116.25,85.72737243651902
2025-10-22 02:13:00.702480,72.12,43.06,145.67,41.22,73.49813532432381
2025-10-22 02:13:01.702480,69.52,53.2,118.17,79.51,77.91845872945966
2025-10-22 02:13:02.702479,97.86,59.44,138.44,135.46,98.26801673420287
2025-10-22 02:13:03.702479,130.1,74.75,261.83,64.45,128.9330028588068
2025-10-22 02:13:04.702478,103.8,77.72,109.09,125.72,96.65692887615789
2025-10-22 02:13:05.702478,101.81,46.78,190.91,100.25,100.70974545510569
2025-10-22 02:13:06.702477,114.66,47.88,260.02,69.31,115.89777025919251
2025-10-22 02:13:07.702477,88.85,91.77,57.25,115.18,86.00267020792417
2025-10-22 02:13:08.702476,117.14,54.77,266.87,13.41,110.29242127545122
2025-10-22 02:13:09.702475,108.6,79.01,217.66,38.3,112.57865230448017
2025-10-22 02:13:10.702475,93.91,50.71,202.89,33.73,93.05320860860822
2025-10-22 02:13:11.702474,116.32,84.67,200.51,100.23,122.57005150241407
2025-10-22 02:13:12.702474,65.98,29.22,97.38,112.46,66.20713622608422
2025-10-22 02:13:13.702473,126.57,97.84,148.48,147.69,122.9522384368965
2025-10-22 02:13:14.702473,125.36,93.65,258.24,13.28,127.14261349900052
2025-10-22 02:13:15.702472,82.16,83.02,85.44,82.77,83.65540944997963
2025-10-22 02:13:16.702472,42.86,20.3,56.79,74.11,41.90264940473513
2025-10-22 02:13:17.702471,139.4,97.82,255.58,53.72,136.4730797477601
2025-10-22 02:13:18.702471,103.84,61.4,179.11,58.24,96.12766189109931
2025-10-22 02:13:19.702470,102.29,24.9,225.19,128.7,105.72174238836189
2025-10-22 02:13:20.702470,110.84,38.67,233.01,122.53,113.74358207987059
2025-10-22 02:13:21.702469,117.73,45.73,259.38,127.2,126.14091779054209
2025-10-22 02:13:22.702469,94.63,75.18,108.34,116.16,93.25803164566643
2025-10-22 02:13:23.702468,121.29,34.43,247.58,133.18,118.12104975358743
2025-10-22 02:13:24.702468,122.14,50.11,294.74,45.77,122.77794623415762
2025-10-22 02:13:25.702467,83.66,80.74,72.86,82.05,78.58594713862897
2025-10-22 02:13:26.702467,94.47,80.17,186.99,15.76,99.4507998669675
2025-10-22 02:13:27.702466,82.38,58.41,125.64,112.65,89.36541801396747
2025-10-22 02:13:28.702465,103.93,22.88,291.16,26.95,104.32076492563931
2025-10-22 02:13:29.702465,91.92,58.39,164.88,58.78,90.4468060309564
2025-10-22 02:13:30.702464,91.69,80.0,70.52,122.71,85.59736558135714
2025-10-22 02:13:31.702464,127.33,75.46,199.19,118.56,121.20558617706345
2025-10-22 02:13:32.702463,67.94,68.84,64.56,120.66,77.80752890699277
2025-10-22 02:13:33.702463,77.17,96.69,78.69,55.42,83.03211248174549
2025-10-22 02:13:34.702462,104.52,44.19,233.32,95.44,111.21407801139048
2025-10-22 02:13:35.702462,66.84,33.99,112.85,18.53,54.57021153327569
2025-10-22 02:13:36.702461,95.81,80.29,151.43,59.86,97.58359607600579
2025-10-22 02:13:37.702461,125.9,84.18,178.92,145.55,124.84250054177356
2025-10-22 02:13:38.702460,99.34,72.71,171.43,71.38,102.09479992335052
2025-10-22 02:13:39.702460,100.08,69.46,220.1,29.33,106.74592115100867
2025-10-22 02:13:40.702459,54.51,27.2,60.21,94.44,50.4301657999669
2025-10-22 02:13:41.702459,60.69,39.1,60.19,117.06,60.88238552838071
2025-10-22 02:13:42.702458,87.44,55.03,175.08,119.35,103.87787152449366
2025-10-22 02:13:43.702458,81.91,93.45,68.23,81.55,83.45920650607475
2025-10-22 02:13:44.702457,85.89,25.75,142.45,122.02,79.92866756001345
2025-10-22 02:13:45.702457,141.98,84.29,246.14,111.65,138.37749641675245
2025-10-22 02:13:46.702456,100.92,84.19,151.51,63.21,100.22709644155464
2025-10-22 02:13:47.702456,79.45,55.0,156.44,41.09,82.69205866607459
2025-10-22 02:13:48.702455,136.56,71.96,253.19,100.41,132.0878427325931
2025-10-22 02:13:49.702454,129.18,71.47,215.61,120.26,124.48492223312856
2025-10-22 02:13:50.702454,143.28,65.32,286.38,140.57,146.73329206394007
2025-10-22 02:13:51.702453,86.02,24.99,169.01,132.57,89.63603164599802
2025-10-22 02:13:52.702453,110.24,43.18,272.18,37.77,110.92963539940752
2025-10-22 02:13:53.702452,106.84,97.59,115.23,140.83,111.46033485284084
2025-10-22 02:13:54.702452,72.82,73.87,89.26,38.8,71.47777714974423
2025-10-22 02:13:55.702451,48.87,30.49,72.33,78.43,52.54002612184996
2025-10-22 02:13:56.702451,152.4,96.54,266.68,107.35,149.83646749065537
2025-10-22 02:13:57.702450,108.17,27.98,241.05,105.61,107.44353427473654
2025-10-22 02:13:58.702450,86.98,30.06,244.87,14.69,91.55335294279732
2025-10-22 02:13:59.702449,92.31,96.86,110.87,66.41,94.9833899641056
2025-10-22 02:14:00.702449,77.01,29.11,113.19,136.44,75.67695308428355
2025-10-22 02:14:01.702448,141.15,84.3,218.32,149.39,137.51879565120893
2025-10-22 02:14:02.702448,93.42,39.53,154.55,70.82,80.28803497131864
2025-10-22 02:14:03.702447,105.06,70.24,141.85,139.96,105.59767530202492
2025-10-22 02:14:04.702446,98.51,77.2,206.0,18.83,104.29256810589331
2025-10-22 02:14:05.702446,132.15,85.39,216.27,109.72,129.55891988020187
2025-10-22 02:14:06.702445,71.82,65.07,132.21,29.66,78.17331950456717
2025-10-22 02:14:07.702445,84.18,68.13,120.09,80.0,86.07084440392137
2025-10-22 02:14:08.702444,103.86,42.47,218.63,133.34,113.4706096153648
2025-10-22 02:14:09.702444,128.24,38.1,281.81,134.98,130.61432192656764
2025-10-22 02:14:10.702443,124.37,71.6,211.89,99.01,119.20501702526099
2025-10-22 02:14:11.702443,147.01,91.5,283.31,90.22,148.90842799155178
2025-10-22 02:14:12.702442,101.65,23.67,252.1,64.22,100.37795775574033
2025-10-22 02:14:13.702442,112.16,94.09,129.03,106.49,107.02971783953087
2025-10-22 02:14:14.702441,95.3,84.29,159.91,30.49,96.29716393490214
2025-10-22 02:14:15.702441,113.48,90.5,134.72,128.91,111.4020623654672
2025-10-22 02:14:16.702440,102.08,55.03,166.19,128.91,103.10470446667314
2025-10-22 02:14:17.702440,55.22,56.1,53.72,58.76,55.85611788804501
2025-10-22 02:14:18.702439,124.94,28.21,283.97,133.25,125.96688081345188
2025-10-22 02:14:19.702439,117.73,84.29,158.53,90.5,107.81607904393242
2025-10-22 02:14:20.702438,59.85,64.86,51.05,41.86,56.079296095418435
2025-10-22 02:14:21.702438,75.97,87.45,107.62,28.98,81.84929806783887
2025-10-22 02:14:22.702437,72.5,40.81,136.46,77.01,76.71814371946088
2025-10-22 02:14:23.702436,98.04,38.47,268.86,32.38,106.50009833308815
2025-10-22 02:14:24.702436,97.88,34.03,184.64,147.8,101.89417846091865
2025-10-22 02:14:25.702435,81.7,89.1,86.89,12.76,73.21390565069352
2025-10-22 02:14:26.702435,129.97,95.06,230.83,70.18,130.9187163853568
2025-10-22 02:14:27.702434,102.68,71.58,148.7,86.58,97.71388047264709
2025-10-22 02:14:28.702434,121.56,64.85,243.47,47.33,115.04702938300173
2025-10-22 02:14:29.702433,104.36,93.46,168.5,23.95,102.17325205101146
2025-10-22 02:14:30.702433,87.91,67.27,100.12,133.49,90.27007504582915
2025-10-22 02:14:31.702432,96.64,43.46,243.82,11.02,97.21872945489733
2025-10-22 02:14:32.702432,90.03,37.23,181.66,73.73,87.87022922117347
2025-10-22 02:14:33.702431,109.45,28.79,296.67,43.81,112.29111722424753
2025-10-22 02:14:34.702431,74.44,69.57,62.87,113.71,76.28260606728536
2025-10-22 02:14:35.702430,58.6,73.82,61.92,21.79,59.84541272154527
2025-10-22 02:14:36.702430,82.03,63.13,129.28,89.43,88.20662072965973
2025-10-22 02:14:37.702429,123.4,75.14,219.6,126.3,128.72441615583665
2025-10-22 02:14:38.702429,79.27,41.38,66.66,131.03,66.74879907950778
2025-10-22 02:14:39.702428,112.58,97.12,201.39,13.86,111.89387133572505
2025-10-22 02:14:40.702427,77.73,58.03,69.5,138.15,77.3578612800934
2025-10-22 02:14:41.702427,120.05,61.35,260.8,88.25,126.64511654832901
2025-10-22 02:14:42.702426,145.03,52.09,295.82,120.79,139.01353695104774
2025-10-22 02:14:43.702426,77.63,65.86,74.54,58.83,67.0213119199004
2025-10-22 02:14:44.702425,73.77,86.33,63.04,82.58,78.53686167451957
2025-10-22 02:14:45.702425,149.22,94.28,273.92,37.62,137.01552772823857
2025-10-22 02:14:46.702424,86.24,39.23,149.51,99.14,84.25355907277145
2025-10-22 02:14:47.702424,115.52,94.04,162.36,125.75,120.86139961663092
2025-10-22 02:14:48.702423,106.76,95.61,142.22,111.45,112.74525444798006
2025-10-22 02:14:49.702423,128.89,91.03,204.67,127.32,132.39407840602496
2025-10-22 02:14:50.702422,78.03,84.12,92.0,57.94,81.24185135912676
2025-10-22 02:14:51.702422,110.3,46.12,264.57,59.99,114.5316244324447
2025-10-22 02:14:52.702421,56.82,46.54,93.35,12.95,53.87980791631428
2025-10-22 02:14:53.702421,110.39,66.16,162.66,130.45,107.92325521318618
2025-10-22 02:14:54.702420,97.74,76.0,140.84,38.27,87.9557437974969
2025-10-22 02:14:55.702420,45.6,30.54,69.53,46.0,45.273472930566186
2025-10-22 02:14:56.702419,74.72,41.35,146.49,21.35,68.93689498350525
2025-10-22 02:14:57.702418,111.29,43.44,287.81,49.28,118.0507286477367
2025-10-22 02:14:58.702418,92.31,64.62,133.76,59.71,84.39020392608771
2025-10-22 02:14:59.702417,88.07,61.82,172.86,27.87,88.41823285705091
2025-10-22 02:15:00.702417,146.22,80.88,264.42,105.98,141.04119326898456
2025-10-22 02:15:01.702416,90.64,50.24,157.32,82.68,88.84375723487143
2025-10-22 02:15:02.702416,114.03,33.39,222.49,130.67,109.55330723688735
2025-10-22 02:15:03.702415,57.7,38.24,112.41,26.83,58.216967483375086
2025-10-22 02:15:04.702415,92.39,82.68,84.54,81.45,82.95187926051896
2025-10-22 02:15:05.702414,156.1,91.5,268.01,130.78,152.37186732165094
2025-10-22 02:15:06.702414,95.66,95.43,183.71,23.05,107.55646437190839
2025-10-22 02:15:07.702413,101.4,65.82,212.13,16.65,100.00368265555086
2025-10-22 02:15:08.702413,38.0,41.33,73.47,34.11,49.49811821943789
2025-10-22 02:15:09.702412,75.19,52.92,62.15,134.6,71.881581217944
2025-10-22 02:15:10.702412,67.97,37.82,148.13,28.55,69.09417646484808
2025-10-22 02:15:11.702411,102.36,75.42,200.06,20.68,101.98209421702919
2025-10-22 02:15:12.702411,132.79,81.81,282.51,81.16,142.01300671702128
2025-10-22 02:15:13.702410,132.53,69.05,237.47,88.66,123.56475400389508
2025-10-22 02:15:14.702410,117.28,57.84,201.82,119.0,113.25967975663609
2025-10-22 02:15:15.702409,66.38,48.81,89.86,95.87,70.45691927884228
2025-10-22 02:15:16.702409,74.91,71.5,129.78,18.12,78.36769912452328
2025-10-22 02:15:17.702408,130.22,86.25,222.89,81.59,126.3869491023686
2025-10-22 02:15:18.702407,128.4,92.74,180.1,114.7,123.34948785701559
2025-10-22 02:15:19.702407,121.4,22.76,296.3,107.34,121.79389129727602
2025-10-22 02:15:20.702406,104.62,87.73,109.2,149.35,106.40254845437904
2025-10-22 02:15:21.702406,76.24,71.85,69.32,80.08,72.67689718166258
2025-10-22 02:15:22.702405,129.95,64.18,272.69,99.3,133.83676813795103
2025-10-22 02:15:23.702405,70.1,96.6,60.43,35.87,73.60609070233065
2025-10-22 02:15:24.702404,69.87,48.44,75.22,143.28,75.29584181357205
2025-10-22 02:15:25.702404,98.52,30.07,185.38,93.62,89.35885692929563
2025-10-22 02:15:26.702403,113.86,64.17,268.4,36.27,120.00658078421324
2025-10-22 02:15:27.702403,89.11,42.7,215.02,13.57,88.6814251799625
2025-10-22 02:15:28.702402,101.6,34.14,216.29,78.25,97.63915821835876
2025-10-22 02:15:29.702402,134.84,81.07,250.18,118.48,139.3384356972153
2025-10-22 02:15:30.702401,94.32,73.23,123.7,86.72,91.04743786534787
2025-10-22 02:15:31.702401,97.98,68.86,176.57,64.36,100.3168078215925
2025-10-22 02:15:32.702400,69.97,22.5,164.84,71.19,74.92802303047826
2025-10-22 02:15:33.702399,85.77,34.02,178.41,106.48,91.7978080246075
2025-10-22 02:15:34.702399,116.11,58.66,226.07,128.37,122.82877931250422
2025-10-22 02:15:35.702398,152.45,87.2,298.7,54.95,144.37051525661707
2025-10-22 02:15:36.702398,68.88,96.63,78.63,15.45,75.0352684513393
2025-10-22 02:15:37.702397,68.3,74.63,105.47,38.23,76.62144053807975
2025-10-22 02:15:38.702397,108.18,98.07,169.5,68.69,113.68023689966007
2025-10-22 02:15:39.702396,78.43,77.03,113.49,69.57,86.46856684522707
2025-10-22 02:15:40.702396,62.64,21.05,86.57,117.07,59.78022713896055
2025-10-22 02:15:41.702395,63.81,27.32,101.88,87.43,61.6316205620703
2025-10-22 02:15:42.702395,95.73,92.62,140.06,39.46,96.2815052453478
2025-10-22 02:15:43.702394,62.0,98.66,62.06,17.01,71.37749553152341
2025-10-22 02:15:44.702394,86.81,28.14,140.46,118.89,79.90454546461879
2025-10-22 02:15:45.702393,87.12,96.1,64.89,87.52,84.96888120888198
2025-10-22 02:15:46.702393,151.16,73.52,296.66,135.75,152.97402597530203
2025-10-22 02:15:47.702392,107.58,36.82,249.48,64.35,106.20152813702303
2025-10-22 02:15:48.702392,110.35,38.25,263.13,37.6,105.70427319056094
2025-10-22 02:15:49.702391,81.25,67.2,152.32,53.25,89.98098324286292
2025-10-22 02:15:50.702391,113.95,45.18,294.69,42.32,119.60773154500512
2025-10-22 02:15:51.702390,111.43,74.09,145.19,114.51,103.4694351682011
2025-10-22 02:15:52.702389,113.79,72.71,245.47,36.04,117.33996835832812
2025-10-22 02:15:53.702389,130.12,76.9,262.68,79.21,133.20077237298915
2025-10-22 02:15:54.702388,119.49,24.25,287.23,113.04,120.94517894197938
2025-10-22 02:15:55.702388,109.28,61.14,219.67,84.38,113.39735198724337
2025-10-22 02:15:56.702387,112.93,91.15,211.38,29.48,115.0154972735464
2025-10-22 02:15:57.702387,108.96,51.43,227.86,42.79,102.72717111005387
2025-10-22 02:15:58.702386,102.54,41.47,257.54,50.5,108.20071477197112
2025-10-22 02:15:59.702386,61.84,34.49,67.18,110.12,59.296202008618046
2025-10-22 02:16:00.702385,68.57,20.44,119.07,125.73,70.97376157663672
2025-10-22 02:16:01.702385,59.67,56.95,111.38,27.53,67.4168067052285
2025-10-22 02:16:02.702384,104.03,71.78,188.79,42.22,101.05238512756993
2025-10-22 02:16:03.702384,120.74,54.72,235.49,89.98,116.05476593736473
2025-10-22 02:16:04.702383,131.86,34.96,294.07,141.83,134.09209430879278
2025-10-22 02:16:05.702383,128.51,27.73,262.05,140.87,120.64775057417626
2025-10-22 02:16:06.702382,116.26,78.78,199.56,74.51,114.21951376311554
2025-10-22 02:16:07.702382,122.18,76.0,205.62,89.32,117.59545043676735
2025-10-22 02:16:08.702381,94.9,34.88,163.43,125.65,91.53444168905217
2025-10-22 02:16:09.702380,63.87,37.43,122.32,38.34,63.081450706731495
2025-10-22 02:16:10.702380,129.99,80.05,208.93,143.7,131.43396521214018
2025-10-22 02:16:11.702379,83.44,28.96,145.04,144.82,86.84964831008598
2025-10-22 02:16:12.702379,51.93,31.14,97.49,40.92,52.97481552156108
2025-10-22 02:16:13.702378,87.5,77.98,94.93,78.64,83.1647534895792
2025-10-22 02:16:14.702378,89.88,61.21,107.87,93.29,81.57197731809302
2025-10-22 02:16:15.702377,77.76,86.52,89.38,49.57,79.99115005008076
2025-10-22 02:16:16.702377,94.63,74.7,135.61,50.24,88.11179540027099
2025-10-22 02:16:17.702376,65.64,74.1,54.53,37.61,60.90862858101963
2025-10-22 02:16:18.702376,109.61,37.01,258.47,60.28,108.19171908270042
2025-10-22 02:16:19.702375,86.5,76.89,138.25,61.24,92.19033369630594
2025-10-22 02:16:20.702375,78.42,28.4,177.66,51.11,77.74622948520431
2025-10-22 02:16:21.702374,106.67,48.99,269.34,27.72,110.98647629686779
2025-10-22 02:16:22.702373,105.54,56.8,245.18,47.0,111.4641540608011
2025-10-22 02:16:23.702372,135.53,85.97,233.99,122.57,137.7354870382523
2025-10-22 02:16:24.702372,93.94,26.16,165.99,143.96,91.57860928166647
2025-10-22 02:16:25.702371,82.5,77.85,131.38,29.05,84.20290006190591
2025-10-22 02:16:26.702371,49.63,21.21,141.79,24.46,58.0548257855159
2025-10-22 02:16:27.702370,88.87,85.96,112.26,69.84,90.62463477171218
2025-10-22 02:16:28.702370,143.99,73.14,280.91,97.56,140.45094216928254
2025-10-22 02:16:29.702369,137.63,54.03,269.97,145.65,137.15264354519365
2025-10-22 02:16:30.702368,135.88,57.93,249.09,139.17,131.53596120117325
2025-10-22 02:16:31.702368,132.08,66.2,258.1,93.99,129.40340079197352
2025-10-22 02:16:32.702367,59.71,22.54,115.88,17.02,49.44694903021252
2025-10-22 02:16:33.702367,133.39,72.78,213.83,143.85,129.29682674340665
2025-10-22 02:16:34.702366,89.13,60.26,158.76,61.13,90.00963772953196
2025-10-22 02:16:35.702366,96.58,68.25,160.87,71.14,96.63665866780195
2025-10-22 02:16:36.702365,107.52,54.73,217.46,89.31,110.50264040661963
2025-10-22 02:16:37.702365,66.8,77.06,79.64,25.78,67.5922125774153
2025-10-22 02:16:38.702364,109.49,82.68,149.91,108.24,107.94454109390367
2025-10-22 02:16:39.702364,94.08,74.62,140.06,45.91,88.54930735612702
2025-10-22 02:16:40.702363,53.28,32.66,71.3,86.82,54.985471642160675
2025-10-22 02:16:41.702363,127.58,21.48,280.17,145.65,123.91913337830181
2025-10-22 02:16:42.702362,78.4,29.31,118.8,118.3,73.85729095324109
2025-10-22 02:16:43.702362,117.65,98.29,157.57,141.65,124.71095762107329
2025-10-22 02:16:44.702361,104.33,31.39,198.42,137.31,102.63125292588137
2025-10-22 02:16:45.702360,102.69,44.96,206.53,81.76,100.82007610088955
2025-10-22 02:16:46.702360,85.54,38.2,157.83,105.82,87.56901560384158
2025-10-22 02:16:47.702359,50.26,25.75,112.95,36.97,54.14059722854815
2025-10-22 02:16:48.702359,112.46,30.74,244.41,145.96,117.86090804070025
2025-10-22 02:16:49.702358,65.49,50.93,55.92,118.25,65.75930058112036
2025-10-22 02:16:50.702358,113.17,40.02,279.97,92.44,122.56255593296373
2025-10-22 02:16:51.702357,90.83,32.16,249.49,44.96,100.01463415619612
2025-10-22 02:16:52.702357,80.17,64.04,53.52,138.57,75.64415988166459
2025-10-22 02:16:53.702356,146.66,78.32,295.82,102.28,148.4691998492098
2025-10-22 02:16:54.702356,110.08,88.06,111.07,144.06,106.07835559958045
2025-10-22 02:16:55.702355,64.5,46.65,71.5,101.77,65.02528675621288
2025-10-22 02:16:56.702355,95.74,50.71,117.74,122.47,85.08540253955428
2025-10-22 02:16:57.702354,135.08,98.23,259.73,39.06,135.01144530710926
2025-10-22 02:16:58.702354,105.76,24.1,207.57,143.12,102.8881999032574
2025-10-22 02:16:59.702353,66.7,25.45,132.99,86.83,69.93444867522696
2025-10-22 02:17:00.702353,87.13,30.07,148.38,132.98,86.05573119238144
2025-10-22 02:17:01.702352,115.47,45.32,269.24,32.95,110.15843521527509
2025-10-22 02:17:02.702352,136.21,73.58,266.59,83.48,133.5634200314136
2025-10-22 02:17:03.702351,75.12,62.73,124.67,13.76,71.57115770726355
2025-10-22 02:17:04.702350,41.44,38.2,50.72,46.62,43.57457294255721
2025-10-22 02:17:05.702350,89.89,97.32,96.2,52.41,88.01650470535962
2025-10-22 02:17:06.702349,138.15,77.45,283.06,77.61,139.28887251351168
2025-10-22 02:17:07.702349,52.42,21.64,116.02,36.96,53.003743277627294
2025-10-22 02:17:08.702348,95.67,39.93,260.91,14.6,101.30387097734791
2025-10-22 02:17:09.702348,48.97,29.19,73.17,45.91,45.67446426812014
2025-10-22 02:17:10.702347,104.22,37.86,213.7,144.85,111.96769080929262
2025-10-22 02:17:11.702347,73.01,57.76,83.93,95.32,73.04605008215538
2025-10-22 02:17:12.702346,103.38,91.72,100.86,116.16,99.29154018712788
2025-10-22 02:17:13.702346,105.28,36.75,223.75,96.99,104.91726183325991
2025-10-22 02:17:14.702345,120.28,46.87,270.32,70.29,118.68533248162721
2025-10-22 02:17:15.702345,52.4,61.13,57.31,25.55,52.850846794066626
2025-10-22 02:17:16.702344,90.78,37.78,238.0,24.81,95.365608620492
2025-10-22 02:17:17.702344,81.09,36.15,119.95,135.4,81.0295398248784
2025-10-22 02:17:18.702343,114.57,22.69,266.54,90.85,109.5269226913196
2025-10-22 02:17:19.702343,111.31,92.91,141.53,91.96,107.30951740639527
2025-10-22 02:17:20.702342,108.92,91.86,178.42,55.38,110.60653581419173
2025-10-22 02:17:21.702342,79.14,78.72,117.59,26.72,80.02686783177083
2025-10-22 02:17:22.702341,64.55,34.99,69.0,85.43,55.18407376545172
2025-10-22 02:17:23.702340,152.03,68.26,282.75,144.5,147.8952769545178
2025-10-22 02:17:24.702340,65.61,56.39,95.98,39.02,64.78861392328665
2025-10-22 02:17:25.702339,95.27,70.94,158.22,65.51,96.067070248176
2025-10-22 02:17:26.702339,123.47,93.79,197.9,97.51,125.81152216682528
2025-10-22 02:17:27.702338,104.33,62.69,159.96,134.69,106.21635299305069
2025-10-22 02:17:28.702338,86.87,39.87,154.15,87.93,83.74061349817403
2025-10-22 02:17:29.702337,36.77,23.24,50.21,77.24,42.01810344056581
2025-10-22 02:17:30.702337,88.83,23.72,246.08,19.44,89.68672793610202
2025-10-22 02:17:31.702336,125.32,75.33,187.89,126.34,119.28833630203607
2025-10-22 02:17:32.702336,84.52,49.64,190.31,24.66,86.9292016823032
2025-10-22 02:17:33.702335,85.59,84.19,112.61,58.63,87.6141514708356
2025-10-22 02:17:34.702335,111.98,69.94,259.82,34.69,120.00105748645302
2025-10-22 02:17:35.702334,118.55,72.06,269.38,38.94,124.78389617443523
2025-10-22 02:17:36.702334,74.06,27.46,88.01,130.13,66.02093392278962
2025-10-22 02:17:37.702333,141.09,79.77,293.91,75.75,143.3448601313258
2025-10-22 02:17:38.702333,63.87,62.34,87.35,25.44,62.47178502029863
2025-10-22 02:17:39.702332,135.97,87.62,284.65,29.3,135.25329946828418
2025-10-22 02:17:40.702332,140.76,93.26,278.63,67.4,143.843856269242
2025-10-22 02:17:41.702331,121.88,98.58,194.28,78.38,123.31715538591419
2025-10-22 02:17:42.702330,93.88,22.74,225.92,68.87,92.9612991901696
2025-10-22 02:17:43.702330,62.51,47.48,113.14,33.64,64.41850607844057
2025-10-22 02:17:44.702329,55.3,64.43,65.96,19.56,55.91450431341534
2025-10-22 02:17:45.702329,98.12,25.77,221.97,102.18,99.91482936540955
2025-10-22 02:17:46.702328,62.19,98.84,52.2,16.28,68.3563268569606
2025-10-22 02:17:47.702328,58.31,43.96,119.89,35.39,65.03418723282962
2025-10-22 02:17:48.702327,127.7,78.8,226.02,98.36,126.93238206105416
2025-10-22 02:17:49.702327,75.78,21.75,174.19,25.95,68.36834733051832
2025-10-22 02:17:50.702326,71.54,37.65,135.78,100.54,79.6103258115946
2025-10-22 02:17:51.702326,76.95,53.8,112.66,61.61,73.00167097889044
2025-10-22 02:17:52.702325,144.4,97.71,247.93,81.1,139.5616695644419
2025-10-22 02:17:53.702325,107.63,85.0,160.7,38.29,98.44157260045901
2025-10-22 02:17:54.702324,150.06,69.76,278.2,144.01,147.18031479392386
2025-10-22 02:17:55.702324,86.33,75.85,165.12,36.48,94.82870112846685
2025-10-22 02:17:56.702323,69.8,25.55,133.86,120.75,76.99184483176263
2025-10-22 02:17:57.702323,123.21,43.44,292.28,60.84,121.69433221029084
2025-10-22 02:17:58.702322,130.24,80.37,238.86,99.31,131.77021118875064
2025-10-22 02:17:59.702322,125.65,61.64,277.77,100.54,134.3394582950295
2025-10-22 02:18:00.702321,103.4,27.46,191.54,118.82,94.91625302049707
2025-10-22 02:18:01.702320,64.59,75.72,55.74,50.39,64.62549868485397
2025-10-22 02:18:02.702320,74.92,40.4,104.04,98.4,71.0138078389129
2025-10-22 02:18:03.702319,124.87,41.91,213.96,139.87,113.08389544065324
2025-10-22 02:18:04.702319,96.4,41.99,191.8,85.67,95.6790247408606
2025-10-22 02:18:05.702318,113.69,63.01,233.6,103.19,122.26510807879862
2025-10-22 02:18:06.702318,75.52,27.47,117.42,135.88,76.0167239215899
2025-10-22 02:18:07.702317,127.97,78.23,242.5,70.66,126.0958852503624
2025-10-22 02:18:08.702317,55.7,32.56,118.13,24.2,56.569969639189985
2025-10-22 02:18:09.702316,133.98,69.56,271.56,70.25,130.41417797790857
2025-10-22 02:18:10.702316,89.07,90.44,95.74,94.25,92.75305910360578
2025-10-22 02:18:11.702315,86.67,81.85,64.94,143.66,89.01156730597022
2025-10-22 02:18:12.702315,90.93,49.71,161.45,86.24,90.52869921822963
2025-10-22 02:18:13.702314,134.0,80.85,258.36,98.42,137.6997226604875
2025-10-22 02:18:14.702314,122.16,31.54,276.28,126.84,124.04654219919578
2025-10-22 02:18:15.702313,91.37,42.13,183.15,50.84,86.22043139700335
2025-10-22 02:18:16.702312,87.81,90.34,131.93,10.2,86.87503234507022
2025-10-22 02:18:17.702312,76.57,82.88,110.26,15.83,77.73958577984328
2025-10-22 02:18:18.702311,80.73,82.31,87.84,64.04,80.29701091593705
2025-10-22 02:18:19.702311,87.23,57.45,200.49,19.06,92.7894134087954
2025-10-22 02:18:20.702310,64.66,42.38,96.07,61.84,62.33725751770272
2025-10-22 02:18:21.702310,133.91,56.72,296.84,115.07,140.50168712600146
2025-10-22 02:18:22.702309,135.26,82.49,280.5,103.93,146.27712835412842
2025-10-22 02:18:23.702309,125.13,35.54,269.45,147.52,128.1077962786961
2025-10-22 02:18:24.702308,119.83,83.84,183.07,102.75,117.4091063891879
2025-10-22 02:18:25.702308,81.44,33.91,207.99,57.09,90.81907022642172
2025-10-22 02:18:26.702307,105.12,69.57,220.68,26.31,106.37491057430441
2025-10-22 02:18:27.702307,95.44,67.77,110.44,119.65,90.87268294237077
2025-10-22 02:18:28.702306,41.32,44.83,61.34,33.57,47.49460675209571
2025-10-22 02:18:29.702306,121.38,27.22,281.0,142.75,126.46685225842961
2025-10-22 02:18:30.702305,91.74,87.18,108.88,41.63,84.60879268381049
2025-10-22 02:18:31.702305,123.99,84.08,207.03,100.89,124.3672013882405
2025-10-22 02:18:32.702304,102.18,39.79,234.84,44.35,99.30753805645719
2025-10-22 02:18:33.702304,134.69,57.38,267.77,121.99,133.46338704880432
2025-10-22 02:18:34.702303,81.47,66.69,105.49,91.45,83.23462949350531
2025-10-22 02:18:35.702302,89.22,67.22,90.78,120.43,84.83810593410831
2025-10-22 02:18:36.702302,89.29,39.01,197.65,58.38,90.51928928414696
2025-10-22 02:18:37.702301,89.84,89.02,135.92,44.5,94.23540025763695
2025-10-22 02:18:38.702301,112.53,51.2,243.76,70.16,112.83812475119554
2025-10-22 02:18:39.702300,125.55,71.79,214.01,135.24,127.14290468231344
2025-10-22 02:18:40.702300,70.47,48.62,139.92,26.68,71.66144945463729
2025-10-22 02:18:41.702299,116.5,77.77,170.21,90.23,108.01063687353482
2025-10-22 02:18:42.702299,107.21,69.44,201.27,52.99,105.77656288955927
2025-10-22 02:18:43.702298,106.21,85.79,161.95,66.71,104.86508086199076
2025-10-22 02:18:44.702298,106.81,42.33,293.05,47.93,118.80266675974352
2025-10-22 02:18:45.702297,154.03,72.95,292.88,143.31,153.05487245128248
2025-10-22 02:18:46.702297,107.51,20.56,248.41,130.0,110.79185836687833
2025-10-22 02:18:47.702296,113.28,60.52,221.38,80.4,112.80975763055197
2025-10-22 02:18:48.702296,96.25,55.62,196.69,39.3,94.75484405514099
2025-10-22 02:18:49.702295,74.58,77.69,91.65,38.66,74.08207080432811
2025-10-22 02:18:50.702295,124.02,27.82,274.65,102.33,116.81886847438007
2025-10-22 02:18:51.702294,84.38,39.13,179.85,45.53,82.66923529835326
2025-10-22 02:18:52.702293,118.01,75.33,206.89,108.46,121.44827414839017
2025-10-22 02:18:53.702293,144.72,93.95,273.82,45.76,138.43895571403033
2025-10-22 02:18:54.702292,136.85,84.51,241.05,85.46,131.7481273023489
2025-10-22 02:18:55.702291,134.62,98.82,233.08,52.38,129.9388399104715
2025-10-22 02:18:56.702291,101.68,73.58,172.04,75.25,103.4836419713602
2025-10-22 02:18:57.702290,139.34,61.19,296.8,73.41,134.44352166022094
2025-10-22 02:18:58.702290,95.93,24.95,220.24,66.37,91.86226697858017
2025-10-22 02:18:59.702289,79.54,35.66,108.35,113.2,72.87968847025274
2025-10-22 02:19:00.702288,107.39,76.61,187.2,124.46,119.34795416747998
2025-10-22 02:19:01.702288,104.37,97.37,108.58,57.75,92.82772559786005
2025-10-22 02:19:02.702287,75.83,26.16,178.75,28.28,72.41212497999808
2025-10-22 02:19:03.702287,119.32,65.37,202.57,145.45,122.51658287458696
2025-10-22 02:19:04.702286,121.14,73.38,289.72,31.08,130.00068820265466
2025-10-22 02:19:05.702286,102.04,59.32,221.64,38.53,103.96038579685954
2025-10-22 02:19:06.702285,103.98,33.16,265.39,36.97,103.70964122771828
2025-10-22 02:19:07.702285,62.22,54.2,77.74,63.9,63.15256599368365
2025-10-22 02:19:08.702284,115.77,48.12,297.52,47.73,123.00737656067707
2025-10-22 02:19:09.702284,53.22,69.69,57.29,12.72,54.58044017474311
2025-10-22 02:19:10.702283,40.36,35.98,51.53,47.65,42.91123873815335
2025-10-22 02:19:11.702283,133.86,35.28,295.79,149.2,136.23543526769006
2025-10-22 02:19:12.702282,71.47,20.12,173.4,43.28,70.76072445872495
2025-10-22 02:19:13.702282,65.18,40.9,98.05,108.2,71.41117813533369
2025-10-22 02:19:14.702281,111.26,66.37,198.46,25.24,97.87512080597223
2025-10-22 02:19:15.702281,76.96,81.82,64.91,90.05,78.32621647847876
2025-10-22 02:19:16.702280,42.56,24.57,82.4,29.74,42.92157313626954
2025-10-22 02:19:17.702280,78.77,71.17,71.04,127.4,82.26417810594981
2025-10-22 02:19:18.702279,106.47,41.38,271.92,45.5,111.48717901613111
2025-10-22 02:19:19.702279,91.96,35.99,165.79,90.83,85.87573372599638
2025-10-22 02:19:20.702278,141.09,87.72,258.23,74.25,136.29466617979617
2025-10-22 02:19:21.702277,83.16,37.88,148.95,119.36,87.4300857356003
2025-10-22 02:19:22.702277,96.26,70.67,171.47,45.83,96.00407330237358
2025-10-22 02:19:23.702276,114.36,70.01,241.88,65.24,120.7147077659998
2025-10-22 02:19:24.702276,72.22,73.39,98.65,20.66,70.4546745182617
2025-10-22 02:19:25.702275,98.96,77.64,197.88,36.86,105.65581117565142
2025-10-22 02:19:26.702275,99.65,83.99,143.98,77.4,100.68364499626807
2025-10-22 02:19:27.702274,110.89,73.16,207.93,18.63,102.81004558756281
2025-10-22 02:19:28.702274,85.15,47.23,163.7,52.08,83.17018239870005
2025-10-22 02:19:29.702273,97.59,63.51,202.07,62.53,104.9445151317191
2025-10-22 02:19:30.702273,100.25,56.95,118.94,148.61,93.76996086282708
2025-10-22 02:19:31.702272,90.55,43.18,184.13,68.6,90.57300135165639
2025-10-22 02:19:32.702272,70.74,41.84,107.81,48.11,62.86805315824247
2025-10-22 02:19:33.702271,68.7,22.12,111.22,141.76,72.64151821895251
2025-10-22 02:19:34.702271,87.35,48.53,148.65,73.63,83.57942764083852
2025-10-22 02:19:35.702270,121.71,51.3,246.17,132.22,125.95493200151176
2025-10-22 02:19:36.702270,114.45,90.31,174.88,38.96,105.49992041687479
2025-10-22 02:19:37.702269,119.35,77.29,258.56,44.67,125.28779924228951
2025-10-22 02:19:38.702269,84.53,48.2,169.63,63.77,87.76464737645927
2025-10-22 02:19:39.702268,124.19,75.13,246.51,70.12,125.64224357656549
2025-10-22 02:19:40.702267,102.94,45.05,225.57,29.43,96.18612673780306
2025-10-22 02:19:41.702267,92.35,35.87,254.61,18.89,98.22845039638993
2025-10-22 02:19:42.702266,78.54,87.3,129.95,21.23,86.95039282266183
2025-10-22 02:19:43.702266,69.51,22.83,139.61,115.97,76.40875546089275
2025-10-22 02:19:44.702265,137.86,35.48,285.14,140.02,131.30619795177057
2025-10-22 02:19:45.702265,95.71,50.19,174.64,101.25,97.7219963280982
2025-10-22 02:19:46.702264,75.87,44.96,125.4,51.97,70.48979352648504
2025-10-22 02:19:47.702264,71.34,32.82,90.46,124.18,68.25912973569554
2025-10-22 02:19:48.702263,95.1,22.26,242.7,71.44,98.2798520875549
2025-10-22 02:19:49.702263,91.75,50.94,205.07,50.68,97.1950082924273
2025-10-22 02:19:50.702262,93.7,93.71,138.32,19.97,92.42803715401877
2025-10-22 02:19:51.702262,100.67,47.64,187.85,127.78,105.69475935626735
2025-10-22 02:19:52.702261,105.84,70.02,160.41,143.68,111.81061152907466
2025-10-22 02:19:53.702261,135.06,73.41,280.38,84.54,137.83746944247576
2025-10-22 02:19:54.702260,136.66,56.23,237.46,98.62,119.12186018657916
2025-10-22 02:19:55.702260,81.09,53.08,72.39,127.67,73.66401798606253
2025-10-22 02:19:56.702259,109.55,68.94,184.2,122.49,114.21235979008699
2025-10-22 02:19:57.702259,75.2,73.36,64.21,77.8,71.44250743716151
2025-10-22 02:19:58.702258,134.86,69.07,297.68,26.15,129.2562783530856
2025-10-22 02:19:59.702257,120.14,93.89,224.47,43.92,123.19722730767512
2025-10-22 02:20:00.702257,95.44,94.36,70.77,137.42,95.7897999045231
2025-10-22 02:20:01.702256,85.52,35.01,206.82,57.35,91.06971970259494
2025-10-22 02:20:02.702256,63.6,20.72,133.41,62.52,62.85740598554178
2025-10-22 02:20:03.702255,154.41,87.7,271.29,140.8,153.44808709837517
2025-10-22 02:20:04.702255,118.47,90.27,200.99,41.72,113.88332867398634
2025-10-22 02:20:05.702254,65.43,37.09,99.16,68.25,61.89217472759528
2025-10-22 02:20:06.702254,92.33,98.64,81.46,101.97,94.09930882701289
2025-10-22 02:20:07.702253,64.29,71.87,88.77,22.02,66.99171621490879
2025-10-22 02:20:08.702253,139.3,46.58,266.68,149.65,133.2272322791816
2025-10-22 02:20:09.702252,96.32,96.47,120.56,28.54,90.17194847224158
2025-10-22 02:20:10.702252,48.6,27.51,93.71,78.8,57.55280067298096
2025-10-22 02:20:11.702251,98.73,28.0,249.24,45.62,97.98723798722042
2025-10-22 02:20:12.702251,132.4,72.26,272.54,110.78,140.12133246297157
2025-10-22 02:20:13.702250,57.21,76.55,55.77,13.22,57.658295228098815
2025-10-22 02:20:14.702250,95.05,82.79,138.72,38.11,90.68679260937336
2025-10-22 02:20:15.702249,71.61,69.55,52.58,93.3,69.11819898110362
2025-10-22 02:20:16.702249,113.78,52.1,270.97,43.27,116.1267900147226
2025-10-22 02:20:17.702248,60.97,47.93,82.72,50.44,58.833730735733354
2025-10-22 02:20:18.702247,118.24,51.05,186.71,141.95,109.8775958384192
2025-10-22 02:20:19.702247,129.42,75.09,276.57,20.51,124.79920926359028
2025-10-22 02:20:20.702246,133.41,96.02,268.37,33.69,135.4358330554637
2025-10-22 02:20:21.702246,129.15,78.44,274.74,66.31,135.03461377868365
2025-10-22 02:20:22.702245,99.42,92.07,100.79,130.19,102.23588682619976
2025-10-22 02:20:23.702245,77.95,42.1,115.14,100.26,75.57427701043534
2025-10-22 02:20:24.702244,89.81,79.51,167.74,38.42,97.83569732250822
2025-10-22 02:20:25.702244,126.72,84.76,190.4,129.8,125.45429533054815
2025-10-22 02:20:26.702243,124.91,93.53,231.68,48.56,126.10863117415363
2025-10-22 02:20:27.702243,90.68,71.91,80.65,124.6,84.96889835360696
2025-10-22 02:20:28.702242,83.14,64.45,60.21,121.19,74.40570308920667
2025-10-22 02:20:29.702242,55.07,86.66,51.19,33.36,65.34907519344559
2025-10-22 02:20:30.702241,129.06,98.43,227.19,80.88,133.63938365366278
2025-10-22 02:20:31.702241,50.97,53.36,73.96,58.53,60.52682876064244
2025-10-22 02:20:32.702240,67.03,21.15,111.87,126.73,69.36226982575192
2025-10-22 02:20:33.702240,64.38,41.57,126.85,32.15,65.28662673956168
2025-10-22 02:20:34.702239,69.8,25.08,181.26,22.92,71.56037323153734
2025-10-22 02:20:35.702239,82.34,70.14,132.3,35.0,81.8015431708752
2025-10-22 02:20:36.702238,73.84,22.56,172.16,26.03,68.17925029078675
2025-10-22 02:20:37.702237,126.84,64.07,272.64,39.45,121.86439969747394
2025-10-22 02:20:38.702237,108.78,81.81,169.6,44.82,100.81989063181922
2025-10-22 02:20:39.702236,115.7,40.78,266.53,33.97,107.27228508567718
2025-10-22 02:20:40.702236,80.0,26.72,143.65,131.91,82.74226366927674
2025-10-22 02:20:41.702235,114.51,29.27,230.38,118.04,107.35171495440873
2025-10-22 02:20:42.702235,138.0,80.58,225.28,149.17,137.70571525140068
2025-10-22 02:20:43.702234,126.16,89.27,208.57,95.76,126.40957645776454
2025-10-22 02:20:44.702234,111.78,78.93,154.89,122.58,110.4163151820536
2025-10-22 02:20:45.702233,127.68,75.12,226.14,122.33,129.8922964552619
2025-10-22 02:20:46.702233,81.64,21.64,137.42,103.18,72.61044304540466
2025-10-22 02:20:47.702232,94.89,52.5,145.22,119.9,93.73749149279264
2025-10-22 02:20:48.702232,55.54,25.53,55.87,127.48,54.85879029138015
2025-10-22 02:20:49.702231,70.4,80.95,57.41,57.43,69.1472350092256
2025-10-22 02:20:50.702231,142.19,66.78,293.0,110.96,143.5674934849655
2025-10-22 02:20:51.702230,54.85,47.71,108.5,22.98,61.01793341889759
2025-10-22 02:20:52.702230,65.95,53.54,64.64,84.2,62.918215278812845
2025-10-22 02:20:53.702229,80.99,90.24,119.42,26.46,86.29520656185102
2025-10-22 02:20:54.702228,102.63,35.69,204.09,137.64,106.556120844074
2025-10-22 02:20:55.702228,110.84,94.9,189.77,56.8,115.8258185121113
2025-10-22 02:20:56.702227,69.17,51.56,120.35,28.09,67.52712145825672
2025-10-22 02:20:57.702227,83.0,28.49,209.84,17.65,80.8177683301401
2025-10-22 02:20:58.702226,40.75,21.53,75.18,56.66,44.58061437166471
2025-10-22 02:20:59.702226,113.45,46.86,232.07,126.74,118.39981620882284
2025-10-22 02:21:00.702225,78.63,33.88,175.03,78.54,85.15453483387601
2025-10-22 02:21:01.702225,122.61,27.34,285.26,87.55,116.83096924891325
2025-10-22 02:21:02.702224,85.39,67.34,97.3,125.17,87.80222385269496
2025-10-22 02:21:03.702224,125.84,51.2,266.83,47.53,115.2778024175266
2025-10-22 02:21:04.702223,82.05,57.07,107.26,87.71,78.20536545339846
2025-10-22 02:21:05.702223,123.81,54.98,244.57,96.99,120.31054405296695
2025-10-22 02:21:06.702222,28.46,26.74,63.47,21.39,36.653187142176954
2025-10-22 02:21:07.702222,62.23,98.49,50.58,27.91,70.00653132693981
2025-10-22 02:21:08.702221,75.89,46.88,106.57,114.97,78.3154987422672
2025-10-22 02:21:09.702221,74.08,59.92,128.69,32.59,75.1178329999106
2025-10-22 02:21:10.702220,92.95,92.57,141.41,12.59,91.31900192508549
2025-10-22 02:21:11.702220,95.32,84.14,144.16,39.11,93.19827083185949
2025-10-22 02:21:12.702219,123.57,58.22,214.61,137.04,120.88513307212641
2025-10-22 02:21:13.702218,104.13,68.24,133.52,146.49,103.38874644350334
2025-10-22 02:21:14.702218,59.77,27.74,118.36,53.43,60.03807601755311
2025-10-22 02:21:15.702217,144.47,73.87,294.16,104.8,146.24229312954668
2025-10-22 02:21:16.702217,98.92,97.59,93.07,121.74,100.99764540575511
2025-10-22 02:21:17.702216,101.05,35.91,198.38,140.77,105.57104267931825
2025-10-22 02:21:18.702216,135.28,96.79,235.12,106.37,140.2727160569365
2025-10-22 02:21:19.702215,105.65,41.27,227.18,60.51,100.95813894487364
2025-10-22 02:21:20.702215,108.24,61.25,184.71,87.01,103.45858902991306
2025-10-22 02:21:21.702214,119.79,75.35,240.73,77.02,125.38583909135096
2025-10-22 02:21:22.702214,137.21,72.89,271.81,98.12,137.69958483837573
2025-10-22 02:21:23.702213,130.6,61.11,285.43,77.01,131.6989880573903
2025-10-22 02:21:24.702213,122.51,60.31,273.21,52.62,122.77184765131923
2025-10-22 02:21:25.702212,135.87,53.99,292.26,103.06,135.368243131449
2025-10-22 02:21:26.702212,79.16,33.49,119.53,121.51,76.80871841728687
2025-10-22 02:21:27.702211,108.18,21.29,265.94,108.64,112.18312625552633
2025-10-22 02:21:28.702210,117.58,76.03,185.08,144.12,122.32946352693521
2025-10-22 02:21:29.702210,117.37,80.78,184.98,89.77,113.86984818397436
2025-10-22 02:21:30.702209,115.63,87.79,146.56,111.53,110.15027756164166
2025-10-22 02:21:31.702209,147.94,79.16,274.41,131.78,148.31580999777992
2025-10-22 02:21:32.702208,66.97,34.37,83.76,100.33,62.276881956398434
2025-10-22 02:21:33.702208,130.7,72.83,261.08,111.51,137.10451189373902
2025-10-22 02:21:34.702207,93.27,33.62,199.49,76.91,92.0583686593718
2025-10-22 02:21:35.702207,86.7,38.76,119.92,116.7,78.60884749801899
2025-10-22 02:21:36.702206,54.25,46.26,99.69,36.6,60.35003571497287
2025-10-22 02:21:37.702206,90.01,98.12,141.36,14.46,94.45543598808945
2025-10-22 02:21:38.702205,84.68,70.64,140.49,58.7,89.22888786963307
2025-10-22 02:21:39.702205,104.24,68.15,129.45,143.39,101.50282014320562
2025-10-22 02:21:40.702204,95.61,24.12,279.96,44.97,105.15613730342629
2025-10-22 02:21:41.702204,85.63,55.6,132.18,85.93,84.61174778748855
2025-10-22 02:21:42.702203,85.66,30.9,212.75,16.14,82.59987587081812
2025-10-22 02:21:43.702203,77.16,40.24,138.74,75.84,76.88587998331033
2025-10-22 02:21:44.702202,86.6,44.72,89.61,148.84,78.8673541552445
2025-10-22 02:21:45.702202,78.7,62.49,151.98,23.7,81.64326223728206
2025-10-22 02:21:46.702201,118.98,89.97,180.38,71.32,113.41954303186375
2025-10-22 02:21:47.702200,91.89,56.55,187.11,25.73,89.64006509588656
2025-10-22 02:21:48.702200,63.94,58.25,98.4,58.47,70.316130096774
2025-10-22 02:21:49.702199,106.09,56.93,199.31,102.45,108.75759190778949
2025-10-22 02:21:50.702199,124.48,70.02,224.89,90.05,120.54259206776078
2025-10-22 02:21:51.702198,105.2,56.18,228.66,68.86,110.53124532158026
2025-10-22 02:21:52.702198,64.93,41.85,130.58,65.77,73.23487381438602
2025-10-22 02:21:53.702197,94.93,43.85,184.83,56.12,88.63726417571628
2025-10-22 02:21:54.702197,99.52,22.39,270.51,33.2,99.10622655773837
2025-10-22 02:21:55.702196,95.23,50.09,197.64,46.05,93.61341011233397
2025-10-22 02:21:56.702196,136.49,90.66,218.52,104.1,131.75750238681385
2025-10-22 02:21:57.702195,125.44,87.12,259.54,37.81,129.14151012293166
2025-10-22 02:21:58.702195,81.65,95.82,93.59,45.53,85.11189738228944
2025-10-22 02:21:59.702194,77.46,79.47,56.53,135.41,83.64899225799587
2025-10-22 02:22:00.702194,109.05,97.96,152.79,50.95,105.07042950364801
2025-10-22 02:22:01.702193,91.4,20.61,227.6,86.58,95.92187248888882
2025-10-22 02:22:02.702192,42.19,32.53,55.08,36.69,40.07172531112885
2025-10-22 02:22:03.702191,68.69,38.51,127.95,58.93,69.41068208110575
2025-10-22 02:22:04.702190,79.57,64.24,119.24,61.82,80.25150726024975
2025-10-22 02:22:05.702190,114.78,57.34,239.08,43.37,109.1776724300911
2025-10-22 02:22:06.702189,85.33,25.4,161.02,76.86,76.35884780722166
2025-10-22 02:22:07.702189,115.56,93.22,188.14,87.55,120.60926593480518
2025-10-22 02:22:08.702188,160.94,89.77,299.95,96.49,154.29464162995134
2025-10-22 02:22:09.702188,103.72,30.45,246.79,102.81,109.85048956058476
2025-10-22 02:22:10.702187,89.88,94.49,54.58,123.52,88.22027285977248
2025-10-22 02:22:11.702187,107.85,39.93,211.96,129.44,109.4164141759421
2025-10-22 02:22:12.702186,74.95,72.33,74.95,82.94,75.17970646917638
2025-10-22 02:22:13.702186,130.52,65.66,262.61,16.12,115.00384574970072
2025-10-22 02:22:14.702185,96.58,98.14,121.58,43.33,94.25642723558401
2025-10-22 02:22:15.702185,116.9,61.88,227.87,91.06,117.56317407728062
2025-10-22 02:22:16.702184,90.72,68.76,132.51,59.39,86.02395961901529
2025-10-22 02:22:17.702184,56.99,20.9,55.48,104.88,47.92822519793645
2025-10-22 02:22:18.702183,84.05,84.51,50.48,130.17,83.31109856796274
2025-10-22 02:22:19.702183,141.55,91.43,287.2,62.31,144.49318362536644
2025-10-22 02:22:20.702182,72.03,75.37,99.04,37.67,74.94637589260935
2025-10-22 02:22:21.702181,114.36,74.18,199.8,81.7,113.41776477046865
2025-10-22 02:22:22.702181,76.52,26.37,187.15,48.54,79.07329802557321
2025-10-22 02:22:23.702180,96.97,33.77,226.49,108.55,106.54797049996847
2025-10-22 02:22:24.702180,106.03,38.97,203.62,141.51,108.82706511185783
2025-10-22 02:22:25.702179,110.48,55.33,287.84,23.72,118.931532175519
2025-10-22 02:22:26.702179,101.5,22.69,256.65,41.24,96.68592362272022
2025-10-22 02:22:27.702178,66.07,35.57,146.78,14.71,64.80886956081201
2025-10-22 02:22:28.702178,71.86,76.47,71.92,40.82,67.9653190764929
2025-10-22 02:22:29.702177,93.98,55.94,179.23,62.37,94.25056674990368
2025-10-22 02:22:30.702177,100.15,63.19,159.57,66.48,92.7846739266064
2025-10-22 02:22:31.702176,110.13,72.64,203.2,64.42,110.23286365810534
2025-10-22 02:22:32.702176,106.85,71.36,145.26,139.73,107.1386791034451
2025-10-22 02:22:33.702175,116.47,43.0,251.78,118.36,120.72939017505763
2025-10-22 02:22:34.702175,74.62,89.65,57.85,62.86,74.71664969549423
2025-10-22 02:22:35.702174,95.8,88.22,141.91,38.14,94.3718868444836
2025-10-22 02:22:36.702174,108.48,82.37,124.46,129.48,104.35721487042017
2025-10-22 02:22:37.702173,65.08,27.11,160.46,20.22,65.78292971508985
2025-10-22 02:22:38.702172,58.22,30.45,76.36,87.24,55.48434678240594
2025-10-22 02:22:39.702172,116.11,91.21,232.65,15.38,118.64007991774798
2025-10-22 02:22:40.702171,135.66,93.0,231.72,96.13,135.31536552191122
2025-10-22 02:22:41.702171,127.89,72.08,290.35,33.25,129.97067588215972
2025-10-22 02:22:42.702170,66.45,35.0,170.52,26.67,74.04346516918145
2025-10-22 02:22:43.702170,54.75,58.29,61.95,50.94,57.87358194876748
2025-10-22 02:22:44.702169,78.52,95.9,60.08,83.75,82.6720112523179
2025-10-22 02:22:45.702169,103.49,65.0,159.96,123.39,105.12605870344656
2025-10-22 02:22:46.702168,104.46,78.97,138.99,100.9,101.34176193484892
2025-10-22 02:22:47.702168,66.56,38.29,116.58,65.61,67.20854536397898
2025-10-22 02:22:48.702167,143.3,84.22,214.3,148.45,136.08247331101995
2025-10-22 02:22:49.702167,122.4,42.05,236.46,126.59,117.28163181144619
2025-10-22 02:22:50.702166,123.42,40.37,219.73,130.2,112.12533563831936
2025-10-22 02:22:51.702166,151.7,88.55,267.9,91.05,142.96031878009373
2025-10-22 02:22:52.702165,74.2,24.12,162.82,56.54,72.2182822539223
2025-10-22 02:22:53.702165,104.73,94.52,160.98,33.39,102.31922960252864
2025-10-22 02:22:54.702164,107.38,34.07,207.88,124.39,104.24991278202114
2025-10-22 02:22:55.702163,98.26,39.2,170.12,104.49,91.50250024897979
2025-10-22 02:22:56.702163,129.33,64.31,275.68,52.44,125.48240162350308
2025-10-22 02:22:57.702162,149.31,86.74,278.49,104.47,147.908373611585
2025-10-22 02:22:58.702162,100.83,67.82,157.83,100.84,101.41316467636912
2025-10-22 02:22:59.702161,101.25,48.02,193.72,64.49,95.06458105255723
2025-10-22 02:23:00.702161,74.85,53.47,126.19,35.84,71.78175092948348
2025-10-22 02:23:01.702160,120.11,55.69,211.34,122.08,115.65927668450972
2025-10-22 02:23:02.702160,84.24,84.93,85.71,65.22,81.20308360328835
2025-10-22 02:23:03.702159,63.36,43.65,57.14,113.18,61.472024468608495
2025-10-22 02:23:04.702159,105.93,94.38,155.95,66.69,107.35825586531793
2025-10-22 02:23:05.702158,91.02,67.63,151.42,64.45,92.15291472656676
2025-10-22 02:23:06.702158,112.74,20.08,262.41,143.9,117.52728689263168
2025-10-22 02:23:07.702157,63.56,32.27,88.14,94.67,61.41717040617988
2025-10-22 02:23:08.702156,94.04,42.36,148.41,134.57,92.53612571316012
2025-10-22 02:23:09.702156,79.27,60.73,87.07,93.09,75.03462620303927
2025-10-22 02:23:10.702155,84.67,25.37,201.42,57.27,84.60137288722107
2025-10-22 02:23:11.702155,100.12,70.66,205.59,33.85,103.8808115252364
2025-10-22 02:23:12.702154,61.03,70.46,78.92,33.46,65.59746085141202
2025-10-22 02:23:13.702154,107.56,79.69,202.16,73.09,115.17502209855597
2025-10-22 02:23:14.702153,120.94,60.63,269.23,53.28,121.86607778479893
2025-10-22 02:23:15.702153,117.65,34.68,296.88,33.53,113.25980396989581
2025-10-22 02:23:16.702152,90.36,70.63,65.13,141.74,83.06761356185505
2025-10-22 02:23:17.702152,125.75,85.88,230.25,35.91,119.3314423353721
2025-10-22 02:23:18.702151,38.38,51.52,53.16,50.11,51.67365916383463
2025-10-22 02:23:19.702151,94.31,20.46,250.0,17.72,88.8912155538623
2025-10-22 02:23:20.702150,58.74,28.91,82.01,105.86,60.11565711464213
2025-10-22 02:23:21.702150,117.39,70.58,201.92,63.74,108.68087166896173
2025-10-22 02:23:22.702149,97.68,67.09,209.69,79.22,112.34887464771603
2025-10-22 02:23:23.702149,104.75,36.89,295.85,23.71,112.10390047360627
2025-10-22 02:23:24.702148,143.1,87.14,259.83,74.68,136.5710209372
2025-10-22 02:23:25.702147,74.16,22.85,178.44,56.1,76.19363129836432
2025-10-22 02:23:26.702147,77.56,90.53,81.75,85.66,86.8813039782961
2025-10-22 02:23:27.702146,87.93,27.81,180.98,117.74,91.70004311588698
2025-10-22 02:23:28.702146,87.14,86.96,73.75,109.95,87.51724013604718
2025-10-22 02:23:29.702145,63.13,51.6,138.8,16.38,70.7686522656152
2025-10-22 02:23:30.702145,71.21,31.7,127.69,99.23,73.93620323227297
2025-10-22 02:23:31.702144,67.4,66.82,95.0,47.02,71.30837746838435
2025-10-22 02:23:32.702144,135.05,56.16,272.68,133.46,136.61044639164956
2025-10-22 02:23:33.702143,74.17,26.82,170.48,11.07,66.83232594005472
2025-10-22 02:23:34.702143,126.26,81.77,225.72,86.19,125.9093711672329
2025-10-22 02:23:35.702142,126.49,67.53,284.9,49.05,129.1945199563
2025-10-22 02:23:36.702142,144.32,90.35,256.34,99.37,142.0388398236611
2025-10-22 02:23:37.702141,71.96,28.38,184.48,32.57,76.10083762986298
2025-10-22 02:23:38.702141,118.96,85.54,178.83,137.86,123.96725844294627
2025-10-22 02:23:39.702140,108.58,56.91,154.87,123.6,99.58492222147098
2025-10-22 02:23:40.702140,122.43,38.07,259.56,124.35,121.79195466214298
2025-10-22 02:23:41.702139,87.24,85.36,99.1,59.9,84.38852274195425
2025-10-22 02:23:42.702139,110.73,41.61,269.7,46.12,111.05783368648565
2025-10-22 02:23:43.702138,89.1,22.6,175.65,134.44,90.80842115118975
2025-10-22 02:23:44.702137,136.17,71.13,254.67,138.02,139.59679523683678
2025-10-22 02:23:45.702137,88.59,80.98,112.95,76.67,89.69635062155444
2025-10-22 02:23:46.702136,95.06,94.85,72.36,70.7,83.24506098056348
2025-10-22 02:23:47.702136,150.66,96.94,299.27,51.22,148.67826913523731
2025-10-22 02:23:48.702135,69.89,20.39,92.98,123.79,62.71436693655243
2025-10-22 02:23:49.702135,146.79,91.16,298.23,75.94,150.38663847079084
2025-10-22 02:23:50.702134,85.98,75.44,124.72,46.4,84.44276059897183
2025-10-22 02:23:51.702134,141.35,90.73,299.04,44.94,144.25005077587957
2025-10-22 02:23:52.702133,87.39,94.01,123.94,21.96,88.64815469320736
2025-10-22 02:23:53.702133,92.57,33.68,230.08,31.37,92.2342466947484
2025-10-22 02:23:54.702132,70.75,42.77,112.4,36.12,62.330189398268274
2025-10-22 02:23:55.702132,130.68,59.93,250.85,107.14,126.69733520863798
2025-10-22 02:23:56.702131,66.99,30.13,109.61,97.78,67.42261208963933
2025-10-22 02:23:57.702131,120.23,65.57,272.8,53.81,125.5195143021663
2025-10-22 02:23:58.702130,76.51,39.35,160.31,38.99,75.60068249675476
2025-10-22 02:23:59.702130,86.48,56.77,117.84,104.43,84.5629251968401
2025-10-22 02:24:00.702129,133.85,63.38,294.98,74.24,135.15789085569355
2025-10-22 02:24:01.702129,95.51,23.51,239.52,96.77,102.98658049955588
2025-10-22 02:24:02.702128,55.61,50.23,85.76,25.34,55.90856390197615
2025-10-22 02:24:03.702127,53.77,31.75,80.58,38.95,47.80158348484992
2025-10-22 02:24:04.702127,110.1,80.41,142.51,126.77,108.2665702269383
2025-10-22 02:24:05.702126,66.6,41.84,115.25,62.99,68.06535087897129
2025-10-22 02:24:06.702126,125.01,62.98,213.79,119.22,119.47857098750666
2025-10-22 02:24:07.702125,75.37,82.74,64.03,87.38,77.99127396826563
2025-10-22 02:24:08.702125,97.94,47.3,222.17,28.06,96.0177314397053
2025-10-22 02:24:09.702124,65.44,27.6,163.02,17.91,66.33906514451758
2025-10-22 02:24:10.702124,85.77,44.06,196.5,30.13,87.08450374635576
2025-10-22 02:24:11.702123,101.77,37.39,148.88,147.74,92.8074897931407
2025-10-22 02:24:12.702123,54.17,48.92,117.38,24.87,64.67112947508468
2025-10-22 02:24:13.702122,87.76,60.68,105.75,148.1,91.56873021621502
2025-10-22 02:24:14.702122,104.09,49.03,185.6,116.62,103.4946868014649
2025-10-22 02:24:15.702121,85.2,29.47,152.46,129.51,86.29253351901453
2025-10-22 02:24:16.702121,38.4,26.56,65.72,33.52,39.65216271118571
2025-10-22 02:24:17.702120,86.15,28.75,182.22,98.56,88.72956132557881
2025-10-22 02:24:18.702120,137.34,95.09,211.33,145.85,140.11595888201884
2025-10-22 02:24:19.702119,68.03,61.17,114.24,27.4,70.364808247916
2025-10-22 02:24:20.702118,69.82,78.75,70.64,16.35,63.85585415998534
2025-10-22 02:24:21.702118,108.12,55.82,238.24,79.88,115.42438313930413
2025-10-22 02:24:22.702117,83.76,57.21,147.63,81.77,89.23855150835854
2025-10-22 02:24:23.702117,72.81,83.47,98.71,38.14,78.99727392867578
2025-10-22 02:24:24.702116,124.19,38.62,269.3,120.72,124.27556481166258
2025-10-22 02:24:25.702116,94.4,59.27,143.56,144.35,101.49103955832614
2025-10-22 02:24:26.702115,66.41,57.36,118.74,10.72,66.49325794829053
2025-10-22 02:24:27.702115,115.74,69.43,219.12,55.73,111.68619603084285
2025-10-22 02:24:28.702114,77.41,35.66,131.64,94.51,76.16908687112863
2025-10-22 02:24:29.702114,60.77,24.68,134.55,46.15,61.92815908733597
2025-10-22 02:24:30.702113,53.43,59.21,58.05,29.15,52.82779319380353
2025-10-22 02:24:31.702113,91.38,48.6,200.98,51.03,94.86229740695694
2025-10-22 02:24:32.702112,123.61,61.23,275.75,55.82,124.63308380676143
2025-10-22 02:24:33.702112,109.38,66.41,186.56,76.29,104.46752448590733
2025-10-22 02:24:34.702111,162.55,96.24,295.87,109.61,158.91677072677632
2025-10-22 02:24:35.702111,116.45,70.11,188.27,126.99,116.91759467117467
2025-10-22 02:24:36.702110,87.72,80.13,100.73,64.99,83.27177821454512
2025-10-22 02:24:37.702109,155.47,93.18,297.25,130.2,161.8940658376274
2025-10-22 02:24:38.702109,145.48,73.85,270.54,135.35,145.2021773740675
2025-10-22 02:24:39.702108,143.35,80.99,235.1,123.73,135.80596953555465
2025-10-22 02:24:40.702108,140.58,79.89,285.34,106.25,146.89234781930952
2025-10-22 02:24:41.702107,119.8,20.87,294.94,125.28,124.0058918078546
2025-10-22 02:24:42.702107,111.36,40.16,172.49,149.8,101.70695094040306
2025-10-22 02:24:43.702106,106.53,49.87,229.65,26.31,99.20701783879711
2025-10-22 02:24:44.702106,99.55,96.1,159.58,11.77,98.3898594663935
2025-10-22 02:24:45.702105,112.96,61.27,229.73,83.56,116.32569733720757
2025-10-22 02:24:46.702105,72.56,34.24,137.93,42.17,66.94136807357904
2025-10-22 02:24:47.702104,121.05,96.69,145.36,145.77,121.05588363587921
2025-10-22 02:24:48.702104,111.41,28.55,212.29,120.96,102.1298710885569
2025-10-22 02:24:49.702103,101.24,41.39,205.2,72.22,96.73482483225108
2025-10-22 02:24:50.702103,69.68,90.88,102.79,17.88,79.9067146554961
2025-10-22 02:24:51.702102,98.87,50.19,173.32,101.0,97.27518909315413
2025-10-22 02:24:52.702102,111.72,84.82,149.74,113.07,109.92570286493978
2025-10-22 02:24:53.702101,47.92,63.99,56.24,36.6,56.15881852262257
2025-10-22 02:24:54.702101,94.43,20.75,248.85,39.73,93.06758530123746
2025-10-22 02:24:55.702100,114.69,71.43,201.79,76.89,111.68257886090106
2025-10-22 02:24:56.702099,70.28,76.29,78.26,21.51,65.94227016721277
2025-10-22 02:24:57.702099,90.76,25.8,204.12,96.81,93.49219053544122
2025-10-22 02:24:58.702098,53.62,25.16,122.23,27.26,54.705768026943666
2025-10-22 02:24:59.702098,78.41,81.1,88.61,86.65,84.41904595434184
2025-10-22 02:25:00.702097,123.68,75.56,232.01,98.9,127.21903716837546
2025-10-22 02:25:01.702097,132.07,62.61,245.57,99.93,125.01735511082572
2025-10-22 02:25:02.702096,72.61,67.35,87.33,34.78,66.83233926435967
2025-10-22 02:25:03.702096,104.26,78.78,197.73,22.92,103.40941389685706
2025-10-22 02:25:04.702095,138.89,75.24,263.78,117.94,140.4024560835266
2025-10-22 02:25:05.702095,75.83,38.44,128.37,117.79,81.20732808996188
2025-10-22 02:25:06.702094,99.53,56.76,194.18,67.14,100.1071929540292
2025-10-22 02:25:07.702094,106.01,86.16,194.3,25.44,106.57483452916674
2025-10-22 02:25:08.702093,110.19,62.07,214.71,47.06,104.94927948032739
2025-10-22 02:25:09.702093,114.61,79.96,161.54,112.29,110.88631089994972
2025-10-22 02:25:10.702092,125.29,69.62,245.53,90.45,126.63085637975854
2025-10-22 02:25:11.702092,98.36,54.57,211.93,35.73,98.10360515340669
2025-10-22 02:25:12.702091,120.72,49.3,221.74,135.64,118.28422611430567
2025-10-22 02:25:13.702090,80.96,24.71,173.24,29.87,70.34457371675671
2025-10-22 02:25:14.702090,131.15,79.61,223.14,123.39,131.44933383494816
2025-10-22 02:25:15.702089,61.71,28.15,52.56,105.25,50.75439379591846
2025-10-22 02:25:16.702089,77.24,84.98,98.57,33.59,78.8065594581257
2025-10-22 02:25:17.702088,42.28,27.9,120.65,13.9,52.94585690705998
2025-10-22 02:25:18.702088,102.38,89.7,101.92,93.97,94.18586832640983
2025-10-22 02:25:19.702087,79.86,58.09,133.91,50.53,79.33931810146936
2025-10-22 02:25:20.702087,128.32,68.58,264.94,61.96,126.2832852223796
2025-10-22 02:25:21.702086,69.28,43.42,138.7,27.2,68.79354999733008
2025-10-22 02:25:22.702086,104.49,38.64,275.38,73.57,116.73798789312148
2025-10-22 02:25:23.702085,112.46,47.85,202.2,127.34,110.02928410874735
2025-10-22 02:25:24.702085,65.37,70.88,94.05,16.18,66.92287037271964
2025-10-22 02:25:25.702084,82.17,96.91,84.69,21.53,78.20762163341209
2025-10-22 02:25:26.702083,113.7,38.05,282.62,50.65,114.06243043484565
2025-10-22 02:25:27.702083,114.18,50.57,222.85,102.68,112.69951213254465
2025-10-22 02:25:28.702082,124.46,27.09,268.2,117.83,117.59538729133286
2025-10-22 02:25:29.702082,110.32,90.83,219.76,33.85,118.24520633705961
2025-10-22 02:25:30.702081,64.68,97.88,70.57,14.61,73.06959650974791
2025-10-22 02:25:31.702081,97.33,32.32,200.91,90.04,94.44559963638633
2025-10-22 02:25:32.702080,94.97,51.84,152.23,87.77,89.1261139600112
2025-10-22 02:25:33.702080,107.58,46.34,251.46,54.14,109.53460143719285
2025-10-22 02:25:34.702079,46.15,34.21,81.45,57.35,52.95450473164398
2025-10-22 02:25:35.702079,78.28,42.19,175.71,37.75,81.40915663707386
2025-10-22 02:25:36.702078,61.59,37.46,87.11,74.12,59.619881675508275
2025-10-22 02:25:37.702078,101.0,87.02,167.02,14.68,96.65919625649269
2025-10-22 02:25:38.702077,94.6,57.03,159.01,76.29,91.48200681059359
2025-10-22 02:25:39.702076,132.52,79.2,266.03,29.07,125.38921259759604
2025-10-22 02:25:40.702076,91.52,49.81,213.1,12.79,91.50960596962177
2025-10-22 02:25:41.702075,71.39,79.64,62.29,67.07,71.87626707602652
2025-10-22 02:25:42.702075,75.77,32.41,186.66,22.48,76.76839727893173
2025-10-22 02:25:43.702074,104.37,76.28,184.11,72.13,107.84637834177165
2025-10-22 02:25:44.702074,152.37,98.41,237.04,142.13,148.7731539918285
2025-10-22 02:25:45.702073,76.51,40.78,77.9,108.38,65.32523155995351
2025-10-22 02:25:46.702073,77.92,89.11,100.69,19.18,78.6470435262286
2025-10-22 02:25:47.702072,96.26,79.74,184.52,37.91,102.89732500965047
2025-10-22 02:25:48.702072,79.75,63.7,111.08,114.73,88.04841420541769
2025-10-22 02:25:49.702071,92.47,61.64,186.36,30.28,92.8685059505825
2025-10-22 02:25:50.702071,105.62,35.28,269.18,73.27,113.13042609003142
2025-10-22 02:25:51.702070,92.32,27.41,153.94,139.24,87.64103473149137
2025-10-22 02:25:52.702070,130.55,59.52,272.48,100.09,131.5968440680037
2025-10-22 02:25:53.702069,82.77,24.87,235.76,17.75,86.82206892653109
2025-10-22 02:25:54.702069,112.8,82.43,215.36,24.06,110.76770554155857
2025-10-22 02:25:55.702068,154.23,89.02,273.14,139.95,154.49666985467871
2025-10-22 02:25:56.702067,72.44,59.45,124.03,37.54,74.46499048129716
2025-10-22 02:25:57.702067,97.33,96.52,99.86,81.92,94.585453720463
2025-10-22 02:25:58.702066,107.63,47.86,220.84,123.16,114.81042134547576
2025-10-22 02:25:59.702066,123.42,45.1,243.11,118.19,119.1391591688631
2025-10-22 02:26:00.702065,72.88,40.99,110.2,48.8,63.29854263428736
2025-10-22 02:26:01.702065,90.93,79.32,147.94,31.3,90.36824718367924
2025-10-22 02:26:02.702064,129.26,40.03,292.62,128.0,133.4447507905017
2025-10-22 02:26:03.702064,84.74,62.83,82.35,130.49,82.10411998370122
2025-10-22 02:26:04.702063,84.11,57.57,83.98,130.07,79.87658921102371
2025-10-22 02:26:05.702063,119.94,74.16,166.65,147.21,116.46319472347234
2025-10-22 02:26:06.702062,112.93,23.7,259.65,123.44,114.4411681416776
2025-10-22 02:26:07.702062,119.52,43.57,299.16,23.96,116.49487911189208
2025-10-22 02:26:08.702061,104.49,44.69,212.68,132.75,112.67520010780501
2025-10-22 02:26:09.702061,129.16,64.7,250.61,136.28,134.8090910102643
2025-10-22 02:26:10.702060,116.22,51.48,216.28,144.28,119.45173776609485
2025-10-22 02:26:11.702060,97.31,28.7,176.08,147.24,96.53833155055858
2025-10-22 02:26:12.702059,79.61,43.04,72.08,135.24,70.04788285376226
2025-10-22 02:26:13.702058,113.41,89.08,171.28,67.85,109.54621898182178
2025-10-22 02:26:14.702058,75.59,83.67,59.64,45.13,68.73425415645269
2025-10-22 02:26:15.702057,118.03,44.64,251.67,92.23,116.32124155283186
2025-10-22 02:26:16.702057,106.87,37.55,212.31,104.71,103.41173383066113
2025-10-22 02:26:17.702056,96.86,39.32,229.46,42.76,97.13750560830657
2025-10-22 02:26:18.702056,87.85,75.63,162.87,53.26,97.37866182941745
2025-10-22 02:26:19.702055,124.57,27.72,257.09,145.32,120.0356070265906
2025-10-22 02:26:20.702055,55.12,50.48,117.83,39.71,68.53898979395359
2025-10-22 02:26:21.702054,123.65,84.99,242.47,10.37,117.48271644061418
2025-10-22 02:26:22.702054,78.31,51.14,148.56,54.12,80.97960286043816
2025-10-22 02:26:23.702053,100.65,49.76,255.03,21.22,105.77465320103263
2025-10-22 02:26:24.702053,120.73,62.33,237.33,100.18,122.4480342875941
2025-10-22 02:26:25.702052,119.92,40.48,288.78,47.65,116.535925977511
2025-10-22 02:26:26.702052,61.49,75.56,67.96,35.27,65.21457904335296
2025-10-22 02:26:27.702051,149.12,80.61,287.3,139.25,154.40519899364963
2025-10-22 02:26:28.702050,162.59,95.91,268.39,139.17,156.3633310739722
2025-10-22 02:26:29.702050,120.79,22.21,262.06,139.82,117.67737986956467
2025-10-22 02:26:30.702049,64.98,21.07,161.02,14.89,61.866428936973584
2025-10-22 02:26:31.702049,88.27,57.01,121.69,110.48,87.04445383244783
2025-10-22 02:26:32.702048,121.86,66.72,256.0,51.58,120.59811435301086
2025-10-22 02:26:33.702048,123.53,74.64,261.92,41.43,124.3270500748974
2025-10-22 02:26:34.702047,60.6,21.0,141.94,33.16,59.724925518087666
2025-10-22 02:26:35.702047,118.13,58.37,259.07,56.37,118.29231710123423
2025-10-22 02:26:36.702046,115.39,62.62,269.8,32.06,118.81422121090695
2025-10-22 02:26:37.702046,98.65,64.64,142.01,142.59,103.36419569281698
2025-10-22 02:26:38.702045,74.89,44.91,157.04,21.41,73.90548702969113
2025-10-22 02:26:39.702045,61.53,42.23,114.72,15.91,58.738541159427555
2025-10-22 02:26:40.702044,71.49,26.53,111.15,124.45,71.38670855659683
2025-10-22 02:26:41.702044,55.51,66.59,66.61,20.88,57.45433405963113
2025-10-22 02:26:42.702043,75.49,45.21,112.61,129.72,82.22940535595694
2025-10-22 02:26:43.702043,111.43,71.12,192.4,138.48,120.9508324327354
2025-10-22 02:26:44.702042,93.19,41.16,161.28,120.58,93.02460293872775
2025-10-22 02:26:45.702041,109.31,72.39,191.97,80.2,109.86751447245487
2025-10-22 02:26:46.702041,62.08,24.67,124.27,47.41,59.08123314152091
2025-10-22 02:26:47.702040,141.76,59.11,292.92,103.92,138.3020513650166
2025-10-22 02:26:48.702040,117.82,88.29,189.42,76.46,116.31980002428266
2025-10-22 02:26:49.702039,125.65,22.33,288.5,141.57,126.03933665074815
2025-10-22 02:26:50.702039,68.11,33.65,117.64,81.94,68.45109200428328
2025-10-22 02:26:51.702038,112.19,81.37,146.19,135.69,111.62830475055058
2025-10-22 02:26:52.702038,105.3,52.1,190.01,126.27,108.27794378945393
2025-10-22 02:26:53.702037,146.94,71.75,268.41,126.04,141.65822133594037
2025-10-22 02:26:54.702037,92.0,75.37,136.39,105.02,99.57597060493053
2025-10-22 02:26:55.702036,99.95,25.42,245.89,66.12,99.76412531900492
2025-10-22 02:26:56.702036,57.68,44.37,101.27,31.99,58.96199635903972
2025-10-22 02:26:57.702035,134.64,98.18,158.73,135.78,123.83747091353072
2025-10-22 02:26:58.702035,131.43,66.8,293.79,49.08,131.50922486596073
2025-10-22 02:26:59.702034,68.82,92.72,68.53,43.12,75.54136177042685
2025-10-22 02:27:00.702034,47.02,36.04,80.12,34.56,48.93872399672957
2025-10-22 02:27:01.702033,124.77,21.52,295.44,133.47,126.1105697203261
2025-10-22 02:27:02.702033,53.41,53.11,81.03,16.8,54.22970945678033
2025-10-22 02:27:03.702032,125.86,70.05,215.28,131.74,125.9574766242732
2025-10-22 02:27:04.702032,107.36,31.68,236.58,127.52,112.30909677289978
2025-10-22 02:27:05.702031,89.04,80.15,58.59,101.21,77.80797869418186
2025-10-22 02:27:06.702030,107.64,38.41,269.74,13.95,103.069642518107
2025-10-22 02:27:07.702030,115.15,79.3,200.98,78.14,115.62900696359429
2025-10-22 02:27:08.702029,83.45,34.19,173.3,118.99,92.83356376757315
2025-10-22 02:27:09.702029,75.45,47.74,177.79,35.45,84.3570714284508
2025-10-22 02:27:10.702028,75.21,98.66,56.06,24.11,70.98450083505456
2025-10-22 02:27:11.702028,56.1,28.58,135.42,32.97,61.52202771545575
2025-10-22 02:27:12.702027,78.18,41.86,165.76,68.43,84.35192829770655
2025-10-22 02:27:13.702027,86.99,33.98,147.64,72.03,75.67036483123138
2025-10-22 02:27:14.702026,108.14,84.31,170.0,75.72,108.3373039106937
2025-10-22 02:27:15.702026,111.28,39.27,271.25,50.68,111.25901463927806
2025-10-22 02:27:16.702025,53.38,28.23,75.1,118.17,60.14444916568978
2025-10-22 02:27:17.702025,62.67,44.56,100.18,113.24,74.88725969097564
2025-10-22 02:27:18.702024,115.36,60.56,203.15,52.7,101.83709586894945
2025-10-22 02:27:19.702024,114.02,40.06,242.29,85.85,109.93692753604026
2025-10-22 02:27:20.702023,86.22,98.61,54.19,103.72,86.22877815823632
2025-10-22 02:27:21.702023,76.1,20.34,134.26,113.34,73.02925375825109
2025-10-22 02:27:22.702022,59.51,30.64,102.39,80.38,62.04577132582282
2025-10-22 02:27:23.702022,147.42,65.14,299.91,89.22,140.501458548031
2025-10-22 02:27:24.702021,125.47,41.89,274.55,103.29,124.02634187338275
2025-10-22 02:27:25.702021,108.19,54.33,180.26,148.39,110.86069092500914
2025-10-22 02:27:26.702020,79.48,23.26,140.6,116.26,76.97960065901377
2025-10-22 02:27:27.702019,86.5,64.98,107.67,109.53,86.62954440740319
2025-10-22 02:27:28.702019,120.66,52.1,235.92,122.3,121.29935942681017
2025-10-22 02:27:29.702018,119.65,55.98,217.95,106.12,114.6190467489898
2025-10-22 02:27:30.702018,92.68,40.86,245.39,27.44,99.6542835454952
2025-10-22 02:27:31.702017,94.36,31.71,202.84,125.19,101.71089116372899
2025-10-22 02:27:32.702017,111.95,69.71,234.35,69.36,119.11857511294485
2025-10-22 02:27:33.702016,95.27,64.03,113.7,140.84,94.19428885575982
2025-10-22 02:27:34.702016,85.46,51.59,163.17,41.06,83.00282969293814
2025-10-22 02:27:35.702015,128.63,63.72,235.29,94.99,121.49837578342724
2025-10-22 02:27:36.702015,112.27,69.97,210.1,30.17,104.16013231572114
2025-10-22 02:27:37.702014,128.87,81.23,267.52,25.54,126.15211989981285
2025-10-22 02:27:38.702014,51.33,21.02,97.69,83.28,56.39064520435074
2025-10-22 02:27:39.702013,107.68,67.15,172.77,75.79,100.59031270227274
2025-10-22 02:27:40.702012,61.81,65.01,77.28,21.09,59.91460203483079
2025-10-22 02:27:41.702012,85.22,67.95,91.07,102.92,81.80877486689513
2025-10-22 02:27:42.702011,113.79,86.56,202.86,34.33,111.1181703960464
2025-10-22 02:27:43.702010,107.57,71.54,201.62,65.86,109.49301795138098
2025-10-22 02:27:44.702009,127.12,36.3,245.12,132.4,118.16244841042337
2025-10-22 02:27:45.702009,93.02,52.25,166.03,121.54,100.19861638281648
2025-10-22 02:27:46.702008,64.82,21.74,131.79,63.87,63.14938344195348
2025-10-22 02:27:47.702008,77.86,88.44,107.06,28.53,82.0871642483587
2025-10-22 02:27:48.702007,82.39,60.78,163.09,46.05,88.57371852619067
2025-10-22 02:27:49.702007,75.08,64.44,111.29,69.92,79.57093517652503
2025-10-22 02:27:50.702006,81.45,74.65,70.26,133.17,84.9198805860486
2025-10-22 02:27:51.702006,147.62,71.35,292.7,93.87,142.36737715730143
2025-10-22 02:27:52.702005,92.16,38.19,199.9,67.92,92.68266772479218
2025-10-22 02:27:53.702005,130.57,46.88,293.47,87.32,129.0411803137769
2025-10-22 02:27:54.702004,105.27,55.26,253.9,25.9,109.11997226936933
2025-10-22 02:27:55.702004,100.52,74.99,154.45,56.44,95.15757699981076
2025-10-22 02:27:56.702003,99.18,35.53,229.04,81.67,102.85096745309373
2025-10-22 02:27:57.702003,109.54,45.41,237.55,34.45,100.96863607716996
2025-10-22 02:27:58.702002,63.24,42.21,110.45,13.75,57.014443293500456
2025-10-22 02:27:59.702002,118.48,69.74,214.2,73.82,113.95890672414599
2025-10-22 02:28:00.702001,73.47,30.75,189.7,43.74,81.07946342264788
2025-10-22 02:28:01.702000,79.53,29.99,175.23,62.03,79.98317414619915
2025-10-22 02:28:02.702000,102.09,72.87,174.6,46.98,98.27617705507413
2025-10-22 02:28:03.701999,119.4,97.04,215.52,30.58,119.42954535431528
2025-10-22 02:28:04.701999,120.21,89.47,179.93,92.91,117.32731277483069
2025-10-22 02:28:05.701998,115.16,69.44,230.14,48.16,113.50087756367853
2025-10-22 02:28:06.701998,103.81,46.63,159.79,147.54,100.67737377575394
2025-10-22 02:28:07.701997,81.84,68.71,122.87,65.51,84.31602656849566
2025-10-22 02:28:08.701997,94.44,94.72,73.98,135.59,96.57182117536519
2025-10-22 02:28:09.701996,131.98,47.08,289.58,85.96,127.70067258709166
2025-10-22 02:28:10.701996,143.06,93.26,222.73,140.53,141.57088417091632
2025-10-22 02:28:11.701995,91.11,20.65,241.51,36.77,90.22079126303481
2025-10-22 02:28:12.701995,78.72,31.54,206.22,19.45,81.61426415257907
2025-10-22 02:28:13.701994,98.92,95.56,144.86,37.08,98.72459750041797
2025-10-22 02:28:14.701994,98.91,69.05,178.52,58.64,99.8610520533012
2025-10-22 02:28:15.701993,105.78,77.12,200.69,43.67,107.59499139886573
2025-10-22 02:28:16.701993,120.76,63.1,252.12,81.46,123.56008301059897
2025-10-22 02:28:17.701992,72.79,21.82,112.07,107.74,65.98149046876603
2025-10-22 02:28:18.701992,114.88,46.41,218.1,117.05,112.04487620414781
2025-10-22 02:28:19.701991,107.13,82.3,200.33,23.85,106.13942127212508
2025-10-22 02:28:20.701991,84.59,51.29,197.31,14.26,87.7931240884527
2025-10-22 02:28:21.701990,72.49,47.86,136.82,26.49,70.31047514298126
2025-10-22 02:28:22.701989,105.7,94.29,152.21,52.41,103.34826045413834
2025-10-22 02:28:23.701989,94.22,37.48,142.43,149.44,91.25031191586184
2025-10-22 02:28:24.701988,130.64,51.52,262.29,116.26,127.74049919994137
2025-10-22 02:28:25.701988,124.65,36.87,290.13,81.81,121.92737684103116
2025-10-22 02:28:26.701987,100.08,35.48,226.32,57.28,97.15729447184644
2025-10-22 02:28:27.701987,111.79,67.71,185.29,140.21,117.44817918971717
2025-10-22 02:28:28.701986,110.85,47.47,216.88,124.47,113.68434452434872
2025-10-22 02:28:29.701986,88.04,51.43,126.32,130.51,89.62598212060614
2025-10-22 02:28:30.701985,68.15,61.49,84.62,60.33,68.16332326538041
2025-10-22 02:28:31.701985,61.35,48.3,103.83,52.82,65.84277862073111
2025-10-22 02:28:32.701984,64.9,80.42,61.17,79.28,74.35816291874589
2025-10-22 02:28:33.701984,39.3,34.72,84.8,14.9,45.775756891632696
2025-10-22 02:28:34.701983,148.78,93.61,278.02,64.36,143.23108402245498
2025-10-22 02:28:35.701983,149.3,92.15,243.85,99.8,139.26852599078128
2025-10-22 02:28:36.701982,97.44,70.0,179.34,22.01,93.29898901648578
2025-10-22 02:28:37.701982,67.64,80.52,77.14,30.09,69.43013087765115
2025-10-22 02:28:38.701981,56.87,31.72,107.17,23.98,52.80847090044935
2025-10-22 02:28:39.701981,117.69,79.67,227.77,65.38,121.33588835001598
2025-10-22 02:28:40.701980,112.01,73.9,193.29,90.21,113.01152068218282
2025-10-22 02:28:41.701980,120.24,53.89,273.2,98.49,128.67559150904427
2025-10-22 02:28:42.701979,125.43,64.03,268.43,59.98,124.66064457262907
2025-10-22 02:28:43.701978,94.74,27.19,192.89,128.58,97.12809411530964
2025-10-22 02:28:44.701978,83.84,30.72,191.96,80.41,89.03678648596602
2025-10-22 02:28:45.701977,66.09,82.64,71.84,58.26,74.49961261085014
2025-10-22 02:28:46.701977,88.24,89.15,66.69,102.62,85.0325201878948
2025-10-22 02:28:47.701976,99.64,56.3,208.67,41.73,99.18255066692043
2025-10-22 02:28:48.701976,107.24,27.73,236.4,81.55,101.13472801866995
2025-10-22 02:28:49.701975,100.58,74.46,139.69,128.58,104.798268002907
2025-10-22 02:28:50.701975,124.29,75.29,242.45,72.05,124.88483730124548
2025-10-22 02:28:51.701974,99.98,48.7,167.47,99.25,94.42110554069329
2025-10-22 02:28:52.701974,68.55,32.26,178.08,19.65,73.54939046217407
2025-10-22 02:28:53.701973,63.94,35.13,81.02,117.92,65.33133177330649
2025-10-22 02:28:54.701973,92.37,71.31,98.68,129.31,91.02896145520653
2025-10-22 02:28:55.701972,86.37,55.5,157.14,48.61,84.64853624238047
2025-10-22 02:28:56.701972,113.81,52.01,251.91,85.55,118.75610175597161
2025-10-22 02:28:57.701971,101.88,67.2,175.49,118.33,109.89343573387048
2025-10-22 02:28:58.701971,105.6,32.13,259.81,65.5,107.18887745698137
2025-10-22 02:28:59.701970,100.85,32.63,190.1,136.12,100.51275423479778
2025-10-22 02:29:00.701970,149.46,69.13,294.86,129.75,149.04069985658094
2025-10-22 02:29:01.701969,112.23,36.32,227.3,115.81,109.51252969005081
2025-10-22 02:29:02.701968,135.74,63.58,243.4,108.4,126.53477543596975
2025-10-22 02:29:03.701968,102.63,69.11,133.22,101.29,94.74539530966065
2025-10-22 02:29:04.701967,112.87,24.6,234.72,148.83,112.44157395436417
2025-10-22 02:29:05.701967,107.38,49.57,215.37,36.59,96.80533530003756
2025-10-22 02:29:06.701966,79.83,26.37,108.16,143.83,74.26116388879569
2025-10-22 02:29:07.701966,46.82,50.0,64.06,13.95,47.000345919524996
2025-10-22 02:29:08.701965,131.65,84.58,197.77,131.55,127.92925244453367
2025-10-22 02:29:09.701965,78.07,72.05,100.1,54.45,76.93950533109691
2025-10-22 02:29:10.701964,110.49,41.98,213.57,120.07,109.06404936084289
2025-10-22 02:29:11.701964,84.65,85.15,117.68,49.2,87.74481050044594
2025-10-22 02:29:12.701963,95.79,82.22,111.94,51.54,85.01599538939598
2025-10-22 02:29:13.701963,91.52,82.91,55.83,132.76,84.63426108144311
2025-10-22 02:29:14.701962,120.33,57.77,229.41,144.62,126.61940289094282
2025-10-22 02:29:15.701962,109.16,59.51,194.35,69.83,102.07056330264254
2025-10-22 02:29:16.701961,120.24,58.88,213.31,144.4,122.28827224741258
2025-10-22 02:29:17.701961,101.86,21.83,219.74,100.17,96.87100285890331
2025-10-22 02:29:18.701960,79.45,72.88,58.39,146.46,83.10556422198648
2025-10-22 02:29:19.701959,80.36,38.41,130.75,120.13,82.37361967964016
2025-10-22 02:29:20.701959,74.79,55.1,85.92,118.03,76.82877971574013
2025-10-22 02:29:21.701958,98.79,35.62,214.41,117.95,105.70988060264516
2025-10-22 02:29:22.701958,84.22,50.81,167.65,66.54,89.02703544210921
2025-10-22 02:29:23.701957,93.51,77.72,124.65,76.75,91.59922634334887
2025-10-22 02:29:24.701957,81.64,22.45,203.63,59.86,84.31884952599822
2025-10-22 02:29:25.701956,120.21,81.63,260.21,57.55,130.5191703561603
2025-10-22 02:29:26.701956,104.28,97.71,186.78,13.72,107.7664505219928
2025-10-22 02:29:27.701955,82.49,52.58,173.55,20.89,82.61005963084095
2025-10-22 02:29:28.701955,94.3,81.85,175.19,18.8,97.34700154268103
2025-10-22 02:29:29.701954,81.84,37.2,196.63,11.06,79.89552606805222
2025-10-22 02:29:30.701954,103.08,59.71,217.67,36.1,102.47818070165373
2025-10-22 02:29:31.701953,52.56,30.73,125.75,42.3,61.545255933443784
2025-10-22 02:29:32.701953,118.35,21.81,279.82,104.38,115.77184443656016
2025-10-22 02:29:33.701952,72.74,67.7,76.44,88.03,74.32134280521122
2025-10-22 02:29:34.701952,97.83,33.3,241.54,34.75,96.1635710294618
2025-10-22 02:29:35.701951,77.29,91.97,55.5,73.52,77.29155888983244
2025-10-22 02:29:36.701951,115.82,27.56,261.86,119.97,116.3491165414388
2025-10-22 02:29:37.701950,89.1,30.62,183.46,95.17,89.3649712209417
2025-10-22 02:29:38.701949,145.3,81.84,262.09,101.07,139.84462238158255
2025-10-22 02:29:39.701949,67.02,53.86,79.76,106.96,72.15319935587257
2025-10-22 02:29:40.701948,75.39,97.99,55.62,75.63,80.762250559752
2025-10-22 02:29:41.701948,115.07,75.68,214.97,89.72,120.32745564744401
2025-10-22 02:29:42.701947,129.2,76.64,294.22,17.85,130.35608214496852
2025-10-22 02:29:43.701947,110.46,63.73,220.55,59.13,109.93781084866686
2025-10-22 02:29:44.701946,103.48,61.44,218.27,57.75,107.83059511551389
2025-10-22 02:29:45.701946,107.78,81.62,164.98,49.45,100.2556751657486
2025-10-22 02:29:46.701945,69.34,32.8,109.7,125.82,74.36314816408728
2025-10-22 02:29:47.701945,97.06,66.13,220.63,16.91,102.76766562170991
2025-10-22 02:29:48.701944,36.09,27.6,77.05,21.37,41.16513823043144
2025-10-22 02:29:49.701944,89.03,72.38,146.4,42.28,88.61280045025008
2025-10-22 02:29:50.701943,68.33,62.23,86.84,38.72,64.90423674977114
2025-10-22 02:29:51.701943,113.1,63.39,194.15,121.86,114.30069895434426
2025-10-22 02:29:52.701942,70.17,63.41,71.43,131.12,79.23486694092698
2025-10-22 02:29:53.701942,94.85,26.23,137.23,146.99,83.56448140181445
2025-10-22 02:29:54.701941,109.17,23.12,272.6,60.5,105.52964708753474
2025-10-22 02:29:55.701941,85.32,35.94,138.11,127.78,84.87199340806383
2025-10-22 02:29:56.701940,84.18,89.55,67.58,106.86,86.34378566001331
2025-10-22 02:29:57.701939,88.97,28.19,208.21,71.91,90.96773900883885
2025-10-22 02:29:58.701939,84.6,58.72,103.2,128.07,85.83668060800025
2025-10-22 02:29:59.701938,98.72,27.79,248.67,71.13,102.78371025172515
2025-10-22 02:30:00.701938,113.89,48.59,253.52,70.0,114.43520768438879
2025-10-22 02:30:01.701937,89.64,54.89,130.8,102.87,87.20984045807464
2025-10-22 02:30:02.701937,100.61,20.1,269.48,32.97,97.60374123524119
2025-10-22 02:30:03.701936,106.52,82.22,154.47,112.85,110.00270733316803
2025-10-22 02:30:04.701936,80.39,58.66,88.73,116.16,79.08516388676846
2025-10-22 02:30:05.701935,75.31,40.95,135.16,53.91,71.80334027842171
2025-10-22 02:30:06.701935,129.19,48.25,268.53,119.96,128.71575813448123
2025-10-22 02:30:07.701934,101.68,48.36,205.72,53.59,96.67711544128805
2025-10-22 02:30:08.701934,69.31,29.89,191.26,10.93,74.5931887203595
2025-10-22 02:30:09.701933,62.53,20.4,123.49,78.91,62.97239024768305
2025-10-22 02:30:10.701933,74.31,91.88,65.79,64.78,78.60387941551392
2025-10-22 02:30:11.701932,86.71,26.96,162.33,73.0,76.76659114331098
2025-10-22 02:30:12.701931,110.93,71.08,177.13,57.09,100.15133872369778
2025-10-22 02:30:13.701931,94.85,47.66,150.25,126.83,94.20479471815905
2025-10-22 02:30:14.701930,87.72,71.32,98.57,104.8,86.12662979628107
2025-10-22 02:30:15.701930,63.93,80.31,57.09,44.46,66.15112610081326
2025-10-22 02:30:16.701929,110.68,38.19,215.72,92.62,102.3537686632549
2025-10-22 02:30:17.701929,77.31,48.26,154.02,60.66,82.48032472746709
2025-10-22 02:30:18.701928,140.5,90.55,247.03,133.01,146.02822728944864
2025-10-22 02:30:19.701928,130.18,85.85,220.59,131.09,135.33867303342973
2025-10-22 02:30:20.701927,76.44,89.74,80.04,16.8,72.27720309231717
2025-10-22 02:30:21.701927,135.22,58.73,284.39,59.39,126.6901094559218
2025-10-22 02:30:22.701926,134.39,96.61,256.93,59.84,137.49026430402898
2025-10-22 02:30:23.701926,52.93,22.35,124.89,47.04,58.03224437113503
2025-10-22 02:30:24.701925,81.43,69.84,128.59,63.98,86.29841855332212
2025-10-22 02:30:25.701925,92.5,36.66,219.03,45.36,93.18474570215407
2025-10-22 02:30:26.701924,141.98,71.67,262.16,126.63,139.8553247530773
2025-10-22 02:30:27.701924,102.13,73.36,170.81,92.78,106.48959599927998
2025-10-22 02:30:28.701923,93.02,61.22,163.23,60.07,91.62432441818326
2025-10-22 02:30:29.701923,99.12,51.02,189.1,64.98,95.27469274059717
2025-10-22 02:30:30.701922,120.12,49.93,285.89,36.4,118.16209635332777
2025-10-22 02:30:31.701921,112.05,97.84,150.43,99.82,114.01904888024102
2025-10-22 02:30:32.701921,118.19,92.36,135.69,140.63,114.95613299691662
2025-10-22 02:30:33.701920,150.56,98.36,271.93,131.15,157.06036288975423
2025-10-22 02:30:34.701920,90.75,33.41,190.11,32.68,80.33552567478995
2025-10-22 02:30:35.701919,125.7,66.07,258.75,98.97,130.52419160454912
2025-10-22 02:30:36.701919,115.89,47.94,272.38,43.91,114.59478761523539
2025-10-22 02:30:37.701918,62.27,29.74,106.14,65.48,59.7599942024383
2025-10-22 02:30:38.701918,53.76,55.08,50.93,52.74,53.30878537254467
2025-10-22 02:30:39.701917,98.87,50.6,157.6,107.99,94.1416297025984
2025-10-22 02:30:40.701917,132.91,96.77,270.75,44.58,138.69308954097897
2025-10-22 02:30:41.701916,87.48,42.3,158.39,95.06,87.65105368538829
2025-10-22 02:30:42.701916,85.71,32.06,190.04,56.28,84.33163013449044
2025-10-22 02:30:43.701915,64.06,20.57,70.08,147.68,60.6665520286991
2025-10-22 02:30:44.701915,76.38,50.93,155.64,10.22,74.27398185252594
2025-10-22 02:30:45.701914,105.54,54.15,173.98,123.48,103.9275586427854
2025-10-22 02:30:46.701914,54.04,23.91,93.72,67.2,53.44596378197684
2025-10-22 02:30:47.701913,120.72,25.0,259.67,134.55,117.30768135221737
2025-10-22 02:30:48.701912,104.58,89.79,163.91,108.67,115.80250147045034
2025-10-22 02:30:49.701912,86.72,54.84,182.12,12.24,84.59980219919768
2025-10-22 02:30:50.701911,115.34,27.01,267.47,84.91,110.78899109322363
2025-10-22 02:30:51.701911,97.72,98.82,144.32,58.45,104.44465339862556
2025-10-22 02:30:52.701910,63.19,78.05,67.31,19.98,63.2254144098691
2025-10-22 02:30:53.701910,123.72,98.15,171.26,73.5,115.20631080281285
2025-10-22 02:30:54.701909,132.29,29.11,277.9,140.34,126.00158437147638
2025-10-22 02:30:55.701909,108.25,67.04,179.9,124.1,112.28741294133586
2025-10-22 02:30:56.701908,98.91,26.59,259.17,82.55,107.61245997787339
2025-10-22 02:30:57.701908,112.64,89.15,189.21,81.43,117.67571104312105
2025-10-22 02:30:58.701907,106.42,25.56,289.09,60.1,111.63273947244339
2025-10-22 02:30:59.701907,110.66,79.02,162.0,60.23,100.20085682198864
2025-10-22 02:31:00.701906,87.3,87.17,127.25,37.6,89.32852052193458
2025-10-22 02:31:01.701906,96.23,85.28,132.09,34.73,89.26720377928368
2025-10-22 02:31:02.701905,94.15,38.97,211.89,36.81,90.49344029471911
2025-10-22 02:31:03.701905,56.41,44.71,104.34,36.82,61.01634480014322
2025-10-22 02:31:04.701904,106.31,45.47,198.59,131.85,108.6482265219956
2025-10-22 02:31:05.701903,81.63,20.19,164.22,96.48,78.61396533464081
2025-10-22 02:31:06.701903,81.82,67.36,113.1,48.42,77.30218941619412
2025-10-22 02:31:07.701902,107.97,22.14,247.43,109.95,107.3010575429161
2025-10-22 02:31:08.701902,100.33,49.26,174.28,148.27,106.49869200973339
2025-10-22 02:31:09.701901,130.94,83.51,245.42,102.37,135.92476334303316
2025-10-22 02:31:10.701901,147.38,51.35,297.41,134.12,141.7721452991959
2025-10-22 02:31:11.701900,97.66,32.05,259.68,65.53,107.11566991280533
2025-10-22 02:31:12.701900,143.32,69.56,293.02,127.34,148.2232645518173
2025-10-22 02:31:13.701899,90.06,30.57,241.79,26.62,93.25472346573966
2025-10-22 02:31:14.701899,128.99,91.14,239.99,31.6,124.03871992916842
2025-10-22 02:31:15.701898,109.88,75.76,165.34,112.74,110.01546461335738
2025-10-22 02:31:16.701898,72.72,25.02,180.55,53.64,77.42595507295563
2025-10-22 02:31:17.701897,135.4,55.07,274.42,148.01,139.48150769241488
2025-10-22 02:31:18.701897,97.51,85.19,137.95,90.68,102.1116213484649
2025-10-22 02:31:19.701896,72.38,69.25,94.46,51.01,73.15642467452477
2025-10-22 02:31:20.701896,79.77,63.06,107.07,71.36,77.89667718537072
2025-10-22 02:31:21.701895,117.47,96.44,139.09,141.44,118.18340042316507
2025-10-22 02:31:22.701895,138.45,76.12,242.83,128.91,136.72245947893626
2025-10-22 02:31:23.701894,81.69,88.9,62.24,104.96,84.03398829174733
2025-10-22 02:31:24.701893,109.8,39.24,262.07,41.68,106.69259738595062
2025-10-22 02:31:25.701893,98.52,75.26,140.17,105.86,100.82505070790138
2025-10-22 02:31:26.701892,100.51,97.61,168.24,21.87,103.75982646041372
2025-10-22 02:31:27.701892,128.37,68.48,265.39,101.54,134.2397605535798
2025-10-22 02:31:28.701891,109.07,97.91,144.79,81.35,108.68436054731045
2025-10-22 02:31:29.701891,102.26,91.59,102.11,107.09,97.79873439928565
2025-10-22 02:31:30.701890,112.65,20.07,268.43,111.87,112.96351629343629
2025-10-22 02:31:31.701890,82.77,34.24,165.11,63.83,79.4252941069858
2025-10-22 02:31:32.701889,112.93,56.1,188.59,95.26,103.68719131254142
2025-10-22 02:31:33.701889,78.55,25.31,227.79,15.19,84.13574848062773
2025-10-22 02:31:34.701888,48.79,34.33,67.63,62.75,49.9310749692203
2025-10-22 02:31:35.701888,131.06,88.4,205.82,107.34,127.44947388263748
2025-10-22 02:31:36.701887,70.74,73.18,79.07,72.05,74.67914284757705
2025-10-22 02:31:37.701887,107.82,73.39,258.72,31.71,120.80537782881053
2025-10-22 02:31:38.701886,70.29,88.98,59.99,45.86,71.64411075144776
2025-10-22 02:31:39.701886,122.23,60.83,288.59,73.82,131.87497825970965
2025-10-22 02:31:40.701885,130.73,58.52,259.93,80.77,123.47852518958717
2025-10-22 02:31:41.701884,101.12,25.54,270.54,48.14,103.66394246890633
2025-10-22 02:31:42.701884,83.67,91.64,119.29,15.44,84.76573484524214
2025-10-22 02:31:43.701883,87.82,71.33,173.55,28.22,93.45827603513524
2025-10-22 02:31:44.701883,117.8,41.88,255.45,118.0,121.20090231889378
2025-10-22 02:31:45.701882,120.44,93.64,184.02,113.87,124.81441019465754
2025-10-22 02:31:46.701882,125.18,35.4,296.7,60.02,118.83425835785152
2025-10-22 02:31:47.701881,107.13,35.07,256.18,118.15,118.03970016866514
2025-10-22 02:31:48.701881,61.64,42.57,94.4,69.4,63.43347570970272
2025-10-22 02:31:49.701880,111.64,71.13,237.76,37.77,114.57333385447035
2025-10-22 02:31:50.701880,122.87,74.45,234.31,78.04,123.20663668310668
2025-10-22 02:31:51.701879,55.12,57.87,65.9,87.01,66.02465752823066
2025-10-22 02:31:52.701879,87.79,55.02,149.61,90.26,90.425762098665
2025-10-22 02:31:53.701878,79.62,37.57,168.32,47.13,78.73760929496939
2025-10-22 02:31:54.701878,108.38,57.67,241.52,39.76,109.35904823914578
2025-10-22 02:31:55.701877,81.7,72.89,69.31,122.06,81.54321856479251
2025-10-22 02:31:56.701877,102.48,67.97,171.98,71.11,99.83263755962459
2025-10-22 02:31:57.701876,58.25,76.17,74.39,32.85,66.97313485623462
2025-10-22 02:31:58.701876,124.21,83.86,219.44,103.95,128.5988051161669
2025-10-22 02:31:59.701875,61.96,38.32,106.82,97.09,70.5478660779824
2025-10-22 02:32:00.701874,67.83,45.46,111.86,77.73,71.7898573135271
2025-10-22 02:32:01.701874,80.65,54.98,152.92,44.74,82.34900203595112
2025-10-22 02:32:02.701873,71.65,80.15,76.18,25.83,68.10885505660897
2025-10-22 02:32:03.701873,113.65,63.17,192.07,135.97,116.37082312214622
2025-10-22 02:32:04.701872,105.78,95.17,107.54,140.17,107.80372779430897
2025-10-22 02:32:05.701872,98.25,88.38,187.51,12.67,103.10452174408385
2025-10-22 02:32:06.701871,91.93,70.4,146.25,53.58,89.82324391829125
2025-10-22 02:32:07.701871,95.0,87.3,134.72,43.94,92.90161982964172
2025-10-22 02:32:08.701870,137.3,67.43,260.72,100.9,132.18175898275516
2025-10-22 02:32:09.701870,118.6,21.66,275.33,87.97,111.08259153816698
2025-10-22 02:32:10.701869,72.73,96.87,52.18,55.88,75.23884390700985
2025-10-22 02:32:11.701869,67.83,49.48,110.28,69.68,71.72699326064851
2025-10-22 02:32:12.701868,120.21,65.28,226.2,106.86,121.90571898295768
2025-10-22 02:32:13.701868,84.6,46.54,195.14,14.01,84.71168414263327
2025-10-22 02:32:14.701867,86.52,44.59,172.78,108.0,95.70018345962396
2025-10-22 02:32:15.701867,84.14,81.71,89.21,100.85,87.7289686705962
2025-10-22 02:32:16.701866,120.15,57.54,236.04,81.85,116.01575879678892
2025-10-22 02:32:17.701866,149.46,94.86,296.57,43.06,145.20155677624783
2025-10-22 02:32:18.701865,98.39,64.62,147.4,92.49,95.01235582328765
2025-10-22 02:32:19.701864,114.98,45.14,215.92,128.06,112.94255880696998
2025-10-22 02:32:20.701864,86.58,25.87,202.69,70.71,87.90661847798549
2025-10-22 02:32:21.701863,97.67,84.31,102.08,117.9,96.293446022535
2025-10-22 02:32:22.701863,125.7,81.85,244.99,55.36,125.61526058871446
2025-10-22 02:32:23.701862,120.7,24.1,274.53,126.07,119.64081194621298
2025-10-22 02:32:24.701862,56.65,38.06,81.9,75.19,58.56586334147173
2025-10-22 02:32:25.701861,99.0,82.02,95.54,144.73,98.51477144974146
2025-10-22 02:32:26.701861,103.1,97.19,90.28,130.83,101.76571796614417
2025-10-22 02:32:27.701860,128.8,95.67,209.26,61.58,123.02514196295715
2025-10-22 02:32:28.701860,82.13,87.75,78.89,19.29,71.42978724072287
2025-10-22 02:32:29.701859,127.6,88.25,259.73,16.41,125.50883182752928
2025-10-22 02:32:30.701859,116.75,39.68,286.16,30.66,111.96833647667577
2025-10-22 02:32:31.701858,73.69,50.13,139.05,76.85,82.13317646883681
2025-10-22 02:32:32.701858,102.74,80.57,167.32,62.74,103.07669176194011
2025-10-22 02:32:33.701857,116.74,29.32,260.79,115.35,115.98992004175054
2025-10-22 02:32:34.701857,61.61,29.45,137.76,32.98,62.66366910941687
2025-10-22 02:32:35.701856,52.26,54.28,56.28,39.1,51.804985957350134
2025-10-22 02:32:36.701855,80.17,66.81,85.2,120.58,82.98398786241557
2025-10-22 02:32:37.701855,97.79,30.72,206.85,92.73,95.96613625453396
2025-10-22 02:32:38.701854,85.37,51.72,164.44,75.86,90.37058470484894
2025-10-22 02:32:39.701854,59.22,66.46,57.62,74.61,65.3699662901953
2025-10-22 02:32:40.701853,138.6,62.61,246.66,145.44,134.39572770279955
2025-10-22 02:32:41.701853,106.12,55.12,237.74,43.78,107.74426435287864
2025-10-22 02:32:42.701852,97.47,73.47,142.42,83.96,96.25022374091566
2025-10-22 02:32:43.701852,93.5,44.56,146.35,140.13,94.1239495072894
2025-10-22 02:32:44.701851,98.3,79.51,189.78,28.56,102.50506567099265
2025-10-22 02:32:45.701851,88.38,67.91,145.3,27.18,83.04028959721037
2025-10-22 02:32:46.701850,110.7,61.56,181.93,130.22,111.37062573478087
2025-10-22 02:32:47.701850,78.76,24.79,156.64,89.29,77.20765164241864
2025-10-22 02:32:48.701849,78.21,81.95,102.59,70.44,85.82664994066737
2025-10-22 02:32:49.701849,143.22,87.66,276.13,81.27,143.04545330644262
2025-10-22 02:32:50.701848,128.63,74.97,228.37,106.3,127.30016388796179
2025-10-22 02:32:51.701848,115.6,34.07,253.06,119.88,116.94433685826658
2025-10-22 02:32:52.701847,114.48,61.03,253.99,19.54,110.77202226122395
2025-10-22 02:32:53.701847,67.16,30.61,147.84,67.07,73.05635720328884
2025-10-22 02:32:54.701846,53.28,24.92,92.85,86.9,57.60777605215349
2025-10-22 02:32:55.701845,132.07,98.89,249.92,43.8,133.3335218412671
2025-10-22 02:32:56.701845,66.71,23.63,160.38,20.41,64.05376881052742
2025-10-22 02:32:57.701844,71.7,43.16,78.11,113.76,67.65028307740539
2025-10-22 02:32:58.701844,55.67,24.48,131.57,45.51,60.804256796480324
2025-10-22 02:32:59.701843,90.33,65.86,179.96,21.57,91.32457345063268
2025-10-22 02:33:00.701843,88.87,81.93,144.27,19.08,88.14121145222349
2025-10-22 02:33:01.701842,98.35,66.72,138.05,137.18,102.13877137508595
2025-10-22 02:33:02.701842,101.19,68.58,215.38,25.27,104.07789117829564
2025-10-22 02:33:03.701841,68.17,42.11,74.29,101.15,63.467536365327
2025-10-22 02:33:04.701841,81.71,48.58,188.51,27.53,86.42758827331878
2025-10-22 02:33:05.701840,105.03,29.62,190.85,149.46,101.88377901157786
2025-10-22 02:33:06.701840,98.61,56.92,217.59,32.04,100.24940274433015
2025-10-22 02:33:07.701839,100.16,46.62,181.28,50.11,87.76142882205622
2025-10-22 02:33:08.701838,104.11,30.03,249.85,100.1,110.02173784516164
2025-10-22 02:33:09.701838,133.06,87.03,240.85,107.38,137.3092289570254
2025-10-22 02:33:10.701837,107.59,21.86,235.28,99.85,101.49722570865143
2025-10-22 02:33:11.701837,81.33,80.47,112.95,77.73,89.65172843379345
2025-10-22 02:33:12.701836,53.9,35.23,102.43,26.54,53.64956178317199
2025-10-22 02:33:13.701836,86.98,51.06,136.32,112.04,88.77584799676836
2025-10-22 02:33:14.701835,100.38,89.63,135.57,37.29,93.00177930895563
2025-10-22 02:33:15.701835,118.84,88.55,161.26,115.13,115.66897232850047
2025-10-22 02:33:16.701834,91.27,33.17,168.66,123.07,91.7382676820012
2025-10-22 02:33:17.701834,153.43,97.59,251.1,138.9,151.94974580248498
2025-10-22 02:33:18.701833,125.08,85.83,253.61,36.02,126.35557128146854
2025-10-22 02:33:19.701833,97.12,36.18,203.57,64.16,92.03229297025365
2025-10-22 02:33:20.701832,82.67,55.74,141.83,64.13,83.24951691780099
2025-10-22 02:33:21.701832,101.5,34.72,202.88,70.97,92.44780441668053
2025-10-22 02:33:22.701831,69.98,36.59,166.01,19.81,72.11882281919321
2025-10-22 02:33:23.701830,85.05,32.06,231.1,59.63,97.3497518607738
2025-10-22 02:33:24.701829,137.7,93.49,268.35,26.78,132.78854665868005
2025-10-22 02:33:25.701829,110.49,54.71,240.61,91.18,117.82862799978842
2025-10-22 02:33:26.701828,122.43,72.96,283.84,16.17,125.0563654254746
2025-10-22 02:33:27.701828,90.28,45.4,135.45,148.96,93.02164385952983
2025-10-22 02:33:28.701827,73.57,40.75,102.06,98.73,70.659088390595
2025-10-22 02:33:29.701826,142.08,62.37,282.97,139.64,144.04508732125223
2025-10-22 02:33:30.701826,63.76,27.4,159.77,72.16,76.0497918098222
2025-10-22 02:33:31.701825,124.18,64.52,293.39,36.78,127.80093418473066
2025-10-22 02:33:32.701825,120.59,44.34,243.0,113.1,117.71320245430445
2025-10-22 02:33:33.701824,129.03,69.85,287.65,29.38,127.27198213722272
2025-10-22 02:33:34.701824,89.67,32.04,218.3,43.22,90.22574265311762
2025-10-22 02:33:35.701823,104.21,92.17,140.07,96.62,107.42642294123448
2025-10-22 02:33:36.701823,105.97,27.35,275.71,82.48,112.95482982491895
2025-10-22 02:33:37.701822,65.78,64.57,56.65,85.17,66.23164477982675
2025-10-22 02:33:38.701822,115.69,38.8,214.3,132.5,110.16294727096229
2025-10-22 02:33:39.701821,97.24,72.56,159.45,69.21,97.98423750755553
2025-10-22 02:33:40.701821,130.39,89.02,235.36,101.8,135.5446588954254
2025-10-22 02:33:41.701820,124.41,20.07,296.25,119.89,122.92741455184115
2025-10-22 02:33:42.701820,65.26,29.36,95.15,122.14,67.53145017018204
2025-10-22 02:33:43.701819,143.05,93.87,281.38,92.93,150.0537266896688
2025-10-22 02:33:44.701819,100.71,87.69,140.56,85.05,103.0292203525152
2025-10-22 02:33:45.701818,127.07,67.67,251.63,71.36,123.69289546882106
2025-10-22 02:33:46.701818,87.86,82.54,56.7,142.54,86.65560031174704
2025-10-22 02:33:47.701817,124.19,36.07,282.17,98.01,122.35379794479965
2025-10-22 02:33:48.701816,76.97,39.83,119.91,90.9,74.01093616277075
2025-10-22 02:33:49.701816,64.15,50.6,144.4,11.05,70.89248502505303
2025-10-22 02:33:50.701815,122.93,94.93,183.39,113.7,125.23714978288272
2025-10-22 02:33:51.701815,67.89,58.97,51.16,133.01,71.28931033363182
2025-10-22 02:33:52.701814,91.99,68.99,176.94,26.66,92.99590602825991
2025-10-22 02:33:53.701814,110.81,33.29,241.5,108.52,110.81700520920288
2025-10-22 02:33:54.701813,68.11,65.42,127.57,33.62,77.74029296253849
2025-10-22 02:33:55.701813,107.87,74.29,161.88,86.34,102.98828113614998
2025-10-22 02:33:56.701812,107.25,44.56,255.15,55.63,110.04948932710572
2025-10-22 02:33:57.701812,70.31,42.81,162.51,29.08,76.02458318878647
2025-10-22 02:33:58.701811,69.63,68.61,87.42,24.59,65.46399366322431
2025-10-22 02:33:59.701811,72.53,50.92,94.76,64.91,66.83076640039702
2025-10-22 02:34:00.701810,103.56,83.89,181.49,15.41,99.58973156623823
2025-10-22 02:34:01.701810,88.5,71.77,90.69,122.26,87.45372474629445
2025-10-22 02:34:02.701809,102.87,46.69,177.51,130.81,102.7110019562839
2025-10-22 02:34:03.701809,138.73,92.82,296.04,32.9,141.9999343486894
2025-10-22 02:34:04.701808,63.62,36.67,69.09,135.77,66.06354191563182
2025-10-22 02:34:05.701807,129.88,86.74,259.27,61.01,133.48370495409566
2025-10-22 02:34:06.701807,130.02,54.32,264.72,106.15,127.86327016230462
2025-10-22 02:34:07.701806,97.6,34.0,218.86,56.59,94.03468920607237
2025-10-22 02:34:08.701806,79.94,51.34,128.9,50.02,74.35017175350049
2025-10-22 02:34:09.701805,85.08,73.69,69.66,138.1,85.23900871080352
2025-10-22 02:34:10.701805,120.87,70.58,271.81,64.6,129.87662561521358
2025-10-22 02:34:11.701804,70.01,36.78,103.11,79.01,65.06499803879368
2025-10-22 02:34:12.701804,100.59,64.56,165.21,75.92,97.04477788523752
2025-10-22 02:34:13.701803,94.77,85.39,127.88,62.6,93.59826222140977
2025-10-22 02:34:14.701803,133.57,81.16,280.71,58.24,136.5879327597574
2025-10-22 02:34:15.701802,78.62,68.45,73.31,96.41,75.42189004104378
2025-10-22 02:34:16.701802,114.96,92.33,150.58,129.72,117.25075961155447
2025-10-22 02:34:17.701801,97.9,94.24,142.65,64.25,102.80191713415957
2025-10-22 02:34:18.701801,88.99,63.4,84.76,129.55,82.92764656313966
2025-10-22 02:34:19.701800,128.94,90.93,168.36,141.37,124.21509655109308
2025-10-22 02:34:20.701800,96.97,29.73,215.06,101.5,99.68416867012283
2025-10-22 02:34:21.701799,84.97,58.27,119.65,75.98,80.20087337434548
2025-10-22 02:34:22.701798,127.65,50.23,278.09,82.51,125.13569490625584
2025-10-22 02:34:23.701798,92.59,34.33,198.51,84.31,93.59076823378996
2025-10-22 02:34:24.701797,103.17,55.77,158.98,132.76,102.07200242942609
2025-10-22 02:34:25.701797,99.22,54.98,190.93,33.48,91.54414638699265
2025-10-22 02:34:26.701796,98.57,48.68,144.47,136.85,94.9695196802631
2025-10-22 02:34:27.701796,136.96,35.0,295.94,124.86,131.2998859091678
2025-10-22 02:34:28.701795,68.82,39.22,108.96,66.99,65.65645850526903
2025-10-22 02:34:29.701795,54.78,57.7,88.01,27.78,60.81184114760223
2025-10-22 02:34:30.701794,82.94,95.33,63.01,33.21,73.21718252993361
2025-10-22 02:34:31.701794,86.46,95.32,90.72,31.18,81.14436055339509
2025-10-22 02:34:32.701793,48.4,23.49,75.2,51.43,44.52817434856579
2025-10-22 02:34:33.701793,67.7,79.78,56.83,68.07,70.50274085290602
2025-10-22 02:34:34.701792,77.36,57.59,158.84,31.03,82.71057446247059
2025-10-22 02:34:35.701792,123.91,93.78,183.79,102.75,122.60392645200659
2025-10-22 02:34:36.701791,124.66,53.44,272.53,85.26,125.61764511262678
2025-10-22 02:34:37.701791,78.41,44.59,132.21,115.85,85.05678550231917
2025-10-22 02:34:38.701790,146.86,78.26,279.23,137.19,150.3909211082888
2025-10-22 02:34:39.701790,139.71,63.23,270.05,146.07,141.86784709491553
2025-10-22 02:34:40.701789,139.97,82.1,255.76,85.4,134.95435110822245
2025-10-22 02:34:41.701789,87.54,46.28,143.56,100.41,86.2470404488631
2025-10-22 02:34:42.701788,77.49,22.88,179.17,47.95,74.80748675130128
2025-10-22 02:34:43.701787,147.08,62.12,286.9,120.17,141.23017103443178
2025-10-22 02:34:44.701787,126.84,93.94,228.81,82.69,132.23795692697237
2025-10-22 02:34:45.701786,136.52,95.52,258.9,48.51,135.2838176568991
2025-10-22 02:34:46.701786,123.33,22.7,283.38,135.84,123.54490148431316
2025-10-22 02:34:47.701785,92.52,58.3,212.95,26.63,98.46883751040501
2025-10-22 02:34:48.701785,128.54,58.51,229.76,107.12,119.6377629077999
2025-10-22 02:34:49.701784,82.47,25.54,200.98,13.97,75.94317563137281
2025-10-22 02:34:50.701784,79.66,85.73,109.38,24.7,80.66617442779068
2025-10-22 02:34:51.701783,146.29,82.66,254.08,147.82,147.14275315304565
2025-10-22 02:34:52.701783,120.48,90.54,177.63,146.8,127.88828264839088
2025-10-22 02:34:53.701782,81.68,63.02,108.13,109.78,85.83601939893883
2025-10-22 02:34:54.701782,91.51,96.62,63.22,114.36,90.0645431081464
2025-10-22 02:34:55.701781,92.53,53.66,137.39,114.01,90.79165280585312
2025-10-22 02:34:56.701781,115.2,48.6,216.71,108.11,110.94566244425557
2025-10-22 02:34:57.701780,104.74,59.93,190.54,91.64,105.47206996706808
2025-10-22 02:34:58.701780,163.56,85.12,289.13,149.3,159.2130636658788
2025-10-22 02:34:59.701779,93.1,36.93,211.2,55.55,92.99096430311131
2025-10-22 02:35:00.701779,122.82,65.09,221.04,83.2,115.55308823626612
2025-10-22 02:35:01.701778,76.02,60.62,112.97,45.48,73.30283343566742
2025-10-22 02:35:02.701777,149.98,82.87,278.97,78.01,140.85252642288327
2025-10-22 02:35:03.701777,146.51,85.13,275.82,100.4,145.48944414224135
2025-10-22 02:35:04.701776,64.72,52.24,110.12,64.43,72.01708920657326
2025-10-22 02:35:05.701776,66.71,49.72,68.71,87.81,62.94732861434783
2025-10-22 02:35:06.701775,93.64,88.68,133.3,75.45,99.43191236661167
2025-10-22 02:35:07.701775,72.11,64.31,111.43,69.48,79.4604414190586
2025-10-22 02:35:08.701774,121.23,55.67,252.42,111.52,125.90714768060903
2025-10-22 02:35:09.701774,87.68,31.04,232.75,54.19,96.25342999882812
2025-10-22 02:35:10.701773,127.62,61.05,289.04,54.99,128.37585186549526
2025-10-22 02:35:11.701773,119.97,38.31,246.73,144.32,122.02394534774149
2025-10-22 02:35:12.701772,62.62,22.11,85.05,131.73,62.76925033021475
2025-10-22 02:35:13.701772,128.69,74.28,235.58,95.32,126.93998009038705
2025-10-22 02:35:14.701771,147.65,89.26,255.77,139.5,149.3020307048717
2025-10-22 02:35:15.701771,80.82,87.85,96.22,64.04,85.59251697330446
2025-10-22 02:35:16.701770,58.18,38.36,89.11,39.18,53.723838452327016
2025-10-22 02:35:17.701770,134.78,84.75,274.35,89.33,142.65544927394592
2025-10-22 02:35:18.701769,133.48,84.15,290.3,54.22,140.1708796835859
2025-10-22 02:35:19.701769,75.4,70.77,103.41,65.36,79.46382750574288
2025-10-22 02:35:20.701768,124.87,89.65,193.56,78.41,118.6341371320531
2025-10-22 02:35:21.701767,62.97,30.41,130.49,65.15,67.35503484879072
2025-10-22 02:35:22.701767,120.68,61.73,282.3,36.44,122.99985030959682
2025-10-22 02:35:23.701766,115.94,63.28,228.03,66.68,113.46406846905045
2025-10-22 02:35:24.701766,79.77,71.89,124.74,48.64,83.11630329854611
2025-10-22 02:35:25.701765,69.43,27.12,173.94,32.61,72.30704387246207
2025-10-22 02:35:26.701765,111.09,51.03,221.18,61.63,104.26399138350753
2025-10-22 02:35:27.701764,82.24,64.51,93.95,117.77,83.90549348807747
2025-10-22 02:35:28.701764,70.41,52.4,63.47,96.77,64.49507341872966
2025-10-22 02:35:29.701763,143.17,87.11,298.71,48.55,143.05569530457024
2025-10-22 02:35:30.701763,101.74,71.97,161.55,82.08,100.87991205521628
2025-10-22 02:35:31.701762,69.41,71.23,69.97,83.04,73.15056962067635
2025-10-22 02:35:32.701762,98.62,20.32,212.8,141.52,102.25020338547475
2025-10-22 02:35:33.701761,140.29,80.48,237.22,124.86,136.4130191669833
2025-10-22 02:35:34.701761,99.39,72.34,119.45,113.65,94.67870006242391
2025-10-22 02:35:35.701760,94.65,82.04,76.04,137.78,91.27655040087453
2025-10-22 02:35:36.701760,161.58,84.41,281.96,141.97,155.24285310770676
2025-10-22 02:35:37.701759,92.73,30.8,181.47,111.07,92.0184740379157
2025-10-22 02:35:38.701759,55.24,56.07,72.62,37.14,57.22718284656766
2025-10-22 02:35:39.701758,99.42,78.33,152.95,68.12,98.70187745380538
2025-10-22 02:35:40.701757,102.33,48.84,220.08,40.51,98.63618324866866
2025-10-22 02:35:41.701757,131.74,74.39,263.37,50.87,126.5153526307745
2025-10-22 02:35:42.701756,77.51,88.58,88.97,38.96,78.7895289961846
2025-10-22 02:35:43.701756,146.06,94.26,297.82,20.0,140.69120194157094
2025-10-22 02:35:44.701755,102.84,61.24,208.45,25.66,98.39465171966125
2025-10-22 02:35:45.701755,145.71,91.42,287.72,92.31,150.61063800044332
2025-10-22 02:35:46.701754,68.18,71.87,54.12,94.78,71.03771509205768
2025-10-22 02:35:47.701754,85.57,97.2,76.42,92.66,90.01049534092219
2025-10-22 02:35:48.701753,111.61,89.86,206.5,42.35,115.46082723816357
2025-10-22 02:35:49.701753,93.9,64.58,226.2,10.69,102.4300261598186
2025-10-22 02:35:50.701752,86.6,86.27,110.86,105.14,97.37876725588355
2025-10-22 02:35:51.701752,117.53,71.26,178.76,129.5,115.13184934423491
2025-10-22 02:35:52.701751,124.86,80.39,255.27,57.57,128.41604127499215
2025-10-22 02:35:53.701751,121.18,56.88,295.84,16.18,120.61495963656847
2025-10-22 02:35:54.701750,63.42,97.93,50.91,15.28,67.31364054711992
2025-10-22 02:35:55.701750,106.57,78.75,171.88,89.76,108.91035935648812
2025-10-22 02:35:56.701749,57.75,40.2,64.43,47.06,48.78805393381559
2025-10-22 02:35:57.701749,105.05,25.63,292.63,29.7,106.68714111305927
2025-10-22 02:35:58.701748,107.77,31.53,290.5,14.11,105.90091547720127
2025-10-22 02:35:59.701747,93.45,28.47,245.84,11.31,90.37666534878315
2025-10-22 02:36:00.701747,69.77,60.77,81.9,85.82,72.05362029448571
2025-10-22 02:36:01.701746,88.05,20.7,192.93,107.16,89.63000901148982
2025-10-22 02:36:02.701746,75.98,45.19,173.81,25.55,79.91388296895181
2025-10-22 02:36:03.701745,98.73,59.04,159.63,106.96,98.77445674200732
2025-10-22 02:36:04.701745,155.9,78.71,297.56,118.8,152.47325536076886
2025-10-22 02:36:05.701744,40.21,25.63,72.18,49.08,44.22411148140603
2025-10-22 02:36:06.701744,85.57,79.41,115.01,57.1,85.63791067605239
2025-10-22 02:36:07.701743,89.26,58.27,170.75,36.41,87.70388318126854
2025-10-22 02:36:08.701743,101.14,97.52,159.73,48.74,106.49829992188948
2025-10-22 02:36:09.701742,88.68,73.66,144.23,13.43,82.86373207314725
2025-10-22 02:36:10.701742,65.83,62.32,78.43,40.32,62.73755317677999
2025-10-22 02:36:11.701741,70.08,77.14,69.88,32.69,66.07039352391863
2025-10-22 02:36:12.701741,92.29,55.42,166.9,83.5,94.48302813910851
2025-10-22 02:36:13.701740,107.44,41.71,273.23,27.97,108.56038209160947
2025-10-22 02:36:14.701740,62.87,28.6,87.41,83.55,57.148120896016266
2025-10-22 02:36:15.701739,147.26,79.4,263.79,117.33,142.3675974061432
2025-10-22 02:36:16.701738,131.02,86.22,204.34,146.63,133.72596221924962
2025-10-22 02:36:17.701738,108.07,53.87,213.71,90.27,109.13474439569507
2025-10-22 02:36:18.701737,91.78,69.78,120.17,107.95,92.47963006833282
2025-10-22 02:36:19.701737,66.12,66.96,94.47,40.09,69.84090189411074
2025-10-22 02:36:20.701736,111.88,28.73,253.64,105.55,111.59462190797097
2025-10-22 02:36:21.701736,42.36,39.35,65.81,31.6,45.702994663594716
2025-10-22 02:36:22.701735,128.59,22.73,289.93,135.83,125.52834779318944
2025-10-22 02:36:23.701735,93.66,24.18,221.95,86.68,96.03004666332467
2025-10-22 02:36:24.701734,98.76,45.52,212.73,43.31,95.3191947611606
2025-10-22 02:36:25.701734,97.92,92.55,151.69,76.55,107.12105909457364
2025-10-22 02:36:26.701733,78.14,33.77,193.42,21.84,79.3558309234823
2025-10-22 02:36:27.701733,110.32,26.78,294.99,28.69,107.7721856000275
2025-10-22 02:36:28.701732,147.38,68.72,299.83,116.05,147.60597722845085
2025-10-22 02:36:29.701732,75.91,76.34,80.3,61.61,74.55559417104152
2025-10-22 02:36:30.701731,121.21,75.94,178.05,133.46,118.04965197764619
2025-10-22 02:36:31.701731,98.05,60.27,132.91,123.12,94.56610759805488
2025-10-22 02:36:32.701730,101.84,86.92,169.04,51.74,104.58682159066062
2025-10-22 02:36:33.701729,73.35,57.38,78.55,90.52,70.28272656298248
2025-10-22 02:36:34.701729,127.47,57.81,259.03,95.3,125.74174300102874
2025-10-22 02:36:35.701728,94.28,77.0,58.19,148.91,85.59603436939872
2025-10-22 02:36:36.701728,89.85,60.05,83.94,145.88,84.25070783922064
2025-10-22 02:36:37.701727,121.15,95.58,148.67,144.51,121.24512570809979
2025-10-22 02:36:38.701727,124.13,58.03,260.9,133.8,134.07087882939723
2025-10-22 02:36:39.701726,108.34,83.26,197.92,30.05,107.12820524632541
2025-10-22 02:36:40.701726,119.84,62.02,209.87,132.19,120.39785374423793
2025-10-22 02:36:41.701725,82.35,58.5,134.26,44.04,78.35929463321764
2025-10-22 02:36:42.701725,75.86,24.97,116.79,113.37,70.09862126936382
2025-10-22 02:36:43.701724,101.53,36.51,232.58,89.21,105.90616536519163
2025-10-22 02:36:44.701724,103.03,26.41,211.2,117.88,100.11768718404694
2025-10-22 02:36:45.701723,78.22,46.31,155.84,35.17,76.98207489022477
2025-10-22 02:36:46.701723,126.7,66.17,263.77,50.67,122.47910741140127
2025-10-22 02:36:47.701722,114.8,43.68,265.75,23.0,106.30846112258716
2025-10-22 02:36:48.701721,112.74,58.65,207.48,121.89,115.94275293192368
2025-10-22 02:36:49.701721,90.14,48.68,208.71,21.84,91.4227981773819
2025-10-22 02:36:50.701720,64.8,70.77,53.37,50.02,61.35986391053554
2025-10-22 02:36:51.701720,90.95,62.72,154.49,74.57,92.62992929896888
2025-10-22 02:36:52.701719,78.26,43.15,100.98,90.01,69.80205536902189
2025-10-22 02:36:53.701719,139.52,79.21,297.45,70.92,143.16878936034203
2025-10-22 02:36:54.701718,105.1,71.17,217.59,27.1,106.40378784028672
2025-10-22 02:36:55.701718,126.52,81.8,198.16,108.94,122.15787381338659
2025-10-22 02:36:56.701717,111.91,46.21,229.78,126.49,117.33566989885422
2025-10-22 02:36:57.701717,108.29,42.63,205.75,117.92,106.60956237320042
2025-10-22 02:36:58.701716,95.63,20.51,224.29,91.56,95.86641725018333
2025-10-22 02:36:59.701716,119.34,61.98,273.04,42.51,121.54653599271997
2025-10-22 02:37:00.701715,82.79,26.81,175.82,19.7,70.14995725910164
2025-10-22 02:37:01.701715,159.76,94.31,299.36,98.21,156.7329637228463
2025-10-22 02:37:02.701714,58.43,62.45,62.51,75.97,65.10314721766534
2025-10-22 02:37:03.701713,132.76,54.51,241.91,140.71,127.96945698806627
2025-10-22 02:37:04.701713,87.63,45.25,188.32,77.94,94.72760011436223
2025-10-22 02:37:05.701712,100.93,57.88,117.13,147.32,93.43469599176706
2025-10-22 02:37:06.701712,83.46,58.43,106.65,96.55,80.46097810629377
2025-10-22 02:37:07.701711,94.35,30.29,214.75,96.85,98.94664088026076
2025-10-22 02:37:08.701711,52.3,58.31,52.42,79.36,60.66854898251211
2025-10-22 02:37:09.701710,74.44,42.63,81.24,148.39,75.21322073833873
2025-10-22 02:37:10.701710,119.16,25.88,299.17,73.73,117.53589786342305
2025-10-22 02:37:11.701709,73.27,28.74,134.86,85.55,71.89016498601173
2025-10-22 02:37:12.701709,38.34,50.7,61.63,11.04,46.041212826764685
2025-10-22 02:37:13.701708,105.9,43.81,246.26,52.12,106.3014998718838
2025-10-22 02:37:14.701708,69.03,20.84,168.76,39.72,69.0175184512992
2025-10-22 02:37:15.701707,91.85,76.22,81.11,92.29,80.84042713943133
2025-10-22 02:37:16.701707,71.34,75.0,99.72,71.64,81.72116957634917
2025-10-22 02:37:17.701706,141.42,65.21,290.6,71.43,134.19796895719693
2025-10-22 02:37:18.701706,76.13,76.68,54.54,113.19,77.234197952976
2025-10-22 02:37:19.701705,138.24,79.3,261.57,80.37,134.2995281531775
2025-10-22 02:37:20.701704,102.61,54.63,142.89,126.81,95.47750583892015
2025-10-22 02:37:21.701704,128.57,74.74,237.59,119.06,132.4961418505817
2025-10-22 02:37:22.701703,129.86,80.04,258.74,71.81,132.11649486066773
2025-10-22 02:37:23.701703,111.2,80.44,228.58,13.6,111.66782136702345
2025-10-22 02:37:24.701702,102.82,71.0,164.84,73.57,99.69146211554627
2025-10-22 02:37:25.701702,104.46,79.91,144.66,108.87,105.10319922358565
2025-10-22 02:37:26.701701,53.87,46.88,66.76,31.73,49.785863234882015
2025-10-22 02:37:27.701701,61.67,57.4,53.09,100.7,64.65818760363408
2025-10-22 02:37:28.701700,134.47,98.28,180.81,108.29,125.06291624201211
2025-10-22 02:37:29.701700,69.03,22.18,92.4,112.97,61.28461980904341
2025-10-22 02:37:30.701699,99.54,91.43,104.87,118.04,100.72648379731612
2025-10-22 02:37:31.701699,64.69,23.9,136.56,63.94,65.68003150688158
2025-10-22 02:37:32.701698,90.65,86.32,64.74,147.58,91.9696627025781
2025-10-22 02:37:33.701698,136.81,44.64,269.45,147.62,132.68521331318985
2025-10-22 02:37:34.701697,54.0,28.23,132.94,30.31,60.07170139074562
2025-10-22 02:37:35.701696,97.09,44.69,195.52,79.2,96.86365715366261
2025-10-22 02:37:36.701696,91.09,44.83,140.96,142.04,93.01755834974048
2025-10-22 02:37:37.701695,54.4,55.35,61.75,36.03,53.37586542950332
2025-10-22 02:37:38.701695,55.11,20.67,99.66,97.81,59.69753147542588
2025-10-22 02:37:39.701694,120.66,97.4,207.9,48.65,120.911089924296
2025-10-22 02:37:40.701694,84.8,64.99,154.32,77.09,94.2168140932473
2025-10-22 02:37:41.701693,124.99,76.36,264.51,20.01,121.7078649988206
2025-10-22 02:37:42.701693,69.84,76.79,69.63,55.96,70.44755044368003
2025-10-22 02:37:43.701692,83.49,21.66,159.6,114.62,81.56782711110971
2025-10-22 02:37:44.701692,106.12,52.08,202.97,72.6,101.49339863614466
2025-10-22 02:37:45.701691,132.46,77.11,267.48,55.84,130.10237102981336
2025-10-22 02:37:46.701691,121.46,79.78,175.55,116.11,115.770408800333
2025-10-22 02:37:47.701690,126.17,72.7,201.14,148.56,126.37594607469401
2025-10-22 02:37:48.701690,97.33,39.56,206.7,79.29,97.67554461764917
2025-10-22 02:37:49.701689,95.69,50.2,214.08,27.96,95.01656224589509
2025-10-22 02:37:50.701689,137.79,57.79,294.32,63.47,130.01791408247746
2025-10-22 02:37:51.701688,106.61,28.93,173.33,149.69,96.31347647372026
2025-10-22 02:37:52.701687,113.75,62.76,237.94,75.51,117.94082604037192
2025-10-22 02:37:53.701687,79.2,56.22,128.21,57.6,78.09405773900716
2025-10-22 02:37:54.701686,103.09,54.31,213.27,87.09,108.59034555239622
2025-10-22 02:37:55.701686,131.43,70.27,264.17,83.29,131.13989725832425
2025-10-22 02:37:56.701685,88.68,87.92,62.8,111.04,84.92075593904401
2025-10-22 02:37:57.701685,69.25,66.43,90.44,62.94,72.9072631996419
2025-10-22 02:37:58.701684,140.43,61.64,265.58,88.5,128.27802164538042
2025-10-22 02:37:59.701684,60.16,31.34,104.57,74.21,61.82513706096662
2025-10-22 02:38:00.701683,145.03,90.49,260.65,74.36,138.43183268073943
2025-10-22 02:38:01.701683,138.91,65.5,243.74,131.46,132.18453587810916
2025-10-22 02:38:02.701682,59.0,35.85,136.9,84.25,75.80620541086441
2025-10-22 02:38:03.701682,64.38,40.82,63.23,143.16,67.84876863825616
2025-10-22 02:38:04.701681,90.51,41.05,205.86,81.45,98.59863815776457
2025-10-22 02:38:05.701681,73.76,30.55,141.6,106.29,78.94874743822166
2025-10-22 02:38:06.701680,86.76,78.43,145.13,39.35,90.67807526687093
2025-10-22 02:38:07.701680,106.7,67.39,178.77,72.45,101.85124881928368
2025-10-22 02:38:08.701679,129.6,53.13,291.35,95.52,133.16431684386305
2025-10-22 02:38:09.701679,129.6,36.96,287.59,119.89,128.78123806352488
2025-10-22 02:38:10.701678,129.28,81.55,229.17,138.95,137.32930236157674
2025-10-22 02:38:11.701677,75.77,43.28,73.93,103.73,64.45828603901396
2025-10-22 02:38:12.701677,103.41,84.87,108.52,114.57,97.84899904821894
2025-10-22 02:38:13.701676,92.22,31.62,221.15,92.44,100.66102084933391
2025-10-22 02:38:14.701676,94.82,73.34,167.81,40.66,95.21211326890763
2025-10-22 02:38:15.701675,113.54,79.49,125.92,143.69,106.17994862839066
2025-10-22 02:38:16.701675,139.06,58.24,279.55,117.74,136.59264070221025
2025-10-22 02:38:17.701674,90.89,98.02,70.07,94.7,88.9166191793855
2025-10-22 02:38:18.701674,73.57,37.54,173.8,26.48,76.26449135535191
2025-10-22 02:38:19.701673,121.56,23.28,277.97,93.69,113.8256363259119
2025-10-22 02:38:20.701673,129.09,78.91,250.96,25.78,120.05625015306158
2025-10-22 02:38:21.701672,122.28,53.75,290.07,53.15,124.66374516850532
2025-10-22 02:38:22.701672,91.8,77.34,125.85,77.08,91.83552943223148
2025-10-22 02:38:23.701671,59.55,48.71,74.23,98.29,66.18618648581499
2025-10-22 02:38:24.701671,118.27,73.77,181.23,129.95,117.22145703617676
2025-10-22 02:38:25.701670,149.26,97.92,276.83,108.59,153.82758916374848
2025-10-22 02:38:26.701670,110.88,20.5,294.97,67.79,112.39670223590778
2025-10-22 02:38:27.701669,131.07,80.83,269.72,63.47,134.15666062102514
2025-10-22 02:38:28.701669,40.67,27.54,57.75,31.58,37.35958713396779
2025-10-22 02:38:29.701668,103.3,54.57,206.6,119.47,113.15338986051066
2025-10-22 02:38:30.701667,96.21,92.62,85.0,115.32,94.80413598510658
2025-10-22 02:38:31.701667,42.08,41.24,74.31,23.21,47.53807885868777
2025-10-22 02:38:32.701666,120.21,59.83,216.3,112.67,117.35345366444314
2025-10-22 02:38:33.701666,80.07,27.33,176.21,21.49,70.8836830020302
2025-10-22 02:38:34.701665,68.3,22.45,128.73,58.85,61.586127259927345
2025-10-22 02:38:35.701665,68.76,55.35,61.18,118.38,69.58115559380151
2025-10-22 02:38:36.701664,103.69,49.64,175.95,93.22,96.24371503087225
2025-10-22 02:38:37.701664,144.36,79.13,277.7,88.85,140.75310921834296
2025-10-22 02:38:38.701663,109.16,86.24,128.36,130.17,107.60585737836703
2025-10-22 02:38:39.701663,110.99,81.17,190.4,36.7,105.141735088176
2025-10-22 02:38:40.701662,126.96,69.98,254.73,86.88,128.86879534181958
2025-10-22 02:38:41.701662,98.57,45.56,162.58,119.48,95.4005631663033
2025-10-22 02:38:42.701661,143.71,75.95,299.94,94.21,146.91677879026835
2025-10-22 02:38:43.701661,94.03,74.44,196.27,28.8,101.96595910985626
2025-10-22 02:38:44.701660,60.32,49.58,66.7,58.31,56.40595329132547
2025-10-22 02:38:45.701659,124.82,24.21,282.4,147.99,126.42258497338165
2025-10-22 02:38:46.701659,86.73,70.46,114.52,59.64,81.51322395345069
2025-10-22 02:38:47.701658,103.6,32.9,269.33,53.87,108.12554577037515
2025-10-22 02:38:48.701658,87.41,69.22,103.51,91.97,84.00949887350995
2025-10-22 02:38:49.701657,69.02,67.06,91.51,40.25,69.03235859017028
2025-10-22 02:38:50.701657,136.09,78.69,251.81,109.78,136.90666297992934
2025-10-22 02:38:51.701656,78.63,34.73,175.18,70.49,84.0244765468711
2025-10-22 02:38:52.701656,128.21,57.86,230.75,128.13,123.78825462781704
2025-10-22 02:38:53.701655,107.43,52.22,177.88,146.63,108.7379717909949
2025-10-22 02:38:54.701655,92.17,57.68,116.44,134.4,90.55758896009884
2025-10-22 02:38:55.701654,82.07,74.38,151.6,38.95,90.51652086330559
2025-10-22 02:38:56.701654,91.89,87.24,104.61,59.07,86.82256933678381
2025-10-22 02:38:57.701653,95.1,85.73,77.62,80.68,82.2445591802847
2025-10-22 02:38:58.701653,135.09,40.81,296.68,131.61,135.77466236996685
2025-10-22 02:38:59.701652,48.84,20.9,56.71,128.16,52.927882869414695
2025-10-22 02:39:00.701652,101.39,68.46,203.58,16.07,98.63846183099534
2025-10-22 02:39:01.701651,115.29,88.41,228.63,43.44,121.60867214506602
2025-10-22 02:39:02.701650,118.36,71.62,260.42,47.84,123.6380544686348
2025-10-22 02:39:03.701649,129.82,78.66,266.96,101.72,139.8462774974742
2025-10-22 02:39:04.701648,46.86,26.11,73.32,90.58,53.060462809520764
2025-10-22 02:39:05.701648,63.62,39.67,120.28,44.94,64.90214660269434
2025-10-22 02:39:06.701647,83.76,90.99,116.11,59.23,92.19199006518195
2025-10-22 02:39:07.701647,83.2,33.17,188.28,86.49,90.36589031064808
2025-10-22 02:39:08.701646,111.56,78.56,232.61,15.34,112.28462428251186
2025-10-22 02:39:09.701646,142.95,91.29,272.68,76.56,142.88894030414426
2025-10-22 02:39:10.701645,96.02,54.45,118.21,137.64,90.11670969431472
2025-10-22 02:39:11.701645,101.6,63.25,213.11,26.8,101.02987331715795
2025-10-22 02:39:12.701644,84.6,98.48,100.27,18.38,83.05435608058505
2025-10-22 02:39:13.701644,104.77,95.86,121.69,119.84,108.3630045788712
2025-10-22 02:39:14.701643,61.57,76.16,84.7,36.92,70.87903425279714
2025-10-22 02:39:15.701643,94.61,53.99,156.48,104.61,94.83033676678241
2025-10-22 02:39:16.701642,92.41,21.58,220.93,52.6,87.64363901451908
2025-10-22 02:39:17.701642,124.18,91.37,190.79,88.24,120.61714266454653
2025-10-22 02:39:18.701641,135.38,72.97,239.82,137.23,135.89394651279753
2025-10-22 02:39:19.701641,61.91,57.55,64.71,69.35,61.99440497074305
2025-10-22 02:39:20.701640,45.36,39.64,50.75,36.61,42.31412293168191
2025-10-22 02:39:21.701640,156.97,81.02,296.83,123.98,154.44069897875724
2025-10-22 02:39:22.701639,84.32,68.83,83.2,126.63,84.59715747310211
2025-10-22 02:39:23.701639,83.97,88.91,91.23,80.06,87.80813418695921
2025-10-22 02:39:24.701638,75.12,52.2,122.71,105.66,83.98377339400211
2025-10-22 02:39:25.701637,89.2,82.28,175.77,52.38,104.41481619834713
2025-10-22 02:39:26.701637,107.58,66.87,180.44,108.17,109.19675469687462
2025-10-22 02:39:27.701636,111.92,50.28,283.22,35.58,117.3711090425185
2025-10-22 02:39:28.701636,111.14,73.19,195.24,47.8,104.80856163162902
2025-10-22 02:39:29.701635,73.69,28.01,121.32,133.48,76.98310943831392
2025-10-22 02:39:30.701635,140.68,88.9,298.54,60.92,146.36103044644696
2025-10-22 02:39:31.701634,144.22,88.5,254.86,115.39,143.85294819577942
2025-10-22 02:39:32.701634,104.07,56.26,157.96,145.69,104.58192569018331
2025-10-22 02:39:33.701633,71.52,30.62,150.01,44.06,69.13821043322933
2025-10-22 02:39:34.701633,121.53,97.51,167.47,112.04,121.410014650965
2025-10-22 02:39:35.701632,120.24,69.32,255.28,20.92,115.58638528015123
2025-10-22 02:39:36.701632,38.53,23.48,70.17,36.59,40.058813672748286
2025-10-22 02:39:37.701631,70.56,55.82,74.67,100.41,70.30103312256624
2025-10-22 02:39:38.701631,126.6,65.98,285.22,44.83,127.67527964810583
2025-10-22 02:39:39.701630,57.13,41.07,53.44,80.49,52.56584594866404
2025-10-22 02:39:40.701630,81.49,40.64,174.69,59.07,84.56589239796921
2025-10-22 02:39:41.701629,79.44,44.93,129.85,67.26,74.85413253164462
2025-10-22 02:39:42.701629,125.04,91.92,242.98,62.04,131.3823700170829
2025-10-22 02:39:43.701628,120.29,41.34,296.9,29.69,115.83767940279971
2025-10-22 02:39:44.701627,150.48,75.48,296.48,76.03,142.025115894524
2025-10-22 02:39:45.701627,134.48,91.48,264.0,70.53,139.1737553713936
2025-10-22 02:39:46.701626,100.61,90.85,153.17,28.78,97.21496135361417
2025-10-22 02:39:47.701626,117.24,60.68,211.62,80.31,109.93593037753577
2025-10-22 02:39:48.701625,107.45,39.91,159.29,140.41,95.74347277102652
2025-10-22 02:39:49.701625,83.79,47.03,175.21,38.54,83.83985429093586
2025-10-22 02:39:50.701624,90.06,21.91,242.74,45.58,92.97387493381979
2025-10-22 02:39:51.701624,76.55,51.54,97.74,99.04,74.82509790474575
2025-10-22 02:39:52.701623,56.16,26.04,62.51,105.71,52.78234543374915
2025-10-22 02:39:53.701623,85.06,65.53,119.25,61.41,80.81904720981993
2025-10-22 02:39:54.701622,55.91,53.9,71.31,54.81,59.26029865759345
2025-10-22 02:39:55.701622,88.01,80.85,119.64,73.52,91.01733536524326
2025-10-22 02:39:56.701621,84.84,21.84,197.22,87.56,87.5936874929065
2025-10-22 02:39:57.701621,95.31,84.75,134.4,49.54,92.64190490901076
2025-10-22 02:39:58.701620,102.69,66.41,181.58,93.88,106.46749520954339
2025-10-22 02:39:59.701620,118.77,45.08,290.22,14.51,112.68244394762111
2025-10-22 02:40:00.701619,147.85,89.48,291.93,123.21,157.05052415520393
2025-10-22 02:40:01.701619,138.21,98.73,220.86,56.64,127.0648486797012
2025-10-22 02:40:02.701618,120.39,59.93,272.12,32.35,118.22258315839609
2025-10-22 02:40:03.701617,134.74,88.81,225.38,98.49,131.77898952795104
2025-10-22 02:40:04.701617,81.72,77.0,72.67,77.12,75.67527723677104
2025-10-22 02:40:05.701616,112.51,35.73,196.87,141.66,105.20363881760515
2025-10-22 02:40:06.701616,72.19,57.63,88.11,34.45,62.13331385546451
2025-10-22 02:40:07.701615,99.38,21.5,283.91,23.09,100.68100503026746
2025-10-22 02:40:08.701615,77.04,65.56,102.62,108.89,85.27357779092759
2025-10-22 02:40:09.701614,128.09,34.51,248.28,135.61,118.85494282328469
2025-10-22 02:40:10.701614,107.43,32.33,242.17,87.5,106.35756366008634
2025-10-22 02:40:11.701613,126.82,76.04,272.8,51.03,130.2103258312244
2025-10-22 02:40:12.701613,96.77,50.8,197.74,76.03,99.9611360214422
2025-10-22 02:40:13.701612,134.32,73.78,203.51,138.19,125.56753855637886
2025-10-22 02:40:14.701611,76.8,72.2,50.77,124.99,76.20301651118939
2025-10-22 02:40:15.701611,154.09,68.96,285.24,143.45,148.7861017325199
2025-10-22 02:40:16.701610,133.71,76.83,256.41,104.39,136.28702604352478
2025-10-22 02:40:17.701610,68.94,78.78,51.37,87.64,72.25124579318938
2025-10-22 02:40:18.701609,93.39,43.48,194.04,81.64,96.29767079110499
2025-10-22 02:40:19.701609,125.64,84.94,195.7,133.63,127.90048553302205
2025-10-22 02:40:20.701608,138.72,91.13,269.81,17.64,130.2281482556008
2025-10-22 02:40:21.701608,68.55,86.92,56.42,83.51,77.02582894728363
2025-10-22 02:40:22.701607,116.36,90.79,164.81,105.02,115.8482049867398
2025-10-22 02:40:23.701607,64.35,38.09,68.04,76.72,54.715707789622016
2025-10-22 02:40:24.701606,72.14,68.04,59.61,123.26,76.43483451652415
2025-10-22 02:40:25.701606,74.25,31.93,127.85,120.78,78.38512618708295
2025-10-22 02:40:26.701605,102.64,48.69,165.62,131.01,100.17560962346984
2025-10-22 02:40:27.701605,128.81,55.62,290.99,84.02,132.0161005977392
2025-10-22 02:40:28.701604,104.65,45.13,213.12,102.26,106.9644492898153
2025-10-22 02:40:29.701604,50.74,20.73,58.85,120.75,52.01289960320279
2025-10-22 02:40:30.701603,131.02,78.05,277.5,55.72,133.5635610562362
2025-10-22 02:40:31.701602,119.31,57.92,294.68,45.28,126.57391424876874
2025-10-22 02:40:32.701602,91.76,32.32,168.7,141.42,94.9738209500929
2025-10-22 02:40:33.701601,120.77,55.33,258.46,114.26,128.09875293623026
2025-10-22 02:40:34.701601,148.7,92.97,260.87,89.75,142.80064159946622
2025-10-22 02:40:35.701600,65.57,60.6,63.54,66.98,62.698645834791826
2025-10-22 02:40:36.701600,62.27,28.68,68.88,148.22,64.4746604821569
2025-10-22 02:40:37.701599,145.83,89.96,267.51,83.35,142.01788158493366
2025-10-22 02:40:38.701599,103.15,45.69,255.13,15.19,102.56719520927267
2025-10-22 02:40:39.701598,58.9,69.14,72.49,12.55,58.84373240691361
2025-10-22 02:40:40.701598,65.3,20.7,130.46,127.92,74.96590504541767
2025-10-22 02:40:41.701597,89.73,37.65,157.27,147.58,95.42981606260912
2025-10-22 02:40:42.701597,113.81,25.09,269.51,67.69,107.01658426557887
2025-10-22 02:40:43.701596,86.09,69.49,135.23,80.64,91.43375049871311
2025-10-22 02:40:44.701596,92.2,28.0,220.71,95.59,99.34209534551964
2025-10-22 02:40:45.701595,89.46,84.17,142.67,44.29,93.7952000040672
2025-10-22 02:40:46.701595,107.49,79.46,173.0,88.32,109.3165023876193
2025-10-22 02:40:47.701594,85.72,60.1,60.55,146.85,77.43233130683697
2025-10-22 02:40:48.701593,106.42,63.36,199.66,97.8,111.15846669372387
2025-10-22 02:40:49.701593,119.9,71.96,204.5,84.53,114.28260561231413
2025-10-22 02:40:50.701592,78.27,38.4,162.62,83.8,84.73106921721742
2025-10-22 02:40:51.701592,42.17,33.47,74.75,36.11,46.344406858769084
2025-10-22 02:40:52.701591,102.96,33.65,185.67,136.78,99.82219192835412
2025-10-22 02:40:53.701591,100.22,46.04,161.74,141.82,99.83097255683204
2025-10-22 02:40:54.701590,66.42,20.36,161.3,51.14,68.80402939761424
2025-10-22 02:40:55.701590,99.34,28.05,249.02,59.71,100.74814454550217
2025-10-22 02:40:56.701589,123.91,64.58,235.19,93.84,121.67030689916146
2025-10-22 02:40:57.701589,137.67,96.06,215.05,108.76,134.34482855909826
2025-10-22 02:40:58.701588,77.0,59.95,122.34,100.88,86.80329296594284
2025-10-22 02:40:59.701588,69.98,71.41,55.18,59.17,64.0445286408265
2025-10-22 02:41:00.701587,131.55,91.59,249.38,33.92,127.55022147565097
2025-10-22 02:41:01.701587,130.18,97.17,282.03,17.13,136.8278172588157
2025-10-22 02:41:02.701586,81.57,49.01,111.18,134.51,84.6549453341104
2025-10-22 02:41:03.701586,74.13,56.69,87.07,60.85,66.59978615083108
2025-10-22 02:41:04.701585,131.46,97.99,198.84,95.13,127.7244687944952
2025-10-22 02:41:05.701584,132.26,56.14,259.36,146.85,135.25626726178487
2025-10-22 02:41:06.701584,78.28,55.61,72.66,147.69,78.99366736021224
2025-10-22 02:41:07.701583,112.44,38.82,266.11,73.22,113.96987629920932
2025-10-22 02:41:08.701583,80.01,61.96,60.47,143.58,77.68950676765428
2025-10-22 02:41:09.701582,80.5,26.14,128.49,136.84,78.87167999206456
2025-10-22 02:41:10.701582,117.44,64.85,189.45,109.82,111.2236570375743
2025-10-22 02:41:11.701581,148.92,67.46,280.55,106.62,139.29968662090388
2025-10-22 02:41:12.701581,110.19,39.93,240.94,49.25,102.18714445735577
2025-10-22 02:41:13.701580,81.65,21.88,233.41,28.02,86.6600256607425
2025-10-22 02:41:14.701580,76.71,59.08,70.82,122.06,75.08103800671408
2025-10-22 02:41:15.701579,74.2,55.97,84.13,100.08,73.15634464319851
2025-10-22 02:41:16.701579,103.96,51.91,238.78,11.46,100.02206072265153
2025-10-22 02:41:17.701578,94.34,31.44,202.54,87.63,94.01594645222514
2025-10-22 02:41:18.701578,42.43,23.91,93.46,16.61,43.307028473905575
2025-10-22 02:41:19.701577,63.89,81.0,53.96,33.7,63.41529454259137
2025-10-22 02:41:20.701577,80.75,20.52,198.84,44.62,78.88055117500845
2025-10-22 02:41:21.701576,132.42,68.81,283.8,23.64,124.45144051009268
2025-10-22 02:41:22.701575,144.17,71.06,293.7,89.62,141.67777513261302
2025-10-22 02:41:23.701575,102.02,33.94,239.81,48.44,98.68617147658674
2025-10-22 02:41:24.701574,101.48,71.87,177.04,44.94,98.10367468910316
2025-10-22 02:41:25.701574,133.75,32.82,289.42,130.0,129.2688769200432
2025-10-22 02:41:26.701573,54.02,25.89,101.67,27.62,48.95798237476246
2025-10-22 02:41:27.701573,110.82,90.18,128.27,117.86,107.10398112789996
2025-10-22 02:41:28.701572,78.93,30.8,173.6,62.78,80.04764890483094
2025-10-22 02:41:29.701572,87.09,50.35,164.71,37.24,82.08540071275753
2025-10-22 02:41:30.701571,70.44,20.17,169.03,55.6,71.92120724939353
2025-10-22 02:41:31.701571,134.85,98.96,188.53,109.01,127.86904029478539
2025-10-22 02:41:32.701570,119.06,97.21,249.66,15.86,126.85755135334938
2025-10-22 02:41:33.701570,108.73,96.95,160.0,23.68,101.3104249102108
2025-10-22 02:41:34.701569,133.66,56.73,269.07,119.67,133.06754971622686
2025-10-22 02:41:35.701569,57.28,38.62,82.89,84.89,61.07316184328176
2025-10-22 02:41:36.701568,97.29,86.92,121.57,66.5,93.24190067934835
2025-10-22 02:41:37.701567,101.39,77.11,150.71,95.8,102.92167762166017
2025-10-22 02:41:38.701567,111.65,46.56,263.48,81.1,118.62218686944078
2025-10-22 02:41:39.701566,153.76,96.68,273.97,111.37,152.89905316759842
2025-10-22 02:41:40.701566,63.83,47.78,111.15,52.95,67.81024729588047
2025-10-22 02:41:41.701565,65.36,45.45,111.08,37.23,63.49606003455288
2025-10-22 02:41:42.701565,53.38,43.17,50.28,55.4,47.67738122349588
2025-10-22 02:41:43.701564,93.75,70.51,123.27,115.44,95.26731428595956
2025-10-22 02:41:44.701564,107.1,52.71,211.83,68.67,103.69268779291698
2025-10-22 02:41:45.701563,115.52,97.1,183.07,77.64,119.05650931082793
2025-10-22 02:41:46.701563,127.42,26.31,277.61,104.35,117.35477674376543
2025-10-22 02:41:47.701562,129.6,86.08,244.17,119.38,140.2185983375192
2025-10-22 02:41:48.701562,45.85,40.66,50.53,42.49,43.92812776280694
2025-10-22 02:41:49.701561,61.93,66.54,72.21,41.83,63.2801979764188
2025-10-22 02:41:50.701561,87.55,92.65,62.36,106.25,86.20472996230902
2025-10-22 02:41:51.701560,97.4,49.98,153.4,132.13,97.36831554171597
2025-10-22 02:41:52.701560,108.37,59.59,192.36,107.91,109.08487053850392
2025-10-22 02:41:53.701559,54.86,76.22,83.46,14.07,65.9919311132675
2025-10-22 02:41:54.701558,106.65,74.97,175.06,87.44,107.51248478664641
2025-10-22 02:41:55.701558,130.31,91.09,233.29,93.13,134.23447846807764
2025-10-22 02:41:56.701557,131.36,97.32,207.8,46.6,120.433262195038
2025-10-22 02:41:57.701557,84.52,59.62,75.3,144.36,81.13393654399833
2025-10-22 02:41:58.701556,95.22,22.21,250.23,66.91,99.61915932906554
2025-10-22 02:41:59.701556,102.83,92.78,112.3,84.86,97.0393052923453
2025-10-22 02:42:00.701555,115.78,47.16,244.3,98.18,116.54950263028071
2025-10-22 02:42:01.701555,69.71,64.64,54.75,106.41,69.91908480892104
2025-10-22 02:42:02.701554,76.72,54.47,100.36,101.75,77.6196182071512
2025-10-22 02:42:03.701554,129.07,75.78,298.43,15.73,130.77024818999223
2025-10-22 02:42:04.701553,73.63,22.05,115.66,108.0,67.22835167863327
2025-10-22 02:42:05.701553,80.57,46.5,177.3,52.86,87.05092849734176
2025-10-22 02:42:06.701552,41.01,23.64,73.83,41.63,42.24226272322414
2025-10-22 02:42:07.701552,87.71,40.59,155.27,46.79,76.2567142809572
2025-10-22 02:42:08.701551,85.27,90.15,123.54,23.53,86.90685254959037
2025-10-22 02:42:09.701551,118.17,52.77,251.14,69.68,115.74906312123125
2025-10-22 02:42:10.701550,98.28,64.46,116.38,148.44,96.72725336687132
2025-10-22 02:42:11.701550,50.99,28.86,53.63,117.78,53.92367829413371
2025-10-22 02:42:12.701549,93.01,29.43,249.15,41.55,97.86695514580612
2025-10-22 02:42:13.701549,112.49,61.44,214.32,92.24,113.50128193351986
2025-10-22 02:42:14.701548,103.08,68.05,239.78,18.17,109.7406453104519
2025-10-22 02:42:15.701547,102.5,92.12,128.97,123.49,109.40579021748225
2025-10-22 02:42:16.701547,63.81,26.86,62.53,119.47,55.935461038029175
2025-10-22 02:42:17.701546,131.78,86.65,223.79,121.41,134.77693813959087
2025-10-22 02:42:18.701546,133.24,75.75,261.2,84.88,133.30717856200243
2025-10-22 02:42:19.701545,85.98,34.51,130.47,127.63,81.82766943767382
2025-10-22 02:42:20.701545,98.08,68.45,195.02,47.65,102.33862739674133
2025-10-22 02:42:21.701544,76.78,26.3,104.46,124.2,69.2092754899618
2025-10-22 02:42:22.701544,88.35,57.69,125.46,78.46,82.15138443407773
2025-10-22 02:42:23.701543,123.43,79.08,206.64,66.68,114.9424752939016
2025-10-22 02:42:24.701543,58.57,22.71,78.28,140.52,62.78120266411884
2025-10-22 02:42:25.701542,106.43,85.89,206.19,22.05,109.34227024771174
2025-10-22 02:42:26.701542,128.81,95.74,239.9,60.76,132.11443630791442
2025-10-22 02:42:27.701541,114.91,76.3,191.71,69.62,109.64351422502516
2025-10-22 02:42:28.701541,71.07,32.5,134.37,105.49,77.59129502050888
2025-10-22 02:42:29.701540,141.32,33.89,292.15,147.12,134.03063351404987
2025-10-22 02:42:30.701540,93.94,77.59,116.07,79.54,89.50787295170213
2025-10-22 02:42:31.701539,61.79,25.02,128.24,39.6,58.89764460850466
2025-10-22 02:42:32.701538,91.23,38.67,191.72,112.11,99.25027523486825
2025-10-22 02:42:33.701538,99.62,83.19,150.09,37.66,94.21802449227557
2025-10-22 02:42:34.701537,114.35,63.17,254.36,66.94,121.38143108803278
2025-10-22 02:42:35.701537,84.43,69.76,142.41,65.49,90.7160577159391
2025-10-22 02:42:36.701536,111.23,93.38,116.1,102.6,102.01085477660644
2025-10-22 02:42:37.701536,89.9,77.31,97.65,128.07,93.47747966532846
2025-10-22 02:42:38.701535,115.98,36.02,258.57,106.85,116.98725456744884
2025-10-22 02:42:39.701535,74.24,67.75,127.79,33.79,79.00721027590521
2025-10-22 02:42:40.701534,96.1,84.62,98.98,122.45,96.42099037303386
2025-10-22 02:42:41.701534,112.14,58.18,289.62,30.35,122.21285411938035
2025-10-22 02:42:42.701533,103.19,27.68,201.94,127.04,99.78971833152544
2025-10-22 02:42:43.701533,120.22,61.84,244.02,105.3,125.23335760021493
2025-10-22 02:42:44.701532,136.82,69.49,258.75,120.91,136.6001805611536
2025-10-22 02:42:45.701532,104.54,85.95,99.47,141.81,101.08457573246008
2025-10-22 02:42:46.701531,117.32,89.64,221.29,62.5,123.80704700848776
2025-10-22 02:42:47.701531,150.95,89.3,272.47,138.18,154.08335219374214
2025-10-22 02:42:48.701530,115.39,65.8,212.57,76.29,111.98650342069266
2025-10-22 02:42:49.701529,102.06,55.48,141.52,144.73,99.05478808649784
2025-10-22 02:42:50.701529,58.52,48.47,66.01,50.88,54.16487729873831
2025-10-22 02:42:51.701528,106.41,48.57,282.75,13.01,111.8848602062673
2025-10-22 02:42:52.701528,71.56,79.45,52.93,51.93,65.95452063016734
2025-10-22 02:42:53.701527,80.15,58.19,88.74,113.81,78.38544395845959
2025-10-22 02:42:54.701527,47.39,32.15,73.37,90.72,56.128343701338686
2025-10-22 02:42:55.701526,74.01,53.96,107.26,144.33,87.90768514080668
2025-10-22 02:42:56.701526,80.48,27.81,188.29,49.62,80.35220843572215
2025-10-22 02:42:57.701525,95.17,27.34,281.13,22.41,102.63431132921302
2025-10-22 02:42:58.701525,100.86,40.19,273.68,20.23,106.39525943047249
2025-10-22 02:42:59.701524,159.08,91.13,274.52,124.99,152.99349387253542
2025-10-22 02:43:00.701524,117.71,83.6,169.97,75.94,108.01644251545497
2025-10-22 02:43:01.701523,95.98,72.72,111.18,134.36,96.49973521257316
2025-10-22 02:43:02.701523,136.29,41.35,275.06,139.17,131.04469190889318
2025-10-22 02:43:03.701522,134.95,61.77,290.7,95.51,137.29394088687204
2025-10-22 02:43:04.701522,95.94,49.73,157.54,116.62,95.4040890850791
2025-10-22 02:43:05.701521,94.27,25.49,167.26,120.97,87.05313378550612
2025-10-22 02:43:06.701520,100.7,25.35,243.16,86.2,102.90107732073984
2025-10-22 02:43:07.701520,90.4,58.35,167.99,52.48,90.10947476556841
2025-10-22 02:43:08.701519,61.42,72.25,50.5,14.13,54.10035373794995
2025-10-22 02:43:09.701519,124.48,51.71,263.66,148.13,134.5857038896755
2025-10-22 02:43:10.701518,70.89,84.68,91.88,13.47,72.64256584932865
2025-10-22 02:43:11.701518,137.79,88.92,244.65,83.38,134.62610514038022
2025-10-22 02:43:12.701517,134.33,58.37,246.31,136.12,130.31348237760832
2025-10-22 02:43:13.701517,98.2,62.88,185.25,41.74,95.43463987493553
2025-10-22 02:43:14.701516,96.3,82.7,119.47,113.53,99.84942535781235
2025-10-22 02:43:15.701515,86.56,49.19,144.07,84.86,84.7654758806462
2025-10-22 02:43:16.701515,125.08,82.89,198.09,146.67,130.18599898450606
2025-10-22 02:43:17.701514,132.69,89.42,288.19,10.16,133.41338379091553
2025-10-22 02:43:18.701514,67.05,48.37,89.31,94.34,69.766833199916
2025-10-22 02:43:19.701513,94.59,37.96,206.09,48.92,90.65110255276629
2025-10-22 02:43:20.701513,104.65,36.87,213.49,132.2,108.8930208201106
2025-10-22 02:43:21.701512,43.31,20.72,59.21,96.86,47.36523762257661
2025-10-22 02:43:22.701512,109.01,70.28,202.64,77.69,111.52142353410193
2025-10-22 02:43:23.701511,86.49,40.82,150.92,103.34,86.30928406900703
2025-10-22 02:43:24.701511,73.22,85.21,98.29,16.62,75.46273242909461
2025-10-22 02:43:25.701510,78.77,52.65,141.05,46.33,77.92746934641697
2025-10-22 02:43:26.701510,119.97,71.32,214.4,117.6,123.51681040173864
2025-10-22 02:43:27.701509,96.87,65.69,143.68,91.21,94.17461786042237
2025-10-22 02:43:28.701508,58.75,20.25,99.86,141.35,68.20605188627304
2025-10-22 02:43:29.701508,98.56,34.42,204.51,75.43,93.67485277229444
2025-10-22 02:43:30.701507,96.67,65.21,127.1,135.99,97.85182473236421
2025-10-22 02:43:31.701507,121.01,94.28,183.71,122.81,126.81956161776719
2025-10-22 02:43:32.701506,76.2,25.57,183.93,58.37,79.65884656554013
2025-10-22 02:43:33.701506,110.89,41.52,164.75,135.73,97.26161372192325
2025-10-22 02:43:34.701505,85.5,91.58,119.34,36.82,89.00251944600974
2025-10-22 02:43:35.701505,86.48,35.07,179.92,48.16,81.17995570229245
2025-10-22 02:43:36.701504,100.48,39.08,191.79,106.26,98.31329586621061
2025-10-22 02:43:37.701504,125.39,61.35,231.94,143.0,128.8512892807474
2025-10-22 02:43:38.701503,84.54,60.26,180.47,42.08,92.75213868610827
2025-10-22 02:43:39.701503,71.88,62.19,130.98,59.09,82.21359885962963
2025-10-22 02:43:40.701502,112.61,62.94,174.24,148.52,113.38769612448056
2025-10-22 02:43:41.701502,104.06,75.53,149.7,112.94,105.23512953299677
2025-10-22 02:43:42.701501,60.55,32.1,134.98,30.7,62.70114724659285
2025-10-22 02:43:43.701500,86.12,94.3,113.96,20.31,85.46301957661002
2025-10-22 02:43:44.701500,49.65,35.31,76.24,44.84,49.45027581281832
2025-10-22 02:43:45.701499,113.74,97.62,208.73,33.06,118.1706089812864
2025-10-22 02:43:46.701499,105.32,90.01,163.05,22.45,98.50759393135438
2025-10-22 02:43:47.701498,129.01,63.03,285.94,89.0,135.19842268688
2025-10-22 02:43:48.701498,96.82,54.25,127.0,126.17,90.37979121077194
2025-10-22 02:43:49.701497,92.49,66.37,141.51,102.98,96.20306185585022
2025-10-22 02:43:50.701497,48.53,22.76,87.55,19.71,41.56968540412819
2025-10-22 02:43:51.701496,139.35,43.1,296.7,106.78,131.98968710329896
2025-10-22 02:43:52.701496,63.28,41.24,56.46,110.81,59.58915190788702
2025-10-22 02:43:53.701495,116.93,48.87,229.15,118.39,116.86752173622945
2025-10-22 02:43:54.701495,144.12,82.54,299.36,88.81,148.96886698746076
2025-10-22 02:43:55.701494,107.6,62.47,145.03,144.35,103.53590174984468
2025-10-22 02:43:56.701494,112.47,79.41,195.57,55.8,109.61392343063633
2025-10-22 02:43:57.701493,124.43,88.89,245.05,47.04,127.5045558953463
2025-10-22 02:43:58.701493,75.07,79.65,97.51,20.56,73.22702628027952
2025-10-22 02:43:59.701492,106.35,92.25,138.26,79.5,103.5173778737133
2025-10-22 02:44:00.701491,139.2,67.53,254.48,122.05,134.5607409891764
2025-10-22 02:44:01.701491,101.28,33.42,276.41,18.25,103.43215398498984
2025-10-22 02:44:02.701490,92.12,30.08,232.91,46.0,94.19204070715692
2025-10-22 02:44:03.701490,99.26,91.8,104.11,121.45,101.36130132904671
2025-10-22 02:44:04.701489,84.84,42.59,131.85,147.05,90.15150761502903
2025-10-22 02:44:05.701489,49.12,46.08,63.83,34.67,49.088452363986185
2025-10-22 02:44:06.701488,135.72,76.17,210.79,139.82,129.27868387677995
2025-10-22 02:44:07.701488,130.85,27.4,275.67,143.26,125.055021304623
2025-10-22 02:44:08.701487,81.18,23.73,181.57,80.25,82.37860149148867
2025-10-22 02:44:09.701487,135.86,75.16,234.36,131.04,134.11725739019
2025-10-22 02:44:10.701486,146.96,94.36,288.89,78.42,149.67276390377435
2025-10-22 02:44:11.701485,50.78,40.09,64.1,56.38,50.48713796486188
2025-10-22 02:44:12.701485,88.89,76.2,114.64,95.16,91.4878561645879
2025-10-22 02:44:13.701484,136.3,75.34,233.59,139.8,135.7178520138034
2025-10-22 02:44:14.701484,82.33,38.9,168.23,84.04,86.71684497418286
2025-10-22 02:44:15.701483,62.34,33.81,115.71,54.11,62.41614018799916
2025-10-22 02:44:16.701483,115.16,90.59,141.51,127.13,113.13576060399613
2025-10-22 02:44:17.701482,91.46,29.49,247.71,10.21,91.2312994315792
2025-10-22 02:44:18.701482,119.82,50.1,274.38,29.01,113.31509718131096
2025-10-22 02:44:19.701481,141.58,89.36,290.11,85.74,148.9913461803698
2025-10-22 02:44:20.701481,83.64,44.96,156.65,87.16,86.88876224049721
2025-10-22 02:44:21.701480,88.64,79.26,70.47,131.77,87.01345394042033
2025-10-22 02:44:22.701480,118.58,51.3,268.14,75.12,121.20872901199601
2025-10-22 02:44:23.701479,89.66,20.06,217.9,53.17,86.08423312700974
2025-10-22 02:44:24.701479,112.0,53.0,223.54,106.62,114.90763190412055
2025-10-22 02:44:25.701478,119.31,57.59,228.48,106.81,118.7302953449845
2025-10-22 02:44:26.701477,109.81,35.88,249.97,75.76,108.14723628722919
2025-10-22 02:44:27.701477,100.98,94.67,142.37,85.18,107.09534414018175
2025-10-22 02:44:28.701476,98.93,55.26,211.76,49.0,101.03701103862636
2025-10-22 02:44:29.701476,137.52,57.92,268.8,139.16,137.4582442918805
2025-10-22 02:44:30.701475,64.51,77.92,67.65,73.26,73.85826252612753
2025-10-22 02:44:31.701475,112.84,43.79,217.4,136.85,114.45971183993379
2025-10-22 02:44:32.701474,101.35,88.66,82.22,131.84,95.26985844367918
2025-10-22 02:44:33.701474,123.17,96.55,241.26,14.67,123.76341433242055
2025-10-22 02:44:34.701473,109.85,46.44,262.62,76.26,117.34085721409308
2025-10-22 02:44:35.701473,110.31,27.4,272.59,117.64,119.03348498724064
2025-10-22 02:44:36.701472,82.25,20.51,177.59,139.45,91.34162160805774
2025-10-22 02:44:37.701472,60.51,46.65,88.76,54.91,60.89859938506331
2025-10-22 02:44:38.701471,120.43,75.26,240.47,64.08,122.68920090025624
2025-10-22 02:44:39.701470,75.17,68.89,73.1,66.72,69.67469655388715
2025-10-22 02:44:40.701470,112.77,87.39,141.62,127.43,111.62586379049503
2025-10-22 02:44:41.701469,131.49,69.7,239.09,101.94,127.01859396896444
2025-10-22 02:44:42.701469,93.98,83.23,113.16,139.61,103.4031234839107
2025-10-22 02:44:43.701467,97.23,48.68,161.36,109.48,94.60745956091863
2025-10-22 02:44:44.701466,161.99,89.29,274.09,148.46,156.6100426941704
2025-10-22 02:44:45.701466,70.6,27.74,194.12,10.42,74.27534932977696
2025-10-22 02:44:46.701465,85.28,58.87,94.15,139.78,85.51807122712633
2025-10-22 02:44:47.701465,42.32,35.91,92.2,33.0,52.19736052297768
2025-10-22 02:44:48.701464,88.96,92.84,129.14,20.35,89.30630449545507
2025-10-22 02:44:49.701463,100.29,44.95,182.11,128.27,102.71823746837849
2025-10-22 02:44:50.701463,134.2,80.59,272.46,53.91,132.9595493086319
2025-10-22 02:44:51.701462,85.57,25.61,147.17,92.54,75.41582843017987
2025-10-22 02:44:52.701461,86.59,26.84,229.69,54.56,93.3030080755124
2025-10-22 02:44:53.701461,117.53,63.71,223.54,107.36,120.41865658859214
2025-10-22 02:44:54.701460,139.99,77.36,285.99,94.61,143.50597026978926
2025-10-22 02:44:55.701460,100.06,90.08,168.03,30.47,101.63568475753938
2025-10-22 02:44:56.701459,106.67,33.79,256.01,32.48,100.31049857802638
2025-10-22 02:44:57.701458,83.51,22.72,125.39,132.19,75.30155426795156
2025-10-22 02:44:58.701458,99.42,50.83,203.02,76.21,101.60031821372007
2025-10-22 02:44:59.701457,104.62,68.05,210.12,37.49,104.66027212016857
2025-10-22 02:45:00.701456,146.14,83.47,259.38,129.78,145.55522652118512
2025-10-22 02:45:01.701456,121.26,45.78,255.37,102.9,120.12716014606303
2025-10-22 02:45:02.701455,89.94,57.8,114.74,112.25,85.70136296029821
2025-10-22 02:45:03.701455,95.57,69.28,192.86,19.24,96.4546967234658
2025-10-22 02:45:04.701454,122.81,63.2,227.99,76.41,115.34695264525321
2025-10-22 02:45:05.701453,83.81,28.61,228.55,23.58,87.68560757902033
2025-10-22 02:45:06.701453,112.62,34.62,244.53,88.31,108.37549084186809
2025-10-22 02:45:07.701452,97.69,64.12,196.28,51.6,101.33461274851891
2025-10-22 02:45:08.701451,91.34,94.61,67.07,105.21,88.39641974212373
2025-10-22 02:45:09.701451,112.72,90.05,210.7,91.91,126.67534032360626
2025-10-22 02:45:10.701450,99.16,40.49,230.78,70.9,103.71670316268272
2025-10-22 02:45:11.701450,55.11,44.46,54.93,49.5,48.54896965018288
2025-10-22 02:45:12.701449,47.26,28.49,83.58,25.53,44.4025582770351
2025-10-22 02:45:13.701448,58.71,50.46,92.88,35.24,60.13442613323565
2025-10-22 02:45:14.701448,82.33,89.2,94.89,55.32,84.13440858116624
2025-10-22 02:45:15.701447,121.93,68.63,213.35,101.59,118.66984412713526
2025-10-22 02:45:16.701447,62.21,61.95,109.56,21.41,68.15637016695709
2025-10-22 02:45:17.701446,96.42,41.99,189.81,95.19,96.97360222635376
2025-10-22 02:45:18.701446,133.18,82.13,271.48,115.87,145.75786131462306
2025-10-22 02:45:19.701445,68.46,48.19,122.18,19.42,64.6656607440845
2025-10-22 02:45:20.701444,79.94,93.36,103.38,14.94,80.74158293720602
2025-10-22 02:45:21.701444,66.11,98.73,50.27,28.6,70.17069263593044
2025-10-22 02:45:22.701443,104.7,86.15,187.47,40.38,107.48626932276616
2025-10-22 02:45:23.701443,71.67,27.38,152.15,90.5,77.39471622776539
2025-10-22 02:45:24.701442,151.39,80.6,273.71,134.68,149.40313995070917
2025-10-22 02:45:25.701442,77.57,36.63,130.04,109.05,79.06510537643658
2025-10-22 02:45:26.701441,94.0,95.08,118.15,27.57,88.55790589882511
2025-10-22 02:45:27.701441,97.97,61.66,188.1,40.94,95.52189014661911
2025-10-22 02:45:28.701440,84.88,41.35,193.5,34.4,85.67394866631628
2025-10-22 02:45:29.701440,74.76,67.79,146.58,26.71,83.27177969751705
2025-10-22 02:45:30.701439,98.22,96.75,164.78,33.81,104.66273811299348
2025-10-22 02:45:31.701439,73.41,80.7,102.58,50.11,81.15462551293291
2025-10-22 02:45:32.701438,73.43,21.31,148.31,50.01,65.14736547627882
2025-10-22 02:45:33.701438,91.56,82.89,157.22,45.41,97.75389069945153
2025-10-22 02:45:34.701437,88.74,40.18,119.18,146.01,84.92622570363727
2025-10-22 02:45:35.701437,92.1,81.59,81.68,93.89,84.01953006091637
2025-10-22 02:45:36.701436,112.25,76.07,163.06,95.09,105.97482174212993
2025-10-22 02:45:37.701436,90.5,88.62,121.08,71.45,94.93029816935625
2025-10-22 02:45:38.701435,139.1,97.67,248.57,109.04,145.29053062293778
2025-10-22 02:45:39.701434,125.14,80.83,199.93,114.52,123.31421528443342
2025-10-22 02:45:40.701434,97.2,75.25,152.66,61.2,95.69592423956988
2025-10-22 02:45:41.701433,98.77,80.94,130.77,102.68,100.20958719820842
2025-10-22 02:45:42.701433,137.36,51.98,289.82,95.92,132.20764857881755
2025-10-22 02:45:43.701432,90.48,54.16,105.82,138.19,86.35361311519605
2025-10-22 02:45:44.701432,108.63,42.93,255.31,88.01,115.72061109434011
2025-10-22 02:45:45.701431,68.48,62.73,85.2,79.61,72.79299906612219
2025-10-22 02:45:46.701431,66.72,36.56,50.05,146.9,62.494122548292296
2025-10-22 02:45:47.701430,63.67,23.07,93.38,80.87,55.64151028310022
2025-10-22 02:45:48.701430,124.62,74.14,275.99,37.19,127.46605849651834
2025-10-22 02:45:49.701429,119.66,56.94,281.31,19.65,116.96407898035966
2025-10-22 02:45:50.701429,84.9,47.26,132.33,83.76,80.04842726370481
2025-10-22 02:45:51.701428,116.69,40.2,240.18,117.93,115.75197867627132
2025-10-22 02:45:52.701428,79.78,24.25,144.76,103.26,76.14157492909328
2025-10-22 02:45:53.701427,129.87,67.09,243.29,58.81,118.39773632393504
2025-10-22 02:45:54.701427,105.36,61.55,220.46,17.02,100.4446107064508
2025-10-22 02:45:55.701426,114.34,92.37,138.09,122.4,112.05776414914071
2025-10-22 02:45:56.701425,91.39,53.79,135.81,118.9,91.35391873634677
2025-10-22 02:45:57.701425,110.71,32.13,247.9,148.6,120.13195184947743
2025-10-22 02:45:58.701424,70.29,70.04,75.56,79.72,73.57596111562397
2025-10-22 02:45:59.701424,76.58,73.37,73.52,83.52,75.38572922763433
2025-10-22 02:46:00.701423,95.79,78.18,149.79,52.18,94.50619095984617
2025-10-22 02:46:01.701423,148.41,81.4,271.5,142.93,150.77963565185996
2025-10-22 02:46:02.701422,98.45,48.86,259.61,11.44,104.75676462951621
2025-10-22 02:46:03.701422,73.26,24.17,131.28,132.36,77.83342668077138
2025-10-22 02:46:04.701421,80.12,97.21,88.82,19.04,79.10510042565781
2025-10-22 02:46:05.701421,82.38,72.49,55.29,133.67,79.434162166378
2025-10-22 02:46:06.701420,89.23,90.06,109.14,53.7,88.5297246410696
2025-10-22 02:46:07.701420,148.56,98.94,291.61,68.2,150.75237189659686
2025-10-22 02:46:08.701419,95.04,45.15,198.56,70.78,96.33408214485566
2025-10-22 02:46:09.701419,90.85,67.52,130.65,94.63,91.85149746037352
2025-10-22 02:46:10.701418,85.5,79.89,96.48,76.62,84.18590138519833
2025-10-22 02:46:11.701418,94.19,39.31,218.12,48.72,94.90638265032973
2025-10-22 02:46:12.701417,134.03,46.21,295.33,114.93,134.75590137642692
2025-10-22 02:46:13.701417,131.09,84.95,294.46,19.49,134.91630005665968
2025-10-22 02:46:14.701416,106.59,80.83,129.68,119.03,103.0780839180426
2025-10-22 02:46:15.701416,65.69,22.9,133.15,68.78,65.11590743157029
2025-10-22 02:46:16.701415,119.31,33.14,263.21,115.9,118.7404572379451
2025-10-22 02:46:17.701414,85.39,30.29,183.42,30.83,76.39251269662785
2025-10-22 02:46:18.701414,130.5,63.37,261.28,114.2,132.96180323684723
2025-10-22 02:46:19.701413,116.14,76.27,184.68,145.83,122.66939562462453
2025-10-22 02:46:20.701413,127.62,62.17,240.81,128.6,129.06659835622676
2025-10-22 02:46:21.701412,72.14,67.91,62.22,117.81,76.0710533922947
2025-10-22 02:46:22.701412,69.03,28.29,116.13,68.32,62.603830325815785
2025-10-22 02:46:23.701411,54.55,20.22,57.14,135.74,54.22409304675523
2025-10-22 02:46:24.701411,50.82,35.75,52.94,97.9,53.213318554467904
2025-10-22 02:46:25.701410,106.47,28.2,299.38,27.32,109.53153785161705
2025-10-22 02:46:26.701410,126.02,78.68,214.79,116.92,127.18499285491508
2025-10-22 02:46:27.701409,91.42,47.03,162.27,118.81,95.91028213222621
2025-10-22 02:46:28.701409,125.8,64.11,271.92,24.84,118.76237995301989
2025-10-22 02:46:29.701408,80.3,49.25,143.47,82.34,84.1138831595254
2025-10-22 02:46:30.701407,107.32,88.39,148.26,81.94,105.07768087138344
2025-10-22 02:46:31.701407,99.3,32.24,174.57,141.12,96.639942914555
2025-10-22 02:46:32.701406,105.2,78.19,214.09,19.12,107.27974115440853
2025-10-22 02:46:33.701406,124.74,82.29,203.09,93.88,120.89140272776743
2025-10-22 02:46:34.701405,104.62,71.22,211.31,63.8,111.83808927730357
2025-10-22 02:46:35.701405,125.39,89.8,205.37,111.55,128.85249401074427
2025-10-22 02:46:36.701404,79.92,42.73,180.12,14.51,78.3845590476855
2025-10-22 02:46:37.701404,93.57,72.9,91.81,137.59,91.40522785362619
2025-10-22 02:46:38.701403,129.64,89.53,276.9,13.68,130.77216406983817
2025-10-22 02:46:39.701403,101.05,50.29,225.98,41.29,101.2923732618123
2025-10-22 02:46:40.701402,103.4,93.4,116.84,56.17,93.01005192631209
2025-10-22 02:46:41.701401,114.51,50.05,232.12,89.09,112.52512564329572
2025-10-22 02:46:42.701401,89.17,42.89,193.96,39.67,87.6316361229547
2025-10-22 02:46:43.701400,94.28,37.05,153.83,136.78,91.94670626404144
2025-10-22 02:46:44.701400,114.25,53.75,196.36,108.2,107.42101350293966
2025-10-22 02:46:45.701399,84.72,81.47,132.47,64.98,93.48911495708963
2025-10-22 02:46:46.701399,90.58,91.42,85.12,103.02,91.79316851375945
2025-10-22 02:46:47.701398,55.85,26.03,93.99,62.89,53.73182100338316
2025-10-22 02:46:48.701398,48.46,23.09,97.9,22.75,45.45306538560993
2025-10-22 02:46:49.701397,102.35,20.27,263.68,43.54,98.0461235763338
2025-10-22 02:46:50.701397,124.28,95.05,240.22,15.64,122.8922158014164
2025-10-22 02:46:51.701396,81.44,39.53,199.43,51.99,90.04442476789805
2025-10-22 02:46:52.701396,139.63,96.93,282.29,67.57,146.8167238009876
2025-10-22 02:46:53.701395,141.38,98.02,263.11,58.77,139.84274711418954
2025-10-22 02:46:54.701395,111.49,96.21,122.13,143.28,113.33211819574811
2025-10-22 02:46:55.701394,106.9,53.71,217.48,87.84,109.70547725145966
2025-10-22 02:46:56.701393,70.79,44.08,72.21,136.21,70.80075257008357
2025-10-22 02:46:57.701393,132.96,78.55,268.28,72.41,134.35946238565666
2025-10-22 02:46:58.701392,113.36,23.16,284.14,56.82,108.28937858503055
2025-10-22 02:46:59.701392,102.62,82.48,163.3,78.44,105.94617586394295
2025-10-22 02:47:00.701391,100.26,72.12,138.53,90.83,95.77011514634565
2025-10-22 02:47:01.701391,168.24,97.72,285.15,118.85,158.27067914199122
2025-10-22 02:47:02.701390,90.91,90.33,116.36,104.26,100.89166615411841
2025-10-22 02:47:03.701390,112.09,22.75,293.2,26.09,104.69831606404131
2025-10-22 02:47:04.701389,96.7,41.77,197.1,99.13,99.83998058129625
2025-10-22 02:47:05.701389,83.69,29.85,161.46,125.23,88.33912771764663
2025-10-22 02:47:06.701388,116.23,26.63,240.26,135.65,112.50375247727169
2025-10-22 02:47:07.701388,147.56,77.69,276.32,143.05,150.3954109745542
2025-10-22 02:47:08.701387,73.6,30.11,200.51,22.51,79.78889986749356
2025-10-22 02:47:09.701386,129.96,44.21,278.94,117.57,129.3487194976274
2025-10-22 02:47:10.701386,118.09,31.06,272.62,92.96,115.96748182217435
2025-10-22 02:47:11.701385,116.37,84.28,236.27,23.01,117.77569647618355
2025-10-22 02:47:12.701385,84.08,23.71,155.86,79.66,74.51701703974571
2025-10-22 02:47:13.701384,67.49,95.6,71.0,29.45,75.00826270593511
2025-10-22 02:47:14.701384,86.82,37.35,224.13,89.86,103.91414499585149
2025-10-22 02:47:15.701383,107.59,89.55,196.48,16.36,107.12272102680096
2025-10-22 02:47:16.701383,61.84,21.37,119.42,41.39,54.772312407715425
2025-10-22 02:47:17.701382,127.62,69.23,229.83,111.02,125.8032758433267
2025-10-22 02:47:18.701381,82.14,86.41,60.53,124.86,86.22998404112168
2025-10-22 02:47:19.701381,115.63,34.34,277.37,32.12,106.9400042143344
2025-10-22 02:47:20.701380,120.16,60.58,201.72,139.88,118.754223577153
2025-10-22 02:47:21.701380,96.61,31.64,231.91,77.17,100.87121406313015
2025-10-22 02:47:22.701379,89.86,36.89,226.24,55.38,97.46154640407572
2025-10-22 02:47:23.701379,67.22,21.78,166.65,33.63,67.64244875901576
2025-10-22 02:47:24.701378,51.16,23.53,58.86,94.42,48.1820364451048
2025-10-22 02:47:25.701377,101.27,82.19,111.07,95.62,93.50534332471226
2025-10-22 02:47:26.701377,114.68,46.95,244.25,97.51,116.29604614935035
2025-10-22 02:47:27.701376,141.66,87.75,292.64,30.87,138.0342290155702
2025-10-22 02:47:28.701376,125.17,72.01,233.75,111.17,128.40464429843033
2025-10-22 02:47:29.701375,73.2,62.34,125.82,32.45,75.43862350453281
2025-10-22 02:47:30.701374,98.01,81.73,150.24,108.7,107.65950671599093
2025-10-22 02:47:31.701374,103.25,29.02,188.13,111.2,93.15635491599552
2025-10-22 02:47:32.701373,92.79,80.09,116.56,95.51,94.08326474213274
2025-10-22 02:47:33.701373,100.91,88.63,163.59,39.78,101.42527648665354
2025-10-22 02:47:34.701372,117.25,48.82,276.97,29.93,113.63613561519614
2025-10-22 02:47:35.701371,114.13,28.12,234.19,125.42,109.38955446065913
2025-10-22 02:47:36.701371,124.44,94.21,198.21,113.5,129.29502143480602
2025-10-22 02:47:37.701370,49.14,54.72,83.48,39.03,60.19389593883783
2025-10-22 02:47:38.701369,77.86,87.82,61.71,96.84,81.7188505185581
2025-10-22 02:47:39.701369,111.78,25.49,277.51,42.56,104.62597600231493
2025-10-22 02:47:40.701368,82.91,30.09,170.36,91.63,84.45472041173495
2025-10-22 02:47:41.701367,103.89,61.43,165.97,134.43,107.34156885445469
2025-10-22 02:47:42.701367,65.04,49.71,75.35,77.72,62.933229025888366
2025-10-22 02:47:43.701366,119.16,53.26,256.35,116.18,126.80912331518046
2025-10-22 02:47:44.701366,128.54,98.75,231.18,70.04,132.844217467951
2025-10-22 02:47:45.701365,80.64,79.44,97.05,65.24,81.86888457960642
2025-10-22 02:47:46.701364,117.03,84.75,258.05,24.13,124.78580712517655
2025-10-22 02:47:47.701364,103.56,93.43,147.77,38.04,98.72415158270752
2025-10-22 02:47:48.701363,153.21,82.4,255.08,126.2,143.01384276469898
2025-10-22 02:47:49.701362,89.11,39.39,223.9,36.02,94.15960231184559
2025-10-22 02:47:50.701362,100.2,22.02,249.19,45.09,94.87184831461703
2025-10-22 02:47:51.701361,85.54,54.75,121.68,132.19,90.2269947372568
2025-10-22 02:47:52.701361,151.88,83.95,290.39,112.63,151.71365504719532
2025-10-22 02:47:53.701360,54.91,24.76,73.44,109.02,56.08756650494068
2025-10-22 02:47:54.701359,124.43,60.73,227.23,90.65,116.71315803861596
2025-10-22 02:47:55.701359,131.17,79.24,202.61,138.01,127.99551713096801
2025-10-22 02:47:56.701358,102.11,46.82,247.62,34.82,104.77770153588695
2025-10-22 02:47:57.701358,143.96,44.71,294.83,134.41,137.72819132205322
2025-10-22 02:47:58.701357,102.48,40.94,198.36,107.96,101.55933691018491
2025-10-22 02:47:59.701356,96.23,56.3,191.07,91.39,103.7637869650896
2025-10-22 02:48:00.701356,123.67,76.71,267.49,39.09,126.57401311884502
2025-10-22 02:48:01.701355,107.24,63.84,204.56,87.87,110.89815422085452
2025-10-22 02:48:02.701355,99.14,63.92,184.8,47.68,97.00140334721993
2025-10-22 02:48:03.701354,35.32,32.04,79.91,33.41,46.64354260085961
2025-10-22 02:48:04.701354,130.01,73.35,259.76,69.54,128.6213715376935
2025-10-22 02:48:05.701353,91.89,34.17,237.49,41.64,96.75114468549553
2025-10-22 02:48:06.701353,68.61,40.72,101.64,57.65,62.3482286066019
2025-10-22 02:48:07.701352,112.75,63.5,194.69,101.45,110.45934479437551
2025-10-22 02:48:08.701351,128.51,62.57,246.19,128.47,130.85952031256582
2025-10-22 02:48:09.701351,66.48,33.06,99.75,116.84,69.71431223769564
2025-10-22 02:48:10.701350,94.1,88.1,123.04,43.37,89.67527976746491
2025-10-22 02:48:11.701350,52.89,29.81,96.34,62.31,56.21654669937767
2025-10-22 02:48:12.701349,105.27,87.96,145.94,91.88,106.14115442247858
2025-10-22 02:48:13.701349,74.92,81.04,65.58,90.07,78.14110178911511
2025-10-22 02:48:14.701348,82.05,98.98,81.97,41.94,82.48497911121757
2025-10-22 02:48:15.701348,71.08,39.59,170.21,20.38,74.99812906253194
2025-10-22 02:48:16.701347,145.88,87.47,283.22,87.05,146.23260798995565
2025-10-22 02:48:17.701347,141.82,42.97,297.51,148.77,140.51870629086602
2025-10-22 02:48:18.701346,107.94,74.76,217.13,39.73,110.57507857030376
2025-10-22 02:48:19.701346,70.68,40.61,122.3,34.94,63.99191521706985
2025-10-22 02:48:20.701345,105.95,29.47,247.26,79.71,104.90722130123117
2025-10-22 02:48:21.701344,90.18,68.48,138.22,91.95,94.07657889388824
2025-10-22 02:48:22.701344,105.36,62.11,184.58,147.65,115.9095349591824
2025-10-22 02:48:23.701343,105.6,97.03,118.39,94.23,102.86324339979812
2025-10-22 02:48:24.701343,56.96,35.84,99.25,36.31,54.94137807215126
2025-10-22 02:48:25.701342,150.09,68.87,297.99,103.97,144.72525887432096
2025-10-22 02:48:26.701342,97.62,75.03,119.22,126.43,98.49826618255767
2025-10-22 02:48:27.701341,87.97,56.17,152.75,84.82,90.8644666219825
2025-10-22 02:48:28.701341,130.85,72.56,298.65,33.55,132.76758903853798
2025-10-22 02:48:29.701340,117.29,68.36,223.53,76.33,116.57362926197736
2025-10-22 02:48:30.701340,147.07,91.61,264.21,130.35,151.19830648536416
2025-10-22 02:48:31.701339,103.14,21.07,245.92,67.47,97.86302196120253
2025-10-22 02:48:32.701339,126.53,86.22,273.52,27.73,130.89172542133542
2025-10-22 02:48:33.701338,85.28,59.41,127.68,112.38,90.42623621339082
2025-10-22 02:48:34.701338,127.55,79.04,195.79,119.96,122.25415518173352
2025-10-22 02:48:35.701337,64.12,57.57,72.8,48.42,60.27580123502027
2025-10-22 02:48:36.701336,103.06,26.45,224.31,112.76,103.0633458775892
2025-10-22 02:48:37.701336,91.91,96.51,71.79,109.84,91.6886483953418
2025-10-22 02:48:38.701335,96.89,43.55,190.46,98.79,98.6663539908062
2025-10-22 02:48:39.701335,79.84,49.24,164.52,65.98,87.1877850000258
2025-10-22 02:48:40.701334,108.69,73.15,151.16,134.91,108.85149094719627
2025-10-22 02:48:41.701334,113.76,54.36,228.67,41.83,104.24735166978884
2025-10-22 02:48:42.701333,88.01,41.35,189.66,19.53,81.56161314721513
2025-10-22 02:48:43.701333,114.8,74.58,225.37,84.43,121.85312506620774
2025-10-22 02:48:44.701332,60.27,66.01,85.37,20.18,62.66814203271109
2025-10-22 02:48:45.701332,93.33,74.54,137.49,60.44,90.62566710837338
2025-10-22 02:48:46.701331,148.23,88.89,272.27,133.16,152.8195315103644
2025-10-22 02:48:47.701331,130.49,54.29,262.22,95.46,124.97028391418144
2025-10-22 02:48:48.701330,90.76,97.61,122.07,18.02,89.10505009644567
2025-10-22 02:48:49.701330,147.06,77.97,298.34,111.38,150.86168841012608
2025-10-22 02:48:50.701329,116.05,79.99,165.56,145.08,118.63153038320638
2025-10-22 02:48:51.701328,80.87,72.44,151.08,17.15,85.05316858687948
2025-10-22 02:48:52.701328,55.05,62.97,90.36,23.09,63.225453279474024
2025-10-22 02:48:53.701327,80.6,93.92,72.73,103.36,89.3856184299088
2025-10-22 02:48:54.701327,72.37,42.6,137.62,50.3,72.65182490812083
2025-10-22 02:48:55.701326,102.97,92.97,134.35,105.19,107.81065714340725
2025-10-22 02:48:56.701326,88.04,67.11,59.64,139.18,79.14406464033546
2025-10-22 02:48:57.701325,83.33,97.69,53.68,83.72,81.63724018088799
2025-10-22 02:48:58.701325,85.97,94.95,96.86,35.4,83.64534788350493
2025-10-22 02:48:59.701324,72.12,77.42,84.43,25.27,69.11204435307138
2025-10-22 02:49:00.701324,48.68,33.49,73.9,75.9,54.01166994952933
2025-10-22 02:49:01.701323,67.93,30.11,129.62,83.29,70.5505293695724
2025-10-22 02:49:02.701323,70.62,20.79,153.33,51.28,66.64964365939956
2025-10-22 02:49:03.701322,68.29,28.87,125.53,95.47,71.12133447028862
2025-10-22 02:49:04.701322,57.26,29.79,140.53,39.86,65.03544868816768
2025-10-22 02:49:05.701321,114.77,51.38,256.25,49.29,112.53521978889023
2025-10-22 02:49:06.701320,72.62,27.28,171.84,54.51,76.11064590995979
2025-10-22 02:49:07.701320,114.8,45.35,223.34,134.8,116.62023012434622
2025-10-22 02:49:08.701319,96.13,25.18,207.07,94.84,93.67734461299445
2025-10-22 02:49:09.701319,62.67,29.32,54.26,142.64,59.28743210742813
2025-10-22 02:49:10.701318,97.15,30.02,201.99,72.12,90.05487797876557
2025-10-22 02:49:11.701317,139.06,65.51,236.51,124.0,128.5310187515093
2025-10-22 02:49:12.701317,96.5,50.17,140.05,149.93,96.98729227939317
2025-10-22 02:49:13.701316,119.88,63.41,226.33,57.8,111.25182607032681
2025-10-22 02:49:14.701316,110.94,83.08,130.08,146.73,109.83391345333362
2025-10-22 02:49:15.701315,134.27,74.06,238.6,149.18,138.44931066232505
2025-10-22 02:49:16.701314,115.06,45.3,249.05,75.95,112.62605632084906
2025-10-22 02:49:17.701314,77.74,78.38,61.06,93.65,76.16111383399651
2025-10-22 02:49:18.701313,40.83,31.97,52.96,60.05,43.79906197466618
2025-10-22 02:49:19.701312,109.62,60.57,230.11,42.84,107.99153630845773
2025-10-22 02:49:20.701312,127.08,57.9,269.18,90.23,127.8319415607395
2025-10-22 02:49:21.701311,117.75,68.48,242.53,67.73,120.63915932673437
2025-10-22 02:49:22.701311,112.28,42.41,288.5,42.71,116.4358849894254
2025-10-22 02:49:23.701310,97.53,73.08,149.76,67.69,95.027385060293
2025-10-22 02:49:24.701309,100.93,86.73,112.56,131.19,103.30105751449284
2025-10-22 02:49:25.701309,43.12,34.51,100.79,22.82,52.05582326775801
2025-10-22 02:49:26.701308,116.81,59.63,288.0,26.39,121.66419953516939
2025-10-22 02:49:27.701307,152.19,86.2,296.12,111.27,154.29378961384865
2025-10-22 02:49:28.701307,79.81,91.18,81.97,67.11,83.58402641027376
2025-10-22 02:49:29.701306,63.48,27.17,84.61,134.99,65.81938298826839
2025-10-22 02:49:30.701306,94.71,42.2,223.34,18.7,91.95407524083888
2025-10-22 02:49:31.701305,112.27,93.51,126.38,128.2,110.25946836149444
2025-10-22 02:49:32.701304,96.94,34.93,180.49,118.71,95.31143193022734
2025-10-22 02:49:33.701304,151.15,92.92,281.42,69.01,144.8330565119048
2025-10-22 02:49:34.701303,69.07,73.15,101.04,30.41,72.99241077840442
2025-10-22 02:49:35.701302,113.05,29.34,266.31,113.05,117.20310012095237
2025-10-22 02:49:36.701302,131.75,85.55,235.27,107.64,134.9411009143182
2025-10-22 02:49:37.701301,88.53,77.45,139.0,12.32,82.96780520552755
2025-10-22 02:49:38.701301,136.57,92.51,239.62,99.43,138.1027489250668
2025-10-22 02:49:39.701300,63.84,68.31,59.44,75.93,67.10650590643252
2025-10-22 02:49:40.701300,127.05,98.89,240.93,35.41,128.96059568948345
2025-10-22 02:49:41.701299,99.31,50.26,188.35,88.71,99.38757657042444
2025-10-22 02:49:42.701299,57.29,29.37,101.89,51.96,55.60748534805175
2025-10-22 02:49:43.701298,134.55,62.64,277.44,122.23,139.05445518380984
2025-10-22 02:49:44.701297,115.78,58.07,275.75,50.91,122.07402814678413
2025-10-22 02:49:45.701297,76.03,63.62,124.06,52.22,79.48184482273375
2025-10-22 02:49:46.701296,119.94,75.53,271.99,13.86,122.31931970113935
2025-10-22 02:49:47.701296,101.8,38.7,233.03,65.24,102.37148880273233
2025-10-22 02:49:48.701295,56.2,30.22,66.55,98.65,54.68713487587666
2025-10-22 02:49:49.701295,126.45,41.79,279.2,109.45,126.6001253966582
2025-10-22 02:49:50.701294,77.91,42.18,53.07,149.73,66.78006335198276
2025-10-22 02:49:51.701294,90.45,85.14,144.06,16.81,89.23426443324891
2025-10-22 02:49:52.701293,96.35,84.24,145.12,48.35,95.37468472910186
2025-10-22 02:49:53.701293,119.53,81.89,174.98,125.84,118.5906674345078
2025-10-22 02:49:54.701292,76.0,61.73,63.49,92.83,68.39027150165518
2025-10-22 02:49:55.701292,71.54,38.35,153.51,19.64,69.2061469636709
2025-10-22 02:49:56.701291,75.3,37.45,181.36,15.38,76.2862290183007
2025-10-22 02:49:57.701291,82.22,35.9,176.66,76.32,86.21506627861943
2025-10-22 02:49:58.701290,89.96,29.17,178.01,141.61,96.23468906233956
2025-10-22 02:49:59.701290,89.24,95.89,71.38,78.58,85.03819016050562
2025-10-22 02:50:00.701289,101.06,97.65,109.8,133.41,108.38130057409319
2025-10-22 02:50:01.701289,152.42,94.29,236.34,134.49,144.9798167300318
2025-10-22 02:50:02.701288,90.76,50.62,163.21,84.17,91.10224968003352
2025-10-22 02:50:03.701287,103.76,26.96,233.28,51.83,93.9001636238969
2025-10-22 02:50:04.701287,113.54,75.15,229.77,25.23,111.6892589836196
2025-10-22 02:50:05.701286,118.18,93.01,181.38,66.77,114.33803625345668
2025-10-22 02:50:06.701286,142.43,81.4,284.76,85.14,143.27601962418538
2025-10-22 02:50:07.701285,105.53,60.21,193.64,125.7,113.31829849460989
2025-10-22 02:50:08.701285,74.39,40.58,137.06,67.93,74.97772961756186
2025-10-22 02:50:09.701284,60.57,41.14,85.31,75.37,61.17002483073781
2025-10-22 02:50:10.701284,105.92,74.96,153.52,83.24,100.19244028713585
2025-10-22 02:50:11.701283,119.23,54.74,229.98,141.67,124.68670644590723
2025-10-22 02:50:12.701283,81.67,79.34,54.9,123.85,80.79462690031323
2025-10-22 02:50:13.701282,59.78,43.77,58.88,58.6,51.20135801060124
2025-10-22 02:50:14.701282,51.6,21.06,78.39,125.74,59.048662484623705
2025-10-22 02:50:15.701281,82.28,84.15,87.82,57.61,79.93379722794351
2025-10-22 02:50:16.701281,43.57,27.41,67.47,37.85,41.465408999915134
2025-10-22 02:50:17.701280,127.42,68.19,229.32,104.51,123.83436480165147
2025-10-22 02:50:18.701280,65.69,58.41,68.77,109.67,71.66481863723516
2025-10-22 02:50:19.701279,141.93,67.89,291.29,119.71,145.349092586484
2025-10-22 02:50:20.701279,134.01,95.84,226.24,137.45,143.3064055730012
2025-10-22 02:50:21.701278,66.0,28.38,159.8,10.24,64.23573513680135
2025-10-22 02:50:22.701277,67.85,85.21,54.99,47.53,68.58397035726148
2025-10-22 02:50:23.701276,95.35,84.19,176.28,40.75,103.21198579308893
2025-10-22 02:50:24.701275,120.01,34.6,292.0,77.55,120.50586628864087
2025-10-22 02:50:25.701275,95.32,79.12,148.45,33.15,90.78940830977167
2025-10-22 02:50:26.701274,92.27,73.75,77.9,139.77,88.07997360488609
2025-10-22 02:50:27.701274,122.46,50.35,249.64,117.37,123.56982561757309
2025-10-22 02:50:28.701273,106.32,71.22,188.53,85.2,109.24104378605928
2025-10-22 02:50:29.701273,94.36,26.37,198.18,87.18,90.07565925815885
2025-10-22 02:50:30.701272,120.53,96.75,212.57,40.83,120.4352633979631
2025-10-22 02:50:31.701272,53.95,30.57,124.2,43.4,61.21759781457978
2025-10-22 02:50:32.701271,119.45,73.2,258.25,19.88,118.21622665829308
2025-10-22 02:50:33.701271,110.96,74.99,188.11,118.99,117.72255854754809
2025-10-22 02:50:34.701270,105.75,75.46,213.96,44.07,110.83512559560984
2025-10-22 02:50:35.701270,93.6,90.4,102.67,73.04,90.59976460636773
2025-10-22 02:50:36.701269,55.91,23.95,77.64,142.96,63.694937500788484
2025-10-22 02:50:37.701268,84.2,93.74,93.93,59.64,86.97848126744098
2025-10-22 02:50:38.701268,92.11,52.6,128.25,137.89,92.26018858846594
2025-10-22 02:50:39.701267,93.36,50.95,135.5,128.09,91.66590739948533
2025-10-22 02:50:40.701267,113.1,74.61,148.3,108.55,103.48018234553136
2025-10-22 02:50:41.701266,88.49,21.15,138.46,132.54,78.51665435542698
2025-10-22 02:50:42.701266,71.48,70.56,120.37,15.91,74.6266510379179
2025-10-22 02:50:43.701265,132.15,64.6,289.44,54.23,130.12298037867066
2025-10-22 02:50:44.701265,55.35,36.53,95.21,24.43,51.709062969228754
2025-10-22 02:50:45.701264,60.34,43.14,94.38,68.62,63.557814003918274
2025-10-22 02:50:46.701264,116.01,38.6,248.83,95.91,113.17373106661086
2025-10-22 02:50:47.701263,116.87,30.64,273.61,122.55,121.93944934572492
2025-10-22 02:50:48.701263,110.4,38.92,256.1,53.66,107.11883739287059
2025-10-22 02:50:49.701262,94.9,40.87,198.77,79.57,96.0017616072922
2025-10-22 02:50:50.701262,41.17,30.13,64.48,23.9,39.15398471470783
2025-10-22 02:50:51.701261,91.38,88.3,89.97,87.84,88.67077993934832
2025-10-22 02:50:52.701261,43.38,29.69,55.26,27.69,36.91371394270603
2025-10-22 02:50:53.701260,95.06,79.08,99.58,67.21,82.84144591544108
2025-10-22 02:50:54.701259,67.11,46.3,97.79,47.48,61.9621808076583
2025-10-22 02:50:55.701259,117.01,56.23,206.33,102.0,110.4293205317397
2025-10-22 02:50:56.701258,135.04,74.35,270.8,27.23,124.02922243854185
2025-10-22 02:50:57.701258,65.36,62.42,55.59,99.07,67.60025213752319
2025-10-22 02:50:58.701257,80.78,74.86,85.34,109.24,84.80260435363822
2025-10-22 02:50:59.701257,117.12,31.68,248.39,134.47,117.24398259431109
2025-10-22 02:51:00.701256,123.64,63.16,231.73,113.36,123.80017285826682
2025-10-22 02:51:01.701256,122.96,53.29,222.74,107.35,114.95738456936249
2025-10-22 02:51:02.701255,70.27,80.76,86.37,31.12,72.53178706727931
2025-10-22 02:51:03.701255,67.85,60.64,107.91,93.43,81.32638016977849
2025-10-22 02:51:04.701254,51.62,32.07,56.37,87.54,50.34183634761516
2025-10-22 02:51:05.701254,95.29,83.31,99.95,129.18,97.39508764778837
2025-10-22 02:51:06.701253,100.03,38.79,245.19,34.52,99.96538924434248
2025-10-22 02:51:07.701253,100.33,74.68,167.95,61.79,100.12741376606263
2025-10-22 02:51:08.701252,69.39,45.23,116.52,34.29,64.43770006157523
2025-10-22 02:51:09.701252,85.39,41.98,166.99,66.16,84.3306137107995
2025-10-22 02:51:10.701251,113.05,84.46,134.35,143.0,111.06780554699579
2025-10-22 02:51:11.701251,125.91,94.99,181.02,122.4,126.28439147393298
2025-10-22 02:51:12.701250,90.14,79.45,169.43,33.98,97.43107067186243
2025-10-22 02:51:13.701249,103.69,33.85,212.23,127.26,106.01907424373552
2025-10-22 02:51:14.701249,80.7,24.77,188.3,89.56,86.77547988153785
2025-10-22 02:51:15.701248,63.6,29.21,123.91,11.47,54.09938493979182
2025-10-22 02:51:16.701248,121.84,85.23,222.64,60.92,121.69030172262698
2025-10-22 02:51:17.701247,122.1,57.04,239.57,63.03,113.08456929461032
2025-10-22 02:51:18.701247,111.72,42.74,263.12,83.87,117.15159219065374
2025-10-22 02:51:19.701246,126.85,46.99,298.32,75.43,128.19073953478159
2025-10-22 02:51:20.701246,104.61,24.27,255.86,101.13,109.14976937799388
2025-10-22 02:51:21.701245,98.74,59.27,188.24,37.64,93.7107644112098
2025-10-22 02:51:22.701245,71.44,85.44,74.99,88.82,82.92693053958037
2025-10-22 02:51:23.701244,106.82,87.42,183.3,35.69,105.93518606920445
2025-10-22 02:51:24.701244,104.49,57.19,207.59,87.75,108.45528992387501
2025-10-22 02:51:25.701243,107.28,51.08,258.19,22.19,107.57925733354125
2025-10-22 02:51:26.701243,91.91,51.39,183.58,52.18,91.25393203903616
2025-10-22 02:51:27.701242,66.32,74.43,79.26,38.79,68.74799208383332
2025-10-22 02:51:28.701242,103.82,25.85,229.58,115.26,104.84537171414559
2025-10-22 02:51:29.701241,51.11,31.03,68.8,77.14,51.492017841826865
2025-10-22 02:51:30.701240,125.69,94.93,212.5,53.62,122.04621832378288
2025-10-22 02:51:31.701240,70.27,35.81,88.29,137.07,71.66721716192436
2025-10-22 02:51:32.701239,127.69,74.67,220.73,129.49,129.46334877724178
2025-10-22 02:51:33.701239,73.59,21.5,184.85,55.84,77.39410307624156
2025-10-22 02:51:34.701238,121.87,82.8,230.15,80.4,126.60643818321003
2025-10-22 02:51:35.701238,132.26,49.42,298.05,82.45,130.72257910246412
2025-10-22 02:51:36.701237,124.46,67.32,258.75,28.18,117.07237644533606
2025-10-22 02:51:37.701237,119.9,64.81,204.4,147.19,123.13266093763954
2025-10-22 02:51:38.701236,78.18,42.67,97.66,99.56,70.46210313537765
2025-10-22 02:51:39.701236,132.04,69.15,214.14,147.29,128.25618410243013
2025-10-22 02:51:40.701235,116.03,51.14,204.2,148.11,116.40914215547478
2025-10-22 02:51:41.701235,127.09,44.43,244.21,113.36,118.17398198435984
2025-10-22 02:51:42.701234,118.27,36.75,287.4,55.09,115.73227576764847
2025-10-22 02:51:43.701234,131.61,54.25,266.26,125.61,132.16145107554416
2025-10-22 02:51:44.701233,79.11,58.16,74.66,121.04,75.57260333801534
2025-10-22 02:51:45.701232,134.14,43.87,275.4,149.73,134.50910170940298
2025-10-22 02:51:46.701232,116.93,93.29,151.61,123.07,116.71893409095654
2025-10-22 02:51:47.701231,115.74,71.07,189.64,135.2,119.4432250659367
2025-10-22 02:51:48.701231,85.54,43.68,164.29,44.74,80.11004265651071
2025-10-22 02:51:49.701230,105.26,73.07,208.74,31.72,105.61181928259315
2025-10-22 02:51:50.701230,100.27,41.83,257.14,48.33,107.82913921684505
2025-10-22 02:51:51.701229,125.93,42.0,249.47,132.04,122.2541657754013
2025-10-22 02:51:52.701229,125.62,23.88,295.03,95.2,119.55851436060118
2025-10-22 02:51:53.701228,84.89,40.07,208.08,33.52,89.24392859832821
2025-10-22 02:51:54.701228,104.73,89.31,179.2,29.09,104.3358362413494
2025-10-22 02:51:55.701227,134.65,81.53,258.85,55.77,129.70597964178594
2025-10-22 02:51:56.701227,114.04,52.14,172.26,144.38,106.55981110412833
2025-10-22 02:51:57.701226,107.37,52.55,274.67,38.49,116.51463056474223
2025-10-22 02:51:58.701226,144.13,94.49,281.01,14.95,134.745225316622
2025-10-22 02:51:59.701225,67.32,23.89,195.61,11.16,72.9425563109865
2025-10-22 02:52:00.701225,113.46,79.82,217.38,60.5,117.3149558304484
2025-10-22 02:52:01.701224,94.17,40.09,238.93,21.61,96.1659114393226
2025-10-22 02:52:02.701224,76.49,23.06,169.14,71.17,76.49806078462306
2025-10-22 02:52:03.701223,89.6,36.93,175.24,68.67,84.78240726348969
2025-10-22 02:52:04.701222,94.51,38.59,211.85,95.34,101.93082346349489
2025-10-22 02:52:05.701222,121.54,65.62,173.09,138.25,112.34159193899104
2025-10-22 02:52:06.701221,61.71,69.03,91.53,31.49,68.28292360914625
2025-10-22 02:52:07.701221,148.75,86.66,261.82,121.51,146.2422451679716
2025-10-22 02:52:08.701220,120.77,60.96,234.56,77.95,116.50778209249384
2025-10-22 02:52:09.701220,123.02,79.45,256.72,29.82,122.86288043809196
2025-10-22 02:52:10.701219,103.15,59.04,202.46,49.74,100.27961953905103
2025-10-22 02:52:11.701219,130.07,77.22,206.42,114.98,123.55006778417857
2025-10-22 02:52:12.701218,116.04,59.67,269.76,64.39,123.75414209273275
2025-10-22 02:52:13.701218,48.8,63.16,60.93,16.57,53.17068407730388
2025-10-22 02:52:14.701217,127.24,79.25,232.02,78.6,125.0330831473531
2025-10-22 02:52:15.701217,83.27,79.87,120.55,53.06,86.73144145300489
2025-10-22 02:52:16.701216,113.34,77.67,155.79,110.2,107.59403290246311
2025-10-22 02:52:17.701216,89.64,93.04,146.61,18.65,94.3238246350606
2025-10-22 02:52:18.701215,112.67,55.72,226.83,86.77,113.31207491510729
2025-10-22 02:52:19.701214,119.25,69.76,238.31,59.4,118.35416436145371
2025-10-22 02:52:20.701214,105.46,98.29,163.0,46.33,107.38836671940082
2025-10-22 02:52:21.701213,102.23,75.51,243.78,18.7,114.78552230076849
2025-10-22 02:52:22.701213,121.51,52.55,267.51,55.58,117.75936676876802
2025-10-22 02:52:23.701212,96.96,23.2,241.22,75.5,99.11281064135349
2025-10-22 02:52:24.701212,92.15,52.78,203.21,39.77,95.38734718758829
2025-10-22 02:52:25.701211,97.95,77.92,135.97,98.55,99.44005934011022
2025-10-22 02:52:26.701211,81.69,66.79,115.78,30.1,74.1796737926083
2025-10-22 02:52:27.701210,137.7,86.4,288.49,18.87,133.72327082075904
2025-10-22 02:52:28.701210,92.95,21.47,229.67,46.73,89.05041322677316
2025-10-22 02:52:29.701209,87.96,90.0,83.88,92.9,88.69642740256286
2025-10-22 02:52:30.701209,131.31,21.95,266.02,148.49,120.46261917343057
2025-10-22 02:52:31.701208,59.6,23.88,84.53,66.3,50.48736721695104
2025-10-22 02:52:32.701208,119.14,65.71,234.32,65.0,116.23917684717556
2025-10-22 02:52:33.701207,118.03,80.25,165.7,132.33,116.26829708550073
2025-10-22 02:52:34.701207,71.47,64.99,108.59,53.51,75.7707400308661
2025-10-22 02:52:35.701206,112.46,49.4,251.07,83.22,116.73288624932482
2025-10-22 02:52:36.701205,108.95,65.8,137.99,117.59,97.76414087448822
2025-10-22 02:52:37.701205,88.73,62.35,161.17,10.45,81.70273916229665
2025-10-22 02:52:38.701204,80.34,43.29,146.59,45.7,74.78101316579945
2025-10-22 02:52:39.701204,102.64,79.91,199.25,53.54,110.5219356199694
2025-10-22 02:52:40.701203,125.55,23.18,289.95,118.44,122.30142614402065
2025-10-22 02:52:41.701203,105.96,23.13,244.86,118.54,108.7320281590946
2025-10-22 02:52:42.701202,116.58,90.5,132.77,136.36,112.2970166033808
2025-10-22 02:52:43.701202,115.67,74.45,150.52,115.44,105.43808256321589
2025-10-22 02:52:44.701201,100.42,30.55,266.73,25.69,100.5623598012431
2025-10-22 02:52:45.701201,93.74,38.95,190.81,61.14,88.98046498764083
2025-10-22 02:52:46.701200,126.89,85.6,263.55,64.63,134.9201981250726
2025-10-22 02:52:47.701200,70.3,52.73,107.47,102.66,79.06802073742057
2025-10-22 02:52:48.701199,110.58,86.0,185.69,45.07,107.80836480298662
2025-10-22 02:52:49.701199,80.05,81.63,86.55,84.92,83.72074176883976
2025-10-22 02:52:50.701198,90.52,98.89,79.51,55.2,84.33685937649213
2025-10-22 02:52:51.701198,122.37,25.86,293.47,81.51,117.35836449512857
2025-10-22 02:52:52.701197,91.05,93.05,113.61,45.44,89.729243202504
2025-10-22 02:52:53.701197,146.13,97.38,257.74,78.44,141.8185110699987
2025-10-22 02:52:54.701196,99.75,32.64,251.41,52.91,102.41361601838987
2025-10-22 02:52:55.701195,91.3,95.28,56.06,147.74,93.87772645669266
2025-10-22 02:52:56.701195,106.85,93.75,136.38,118.26,111.41118110292885
2025-10-22 02:52:57.701194,105.92,64.22,196.35,92.8,109.59910549753013
2025-10-22 02:52:58.701194,110.87,77.35,156.04,143.6,114.15115816065098
2025-10-22 02:52:59.701193,112.77,88.91,146.61,116.97,111.80808633773864
2025-10-22 02:53:00.701193,101.94,24.05,254.66,53.27,99.1607846154495
2025-10-22 02:53:01.701192,108.9,53.31,162.9,147.74,104.99824382969828
2025-10-22 02:53:02.701192,76.94,63.53,77.18,137.3,82.25371844655918
2025-10-22 02:53:03.701190,62.86,70.52,99.41,19.03,68.9217728675471
2025-10-22 02:53:04.701190,91.95,93.24,139.5,29.39,94.42095728999709
2025-10-22 02:53:05.701189,126.61,78.05,279.46,29.12,128.86329725639166
2025-10-22 02:53:06.701189,49.99,43.27,60.55,30.31,45.827354392867704
2025-10-22 02:53:07.701188,162.7,90.92,277.84,133.18,155.51578939471096
2025-10-22 02:53:08.701188,80.22,20.04,207.79,30.28,78.48078264402817
2025-10-22 02:53:09.701187,91.37,69.5,149.87,97.87,99.26934280499552
2025-10-22 02:53:10.701187,127.45,59.21,289.22,61.9,128.88265424036442
2025-10-22 02:53:11.701186,109.66,34.72,234.22,104.49,108.54173829060404
2025-10-22 02:53:12.701186,106.76,82.37,203.17,38.93,110.02775096940535
2025-10-22 02:53:13.701185,102.81,67.36,186.51,94.19,108.48800242024026
2025-10-22 02:53:14.701185,120.03,76.86,219.98,62.38,116.98852538327844
2025-10-22 02:53:15.701184,121.11,59.26,242.46,109.11,124.2296203300163
2025-10-22 02:53:16.701183,94.69,64.27,129.65,108.69,92.71906296933163
2025-10-22 02:53:17.701183,84.35,87.83,91.05,107.06,92.582521636858
2025-10-22 02:53:18.701182,146.74,98.71,296.75,37.9,146.1577336302911
2025-10-22 02:53:19.701182,101.3,77.75,171.48,59.67,102.30527022363532
2025-10-22 02:53:20.701181,58.88,36.19,94.93,32.72,53.10316416952212
2025-10-22 02:53:21.701181,122.19,89.98,138.79,135.22,113.6208494363668
2025-10-22 02:53:22.701180,64.1,41.92,113.27,40.6,63.05713223992753
2025-10-22 02:53:23.701180,134.61,95.08,220.19,148.23,143.24957407561322
2025-10-22 02:53:24.701179,69.97,25.57,127.84,43.22,59.7726706747597
2025-10-22 02:53:25.701179,131.17,65.73,291.3,61.01,132.59677526515605
2025-10-22 02:53:26.701178,45.77,25.28,114.1,18.57,50.591991185670175
2025-10-22 02:53:27.701178,83.09,29.95,155.5,138.21,89.17759130606396
2025-10-22 02:53:28.701177,142.87,83.65,275.85,109.86,146.6385333375632
2025-10-22 02:53:29.701177,119.47,64.56,228.86,51.15,111.26639674317998
2025-10-22 02:53:30.701176,134.62,95.8,268.11,17.02,131.93231050205685
2025-10-22 02:53:31.701176,82.73,49.3,194.78,23.78,87.92860881874998
2025-10-22 02:53:32.701175,98.83,74.8,219.3,11.0,105.53443297303684
2025-10-22 02:53:33.701174,112.78,35.34,248.69,53.39,103.04306013831709
2025-10-22 02:53:34.701174,85.55,64.44,83.66,120.66,81.349664099757
2025-10-22 02:53:35.701173,81.4,68.7,88.57,101.94,81.2374401293972
2025-10-22 02:53:36.701173,134.15,42.49,279.73,144.75,134.1301747453543
2025-10-22 02:53:37.701172,74.08,33.76,175.74,15.39,72.74952221680999
2025-10-22 02:53:38.701172,113.99,96.49,158.13,64.01,108.53783689868004
2025-10-22 02:53:39.701171,78.96,74.23,50.41,132.87,78.6784770238282
2025-10-22 02:53:40.701171,110.47,92.8,119.42,120.69,106.31663506003763
2025-10-22 02:53:41.701170,87.56,22.83,217.02,74.71,91.49041023813987
2025-10-22 02:53:42.701170,96.97,36.3,172.79,145.87,99.08245423946114
2025-10-22 02:53:43.701169,116.92,82.26,167.61,142.98,119.96747974683952
2025-10-22 02:53:44.701169,102.69,41.95,186.04,120.47,100.84683244621304
2025-10-22 02:53:45.701168,101.99,53.92,191.96,109.23,106.38735367558137
2025-10-22 02:53:46.701167,73.47,59.59,95.84,88.61,76.21099907102976
2025-10-22 02:53:47.701167,52.31,42.94,70.37,32.25,49.00199590651135
2025-10-22 02:53:48.701166,47.9,35.28,52.7,88.9,51.1159214518378
2025-10-22 02:53:49.701166,118.4,22.66,275.31,125.69,119.07869485544325
2025-10-22 02:53:50.701165,111.39,52.32,256.51,41.98,111.63048898544642
2025-10-22 02:53:51.701165,103.24,65.27,184.05,99.61,107.77910435636365
2025-10-22 02:53:52.701164,80.26,40.54,161.75,83.1,85.40191402737653
2025-10-22 02:53:53.701164,131.72,73.62,251.88,115.76,135.57775464213873
2025-10-22 02:53:54.701163,133.0,80.27,244.43,91.19,131.78092283743013
2025-10-22 02:53:55.701163,69.13,48.67,72.9,51.77,56.51472610979837
2025-10-22 02:53:56.701162,89.04,91.35,77.15,141.28,96.96920846973336
2025-10-22 02:53:57.701162,96.78,95.54,150.9,33.41,99.80172514182149
2025-10-22 02:53:58.701161,124.7,79.07,292.59,36.17,134.72600419786627
2025-10-22 02:53:59.701161,137.03,65.69,229.12,136.9,128.96345796850483
2025-10-22 02:54:00.701160,78.55,72.7,62.5,113.36,77.66928681265652
2025-10-22 02:54:01.701159,65.04,56.24,63.64,47.97,56.764644195425575
2025-10-22 02:54:02.701159,110.81,78.05,135.29,145.83,108.70307347992153
2025-10-22 02:54:03.701158,122.97,68.57,228.09,117.04,126.14647647321046
2025-10-22 02:54:04.701158,98.85,61.75,224.44,30.0,104.32336727486701
2025-10-22 02:54:05.701157,75.48,54.74,107.42,70.5,73.66405518786975
2025-10-22 02:54:06.701157,81.76,58.66,139.26,59.27,82.97231308562444
2025-10-22 02:54:07.701156,132.4,89.06,262.17,40.38,131.41537797133373
2025-10-22 02:54:08.701156,84.17,84.67,82.06,80.38,82.98968904417757
2025-10-22 02:54:09.701155,115.49,48.04,246.04,89.92,115.87102024270787
2025-10-22 02:54:10.701155,88.97,64.17,112.61,108.93,87.59063380451991
2025-10-22 02:54:11.701154,60.62,22.98,66.91,112.43,53.90983901188213
2025-10-22 02:54:12.701154,60.99,62.85,65.2,71.01,65.12631595514446
2025-10-22 02:54:13.701153,48.83,59.74,50.85,38.34,52.75487954028674
2025-10-22 02:54:14.701153,109.64,75.47,243.15,22.67,115.36547388638682
2025-10-22 02:54:15.701152,107.54,96.02,191.65,36.8,112.97494272589951
2025-10-22 02:54:16.701152,116.18,46.4,282.02,93.64,126.61316997043781
2025-10-22 02:54:17.701151,97.31,46.42,181.4,139.56,105.48608458833068
2025-10-22 02:54:18.701150,141.48,83.46,276.98,78.23,140.59312186012014
2025-10-22 02:54:19.701150,95.78,62.18,187.36,63.99,100.14361135273882
2025-10-22 02:54:20.701149,81.32,27.09,200.69,44.84,82.77126682592136
2025-10-22 02:54:21.701149,107.82,88.83,161.78,77.02,108.38678277085754
2025-10-22 02:54:22.701148,74.35,49.65,91.82,142.46,80.73248276618644
2025-10-22 02:54:23.701148,79.7,81.91,103.45,42.27,80.46322206298936
2025-10-22 02:54:24.701147,166.1,97.62,283.69,126.61,159.32460436859225
2025-10-22 02:54:25.701147,118.71,55.73,206.58,144.22,118.65031058325815
2025-10-22 02:54:26.701146,75.89,42.66,135.68,82.27,78.45607480984364
2025-10-22 02:54:27.701146,103.39,50.0,176.36,142.02,106.25209882531351
2025-10-22 02:54:28.701145,64.3,41.24,113.03,38.99,62.324194192545825
2025-10-22 02:54:29.701145,127.64,68.51,247.99,37.44,116.27298920158931
2025-10-22 02:54:30.701144,105.13,37.58,250.35,53.16,104.61854527762897
2025-10-22 02:54:31.701144,44.51,23.7,107.41,25.48,49.16233423594701
2025-10-22 02:54:32.701143,105.03,47.91,191.09,137.25,108.68793674787426
2025-10-22 02:54:33.701143,136.55,92.21,287.5,17.73,136.10855162201887
2025-10-22 02:54:34.701142,139.21,94.14,211.33,133.47,137.1781897467005
2025-10-22 02:54:35.701141,85.63,28.13,167.25,138.37,91.83260934967532
2025-10-22 02:54:36.701141,109.76,84.72,178.65,82.17,112.42748502853851
2025-10-22 02:54:37.701140,98.51,83.97,139.62,88.69,101.60724431715849
2025-10-22 02:54:38.701140,53.89,33.01,106.03,30.25,54.35849768707085
2025-10-22 02:54:39.701139,110.76,34.45,218.57,78.38,98.50615078569956
2025-10-22 02:54:40.701139,119.33,35.78,272.53,106.09,120.91544712596955
2025-10-22 02:54:41.701138,124.01,93.59,198.3,87.79,123.89869232050125
2025-10-22 02:54:42.701138,67.66,29.15,145.11,74.7,73.02125522535387
2025-10-22 02:54:43.701137,144.12,74.8,270.52,129.6,144.5284572948855
2025-10-22 02:54:44.701137,146.32,50.64,286.03,145.48,140.25229601689205
2025-10-22 02:54:45.701136,87.78,25.74,214.54,64.09,90.08979410596666
2025-10-22 02:54:46.701136,119.57,88.44,200.94,90.98,122.74799946620901
2025-10-22 02:54:47.701135,95.54,35.81,201.52,73.6,93.10760530000627
2025-10-22 02:54:48.701135,125.68,85.29,174.77,140.71,123.18747124195443
2025-10-22 02:54:49.701134,99.7,56.01,194.6,69.66,100.35906602339648
2025-10-22 02:54:50.701134,102.42,35.6,265.14,48.53,107.15536527200224
2025-10-22 02:54:51.701133,94.22,96.52,99.04,102.25,98.38175820972894
2025-10-22 02:54:52.701133,101.61,42.16,211.35,61.86,96.91027166650868
2025-10-22 02:54:53.701132,113.72,27.86,275.24,86.08,113.78478761719373
2025-10-22 02:54:54.701131,54.31,26.2,51.03,129.17,54.07443351282913
2025-10-22 02:54:55.701131,68.1,31.33,99.84,140.64,73.60800795798116
2025-10-22 02:54:56.701130,77.33,23.04,214.63,15.83,79.16727554560552
2025-10-22 02:54:57.701130,64.67,21.16,140.88,18.84,56.6383958946136
2025-10-22 02:54:58.701129,90.46,43.65,116.52,149.13,86.4843674743335
2025-10-22 02:54:59.701129,105.68,58.8,187.46,104.49,106.5350417383442
2025-10-22 02:55:00.701128,92.39,98.19,153.14,47.63,104.63066792049105
2025-10-22 02:55:01.701128,142.6,57.15,250.42,121.27,127.98568119492495
2025-10-22 02:55:02.701127,92.12,20.55,239.17,32.79,88.67528199236058
2025-10-22 02:55:03.701127,83.81,42.37,131.3,148.14,90.09263714726782
2025-10-22 02:55:04.701126,127.81,43.4,257.99,134.31,125.96979145747089
2025-10-22 02:55:05.701126,82.8,39.35,163.54,76.58,84.04778993425583
2025-10-22 02:55:06.701125,72.22,71.32,55.62,147.08,81.61428337751816
2025-10-22 02:55:07.701125,74.14,22.34,156.85,95.8,77.3384269126129
2025-10-22 02:55:08.701124,91.34,46.22,192.76,69.24,94.8189205253952
2025-10-22 02:55:09.701124,120.08,43.66,244.2,119.67,119.04019218628815
2025-10-22 02:55:10.701123,156.82,98.32,294.76,40.98,145.97627994285153
2025-10-22 02:55:11.701122,106.27,69.88,148.5,116.98,102.84788877512254
2025-10-22 02:55:12.701122,63.8,20.76,119.91,87.57,63.79792604369444
2025-10-22 02:55:13.701121,67.26,21.92,102.28,137.66,69.03661060512418
2025-10-22 02:55:14.701121,134.04,92.62,251.79,57.06,133.39286464003092
2025-10-22 02:55:15.701120,140.36,86.64,198.15,141.06,130.96650347388857
2025-10-22 02:55:16.701120,84.81,85.21,104.56,47.54,83.4979028073129
2025-10-22 02:55:17.701119,99.75,50.89,185.63,87.07,98.55870808837554
2025-10-22 02:55:18.701119,66.02,51.87,98.11,58.03,66.94610928834287
2025-10-22 02:55:19.701118,99.07,82.11,146.49,136.47,112.24428175647628
2025-10-22 02:55:20.701118,64.27,24.49,175.04,10.94,67.01131151651742
2025-10-22 02:55:21.701117,138.47,91.83,295.44,51.53,145.02852611617772
2025-10-22 02:55:22.701117,79.51,26.15,142.21,136.94,83.02390747423728
2025-10-22 02:55:23.701116,82.37,33.98,220.28,19.95,87.16533040307806
2025-10-22 02:55:24.701116,94.1,40.74,180.03,101.59,94.67824351380628
2025-10-22 02:55:25.701115,75.63,47.6,155.46,34.28,77.33683617778038
2025-10-22 02:55:26.701115,44.53,20.11,64.38,47.11,38.72133153219921
2025-10-22 02:55:27.701114,88.87,69.5,152.88,34.67,87.60638585084753
2025-10-22 02:55:28.701113,147.72,92.88,226.82,147.71,144.0388185725976
2025-10-22 02:55:29.701113,95.81,20.61,263.87,21.82,93.95415386845463
2025-10-22 02:55:30.701112,125.08,50.76,291.11,36.42,120.15207214410142
2025-10-22 02:55:31.701112,107.42,61.59,194.36,75.22,104.18719005179258
2025-10-22 02:55:32.701111,65.12,27.09,102.76,131.1,70.46571267397725
2025-10-22 02:55:33.701111,89.32,65.99,114.84,92.25,85.85586736242243
2025-10-22 02:55:34.701110,104.24,23.29,261.25,49.78,100.06855039347698
2025-10-22 02:55:35.701110,93.44,53.13,231.76,33.87,102.9778986583887
2025-10-22 02:55:36.701109,65.48,60.57,85.6,38.03,63.56262012239181
2025-10-22 02:55:37.701109,101.4,39.16,218.06,81.68,101.36789071080443
2025-10-22 02:55:38.701108,98.92,57.83,189.99,35.55,93.1003846308978
2025-10-22 02:55:39.701108,138.43,90.26,205.13,130.89,132.85677912446832
2025-10-22 02:55:40.701107,125.03,43.91,298.43,85.91,128.76541593391565
2025-10-22 02:55:41.701107,119.21,43.34,253.57,121.2,122.00293449818928
2025-10-22 02:55:42.701106,64.3,30.03,140.72,52.68,67.76228905329882
2025-10-22 02:55:43.701106,118.25,83.48,208.8,56.54,115.77938121012374
2025-10-22 02:55:44.701105,73.86,35.96,181.0,16.62,75.6782947262025
2025-10-22 02:55:45.701104,100.34,58.1,227.8,27.79,103.06662441117672
2025-10-22 02:55:46.701104,64.09,67.4,91.57,10.08,63.220848836969154
2025-10-22 02:55:47.701103,104.98,59.48,231.23,60.52,111.29854162671225
2025-10-22 02:55:48.701103,134.1,45.01,295.88,91.24,129.60918516009687
2025-10-22 02:55:49.701102,102.05,72.1,126.72,96.64,93.36276553758879
2025-10-22 02:55:50.701102,80.46,20.69,172.34,89.53,79.92495502241303
2025-10-22 02:55:51.701101,85.56,55.76,161.19,52.83,86.8363186021718
2025-10-22 02:55:52.701101,122.53,44.35,246.62,113.98,118.98220441160868
2025-10-22 02:55:53.701100,81.25,90.36,79.74,102.09,89.45890056923551
2025-10-22 02:55:54.701100,80.07,20.8,104.26,135.22,68.58608188023064
2025-10-22 02:55:55.701099,120.11,56.64,205.29,123.66,114.62927671690781
2025-10-22 02:55:56.701099,103.32,23.0,278.69,21.67,99.57954243646061
2025-10-22 02:55:57.701098,77.29,38.82,104.23,135.59,77.67554974083939
2025-10-22 02:55:58.701098,147.06,61.65,296.23,141.41,148.0254399557434
2025-10-22 02:55:59.701097,94.82,59.65,138.42,75.01,86.34561721052894
2025-10-22 02:56:00.701096,121.65,80.73,194.55,91.7,117.10752622541443
2025-10-22 02:56:01.701096,75.29,55.52,76.03,113.27,73.11734774338764
2025-10-22 02:56:02.701095,80.87,37.64,134.75,112.35,81.64409515822548
2025-10-22 02:56:03.701094,113.92,87.68,152.68,140.64,117.72528235176306
2025-10-22 02:56:04.701093,81.94,88.27,52.34,125.26,84.77730553426875
2025-10-22 02:56:05.701093,128.99,82.7,176.26,143.19,122.83175079636494
2025-10-22 02:56:06.701092,119.59,75.11,220.28,83.94,120.4899142012425
2025-10-22 02:56:07.701092,81.76,76.37,50.97,139.61,81.25907920275087
2025-10-22 02:56:08.701091,76.21,83.26,62.35,112.19,82.68022603186198
2025-10-22 02:56:09.701091,115.05,48.1,246.96,59.14,110.05667979056909
2025-10-22 02:56:10.701090,98.49,41.99,198.09,98.83,100.1883200191397
2025-10-22 02:56:11.701090,52.76,39.48,96.93,33.55,55.517598855148286
2025-10-22 02:56:12.701089,165.75,97.97,294.34,90.06,155.43507362524417
2025-10-22 02:56:13.701088,105.82,53.82,235.93,63.39,110.44849057663147
2025-10-22 02:56:14.701088,120.18,62.14,232.77,91.69,119.29272321989187
2025-10-22 02:56:15.701087,79.57,28.39,160.99,58.98,74.29154150319218
2025-10-22 02:56:16.701087,60.12,53.92,82.34,51.39,61.90829797640794
2025-10-22 02:56:17.701086,96.35,63.79,122.77,111.16,90.90018642963429
2025-10-22 02:56:18.701086,103.34,92.1,175.96,45.38,107.99802479268617
2025-10-22 02:56:19.701085,130.26,74.74,236.71,127.64,133.93770046752797
2025-10-22 02:56:20.701085,75.04,74.29,90.95,74.64,79.3239415302367
2025-10-22 02:56:21.701084,134.45,97.2,227.15,78.89,132.61558592348916
2025-10-22 02:56:22.701084,112.96,22.73,296.35,72.43,114.85143387269726
2025-10-22 02:56:23.701083,74.67,95.06,63.69,58.41,78.29798860884665
2025-10-22 02:56:24.701083,102.57,47.33,257.92,64.08,113.95050213387063
2025-10-22 02:56:25.701082,105.84,49.98,189.97,118.93,105.74446700673573
2025-10-22 02:56:26.701082,57.29,27.0,69.31,137.34,61.5989440992141
2025-10-22 02:56:27.701081,88.1,23.88,199.27,108.87,93.46994105910599
2025-10-22 02:56:28.701081,71.33,75.17,72.27,105.55,80.29224325877112
2025-10-22 02:56:29.701080,107.11,94.46,107.75,108.28,101.16942049533375
2025-10-22 02:56:30.701079,93.97,71.47,120.48,141.79,100.14896998127999
2025-10-22 02:56:31.701079,72.02,48.54,83.9,124.56,74.23428938017017
2025-10-22 02:56:32.701078,105.92,78.06,198.13,46.63,107.88430334698403
2025-10-22 02:56:33.701078,116.12,74.84,250.91,13.96,115.65222386824438
2025-10-22 02:56:34.701077,87.52,36.7,145.81,102.82,82.60524277256418
2025-10-22 02:56:35.701077,101.54,57.68,151.16,132.3,100.58464462641615
2025-10-22 02:56:36.701076,111.7,94.91,175.57,59.41,112.07814277051
2025-10-22 02:56:37.701076,149.78,93.19,237.25,138.08,145.41659341912498
2025-10-22 02:56:38.701075,90.65,34.71,227.17,14.28,88.47604520938484
2025-10-22 02:56:39.701075,106.41,28.76,258.29,77.05,107.34075605069607
2025-10-22 02:56:40.701074,116.72,82.19,252.55,28.68,122.7539941990792
2025-10-22 02:56:41.701074,141.0,86.47,247.7,61.61,129.98724561623092
2025-10-22 02:56:42.701073,126.64,54.88,256.75,131.69,130.82523339197198
2025-10-22 02:56:43.701073,81.06,23.43,142.96,144.63,83.41656931801597
2025-10-22 02:56:44.701072,120.33,50.28,294.52,39.54,121.55795897831482
2025-10-22 02:56:45.701072,81.07,61.83,139.07,53.61,83.37718774125334
2025-10-22 02:56:46.701071,81.86,92.17,66.49,81.16,82.21715167098088
2025-10-22 02:56:47.701071,114.34,68.06,180.46,136.67,115.46648742643535
2025-10-22 02:56:48.701070,72.68,39.62,169.61,13.78,73.52013100920067
2025-10-22 02:56:49.701069,91.24,91.93,107.26,49.39,88.04359913271406
2025-10-22 02:56:50.701069,85.9,62.09,135.87,80.99,87.98975933918345
2025-10-22 02:56:51.701068,112.71,98.76,97.04,140.53,106.51461814182174
2025-10-22 02:56:52.701068,91.97,39.47,211.76,22.21,87.80127720588098
2025-10-22 02:56:53.701067,92.36,23.01,203.17,101.29,92.7000247439978
2025-10-22 02:56:54.701067,106.31,81.67,227.12,10.07,111.14263003094176
2025-10-22 02:56:55.701066,80.85,42.09,136.14,73.01,76.4674675217822
2025-10-22 02:56:56.701066,79.97,51.38,184.87,20.14,85.26526588209566
2025-10-22 02:56:57.701065,102.94,81.06,183.85,42.67,104.30347449659533
2025-10-22 02:56:58.701065,81.03,20.84,186.63,74.54,81.31785449269117
2025-10-22 02:56:59.701064,50.33,33.8,72.12,49.51,48.38333574596783
2025-10-22 02:57:00.701064,88.13,75.92,114.03,105.6,93.24030015034803
2025-10-22 02:57:01.701063,40.61,22.23,69.98,46.9,41.42594908356954
2025-10-22 02:57:02.701062,84.6,93.02,88.5,103.43,93.692820109878
2025-10-22 02:57:03.701062,59.6,67.07,67.11,23.36,58.33833632244721
2025-10-22 02:57:04.701061,73.08,39.29,97.61,126.25,74.06204570154503
2025-10-22 02:57:05.701061,89.34,59.36,147.88,55.17,85.10065441139298
2025-10-22 02:57:06.701060,84.55,48.8,111.49,147.63,87.25217277275229
2025-10-22 02:57:07.701060,125.58,22.61,286.76,149.35,127.20332240900159
2025-10-22 02:57:08.701059,72.95,42.29,138.3,63.62,75.35004876313576
2025-10-22 02:57:09.701059,150.93,86.34,294.92,113.67,154.48019694060986
2025-10-22 02:57:10.701058,118.97,24.93,299.0,81.24,118.50246828423045
2025-10-22 02:57:11.701058,103.51,81.34,169.32,37.16,98.9769433036692
2025-10-22 02:57:12.701057,50.04,32.24,81.71,21.97,45.01014755851497
2025-10-22 02:57:13.701057,141.93,83.56,249.17,126.76,141.9282870825114
2025-10-22 02:57:14.701056,73.8,56.49,102.84,38.11,66.7213932164354
2025-10-22 02:57:15.701056,95.07,77.08,115.79,91.57,91.56059894177875
2025-10-22 02:57:16.701055,81.26,80.25,85.29,105.49,86.74126914141807
2025-10-22 02:57:17.701055,64.03,48.98,123.69,37.52,69.1150683595913
2025-10-22 02:57:18.701054,113.92,90.42,188.07,32.69,108.27600517670827
2025-10-22 02:57:19.701053,83.61,87.67,102.66,61.53,86.94052922091288
2025-10-22 02:57:20.701053,100.47,23.47,217.35,119.87,100.8910809667145
2025-10-22 02:57:21.701052,115.89,36.37,282.54,65.11,116.07260212917649
2025-10-22 02:57:22.701052,117.04,87.99,141.39,119.67,110.31395641001637
2025-10-22 02:57:23.701051,108.68,98.44,139.32,91.23,109.26909459947481
2025-10-22 02:57:24.701051,40.98,32.46,52.63,49.64,41.87498137708379
2025-10-22 02:57:25.701050,91.46,62.34,181.39,50.27,95.69934683585912
2025-10-22 02:57:26.701050,51.47,43.8,91.68,54.8,60.327777411194425
2025-10-22 02:57:27.701049,54.25,56.97,66.83,19.44,52.416185626432615
2025-10-22 02:57:28.701049,68.68,21.92,139.79,65.96,66.06177386518051
2025-10-22 02:57:29.701048,119.08,47.11,298.16,39.32,121.02159145411943
2025-10-22 02:57:30.701048,115.3,80.27,206.76,77.96,117.8177875983717
2025-10-22 02:57:31.701047,131.55,71.26,288.23,46.97,131.65071207948804
2025-10-22 02:57:32.701047,159.71,96.34,285.39,115.74,157.03325665684505
2025-10-22 02:57:33.701046,99.4,97.61,77.31,126.65,97.24308528628163
2025-10-22 02:57:34.701046,116.82,56.74,175.52,146.71,110.30767220623721
2025-10-22 02:57:35.701045,134.53,64.65,297.45,32.58,128.2521505942771
2025-10-22 02:57:36.701044,114.65,64.97,234.25,50.62,112.98778812576808
2025-10-22 02:57:37.701044,37.6,21.73,72.38,66.48,45.79134864584967
2025-10-22 02:57:38.701043,119.67,93.01,158.33,131.85,120.34631200132424
2025-10-22 02:57:39.701043,107.19,49.92,188.53,108.22,103.15135411575781
2025-10-22 02:57:40.701042,118.76,74.25,244.07,31.17,116.72160029259427
2025-10-22 02:57:41.701042,125.0,79.81,176.8,86.09,110.19145560243598
2025-10-22 02:57:42.701041,120.3,53.44,276.08,28.46,115.3898879238286
2025-10-22 02:57:43.701041,89.4,73.36,94.96,91.51,83.41938343273138
2025-10-22 02:57:44.701040,148.92,95.71,267.85,95.24,147.36445834897575
2025-10-22 02:57:45.701040,92.05,97.02,55.64,149.91,95.05436246084714
2025-10-22 02:57:46.701039,47.99,33.63,60.29,66.5,48.118187176419745
2025-10-22 02:57:47.701039,115.18,67.76,228.21,77.34,117.88185479166333
2025-10-22 02:57:48.701038,113.02,86.12,228.78,20.02,115.84941785957847
2025-10-22 02:57:49.701038,76.54,71.67,102.85,48.46,76.38524437216711
2025-10-22 02:57:50.701037,63.46,37.03,104.58,89.88,67.79411177771021
2025-10-22 02:57:51.701036,90.48,66.51,162.14,34.6,88.88063944372429
2025-10-22 02:57:52.701036,123.26,95.6,188.83,95.79,123.64747574822809
2025-10-22 02:57:53.701035,69.21,47.36,194.93,11.75,84.60974807444022
2025-10-22 02:57:54.701035,100.39,79.78,170.52,21.75,95.4920912202471
2025-10-22 02:57:55.701034,94.81,56.27,135.44,121.97,93.09518938427502
2025-10-22 02:57:56.701034,76.6,85.05,73.48,32.51,71.07911638038091
2025-10-22 02:57:57.701033,71.86,79.34,56.41,93.27,75.16749767993011
2025-10-22 02:57:58.701033,61.9,55.33,57.27,54.69,55.729021107920715
2025-10-22 02:57:59.701032,131.22,72.74,257.5,42.93,122.34412865383183
2025-10-22 02:58:00.701032,70.07,68.65,53.46,100.47,70.35806301249418
2025-10-22 02:58:01.701031,123.58,50.58,263.69,114.49,127.33888176426898
2025-10-22 02:58:02.701031,122.46,47.02,213.8,148.58,117.32713010179147
2025-10-22 02:58:03.701030,96.4,42.09,182.18,45.92,84.93016766233565
2025-10-22 02:58:04.701030,109.06,61.16,172.82,99.38,102.29668799797216
2025-10-22 02:58:05.701029,113.35,92.59,187.94,78.08,118.35030161865683
2025-10-22 02:58:06.701029,126.19,53.05,294.28,79.55,130.82975245310712
2025-10-22 02:58:07.701028,68.63,32.77,120.52,88.37,70.15546239260681
2025-10-22 02:58:08.701027,90.2,20.69,209.24,69.32,87.00631598316033
2025-10-22 02:58:09.701027,62.11,49.18,103.65,71.72,69.98795902412418
2025-10-22 02:58:10.701026,117.63,54.08,266.51,34.45,114.02273085710935
2025-10-22 02:58:11.701026,126.76,53.34,219.45,130.46,118.58854267027863
2025-10-22 02:58:12.701025,71.72,73.77,65.37,68.2,70.08767424283232
2025-10-22 02:58:13.701025,70.07,54.49,93.84,53.46,66.06492469555036
2025-10-22 02:58:14.701024,111.85,39.2,227.53,102.06,108.28967101119197
2025-10-22 02:58:15.701024,142.42,79.18,266.61,91.89,138.04654851273293
2025-10-22 02:58:16.701023,64.23,88.0,55.18,28.99,66.35142753931694
2025-10-22 02:58:17.701023,148.64,97.33,240.49,131.02,147.06068897812816
2025-10-22 02:58:18.701022,93.23,26.62,198.38,74.36,87.71154650018119
2025-10-22 02:58:19.701022,130.92,61.37,231.9,144.5,129.14757444866274
2025-10-22 02:58:20.701021,129.87,87.79,251.97,40.57,127.74868693744422
2025-10-22 02:58:21.701021,75.05,55.16,137.08,20.45,72.84356931431799
2025-10-22 02:58:22.701020,47.01,57.97,50.53,28.4,49.79540490320944
2025-10-22 02:58:23.701020,106.42,36.91,215.56,105.83,104.29162056538844
2025-10-22 02:58:24.701019,124.53,73.98,241.74,104.5,130.4684260111219
2025-10-22 02:58:25.701019,102.71,68.69,153.29,121.9,104.67128992306013
2025-10-22 02:58:26.701018,63.71,49.73,100.83,66.08,68.29347065864741
2025-10-22 02:58:27.701017,138.8,56.1,254.23,135.07,131.35033454344628
2025-10-22 02:58:28.701017,78.9,94.6,90.96,23.38,79.30479437106106
2025-10-22 02:58:29.701016,60.68,26.31,72.94,147.31,64.32808310748683
2025-10-22 02:58:30.701016,72.95,44.71,141.76,44.74,73.84828567851511
2025-10-22 02:58:31.701015,87.34,55.62,140.84,107.72,91.5602460526098
2025-10-22 02:58:32.701015,79.83,50.07,94.74,101.47,73.66965222638945
2025-10-22 02:58:33.701014,64.98,52.23,120.41,16.41,65.55794987293835
2025-10-22 02:58:34.701014,123.05,42.3,242.75,127.92,119.5635282296301
2025-10-22 02:58:35.701013,113.1,60.03,194.78,113.19,111.08325534054214
2025-10-22 02:58:36.701013,118.31,87.59,182.64,63.75,111.40201126290992
2025-10-22 02:58:37.701012,55.0,51.47,59.59,51.42,53.843445613389726
2025-10-22 02:58:38.701012,81.41,45.12,174.09,18.17,78.49541216527294
2025-10-22 02:58:39.701011,107.08,35.67,261.4,68.7,110.07649698461995
2025-10-22 02:58:40.701011,58.13,21.9,59.95,84.11,45.64326121293373
2025-10-22 02:58:41.701010,74.16,51.94,75.56,111.97,70.92446897764694
2025-10-22 02:58:42.701010,112.04,61.03,184.52,139.58,113.74572878462817
2025-10-22 02:58:43.701009,107.35,20.51,282.78,35.02,102.21774496078385
2025-10-22 02:58:44.701008,122.16,50.64,289.57,81.17,128.52803360532272
2025-10-22 02:58:45.701008,75.14,77.95,78.46,57.27,73.94532051848932
2025-10-22 02:58:46.701007,114.1,86.6,228.29,24.51,116.83532662377024
2025-10-22 02:58:47.701007,133.72,91.12,244.56,75.12,134.0582035125516
2025-10-22 02:58:48.701006,87.27,70.76,134.95,57.89,87.46132835200899
2025-10-22 02:58:49.701006,132.45,89.54,268.99,31.57,131.95538328181865
2025-10-22 02:58:50.701005,53.74,23.36,70.26,102.76,53.18486914224718
2025-10-22 02:58:51.701005,121.71,91.72,221.86,24.18,117.39962601925572
2025-10-22 02:58:52.701004,120.79,85.78,239.31,34.68,121.76223559502402
2025-10-22 02:58:53.701004,89.22,24.05,185.86,96.22,87.00532804984387
2025-10-22 02:58:54.701003,53.93,57.08,57.52,83.65,62.43988638790293
2025-10-22 02:58:55.701003,54.48,35.42,80.23,100.41,61.75674454856341
2025-10-22 02:58:56.701002,79.76,24.82,177.4,75.76,80.77714284205527
2025-10-22 02:58:57.701002,132.38,62.5,240.74,135.56,130.59493330170244
2025-10-22 02:58:58.701001,75.31,71.46,125.82,37.39,80.98857710246949
2025-10-22 02:58:59.701000,124.45,68.72,289.29,36.43,128.60141945480044
2025-10-22 02:59:00.701000,68.95,39.13,126.52,84.49,74.37407421802607
2025-10-22 02:59:01.700999,152.7,97.03,281.87,109.99,155.1764305014254
2025-10-22 02:59:02.700999,65.62,32.51,126.38,34.24,61.02337501433223
2025-10-22 02:59:03.700998,85.6,90.64,124.43,24.12,87.53732513128416
2025-10-22 02:59:04.700998,110.08,79.2,152.48,112.93,107.90747400449474
2025-10-22 02:59:05.700997,134.11,96.34,241.71,59.71,132.75061667020748
2025-10-22 02:59:06.700997,71.86,55.92,141.36,22.86,74.99100473347428
2025-10-22 02:59:07.700996,106.58,75.38,130.81,109.79,98.8509691873029
2025-10-22 02:59:08.700996,70.54,64.52,74.29,42.92,63.11101033161733
2025-10-22 02:59:09.700995,56.03,52.16,50.02,125.02,65.94677994398056
2025-10-22 02:59:10.700995,94.88,97.7,124.22,23.41,90.86879771375798
2025-10-22 02:59:11.700994,112.3,45.39,220.37,105.5,109.91998436603282
2025-10-22 02:59:12.700993,62.43,25.61,57.99,143.33,58.68866174283997
2025-10-22 02:59:13.700993,133.17,51.54,271.02,132.34,133.57452030906518
2025-10-22 02:59:14.700992,87.37,22.46,217.03,56.58,87.70263962770633
2025-10-22 02:59:15.700992,102.51,36.27,250.07,24.98,98.27413618030448
2025-10-22 02:59:16.700991,99.33,32.5,186.02,128.74,97.75263251321903
2025-10-22 02:59:17.700991,112.23,98.83,220.75,15.33,118.86661293684642
2025-10-22 02:59:18.700990,86.32,54.37,175.11,51.97,90.15663971847128
2025-10-22 02:59:19.700990,103.79,38.4,218.53,80.55,100.9039294386094
2025-10-22 02:59:20.700989,136.76,97.58,198.65,126.35,133.6706244053249
2025-10-22 02:59:21.700989,129.17,65.41,260.04,127.49,136.25341980620016
2025-10-22 02:59:22.700988,61.31,44.66,155.44,18.79,72.7779250273178
2025-10-22 02:59:23.700988,104.42,38.43,256.74,23.26,101.02038029432525
2025-10-22 02:59:24.700987,72.87,65.77,115.47,69.29,81.36920164829336
2025-10-22 02:59:25.700987,84.91,21.44,219.56,57.74,88.1835719181984
2025-10-22 02:59:26.700986,112.69,92.13,180.77,89.35,118.20423848315349
2025-10-22 02:59:27.700986,137.26,86.79,251.67,74.77,133.95888942380193
2025-10-22 02:59:28.700985,98.5,76.13,148.36,144.34,111.37696724279472
2025-10-22 02:59:29.700984,109.9,79.42,122.14,142.18,104.70747816845696
2025-10-22 02:59:30.700984,93.84,35.86,179.57,109.33,93.63506190998056
2025-10-22 02:59:31.700983,99.43,90.39,73.96,117.4,90.77981681608212
2025-10-22 02:59:32.700983,68.52,59.37,108.87,46.13,71.57267659770037
2025-10-22 02:59:33.700982,149.25,87.86,290.24,118.14,154.7225280987707
2025-10-22 02:59:34.700982,57.7,51.32,109.61,36.29,65.80676757027987
2025-10-22 02:59:35.700981,120.6,94.52,208.16,18.5,113.55105816969206
2025-10-22 02:59:36.700981,95.57,51.9,149.87,147.02,100.22912975356172
2025-10-22 02:59:37.700980,110.95,56.18,177.04,135.62,108.27902070917516
2025-10-22 02:59:38.700980,98.29,82.38,150.19,16.91,89.71593055859694
2025-10-22 02:59:39.700979,122.27,43.04,253.91,91.36,116.02075278310477
2025-10-22 02:59:40.700979,103.96,81.02,117.31,140.94,103.80921665533477
2025-10-22 02:59:41.700978,69.27,78.65,51.62,36.73,62.13698647239604
2025-10-22 02:59:42.700978,108.38,29.28,249.91,50.76,99.85203093893232
2025-10-22 02:59:43.700977,119.71,29.23,283.24,105.93,120.82505438589929
2025-10-22 02:59:44.700977,137.34,92.92,251.25,72.2,136.3915249202156
2025-10-22 02:59:45.700976,86.9,61.61,131.7,118.21,93.89677625728892
2025-10-22 02:59:46.700976,114.35,87.18,185.01,41.49,107.48283296681076
2025-10-22 02:59:47.700975,93.25,68.4,117.42,111.1,91.58765015515134
2025-10-22 02:59:48.700974,72.21,52.31,67.6,141.17,74.52213928516052
2025-10-22 02:59:49.700974,82.84,60.03,121.57,58.55,78.19365040022446
2025-10-22 02:59:50.700973,106.44,46.24,236.26,25.57,99.23031158034688
2025-10-22 02:59:51.700973,97.98,55.14,174.05,82.71,96.33659664838521
2025-10-22 02:59:52.700972,136.22,78.87,262.94,84.3,135.27785426035575
2025-10-22 02:59:53.700972,77.61,52.45,117.35,73.95,76.19045599237144
2025-10-22 02:59:54.700971,68.9,27.61,105.92,84.79,62.46718657550471
2025-10-22 02:59:55.700971,113.98,96.33,123.86,148.46,114.94278149497387
2025-10-22 02:59:56.700970,138.98,94.88,266.09,39.78,135.39011120036812
2025-10-22 02:59:57.700970,59.36,27.01,96.79,96.91,61.83042627697661
2025-10-22 02:59:58.700969,128.19,91.77,210.82,87.83,126.76148223527436
2025-10-22 02:59:59.700969,54.39,40.13,74.81,43.53,51.173566436444446
2025-10-22 03:00:00.700968,74.4,53.46,147.61,65.14,84.04726082288028
2025-10-22 03:00:01.700968,125.93,66.05,272.99,53.33,125.72161190828149
2025-10-22 03:00:02.700967,115.54,92.2,132.66,133.01,112.44912546299327
2025-10-22 03:00:03.700967,117.22,30.57,255.41,100.31,112.00653937007509
2025-10-22 03:00:04.700966,67.17,36.14,155.16,33.08,71.26846389921315
2025-10-22 03:00:05.700966,99.62,91.94,128.3,59.58,96.40444859329347
2025-10-22 03:00:06.700965,97.7,91.09,105.93,103.05,97.89405009181425
2025-10-22 03:00:07.700964,81.32,93.93,67.74,97.38,86.70027579759294
2025-10-22 03:00:08.700964,118.58,52.0,243.5,130.85,125.22985704173239
2025-10-22 03:00:09.700963,103.34,70.29,172.99,79.85,103.03649592192038
2025-10-22 03:00:10.700963,90.97,23.5,238.51,56.7,94.70910638713147
2025-10-22 03:00:11.700962,55.16,20.44,51.84,122.48,50.10291076059341
2025-10-22 03:00:12.700962,123.8,56.05,244.56,100.48,121.53746974112174
2025-10-22 03:00:13.700961,58.69,60.05,86.75,38.43,63.72768680621384
2025-10-22 03:00:14.700961,86.92,37.9,218.85,17.36,88.18332552862405
2025-10-22 03:00:15.700960,64.46,48.38,128.2,15.6,65.81211547537512
2025-10-22 03:00:16.700960,109.45,61.36,225.3,85.07,115.33840306067587
2025-10-22 03:00:17.700959,116.8,84.06,190.05,45.61,108.25574931580897
2025-10-22 03:00:18.700959,102.81,57.47,157.29,107.66,97.4234322151524
2025-10-22 03:00:19.700958,93.71,65.29,121.61,128.55,94.76078008947344
2025-10-22 03:00:20.700958,65.14,74.52,76.45,31.55,66.50794289358265
2025-10-22 03:00:21.700957,62.13,41.05,66.08,80.82,56.42389613605321
2025-10-22 03:00:22.700957,123.25,32.77,294.65,116.74,128.18016876611148
2025-10-22 03:00:23.700956,74.05,54.64,55.91,139.75,71.8900194337682
2025-10-22 03:00:24.700955,107.0,29.01,276.07,27.55,102.97069414734379
2025-10-22 03:00:25.700955,37.52,23.9,62.84,23.84,35.528542713050506
2025-10-22 03:00:26.700954,88.75,86.85,120.18,83.5,96.16944675694532
2025-10-22 03:00:27.700954,128.01,80.19,252.34,109.41,137.74376092453386
2025-10-22 03:00:28.700953,140.45,69.16,296.67,60.21,135.77095488233869
2025-10-22 03:00:29.700953,71.15,34.19,115.96,91.62,70.14119123708022
2025-10-22 03:00:30.700952,100.57,69.88,112.77,135.02,95.68695114577618
2025-10-22 03:00:31.700952,87.81,49.95,191.59,79.74,98.42315230751495
2025-10-22 03:00:32.700951,100.96,53.4,166.43,78.42,92.31972009885354
2025-10-22 03:00:33.700951,117.78,84.5,199.33,103.43,122.7663130405973
2025-10-22 03:00:34.700950,101.26,54.95,203.28,54.94,99.51202477453349
2025-10-22 03:00:35.700950,104.01,42.48,251.41,67.48,110.23926205519376
2025-10-22 03:00:36.700949,81.8,48.0,93.95,142.59,80.57272953511294
2025-10-22 03:00:37.700949,104.69,37.45,196.49,145.43,106.70047974508876
2025-10-22 03:00:38.700948,116.74,33.33,256.87,122.32,118.20510884928473
2025-10-22 03:00:39.700947,69.03,66.15,106.95,41.42,73.45403397061202
2025-10-22 03:00:40.700947,82.54,82.7,72.58,71.72,77.42903368788778
2025-10-22 03:00:41.700946,74.39,96.51,72.71,14.28,72.96160406385961
2025-10-22 03:00:42.700946,74.25,60.65,105.44,39.72,69.90716027675185
2025-10-22 03:00:43.700945,82.89,60.77,70.72,146.47,80.75171618431531
2025-10-22 03:00:44.700945,73.57,42.22,143.44,46.4,73.4367333464681
2025-10-22 03:00:45.700944,95.16,41.79,247.06,22.93,99.72553885707664
2025-10-22 03:00:46.700944,130.79,62.99,285.89,76.94,132.7650029651922
2025-10-22 03:00:47.700943,109.32,76.63,158.94,125.95,111.1529415341115
2025-10-22 03:00:48.700943,87.76,60.67,156.77,94.4,96.23266406037442
2025-10-22 03:00:49.700942,131.44,71.25,242.89,110.27,130.5945838504097
2025-10-22 03:00:50.700942,115.06,42.56,293.6,68.27,123.12828184295415
2025-10-22 03:00:51.700941,82.74,63.82,125.14,63.08,82.06660637713883
2025-10-22 03:00:52.700941,81.4,92.91,59.52,127.78,89.76222245012087
2025-10-22 03:00:53.700940,90.58,52.92,143.86,109.35,91.44066072393105
2025-10-22 03:00:54.700940,123.29,81.55,200.41,141.06,129.09715820700848
2025-10-22 03:00:55.700939,86.1,20.23,201.5,82.97,87.16208733556259
2025-10-22 03:00:56.700938,42.35,37.34,90.92,33.63,52.65377329214915
2025-10-22 03:00:57.700938,48.34,38.76,60.29,93.96,56.14834125736447
2025-10-22 03:00:58.700937,142.63,90.11,296.17,24.18,138.9476722324118
2025-10-22 03:00:59.700937,72.24,84.18,55.47,104.16,79.47439639392014
2025-10-22 03:01:00.700936,106.62,74.13,168.2,64.52,100.47007415117207
2025-10-22 03:01:01.700936,49.2,22.58,65.05,120.88,54.830404358939354
2025-10-22 03:01:02.700935,66.29,64.7,50.32,115.0,70.32474952865881
2025-10-22 03:01:03.700935,124.57,80.64,270.21,50.07,131.54407998916847
2025-10-22 03:01:04.700934,96.66,27.45,259.35,36.73,98.98519902062893
2025-10-22 03:01:05.700934,71.42,46.86,100.12,127.95,78.94645830094366
2025-10-22 03:01:06.700933,62.63,45.41,106.58,16.67,58.03358865027791
2025-10-22 03:01:07.700933,92.62,92.75,102.23,91.95,95.40493535915799
2025-10-22 03:01:08.700932,157.02,75.41,293.09,106.37,147.0039060844557
2025-10-22 03:01:09.700932,107.87,53.99,220.38,49.55,103.10345732466892
2025-10-22 03:01:10.700931,61.53,32.74,53.51,134.23,59.10216471882952
2025-10-22 03:01:11.700931,105.27,54.36,164.35,119.9,100.42383161998366
2025-10-22 03:01:12.700930,70.7,51.87,112.45,15.74,62.84983577406463
2025-10-22 03:01:13.700929,95.63,25.09,255.76,38.87,97.1488578853257
2025-10-22 03:01:14.700929,66.97,51.12,101.04,19.12,59.713963796836524
2025-10-22 03:01:15.700928,103.96,90.84,131.3,106.53,106.09285814478174
2025-10-22 03:01:16.700928,90.9,42.0,124.62,145.3,87.3330289624621
2025-10-22 03:01:17.700927,83.98,74.73,156.94,13.0,87.13760254869761
2025-10-22 03:01:18.700927,127.16,98.96,159.64,143.81,126.09877620902289
2025-10-22 03:01:19.700926,121.57,86.47,199.95,88.44,120.95842743126235
2025-10-22 03:01:20.700926,77.56,88.01,77.33,65.29,80.23863134688555
2025-10-22 03:01:21.700925,132.44,65.62,272.38,105.64,135.72552535614756
2025-10-22 03:01:22.700925,58.12,22.0,137.81,62.49,64.81613346044148
2025-10-22 03:01:23.700924,83.77,40.39,199.74,15.04,83.22022831995058
2025-10-22 03:01:24.700924,84.02,59.14,138.87,80.53,87.32331697356372
2025-10-22 03:01:25.700923,104.2,81.54,169.86,62.28,104.23511324921157
2025-10-22 03:01:26.700923,132.1,28.69,298.05,112.7,126.35617509462257
2025-10-22 03:01:27.700922,120.49,62.27,242.47,108.42,125.60290060499364
2025-10-22 03:01:28.700921,133.83,68.26,286.1,65.42,133.17658062384152
2025-10-22 03:01:29.700921,98.1,53.72,125.91,134.59,91.46091895330905
2025-10-22 03:01:30.700920,85.74,82.45,75.13,117.95,87.26459012918818
2025-10-22 03:01:31.700920,86.44,20.19,251.75,37.05,93.12655161222384
2025-10-22 03:01:32.700919,79.02,43.49,105.48,113.46,75.98950286279629
2025-10-22 03:01:33.700919,134.06,80.2,252.18,83.48,132.54399573132093
2025-10-22 03:01:34.700918,72.92,44.4,113.69,107.47,77.72381922451223
2025-10-22 03:01:35.700918,136.63,45.75,295.46,113.41,134.26234909082635
2025-10-22 03:01:36.700917,80.06,21.14,207.98,20.1,77.06437591836364
2025-10-22 03:01:37.700917,96.73,50.85,179.93,76.01,94.62448935746971
2025-10-22 03:01:38.700916,120.22,89.24,170.9,85.11,112.94449524381433
2025-10-22 03:01:39.700916,111.03,94.21,156.29,102.12,114.42128116260432
2025-10-22 03:01:40.700915,126.84,40.19,258.41,114.5,120.54891154017581
2025-10-22 03:01:41.700915,88.58,53.6,124.72,138.24,91.76870410386016
2025-10-22 03:01:42.700914,50.09,26.38,74.51,101.43,55.7113844689439
2025-10-22 03:01:43.700913,108.21,70.43,201.79,116.32,119.02310758517902
2025-10-22 03:01:44.700912,110.08,83.73,125.29,143.86,108.14774438626628
2025-10-22 03:01:45.700911,113.99,62.21,285.41,16.03,120.11692509061022
2025-10-22 03:01:46.700911,65.62,46.42,73.05,122.32,69.46310939990414
2025-10-22 03:01:47.700910,124.74,87.81,209.89,103.22,127.55901217310003
2025-10-22 03:01:48.700910,48.36,20.94,114.59,28.76,50.592267152057254
2025-10-22 03:01:49.700909,58.11,44.42,82.95,42.77,55.61970037663314
2025-10-22 03:01:50.700909,76.61,33.99,129.09,71.99,70.08709648743907
2025-10-22 03:01:51.700908,127.89,82.68,219.77,100.06,127.3335056076123
2025-10-22 03:01:52.700908,109.57,76.66,214.56,40.91,110.98819202637239
2025-10-22 03:01:53.700907,106.29,55.13,210.7,79.12,106.6429251995638
2025-10-22 03:01:54.700907,90.33,82.35,97.71,131.81,96.76346529305559
2025-10-22 03:01:55.700906,128.77,78.98,218.38,114.02,127.83848983231235
2025-10-22 03:01:56.700906,138.61,71.45,287.85,79.55,138.11066742388056
2025-10-22 03:01:57.700905,63.59,54.7,58.93,102.46,65.41278434563259
2025-10-22 03:01:58.700905,100.23,38.75,191.12,137.57,104.17301930667303
2025-10-22 03:01:59.700904,102.15,22.8,216.86,148.83,106.1673324703802
2025-10-22 03:02:00.700903,132.9,87.59,182.87,115.31,121.72482352984335
2025-10-22 03:02:01.700903,74.33,21.04,156.83,61.49,69.85818140630838
2025-10-22 03:02:02.700902,64.6,59.04,89.88,56.65,67.78680713859103
2025-10-22 03:02:03.700902,86.66,85.8,77.2,80.09,82.03593820911017
2025-10-22 03:02:04.700901,83.7,91.56,61.06,93.57,82.74611087294223
2025-10-22 03:02:05.700901,92.66,36.22,156.76,99.36,84.97080755181047
2025-10-22 03:02:06.700900,122.5,63.19,234.6,96.14,121.25406521965647
2025-10-22 03:02:07.700900,100.9,84.3,183.53,23.39,101.99572065398026
2025-10-22 03:02:08.700899,131.02,49.13,256.32,121.96,125.88113667598945
2025-10-22 03:02:09.700899,128.85,95.01,183.58,94.07,121.43059856695493
2025-10-22 03:02:10.700898,90.76,89.2,138.68,16.18,89.52389362427495
2025-10-22 03:02:11.700898,114.0,71.89,250.77,16.61,114.65966669794668
2025-10-22 03:02:12.700897,116.65,43.82,251.65,121.38,121.70154201800298
2025-10-22 03:02:13.700897,84.8,43.58,213.48,12.9,88.52563996640448
2025-10-22 03:02:14.700896,68.85,38.71,70.17,124.63,65.19473510140267
2025-10-22 03:02:15.700896,148.5,79.21,292.6,121.2,151.70885490728875
2025-10-22 03:02:16.700895,68.54,71.26,56.48,122.25,76.90505730619704
2025-10-22 03:02:17.700894,129.2,97.1,258.54,52.01,136.66286495557713
2025-10-22 03:02:18.700894,130.88,81.75,230.92,112.98,132.7913173022948
2025-10-22 03:02:19.700893,110.3,51.28,192.39,121.85,107.70423551903795
2025-10-22 03:02:20.700893,117.73,62.57,231.56,130.82,126.92577550448851
2025-10-22 03:02:21.700892,96.89,55.18,190.55,53.2,95.45167046658571
2025-10-22 03:02:22.700892,57.37,63.05,84.32,34.07,63.63209869682764
2025-10-22 03:02:23.700891,90.61,75.53,136.61,101.7,99.06204371946454
2025-10-22 03:02:24.700891,110.94,38.79,270.27,37.24,108.05102513240064
2025-10-22 03:02:25.700890,74.8,56.88,76.51,104.38,72.17493512687038
2025-10-22 03:02:26.700890,124.51,82.54,222.25,85.22,125.0582404579658
2025-10-22 03:02:27.700889,106.83,22.08,229.11,131.1,105.96592932451888
2025-10-22 03:02:28.700889,109.16,50.33,279.11,29.52,114.9546169499266
2025-10-22 03:02:29.700888,151.68,77.8,287.99,101.09,145.6166494863472
2025-10-22 03:02:30.700888,85.54,80.84,78.19,95.85,82.98380760095479
2025-10-22 03:02:31.700887,92.0,94.66,158.72,31.96,101.425097827349
2025-10-22 03:02:32.700887,104.55,71.69,195.87,23.36,99.38651241483876
2025-10-22 03:02:33.700886,64.61,37.3,115.18,49.27,63.04207038359539
2025-10-22 03:02:34.700886,103.81,90.94,164.63,70.47,108.9982989348605
2025-10-22 03:02:35.700885,111.8,55.24,296.56,11.52,119.08347342544509
2025-10-22 03:02:36.700884,68.46,62.29,67.7,110.54,73.45916050407756
2025-10-22 03:02:37.700884,109.05,84.31,165.97,97.32,111.42051907744188
2025-10-22 03:02:38.700883,89.0,46.95,161.01,57.22,83.24290916016439
2025-10-22 03:02:39.700883,88.5,79.06,120.39,68.14,89.27656501297875
2025-10-22 03:02:40.700882,124.72,43.54,239.33,117.77,117.1372216035172
2025-10-22 03:02:41.700882,92.99,25.8,224.62,66.56,93.64337301825616
2025-10-22 03:02:42.700881,84.84,71.28,105.62,83.48,83.98755896165622
2025-10-22 03:02:43.700881,77.21,29.58,129.38,106.6,74.8485003098317
2025-10-22 03:02:44.700880,110.01,41.52,200.76,132.18,107.38837663249112
2025-10-22 03:02:45.700880,116.0,93.47,208.51,44.47,118.29507440890332
2025-10-22 03:02:46.700879,112.0,89.58,180.17,89.11,116.69890450364437
2025-10-22 03:02:47.700879,129.1,95.79,246.61,16.86,125.42772483803235
2025-10-22 03:02:48.700878,64.8,59.19,53.37,83.58,62.234283858323174
2025-10-22 03:02:49.700878,144.23,59.23,296.55,95.41,137.7617842340419
2025-10-22 03:02:50.700877,106.85,82.01,181.43,70.78,109.64143480669746
2025-10-22 03:02:51.700877,71.67,71.28,61.97,82.94,70.7491163876599
2025-10-22 03:02:52.700876,100.67,22.23,214.46,113.3,98.09410652889675
2025-10-22 03:02:53.700876,101.89,38.63,156.11,143.63,94.78614118100978
2025-10-22 03:02:54.700875,76.26,50.61,112.09,99.79,78.82533195423343
2025-10-22 03:02:55.700874,83.99,53.28,130.67,81.83,82.18022289491323
2025-10-22 03:02:56.700874,132.17,79.31,293.54,51.15,138.11102669309224
2025-10-22 03:02:57.700873,134.86,68.2,298.68,51.36,134.13484092246406
2025-10-22 03:02:58.700873,74.97,20.43,138.97,85.81,69.01638884798469
2025-10-22 03:02:59.700872,120.1,96.9,177.93,85.72,119.01694987196309
2025-10-22 03:03:00.700872,113.8,96.7,191.5,63.06,118.49264920577394
2025-10-22 03:03:01.700871,79.98,51.66,163.42,26.99,80.31502456954674
2025-10-22 03:03:02.700871,88.24,93.33,59.23,118.46,88.0318828374289
2025-10-22 03:03:03.700870,144.83,81.16,241.94,121.9,137.58483188452306
2025-10-22 03:03:04.700870,101.94,61.31,173.13,102.94,103.17303744261582
2025-10-22 03:03:05.700869,158.64,92.51,292.95,65.72,147.44196580508213
2025-10-22 03:03:06.700869,39.54,32.01,70.47,43.29,45.753534116477226
2025-10-22 03:03:07.700868,73.47,73.62,89.99,43.06,72.41934994514622
2025-10-22 03:03:08.700868,163.19,91.5,283.07,143.14,159.3603122174807
2025-10-22 03:03:09.700867,113.91,43.65,225.45,108.11,111.09578537053382
2025-10-22 03:03:10.700867,61.24,38.26,97.02,75.22,63.220483675213195
2025-10-22 03:03:11.700866,55.6,56.13,111.96,27.16,67.10702614690067
2025-10-22 03:03:12.700866,50.28,38.61,67.74,17.36,43.08109938790891
2025-10-22 03:03:13.700865,110.15,84.41,165.04,113.25,114.35879726508917
2025-10-22 03:03:14.700864,103.24,46.35,236.25,46.38,103.42083266783962
2025-10-22 03:03:15.700864,77.64,21.85,186.89,79.24,82.83658354844769
2025-10-22 03:03:16.700863,92.2,51.44,156.52,134.78,99.56510034108338
2025-10-22 03:03:17.700863,32.38,22.68,55.01,35.46,34.87290925086107
2025-10-22 03:03:18.700862,96.07,73.84,183.71,30.89,98.30272195698845
2025-10-22 03:03:19.700862,131.76,80.0,223.91,121.63,131.52628528637976
2025-10-22 03:03:20.700861,121.52,57.5,271.33,37.95,117.88157932779558
2025-10-22 03:03:21.700861,105.89,44.4,242.4,106.33,116.21642170486467
2025-10-22 03:03:22.700860,135.94,38.84,296.33,112.88,130.95794974302692
2025-10-22 03:03:23.700860,128.63,70.07,248.69,76.19,124.97098442861133
2025-10-22 03:03:24.700859,50.3,30.12,69.34,63.95,48.57564494031892
2025-10-22 03:03:25.700859,139.22,76.26,221.96,108.46,126.44749122563746
2025-10-22 03:03:26.700858,148.58,90.84,280.5,86.2,146.9331123995035
2025-10-22 03:03:27.700858,133.7,55.07,293.0,72.91,130.1358847499017
2025-10-22 03:03:28.700857,130.41,82.61,221.28,128.86,133.48008672607398
2025-10-22 03:03:29.700856,112.7,95.63,104.47,142.51,107.57592327456918
2025-10-22 03:03:30.700856,105.75,96.59,125.6,142.36,114.38334044305722
2025-10-22 03:03:31.700855,128.31,64.62,211.33,145.42,124.7702317906969
2025-10-22 03:03:32.700855,125.39,69.37,237.85,107.38,127.56213735615336
2025-10-22 03:03:33.700854,77.45,84.41,94.72,55.13,81.6465195593266
2025-10-22 03:03:34.700854,117.53,78.99,245.29,49.53,123.11374262297956
2025-10-22 03:03:35.700853,139.89,50.48,291.37,134.2,139.5353458828575
2025-10-22 03:03:36.700853,71.35,61.26,54.63,86.16,64.163116368499
2025-10-22 03:03:37.700852,131.64,72.04,296.46,12.89,127.73974168791617
2025-10-22 03:03:38.700852,90.21,97.71,104.43,59.49,92.09560905802755
2025-10-22 03:03:39.700851,99.57,96.29,140.11,22.66,94.79360491325596
2025-10-22 03:03:40.700851,90.19,38.07,181.14,92.86,91.938835279135
2025-10-22 03:03:41.700850,100.3,82.06,74.36,143.24,91.86699733807319
2025-10-22 03:03:42.700850,100.37,27.26,228.6,113.42,104.8908123316785
2025-10-22 03:03:43.700849,149.88,89.86,256.81,132.6,148.5431986009291
2025-10-22 03:03:44.700849,152.18,84.73,264.42,144.5,150.62976570023753
2025-10-22 03:03:45.700848,97.91,69.91,145.86,134.31,105.51511149377095
2025-10-22 03:03:46.700848,132.41,53.13,288.57,108.12,134.83375454186992
2025-10-22 03:03:47.700847,107.55,41.1,219.48,130.16,112.40777850833851
2025-10-22 03:03:48.700846,103.83,25.09,206.26,132.48,100.87398400937664
2025-10-22 03:03:49.700846,96.57,51.25,149.15,135.27,97.35030085966568
2025-10-22 03:03:50.700845,147.53,95.4,285.84,99.26,153.42050962441044
2025-10-22 03:03:51.700845,123.38,63.61,294.48,19.42,124.22073696498902
2025-10-22 03:03:52.700844,69.9,62.13,65.82,125.32,75.75274092451836
2025-10-22 03:03:53.700844,125.66,65.45,211.21,125.51,121.19036217094391
2025-10-22 03:03:54.700843,105.07,46.59,207.37,114.32,108.36425338523412
2025-10-22 03:03:55.700843,103.63,24.35,284.06,56.16,108.73004450357973
2025-10-22 03:03:56.700842,112.49,71.09,237.11,44.79,115.75381562318736
2025-10-22 03:03:57.700842,107.6,29.99,252.91,80.44,107.01249185533827
2025-10-22 03:03:58.700841,68.62,91.28,51.46,28.62,66.80148802518427
2025-10-22 03:03:59.700841,116.06,82.74,186.43,110.57,119.4241173993919
2025-10-22 03:04:00.700840,123.32,86.62,197.85,123.21,127.3164494112732
2025-10-22 03:04:01.700840,92.26,85.72,170.18,35.99,101.19660280653214
2025-10-22 03:04:02.700839,111.88,50.96,216.77,101.52,110.83512629157255
2025-10-22 03:04:03.700839,116.87,93.49,195.77,77.02,120.94571394624599
2025-10-22 03:04:04.700838,119.59,98.79,143.37,126.76,117.72850135590765
2025-10-22 03:04:05.700838,37.66,27.67,69.02,25.28,39.56213653125559
2025-10-22 03:04:06.700837,67.6,26.1,133.61,37.97,60.72981934855105
2025-10-22 03:04:07.700837,76.89,21.71,206.28,41.99,81.19165894502513
2025-10-22 03:04:08.700836,126.84,77.55,198.04,131.12,124.40414498645514
2025-10-22 03:04:09.700835,99.31,64.78,163.81,104.66,102.44926331415435
2025-10-22 03:04:10.700835,91.09,45.35,147.67,120.8,91.07257950446377
2025-10-22 03:04:11.700834,126.32,40.17,295.13,47.36,118.23324276435605
2025-10-22 03:04:12.700834,92.44,29.93,240.94,12.91,89.95201463771568
2025-10-22 03:04:13.700833,66.06,36.68,108.98,95.72,70.1038442442292
2025-10-22 03:04:14.700833,99.79,39.66,277.66,27.67,108.80668446991334
2025-10-22 03:04:15.700832,60.45,25.9,111.41,65.99,59.52359207135067
2025-10-22 03:04:16.700832,77.58,65.97,82.17,113.24,80.19210060392582
2025-10-22 03:04:17.700831,83.07,97.64,93.05,47.44,86.24079484848882
2025-10-22 03:04:18.700831,137.78,54.46,276.52,130.12,136.24999304274374
2025-10-22 03:04:19.700830,84.44,73.19,110.55,73.07,84.35699806405168
2025-10-22 03:04:20.700830,123.06,35.73,247.23,132.67,118.56541384863736
2025-10-22 03:04:21.700829,80.87,79.11,104.66,18.42,74.68190814799763
2025-10-22 03:04:22.700829,108.45,37.39,253.46,67.23,108.25702638990974
2025-10-22 03:04:23.700828,136.03,79.93,265.14,58.87,131.41334113879765
2025-10-22 03:04:24.700828,83.53,62.23,116.55,111.22,88.25969000611501
2025-10-22 03:04:25.700827,97.72,67.96,148.0,53.52,89.11573821305024
2025-10-22 03:04:26.700827,90.46,74.26,98.91,118.29,90.38406971724211
2025-10-22 03:04:27.700826,114.86,31.86,282.14,64.38,113.54836623588493
2025-10-22 03:04:28.700825,112.49,96.66,121.08,130.23,110.64639887693599
2025-10-22 03:04:29.700825,132.69,84.03,280.86,37.13,133.8723329303042
2025-10-22 03:04:30.700824,93.21,37.19,164.35,125.26,92.89055468564149
2025-10-22 03:04:31.700824,99.22,28.85,213.95,105.69,99.74277959490809
2025-10-22 03:04:32.700823,40.59,30.6,61.38,54.12,44.46659715638267
2025-10-22 03:04:33.700823,99.89,98.76,108.46,78.95,97.70377345954641
2025-10-22 03:04:34.700822,77.78,61.55,75.66,143.91,82.1193404758339
2025-10-22 03:04:35.700822,88.23,42.94,105.37,149.33,82.81434383868867
2025-10-22 03:04:36.700821,134.77,79.77,280.59,56.56,135.52158556026967
2025-10-22 03:04:37.700821,80.46,26.9,203.28,18.16,78.1494567458986
2025-10-22 03:04:38.700820,134.0,64.29,247.72,138.71,134.2176133404401
2025-10-22 03:04:39.700820,102.06,37.12,274.37,24.78,105.97013728813715
2025-10-22 03:04:40.700819,83.52,50.04,156.01,64.59,84.7519917183283
2025-10-22 03:04:41.700819,66.73,21.45,65.6,149.04,60.030040013157425
2025-10-22 03:04:42.700818,84.4,30.71,164.94,82.58,81.3350033258969
2025-10-22 03:04:43.700818,87.76,59.18,180.07,23.43,88.38203065765411
2025-10-22 03:04:44.700817,66.72,56.87,102.79,43.47,67.96259762233811
2025-10-22 03:04:45.700817,119.14,40.15,231.93,130.99,115.84233606967608
2025-10-22 03:04:46.700816,125.11,63.11,256.11,68.69,122.22584550089405
2025-10-22 03:04:47.700815,112.84,82.29,202.1,38.5,109.5802878302664
2025-10-22 03:04:48.700815,124.74,95.41,221.14,56.16,125.39087612084217
2025-10-22 03:04:49.700814,98.94,53.27,210.72,48.23,99.57437711004371
2025-10-22 03:04:50.700814,121.37,59.48,191.71,142.28,115.66932792911115
2025-10-22 03:04:51.700813,56.89,62.94,102.4,27.97,67.80284796426585
2025-10-22 03:04:52.700813,88.23,22.05,246.3,49.37,94.86864012218152
2025-10-22 03:04:53.700812,125.03,51.64,272.75,106.95,129.0957792875192
2025-10-22 03:04:54.700812,117.67,90.39,191.16,69.85,116.58045901045524
2025-10-22 03:04:55.700811,125.45,61.44,241.77,88.13,120.94160851303664
2025-10-22 03:04:56.700811,88.32,67.98,167.49,11.06,86.54492751881013
2025-10-22 03:04:57.700810,57.54,70.11,65.77,21.53,59.0938170916202
2025-10-22 03:04:58.700810,137.51,73.03,271.19,119.45,141.825038144897
2025-10-22 03:04:59.700809,108.72,70.04,134.74,138.89,103.14584857676813
2025-10-22 03:05:00.700809,155.62,73.0,298.95,109.4,148.16232139090482
2025-10-22 03:05:01.700808,53.69,31.31,95.19,59.45,56.05307624877976
2025-10-22 03:05:02.700808,126.81,75.06,255.89,52.32,124.8890870028913
2025-10-22 03:05:03.700807,100.48,31.8,222.14,13.66,85.38218449009246
2025-10-22 03:05:04.700807,108.16,26.38,253.97,99.13,109.2402187619065
2025-10-22 03:05:05.700806,84.9,54.69,165.58,36.85,84.44315223704473
2025-10-22 03:05:06.700806,104.0,84.65,143.45,129.08,111.13223980236197
2025-10-22 03:05:07.700805,124.89,75.98,233.01,53.83,118.76724024197146
2025-10-22 03:05:08.700804,77.08,30.41,184.02,32.87,77.03879783763696
2025-10-22 03:05:09.700804,130.96,94.64,187.74,136.43,130.92076725893224
2025-10-22 03:05:10.700803,63.93,54.8,95.15,61.42,68.19725071321271
2025-10-22 03:05:11.700803,94.92,50.94,195.31,39.81,92.09725406392208
2025-10-22 03:05:12.700802,128.55,53.03,293.77,60.53,126.88384964242819
2025-10-22 03:05:13.700802,100.74,52.97,185.4,99.86,102.07475811072985
2025-10-22 03:05:14.700801,81.72,39.11,175.39,65.52,85.29290163226894
2025-10-22 03:05:15.700801,129.34,84.72,268.63,75.54,138.177313282633
2025-10-22 03:05:16.700800,108.23,67.72,194.85,45.07,101.40880405461166
2025-10-22 03:05:17.700800,116.64,28.68,242.28,144.05,115.80860661073731
2025-10-22 03:05:18.700799,66.86,42.98,92.86,71.87,63.66674637286394
2025-10-22 03:05:19.700799,96.4,88.85,158.61,17.82,95.67020890281674
2025-10-22 03:05:20.700798,76.77,72.86,65.86,104.84,77.06584108970691
2025-10-22 03:05:21.700798,89.43,28.86,153.68,127.05,85.86482172016852
2025-10-22 03:05:22.700797,78.5,50.42,134.63,69.28,79.44333658822336
2025-10-22 03:05:23.700797,124.22,53.36,285.19,100.61,132.4386560955097
2025-10-22 03:05:24.700796,118.04,98.25,151.63,95.71,113.76803278988316
2025-10-22 03:05:25.700795,118.99,75.61,196.85,103.18,117.51819118798278
2025-10-22 03:05:26.700795,80.58,91.12,106.83,17.6,81.18656723432133
2025-10-22 03:05:27.700794,74.66,57.6,122.86,64.46,78.5400136147876
2025-10-22 03:05:28.700794,112.79,79.95,167.39,126.3,115.42727207818393
2025-10-22 03:05:29.700793,88.89,65.94,143.33,74.92,90.95497964741794
2025-10-22 03:05:30.700793,108.56,25.56,278.73,101.15,116.67970434610655
2025-10-22 03:05:31.700792,132.75,97.21,214.26,99.62,132.86547623141038
2025-10-22 03:05:32.700792,80.88,85.72,64.41,122.06,86.49478810372635
2025-10-22 03:05:33.700791,95.63,52.17,142.35,96.32,88.01954580929826
2025-10-22 03:05:34.700791,110.47,90.19,154.61,100.66,111.61222001866221
2025-10-22 03:05:35.700790,89.82,43.8,196.4,75.75,95.99655372812066
2025-10-22 03:05:36.700790,75.37,58.38,106.15,104.73,81.91226211162066
2025-10-22 03:05:37.700789,109.09,95.59,124.25,85.48,102.16479903530258
2025-10-22 03:05:38.700789,140.41,95.58,282.75,95.19,151.77171447039058
2025-10-22 03:05:39.700788,79.45,42.43,104.08,124.5,77.232969537444
2025-10-22 03:05:40.700788,112.83,68.99,207.99,117.65,120.43153118889883
2025-10-22 03:05:41.700787,117.55,37.93,245.89,94.34,111.64152586215653
2025-10-22 03:05:42.700787,83.79,48.04,197.5,14.93,86.35583305362695
2025-10-22 03:05:43.700786,103.05,80.94,190.21,14.35,100.52469313690474
2025-10-22 03:05:44.700785,119.58,35.39,299.84,44.86,116.75900824252288
2025-10-22 03:05:45.700785,130.95,82.0,275.39,27.73,129.34077794840132
2025-10-22 03:05:46.700784,117.95,77.08,196.32,112.18,119.88477978769528
2025-10-22 03:05:47.700784,139.33,90.7,220.92,130.65,137.77945716597367
2025-10-22 03:05:48.700783,96.27,44.82,190.45,86.87,96.92889282232375
2025-10-22 03:05:49.700783,76.93,59.36,52.48,144.15,74.09711032410145
2025-10-22 03:05:50.700782,132.64,87.57,281.97,38.56,136.26356003276413
2025-10-22 03:05:51.700782,88.91,26.67,205.18,73.23,89.5574839498564
2025-10-22 03:05:52.700781,46.05,25.53,58.27,54.91,41.14893847239539
2025-10-22 03:05:53.700781,143.78,72.73,281.17,96.81,140.1746668199291
2025-10-22 03:05:54.700780,112.23,84.56,185.59,59.31,109.88896766823297
2025-10-22 03:05:55.700780,74.85,40.63,154.05,62.35,79.00412220927855
2025-10-22 03:05:56.700779,69.97,34.38,167.6,40.56,75.6168136047122
2025-10-22 03:05:57.700779,113.25,88.95,159.6,91.33,110.6368792453217
2025-10-22 03:05:58.700778,120.17,39.31,276.4,88.64,120.37732213163883
2025-10-22 03:05:59.700778,87.07,96.11,96.15,45.37,85.99543301999921
2025-10-22 03:06:00.700777,87.01,86.05,102.45,35.68,80.92528332414848
2025-10-22 03:06:01.700777,95.12,32.12,191.77,103.16,94.20502984976213
2025-10-22 03:06:02.700776,120.35,73.54,244.94,56.83,121.73067838196576
2025-10-22 03:06:03.700775,62.42,70.29,63.24,28.79,59.86665633537747
2025-10-22 03:06:04.700775,74.49,23.96,174.01,95.03,83.15881307729161
2025-10-22 03:06:05.700774,160.17,97.43,299.41,115.39,161.72713513643427
2025-10-22 03:06:06.700774,78.07,47.41,106.31,121.44,79.78939704394931
2025-10-22 03:06:07.700773,109.49,83.16,164.25,99.13,110.68709743404258
2025-10-22 03:06:08.700773,61.14,25.09,114.33,84.81,63.73902511114942
2025-10-22 03:06:09.700772,41.17,29.74,54.22,27.23,36.53441712489704
2025-10-22 03:06:10.700772,108.84,65.57,166.08,124.45,107.46338520721245
2025-10-22 03:06:11.700771,85.96,41.33,160.57,67.11,82.26269743376146
2025-10-22 03:06:12.700771,69.94,39.97,72.9,86.67,59.098012073549
2025-10-22 03:06:13.700770,86.66,51.71,186.98,33.13,88.64857412285312
2025-10-22 03:06:14.700770,108.66,93.72,171.11,22.0,102.7008308518894
2025-10-22 03:06:15.700769,76.73,44.69,185.08,21.98,82.34382005656812
2025-10-22 03:06:16.700769,83.47,20.48,161.19,148.28,88.14905315083737
2025-10-22 03:06:17.700768,81.68,53.05,108.41,68.47,72.7117728547004
2025-10-22 03:06:18.700768,108.57,36.15,280.41,54.56,113.22360575607145
2025-10-22 03:06:19.700767,66.0,50.92,98.62,60.74,67.16267607220645
2025-10-22 03:06:20.700767,69.01,21.69,109.29,86.0,60.75670132285047
2025-10-22 03:06:21.700766,113.8,55.5,278.29,14.39,114.2883484456214
2025-10-22 03:06:22.700765,128.38,66.58,289.53,45.52,129.40955487974372
2025-10-22 03:06:23.700765,104.28,77.65,154.03,48.73,94.83016072358161
2025-10-22 03:06:24.700764,82.09,23.63,181.75,66.41,79.6303374618542
2025-10-22 03:06:25.700764,96.31,82.28,107.25,108.38,94.93881532319136
2025-10-22 03:06:26.700763,101.63,75.96,210.71,14.86,104.29892731300934
2025-10-22 03:06:27.700763,92.01,60.42,162.66,56.25,90.29251672295324
2025-10-22 03:06:28.700762,88.89,26.57,180.78,85.97,84.70082272271296
2025-10-22 03:06:29.700762,75.94,28.62,156.95,48.75,71.15697757265693
2025-10-22 03:06:30.700761,49.96,50.37,65.2,25.6,49.84540324718106
2025-10-22 03:06:31.700761,129.14,65.28,230.47,131.73,128.1360873866625
2025-10-22 03:06:32.700760,107.68,74.99,230.11,18.8,110.43268764640057
2025-10-22 03:06:33.700760,68.25,24.49,164.63,45.93,70.83809639674016
2025-10-22 03:06:34.700759,84.4,91.82,62.63,101.06,84.83814241752555
2025-10-22 03:06:35.700759,123.3,85.48,249.31,57.52,129.16238703150327
2025-10-22 03:06:36.700758,104.0,96.39,81.02,123.83,97.18733300162339
2025-10-22 03:06:37.700758,90.31,58.37,148.8,49.14,83.68242242479232
2025-10-22 03:06:38.700757,77.01,77.54,54.92,119.92,79.1176035769545
2025-10-22 03:06:39.700757,65.82,51.95,72.39,105.3,68.64941086462063
2025-10-22 03:06:40.700756,81.63,70.82,114.32,48.78,79.47365266089953
2025-10-22 03:06:41.700755,102.38,38.81,241.9,46.19,101.30647521577104
2025-10-22 03:06:42.700755,95.59,41.47,244.98,35.33,101.40551638575647
2025-10-22 03:06:43.700754,122.76,77.95,266.03,21.63,123.28360200259885
2025-10-22 03:06:44.700754,117.0,51.33,192.37,146.08,112.5418264747761
2025-10-22 03:06:45.700753,70.35,39.31,127.28,41.49,66.14153674323462
2025-10-22 03:06:46.700753,107.66,25.59,221.07,112.46,101.5982977239606
2025-10-22 03:06:47.700752,72.52,25.78,105.05,147.96,73.85143076480327
2025-10-22 03:06:48.700752,63.21,58.84,93.82,32.39,64.04736386174133
2025-10-22 03:06:49.700751,75.72,96.18,66.04,55.95,79.07664174251668
2025-10-22 03:06:50.700751,95.76,69.17,165.52,53.01,94.89078807534486
2025-10-22 03:06:51.700750,99.44,75.04,162.31,50.71,96.40759823878469
2025-10-22 03:06:52.700750,79.69,46.81,161.61,40.64,80.05606124806935
2025-10-22 03:06:53.700749,72.6,86.42,91.16,10.94,72.79427553438853
2025-10-22 03:06:54.700749,81.07,53.77,93.49,147.03,84.20709716937887
2025-10-22 03:06:55.700748,115.85,49.54,239.77,112.0,119.12708299826832
2025-10-22 03:06:56.700748,49.88,42.63,62.67,50.52,50.16369352691504
2025-10-22 03:06:57.700747,84.93,97.64,50.82,115.74,87.11958254553454
2025-10-22 03:06:58.700747,71.07,66.72,54.39,117.39,73.0360767878447
2025-10-22 03:06:59.700746,117.79,25.58,274.27,105.26,116.16538357071212
2025-10-22 03:07:00.700745,85.3,38.09,200.41,44.17,88.06289665391466
2025-10-22 03:07:01.700745,74.6,52.23,99.99,54.66,67.02177563938598
2025-10-22 03:07:02.700744,98.14,25.4,225.05,96.41,99.50860016421449
2025-10-22 03:07:03.700744,115.57,22.48,246.23,147.57,114.59175327746118
2025-10-22 03:07:04.700743,71.18,84.25,69.18,29.37,68.76045786851549
2025-10-22 03:07:05.700743,102.24,90.65,111.92,130.45,104.92461054037514
2025-10-22 03:07:06.700742,80.3,97.55,75.18,47.01,80.73444698940989
2025-10-22 03:07:07.700742,117.43,76.85,189.8,98.61,115.10956842282994
2025-10-22 03:07:08.700741,69.72,45.0,71.15,132.49,70.20285022373714
2025-10-22 03:07:09.700741,86.41,37.65,139.32,107.14,81.98777706781321
2025-10-22 03:07:10.700740,117.94,70.51,213.98,114.9,122.44785023226375
2025-10-22 03:07:11.700740,100.45,95.41,121.56,78.28,99.8335802481522
2025-10-22 03:07:12.700739,113.43,79.45,224.59,27.35,112.70613834187786
2025-10-22 03:07:13.700739,124.89,49.46,243.84,93.94,116.71982658125694
2025-10-22 03:07:14.700738,86.18,59.88,130.06,101.72,89.25766052567411
2025-10-22 03:07:15.700737,66.41,33.0,121.75,24.07,57.853470972758984
2025-10-22 03:07:16.700737,91.67,23.91,172.31,99.24,83.45960085564491
2025-10-22 03:07:17.700736,134.31,87.91,196.26,92.38,121.3531101896092
2025-10-22 03:07:18.700736,73.04,59.92,77.72,84.36,70.08011738094388
2025-10-22 03:07:19.700735,102.32,77.87,130.89,141.47,106.42222673960045
2025-10-22 03:07:20.700735,78.03,66.05,69.65,134.13,80.62017329250277
2025-10-22 03:07:21.700734,56.9,41.43,94.82,67.96,62.70250967913279
2025-10-22 03:07:22.700734,99.87,24.75,178.67,144.24,94.74259889351805
2025-10-22 03:07:23.700732,75.85,95.07,72.78,37.28,76.83542902270693
2025-10-22 03:07:24.700732,96.87,97.27,152.59,21.08,98.72451300152005
2025-10-22 03:07:25.700731,59.8,20.19,105.75,115.6,64.8270221389832
2025-10-22 03:07:26.700731,73.23,30.33,206.69,14.62,80.18911975095432
2025-10-22 03:07:27.700730,105.62,47.12,198.3,121.28,107.28532002108653
2025-10-22 03:07:28.700730,83.0,23.72,144.7,122.72,79.72805362577697
2025-10-22 03:07:29.700729,131.75,87.93,222.96,127.84,136.44703154807152
2025-10-22 03:07:30.700729,91.9,45.8,176.29,117.91,99.33286353568677
2025-10-22 03:07:31.700728,96.25,27.9,260.55,32.29,98.6885896657516
2025-10-22 03:07:32.700728,76.81,48.1,147.37,47.55,77.7925430852357
2025-10-22 03:07:33.700727,145.68,70.2,290.45,118.66,146.04449913116724
2025-10-22 03:07:34.700726,156.51,97.86,286.12,105.78,156.0333944198084
2025-10-22 03:07:35.700726,93.8,21.16,228.65,64.29,92.0804322683229
2025-10-22 03:07:36.700725,96.01,71.77,172.53,34.05,94.53119674413092
2025-10-22 03:07:37.700725,107.72,65.83,253.05,24.88,113.95517174408276
2025-10-22 03:07:38.700724,108.94,70.18,177.71,113.52,111.0971813790742
2025-10-22 03:07:39.700724,65.74,77.49,51.97,37.56,61.8263759142974
2025-10-22 03:07:40.700723,80.54,51.71,156.61,44.15,81.70401198521154
2025-10-22 03:07:41.700723,103.33,71.02,174.14,84.05,104.58329451295579
2025-10-22 03:07:42.700722,88.46,27.78,198.75,97.35,92.97578207707626
2025-10-22 03:07:43.700722,121.61,77.54,222.58,50.32,115.71289030616498
2025-10-22 03:07:44.700721,116.11,87.08,238.36,42.36,123.65483115026848
2025-10-22 03:07:45.700721,130.96,94.09,188.81,97.92,123.30879805544639
2025-10-22 03:07:46.700720,94.39,52.99,227.51,52.17,105.26855261415513
2025-10-22 03:07:47.700720,95.68,50.49,138.58,148.09,96.33942619140106
2025-10-22 03:07:48.700719,60.21,35.57,83.01,69.02,56.42570555165108
2025-10-22 03:07:49.700719,124.31,74.69,195.44,102.63,116.52388798278632
2025-10-22 03:07:50.700718,137.43,41.76,289.99,141.64,136.23256644396085
2025-10-22 03:07:51.700717,126.18,67.98,242.79,80.47,123.0005357380783
2025-10-22 03:07:52.700717,138.66,67.94,294.6,95.81,141.61692821584435
2025-10-22 03:07:53.700716,89.92,93.02,56.11,128.7,88.97445523693982
2025-10-22 03:07:54.700716,123.0,61.97,296.75,23.09,124.81209955661157
2025-10-22 03:07:55.700715,131.25,85.68,215.25,103.01,128.0629146111069
2025-10-22 03:07:56.700715,106.17,38.62,195.8,132.23,104.45382341354473
2025-10-22 03:07:57.700714,92.33,41.2,196.26,98.03,99.08306053508275
2025-10-22 03:07:58.700714,135.42,93.61,236.6,94.75,136.8144635497761
2025-10-22 03:07:59.700713,76.68,69.32,136.7,22.43,80.21473104110777
2025-10-22 03:08:00.700713,119.6,51.61,245.18,120.33,123.4478330061066
2025-10-22 03:08:01.700712,126.74,66.44,256.88,130.12,136.3416842775204
2025-10-22 03:08:02.700712,64.56,27.74,58.07,130.74,57.275745156333286
2025-10-22 03:08:03.700711,101.55,53.55,172.02,107.35,99.82970607154023
2025-10-22 03:08:04.700711,102.77,29.22,267.64,30.63,101.15241765649871
2025-10-22 03:08:05.700710,111.21,85.08,195.8,86.63,118.65389872667069
2025-10-22 03:08:06.700710,51.99,29.87,96.62,41.34,52.16057045789687
2025-10-22 03:08:07.700709,114.01,72.64,230.89,47.45,115.18794893274217
2025-10-22 03:08:08.700709,87.42,63.62,169.43,28.61,88.43505140181236
2025-10-22 03:08:09.700708,118.87,75.0,151.83,142.91,111.5705174004848
2025-10-22 03:08:10.700707,144.21,85.37,287.97,103.61,149.90304393174011
2025-10-22 03:08:11.700707,93.31,81.98,85.28,129.48,92.37553029317444
2025-10-22 03:08:12.700706,94.7,62.2,170.48,60.01,94.28419164946459
2025-10-22 03:08:13.700706,50.0,22.03,74.65,110.83,55.44425752833848
2025-10-22 03:08:14.700705,115.61,50.31,261.3,49.73,113.60600737569585
2025-10-22 03:08:15.700705,82.42,74.16,97.0,88.72,83.87888934814274
2025-10-22 03:08:16.700704,135.66,93.23,272.12,50.34,138.47777014224857
2025-10-22 03:08:17.700704,74.31,68.88,92.08,75.51,77.12741306807165
2025-10-22 03:08:18.700703,126.85,67.13,237.2,123.74,129.49822360767982
2025-10-22 03:08:19.700703,98.19,53.92,168.95,138.06,105.19870575047106
2025-10-22 03:08:20.700702,150.0,71.12,286.87,103.29,142.3717057816302
2025-10-22 03:08:21.700702,120.6,78.21,223.28,75.84,121.33412844225336
2025-10-22 03:08:22.700701,112.29,22.47,292.63,88.59,116.81584926643508
2025-10-22 03:08:23.700701,85.69,93.63,77.44,69.3,83.88383252229451
2025-10-22 03:08:24.700700,90.96,63.11,162.19,88.83,97.97746648126899
2025-10-22 03:08:25.700700,132.42,73.62,262.19,98.8,135.30647308181568
2025-10-22 03:08:26.700699,109.03,46.79,213.46,97.03,106.85802532971064
2025-10-22 03:08:27.700699,84.54,69.45,100.93,115.9,88.10746394208849
2025-10-22 03:08:28.700698,118.14,64.72,180.4,139.15,114.2688660879988
2025-10-22 03:08:29.700697,43.32,40.84,74.16,40.69,50.76883260506776
2025-10-22 03:08:30.700697,97.23,71.59,139.05,79.2,93.34827389890351
2025-10-22 03:08:31.700696,125.14,95.1,223.79,32.52,121.33157432441658
2025-10-22 03:08:32.700696,68.52,68.09,71.4,88.93,73.1794835912792
2025-10-22 03:08:33.700695,113.44,20.12,299.84,23.91,104.94509249499386
2025-10-22 03:08:34.700695,116.74,44.23,245.36,44.0,104.62629773772719
2025-10-22 03:08:35.700694,89.82,39.0,148.2,84.87,80.9064436178343
2025-10-22 03:08:36.700694,78.26,42.29,73.1,148.87,72.68967245036002
2025-10-22 03:08:37.700693,94.36,87.23,67.22,132.56,90.18447022993402
2025-10-22 03:08:38.700693,121.62,47.33,272.2,105.23,126.42970590390412
2025-10-22 03:08:39.700692,77.88,78.43,109.38,29.29,77.92293674247355
2025-10-22 03:08:40.700692,110.85,51.9,228.83,53.24,105.33252944574073
2025-10-22 03:08:41.700691,100.54,92.61,111.83,100.34,99.8912495079361
2025-10-22 03:08:42.700691,66.55,47.87,77.53,47.58,56.673632429259705
2025-10-22 03:08:43.700690,60.83,68.17,69.85,58.0,66.60228935565466
2025-10-22 03:08:44.700690,137.54,84.08,292.39,87.67,147.41667500665588
2025-10-22 03:08:45.700689,92.91,52.44,152.16,81.6,88.17853849262794
2025-10-22 03:08:46.700688,127.77,55.91,264.97,91.2,125.76171920133717
2025-10-22 03:08:47.700688,101.19,24.46,235.7,106.56,104.26012686776382
2025-10-22 03:08:48.700687,104.36,58.02,196.87,32.71,94.70044011995411
2025-10-22 03:08:49.700687,120.52,68.96,261.63,71.73,127.42080380892048
2025-10-22 03:08:50.700686,69.47,20.4,129.24,86.28,66.16779510114756
2025-10-22 03:08:51.700686,103.54,85.96,186.31,64.14,111.76725220986067
2025-10-22 03:08:52.700685,124.72,91.81,199.59,125.81,130.95623754925396
2025-10-22 03:08:53.700685,112.34,21.81,277.86,109.21,116.14275685369788
2025-10-22 03:08:54.700684,100.08,94.28,172.59,50.36,109.06640669709202
2025-10-22 03:08:55.700684,115.56,29.48,265.73,109.66,116.42457515838237
2025-10-22 03:08:56.700683,113.67,63.8,238.48,28.2,109.21569840632431
2025-10-22 03:08:57.700683,72.59,53.13,122.22,20.86,67.43815122800441
2025-10-22 03:08:58.700682,113.19,31.54,271.2,116.61,120.483928925455
2025-10-22 03:08:59.700682,93.37,38.83,165.12,120.94,93.08443901837856
2025-10-22 03:09:00.700681,98.58,46.49,198.18,31.97,89.17281891713274
2025-10-22 03:09:01.700681,70.55,22.82,200.2,34.58,78.44494533357776
2025-10-22 03:09:02.700680,142.03,72.15,253.46,143.87,140.90701631574444
2025-10-22 03:09:03.700680,113.61,43.78,290.66,41.55,117.54111616509311
2025-10-22 03:09:04.700679,50.99,40.13,82.64,14.93,47.841415589799055
2025-10-22 03:09:05.700678,146.96,87.62,242.84,146.04,145.89158892157587
2025-10-22 03:09:06.700678,119.56,51.1,298.55,13.03,117.90898160480694
2025-10-22 03:09:07.700677,61.34,71.77,92.56,12.03,66.09507488874826
2025-10-22 03:09:08.700677,81.25,60.56,174.03,20.19,86.61185211718909
2025-10-22 03:09:09.700676,79.46,83.57,105.1,15.63,76.4931211501839
2025-10-22 03:09:10.700676,105.52,96.85,180.69,12.19,105.19944096981489
2025-10-22 03:09:11.700675,69.12,90.51,66.15,25.24,70.16281141186073
2025-10-22 03:09:12.700675,120.46,30.28,238.9,116.11,110.0367732714125
2025-10-22 03:09:13.700674,109.35,97.19,95.88,141.74,105.61999083342579
2025-10-22 03:09:14.700674,98.25,57.51,134.69,122.95,93.68548641707052
2025-10-22 03:09:15.700673,108.65,68.1,244.51,75.78,122.64536587410167
2025-10-22 03:09:16.700673,158.96,89.39,283.13,127.98,155.30678033555017
2025-10-22 03:09:17.700672,93.42,79.55,94.39,118.02,91.62001947377931
2025-10-22 03:09:18.700672,137.39,87.45,290.29,66.48,144.25872105345113
2025-10-22 03:09:19.700671,80.86,81.85,72.43,97.53,82.09098359440915
2025-10-22 03:09:20.700671,115.17,90.72,218.45,29.54,116.9389131850564
2025-10-22 03:09:21.700670,148.11,51.42,295.81,144.1,143.3105820163328
2025-10-22 03:09:22.700670,113.53,61.28,173.79,131.15,108.96661759396679
2025-10-22 03:09:23.700669,103.15,43.05,188.39,120.64,102.13849126856782
2025-10-22 03:09:24.700669,115.45,73.49,190.92,95.52,113.14921170291161
2025-10-22 03:09:25.700668,87.82,86.58,90.88,72.16,84.96486162365633
2025-10-22 03:09:26.700668,55.71,27.78,90.37,61.37,53.21700007382551
2025-10-22 03:09:27.700667,89.74,91.69,51.17,112.78,83.65629940507432
2025-10-22 03:09:28.700666,66.5,60.91,66.98,41.92,58.90511737682659
2025-10-22 03:09:29.700666,90.2,83.31,96.33,144.98,99.44820839193
2025-10-22 03:09:30.700665,70.57,37.93,64.36,128.07,63.74039584707642
2025-10-22 03:09:31.700665,60.08,24.3,104.21,119.23,67.1440411699239
2025-10-22 03:09:32.700664,112.46,60.59,164.91,149.9,109.67848263925978
2025-10-22 03:09:33.700664,135.53,78.75,247.18,142.62,142.0747059595965
2025-10-22 03:09:34.700663,134.45,95.02,232.83,29.65,123.44022446946192
2025-10-22 03:09:35.700663,91.84,83.49,179.31,18.71,99.38986357750743
2025-10-22 03:09:36.700662,115.36,35.83,295.64,56.65,118.06055425608815
2025-10-22 03:09:37.700662,91.82,72.07,190.63,15.42,96.42148863122218
2025-10-22 03:09:38.700661,104.81,82.63,210.62,15.15,107.67004405900086
2025-10-22 03:09:39.700661,102.95,65.2,168.13,103.29,103.68673024641491
2025-10-22 03:09:40.700660,96.77,22.96,227.58,76.76,95.13991908136612
2025-10-22 03:09:41.700660,140.58,90.94,218.8,129.39,137.01133129904875
2025-10-22 03:09:42.700659,74.76,25.83,122.5,112.79,72.13170595198406
2025-10-22 03:09:43.700659,80.64,57.13,151.05,40.66,82.05185607502551
2025-10-22 03:09:44.700658,129.0,63.21,221.77,127.83,123.70660413552382
2025-10-22 03:09:45.700657,87.8,59.22,184.97,14.94,88.18772367520066
2025-10-22 03:09:46.700657,102.09,74.37,146.13,65.73,94.1916734011724
2025-10-22 03:09:47.700656,95.25,75.26,148.84,88.63,100.00672024397005
2025-10-22 03:09:48.700656,129.15,86.01,274.69,51.05,135.77611446976675
2025-10-22 03:09:49.700655,85.04,26.59,157.47,122.9,85.04277250204962
2025-10-22 03:09:50.700655,150.07,86.9,236.09,147.73,143.836504297269
2025-10-22 03:09:51.700654,74.47,29.46,200.44,32.51,81.43098188713924
2025-10-22 03:09:52.700654,61.3,75.22,63.0,44.71,65.42951259963269
2025-10-22 03:09:53.700653,107.73,72.92,160.18,121.47,108.7769681041709
2025-10-22 03:09:54.700653,120.72,50.37,247.4,88.95,117.25416991261984
2025-10-22 03:09:55.700652,95.99,42.52,151.52,133.52,93.34301574762198
2025-10-22 03:09:56.700652,99.85,67.26,151.35,93.4,97.7037727138846
2025-10-22 03:09:57.700651,120.84,76.3,245.55,104.97,132.8699606450166
2025-10-22 03:09:58.700651,117.05,42.39,211.3,90.48,102.70201630933705
2025-10-22 03:09:59.700650,128.55,79.41,235.27,90.93,128.54293959977556
2025-10-22 03:10:00.700650,74.99,49.86,121.47,67.39,74.82814321801959
2025-10-22 03:10:01.700649,89.62,26.73,207.38,50.17,85.6634599456348
2025-10-22 03:10:02.700649,101.41,79.17,156.4,37.9,94.15063813079236
2025-10-22 03:10:03.700648,116.13,39.81,290.07,39.6,114.98755150518338
2025-10-22 03:10:04.700647,88.46,52.02,181.91,20.97,84.8604108354091
2025-10-22 03:10:05.700647,86.15,34.25,199.9,62.23,89.57784975251633
2025-10-22 03:10:06.700646,90.76,95.79,52.88,147.05,93.03930310706957
2025-10-22 03:10:07.700646,86.43,34.53,183.02,52.4,82.68526873694266
2025-10-22 03:10:08.700645,133.8,59.97,297.23,77.85,134.8448401850257
2025-10-22 03:10:09.700645,133.62,67.79,251.04,118.43,132.93621343973462
2025-10-22 03:10:10.700644,79.18,90.03,54.49,55.76,72.48422768009395
2025-10-22 03:10:11.700644,106.73,68.63,222.4,12.02,103.5797329543268
2025-10-22 03:10:12.700643,106.99,27.07,220.73,90.46,97.86215062222124
2025-10-22 03:10:13.700643,118.17,39.11,275.62,85.61,119.43994302071387
2025-10-22 03:10:14.700642,87.4,55.27,192.49,11.2,87.72790094315137
2025-10-22 03:10:15.700642,82.38,79.27,118.62,19.2,79.11668807475024
2025-10-22 03:10:16.700641,55.87,24.73,110.57,44.98,54.506718196691914
2025-10-22 03:10:17.700641,94.68,79.34,130.41,51.79,89.1795849595464
2025-10-22 03:10:18.700640,104.04,74.27,120.45,132.11,99.6172221773241
2025-10-22 03:10:19.700640,110.99,74.61,178.17,100.12,110.78939902158659
2025-10-22 03:10:20.700639,122.79,52.17,215.7,130.32,116.84663558559734
2025-10-22 03:10:21.700639,143.94,66.51,291.25,94.41,139.6145629805737
2025-10-22 03:10:22.700638,97.89,29.4,254.84,32.51,97.76586548734636
2025-10-22 03:10:23.700637,128.04,56.64,272.78,89.61,128.16057441538595
2025-10-22 03:10:24.700637,135.94,63.11,252.79,136.87,134.78590790301237
2025-10-22 03:10:25.700636,81.81,38.95,164.32,57.5,80.28770611972337
2025-10-22 03:10:26.700636,117.07,82.61,179.53,113.63,117.89184595050801
2025-10-22 03:10:27.700635,136.78,61.42,297.19,75.06,135.00416593992333
2025-10-22 03:10:28.700635,88.88,21.54,219.5,61.74,89.01107619502403
2025-10-22 03:10:29.700634,73.57,71.62,104.57,65.74,80.31405877003374
2025-10-22 03:10:30.700634,50.79,26.1,110.79,46.73,55.60705218804583
2025-10-22 03:10:31.700633,121.6,60.61,244.87,109.19,125.64663748688187
2025-10-22 03:10:32.700633,95.24,38.84,199.48,64.62,92.2255950436761
2025-10-22 03:10:33.700632,120.04,94.24,192.93,91.5,123.34659412130134
2025-10-22 03:10:34.700632,135.25,50.35,289.3,105.31,133.10223861664653
2025-10-22 03:10:35.700631,80.81,45.15,183.61,61.27,89.9455012551032
2025-10-22 03:10:36.700631,62.65,54.62,54.11,145.46,72.474051096313
2025-10-22 03:10:37.700630,66.37,78.38,71.19,19.02,64.36697922261766
2025-10-22 03:10:38.700630,50.88,42.81,59.71,94.85,58.17920588441553
2025-10-22 03:10:39.700629,127.79,73.12,250.34,75.61,126.87952786381021
2025-10-22 03:10:40.700629,89.1,52.33,174.17,41.53,86.77599566359481
2025-10-22 03:10:41.700628,89.86,46.88,217.32,48.21,98.35556348495935
2025-10-22 03:10:42.700627,87.49,65.53,165.43,32.78,89.01760661950595
2025-10-22 03:10:43.700627,93.33,48.79,155.94,126.59,96.4347013486858
2025-10-22 03:10:44.700626,120.08,84.54,181.83,117.11,120.24240262282251
2025-10-22 03:10:45.700626,87.35,77.64,89.17,115.11,88.51442212287564
2025-10-22 03:10:46.700625,124.37,93.74,258.01,19.69,128.3932404134107
2025-10-22 03:10:47.700625,85.39,71.74,67.63,118.25,79.70419308545307
2025-10-22 03:10:48.700624,121.05,76.74,160.47,148.68,116.18856075008514
2025-10-22 03:10:49.700624,65.92,61.2,91.69,33.46,64.80134594403184
2025-10-22 03:10:50.700623,114.28,34.28,254.16,111.16,115.64629224384868
2025-10-22 03:10:51.700623,87.83,66.24,167.68,56.86,94.83878853209582
2025-10-22 03:10:52.700622,86.69,61.2,172.62,16.93,85.85990815284335
2025-10-22 03:10:53.700622,148.53,74.3,281.46,107.79,143.2317736597027
2025-10-22 03:10:54.700621,63.84,56.14,87.21,46.84,63.58030918554546
2025-10-22 03:10:55.700621,30.17,39.65,52.77,32.84,42.17706818593551
