timestamp,cpu_load,memory_usage,disk_io,network_io,prediction
2025-10-16 08:42:22.952479,91.78,31.25,158.59,43.74,52.09780139313658
2025-10-16 08:42:23.952479,87.49,82.22,292.34,143.59,52.52352444199194
2025-10-16 08:42:24.952478,59.33,71.98,133.84,92.21,52.455911813157016
2025-10-16 08:42:25.952478,70.39,76.2,91.85,21.53,52.16213870290801
2025-10-16 08:42:26.952477,54.41,43.42,155.87,43.08,52.12175503575685
2025-10-16 08:42:27.952477,56.57,63.18,284.33,108.45,52.31912218410402
2025-10-16 08:42:28.952477,14.02,72.02,109.66,81.33,52.433289147059035
2025-10-16 08:42:29.952476,13.75,34.74,185.29,10.72,51.90133044505539
2025-10-16 08:42:30.952476,74.27,67.93,66.45,128.06,52.72026683019428
2025-10-16 08:42:31.952475,92.67,58.22,107.58,132.83,52.67036725045945
2025-10-16 08:42:32.952475,66.03,52.72,240.75,95.82,52.29326744452627
2025-10-16 08:42:33.952474,33.97,94.61,250.93,65.78,52.20869976174961
2025-10-16 08:42:34.952474,62.58,41.97,268.38,103.54,52.27442636100735
2025-10-16 08:42:35.952473,53.26,55.48,70.49,15.16,52.11825559083862
2025-10-16 08:42:36.952473,46.13,80.89,68.73,24.72,52.218462703635694
2025-10-16 08:42:37.952472,22.94,65.34,150.68,95.03,52.434699522579336
2025-10-16 08:42:38.952472,33.83,40.32,82.63,132.17,52.66573257758307
2025-10-16 08:42:39.952472,44.25,47.57,291.05,65.92,52.06414388406342
2025-10-16 08:42:40.952471,83.94,95.47,133.46,88.77,52.48462634900958
2025-10-16 08:42:41.952471,85.39,54.37,148.17,18.8,52.0302716289863
2025-10-16 08:42:42.952470,12.28,90.04,255.12,76.11,52.24656702016895
2025-10-16 08:42:43.952470,81.87,57.06,200.3,122.49,52.49121801707846
2025-10-16 08:42:44.952469,19.37,62.89,136.85,120.67,52.57849791998631
2025-10-16 08:42:45.952469,81.87,90.99,63.15,133.02,52.79465319037196
2025-10-16 08:42:46.952468,50.45,36.79,130.42,115.58,52.51060729288316
2025-10-16 08:42:47.952468,14.7,38.27,66.0,22.25,52.126787126218474
2025-10-16 08:42:48.952467,23.04,24.13,197.79,67.08,52.14967418077926
2025-10-16 08:42:49.952467,87.3,95.72,268.18,89.72,52.30907356635073
2025-10-16 08:42:50.952467,31.04,29.38,93.75,82.4,52.37721577074312
2025-10-16 08:42:51.952466,30.87,64.36,61.86,118.67,52.671884916644345
2025-10-16 08:42:52.952466,64.8,32.64,121.03,39.93,52.13160841570295
2025-10-16 08:42:53.952465,44.59,41.33,87.58,102.37,52.50996606965658
2025-10-16 08:42:54.952465,82.36,20.57,150.67,134.97,52.55021048618489
2025-10-16 08:42:55.952464,38.0,59.09,230.55,115.01,52.4166304078164
2025-10-16 08:42:56.952464,42.88,54.22,99.59,63.27,52.32065630238726
2025-10-16 08:42:57.952463,35.85,29.32,231.29,111.15,52.338219003403545
2025-10-16 08:42:58.952463,45.55,59.54,260.81,37.64,51.98462162612047
2025-10-16 08:42:59.952462,78.57,22.41,246.29,91.2,52.20350981696351
2025-10-16 08:43:00.952462,59.4,90.44,68.16,38.75,52.308916282070385
2025-10-16 08:43:01.952461,69.02,43.44,87.41,85.71,52.4298293000333
2025-10-16 08:43:02.952456,45.41,70.81,52.27,139.49,52.80284842717462
2025-10-16 08:43:03.952455,58.65,83.8,291.76,35.17,51.977691241494895
2025-10-16 08:43:04.952455,60.68,96.21,56.2,110.25,52.69868420112447
2025-10-16 08:43:05.952454,38.03,50.08,138.37,146.71,52.68358646585916
2025-10-16 08:43:06.952454,43.99,65.43,52.74,95.23,52.5673680527273
2025-10-16 08:43:07.952453,54.02,91.47,146.64,108.43,52.558835042168006
2025-10-16 08:43:08.952453,82.34,32.44,255.51,15.88,51.828755097265805
2025-10-16 08:43:09.952452,35.1,94.28,70.51,43.92,52.33943482794813
2025-10-16 08:43:10.952452,72.42,54.33,294.44,69.23,52.08951025220369
2025-10-16 08:43:11.952452,76.22,50.84,123.2,143.96,52.691485942018396
2025-10-16 08:43:12.952451,26.32,31.2,136.42,18.11,51.997524018826056
2025-10-16 08:43:13.952451,63.96,76.0,54.63,145.37,52.83957647440468
2025-10-16 08:43:14.952450,60.17,60.96,108.41,84.22,52.42812789783821
2025-10-16 08:43:15.952450,80.29,28.03,162.59,106.84,52.40608730162148
2025-10-16 08:43:16.952449,21.03,22.24,167.84,123.65,52.47301405850205
2025-10-16 08:43:17.952449,16.48,95.66,233.24,86.49,52.33948633686358
2025-10-16 08:43:18.952448,80.41,59.3,146.97,144.39,52.678195135338626
2025-10-16 08:43:19.952448,83.01,80.33,192.74,15.21,52.00268211911573
2025-10-16 08:43:20.952447,90.89,60.39,231.03,136.43,52.52711009001262
2025-10-16 08:43:21.952447,94.21,67.1,116.5,14.72,52.076838236022056
2025-10-16 08:43:22.952447,79.69,48.78,53.98,35.55,52.23077615858756
2025-10-16 08:43:23.952446,76.97,95.85,231.91,122.6,52.524716241882345
2025-10-16 08:43:24.952446,64.32,61.09,67.49,76.74,52.44539051647649
2025-10-16 08:43:25.952445,51.0,22.35,137.43,34.16,52.06034353188633
2025-10-16 08:43:26.952445,90.43,58.18,185.6,26.33,52.02560373543955
2025-10-16 08:43:27.952444,92.95,87.34,57.04,106.72,52.662423799522614
2025-10-16 08:43:28.952444,51.67,29.91,100.8,105.57,52.48625169243797
2025-10-16 08:43:29.952443,57.37,70.46,242.99,128.38,52.4898091047981
2025-10-16 08:43:30.952443,68.37,69.77,280.87,19.27,51.88443599576459
2025-10-16 08:43:31.952442,54.79,69.47,76.9,76.97,52.45020786763228
2025-10-16 08:43:32.952442,27.45,59.94,62.24,73.83,52.435450241654586
2025-10-16 08:43:33.952441,36.07,92.9,94.77,79.72,52.48568896021654
2025-10-16 08:43:34.952441,80.87,54.35,125.35,94.21,52.44319106937792
2025-10-16 08:43:35.952440,32.43,92.39,123.25,14.95,52.11808544489481
2025-10-16 08:43:36.952440,65.35,83.52,289.51,69.5,52.15421843455445
2025-10-16 08:43:37.952440,31.29,29.2,58.54,107.88,52.55331557005745
2025-10-16 08:43:38.952439,19.52,31.95,146.78,14.47,51.96661904778787
2025-10-16 08:43:39.952439,46.17,77.3,173.7,63.29,52.26611692381116
2025-10-16 08:43:40.952438,78.66,58.91,297.72,59.58,52.04508186961602
2025-10-16 08:43:41.952438,43.99,77.28,71.48,79.11,52.483509733731026
2025-10-16 08:43:42.952437,68.17,52.48,72.4,146.57,52.7761017716647
2025-10-16 08:43:43.952437,34.44,97.74,157.03,62.39,52.3236509585319
2025-10-16 08:43:44.952436,78.92,93.94,219.57,28.11,52.05851276896782
2025-10-16 08:43:45.952436,23.46,75.74,64.57,88.52,52.53750165484772
2025-10-16 08:43:46.952435,90.87,29.04,205.0,27.04,51.94653597759169
2025-10-16 08:43:47.952435,77.13,76.43,250.13,74.23,52.21728788906088
2025-10-16 08:43:48.952434,36.17,90.35,259.7,111.99,52.422930134874704
2025-10-16 08:43:49.952434,88.38,44.83,149.06,96.65,52.405233247515234
2025-10-16 08:43:50.952434,68.13,36.65,132.21,26.51,52.056353421397176
2025-10-16 08:43:51.952433,42.17,57.79,79.43,43.58,52.25483025841057
2025-10-16 08:43:52.952433,18.8,56.85,124.23,79.97,52.37735669841289
2025-10-16 08:43:53.952432,37.11,93.94,242.0,26.35,52.01947851096372
2025-10-16 08:43:54.952432,94.05,81.39,126.8,94.31,52.49429471840113
2025-10-16 08:43:55.952431,45.15,42.46,124.85,32.89,52.109869822063274
2025-10-16 08:43:56.952431,38.08,54.21,292.65,111.43,52.3056311889586
2025-10-16 08:43:57.952430,50.9,25.3,247.08,56.65,52.032898880828164
2025-10-16 08:43:58.952430,73.18,42.55,190.65,100.07,52.36230945584449
2025-10-16 08:43:59.952430,92.07,76.45,139.68,74.71,52.36803404155311
2025-10-16 08:44:00.952429,65.03,76.59,60.62,29.14,52.24340346721735
2025-10-16 08:44:01.952429,56.8,92.71,161.83,49.32,52.24116905725046
2025-10-16 08:44:02.952428,76.22,24.38,156.79,55.56,52.14679485025995
2025-10-16 08:44:03.952428,59.01,75.99,256.49,122.2,52.45109954385844
2025-10-16 08:44:04.952427,70.25,90.94,282.85,82.55,52.243740063056585
2025-10-16 08:44:05.952427,19.36,83.35,253.67,28.97,51.99651720019395
2025-10-16 08:44:06.952426,90.76,33.66,66.94,133.33,52.679735270253545
2025-10-16 08:44:07.952426,70.09,66.57,79.87,136.98,52.74483222406922
2025-10-16 08:44:08.952425,67.77,84.09,110.23,124.4,52.67433993418518
2025-10-16 08:44:09.952425,71.68,95.02,50.18,100.69,52.65598483937433
2025-10-16 08:44:10.952425,34.27,64.49,145.61,90.36,52.41617747610496
2025-10-16 08:44:11.952424,63.23,68.47,181.13,137.76,52.616542190099885
2025-10-16 08:44:12.952424,70.81,35.46,106.75,56.79,52.241737398440144
2025-10-16 08:44:13.952423,38.2,70.27,172.08,10.7,51.988003514813016
2025-10-16 08:44:14.952423,85.09,75.08,102.46,109.17,52.590047789058396
2025-10-16 08:44:15.952422,94.73,20.25,87.69,72.82,52.31903996998897
2025-10-16 08:44:16.952422,62.51,70.24,207.01,131.35,52.55274069609765
2025-10-16 08:44:17.952421,83.38,85.41,251.86,65.45,52.18790107706778
2025-10-16 08:44:18.952421,22.99,94.28,111.27,137.77,52.76052963754819
2025-10-16 08:44:19.952420,38.43,82.61,240.57,23.09,51.98285416647293
2025-10-16 08:44:20.952420,27.94,84.74,260.64,98.36,52.34166389655184
2025-10-16 08:44:21.952420,30.88,62.92,63.69,49.5,52.31594287751106
2025-10-16 08:44:22.952419,94.48,36.46,56.83,97.98,52.51952622037169
2025-10-16 08:44:23.952419,34.79,67.93,136.09,47.8,52.219865796832394
2025-10-16 08:44:24.952418,68.02,22.56,165.21,76.83,52.2397923030178
2025-10-16 08:44:25.952418,14.15,95.07,258.97,147.08,52.61098578082295
2025-10-16 08:44:26.952417,53.68,54.2,120.13,36.86,52.15914659047779
2025-10-16 08:44:27.952417,55.07,31.1,97.54,105.05,52.49030408592923
2025-10-16 08:44:28.952416,67.24,97.81,214.63,37.02,52.11783762378048
2025-10-16 08:44:29.952416,46.06,61.28,119.7,118.87,52.589266581128896
2025-10-16 08:44:30.952415,22.85,23.65,180.19,108.82,52.38398756063037
2025-10-16 08:44:31.952415,89.82,74.54,282.96,131.51,52.45994833966002
2025-10-16 08:44:32.952415,74.89,85.04,50.84,113.07,52.69847178234069
2025-10-16 08:44:33.952414,61.1,95.72,271.99,53.3,52.11931190528998
2025-10-16 08:44:34.952414,84.72,76.95,280.67,78.23,52.19757960730182
2025-10-16 08:44:35.952413,69.81,75.01,70.94,112.33,52.64824681052135
2025-10-16 08:44:36.952413,90.61,77.22,142.43,31.27,52.14560069404506
2025-10-16 08:44:37.952412,18.49,29.66,245.29,36.37,51.940955851818195
2025-10-16 08:44:38.952412,83.59,37.73,59.6,94.02,52.49819852114618
2025-10-16 08:44:39.952411,38.04,38.86,98.94,24.69,52.09608388961245
2025-10-16 08:44:40.952411,61.36,36.15,199.93,135.85,52.51881741310454
2025-10-16 08:44:41.952411,90.29,88.68,126.95,138.01,52.72981505842239
2025-10-16 08:44:42.952410,80.43,60.5,120.18,88.25,52.43186521809106
2025-10-16 08:44:43.952410,65.04,60.44,94.88,39.48,52.21845205815399
2025-10-16 08:44:44.952409,64.96,98.55,208.02,80.1,52.34656183767846
2025-10-16 08:44:45.952409,74.9,48.81,132.66,36.78,52.13144641889356
2025-10-16 08:44:46.952408,85.73,49.74,127.94,47.21,52.19246932289082
2025-10-16 08:44:47.952408,39.2,53.6,286.0,94.4,52.2270322158601
2025-10-16 08:44:48.952407,62.91,78.42,86.41,101.26,52.577981141588864
2025-10-16 08:44:49.952407,83.68,41.25,119.76,29.3,52.096150611364315
2025-10-16 08:44:50.952406,23.56,66.46,140.89,17.23,52.055577757154126
2025-10-16 08:44:51.952406,31.43,57.08,59.75,125.45,52.694945378381384
2025-10-16 08:44:52.952406,39.74,35.39,87.53,114.46,52.55978626344504
2025-10-16 08:44:53.952405,25.42,89.33,147.53,13.57,52.07254813843995
2025-10-16 08:44:54.952405,55.05,50.49,209.14,32.4,52.00983397718608
2025-10-16 08:44:55.952404,92.04,49.51,292.77,126.94,52.37497185930737
2025-10-16 08:44:56.952404,39.67,56.45,250.4,126.42,52.44270071931737
2025-10-16 08:44:57.952403,71.58,65.76,254.34,63.0,52.13396725224532
2025-10-16 08:44:58.952403,80.83,75.96,66.41,57.34,52.377378562482235
2025-10-16 08:44:59.952402,23.32,72.23,113.49,94.71,52.49639131408535
2025-10-16 08:45:00.952402,77.81,74.15,223.37,129.09,52.52691792940603
2025-10-16 08:45:01.952401,59.6,34.88,273.1,88.35,52.17730067797486
2025-10-16 08:45:02.952401,49.23,97.88,292.14,34.4,52.000637040397564
2025-10-16 08:45:03.952401,69.05,54.87,180.18,30.11,52.04561228353842
2025-10-16 08:45:04.952400,84.82,83.19,195.05,71.66,52.291336171869794
2025-10-16 08:45:05.952400,11.81,65.04,214.76,28.71,52.011854419109305
2025-10-16 08:45:06.952399,43.66,56.61,295.31,55.66,52.02397376148026
2025-10-16 08:45:07.952399,87.88,72.45,64.6,139.06,52.78730272692164
2025-10-16 08:45:08.952398,59.54,34.16,85.17,42.22,52.19431246805205
2025-10-16 08:45:09.952398,28.04,61.73,297.42,28.01,51.890906580813564
2025-10-16 08:45:10.952397,45.68,63.67,144.91,146.2,52.69862879705709
2025-10-16 08:45:11.952397,85.13,68.83,264.2,73.55,52.180183986666954
2025-10-16 08:45:12.952396,69.86,59.08,213.66,122.08,52.47512939394978
2025-10-16 08:45:13.952396,85.28,43.06,278.67,149.18,52.49412228561369
2025-10-16 08:45:14.952395,15.78,98.63,259.33,23.17,51.98920489882544
2025-10-16 08:45:15.952395,59.27,97.93,193.98,142.89,52.682546116461744
2025-10-16 08:45:16.952395,35.91,50.96,208.48,20.17,51.949628014915135
2025-10-16 08:45:17.952394,13.58,42.06,143.68,140.82,52.63101195961202
2025-10-16 08:45:18.952394,15.59,35.46,180.07,94.62,52.335104411755125
2025-10-16 08:45:19.952393,79.12,81.23,168.46,70.7,52.318356205951694
2025-10-16 08:45:20.952393,78.75,88.6,262.91,79.47,52.250346138574514
2025-10-16 08:45:21.952392,60.88,25.8,160.33,93.29,52.336090402550106
2025-10-16 08:45:22.952392,80.3,52.82,114.91,145.28,52.713154640450114
2025-10-16 08:45:23.952391,77.09,35.96,205.05,24.79,51.94850821713968
2025-10-16 08:45:24.952391,36.55,79.61,112.64,88.39,52.479830992858204
2025-10-16 08:45:25.952390,24.42,49.73,225.77,17.25,51.90922274013875
2025-10-16 08:45:26.952390,39.48,37.43,175.48,124.66,52.49739505578416
2025-10-16 08:45:27.952390,44.8,38.67,101.27,20.2,52.069822782489155
2025-10-16 08:45:28.952389,71.24,48.01,214.08,127.72,52.48164913268915
2025-10-16 08:45:29.952389,31.37,67.05,237.83,41.77,52.05100314800184
2025-10-16 08:45:30.952388,77.16,80.99,290.4,136.48,52.48769148652516
2025-10-16 08:45:31.952388,37.92,46.75,156.78,27.21,52.04654432780171
2025-10-16 08:45:32.952387,23.22,31.0,189.16,138.24,52.53538544351603
2025-10-16 08:45:33.952387,19.16,85.48,177.25,115.63,52.54260656018433
2025-10-16 08:45:34.952386,75.73,45.67,244.62,66.82,52.12734481101137
2025-10-16 08:45:35.952386,81.63,56.03,192.74,70.27,52.23461363860538
2025-10-16 08:45:36.952386,74.25,41.58,284.57,127.44,52.37310561740525
2025-10-16 08:45:37.952385,27.46,32.79,230.96,135.28,52.46774225694129
2025-10-16 08:45:38.952385,53.05,55.98,136.83,134.63,52.63587374196633
2025-10-16 08:45:39.952384,44.13,30.83,132.56,105.3,52.44403427725611
2025-10-16 08:45:40.952384,46.81,47.85,285.95,88.39,52.18545584249205
2025-10-16 08:45:41.952383,68.78,67.25,245.75,115.01,52.412081386333064
2025-10-16 08:45:42.952383,53.06,74.92,247.85,22.95,51.95742838523564
2025-10-16 08:45:43.952382,81.37,56.35,222.32,134.56,52.52147167530644
2025-10-16 08:45:44.952382,78.42,29.81,296.75,91.19,52.15009846487218
2025-10-16 08:45:45.952381,38.02,83.4,144.91,76.3,52.38257921826135
2025-10-16 08:45:46.952381,90.49,41.04,198.22,84.97,52.272656947649004
2025-10-16 08:45:47.952381,92.23,32.6,260.85,57.69,52.03387117084147
2025-10-16 08:45:48.952380,33.81,34.33,221.96,117.26,52.391456618228254
2025-10-16 08:45:49.952380,17.61,65.24,143.19,100.11,52.47031541898767
2025-10-16 08:45:50.952379,50.34,37.66,281.46,124.08,52.352628457935396
2025-10-16 08:45:51.952379,63.89,87.33,105.41,30.06,52.20880902408088
2025-10-16 08:45:52.952378,45.97,62.37,226.17,77.75,52.23997826287858
2025-10-16 08:45:53.952378,84.73,54.42,201.51,119.97,52.47168746433783
2025-10-16 08:45:54.952377,47.23,68.01,107.57,93.35,52.489243356282714
2025-10-16 08:45:55.952377,27.69,82.41,192.19,146.28,52.67197823624406
2025-10-16 08:45:56.952377,76.12,34.6,140.85,118.12,52.50522762168427
2025-10-16 08:45:57.952376,55.78,24.15,58.56,146.31,52.73831321821162
2025-10-16 08:45:58.952376,11.9,33.11,259.08,17.25,51.832210274962556
2025-10-16 08:45:59.952375,81.68,98.84,139.55,113.17,52.60670563163949
2025-10-16 08:46:00.952375,63.99,53.96,271.31,52.43,52.03466731711415
2025-10-16 08:46:01.952374,28.42,58.99,261.51,13.62,51.86083340305523
2025-10-16 08:46:02.952374,57.95,49.91,142.04,129.54,52.59127860019567
2025-10-16 08:46:03.952373,78.53,68.32,270.08,12.83,51.86345309025039
2025-10-16 08:46:04.952373,38.96,36.15,66.05,70.97,52.36960757735472
2025-10-16 08:46:05.952372,46.5,76.9,63.91,96.74,52.58231658598982
2025-10-16 08:46:06.952372,83.57,77.64,59.1,145.04,52.835089432840505
2025-10-16 08:46:07.952372,85.9,94.27,282.69,61.17,52.14203045258801
2025-10-16 08:46:08.952371,70.9,88.41,139.01,125.58,52.65008118914061
2025-10-16 08:46:09.952371,56.64,67.71,230.78,119.22,52.45441614899212
2025-10-16 08:46:10.952370,74.44,87.37,79.02,34.37,52.26616544153532
2025-10-16 08:46:11.952370,32.01,49.23,271.53,125.75,52.39690821471351
2025-10-16 08:46:12.952369,90.5,68.47,134.45,140.65,52.69385990993154
2025-10-16 08:46:13.952369,38.52,82.68,147.82,111.58,52.556140806059965
2025-10-16 08:46:14.952368,42.45,34.97,114.17,41.43,52.152950104961064
2025-10-16 08:46:15.952368,88.01,21.82,245.25,42.26,51.95563702737729
2025-10-16 08:46:16.952367,38.79,55.28,88.95,34.34,52.19032660592193
2025-10-16 08:46:17.952367,38.52,41.4,298.75,40.59,51.913396299371236
2025-10-16 08:46:18.952367,12.66,72.28,94.82,65.27,52.37229323678237
2025-10-16 08:46:19.952366,36.64,26.6,261.3,146.89,52.47384600353952
2025-10-16 08:46:20.952366,45.99,75.22,245.83,73.27,52.21584206309657
2025-10-16 08:46:21.952365,48.43,88.13,156.46,125.94,52.62793650680573
2025-10-16 08:46:22.952365,61.11,57.2,54.66,134.99,52.75037878532518
2025-10-16 08:46:23.952364,61.88,52.82,228.86,147.28,52.570322203789814
2025-10-16 08:46:24.952364,62.13,80.31,186.43,38.28,52.128077452721286
2025-10-16 08:46:25.952363,26.12,62.68,174.38,14.85,51.99120746472324
2025-10-16 08:46:26.952363,75.84,50.21,299.57,56.41,52.00962110616105
2025-10-16 08:46:27.952362,91.13,35.6,233.75,98.48,52.28288361842304
2025-10-16 08:46:28.952362,73.21,21.64,165.88,128.25,52.49780105006602
2025-10-16 08:46:29.952361,81.89,41.23,163.38,59.63,52.19132506864968
2025-10-16 08:46:30.952361,85.2,42.26,195.27,105.14,52.38124836880129
2025-10-16 08:46:31.952361,43.88,72.8,268.3,119.88,52.417284254735186
2025-10-16 08:46:32.952360,92.89,95.65,162.41,120.94,52.609211871682625
2025-10-16 08:46:33.952360,67.24,22.77,173.96,140.15,52.549482013443914
2025-10-16 08:46:34.952359,84.31,30.25,285.59,15.47,51.78203996301871
2025-10-16 08:46:35.952359,34.04,83.02,290.92,101.1,52.311563845844354
2025-10-16 08:46:36.952358,48.05,62.66,109.04,115.22,52.58775342708908
2025-10-16 08:46:37.952358,74.19,81.93,289.18,64.76,52.127540331846866
2025-10-16 08:46:38.952357,58.98,65.35,189.26,23.77,52.02164383918755
2025-10-16 08:46:39.952357,48.2,64.18,97.28,71.22,52.38341725738692
2025-10-16 08:46:40.952357,78.12,59.29,289.43,117.07,52.34841958127848
2025-10-16 08:46:41.952356,80.08,62.59,284.24,137.69,52.46634134761478
2025-10-16 08:46:42.952356,13.6,85.14,269.09,68.01,52.17722501597091
2025-10-16 08:46:43.952355,37.58,96.61,104.81,105.06,52.60789197358913
2025-10-16 08:46:44.952355,33.31,24.39,109.35,52.62,52.19559456117247
2025-10-16 08:46:45.952354,68.63,38.2,245.73,77.54,52.1656889106932
2025-10-16 08:46:46.952354,77.85,21.71,171.22,109.37,52.39504806727621
2025-10-16 08:46:47.952353,27.23,26.54,255.82,81.23,52.14819431217157
2025-10-16 08:46:48.952353,45.45,91.34,60.78,22.46,52.23798322865026
2025-10-16 08:46:49.952352,20.54,85.44,121.92,122.94,52.65386785453834
2025-10-16 08:46:50.952352,77.2,63.94,142.78,136.57,52.653189427793926
2025-10-16 08:46:51.952351,80.76,69.82,51.46,19.62,52.19427933259995
2025-10-16 08:46:52.952351,24.24,96.49,148.61,107.67,52.56209195879301
2025-10-16 08:46:53.952351,65.47,31.75,100.72,75.87,52.339357534461335
2025-10-16 08:46:54.952350,55.18,26.76,257.88,77.74,52.12816229689163
2025-10-16 08:46:55.952350,36.22,86.63,136.04,15.1,52.090483348946265
2025-10-16 08:46:56.952349,30.6,78.18,159.0,45.01,52.194882584352634
2025-10-16 08:46:57.952349,44.38,88.66,232.92,26.64,52.0228783303208
2025-10-16 08:46:58.952348,66.84,64.5,219.22,45.88,52.09186850959668
2025-10-16 08:46:59.952348,56.2,70.84,161.8,114.08,52.52704108389997
2025-10-16 08:47:00.952347,64.9,88.59,150.47,52.34,52.263724651969845
2025-10-16 08:47:01.952347,64.85,34.95,149.04,72.87,52.265498633689134
2025-10-16 08:47:02.952346,13.74,29.05,93.3,13.12,52.02593374186745
2025-10-16 08:47:03.952346,72.75,77.85,52.5,112.87,52.681257963279755
2025-10-16 08:47:04.952346,16.94,98.27,112.2,22.93,52.18480340282691
2025-10-16 08:47:05.952345,83.87,45.04,53.21,57.09,52.3337487395975
2025-10-16 08:47:06.952345,43.35,21.01,250.83,116.67,52.323825823937774
2025-10-16 08:47:07.952344,34.81,90.18,96.19,61.6,52.38663010069169
2025-10-16 08:47:08.952344,65.84,57.72,241.58,29.25,51.964363668940564
2025-10-16 08:47:09.952343,74.35,32.09,164.49,148.34,52.62182807558266
2025-10-16 08:47:10.952343,17.25,25.17,109.48,111.35,52.49469281680303
2025-10-16 08:47:11.952342,10.66,95.31,226.44,91.81,52.37490693418834
2025-10-16 08:47:12.952342,10.17,95.37,294.03,15.2,51.89587976720419
2025-10-16 08:47:13.952341,74.65,38.93,131.44,116.13,52.51618483070529
2025-10-16 08:47:14.952341,56.86,35.91,256.13,80.89,52.164261841319956
2025-10-16 08:47:15.952340,24.19,40.32,67.91,127.61,52.66237456769042
2025-10-16 08:47:16.952340,50.76,71.84,240.02,97.88,52.34184482848423
2025-10-16 08:47:17.952340,50.71,59.74,291.1,136.42,52.445155296366295
2025-10-16 08:47:18.952339,78.11,91.2,87.11,25.03,52.21539417362797
2025-10-16 08:47:19.952339,22.65,47.45,147.48,118.79,52.52469370913844
2025-10-16 08:47:20.952338,20.05,32.07,102.98,108.78,52.50379686937512
2025-10-16 08:47:21.952338,35.81,56.47,232.93,129.57,52.48216248872588
2025-10-16 08:47:22.952337,30.35,97.0,215.68,62.11,52.242058678842874
2025-10-16 08:47:23.952337,63.1,34.25,86.18,75.92,52.36398818488402
2025-10-16 08:47:24.952336,93.74,56.07,284.78,46.26,51.98940310114822
2025-10-16 08:47:25.952336,35.43,32.32,96.46,73.71,52.33523292764905
2025-10-16 08:47:26.952335,48.03,96.39,217.13,68.79,52.27279393906555
2025-10-16 08:47:27.952335,58.15,22.51,149.51,90.07,52.32789752599509
2025-10-16 08:47:28.952334,20.21,75.84,85.46,27.92,52.20241429084011
2025-10-16 08:47:29.952334,60.91,62.41,247.5,119.34,52.422279978719935
2025-10-16 08:47:30.952334,36.85,76.18,97.86,43.18,52.26379573580248
2025-10-16 08:47:31.952333,91.89,77.35,203.46,31.22,52.06367001959881
2025-10-16 08:47:32.952333,92.44,22.41,268.58,67.12,52.05150262048067
2025-10-16 08:47:33.952332,54.15,28.25,121.1,124.84,52.55347186898336
2025-10-16 08:47:34.952332,29.6,60.25,65.65,44.4,52.282266766989295
2025-10-16 08:47:35.952331,31.38,93.83,283.29,26.08,51.962466075958446
2025-10-16 08:47:36.952331,46.43,43.31,56.39,106.65,52.57738389646737
2025-10-16 08:47:37.952330,59.76,59.59,220.41,102.43,52.3674347005781
2025-10-16 08:47:38.952330,74.41,67.35,150.37,65.55,52.28955985161304
2025-10-16 08:47:39.952329,49.68,86.81,119.93,96.6,52.52565946151157
2025-10-16 08:47:40.952329,53.02,65.41,93.49,38.54,52.22520986435157
2025-10-16 08:47:41.952329,43.47,40.36,263.68,99.79,52.258595138852904
2025-10-16 08:47:42.952328,61.81,56.26,170.35,142.06,52.62908846280297
2025-10-16 08:47:43.952328,13.26,40.1,261.33,34.16,51.92850504035338
2025-10-16 08:47:44.952327,64.63,80.08,146.66,52.44,52.25281004072907
2025-10-16 08:47:45.952327,28.5,45.95,295.65,66.1,52.05573326785386
2025-10-16 08:47:46.952326,15.06,52.64,165.43,20.98,52.014791697779785
2025-10-16 08:47:47.952326,15.54,80.6,208.93,56.46,52.19060718483002
2025-10-16 08:47:48.952325,34.07,87.25,218.1,21.7,52.014988127261255
2025-10-16 08:47:49.952325,82.04,78.24,176.9,138.67,52.64581912853741
2025-10-16 08:47:50.952324,13.88,81.56,197.34,126.14,52.56130449211133
2025-10-16 08:47:51.952324,20.35,54.23,77.95,100.44,52.538175746850584
2025-10-16 08:47:52.952324,47.01,43.04,67.5,133.39,52.69751459108137
2025-10-16 08:47:53.952323,64.24,47.75,62.19,61.79,52.35078818915304
2025-10-16 08:47:54.952323,11.37,69.78,234.45,139.34,52.55551873853323
2025-10-16 08:47:55.952322,42.37,48.46,153.61,149.99,52.67660895926998
2025-10-16 08:47:56.952322,56.3,33.92,124.39,114.23,52.506280978181614
2025-10-16 08:47:57.952321,91.34,59.59,101.68,10.67,52.06160695953565
2025-10-16 08:47:58.952321,18.67,25.39,143.0,76.41,52.27297792999489
2025-10-16 08:47:59.952320,57.43,75.66,117.39,71.21,52.37867741305313
2025-10-16 08:48:00.952320,13.11,25.66,198.69,113.01,52.38430099436252
2025-10-16 08:48:01.952319,84.17,38.48,291.94,71.35,52.07281545385247
2025-10-16 08:48:02.952319,28.4,68.61,272.39,137.6,52.49349095863819
2025-10-16 08:48:03.952318,89.49,23.93,144.09,88.08,52.327843742010735
2025-10-16 08:48:04.952318,59.11,92.42,133.87,66.82,52.36686428082527
2025-10-16 08:48:05.952318,63.26,86.43,178.4,22.23,52.0693771029386
2025-10-16 08:48:06.952317,72.66,80.4,245.35,15.19,51.93209039076242
2025-10-16 08:48:07.952317,77.37,63.59,109.84,43.48,52.22476969092857
2025-10-16 08:48:08.952316,74.21,71.11,92.48,149.7,52.801215424488674
2025-10-16 08:48:09.952316,56.96,92.37,140.79,122.71,52.640835858999445
2025-10-16 08:48:10.952315,74.39,61.21,151.47,86.29,52.38130250501343
2025-10-16 08:48:11.952315,39.72,20.26,56.99,20.68,52.09592639676112
2025-10-16 08:48:12.952314,33.91,60.05,205.55,100.92,52.38062178273464
2025-10-16 08:48:13.952314,67.49,98.12,193.2,75.34,52.34148852509939
2025-10-16 08:48:14.952313,67.01,87.22,63.96,122.51,52.7329550839695
2025-10-16 08:48:15.952313,29.8,48.56,295.42,136.76,52.41935508817206
2025-10-16 08:48:16.952312,67.92,81.6,241.25,106.7,52.40387571426641
2025-10-16 08:48:17.952312,57.51,92.99,70.06,113.89,52.69227538686223
2025-10-16 08:48:18.952311,19.27,75.7,55.34,33.67,52.271728982976555
2025-10-16 08:48:19.952311,77.53,65.59,66.22,145.76,52.80576638131062
2025-10-16 08:48:20.952311,72.4,75.47,155.08,80.17,52.37313782076114
2025-10-16 08:48:21.952310,79.57,56.9,212.06,73.37,52.22608482730863
2025-10-16 08:48:22.952310,27.39,40.39,209.8,27.95,51.96676078512686
2025-10-16 08:48:23.952309,93.57,60.75,159.78,20.46,52.0354992583936
2025-10-16 08:48:24.952309,14.5,40.2,207.52,10.73,51.88214814347188
2025-10-16 08:48:25.952308,76.58,72.67,82.48,97.94,52.55525159541904
2025-10-16 08:48:26.952308,49.68,25.17,217.36,59.33,52.08613133303683
2025-10-16 08:48:27.952307,17.52,95.43,147.45,33.54,52.185755388903125
2025-10-16 08:48:28.952307,26.56,33.05,107.38,41.4,52.158182371028516
2025-10-16 08:48:29.952307,15.52,33.18,155.59,67.11,52.2240633670483
2025-10-16 08:48:30.952306,73.04,80.5,139.86,73.82,52.37114998339056
2025-10-16 08:48:31.952306,41.52,97.86,70.17,147.65,52.87275183928628
2025-10-16 08:48:32.952305,10.02,35.01,121.02,94.6,52.41340032468937
2025-10-16 08:48:33.952305,86.74,83.71,285.88,31.01,51.964319051896865
2025-10-16 08:48:34.952304,43.91,34.45,81.24,116.56,52.577050561799496
2025-10-16 08:48:35.952304,89.37,84.8,241.05,59.4,52.17055455352343
2025-10-16 08:48:36.952303,73.07,71.15,299.83,33.13,51.931933949566314
2025-10-16 08:48:37.952303,70.05,53.78,107.01,127.13,52.63360617808538
2025-10-16 08:48:38.952302,76.84,94.47,143.05,12.32,52.082212777792144
2025-10-16 08:48:39.952302,27.86,96.84,230.7,16.62,51.9909529516119
2025-10-16 08:48:40.952302,22.52,72.62,89.28,57.74,52.34221450446904
2025-10-16 08:48:41.952301,25.6,69.47,52.56,42.76,52.309440754142926
2025-10-16 08:48:42.952299,19.55,61.53,89.81,68.79,52.37597604224079
2025-10-16 08:48:43.952299,53.62,43.81,114.14,109.95,52.517559705110244
2025-10-16 08:48:44.952298,30.72,97.82,151.18,109.7,52.57151823226263
2025-10-16 08:48:45.952298,87.81,46.89,206.02,119.72,52.449733486643524
2025-10-16 08:48:46.952297,87.35,88.68,183.68,49.34,52.20410694061765
2025-10-16 08:48:47.952297,50.22,29.67,157.96,22.45,51.98763808326588
2025-10-16 08:48:48.952296,66.36,94.48,293.7,36.86,52.00440808480751
2025-10-16 08:48:49.952296,11.81,25.57,295.25,103.2,52.204763000448075
2025-10-16 08:48:50.952295,20.76,28.98,286.03,24.69,51.825726236452546
2025-10-16 08:48:51.952295,22.36,82.6,293.86,147.73,52.54321183781426
2025-10-16 08:48:52.952295,18.76,34.62,92.08,38.63,52.16772893168626
2025-10-16 08:48:53.952294,65.06,72.69,254.16,73.42,52.20050372529599
2025-10-16 08:48:54.952294,46.34,96.46,250.5,127.03,52.52340520622585
2025-10-16 08:48:55.952293,81.33,61.64,126.61,47.86,52.22067391456111
2025-10-16 08:48:56.952293,37.38,79.27,97.61,105.91,52.58817256430125
2025-10-16 08:48:57.952292,58.02,91.62,133.39,149.27,52.78397001565339
2025-10-16 08:48:58.952292,37.91,41.81,128.75,30.64,52.091963857981305
2025-10-16 08:48:59.952291,49.22,65.99,250.32,140.21,52.53126028138878
2025-10-16 08:49:00.952291,30.15,25.5,92.51,27.52,52.093103059162935
2025-10-16 08:49:01.952291,56.06,46.98,280.49,36.17,51.926343223317645
2025-10-16 08:49:02.952290,72.3,32.15,106.6,18.48,52.041277792615915
2025-10-16 08:49:03.952290,72.84,31.98,138.27,92.69,52.374671680365225
2025-10-16 08:49:04.952289,18.96,93.49,94.44,15.1,52.159659432966485
2025-10-16 08:49:05.952289,15.31,24.1,206.94,110.1,52.35544093187693
2025-10-16 08:49:06.952288,12.98,60.97,95.58,118.02,52.61673467753576
2025-10-16 08:49:07.952288,83.31,78.35,250.77,71.18,52.204696306661745
2025-10-16 08:49:08.952287,14.32,36.57,293.22,74.98,52.08578952238195
2025-10-16 08:49:09.952287,44.37,71.5,81.63,62.26,52.3732240017783
2025-10-16 08:49:10.952286,12.65,36.31,144.39,15.72,51.984637124797686
2025-10-16 08:49:11.952286,82.33,91.03,248.06,130.96,52.536054227882985
2025-10-16 08:49:12.952286,85.57,45.2,222.68,42.31,52.0316208670223
2025-10-16 08:49:13.952285,54.6,82.69,172.72,87.42,52.40024364936007
2025-10-16 08:49:14.952285,85.0,82.32,239.43,106.76,52.408022250704356
2025-10-16 08:49:15.952284,87.53,65.96,115.2,49.23,52.25133156551053
2025-10-16 08:49:16.952284,40.43,73.6,155.71,20.82,52.067757893495966
2025-10-16 08:49:17.952283,56.53,73.2,239.89,100.83,52.35961835226704
2025-10-16 08:49:18.952283,36.79,23.65,296.72,58.51,51.97248345869243
2025-10-16 08:49:19.952282,17.55,39.25,124.53,31.37,52.096355546801846
2025-10-16 08:49:20.952282,61.92,35.32,189.8,82.07,52.25814267323985
2025-10-16 08:49:21.952281,59.0,59.45,220.64,46.91,52.08537127046053
2025-10-16 08:49:22.952281,12.9,47.92,94.61,128.36,52.64510163477665
2025-10-16 08:49:23.952281,17.95,64.5,103.77,54.89,52.29253457389659
2025-10-16 08:49:24.952280,87.29,53.3,284.28,133.01,52.42450835536917
2025-10-16 08:49:25.952280,56.81,78.96,160.94,23.1,52.0827116892517
2025-10-16 08:49:26.952279,59.57,71.53,192.76,39.82,52.11032643473392
2025-10-16 08:49:27.952279,20.36,41.99,255.4,33.48,51.93669080534597
2025-10-16 08:49:28.952278,88.7,26.37,90.67,149.66,52.71650521475292
2025-10-16 08:49:29.952278,81.12,90.37,164.33,140.05,52.69326084888151
2025-10-16 08:49:30.952277,12.31,79.27,104.92,73.1,52.412014778880625
2025-10-16 08:49:31.952277,92.18,63.67,209.13,144.78,52.605217285275955
2025-10-16 08:49:32.952276,15.75,97.41,212.88,73.73,52.30552684946926
2025-10-16 08:49:33.952276,29.59,64.33,71.43,78.72,52.45643558251588
2025-10-16 08:49:34.952275,49.04,60.95,193.06,15.83,51.96773733461543
2025-10-16 08:49:35.952275,34.93,26.11,268.84,78.96,52.11837129212756
2025-10-16 08:49:36.952275,20.24,58.0,181.76,79.69,52.30094054776139
2025-10-16 08:49:37.952274,11.66,56.82,278.93,61.31,52.07501629069167
2025-10-16 08:49:38.952274,18.93,69.46,189.97,22.7,52.02325228416011
2025-10-16 08:49:39.952273,43.31,82.8,162.47,135.02,52.6555462830978
2025-10-16 08:49:40.952273,68.5,97.39,164.22,97.46,52.49112114142951
2025-10-16 08:49:41.952272,34.14,20.13,268.54,113.51,52.28232004415042
2025-10-16 08:49:42.952272,34.08,29.56,142.72,98.17,52.391778538435815
2025-10-16 08:49:43.952271,67.56,91.83,100.37,69.71,52.42534202745061
2025-10-16 08:49:44.952271,32.14,35.6,145.15,118.33,52.50246293379935
2025-10-16 08:49:45.952271,34.56,78.43,257.26,63.43,52.1568472796458
2025-10-16 08:49:46.952270,62.23,61.06,156.35,45.26,52.166440559995756
2025-10-16 08:49:47.952270,79.21,97.75,217.01,55.96,52.21055051180883
2025-10-16 08:49:48.952269,38.62,24.8,165.03,51.05,52.1136837899006
2025-10-16 08:49:49.952269,25.99,92.01,265.86,26.07,51.982277736764885
2025-10-16 08:49:50.952268,11.14,97.22,129.88,22.88,52.15877504677909
2025-10-16 08:49:51.952268,27.48,46.83,293.86,85.85,52.159977397868666
2025-10-16 08:49:52.952267,65.45,82.5,226.92,48.29,52.12872716116586
2025-10-16 08:49:53.952267,11.46,70.19,291.4,95.44,52.25729283398622
2025-10-16 08:49:54.952266,23.64,98.41,139.22,51.37,52.29299128318511
2025-10-16 08:49:55.952266,45.47,88.04,178.45,87.62,52.40396132941201
2025-10-16 08:49:56.952265,55.31,64.88,100.83,54.97,52.29762537772823
2025-10-16 08:49:57.952265,16.02,22.42,72.65,18.34,52.067237210686876
2025-10-16 08:49:58.952265,18.0,53.43,249.8,104.85,52.32827939585522
2025-10-16 08:49:59.952264,54.39,52.07,246.5,42.5,52.01395652010143
2025-10-16 08:50:00.952264,24.74,89.6,223.89,59.25,52.20215772128863
2025-10-16 08:50:01.952263,82.14,39.44,161.16,77.28,52.28031134214276
2025-10-16 08:50:02.952263,61.33,46.72,154.78,63.47,52.23300666831001
2025-10-16 08:50:03.952262,87.04,66.28,117.86,45.87,52.231347487343456
2025-10-16 08:50:04.952262,14.58,90.51,298.23,118.43,52.4041667632203
2025-10-16 08:50:05.952261,42.96,30.07,278.9,114.48,52.29264515547191
2025-10-16 08:50:06.952261,50.9,57.72,186.21,73.26,52.26182289137661
2025-10-16 08:50:07.952260,14.23,65.29,81.86,124.85,52.67817521905156
2025-10-16 08:50:08.952260,64.41,58.92,57.64,14.8,52.14036540291026
2025-10-16 08:50:09.952260,35.5,95.61,211.94,13.82,51.999551430118785
2025-10-16 08:50:10.952259,12.59,22.84,226.27,35.64,51.94953582859047
2025-10-16 08:50:11.952259,66.25,40.86,164.11,18.41,51.98064351201045
2025-10-16 08:50:12.952258,14.1,42.83,140.63,129.28,52.57809565829814
2025-10-16 08:50:13.952258,69.55,51.31,207.45,115.11,52.43303018912934
2025-10-16 08:50:14.952257,16.79,80.75,236.96,23.48,51.98606339949618
2025-10-16 08:50:15.952257,52.68,90.93,127.64,17.23,52.120914507122144
2025-10-16 08:50:16.952256,67.11,22.31,272.29,113.31,52.28050796818555
2025-10-16 08:50:17.952256,63.45,41.27,106.81,74.66,52.343546330456036
2025-10-16 08:50:18.952255,70.76,37.5,254.67,136.92,52.453379742339585
2025-10-16 08:50:19.952255,52.44,26.32,246.16,105.41,52.28332584817669
2025-10-16 08:50:20.952255,37.3,97.87,268.79,127.82,52.50559688635001
2025-10-16 08:50:21.952254,35.51,79.51,54.08,27.17,52.24786937615192
2025-10-16 08:50:22.952254,28.14,45.24,216.0,63.06,52.14586725531377
2025-10-16 08:50:23.952253,18.6,25.93,177.06,109.5,52.39606740483888
2025-10-16 08:50:24.952253,14.95,98.54,199.46,41.72,52.163449798154716
2025-10-16 08:50:25.952252,44.33,52.5,102.28,91.65,52.45758753276582
2025-10-16 08:50:26.952252,92.27,66.04,210.14,43.76,52.0963021853355
2025-10-16 08:50:27.952251,82.46,86.27,153.79,51.88,52.252427400448205
2025-10-16 08:50:28.952251,62.04,57.09,137.48,129.84,52.61287308892643
2025-10-16 08:50:29.952250,77.78,87.64,166.33,86.83,52.415449323828895
2025-10-16 08:50:30.952250,60.55,97.24,133.33,23.22,52.155906230743525
2025-10-16 08:50:31.952250,21.73,78.95,176.34,14.16,52.01669331911822
2025-10-16 08:50:32.952249,58.51,74.26,143.24,112.26,52.549375327639375
2025-10-16 08:50:33.952249,91.91,69.0,97.8,138.39,52.732632573772605
2025-10-16 08:50:34.952248,22.19,79.38,77.11,69.62,52.4319187284253
2025-10-16 08:50:35.952248,70.11,53.17,238.03,85.64,52.246181428703885
2025-10-16 08:50:36.952247,80.51,89.5,128.76,11.75,52.08884900725569
2025-10-16 08:50:37.952247,52.84,30.16,135.7,137.23,52.600399987500126
2025-10-16 08:50:38.952246,57.8,50.4,56.76,108.98,52.60247717833235
2025-10-16 08:50:39.952246,39.81,44.15,232.88,125.62,52.43826357429722
2025-10-16 08:50:40.952246,77.2,86.75,173.17,69.43,52.31632072433364
2025-10-16 08:50:41.952245,75.82,61.68,125.96,136.81,52.67259468337414
2025-10-16 08:50:42.952245,62.12,74.44,89.01,61.82,52.366798850913526
2025-10-16 08:50:43.952244,69.02,44.43,146.1,82.48,52.33658870024181
2025-10-16 08:50:44.952244,58.85,57.51,246.67,127.98,52.45767691173353
2025-10-16 08:50:45.952243,43.83,95.62,180.59,98.19,52.46940686368228
2025-10-16 08:50:46.952243,13.69,47.12,62.78,94.28,52.513494038198495
2025-10-16 08:50:47.952242,64.65,97.9,186.3,83.6,52.39220157911785
2025-10-16 08:50:48.952242,69.42,85.35,286.32,13.75,51.8794081398892
2025-10-16 08:50:49.952241,62.62,39.72,212.71,30.09,51.972401985653526
2025-10-16 08:50:50.952241,55.64,42.54,147.45,61.75,52.22600411766236
2025-10-16 08:50:51.952241,59.4,53.86,281.36,109.84,52.31204616170297
2025-10-16 08:50:52.952240,93.69,58.42,120.67,16.65,52.06415850244222
2025-10-16 08:50:53.952240,75.06,76.06,184.67,33.88,52.0998740102461
2025-10-16 08:50:54.952239,52.55,20.09,193.83,61.87,52.1207255506527
2025-10-16 08:50:55.952239,70.69,93.53,148.38,42.41,52.22578519050798
2025-10-16 08:50:56.952238,34.07,35.84,265.31,36.2,51.925226858920524
2025-10-16 08:50:57.952238,39.26,21.36,241.92,91.44,52.20855278750943
2025-10-16 08:50:58.952237,12.99,79.8,228.11,103.86,52.40361921577643
2025-10-16 08:50:59.952237,83.88,64.13,264.12,97.55,52.29283686967975
2025-10-16 08:51:00.952236,38.53,46.92,68.57,106.06,52.565056411872064
2025-10-16 08:51:01.952236,81.4,27.26,246.62,30.54,51.904949089969506
2025-10-16 08:51:02.952235,23.95,23.5,71.84,125.04,52.61138495687582
2025-10-16 08:51:03.952235,90.45,91.75,181.12,23.09,52.080423420862964
2025-10-16 08:51:04.952235,33.48,56.94,216.79,31.58,52.00794030320258
2025-10-16 08:51:05.952234,61.59,98.8,287.57,47.69,52.075939150514145
2025-10-16 08:51:06.952234,54.62,65.21,100.13,125.49,52.65673794099241
2025-10-16 08:51:07.952233,70.46,58.82,256.8,59.55,52.09968798492051
2025-10-16 08:51:08.952233,44.0,41.7,58.32,81.04,52.44182351072765
2025-10-16 08:51:09.952232,20.11,80.37,236.72,11.64,51.92561919010146
2025-10-16 08:51:10.952232,72.0,40.01,260.05,112.42,52.32682136897317
2025-10-16 08:51:11.952231,56.13,66.2,206.69,90.06,52.335982398464715
2025-10-16 08:51:12.952231,85.25,70.04,240.55,98.31,52.33981570127652
2025-10-16 08:51:13.952230,82.07,90.62,197.56,16.98,52.0251804631167
2025-10-16 08:51:14.952230,91.44,42.18,112.97,78.41,52.35605735780076
2025-10-16 08:51:15.952229,12.65,95.12,224.1,66.31,52.24839580286448
2025-10-16 08:51:16.952229,37.37,32.61,187.54,129.36,52.49566771568346
2025-10-16 08:51:17.952229,59.37,80.37,226.26,87.08,52.32213689642008
2025-10-16 08:51:18.952228,82.14,79.54,283.9,130.89,52.46525890805304
2025-10-16 08:51:19.952228,65.03,20.85,261.08,148.89,52.47310800195621
2025-10-16 08:51:20.952227,87.86,91.35,281.72,113.19,52.401396446498964
2025-10-16 08:51:21.952227,73.5,60.33,174.9,19.59,52.00997442750307
2025-10-16 08:51:22.952226,53.52,97.08,129.04,41.11,52.25205552230186
2025-10-16 08:51:23.952226,46.55,30.57,176.56,146.08,52.59121303239422
2025-10-16 08:51:24.952225,55.38,48.89,176.49,91.23,52.34882003723747
2025-10-16 08:51:25.952225,81.11,98.28,175.38,29.11,52.13133895482209
2025-10-16 08:51:26.952224,63.29,36.43,281.69,111.16,52.284426078863056
2025-10-16 08:51:27.952224,68.15,67.79,262.02,83.96,52.23386762916943
2025-10-16 08:51:28.952223,51.55,58.46,103.57,116.42,52.593019255471255
2025-10-16 08:51:29.952223,22.97,68.76,72.09,94.23,52.54279243528415
2025-10-16 08:51:30.952223,46.08,76.48,175.94,38.51,52.13588352295045
2025-10-16 08:51:31.952222,15.25,20.86,170.03,62.55,52.15761967796206
2025-10-16 08:51:32.952222,83.22,76.78,85.19,51.14,52.32232714912073
2025-10-16 08:51:33.952221,43.47,74.25,230.29,79.78,52.267824138962325
2025-10-16 08:51:34.952221,36.12,65.06,135.32,91.13,52.4350027499871
2025-10-16 08:51:35.952220,53.8,93.62,73.97,146.52,52.85368247801545
2025-10-16 08:51:36.952220,76.64,23.07,220.78,92.76,52.246947327491114
2025-10-16 08:51:37.952219,60.3,46.19,245.93,65.33,52.11904244780092
2025-10-16 08:51:38.952219,41.36,81.82,218.18,142.32,52.61586453408672
2025-10-16 08:51:39.952218,16.89,29.69,197.83,148.26,52.57200156349489
2025-10-16 08:51:40.952218,67.51,33.69,231.48,34.03,51.955462419588414
2025-10-16 08:51:41.952217,42.37,95.21,272.59,66.3,52.18342453560285
2025-10-16 08:51:42.952217,71.83,85.31,109.84,103.31,52.570309287379416
2025-10-16 08:51:43.952217,77.35,60.79,169.94,12.88,51.983507597706286
2025-10-16 08:51:44.952216,33.99,25.73,209.17,121.33,52.41254996267633
2025-10-16 08:51:45.952216,17.1,42.91,175.01,31.88,52.03828626930147
2025-10-16 08:51:46.952215,71.2,77.41,50.55,46.87,52.34840523962986
2025-10-16 08:51:47.952215,71.97,37.43,279.12,12.03,51.78723698773514
2025-10-16 08:51:48.952214,73.46,52.73,75.47,129.16,52.684198722715436
2025-10-16 08:51:49.952214,14.89,38.44,215.91,87.76,52.25800186652097
2025-10-16 08:51:50.952213,70.29,97.96,159.75,15.35,52.08193738812917
2025-10-16 08:51:51.952213,66.36,83.17,144.22,138.73,52.69957443436989
2025-10-16 08:51:52.952212,52.48,63.53,101.7,100.09,52.52258950173265
2025-10-16 08:51:53.952212,77.15,63.91,288.79,95.13,52.24702186962352
2025-10-16 08:51:54.952211,54.57,32.54,193.84,90.73,52.2912227801498
2025-10-16 08:51:55.952211,40.92,55.89,256.56,70.66,52.15064364088044
2025-10-16 08:51:56.952211,44.37,32.27,188.31,138.95,52.54259399951374
2025-10-16 08:51:57.952210,92.62,62.46,282.0,138.78,52.47462205229895
2025-10-16 08:51:58.952210,43.2,96.52,94.33,81.91,52.50441705079972
2025-10-16 08:51:59.952209,29.11,41.32,53.42,10.58,52.090435711129466
2025-10-16 08:52:00.952209,79.03,66.94,193.77,147.16,52.64425792493651
2025-10-16 08:52:01.952208,56.95,90.15,234.14,31.63,52.04943481795541
2025-10-16 08:52:02.952208,43.79,53.09,292.9,70.99,52.098091181241884
2025-10-16 08:52:03.952207,69.65,58.7,64.99,96.89,52.54626160657595
2025-10-16 08:52:04.952207,80.83,34.47,119.01,71.35,52.297173423331294
2025-10-16 08:52:05.952206,36.53,46.22,201.97,133.48,52.52363075621183
2025-10-16 08:52:06.952206,37.98,89.94,104.49,99.82,52.56879419686911
2025-10-16 08:52:07.952206,77.28,60.4,256.27,48.85,52.04922141423871
2025-10-16 08:52:08.952205,80.86,95.72,233.2,10.24,51.95307431195353
2025-10-16 08:52:09.952205,84.27,79.89,264.67,54.91,52.106540919160906
2025-10-16 08:52:10.952204,89.12,86.2,274.17,38.44,52.022547232060006
2025-10-16 08:52:11.952204,15.27,28.79,95.98,82.57,52.37393752530197
2025-10-16 08:52:12.952203,71.43,75.36,209.07,35.1,52.07194330465985
2025-10-16 08:52:13.952203,22.42,21.32,281.9,21.27,51.79904674015305
2025-10-16 08:52:14.952202,69.01,72.17,265.51,98.67,52.312272241499855
2025-10-16 08:52:15.952202,56.45,80.63,100.52,95.0,52.53159577965861
2025-10-16 08:52:16.952201,86.55,78.89,109.5,52.28,52.29957196616405
2025-10-16 08:52:17.952201,65.43,66.87,189.52,119.52,52.50969440068017
2025-10-16 08:52:18.952200,44.2,66.67,151.39,54.51,52.23089714962132
2025-10-16 08:52:19.952200,79.42,47.25,235.35,133.86,52.48274777432714
2025-10-16 08:52:20.952199,23.85,67.2,232.21,81.42,52.25986200069669
2025-10-16 08:52:21.952199,50.65,27.62,257.12,80.6,52.14535368795436
2025-10-16 08:52:22.952199,45.52,29.6,267.16,82.34,52.14454462951182
2025-10-16 08:52:23.952198,11.45,47.55,152.45,95.44,52.39983313231191
2025-10-16 08:52:24.952198,55.4,69.39,122.09,70.16,52.354860813293776
2025-10-16 08:52:25.952197,94.63,97.06,60.46,71.75,52.49942466971379
2025-10-16 08:52:26.952197,29.95,44.7,60.85,124.39,52.66403815864855
2025-10-16 08:52:27.952196,46.68,38.79,293.57,132.54,52.38145877747351
2025-10-16 08:52:28.952196,31.87,23.11,107.68,28.88,52.07498901690619
2025-10-16 08:52:29.952195,12.58,24.34,249.01,126.92,52.38470663055811
2025-10-16 08:52:30.952195,15.98,73.6,219.12,122.88,52.500070327621756
2025-10-16 08:52:31.952194,54.27,84.13,236.03,116.09,52.46340618022638
2025-10-16 08:52:32.952194,83.95,67.68,155.45,127.9,52.599491703416106
2025-10-16 08:52:33.952193,26.37,66.49,183.06,80.48,52.31969808734859
2025-10-16 08:52:34.952193,26.67,44.81,264.19,64.58,52.088045272950346
2025-10-16 08:52:35.952193,90.21,38.82,162.87,143.46,52.61233908579792
2025-10-16 08:52:36.952192,27.32,23.44,181.71,17.71,51.9196174680886
2025-10-16 08:52:37.952192,12.16,48.7,250.87,77.38,52.17838076651093
2025-10-16 08:52:38.952191,25.27,27.88,205.38,63.59,52.1290777871685
2025-10-16 08:52:39.952191,41.8,95.88,288.23,147.04,52.57307682943058
2025-10-16 08:52:40.952190,90.9,41.9,175.7,11.65,51.932832656542146
2025-10-16 08:52:41.952190,58.71,37.27,104.86,88.61,52.40911699689618
2025-10-16 08:52:42.952189,85.01,72.24,201.64,137.88,52.59694264627329
2025-10-16 08:52:43.952189,94.07,29.5,124.33,13.98,51.989512051061595
2025-10-16 08:52:44.952188,23.62,30.42,280.42,48.1,51.954742653600185
2025-10-16 08:52:45.952188,26.27,37.52,146.14,100.79,52.41593817923812
2025-10-16 08:52:46.952187,13.42,67.01,135.65,119.22,52.58076330403319
2025-10-16 08:52:47.952187,37.17,43.17,265.83,87.16,52.197135924805494
2025-10-16 08:52:48.952186,42.66,72.96,134.84,122.72,52.61115728928821
2025-10-16 08:52:49.952186,63.18,40.3,180.34,34.17,52.03766948587974
2025-10-16 08:52:50.952186,14.25,37.43,116.17,122.98,52.56849834364551
2025-10-16 08:52:51.952185,46.42,50.29,265.21,34.51,51.944871668364044
2025-10-16 08:52:52.952185,27.66,80.42,113.35,18.24,52.12479608920591
2025-10-16 08:52:53.952184,88.68,37.34,243.79,63.8,52.09696127768476
2025-10-16 08:52:54.952184,90.86,61.5,65.18,136.31,52.75130412416301
2025-10-16 08:52:55.952183,18.38,47.74,150.17,138.94,52.623805163135025
2025-10-16 08:52:56.952183,39.45,68.19,101.64,149.38,52.78162214950619
2025-10-16 08:52:57.952182,25.65,81.63,55.29,116.41,52.70280525160391
2025-10-16 08:52:58.952182,38.32,61.98,82.7,28.54,52.18233053224296
2025-10-16 08:52:59.952181,47.54,67.79,140.96,28.66,52.11601751886772
2025-10-16 08:53:00.952181,69.07,83.59,71.54,50.44,52.35033561476204
2025-10-16 08:53:01.952180,52.32,26.77,192.71,124.15,52.450964808309955
2025-10-16 08:53:02.952180,23.6,29.18,273.85,43.22,51.93641176327401
2025-10-16 08:53:03.952179,45.58,75.98,181.35,132.5,52.60417218569381
2025-10-16 08:53:04.952179,24.88,83.34,259.03,51.32,52.10261521033198
2025-10-16 08:53:05.952179,51.57,96.65,228.92,97.9,52.4050573837247
2025-10-16 08:53:06.952178,45.78,72.72,75.34,10.95,52.12390047213252
2025-10-16 08:53:07.952178,77.6,23.12,80.04,63.01,52.28515057465467
2025-10-16 08:53:08.952177,26.22,76.34,276.87,77.03,52.195411671751685
2025-10-16 08:53:09.952177,86.56,90.43,295.63,38.89,52.004239293639365
2025-10-16 08:53:10.952176,16.38,30.04,252.38,61.62,52.06019205906603
2025-10-16 08:53:11.952176,73.96,84.91,268.29,118.72,52.434948298978604
2025-10-16 08:53:12.952175,70.99,20.67,273.13,42.49,51.917140934657645
2025-10-16 08:53:13.952175,36.75,33.16,96.02,44.63,52.19002224383809
2025-10-16 08:53:14.952174,63.16,40.49,85.61,104.88,52.523703968057355
2025-10-16 08:53:15.952174,79.04,60.77,131.39,93.85,52.44573261535982
2025-10-16 08:53:16.952174,10.68,80.92,69.19,139.99,52.80231452960974
2025-10-16 08:53:17.952173,61.35,27.52,121.93,133.43,52.59448983901809
2025-10-16 08:53:18.952173,31.32,25.1,113.52,112.83,52.49663679213473
2025-10-16 08:53:19.952172,77.4,35.81,272.85,17.12,51.81831218075477
2025-10-16 08:53:20.952172,14.15,28.45,81.88,91.08,52.435350530166545
2025-10-16 08:53:21.952171,27.02,61.98,58.36,149.83,52.82993784050371
2025-10-16 08:53:22.952171,75.12,88.43,63.36,87.02,52.55617989982372
2025-10-16 08:53:23.952170,77.1,64.63,246.51,128.59,52.474819704659495
2025-10-16 08:53:24.952170,83.59,64.66,99.09,111.15,52.58436252430241
2025-10-16 08:53:25.952169,52.33,71.22,212.88,18.9,51.976650960654716
2025-10-16 08:53:26.952169,50.3,61.3,237.03,56.17,52.11391092450623
2025-10-16 08:53:27.952168,38.94,72.33,266.74,57.25,52.10093535093047
2025-10-16 08:53:28.952168,32.83,78.29,76.17,133.96,52.7572620045719
2025-10-16 08:53:29.952167,19.24,33.76,254.62,78.38,52.1493856062003
2025-10-16 08:53:30.952167,92.41,71.12,175.4,126.56,52.57260058671912
2025-10-16 08:53:31.952167,49.56,90.08,214.77,29.06,52.06227234858874
2025-10-16 08:53:32.952166,66.72,72.51,98.58,102.47,52.55629401829422
2025-10-16 08:53:33.952166,13.68,83.04,294.38,125.4,52.43015717536315
2025-10-16 08:53:34.952165,46.78,51.69,124.01,24.42,52.08599057976977
2025-10-16 08:53:35.952165,81.56,74.76,80.0,87.03,52.507329133313284
2025-10-16 08:53:36.952164,92.94,75.85,194.61,10.56,51.96789116803506
2025-10-16 08:53:37.952164,56.15,68.59,92.53,149.31,52.7942742500286
2025-10-16 08:53:38.952163,12.0,20.61,187.84,93.77,52.29150810889623
2025-10-16 08:53:39.952163,57.95,97.66,84.38,102.75,52.62564703065241
2025-10-16 08:53:40.952163,28.32,94.82,200.87,44.15,52.16664829913271
2025-10-16 08:53:41.952162,12.29,95.36,132.6,116.31,52.6251930352009
2025-10-16 08:53:42.952162,74.72,64.27,69.92,54.7,52.33656632770091
2025-10-16 08:53:43.952161,65.92,81.27,51.19,72.02,52.482555480989866
2025-10-16 08:53:44.952161,63.69,86.71,107.52,93.35,52.52564768390288
2025-10-16 08:53:45.952160,78.05,47.38,160.62,56.35,52.19035132794595
2025-10-16 08:53:46.952160,44.88,65.08,81.14,97.05,52.537789610119475
2025-10-16 08:53:47.952159,23.43,20.54,71.01,36.16,52.15613186604454
2025-10-16 08:53:48.952159,45.22,88.76,252.65,127.54,52.50814222315252
2025-10-16 08:53:49.952158,65.53,30.92,255.63,33.83,51.916645669655175
2025-10-16 08:53:50.952158,77.98,27.2,98.2,97.66,52.444372923357534
2025-10-16 08:53:51.952157,15.65,37.31,86.88,59.77,52.2871151558709
2025-10-16 08:53:52.952157,27.49,87.48,204.79,123.08,52.547292782720575
2025-10-16 08:53:53.952157,73.64,92.37,88.92,125.77,52.72598278837346
2025-10-16 08:53:54.952156,66.98,45.61,175.11,32.73,52.04770801469527
2025-10-16 08:53:55.952156,44.48,94.63,101.1,127.87,52.72467014662211
2025-10-16 08:53:56.952155,41.68,42.93,200.63,68.15,52.18781796859261
2025-10-16 08:53:57.952155,86.96,29.65,139.45,122.59,52.52015097718532
2025-10-16 08:53:58.952154,49.49,38.84,58.46,14.16,52.0970010623518
2025-10-16 08:53:59.952154,64.1,24.23,223.88,141.78,52.49356786705603
2025-10-16 08:54:00.952153,24.04,63.56,205.54,112.94,52.448396302379514
2025-10-16 08:54:01.952153,55.51,77.86,112.06,11.02,52.084948437178305
2025-10-16 08:54:02.952152,65.49,87.68,274.38,30.83,51.98655902076967
2025-10-16 08:54:03.952152,78.33,55.26,299.97,147.42,52.48031162309547
2025-10-16 08:54:04.952152,81.4,80.13,116.25,62.66,52.345545841145444
2025-10-16 08:54:05.952151,82.63,91.95,146.75,99.87,52.51622147456535
2025-10-16 08:54:06.952151,90.05,67.31,102.59,108.11,52.56940074234703
2025-10-16 08:54:07.952150,25.32,62.88,88.54,148.12,52.78250193266723
2025-10-16 08:54:08.952150,53.35,31.86,93.79,99.33,52.46781507279207
2025-10-16 08:54:09.952149,56.21,50.91,230.12,141.62,52.5362234533148
2025-10-16 08:54:10.952149,30.64,58.99,252.55,136.57,52.496209900774865
2025-10-16 08:54:11.952148,75.9,76.29,149.48,146.22,52.71711794976389
2025-10-16 08:54:12.952148,88.32,44.9,142.93,106.83,52.46521040174279
2025-10-16 08:54:13.952147,87.26,76.63,293.42,80.5,52.191350288470524
2025-10-16 08:54:14.952147,10.7,77.43,209.86,114.12,52.4755311465026
2025-10-16 08:54:15.952146,75.31,82.86,149.5,53.84,52.26149738603138
2025-10-16 08:54:16.952146,40.17,35.26,298.19,127.45,52.34259132359791
2025-10-16 08:54:17.952146,24.09,63.51,298.67,46.27,51.98526431034652
2025-10-16 08:54:18.952145,55.26,62.28,96.76,87.98,52.46539537632264
2025-10-16 08:54:19.952145,53.95,52.48,154.66,136.79,52.616087811102574
2025-10-16 08:54:20.952144,55.97,77.14,226.39,114.47,52.45455138818144
2025-10-16 08:54:21.952144,39.45,65.41,188.19,137.89,52.60177748852734
2025-10-16 08:54:22.952142,55.5,33.31,92.55,54.44,52.24470805664573
2025-10-16 08:54:23.952141,56.1,54.4,297.42,69.2,52.08549367164831
2025-10-16 08:54:24.952141,24.72,31.45,245.44,34.97,51.93713484661731
2025-10-16 08:54:25.952140,32.76,53.94,176.94,44.74,52.12232778537582
2025-10-16 08:54:26.952140,29.72,53.39,117.73,34.79,52.15029974938968
2025-10-16 08:54:27.952139,37.82,49.0,214.66,24.99,51.96196013389606
2025-10-16 08:54:28.952139,23.03,85.91,290.3,46.23,52.03982474804766
2025-10-16 08:54:29.952138,15.79,35.54,151.54,22.56,52.00822069641059
2025-10-16 08:54:30.952138,49.25,39.79,80.72,79.26,52.399016680468044
2025-10-16 08:54:31.952137,37.88,58.05,159.79,90.77,52.386706202556134
2025-10-16 08:54:32.952137,33.41,92.37,178.63,71.83,52.33207937134966
2025-10-16 08:54:33.952137,37.74,96.32,86.32,11.46,52.157604743269474
2025-10-16 08:54:34.952136,41.77,60.46,82.4,32.19,52.1982849068769
2025-10-16 08:54:35.952136,79.65,24.9,66.97,117.93,52.584595909776276
2025-10-16 08:54:36.952135,78.8,27.15,133.28,92.83,52.37269480972862
2025-10-16 08:54:37.952135,13.84,86.48,134.42,29.07,52.16319359444768
2025-10-16 08:54:38.952134,19.18,78.74,110.98,16.26,52.11467471400263
2025-10-16 08:54:39.952134,28.97,41.76,159.06,109.09,52.448913170689565
2025-10-16 08:54:40.952133,81.62,51.73,270.44,66.77,52.10420481375884
2025-10-16 08:54:41.952133,34.49,49.88,260.04,146.07,52.51661705324146
2025-10-16 08:54:42.952132,89.51,49.2,112.61,11.14,52.029127342033355
2025-10-16 08:54:43.952132,15.75,32.73,106.63,21.21,52.05620546967576
2025-10-16 08:54:44.952131,60.51,45.48,154.69,142.92,52.6335240582384
2025-10-16 08:54:45.952131,91.82,63.83,122.45,87.48,52.43138474945396
2025-10-16 08:54:46.952131,55.05,28.56,273.01,92.7,52.18719489324047
2025-10-16 08:54:47.952130,14.03,50.7,161.08,97.08,52.40268344096959
2025-10-16 08:54:48.952130,22.46,86.41,108.92,86.02,52.48602270121683
2025-10-16 08:54:49.952129,25.86,84.91,133.69,40.57,52.21942703072931
2025-10-16 08:54:50.952129,18.08,52.11,126.34,107.99,52.50737301344801
2025-10-16 08:54:51.952128,20.81,97.76,187.45,138.45,52.66847148582989
2025-10-16 08:54:52.952128,91.31,40.65,69.71,23.65,52.13352927266236
2025-10-16 08:54:53.952127,93.38,77.63,227.31,11.47,51.932065491365265
2025-10-16 08:54:54.952127,67.47,25.6,166.42,126.43,52.49554378783579
2025-10-16 08:54:55.952126,74.79,81.48,105.92,87.26,52.48675696149564
2025-10-16 08:54:56.952126,29.02,76.21,97.46,72.04,52.41070924794725
2025-10-16 08:54:57.952126,25.65,71.58,255.72,45.78,52.05611966757464
2025-10-16 08:54:58.952125,65.09,66.03,163.0,142.59,52.66062727446157
2025-10-16 08:54:59.952125,90.61,35.88,149.49,16.28,51.97979422479269
2025-10-16 08:55:00.952124,18.4,60.96,264.04,33.08,51.959925915121346
2025-10-16 08:55:01.952124,19.12,97.45,268.39,25.92,51.98869166902767
2025-10-16 08:55:02.952123,61.14,55.41,279.87,36.29,51.944164824594644
2025-10-16 08:55:03.952123,23.85,42.57,243.05,136.33,52.47583961588418
2025-10-16 08:55:04.952122,67.55,70.34,134.58,88.29,52.43185747370873
2025-10-16 08:55:05.952122,26.59,63.12,182.94,83.3,52.32760792006507
2025-10-16 08:55:06.952121,72.91,74.79,217.45,72.27,52.24803533138425
2025-10-16 08:55:07.952121,12.32,55.3,123.83,82.22,52.386289118411746
2025-10-16 08:55:08.952121,88.91,31.44,66.11,68.89,52.349829259708585
2025-10-16 08:55:09.952120,21.42,37.59,97.72,79.6,52.37364382367094
2025-10-16 08:55:10.952120,33.22,67.1,198.76,44.36,52.11668099382256
2025-10-16 08:55:11.952119,38.67,41.28,70.24,132.45,52.685650566825394
2025-10-16 08:55:12.952119,40.99,64.5,191.87,146.85,52.64049557792463
2025-10-16 08:55:13.952118,43.33,81.45,203.36,70.7,52.27193215977775
2025-10-16 08:55:14.952118,23.5,40.56,297.65,138.32,52.408725187769704
2025-10-16 08:55:15.952117,30.81,73.78,151.0,15.25,52.046191086884974
2025-10-16 08:55:16.952117,89.09,95.06,160.14,16.93,52.08378914319033
2025-10-16 08:55:17.952116,67.9,37.67,272.42,16.17,51.81768728819144
2025-10-16 08:55:18.952116,38.69,83.79,197.63,21.47,52.034578662002005
2025-10-16 08:55:19.952115,16.83,39.83,252.09,148.76,52.52139883757121
2025-10-16 08:55:20.952115,47.53,52.8,275.52,29.88,51.91243455946846
2025-10-16 08:55:21.952115,78.16,23.51,224.77,103.26,52.29568022645394
2025-10-16 08:55:22.952114,55.5,28.36,260.15,86.29,52.17157191697967
2025-10-16 08:55:23.952114,16.49,42.06,92.05,61.85,52.29995018100867
2025-10-16 08:55:24.952113,26.96,31.5,236.03,145.58,52.51064964508268
2025-10-16 08:55:25.952113,22.86,26.48,68.63,46.04,52.220960233820875
2025-10-16 08:55:26.952112,60.16,27.22,276.54,45.29,51.93948672360052
2025-10-16 08:55:27.952112,63.2,44.52,58.12,110.85,52.598706401299616
2025-10-16 08:55:28.952111,53.9,95.13,50.82,119.13,52.74882896452403
2025-10-16 08:55:29.952111,70.26,88.48,142.51,45.56,52.239822675529616
2025-10-16 08:55:30.952110,72.3,67.23,208.85,129.85,52.53681675835139
2025-10-16 08:55:31.952110,84.34,37.06,245.39,92.98,52.24220988442573
2025-10-16 08:55:32.952109,83.41,77.31,127.69,69.99,52.361871073895315
2025-10-16 08:55:33.952109,74.08,39.21,258.52,41.12,51.96583463663771
2025-10-16 08:55:34.952108,13.14,58.06,288.09,104.59,52.28455562047026
2025-10-16 08:55:35.952108,94.93,62.07,247.08,38.56,52.01263402696569
2025-10-16 08:55:36.952107,42.45,67.55,151.92,54.75,52.23311242034294
2025-10-16 08:55:37.952107,60.17,98.66,65.0,82.72,52.5520561612233
2025-10-16 08:55:38.952107,71.62,80.55,141.48,37.02,52.182498874348475
2025-10-16 08:55:39.952106,42.06,66.61,112.21,129.23,52.66220310998444
2025-10-16 08:55:40.952106,83.02,85.76,134.88,61.99,52.32807914793765
2025-10-16 08:55:41.952105,72.26,95.16,285.12,49.72,52.08244699315692
2025-10-16 08:55:42.952105,14.48,29.25,90.95,94.61,52.44262589156837
2025-10-16 08:55:43.952104,77.27,30.49,146.79,111.55,52.4559575967562
2025-10-16 08:55:44.952104,94.32,92.98,257.51,88.74,52.31310471107791
2025-10-16 08:55:45.952103,44.67,85.2,260.08,147.93,52.59462605342337
2025-10-16 08:55:46.952103,83.68,30.88,64.27,147.35,52.74899805928614
2025-10-16 08:55:47.952102,31.41,81.58,198.98,73.42,52.29185492206135
2025-10-16 08:55:48.952102,75.04,29.22,188.17,137.67,52.530365773298705
2025-10-16 08:55:49.952101,60.62,34.02,103.1,28.16,52.09868703339919
2025-10-16 08:55:50.952101,34.61,84.19,212.19,118.96,52.51007750870622
2025-10-16 08:55:51.952101,80.77,95.41,56.93,65.13,52.46739434839192
2025-10-16 08:55:52.952100,33.64,68.53,95.62,41.73,52.24458620460776
2025-10-16 08:55:53.952100,24.72,34.64,61.41,134.78,52.69641472881363
2025-10-16 08:55:54.952099,25.87,39.43,148.56,23.64,52.02525564308069
2025-10-16 08:55:55.952099,81.25,56.72,150.98,95.62,52.420537955799844
2025-10-16 08:55:56.952098,92.36,72.12,129.87,71.24,52.3551969137256
2025-10-16 08:55:57.952098,83.39,27.26,237.78,87.44,52.205295486764676
2025-10-16 08:55:58.952097,67.13,49.44,52.96,86.55,52.491994478886234
2025-10-16 08:55:59.952097,92.13,62.14,201.03,91.46,52.34278932219317
2025-10-16 08:56:00.952096,37.59,34.59,275.8,37.7,51.91632048748878
2025-10-16 08:56:01.952096,84.3,52.22,195.69,108.61,52.41763113711403
2025-10-16 08:56:02.952095,32.42,68.68,96.14,132.65,52.70513781990804
2025-10-16 08:56:03.952095,79.76,57.67,282.25,92.97,52.232725090499
2025-10-16 08:56:04.952094,78.02,41.45,78.41,99.89,52.509936094696705
2025-10-16 08:56:05.952094,34.42,55.5,266.96,88.18,52.224749523047926
2025-10-16 08:56:06.952093,23.41,90.94,119.26,119.13,52.648809746850944
2025-10-16 08:56:07.952093,66.78,69.81,292.61,23.56,51.890503354885915
2025-10-16 08:56:08.952093,24.25,69.84,71.78,33.51,52.237460945068584
2025-10-16 08:56:09.952092,85.12,28.32,56.58,132.15,52.67728403703086
2025-10-16 08:56:10.952092,37.65,88.84,239.67,66.13,52.21437816901751
2025-10-16 08:56:11.952091,45.27,40.09,146.91,48.53,52.15494378375358
2025-10-16 08:56:12.952091,26.16,35.95,91.84,15.75,52.05463548725247
2025-10-16 08:56:13.952090,92.2,30.88,70.6,144.63,52.72671012898187
2025-10-16 08:56:14.952090,75.85,93.62,232.93,104.26,52.426031129118336
2025-10-16 08:56:15.952089,43.71,72.67,138.17,107.54,52.529161841692094
2025-10-16 08:56:16.952089,80.75,91.02,278.79,89.81,52.28615357384808
2025-10-16 08:56:17.952088,38.84,82.58,208.26,135.62,52.59668991078208
2025-10-16 08:56:18.952088,56.77,30.92,128.62,24.07,52.0376678453169
2025-10-16 08:56:19.952087,15.49,22.74,146.33,148.24,52.627531391471436
2025-10-16 08:56:20.952087,23.12,51.91,195.09,114.47,52.44754402764772
2025-10-16 08:56:21.952087,75.98,20.19,109.56,84.41,52.34832448646222
2025-10-16 08:56:22.952086,92.17,75.31,206.94,72.04,52.26198885422908
2025-10-16 08:56:23.952086,86.44,31.32,240.08,108.06,52.31463910070437
2025-10-16 08:56:24.952085,89.82,63.16,287.64,123.18,52.38931990566456
2025-10-16 08:56:25.952085,55.85,60.62,214.78,68.4,52.20446437615822
2025-10-16 08:56:26.952084,60.37,63.89,99.12,85.65,52.453542747611266
2025-10-16 08:56:27.952084,34.94,29.92,285.29,38.96,51.90089415558553
2025-10-16 08:56:28.952083,62.37,34.08,160.94,40.22,52.082299632465045
2025-10-16 08:56:29.952083,42.09,74.44,61.53,65.16,52.4206229793902
2025-10-16 08:56:30.952082,17.06,67.82,290.56,141.25,52.486068773031924
2025-10-16 08:56:31.952082,89.99,61.63,283.74,147.25,52.513615683409206
2025-10-16 08:56:32.952082,74.04,59.43,198.21,95.64,52.36250136989999
2025-10-16 08:56:33.952081,87.55,72.13,131.75,96.87,52.482634893814534
2025-10-16 08:56:34.952081,12.52,26.14,183.16,42.12,52.04667450180002
2025-10-16 08:56:35.952080,18.46,79.8,240.81,144.59,52.59306841630284
2025-10-16 08:56:36.952080,27.35,79.12,58.65,28.72,52.2488349345143
2025-10-16 08:56:37.952079,19.95,26.2,133.38,77.56,52.29329669565392
2025-10-16 08:56:38.952079,89.49,68.51,292.26,72.39,52.13601187512927
2025-10-16 08:56:39.952078,79.61,54.79,225.1,73.28,52.20402289098563
2025-10-16 08:56:40.952078,80.39,47.99,60.07,140.38,52.75254649902659
2025-10-16 08:56:41.952078,60.14,21.55,55.74,40.96,52.202929365217045
2025-10-16 08:56:42.952077,70.36,43.12,50.96,120.94,52.6567535321743
2025-10-16 08:56:43.952077,49.59,31.69,215.73,50.34,52.0554102824855
2025-10-16 08:56:44.952076,74.85,31.98,159.68,67.84,52.21994199321414
2025-10-16 08:56:45.952076,24.77,32.68,120.48,81.57,52.34353645778096
2025-10-16 08:56:46.952075,59.23,78.79,97.4,114.08,52.6289431035426
2025-10-16 08:56:47.952075,53.63,61.89,195.91,110.83,52.44738146252358
2025-10-16 08:56:48.952074,93.35,74.07,88.67,38.55,52.24855899583969
2025-10-16 08:56:49.952074,61.04,94.37,268.72,43.48,52.071291714188575
2025-10-16 08:56:50.952073,24.77,82.22,149.73,59.38,52.28803241914185
2025-10-16 08:56:51.952073,39.97,97.13,269.55,52.95,52.1235528738609
2025-10-16 08:56:52.952072,46.92,71.14,217.82,82.78,52.29373105344822
2025-10-16 08:56:53.952072,56.39,43.74,103.65,128.93,52.62773330416112
2025-10-16 08:56:54.952072,17.25,29.16,110.58,138.1,52.63659003340837
2025-10-16 08:56:55.952071,56.02,73.52,172.23,38.04,52.132729376934286
2025-10-16 08:56:56.952071,71.62,91.69,138.1,125.54,52.657473606976744
2025-10-16 08:56:57.952070,14.2,94.28,181.19,100.62,52.47831748522559
2025-10-16 08:56:58.952070,36.55,42.22,71.39,143.48,52.741854673825074
2025-10-16 08:56:59.952069,50.79,47.38,284.89,144.12,52.468512861432316
2025-10-16 08:57:00.952069,27.51,85.14,113.06,138.66,52.74487835190669
2025-10-16 08:57:01.952068,59.43,41.81,78.09,131.24,52.67000758616228
2025-10-16 08:57:02.952068,24.13,76.16,255.57,55.92,52.116629845931705
2025-10-16 08:57:03.952067,81.28,36.23,204.79,113.46,52.398932777269685
2025-10-16 08:57:04.952067,79.17,97.24,203.32,93.09,52.4161842265604
2025-10-16 08:57:05.952067,46.58,71.55,268.65,149.24,52.56323864201674
2025-10-16 08:57:06.952066,37.91,58.48,137.11,82.08,52.37393084561584
2025-10-16 08:57:07.952066,72.15,77.75,96.04,23.01,52.16702923957269
2025-10-16 08:57:08.952065,73.94,31.7,135.19,132.55,52.580349831630336
2025-10-16 08:57:09.952065,53.76,37.69,299.83,80.93,52.10925836195011
2025-10-16 08:57:10.952064,32.36,65.36,278.98,142.15,52.50139710684381
2025-10-16 08:57:11.952064,37.11,53.51,116.2,91.79,52.441573001910335
2025-10-16 08:57:12.952063,75.3,34.63,247.47,86.35,52.20108204370726
2025-10-16 08:57:13.952063,23.38,82.76,98.66,76.48,52.444336542212874
2025-10-16 08:57:14.952062,43.06,56.26,238.31,107.17,52.36096556085609
2025-10-16 08:57:15.952062,19.15,72.57,240.21,141.59,52.56461500051816
2025-10-16 08:57:16.952061,40.89,86.5,267.7,57.12,52.12652216961322
2025-10-16 08:57:17.952061,22.0,49.86,77.1,113.37,52.596379415053086
2025-10-16 08:57:18.952061,16.65,60.69,271.72,16.43,51.864676868646825
2025-10-16 08:57:19.952060,22.32,94.66,247.34,46.99,52.11835229766391
2025-10-16 08:57:20.952060,27.54,89.96,254.79,100.59,52.370966510432716
2025-10-16 08:57:21.952059,86.58,95.98,189.76,135.41,52.64649899507492
2025-10-16 08:57:22.952059,76.16,26.98,56.78,104.14,52.532402909758254
2025-10-16 08:57:23.952058,81.18,23.4,174.35,105.69,52.37547279635357
2025-10-16 08:57:24.952058,26.27,93.65,213.75,84.87,52.353531654870736
2025-10-16 08:57:25.952057,80.86,84.52,294.35,125.39,52.433022635324384
2025-10-16 08:57:26.952057,22.4,66.88,236.17,73.42,52.21336462550234
2025-10-16 08:57:27.952056,73.25,60.55,172.49,135.65,52.60205353588492
2025-10-16 08:57:28.952056,45.85,76.77,111.69,148.88,52.782267914839764
2025-10-16 08:57:29.952055,80.39,20.01,164.42,38.0,52.039032307454406
2025-10-16 08:57:30.952055,63.33,81.63,143.35,100.73,52.50509247613702
2025-10-16 08:57:31.952055,33.8,93.35,179.64,148.13,52.719463607998584
2025-10-16 08:57:32.952054,69.07,82.18,190.87,87.28,52.37417735709196
2025-10-16 08:57:33.952054,72.35,67.66,181.4,34.51,52.09113528763255
2025-10-16 08:57:34.952053,37.86,82.86,220.71,31.09,52.05056049222158
2025-10-16 08:57:35.952053,63.22,55.13,284.66,121.21,52.3677290205459
2025-10-16 08:57:36.952052,77.07,52.38,156.49,59.8,52.22310274644508
2025-10-16 08:57:37.952052,36.82,36.91,263.88,94.83,52.22647586319259
2025-10-16 08:57:38.952051,52.7,90.63,267.48,77.82,52.23979037645645
2025-10-16 08:57:39.952051,38.54,27.52,109.58,37.97,52.127093403749356
2025-10-16 08:57:40.952050,93.4,43.57,265.16,87.47,52.20038431235938
2025-10-16 08:57:41.952050,25.84,84.71,284.11,100.76,52.322266111449096
2025-10-16 08:57:42.952050,58.11,81.28,197.1,14.41,51.994619094571284
2025-10-16 08:57:43.952049,83.26,25.57,150.3,124.0,52.504805869576025
2025-10-16 08:57:44.952049,82.46,32.13,276.6,15.43,51.79755895311921
2025-10-16 08:57:45.952048,14.1,38.44,109.64,143.83,52.68493522853712
2025-10-16 08:57:46.952048,73.3,40.82,260.2,137.15,52.45357338349275
2025-10-16 08:57:47.952047,57.51,96.42,224.33,99.79,52.42035447742119
2025-10-16 08:57:48.952047,46.99,93.02,57.6,92.18,52.598992399178094
2025-10-16 08:57:49.952046,52.02,53.72,248.63,87.02,52.24001669469996
2025-10-16 08:57:50.952046,34.78,64.98,247.9,46.54,52.05764588741649
2025-10-16 08:57:51.952045,82.33,44.14,261.91,149.88,52.52226933743121
2025-10-16 08:57:52.952045,81.66,87.24,72.18,91.74,52.56595719261093
2025-10-16 08:57:53.952044,27.33,86.86,192.25,128.04,52.58806921890386
2025-10-16 08:57:54.952044,51.03,84.46,174.44,44.26,52.18255577346344
2025-10-16 08:57:55.952044,71.66,90.56,116.68,116.71,52.63926563216678
2025-10-16 08:57:56.952043,49.83,44.36,68.44,70.22,52.37855006353345
2025-10-16 08:57:57.952043,21.68,77.43,193.5,141.51,52.636359082908506
2025-10-16 08:57:58.952042,69.8,84.34,251.77,69.99,52.20896020115137
2025-10-16 08:57:59.952042,59.48,87.81,101.85,60.32,52.36793701112213
2025-10-16 08:58:00.952041,18.11,40.21,138.13,146.05,52.66138345013932
2025-10-16 08:58:01.952041,16.89,57.1,128.76,82.69,52.38555140149616
2025-10-16 08:58:02.952040,82.36,80.3,177.0,106.04,52.48425592521659
2025-10-16 08:58:03.952040,94.1,63.14,118.62,105.05,52.52426425727953
2025-10-16 08:58:04.952039,37.89,22.15,153.33,76.29,52.2522061605081
2025-10-16 08:58:05.952039,30.11,43.02,57.58,17.06,52.12100765609686
2025-10-16 08:58:06.952038,80.79,56.25,227.07,12.67,51.896926707921466
2025-10-16 08:58:07.952038,31.62,94.67,163.58,111.73,52.55904282772494
2025-10-16 08:58:08.952038,75.98,26.56,155.57,127.69,52.5183629357476
2025-10-16 08:58:09.952037,15.39,26.65,85.61,92.19,52.432473113243134
2025-10-16 08:58:10.952037,51.67,86.84,152.34,79.02,52.393079512899355
2025-10-16 08:58:11.952036,53.88,25.93,64.86,51.57,52.25298925687717
2025-10-16 08:58:12.952036,23.89,45.96,102.46,121.95,52.59825652440033
2025-10-16 08:58:13.952035,49.08,68.41,294.26,17.43,51.85448919514603
2025-10-16 08:58:14.952035,28.63,60.8,219.65,60.17,52.156550869150195
2025-10-16 08:58:15.952034,87.01,96.51,241.39,141.0,52.606559043528335
2025-10-16 08:58:16.952034,85.46,97.47,203.85,70.38,52.300781500579134
2025-10-16 08:58:17.952033,73.95,66.46,148.27,64.57,52.28568104776733
2025-10-16 08:58:18.952033,36.46,48.79,154.17,102.06,52.43349659201022
2025-10-16 08:58:19.952032,52.9,91.81,191.45,91.09,52.411427865307274
2025-10-16 08:58:20.952032,42.49,56.7,176.64,93.8,52.37682452156693
2025-10-16 08:58:21.952031,21.68,48.67,92.83,86.24,52.43540303754557
2025-10-16 08:58:22.952031,71.02,50.45,93.16,91.02,52.462653139080864
2025-10-16 08:58:23.952031,44.42,88.61,284.22,125.73,52.45629299076845
2025-10-16 08:58:24.952030,17.76,29.45,99.98,18.94,52.04725043915019
2025-10-16 08:58:25.952030,76.97,33.68,196.67,18.88,51.92536424064892
2025-10-16 08:58:26.952029,57.49,22.92,131.06,86.24,52.334044607051176
2025-10-16 08:58:27.952029,69.92,79.78,215.33,47.18,52.13337313305144
2025-10-16 08:58:28.952028,64.97,73.98,244.64,116.75,52.435470696156415
2025-10-16 08:58:29.952028,87.25,49.18,108.78,48.68,52.224555312604174
2025-10-16 08:58:30.952027,84.61,36.19,169.91,54.42,52.14635096064396
2025-10-16 08:58:31.952027,90.02,83.46,179.74,63.3,52.270029121450904
2025-10-16 08:58:32.952026,34.03,78.5,224.83,126.31,52.51931631224619
2025-10-16 08:58:33.952026,15.95,96.43,100.72,43.64,52.30163760685806
2025-10-16 08:58:34.952026,23.06,50.58,142.29,61.85,52.24906121344662
2025-10-16 08:58:35.952025,90.48,31.1,192.88,143.79,52.55872396455008
2025-10-16 08:58:36.952025,45.43,71.23,80.31,39.85,52.26085420686432
2025-10-16 08:58:37.952024,90.18,61.96,142.21,124.68,52.589825664982975
2025-10-16 08:58:38.952024,11.86,28.01,182.32,19.27,51.93558793563862
2025-10-16 08:58:39.952023,10.44,48.61,223.4,123.63,52.44956736647988
2025-10-16 08:58:40.952023,13.22,83.93,204.22,117.01,52.51038525329784
2025-10-16 08:58:41.952022,45.97,35.11,85.0,21.68,52.092250289761076
2025-10-16 08:58:42.952022,54.75,63.56,133.32,127.78,52.62058590987665
2025-10-16 08:58:43.952022,11.12,44.38,228.38,131.23,52.47319385071611
2025-10-16 08:58:44.952021,59.63,47.24,260.96,59.58,52.07175362356907
2025-10-16 08:58:45.952021,63.86,89.03,118.26,76.35,52.429549060992024
2025-10-16 08:58:46.952020,21.99,93.6,234.64,94.34,52.373402949281136
2025-10-16 08:58:47.952020,26.21,21.45,206.09,50.99,52.05174894636799
2025-10-16 08:58:48.952019,47.53,80.17,97.52,131.83,52.721454871071764
2025-10-16 08:58:49.952019,51.37,70.75,59.13,141.36,52.80300339558954
2025-10-16 08:58:50.952018,10.93,97.02,107.9,96.3,52.56012789374927
2025-10-16 08:58:51.952018,10.28,90.46,95.37,37.36,52.26537984605304
2025-10-16 08:58:52.952017,52.31,59.91,154.85,34.48,52.11156572899764
2025-10-16 08:58:53.952017,16.47,54.44,191.13,117.0,52.470603271913944
2025-10-16 08:58:54.952016,87.82,32.63,201.12,140.19,52.53238345659727
2025-10-16 08:58:55.952016,24.54,77.32,228.28,113.93,52.44962616226268
2025-10-16 08:58:56.952016,54.69,49.97,239.82,147.1,52.549158328962115
2025-10-16 08:58:57.952015,45.09,65.53,176.98,127.25,52.56311546887439
2025-10-16 08:58:58.952015,53.55,79.28,226.23,78.3,52.275545116241965
2025-10-16 08:58:59.952014,91.26,92.44,158.54,46.08,52.22863448688085
2025-10-16 08:59:00.952014,45.78,80.19,139.1,59.6,52.299473432085904
2025-10-16 08:59:01.952013,46.99,81.25,166.12,28.25,52.106317792560816
2025-10-16 08:59:02.952013,14.4,83.13,52.28,99.37,52.62336913761095
2025-10-16 08:59:03.952012,74.15,62.84,280.59,33.81,51.94506255224872
2025-10-16 08:59:04.952012,58.58,34.22,137.72,96.17,52.39740608366806
2025-10-16 08:59:05.952011,14.1,27.18,136.57,22.33,52.010906236582464
2025-10-16 08:59:06.952011,13.5,92.55,291.59,144.05,52.54693635426809
2025-10-16 08:59:07.952011,79.67,26.29,295.04,129.63,52.34044229676595
2025-10-16 08:59:08.952010,63.42,29.14,156.84,114.32,52.453886400800464
2025-10-16 08:59:09.952010,36.62,89.33,199.32,10.95,51.98973937522033
2025-10-16 08:59:10.952009,68.37,88.04,166.37,126.12,52.61537051941039
2025-10-16 08:59:11.952009,45.88,61.41,82.05,58.61,52.334548375216954
2025-10-16 08:59:12.952008,86.23,40.98,131.95,77.84,52.32535597581575
2025-10-16 08:59:13.952008,76.98,79.76,90.01,11.32,52.11976247857979
2025-10-16 08:59:14.952007,47.13,81.78,260.27,123.26,52.46265013807394
2025-10-16 08:59:15.952007,69.21,92.2,124.8,26.62,52.17480155029252
2025-10-16 08:59:16.952006,71.49,82.79,55.99,82.09,52.53011954315939
2025-10-16 08:59:17.952006,58.11,61.4,155.79,113.79,52.515295447143544
2025-10-16 08:59:18.952006,72.8,55.89,108.07,120.84,52.60439338818985
2025-10-16 08:59:19.952005,44.21,86.72,188.14,21.96,52.055496265936824
2025-10-16 08:59:20.952005,52.33,41.04,200.74,35.68,52.01937702399365
2025-10-16 08:59:21.952004,40.09,64.75,139.11,140.09,52.677536348300116
2025-10-16 08:59:22.952004,68.95,91.29,280.72,41.42,52.03875328993804
2025-10-16 08:59:23.952003,49.69,75.18,233.25,80.17,52.26763490165691
2025-10-16 08:59:24.952003,74.94,86.82,237.04,50.45,52.1344870866138
2025-10-16 08:59:25.952002,78.48,50.71,293.62,33.91,51.90450680372721
2025-10-16 08:59:26.952002,14.08,59.96,125.53,63.44,52.29784878290426
2025-10-16 08:59:27.952001,70.66,53.97,242.2,58.16,52.102816209926935
2025-10-16 08:59:28.952001,86.98,74.27,115.01,111.72,52.58455439003282
2025-10-16 08:59:29.952001,76.35,28.79,258.77,107.24,52.2804751356979
2025-10-16 08:59:30.952000,76.29,31.95,90.83,42.0,52.181304412940925
2025-10-16 08:59:31.952000,15.05,49.02,269.17,37.11,51.95026956433598
2025-10-16 08:59:32.951999,88.89,41.44,52.6,50.04,52.29182921658245
2025-10-16 08:59:33.951999,61.14,85.75,239.77,32.51,52.0377884279052
2025-10-16 08:59:34.951998,63.45,93.95,64.34,73.01,52.494560827403554
2025-10-16 08:59:35.951998,75.02,76.84,272.5,43.84,52.03397872382306
2025-10-16 08:59:36.951997,73.19,82.92,200.07,84.67,52.35003222757837
2025-10-16 08:59:37.951997,17.44,94.05,68.78,80.91,52.52884712379553
2025-10-16 08:59:38.951996,15.15,75.34,161.29,29.96,52.10998730361842
2025-10-16 08:59:39.951996,56.84,79.02,176.04,84.53,52.374003188982314
2025-10-16 08:59:40.951996,86.88,85.52,220.08,62.69,52.21678490842176
2025-10-16 08:59:41.951995,48.89,60.12,255.17,137.49,52.49955279399155
2025-10-16 08:59:42.951995,67.87,38.78,115.82,121.52,52.564189375006066
2025-10-16 08:59:43.951994,79.61,71.23,144.91,92.59,52.44152007931244
2025-10-16 08:59:44.951994,14.2,80.41,285.67,74.81,52.18025153907381
2025-10-16 08:59:45.951993,34.85,58.97,280.77,107.85,52.312678621711456
2025-10-16 08:59:46.951993,85.66,72.95,296.45,33.33,51.9409831194958
2025-10-16 08:59:47.951992,71.95,96.99,169.87,132.62,52.661017834566074
2025-10-16 08:59:48.951992,26.68,81.47,105.26,85.84,52.48042424414702
2025-10-16 08:59:49.951991,17.45,90.15,190.99,46.84,52.184475247376724
2025-10-16 08:59:50.951991,24.83,97.64,241.3,10.15,51.9454750431341
2025-10-16 08:59:51.951990,91.13,31.61,56.82,17.91,52.1041658365062
2025-10-16 08:59:52.951990,39.0,86.29,194.05,80.6,52.34402762952939
2025-10-16 08:59:53.951990,52.35,57.49,207.82,120.28,52.47075379669456
2025-10-16 08:59:54.951989,53.32,52.16,195.54,40.17,52.070729770603805
2025-10-16 08:59:55.951989,57.57,24.49,299.77,23.49,51.79247222469339
2025-10-16 08:59:56.951988,11.2,56.34,222.81,25.67,51.96872955011262
2025-10-16 08:59:57.951988,82.72,80.15,227.36,56.97,52.16757705200443
2025-10-16 08:59:58.951987,64.0,52.01,281.88,108.12,52.29903294696251
2025-10-16 08:59:59.951987,52.48,88.05,193.08,130.55,52.60199288135369
2025-10-16 09:00:00.951986,80.84,92.32,224.57,88.82,52.35644815463181
2025-10-16 09:00:01.951986,53.52,84.78,88.7,99.49,52.57829168507783
2025-10-16 09:00:02.951981,45.24,21.67,190.78,103.57,52.33930639206127
2025-10-16 09:00:03.951980,78.56,76.08,97.5,124.58,52.676777164162075
2025-10-16 09:00:04.951980,20.95,96.77,69.22,133.55,52.80042307600748
2025-10-16 09:00:05.951979,34.27,41.82,284.42,131.63,52.395016359883904
2025-10-16 09:00:06.951979,86.45,95.96,292.94,107.15,52.36466975173606
2025-10-16 09:00:07.951978,26.49,93.68,96.22,17.18,52.16818453009542
2025-10-16 09:00:08.951978,24.4,23.62,240.73,120.36,52.36116429220933
2025-10-16 09:00:09.951977,88.57,78.72,256.2,93.91,52.31336532247137
2025-10-16 09:00:10.951977,43.2,90.24,246.94,142.37,52.593870595724546
2025-10-16 09:00:11.951976,17.36,60.01,178.83,29.28,52.053204422437645
2025-10-16 09:00:12.951976,42.9,49.72,287.7,92.64,52.2082874844919
2025-10-16 09:00:13.951975,48.5,24.87,56.89,123.73,52.627475127126274
2025-10-16 09:00:14.951975,12.1,61.52,69.54,68.25,52.40043033071373
2025-10-16 09:00:15.951975,52.47,79.91,187.57,144.61,52.66485565872511
2025-10-16 09:00:16.951974,83.54,21.15,209.45,68.26,52.134213086092124
2025-10-16 09:00:17.951974,90.3,67.19,159.7,20.41,52.047867147219684
2025-10-16 09:00:18.951973,49.85,75.67,287.21,77.05,52.18033020496931
2025-10-16 09:00:19.951973,80.35,42.16,139.0,37.36,52.11295378538029
2025-10-16 09:00:20.951972,11.23,80.14,230.57,90.06,52.331012401351686
2025-10-16 09:00:21.951972,67.21,94.78,158.61,146.0,52.739675126562744
2025-10-16 09:00:22.951971,69.78,45.91,277.74,111.09,52.30779507951144
2025-10-16 09:00:23.951971,14.65,28.96,74.43,29.52,52.134237793161226
2025-10-16 09:00:24.951970,78.93,71.91,67.57,110.16,52.635745303537846
2025-10-16 09:00:25.951970,73.47,67.4,115.74,24.08,52.1258960119212
2025-10-16 09:00:26.951970,41.01,22.86,126.12,38.63,52.09918026420652
2025-10-16 09:00:27.951969,42.67,42.55,107.18,138.21,52.66773105295874
2025-10-16 09:00:28.951969,27.18,40.44,79.79,78.87,52.39955094443353
2025-10-16 09:00:29.951968,59.55,90.91,288.71,148.73,52.57134310269562
2025-10-16 09:00:30.951968,49.41,46.86,269.73,52.33,52.02248491769497
2025-10-16 09:00:31.951967,20.65,23.69,147.76,116.09,52.46445938124921
2025-10-16 09:00:32.951967,16.65,33.63,167.29,27.74,52.009627892365074
2025-10-16 09:00:33.951966,55.39,83.81,111.06,92.65,52.51171127316326
2025-10-16 09:00:34.951966,48.22,46.65,218.14,32.87,51.99267302787224
2025-10-16 09:00:35.951965,73.55,75.56,66.7,130.81,52.748699887282434
2025-10-16 09:00:36.951965,54.24,89.4,85.49,31.92,52.24900307678646
2025-10-16 09:00:37.951965,76.17,71.48,236.59,105.85,52.38615725373533
2025-10-16 09:00:38.951964,51.64,90.7,181.8,147.28,52.70710508146552
2025-10-16 09:00:39.951964,49.46,76.35,267.71,82.27,52.23429439884492
2025-10-16 09:00:40.951963,27.37,38.27,217.13,122.74,52.43337995837906
2025-10-16 09:00:41.951963,42.01,27.89,283.31,38.27,51.89610932858945
2025-10-16 09:00:42.951962,36.46,72.61,58.45,67.15,52.431290899478526
2025-10-16 09:00:43.951962,28.32,87.14,132.12,121.4,52.63567054055962
2025-10-16 09:00:44.951961,92.17,47.74,293.08,25.61,51.85738008877988
2025-10-16 09:00:45.951961,91.92,32.34,169.52,65.27,52.19440208919043
2025-10-16 09:00:46.951960,44.65,51.88,124.9,46.5,52.19710909781361
2025-10-16 09:00:47.951960,68.28,46.62,154.87,51.13,52.17012857056541
2025-10-16 09:00:48.951959,41.96,84.9,199.78,89.02,52.37632321124449
2025-10-16 09:00:49.951959,51.62,83.11,142.81,10.85,52.053007799765425
2025-10-16 09:00:50.951958,31.76,23.45,163.66,149.93,52.614214547175706
2025-10-16 09:00:51.951958,27.67,43.53,211.03,28.4,51.97349258107117
2025-10-16 09:00:52.951958,20.67,76.28,82.12,75.16,52.447256656897764
2025-10-16 09:00:53.951957,81.18,47.37,61.22,61.39,52.34932399081431
2025-10-16 09:00:54.951957,35.88,83.28,299.67,92.65,52.257481696894295
2025-10-16 09:00:55.951956,64.48,96.81,195.33,18.12,52.04598204930142
2025-10-16 09:00:56.951956,24.74,91.48,161.45,52.43,52.25505658285903
2025-10-16 09:00:57.951955,46.55,38.69,76.98,138.12,52.70031616076892
2025-10-16 09:00:58.951955,65.79,94.17,275.5,64.22,52.16695165176772
2025-10-16 09:00:59.951954,73.84,86.05,86.17,51.68,52.3417624595766
2025-10-16 09:01:00.951954,26.51,25.38,153.2,22.8,51.987466444260065
2025-10-16 09:01:01.951953,18.41,83.53,231.19,48.05,52.12377957240704
2025-10-16 09:01:02.951953,56.21,81.19,298.8,118.87,52.38752202862079
2025-10-16 09:01:03.951952,28.33,67.77,151.89,97.62,52.45092817407388
2025-10-16 09:01:04.951952,20.11,86.24,55.5,52.98,52.389895547324144
2025-10-16 09:01:05.951951,41.28,49.95,55.98,83.26,52.47225121511712
2025-10-16 09:01:06.951951,89.38,54.37,151.71,139.19,52.63588846235155
2025-10-16 09:01:07.951951,20.4,81.41,279.51,127.73,52.45876500376874
2025-10-16 09:01:08.951950,12.87,72.84,132.52,19.39,52.09016252513312
2025-10-16 09:01:09.951950,45.72,58.63,117.95,61.9,52.29763245601379
2025-10-16 09:01:10.951949,39.27,23.15,138.95,149.23,52.64325461117634
2025-10-16 09:01:11.951949,71.58,52.75,130.51,78.5,52.35350632483858
2025-10-16 09:01:12.951948,79.58,23.43,125.33,119.11,52.509376530366836
2025-10-16 09:01:13.951948,27.54,58.68,198.5,145.47,52.61328939475007
2025-10-16 09:01:14.951947,80.86,56.25,87.62,91.06,52.48156347841354
2025-10-16 09:01:15.951947,84.1,60.66,215.94,91.77,52.321469169748156
2025-10-16 09:01:16.951946,48.84,23.83,131.23,85.87,52.333708796639776
2025-10-16 09:01:17.951946,77.5,78.38,289.68,68.58,52.13933800697786
2025-10-16 09:01:18.951945,33.72,77.48,190.21,33.2,52.09174857330533
2025-10-16 09:01:19.951945,35.77,84.89,195.0,139.2,52.63712988213665
2025-10-16 09:01:20.951944,76.07,39.37,273.41,149.72,52.49675105885065
2025-10-16 09:01:21.951944,14.76,33.17,190.76,17.2,51.92378962613606
2025-10-16 09:01:22.951944,27.86,79.59,137.11,143.7,52.72736028900951
2025-10-16 09:01:23.951943,37.72,43.03,230.22,144.36,52.53466867336689
2025-10-16 09:01:24.951943,16.56,89.3,255.78,32.85,52.024917802443966
2025-10-16 09:01:25.951942,91.36,93.2,137.37,140.44,52.73692976338811
2025-10-16 09:01:26.951942,69.33,55.17,217.24,61.12,52.1536625867871
2025-10-16 09:01:27.951941,23.4,23.07,110.84,52.17,52.188747860493905
2025-10-16 09:01:28.951941,34.55,61.07,213.53,40.7,52.06657974908656
2025-10-16 09:01:29.951940,43.6,95.64,258.19,82.46,52.28552149323812
2025-10-16 09:01:30.951940,39.63,40.83,111.67,96.97,52.449277207455424
2025-10-16 09:01:31.951939,88.83,92.51,140.84,126.28,52.65914043683434
2025-10-16 09:01:32.951939,53.89,85.84,125.24,101.51,52.5415395411958
2025-10-16 09:01:33.951938,12.58,26.55,211.37,95.52,52.280335022242944
2025-10-16 09:01:34.951938,21.46,88.69,102.57,99.43,52.56696547191615
2025-10-16 09:01:35.951938,89.7,70.43,204.13,64.12,52.216124630235285
2025-10-16 09:01:36.951937,14.76,77.35,243.6,121.33,52.4666356032909
2025-10-16 09:01:37.951937,81.57,80.49,175.07,113.55,52.52529124646521
2025-10-16 09:01:38.951936,89.17,38.37,93.61,89.12,52.428942719507106
2025-10-16 09:01:39.951936,11.14,71.05,114.31,92.48,52.48169161996576
2025-10-16 09:01:40.951935,67.07,47.03,289.45,109.73,52.28735621584961
2025-10-16 09:01:41.951935,60.19,33.58,61.07,63.86,52.33525183067013
2025-10-16 09:01:42.951934,91.14,83.18,121.03,111.53,52.59282315692701
2025-10-16 09:01:43.951934,48.66,65.05,70.85,138.67,52.762555705457366
2025-10-16 09:01:44.951933,36.04,67.82,112.37,48.2,52.25352296098222
2025-10-16 09:01:45.951933,86.51,26.3,241.89,134.67,52.43736546048916
2025-10-16 09:01:46.951932,29.31,59.86,83.29,128.51,52.68426007339513
2025-10-16 09:01:47.951932,27.76,92.2,194.09,107.0,52.48930424689839
2025-10-16 09:01:48.951932,20.55,46.84,281.67,40.25,51.945172410244844
2025-10-16 09:01:49.951931,94.19,82.97,132.97,116.28,52.60046840302811
2025-10-16 09:01:50.951931,69.27,46.79,116.22,124.61,52.594883244400485
2025-10-16 09:01:51.951930,14.97,30.96,81.65,95.77,52.464314621643105
2025-10-16 09:01:52.951930,66.62,58.38,280.83,68.54,52.112152580833666
2025-10-16 09:01:53.951929,75.93,43.18,69.85,138.95,52.722820696057084
2025-10-16 09:01:54.951929,54.23,62.78,82.68,103.76,52.56527219708582
2025-10-16 09:01:55.951928,66.01,89.19,148.26,21.05,52.109219197060376
2025-10-16 09:01:56.951928,61.92,32.18,282.73,13.46,51.77943912031283
2025-10-16 09:01:57.951927,37.61,45.39,55.81,83.64,52.46554516877918
2025-10-16 09:01:58.951927,66.72,65.34,99.09,37.92,52.214412758855325
2025-10-16 09:01:59.951926,35.38,37.6,130.33,112.88,52.4986132616517
2025-10-16 09:02:00.951926,18.65,49.87,280.13,14.07,51.82039675898444
2025-10-16 09:02:01.951926,37.15,90.93,192.18,122.94,52.570215223227386
2025-10-16 09:02:02.951925,40.08,73.59,195.22,20.05,52.010794372032
2025-10-16 09:02:03.951925,49.71,88.57,251.11,80.15,52.26957632008265
2025-10-16 09:02:04.951924,56.48,37.79,266.05,22.22,51.857144969933465
2025-10-16 09:02:05.951924,10.89,62.33,84.59,32.3,52.19953635203455
2025-10-16 09:02:06.951923,21.94,60.7,98.98,128.8,52.66629955569545
2025-10-16 09:02:07.951923,52.14,42.59,279.16,50.66,51.993061498595154
2025-10-16 09:02:08.951922,47.58,39.79,251.89,87.09,52.2089268963909
2025-10-16 09:02:09.951922,68.19,47.37,298.16,90.54,52.17903214884
2025-10-16 09:02:10.951921,72.3,61.45,126.91,36.93,52.164487621226925
2025-10-16 09:02:11.951921,87.98,25.28,122.09,106.86,52.45521426238765
2025-10-16 09:02:12.951920,94.73,87.44,163.65,66.05,52.31330527312289
2025-10-16 09:02:13.951920,44.34,67.39,129.66,79.27,52.386999206793924
2025-10-16 09:02:14.951919,11.8,68.57,162.31,10.02,51.99436832584786
2025-10-16 09:02:15.951919,23.79,95.91,279.23,142.21,52.56072941270711
2025-10-16 09:02:16.951919,89.61,63.6,257.8,55.51,52.087151342371975
2025-10-16 09:02:17.951918,54.89,66.25,230.34,47.86,52.09037945947015
2025-10-16 09:02:18.951918,87.35,29.74,120.27,30.05,52.07690256909972
2025-10-16 09:02:19.951917,67.58,82.39,57.38,43.88,52.33375416906347
2025-10-16 09:02:20.951917,70.67,50.53,255.76,12.06,51.84420421813802
2025-10-16 09:02:21.951916,25.93,63.08,111.86,64.79,52.32910717540023
2025-10-16 09:02:22.951916,64.69,33.56,209.36,64.55,52.13963914970556
2025-10-16 09:02:23.951915,64.34,51.32,50.73,29.36,52.20869188744552
2025-10-16 09:02:24.951915,17.04,61.6,192.14,137.67,52.587955959089506
2025-10-16 09:02:25.951914,36.83,57.89,263.96,45.78,52.01845592749848
2025-10-16 09:02:26.951914,89.43,71.79,280.58,71.31,52.15258976184918
2025-10-16 09:02:27.951913,76.08,57.55,172.0,74.32,52.285942910891514
2025-10-16 09:02:28.951913,27.82,95.06,260.66,96.72,52.35337583269306
2025-10-16 09:02:29.951912,79.86,46.66,293.23,132.45,52.39675163374781
2025-10-16 09:02:30.951912,90.78,22.31,171.56,86.97,52.28219105734888
2025-10-16 09:02:31.951911,55.21,41.53,237.9,13.26,51.85677581838337
2025-10-16 09:02:32.951911,53.73,32.08,143.08,74.55,52.27644024128916
2025-10-16 09:02:33.951911,25.99,37.48,138.43,118.6,52.51650623885899
2025-10-16 09:02:34.951910,49.2,95.72,286.19,112.74,52.401605856404515
2025-10-16 09:02:35.951910,29.76,83.83,172.47,51.96,52.223014683672105
2025-10-16 09:02:36.951909,17.26,55.17,123.18,106.13,52.508131173494476
2025-10-16 09:02:37.951909,80.47,64.55,70.6,56.55,52.345576921608675
2025-10-16 09:02:38.951908,60.9,68.52,57.97,126.21,52.72341790917351
2025-10-16 09:02:39.951908,59.86,71.47,56.09,29.62,52.24196932780106
2025-10-16 09:02:40.951907,93.58,68.16,93.94,85.71,52.46909815914361
2025-10-16 09:02:41.951907,43.58,22.71,109.98,92.69,52.3946364721789
2025-10-16 09:02:42.951906,67.74,83.79,209.69,92.95,52.380787439379425
2025-10-16 09:02:43.951906,41.19,35.94,170.66,116.86,52.461424883195605
2025-10-16 09:02:44.951905,67.51,83.1,117.43,104.25,52.56059142277152
2025-10-16 09:02:45.951905,66.04,87.56,161.65,93.95,52.457674457246625
2025-10-16 09:02:46.951905,10.24,44.84,150.12,23.61,52.03352184974675
2025-10-16 09:02:47.951904,76.83,30.1,151.88,60.06,52.18731588872641
2025-10-16 09:02:48.951904,19.57,57.22,237.51,84.27,52.2478035189507
2025-10-16 09:02:49.951903,72.67,28.36,268.31,77.33,52.115190925688914
2025-10-16 09:02:50.951903,79.25,46.21,212.36,135.4,52.519397527214075
2025-10-16 09:02:51.951902,92.41,31.19,64.57,125.23,52.63705081020094
2025-10-16 09:02:52.951902,39.11,63.97,291.92,30.86,51.91709205982134
2025-10-16 09:02:53.951901,78.24,89.36,247.89,104.22,52.397467376320115
2025-10-16 09:02:54.951901,58.56,73.81,135.84,14.49,52.062747791945206
2025-10-16 09:02:55.951900,19.11,69.56,224.22,37.59,52.05295893833588
2025-10-16 09:02:56.951900,34.01,38.07,94.49,40.26,52.179461536557874
2025-10-16 09:02:57.951899,24.64,84.97,77.09,41.91,52.30232006068316
2025-10-16 09:02:58.951899,86.85,77.93,249.29,33.37,52.014172876634575
2025-10-16 09:02:59.951899,57.1,52.92,241.08,21.04,51.9140835559628
2025-10-16 09:03:00.951898,19.28,35.74,97.49,48.21,52.21121256561163
2025-10-16 09:03:01.951898,63.61,24.59,282.45,126.46,52.33796868923543
2025-10-16 09:03:02.951897,29.68,33.05,147.6,57.58,52.186220487894715
2025-10-16 09:03:03.951897,64.11,20.63,104.12,127.48,52.57484438346257
2025-10-16 09:03:04.951896,25.39,78.79,238.3,128.62,52.5135085572042
2025-10-16 09:03:05.951896,58.61,21.84,290.37,96.59,52.17055390202806
2025-10-16 09:03:06.951895,49.84,70.74,181.85,123.3,52.54667539592238
2025-10-16 09:03:07.951895,33.55,34.35,220.32,30.18,51.95220742514089
2025-10-16 09:03:08.951894,23.07,69.48,221.03,149.29,52.62339730534566
2025-10-16 09:03:09.951894,80.44,61.89,191.69,123.47,52.51713054621719
2025-10-16 09:03:10.951893,13.63,78.17,155.04,24.08,52.09406558278238
2025-10-16 09:03:11.951893,48.29,82.56,295.27,146.77,52.536374120455356
2025-10-16 09:03:12.951892,52.51,71.39,98.24,48.35,52.28018938732879
2025-10-16 09:03:13.951892,23.14,84.01,160.53,100.41,52.48503152353563
2025-10-16 09:03:14.951891,86.71,68.03,113.69,64.48,52.334697482940946
2025-10-16 09:03:15.951891,14.93,25.98,292.31,93.46,52.16012536728949
2025-10-16 09:03:16.951891,34.15,26.02,255.72,109.38,52.290036695966165
2025-10-16 09:03:17.951890,44.02,44.26,255.65,33.28,51.939752193106486
2025-10-16 09:03:18.951890,76.39,80.78,85.63,40.1,52.27353708585238
2025-10-16 09:03:19.951889,59.23,24.92,286.77,128.75,52.34442068958102
2025-10-16 09:03:20.951889,24.93,91.4,203.98,40.53,52.137474494653354
2025-10-16 09:03:21.951888,74.2,41.79,276.76,146.01,52.47814686194497
2025-10-16 09:03:22.951888,50.53,77.04,202.47,67.13,52.24645792183256
2025-10-16 09:03:23.951887,54.97,76.24,212.67,63.15,52.21103205872473
2025-10-16 09:03:24.951887,90.26,55.54,261.44,128.51,52.436707936111056
2025-10-16 09:03:25.951886,15.06,48.06,277.73,20.59,51.85315746749524
2025-10-16 09:03:26.951886,37.12,96.29,132.75,124.32,52.66740896706301
2025-10-16 09:03:27.951886,21.74,43.43,296.25,48.01,51.95831594938334
2025-10-16 09:03:28.951885,40.2,61.81,267.63,77.34,52.181153395992624
2025-10-16 09:03:29.951885,71.99,64.86,297.28,19.09,51.85195284049358
2025-10-16 09:03:30.951884,29.41,37.69,136.62,73.56,52.29099440413511
2025-10-16 09:03:31.951884,12.0,91.02,103.28,72.55,52.434260137111664
2025-10-16 09:03:32.951883,15.48,39.59,202.34,94.24,52.31130672781746
2025-10-16 09:03:33.951883,71.48,63.29,155.41,131.07,52.60708658686934
2025-10-16 09:03:34.951882,41.4,49.16,56.14,75.54,52.431361446938666
2025-10-16 09:03:35.951882,68.62,93.32,71.82,68.37,52.45977061436018
2025-10-16 09:03:36.951881,25.47,58.92,101.8,92.31,52.474053190403716
2025-10-16 09:03:37.951881,89.82,55.07,296.86,145.78,52.47580275597137
2025-10-16 09:03:38.951880,24.96,37.01,141.32,127.05,52.55455419236407
2025-10-16 09:03:39.951880,56.37,84.56,194.7,47.15,52.17020413458124
2025-10-16 09:03:40.951879,14.21,51.05,192.88,40.22,52.07239727276475
2025-10-16 09:03:41.951879,33.57,86.92,113.75,61.78,52.357634526164865
2025-10-16 09:03:42.951879,34.71,46.56,165.39,97.03,52.3885992727829
2025-10-16 09:03:43.951878,37.61,31.7,124.81,58.62,52.219464403104894
2025-10-16 09:03:44.951878,13.49,53.81,177.05,31.73,52.05596768920653
2025-10-16 09:03:45.951877,79.94,50.62,83.09,77.51,52.40800717873707
2025-10-16 09:03:46.951877,80.4,91.12,82.49,94.89,52.575626291946165
2025-10-16 09:03:47.951876,88.71,26.03,140.02,79.48,52.29378675164006
2025-10-16 09:03:48.951876,25.34,33.74,115.88,104.12,52.46609845474335
2025-10-16 09:03:49.951875,35.59,40.07,102.58,72.65,52.33670253600526
2025-10-16 09:03:50.951875,37.91,40.5,181.26,144.2,52.59466767904791
2025-10-16 09:03:51.951874,63.54,48.06,63.74,15.89,52.116599893907335
2025-10-16 09:03:52.951874,74.31,34.27,59.5,138.35,52.71635949608239
2025-10-16 09:03:53.951874,90.31,48.75,292.68,28.73,51.875697854673525
2025-10-16 09:03:54.951873,13.67,86.51,203.57,32.4,52.087304270692
2025-10-16 09:03:55.951873,66.18,33.89,214.04,139.73,52.51515520915011
2025-10-16 09:03:56.951872,18.98,83.31,218.84,47.73,52.13830896848789
2025-10-16 09:03:57.951872,10.8,68.28,278.09,108.53,52.33781482023942
2025-10-16 09:03:58.951871,74.84,89.65,152.01,73.8,52.37251777344869
2025-10-16 09:03:59.951871,64.41,90.03,150.61,95.45,52.48489963526708
2025-10-16 09:04:00.951870,84.45,45.53,212.7,62.83,52.14969477767863
2025-10-16 09:04:01.951870,38.95,70.55,167.28,87.82,52.38598452022393
2025-10-16 09:04:02.951869,65.91,85.88,186.16,79.2,52.34672496571261
2025-10-16 09:04:03.951869,67.87,55.38,165.76,148.41,52.665734395167455
2025-10-16 09:04:04.951868,28.09,84.21,57.29,39.83,52.31687832737569
2025-10-16 09:04:05.951868,35.29,43.6,229.45,26.39,51.93871009052934
2025-10-16 09:04:06.951867,87.72,90.98,206.56,50.02,52.18130849554724
2025-10-16 09:04:07.951867,22.87,43.6,281.42,13.08,51.801462113327425
2025-10-16 09:04:08.951866,17.05,84.42,160.21,146.72,52.721046355614654
2025-10-16 09:04:09.951866,14.61,57.15,104.09,144.06,52.72990855311338
2025-10-16 09:04:10.951866,41.44,51.47,195.61,27.94,52.00728974643047
2025-10-16 09:04:11.951865,78.75,90.29,79.55,58.91,52.395544117927294
2025-10-16 09:04:12.951865,22.66,83.0,92.25,62.46,52.382327567232196
2025-10-16 09:04:13.951864,73.68,74.2,105.48,81.94,52.446229353059195
2025-10-16 09:04:14.951864,20.76,91.53,111.39,29.66,52.206914491225874
2025-10-16 09:04:15.951863,89.13,75.84,84.49,116.56,52.65311523844547
2025-10-16 09:04:16.951863,14.44,35.88,188.25,132.64,52.517698105258226
2025-10-16 09:04:17.951862,93.42,38.17,229.43,71.28,52.15577479417257
2025-10-16 09:04:18.951862,34.8,39.83,290.88,149.96,52.47540907853172
2025-10-16 09:04:19.951861,76.81,46.85,237.36,38.59,51.996259762200886
2025-10-16 09:04:20.951861,62.97,49.28,284.47,75.15,52.12309549821905
2025-10-16 09:04:21.951860,34.65,79.45,77.51,71.06,52.43881847165705
2025-10-16 09:04:22.951860,53.59,58.68,143.9,87.78,52.39410284823376
2025-10-16 09:04:23.951859,47.86,93.01,157.34,63.84,52.32139502465828
2025-10-16 09:04:24.951859,68.22,33.03,92.77,17.55,52.056838840443305
2025-10-16 09:04:25.951859,17.06,72.55,214.38,96.19,52.36907673704342
2025-10-16 09:04:26.951858,53.82,26.99,243.24,90.25,52.21168755787667
2025-10-16 09:04:27.951858,13.99,57.67,63.44,107.35,52.59937243315691
2025-10-16 09:04:28.951857,85.47,78.49,114.02,57.05,52.31691039637198
2025-10-16 09:04:29.951857,33.76,75.1,224.56,61.4,52.18398272513442
2025-10-16 09:04:30.951856,21.15,49.82,159.34,104.83,52.44260129251683
2025-10-16 09:04:31.951856,41.02,79.01,157.73,131.81,52.638270420270835
2025-10-16 09:04:32.951855,24.21,54.68,153.47,114.53,52.509103607478465
2025-10-16 09:04:33.951855,41.43,64.33,224.7,74.53,52.22943509046548
2025-10-16 09:04:34.951854,90.84,92.11,166.86,54.41,52.25905658242941
2025-10-16 09:04:35.951854,33.68,65.43,185.13,131.03,52.57114451882162
2025-10-16 09:04:36.951853,82.27,87.64,205.46,72.09,52.28818841577773
2025-10-16 09:04:37.951853,61.53,32.76,287.53,60.19,52.011040312516876
2025-10-16 09:04:38.951853,63.53,83.33,128.21,137.54,52.7153447636862
2025-10-16 09:04:39.951852,51.68,58.23,273.02,63.82,52.09841556995324
2025-10-16 09:04:40.951852,47.88,80.72,190.14,114.08,52.50819450082054
2025-10-16 09:04:41.951851,36.65,41.23,87.98,57.45,52.281493428407494
2025-10-16 09:04:42.951851,62.14,39.62,145.49,148.25,52.66151039256051
2025-10-16 09:04:43.951850,31.17,71.56,276.09,90.15,52.253687957374375
2025-10-16 09:04:44.951850,70.28,90.37,146.12,51.7,52.2697783932693
2025-10-16 09:04:45.951849,31.18,42.47,272.28,92.8,52.21571131543068
2025-10-16 09:04:46.951849,42.96,93.38,191.67,140.72,52.66580402056591
2025-10-16 09:04:47.951848,35.06,44.2,192.44,112.27,52.42496586245366
2025-10-16 09:04:48.951848,77.44,45.84,203.83,78.4,52.24114354105014
2025-10-16 09:04:49.951847,69.82,93.65,286.43,91.63,52.2902350504863
2025-10-16 09:04:50.951847,20.82,81.52,164.37,95.32,52.449232074190874
2025-10-16 09:04:51.951847,44.51,80.0,101.09,105.15,52.581066197456224
2025-10-16 09:04:52.951846,26.98,73.89,70.28,10.67,52.13154719792092
2025-10-16 09:04:53.951846,86.48,57.91,115.28,97.44,52.480003103153635
2025-10-16 09:04:54.951845,94.02,36.42,101.53,47.4,52.20300377126066
2025-10-16 09:04:55.951845,51.94,76.62,105.25,48.67,52.282563941909046
2025-10-16 09:04:56.951844,64.13,90.36,192.84,19.75,52.045055320608185
2025-10-16 09:04:57.951844,72.11,26.53,104.02,19.06,52.036761283767056
2025-10-16 09:04:58.951843,68.53,49.49,264.97,78.99,52.16914989793061
2025-10-16 09:04:59.951843,67.44,50.21,158.7,38.04,52.10559753951171
2025-10-16 09:05:00.951842,66.75,58.09,121.51,131.72,52.64578667083452
2025-10-16 09:05:01.951842,75.6,28.44,191.2,76.34,52.2138435491253
2025-10-16 09:05:02.951841,10.1,56.19,212.12,46.54,52.088598357524205
2025-10-16 09:05:03.951841,90.38,44.45,254.42,126.6,52.41489866117363
2025-10-16 09:05:04.951841,36.0,69.63,180.53,66.59,52.258774674866935
2025-10-16 09:05:05.951840,84.47,51.24,186.55,137.3,52.57345318555891
2025-10-16 09:05:06.951840,93.82,32.3,117.06,53.17,52.20340316935433
2025-10-16 09:05:07.951839,77.21,90.74,70.0,122.38,52.731027532770796
2025-10-16 09:05:08.951839,30.72,23.05,131.33,48.48,52.142494125557505
2025-10-16 09:05:09.951838,38.33,84.83,75.04,63.98,52.4166934407882
2025-10-16 09:05:10.951838,33.07,88.35,75.5,47.17,52.33769030131371
2025-10-16 09:05:11.951837,52.13,84.23,297.42,39.12,51.99095476107208
2025-10-16 09:05:12.951837,39.01,74.1,71.54,101.36,52.59005590503081
2025-10-16 09:05:13.951836,38.48,84.19,248.88,124.09,52.48683172958805
2025-10-16 09:05:14.951836,40.8,59.88,131.89,98.78,52.468326736663684
2025-10-16 09:05:15.951835,69.59,62.1,250.32,117.3,52.40754922397475
2025-10-16 09:05:16.951835,17.29,73.49,249.19,146.63,52.5798999597215
2025-10-16 09:05:17.951835,18.26,59.95,202.29,31.97,52.03523204713638
2025-10-16 09:05:18.951834,70.51,46.71,64.63,68.14,52.37768578385528
2025-10-16 09:05:19.951834,61.63,39.35,137.86,55.15,52.199217972815525
2025-10-16 09:05:20.951833,27.37,63.73,183.91,54.98,52.18391060033939
2025-10-16 09:05:21.951833,78.46,49.54,279.35,84.73,52.17904401922065
2025-10-16 09:05:22.951832,39.98,60.87,92.13,27.74,52.16345835866573
2025-10-16 09:05:23.951832,36.82,74.74,60.64,105.39,52.626364073926105
2025-10-16 09:05:24.951831,17.41,73.54,265.84,73.04,52.18454901366728
2025-10-16 09:05:25.951831,17.32,53.24,64.47,84.22,52.472113956431116
2025-10-16 09:05:26.951830,78.28,39.12,179.98,77.45,52.255286488111146
2025-10-16 09:05:27.951830,59.23,20.24,229.84,85.27,52.19131177031679
2025-10-16 09:05:28.951829,61.18,23.73,119.84,52.73,52.18078745226604
2025-10-16 09:05:29.951829,92.37,45.56,150.65,117.28,52.509109958107466
2025-10-16 09:05:30.951829,18.96,38.48,222.68,75.55,52.18708732996258
2025-10-16 09:05:31.951828,65.82,71.76,282.27,17.22,51.876030104140305
2025-10-16 09:05:32.951828,51.9,47.9,174.03,44.17,52.11160773387545
2025-10-16 09:05:33.951827,67.82,74.52,196.09,21.93,52.0209650561238
2025-10-16 09:05:34.951827,13.92,25.38,166.35,110.99,52.416930513223214
2025-10-16 09:05:35.951826,48.33,21.79,249.43,84.99,52.16660548007222
2025-10-16 09:05:36.951826,28.6,59.08,296.85,31.92,51.90634582191976
2025-10-16 09:05:37.951825,10.37,26.39,271.03,114.84,52.297884569933956
2025-10-16 09:05:38.951825,63.61,63.4,89.69,14.11,52.10254697661148
2025-10-16 09:05:39.951824,80.6,34.28,165.55,62.16,52.18773387367427
2025-10-16 09:05:40.951824,53.32,26.74,63.25,77.0,52.38565293767903
2025-10-16 09:05:41.951823,65.24,54.6,223.79,120.79,52.44628476837361
2025-10-16 09:05:42.951822,35.69,63.56,67.41,107.83,52.60792171772763
2025-10-16 09:05:43.951821,36.29,24.16,141.57,107.41,52.429675431955566
2025-10-16 09:05:44.951821,86.45,93.59,84.2,72.2,52.46309356427331
2025-10-16 09:05:45.951820,66.4,63.31,215.37,104.8,52.393444970490584
2025-10-16 09:05:46.951820,11.51,40.36,215.29,105.6,52.35301265139214
2025-10-16 09:05:47.951819,57.75,44.76,118.52,13.77,52.02589971999097
2025-10-16 09:05:48.951819,42.86,79.71,156.71,69.82,52.32671485361943
2025-10-16 09:05:49.951818,60.36,48.63,135.5,48.79,52.1881739709288
2025-10-16 09:05:50.951818,27.85,78.97,277.17,69.63,52.16260196653164
2025-10-16 09:05:51.951818,38.9,24.92,143.58,60.28,52.18950801760736
2025-10-16 09:05:52.951817,92.58,39.02,132.58,147.34,52.67306189828488
2025-10-16 09:05:53.951817,74.81,64.27,91.02,96.26,52.51894698268971
2025-10-16 09:05:54.951816,67.05,62.1,270.29,43.33,52.00571760788184
2025-10-16 09:05:55.951816,19.94,72.84,219.76,125.92,52.51314694593205
2025-10-16 09:05:56.951815,51.76,88.04,222.38,103.93,52.42767804392657
2025-10-16 09:05:57.951815,20.99,21.82,174.11,22.63,51.951616232609744
2025-10-16 09:05:58.951814,38.0,20.56,172.04,27.86,51.97846246134476
2025-10-16 09:05:59.951814,37.09,83.08,207.21,145.46,52.648959198050676
2025-10-16 09:06:00.951813,92.95,26.19,176.33,70.58,52.200230864923284
2025-10-16 09:06:01.951813,22.64,65.01,250.19,132.09,52.48836264968576
2025-10-16 09:06:02.951813,94.62,26.98,234.12,91.08,52.22811932360629
2025-10-16 09:06:03.951812,71.43,97.19,259.13,121.72,52.48631702584139
2025-10-16 09:06:04.951812,35.26,28.45,188.88,22.28,51.94289694484966
2025-10-16 09:06:05.951811,56.23,88.77,250.9,54.11,52.13822583945047
2025-10-16 09:06:06.951811,19.09,58.15,245.47,85.06,52.24292999903261
2025-10-16 09:06:07.951810,74.52,22.43,111.19,136.14,52.6127565640912
2025-10-16 09:06:08.951810,43.53,70.85,123.48,102.24,52.51847524640296
2025-10-16 09:06:09.951809,88.07,61.13,112.23,121.71,52.61340182259453
2025-10-16 09:06:10.951809,47.13,23.08,73.44,89.81,52.429807202010664
2025-10-16 09:06:11.951808,22.4,77.69,162.69,103.93,52.48769718033314
2025-10-16 09:06:12.951808,16.28,53.58,234.26,10.31,51.870121191854594
2025-10-16 09:06:13.951807,31.56,65.28,69.41,144.78,52.79591304755673
2025-10-16 09:06:14.951807,90.9,91.12,205.56,73.33,52.301103104156994
2025-10-16 09:06:15.951807,82.91,78.23,279.73,10.26,51.85672548767429
2025-10-16 09:06:16.951806,71.86,25.35,164.29,144.35,52.58877059807559
2025-10-16 09:06:17.951806,86.86,61.62,109.38,77.84,52.39576204389521
2025-10-16 09:06:18.951805,79.18,81.09,118.19,125.19,52.66182977170506
2025-10-16 09:06:19.951805,43.3,96.81,149.28,95.89,52.50209053106595
2025-10-16 09:06:20.951804,83.46,50.8,66.84,105.1,52.57005120180701
2025-10-16 09:06:21.951804,66.35,92.35,295.9,23.37,51.92892236644077
2025-10-16 09:06:22.951803,73.75,54.62,247.17,69.94,52.15713108462576
2025-10-16 09:06:23.951803,90.54,30.96,172.63,96.19,52.344307793781574
2025-10-16 09:06:24.951802,54.06,48.38,118.45,100.95,52.47502462203159
2025-10-16 09:06:25.951802,37.51,84.32,91.57,16.09,52.150712667575284
2025-10-16 09:06:26.951802,89.23,35.38,234.2,92.55,52.251787322308765
2025-10-16 09:06:27.951801,86.76,24.09,136.4,133.52,52.56885580622412
2025-10-16 09:06:28.951801,51.04,85.43,119.03,73.51,52.40712136909103
2025-10-16 09:06:29.951800,64.75,79.59,196.14,85.85,52.354819837117645
2025-10-16 09:06:30.951800,12.35,94.0,149.14,146.36,52.75269764428767
2025-10-16 09:06:31.951799,17.96,75.03,116.45,120.91,52.63069074150115
2025-10-16 09:06:32.951799,85.8,25.39,236.94,72.86,52.12886981700403
2025-10-16 09:06:33.951798,84.69,53.89,129.47,97.51,52.453497090055386
2025-10-16 09:06:34.951798,55.89,91.43,222.58,133.66,52.584725964154984
2025-10-16 09:06:35.951797,80.01,34.74,297.58,138.51,52.39847322003056
2025-10-16 09:06:36.951797,14.3,32.47,67.2,133.79,52.67940603408496
2025-10-16 09:06:37.951796,90.07,62.46,233.77,64.54,52.16297671825314
2025-10-16 09:06:38.951796,67.07,43.39,177.26,48.01,52.11797647679208
2025-10-16 09:06:39.951795,54.97,96.38,292.91,75.1,52.203034835283866
2025-10-16 09:06:40.951795,33.03,94.52,291.5,108.66,52.37146031946379
2025-10-16 09:06:41.951795,52.53,65.27,117.03,100.4,52.50696251450303
2025-10-16 09:06:42.951794,36.26,26.01,145.93,71.69,52.246319232367185
2025-10-16 09:06:43.951794,25.35,86.81,230.79,68.55,52.23462374291083
2025-10-16 09:06:44.951793,55.52,22.91,71.22,88.24,52.42449731198407
2025-10-16 09:06:45.951793,16.11,30.25,119.93,44.96,52.15394270286316
2025-10-16 09:06:46.951792,87.61,36.18,185.35,98.75,52.350354168651364
2025-10-16 09:06:47.951792,93.89,62.28,78.45,51.45,52.30477104064219
2025-10-16 09:06:48.951791,45.59,84.74,245.88,39.08,52.06093290715793
2025-10-16 09:06:49.951791,57.96,85.61,173.35,149.83,52.721486404449
2025-10-16 09:06:50.951790,86.06,73.36,219.95,117.89,52.473190772830336
2025-10-16 09:06:51.951790,64.85,84.55,167.49,50.98,52.226130636272366
2025-10-16 09:06:52.951790,51.38,34.19,278.13,72.67,52.089710831137296
2025-10-16 09:06:53.951789,16.04,74.59,236.57,56.21,52.14055592603767
2025-10-16 09:06:54.951789,20.99,83.04,249.22,54.97,52.13370695731655
2025-10-16 09:06:55.951788,52.57,65.37,255.92,129.88,52.470165395112446
2025-10-16 09:06:56.951788,33.69,70.26,82.71,59.33,52.35450972803417
2025-10-16 09:06:57.951787,14.92,70.5,136.08,88.94,52.433450159437854
2025-10-16 09:06:58.951787,18.37,94.88,265.27,18.79,51.951737564694184
2025-10-16 09:06:59.951786,59.88,97.11,229.6,57.06,52.19798235160755
2025-10-16 09:07:00.951786,93.77,59.85,126.53,80.09,52.380706950903765
2025-10-16 09:07:01.951785,63.41,50.04,228.88,124.11,52.44742302935269
2025-10-16 09:07:02.951785,24.18,36.11,127.7,17.12,52.01375190488117
2025-10-16 09:07:03.951784,63.11,54.2,218.43,148.67,52.59405274314377
2025-10-16 09:07:04.951784,89.12,51.74,200.03,120.61,52.47171136339512
2025-10-16 09:07:05.951783,84.06,82.08,125.85,47.4,52.25908032266149
2025-10-16 09:07:06.951783,31.69,90.11,101.82,46.55,52.302633603297416
2025-10-16 09:07:07.951783,90.53,85.19,234.27,141.54,52.59685841884133
2025-10-16 09:07:08.951782,66.4,32.77,290.77,122.45,52.32236416729541
2025-10-16 09:07:09.951782,68.98,57.28,198.5,144.86,52.607476303781894
2025-10-16 09:07:10.951781,40.73,81.24,115.05,12.22,52.09358632805183
2025-10-16 09:07:11.951781,37.15,62.36,189.14,108.37,52.44491111172654
2025-10-16 09:07:12.951780,89.21,98.18,209.31,129.62,52.59517413563427
2025-10-16 09:07:13.951780,31.41,72.42,260.12,146.28,52.5613733055533
2025-10-16 09:07:14.951779,85.23,20.29,98.52,97.44,52.42940067659778
2025-10-16 09:07:15.951779,23.83,59.51,230.56,64.34,52.16053965998988
2025-10-16 09:07:16.951778,92.63,43.32,277.79,137.15,52.434817584105225
2025-10-16 09:07:17.951778,28.15,41.07,140.61,80.36,52.32668146297523
2025-10-16 09:07:18.951778,32.27,59.48,74.32,101.83,52.56029767145743
2025-10-16 09:07:19.951777,51.62,80.74,248.32,72.53,52.219473886822406
2025-10-16 09:07:20.951777,72.19,79.02,247.09,48.43,52.095597495510226
2025-10-16 09:07:21.951776,75.3,96.45,128.92,38.03,52.2353770313465
2025-10-16 09:07:22.951776,45.91,74.9,208.38,102.78,52.41510873543425
2025-10-16 09:07:23.951775,19.02,63.55,59.86,26.07,52.20352015363833
2025-10-16 09:07:24.951775,60.18,27.07,108.36,88.82,52.38566281015678
2025-10-16 09:07:25.951773,36.91,21.38,204.42,120.92,52.408395160897705
2025-10-16 09:07:26.951773,64.19,95.23,174.36,74.91,52.35898448283103
2025-10-16 09:07:27.951772,37.75,21.65,172.99,14.64,51.91228068313023
2025-10-16 09:07:28.951772,78.73,25.85,270.23,39.97,51.918323414339454
2025-10-16 09:07:29.951771,65.77,47.36,105.9,44.59,52.20414898774306
2025-10-16 09:07:30.951771,41.43,50.51,166.45,18.14,51.99488484719679
2025-10-16 09:07:31.951770,78.22,73.44,258.86,52.91,52.09166727499364
2025-10-16 09:07:32.951770,39.62,36.24,100.99,78.33,52.36019192087038
2025-10-16 09:07:33.951769,37.16,47.66,296.95,88.95,52.17315884096411
2025-10-16 09:07:34.951769,93.73,40.78,70.94,61.01,52.321543327918484
2025-10-16 09:07:35.951768,33.5,35.74,233.88,102.74,52.30457905323265
2025-10-16 09:07:36.951768,60.24,60.51,137.63,80.13,52.36729103078138
2025-10-16 09:07:37.951768,84.73,72.78,257.29,98.77,52.32499951386584
2025-10-16 09:07:38.951767,63.06,45.41,66.29,131.12,52.69223551484041
2025-10-16 09:07:39.951766,83.87,92.75,129.41,66.19,52.370298800296126
2025-10-16 09:07:40.951766,55.87,37.21,119.67,54.95,52.2184647962334
2025-10-16 09:07:41.951766,39.44,59.73,147.46,99.78,52.45220323040839
2025-10-16 09:07:42.951765,90.84,84.84,244.65,49.18,52.11398475151535
2025-10-16 09:07:43.951765,32.84,46.13,256.75,21.62,51.88279381062339
2025-10-16 09:07:44.951764,40.73,43.76,265.94,147.68,52.50496700613994
2025-10-16 09:07:45.951764,71.01,98.0,201.47,29.6,52.09825458630945
2025-10-16 09:07:46.951763,65.76,36.09,259.08,99.01,52.25251854786604
2025-10-16 09:07:47.951763,12.68,41.42,193.8,124.74,52.48096017907481
2025-10-16 09:07:48.951762,13.41,89.25,140.7,73.91,52.387481321265895
2025-10-16 09:07:49.951762,57.27,65.35,264.3,119.12,52.40432432371228
2025-10-16 09:07:50.951761,39.42,77.04,288.72,129.77,52.44825205492057
2025-10-16 09:07:51.951761,72.32,66.44,149.52,69.98,52.311392452568114
2025-10-16 09:07:52.951761,46.03,91.26,237.19,132.69,52.55986458162974
2025-10-16 09:07:53.951760,31.18,91.95,286.4,30.47,51.976894902291505
2025-10-16 09:07:54.951760,66.64,74.72,140.89,73.77,52.35828226243145
2025-10-16 09:07:55.951759,72.86,71.85,120.31,71.92,52.37095364496264
2025-10-16 09:07:56.951759,81.61,80.74,286.01,64.55,52.12841884846219
2025-10-16 09:07:57.951758,52.88,61.92,227.38,98.84,52.34440433765411
2025-10-16 09:07:58.951758,63.51,95.52,276.0,14.0,51.91429171672261
2025-10-16 09:07:59.951757,52.49,66.15,265.64,126.53,52.44164816801915
2025-10-16 09:08:00.951757,18.68,36.91,148.87,144.15,52.63092020683546
2025-10-16 09:08:01.951757,86.88,88.48,78.8,28.87,52.24073306923473
2025-10-16 09:08:02.951756,30.74,25.01,107.72,53.32,52.20253647176302
2025-10-16 09:08:03.951756,47.34,75.66,265.45,66.78,52.1574543074579
2025-10-16 09:08:04.951755,25.32,81.98,65.58,10.87,52.15459091770781
2025-10-16 09:08:05.951755,67.76,70.06,196.15,130.46,52.56245770548622
2025-10-16 09:08:06.951754,69.69,65.35,110.68,114.02,52.584695005614705
2025-10-16 09:08:07.951754,41.48,46.29,76.85,64.23,52.34064146790084
2025-10-16 09:08:08.951753,61.12,81.01,152.51,134.42,52.662396869451555
2025-10-16 09:08:09.951753,14.61,76.1,256.08,18.92,51.92824112292917
2025-10-16 09:08:10.951752,56.18,28.76,240.21,55.07,52.04083438175359
2025-10-16 09:08:11.951752,28.94,23.95,158.67,37.59,52.052328803280105
2025-10-16 09:08:12.951751,56.37,87.27,293.0,39.61,52.00527988629464
2025-10-16 09:08:13.951751,38.99,47.76,249.07,110.62,52.34749514114355
2025-10-16 09:08:14.951751,39.97,75.06,105.47,55.3,52.31285091261791
2025-10-16 09:08:15.951750,58.79,47.87,59.27,96.39,52.530360972487586
2025-10-16 09:08:16.951750,17.29,45.31,152.0,120.64,52.52384682906558
2025-10-16 09:08:17.951749,57.83,78.0,215.93,130.15,52.54976108261317
2025-10-16 09:08:18.951749,71.63,70.94,150.63,142.92,52.68844741716387
2025-10-16 09:08:19.951748,34.69,88.61,60.45,21.52,52.228355658146015
2025-10-16 09:08:20.951748,73.54,29.44,270.83,24.13,51.844186187350445
2025-10-16 09:08:21.951747,42.81,60.31,273.66,112.86,52.35022765057787
2025-10-16 09:08:22.951747,30.72,84.21,110.1,48.07,52.28775972527732
2025-10-16 09:08:23.951747,21.62,79.3,125.64,29.13,52.16133257863893
2025-10-16 09:08:24.951746,31.56,87.21,240.79,78.79,52.273892601926015
2025-10-16 09:08:25.951746,20.66,37.02,204.42,40.98,52.03349591596692
2025-10-16 09:08:26.951745,36.05,23.76,192.66,139.98,52.52544002419191
2025-10-16 09:08:27.951745,26.52,28.46,78.76,131.69,52.6454483466078
2025-10-16 09:08:28.951744,55.75,62.42,161.37,147.52,52.68079540492059
2025-10-16 09:08:29.951744,14.95,75.22,209.4,139.91,52.602607822612335
2025-10-16 09:08:30.951743,30.4,52.59,249.16,144.07,52.52634903703583
2025-10-16 09:08:31.951743,20.68,71.42,136.95,41.36,52.19284257650095
2025-10-16 09:08:32.951742,48.46,73.49,147.54,39.69,52.17418158688159
2025-10-16 09:08:33.951742,17.83,26.7,60.34,111.76,52.56571257905099
2025-10-16 09:08:34.951741,73.33,98.43,82.21,140.78,52.82286590027305
2025-10-16 09:08:35.951741,24.95,68.14,279.12,96.46,52.27496597347006
2025-10-16 09:08:36.951741,47.77,43.31,206.3,79.17,52.23681532440346
2025-10-16 09:08:37.951740,76.98,26.13,130.99,135.98,52.59255455795606
2025-10-16 09:08:38.951740,80.93,79.23,259.94,137.91,52.53241257691195
2025-10-16 09:08:39.951739,38.59,28.54,173.14,71.04,52.21141189278587
2025-10-16 09:08:40.951739,56.9,94.11,122.23,52.58,52.31357853072799
2025-10-16 09:08:41.951738,18.24,25.69,73.48,61.01,52.28881112653546
2025-10-16 09:08:42.951738,10.44,50.26,200.47,59.71,52.159485942035644
2025-10-16 09:08:43.951737,65.87,73.3,219.79,68.06,52.22065426484229
2025-10-16 09:08:44.951737,39.15,68.4,198.1,83.07,52.31635019405784
2025-10-16 09:08:45.951736,19.22,87.38,134.88,45.38,52.247015506866646
2025-10-16 09:08:46.951736,39.01,82.99,245.78,55.88,52.14284146882576
2025-10-16 09:08:47.951735,82.26,36.98,137.3,85.73,52.350402961614975
2025-10-16 09:08:48.951735,26.62,29.38,133.33,99.46,52.41057459643669
2025-10-16 09:08:49.951735,89.74,68.94,195.8,63.23,52.219899690869894
2025-10-16 09:08:50.951734,78.05,64.95,200.37,113.04,52.45854476846656
2025-10-16 09:08:51.951734,68.13,30.71,205.15,19.27,51.910186325799344
2025-10-16 09:08:52.951733,42.4,81.44,208.92,147.27,52.65265339125785
2025-10-16 09:08:53.951733,93.76,25.42,244.45,13.32,51.81698255471927
2025-10-16 09:08:54.951732,92.26,71.4,136.56,23.51,52.10282898338921
2025-10-16 09:08:55.951732,11.7,54.84,187.51,41.67,52.09432223574213
2025-10-16 09:08:56.951731,70.7,53.08,223.88,106.69,52.37172429457134
2025-10-16 09:08:57.951731,42.8,81.73,285.5,62.55,52.12088736895368
2025-10-16 09:08:58.951730,79.24,78.96,58.03,124.67,52.73581632039434
2025-10-16 09:08:59.951730,52.92,54.08,205.6,48.73,52.104354209230486
2025-10-16 09:09:00.951729,67.87,77.19,158.89,22.42,52.07857675632302
2025-10-16 09:09:01.951729,83.43,31.02,237.69,23.35,51.88779067156767
2025-10-16 09:09:02.951728,15.89,54.87,154.2,59.79,52.230964743554686
2025-10-16 09:09:03.951728,33.92,98.87,147.1,124.44,52.65376655429624
2025-10-16 09:09:04.951727,49.15,54.7,273.85,61.37,52.078020626080004
2025-10-16 09:09:05.951727,57.84,43.45,250.18,15.68,51.85629063329949
2025-10-16 09:09:06.951726,48.74,76.26,275.56,16.61,51.89068953959454
2025-10-16 09:09:07.951726,67.74,23.54,85.14,147.89,52.70945602972454
2025-10-16 09:09:08.951725,10.67,43.44,293.76,27.65,51.85845426927032
2025-10-16 09:09:09.951725,23.6,80.07,239.75,119.09,52.465732803977446
2025-10-16 09:09:10.951724,68.75,68.24,111.16,113.59,52.58748630822175
2025-10-16 09:09:11.951724,87.91,79.55,175.49,33.57,52.11740768175382
2025-10-16 09:09:12.951723,76.36,32.54,178.33,123.97,52.480568735177535
2025-10-16 09:09:13.951723,14.24,69.27,282.42,41.68,51.99500078907442
2025-10-16 09:09:14.951722,27.19,77.44,160.84,31.62,52.123088142376474
2025-10-16 09:09:15.951722,51.08,25.71,163.63,14.32,51.93111290115908
2025-10-16 09:09:16.951721,29.9,45.31,120.84,66.94,52.29342225779688
2025-10-16 09:09:17.951721,31.02,37.0,214.01,61.25,52.12335046787147
2025-10-16 09:09:18.951720,65.86,46.09,98.2,103.46,52.51048493541397
2025-10-16 09:09:19.951720,73.32,94.08,52.04,32.58,52.30634823762282
2025-10-16 09:09:20.951720,64.89,35.41,234.63,44.54,52.007860929317744
2025-10-16 09:09:21.951719,75.85,36.37,72.8,149.79,52.76058556717837
2025-10-16 09:09:22.951719,75.34,60.66,291.18,137.39,52.451753447055964
2025-10-16 09:09:23.951718,12.46,20.95,255.64,95.72,52.211036969451094
2025-10-16 09:09:24.951718,74.63,23.83,238.24,54.5,52.03100934054911
2025-10-16 09:09:25.951717,63.28,97.62,117.25,140.3,52.771818882573264
2025-10-16 09:09:26.951717,25.23,35.11,64.22,99.42,52.51428293476603
2025-10-16 09:09:27.951716,27.54,78.75,248.95,67.7,52.19027347078162
2025-10-16 09:09:28.951716,75.02,30.25,281.25,77.53,52.102506178931286
2025-10-16 09:09:29.951715,34.79,47.3,235.64,148.99,52.55916369256264
2025-10-16 09:09:30.951715,63.05,48.03,50.5,40.74,52.260303460750585
2025-10-16 09:09:31.951714,90.23,93.63,125.58,142.23,52.76266800125641
2025-10-16 09:09:32.951714,85.92,34.29,215.27,15.18,51.88282123354382
2025-10-16 09:09:33.951713,90.04,93.88,163.92,132.47,52.662201682294196
2025-10-16 09:09:34.951713,48.75,43.46,124.47,119.55,52.551683424271666
2025-10-16 09:09:35.951713,34.23,24.52,233.26,16.56,51.84668231245812
2025-10-16 09:09:36.951712,32.87,94.36,285.31,103.35,52.35253784630886
2025-10-16 09:09:37.951712,91.01,23.74,60.86,114.21,52.57168406632514
2025-10-16 09:09:38.951711,88.92,28.77,259.15,79.35,52.13852573824868
2025-10-16 09:09:39.951711,38.75,62.71,289.56,64.74,52.08958115038664
2025-10-16 09:09:40.951710,80.68,33.45,227.29,84.95,52.21878186581229
2025-10-16 09:09:41.951710,38.82,56.73,142.87,96.19,52.434334526946344
2025-10-16 09:09:42.951709,14.66,51.17,212.62,77.71,52.23620221801962
2025-10-16 09:09:43.951709,71.11,57.87,270.6,136.19,52.46787573865309
2025-10-16 09:09:44.951708,72.31,37.55,154.69,130.17,52.55347311883956
2025-10-16 09:09:45.951707,17.35,61.19,146.43,100.97,52.46245619649625
2025-10-16 09:09:46.951707,23.25,44.48,94.65,11.83,52.047564272758926
2025-10-16 09:09:47.951706,67.73,52.66,240.84,87.32,52.24993561219857
2025-10-16 09:09:48.951706,54.69,26.46,170.64,91.64,52.31516683374739
2025-10-16 09:09:49.951705,29.36,74.09,79.35,29.2,52.213705639284996
2025-10-16 09:09:50.951705,36.39,81.38,168.99,82.31,52.37679809198875
2025-10-16 09:09:51.951704,72.68,21.82,62.41,125.83,52.62478499786409
2025-10-16 09:09:52.951703,74.38,62.31,51.51,136.02,52.769759114656814
2025-10-16 09:09:53.951703,80.47,72.39,256.96,24.55,51.94839433695276
2025-10-16 09:09:54.951702,88.8,94.2,184.37,37.59,52.15433522526902
2025-10-16 09:09:55.951702,43.04,55.49,106.63,20.43,52.09647738195128
2025-10-16 09:09:56.951701,49.66,34.64,149.86,27.65,52.03453311852478
2025-10-16 09:09:57.951700,85.03,84.72,56.57,25.29,52.24511909595455
2025-10-16 09:09:58.951700,11.27,44.99,154.38,43.27,52.1277693456341
2025-10-16 09:09:59.951699,40.26,77.62,80.64,73.82,52.44505361815536
2025-10-16 09:10:00.951699,83.33,58.34,159.29,72.06,52.29308251904109
2025-10-16 09:10:01.951698,32.92,68.75,140.17,121.37,52.588976887811846
2025-10-16 09:10:02.951698,66.28,75.18,98.03,72.86,52.412099934021334
2025-10-16 09:10:03.951697,31.6,85.72,143.54,14.85,52.07737920174834
2025-10-16 09:10:04.951696,44.61,23.42,88.07,137.47,52.65246077697835
2025-10-16 09:10:05.951696,77.26,51.1,270.33,135.97,52.453967581277226
2025-10-16 09:10:06.951695,54.08,29.09,172.73,88.22,52.30013247034475
2025-10-16 09:10:07.951694,58.66,23.63,81.29,83.16,52.38662265473715
2025-10-16 09:10:08.951694,85.72,46.05,79.88,28.65,52.155719301688684
2025-10-16 09:10:09.951693,43.49,56.02,61.34,149.73,52.813849073450946
2025-10-16 09:10:10.951692,69.9,34.06,89.35,84.4,52.40235643653876
2025-10-16 09:10:11.951692,49.52,65.38,208.26,100.22,52.38379186295291
2025-10-16 09:10:12.951691,24.2,72.08,82.02,28.01,52.20018231209989
2025-10-16 09:10:13.951691,42.4,36.75,57.14,82.16,52.43946725488258
2025-10-16 09:10:14.951690,28.94,41.56,224.83,65.97,52.141616063264316
2025-10-16 09:10:15.951690,25.05,69.65,169.06,15.55,52.0154421241944
2025-10-16 09:10:16.951689,39.39,82.01,103.95,122.43,52.66874097560726
2025-10-16 09:10:17.951689,18.8,49.15,266.62,22.71,51.88093840577045
2025-10-16 09:10:18.951688,36.97,67.84,55.83,148.18,52.83635580701351
2025-10-16 09:10:19.951688,11.62,45.93,248.55,139.76,52.492375039524156
2025-10-16 09:10:20.951687,40.22,54.02,115.41,19.26,52.075902386969716
2025-10-16 09:10:21.951687,94.94,63.63,263.21,85.85,52.233768713059476
2025-10-16 09:10:22.951687,84.32,66.78,140.48,131.33,52.63522921331348
2025-10-16 09:10:23.951686,20.98,56.45,174.73,55.03,52.18234154903842
2025-10-16 09:10:24.951686,80.39,79.25,259.73,31.34,51.99243070463236
2025-10-16 09:10:25.951685,89.09,56.87,88.64,84.65,52.44890067731549
2025-10-16 09:10:26.951685,32.08,28.55,102.93,82.47,52.36363413724517
2025-10-16 09:10:27.951684,76.64,24.92,156.9,105.38,52.40028050118452
2025-10-16 09:10:28.951684,50.93,44.19,185.88,52.35,52.12996258607792
2025-10-16 09:10:29.951683,73.38,70.89,205.12,51.38,52.15109852671524
2025-10-16 09:10:30.951683,26.97,77.26,75.6,133.75,52.75496105494573
2025-10-16 09:10:31.951682,59.21,24.81,243.93,84.0,52.17483808982107
2025-10-16 09:10:32.951682,56.37,92.97,105.36,33.88,52.23920274327173
2025-10-16 09:10:33.951681,17.78,39.97,70.88,122.0,52.6292650614989
2025-10-16 09:10:34.951681,71.3,71.24,293.35,139.04,52.47776441273656
2025-10-16 09:10:35.951680,12.33,58.24,266.84,39.69,51.98439389078973
2025-10-16 09:10:36.951680,37.03,53.17,144.02,55.46,52.21937470783222
2025-10-16 09:10:37.951680,51.73,51.82,142.81,111.75,52.50376227021848
2025-10-16 09:10:38.951679,84.45,41.23,200.97,62.63,52.15607212845742
2025-10-16 09:10:39.951679,14.24,36.21,187.45,145.58,52.58501823064414
2025-10-16 09:10:40.951678,85.59,57.84,86.3,76.7,52.41362092472571
2025-10-16 09:10:41.951678,38.66,69.89,53.48,75.56,52.47531559759202
2025-10-16 09:10:42.951677,43.19,79.92,206.47,45.88,52.13894838130534
2025-10-16 09:10:43.951677,78.82,35.27,137.97,45.99,52.14470160885806
2025-10-16 09:10:44.951676,28.85,91.36,198.24,49.1,52.18855175421848
2025-10-16 09:10:45.951676,28.57,32.98,83.83,142.1,52.70020322199529
2025-10-16 09:10:46.951675,21.11,74.73,144.75,22.98,52.095617988029886
2025-10-16 09:10:47.951675,94.77,83.7,228.13,112.9,52.4570028993684
2025-10-16 09:10:48.951674,42.72,71.79,134.4,86.47,52.4256894294801
2025-10-16 09:10:49.951674,23.21,61.34,134.38,63.69,52.28991714298027
2025-10-16 09:10:50.951673,61.3,42.09,170.01,85.47,52.31510278296059
2025-10-16 09:10:51.951673,30.0,52.02,280.24,92.17,52.22038858343067
2025-10-16 09:10:52.951673,14.32,84.82,297.01,73.49,52.166905195883004
2025-10-16 09:10:53.951672,36.22,20.24,84.38,45.88,52.18688008406074
2025-10-16 09:10:54.951672,87.33,30.53,162.91,37.57,52.05932144464475
2025-10-16 09:10:55.951671,78.39,55.2,99.53,30.78,52.157919062385446
2025-10-16 09:10:56.951671,35.26,96.86,277.06,51.57,52.105949905292704
2025-10-16 09:10:57.951670,82.94,55.83,170.73,140.79,52.62130395638723
2025-10-16 09:10:58.951670,24.7,24.5,162.21,72.86,52.227461768457204
2025-10-16 09:10:59.951669,78.35,51.77,105.09,51.92,52.25096833674207
2025-10-16 09:11:00.951669,25.41,54.89,213.53,71.99,52.21320915434514
2025-10-16 09:11:01.951668,14.97,72.28,58.04,120.04,52.69934876166067
2025-10-16 09:11:02.951668,18.41,58.77,112.86,63.78,52.31426904736786
2025-10-16 09:11:03.951668,63.24,95.73,56.85,126.14,52.77744010726573
2025-10-16 09:11:04.951667,83.8,93.79,220.15,30.01,52.06707554318235
2025-10-16 09:11:05.951667,40.75,88.65,179.99,108.34,52.50812827651025
2025-10-16 09:11:06.951666,81.37,68.8,276.64,59.01,52.08970878936342
2025-10-16 09:11:07.951666,78.05,93.98,127.92,57.74,52.331848221473756
2025-10-16 09:11:08.951665,73.14,98.0,117.75,30.76,52.216525711844476
2025-10-16 09:11:09.951665,10.22,73.82,66.86,59.85,52.38534161340836
2025-10-16 09:11:10.951664,92.66,53.63,143.15,99.19,52.44314462181827
2025-10-16 09:11:11.951664,94.35,74.82,72.18,47.29,52.316464594130494
2025-10-16 09:11:12.951663,11.87,61.11,255.39,133.35,52.480191670772875
2025-10-16 09:11:13.951663,26.13,73.33,167.96,56.28,52.23056800068006
2025-10-16 09:11:14.951663,22.08,78.13,165.85,19.29,52.05519098581288
2025-10-16 09:11:15.951662,16.64,98.1,160.47,46.82,52.24079362577771
2025-10-16 09:11:16.951662,50.96,37.63,180.28,41.45,52.06947088436193
2025-10-16 09:11:17.951661,76.15,65.67,240.36,37.46,52.023073770822435
2025-10-16 09:11:18.951661,87.34,33.49,201.13,28.47,51.96762835489967
2025-10-16 09:11:19.951660,84.4,93.15,132.43,149.15,52.787623420904666
2025-10-16 09:11:20.951660,63.71,87.88,157.96,145.44,52.72430071214068
2025-10-16 09:11:21.951659,42.6,20.48,100.07,39.15,52.13216274428513
2025-10-16 09:11:22.951657,80.48,37.51,92.95,33.56,52.146472194018784
2025-10-16 09:11:23.951657,32.51,65.14,144.43,135.34,52.64707016644055
2025-10-16 09:11:24.951656,23.82,47.36,192.9,110.59,52.42197125394898
2025-10-16 09:11:25.951656,56.58,29.98,184.58,124.31,52.46892768771749
2025-10-16 09:11:26.951655,22.33,98.4,291.43,89.82,52.28357625693404
2025-10-16 09:11:27.951655,38.04,96.09,241.87,15.49,51.96877137538056
2025-10-16 09:11:28.951654,15.85,75.57,52.58,141.74,52.82308908465869
2025-10-16 09:11:29.951654,20.71,39.03,299.73,99.34,52.205333897177056
2025-10-16 09:11:30.951653,70.6,21.44,65.59,25.01,52.108627058846444
2025-10-16 09:11:31.951653,10.94,67.0,274.92,109.31,52.34353768456352
2025-10-16 09:11:32.951653,68.32,43.71,187.29,111.24,52.42570530422291
2025-10-16 09:11:33.951652,22.17,73.96,229.84,61.63,52.1758454584911
2025-10-16 09:11:34.951652,11.65,20.95,207.72,94.95,52.27146337760241
2025-10-16 09:11:35.951651,50.35,79.91,56.43,86.31,52.5453276593953
2025-10-16 09:11:36.951651,65.6,54.36,234.31,20.43,51.92287745038012
2025-10-16 09:11:37.951650,41.54,33.04,200.27,142.38,52.54542438911471
2025-10-16 09:11:38.951650,38.77,22.3,209.16,88.28,52.238337075951534
2025-10-16 09:11:39.951649,94.77,55.3,274.97,52.73,52.03387876825394
2025-10-16 09:11:40.951649,72.94,28.18,260.85,61.89,52.046576091201956
2025-10-16 09:11:41.951648,89.06,46.15,75.71,10.62,52.070100765831135
2025-10-16 09:11:42.951648,29.69,21.95,293.3,135.53,52.36425741964349
2025-10-16 09:11:43.951648,62.4,75.87,62.72,74.27,52.467991270321846
2025-10-16 09:11:44.951647,47.48,43.4,286.36,61.43,52.03957298265981
2025-10-16 09:11:45.951647,30.09,96.81,77.91,56.8,52.39971762385873
2025-10-16 09:11:46.951646,13.1,29.56,262.54,122.51,52.35432819420331
2025-10-16 09:11:47.951646,64.27,25.34,185.63,96.0,52.31497204948194
2025-10-16 09:11:48.951645,52.05,98.48,121.4,99.26,52.5598488252313
2025-10-16 09:11:49.951645,37.66,77.05,86.0,142.9,52.78698137639031
2025-10-16 09:11:50.951644,12.05,45.57,120.33,42.64,52.171412784084026
2025-10-16 09:11:51.951644,88.73,37.66,61.26,146.09,52.75982538854646
2025-10-16 09:11:52.951643,30.22,30.31,271.57,44.12,51.94623126814495
2025-10-16 09:11:53.951643,61.74,98.93,83.0,121.61,52.725586351026664
2025-10-16 09:11:54.951642,35.51,54.83,171.29,135.44,52.591484881682135
2025-10-16 09:11:55.951642,73.8,46.73,110.53,65.98,52.30515508952727
2025-10-16 09:11:56.951642,27.46,53.25,111.93,33.05,52.14899224077677
2025-10-16 09:11:57.951641,10.25,23.21,52.64,61.5,52.31445302192164
2025-10-16 09:11:58.951641,84.54,84.42,110.85,112.44,52.61351247291752
2025-10-16 09:11:59.951640,16.63,65.94,62.28,141.82,52.79176021471108
2025-10-16 09:12:00.951640,84.35,98.11,96.93,143.8,52.81779440179297
2025-10-16 09:12:01.951639,62.61,56.67,72.99,13.11,52.1068184701889
2025-10-16 09:12:02.951639,33.54,42.82,205.0,121.82,52.45384095807957
2025-10-16 09:12:03.951638,35.06,82.99,269.43,39.93,52.03022708581145
2025-10-16 09:12:04.951638,94.81,72.43,125.61,69.43,52.35234155993171
2025-10-16 09:12:05.951637,57.53,84.49,84.72,60.11,52.38341720114045
2025-10-16 09:12:06.951637,70.25,21.2,150.63,63.93,52.19132041149884
2025-10-16 09:12:07.951636,53.13,42.24,75.17,42.04,52.22252517275469
2025-10-16 09:12:08.951636,11.45,45.72,210.19,98.59,52.33473429878177
2025-10-16 09:12:09.951635,24.77,75.14,228.4,29.46,52.01697181242068
2025-10-16 09:12:10.951635,53.39,43.38,86.38,17.63,52.08593446598393
2025-10-16 09:12:11.951634,33.21,37.94,123.11,144.56,52.669581879801726
2025-10-16 09:12:12.951634,70.55,26.34,198.83,62.16,52.127628363312525
2025-10-16 09:12:13.951634,27.47,95.74,278.41,120.22,52.450012080286115
2025-10-16 09:12:14.951633,56.21,32.59,289.49,41.93,51.91550181235057
2025-10-16 09:12:15.951633,48.95,58.55,166.17,57.55,52.210689807554594
2025-10-16 09:12:16.951632,32.82,89.19,181.81,41.01,52.165375805489184
2025-10-16 09:12:17.951632,71.44,97.36,131.59,128.43,52.691882818393445
2025-10-16 09:12:18.951631,14.24,65.36,298.48,83.57,52.17822269581805
2025-10-16 09:12:19.951631,61.4,88.22,232.62,124.33,52.51770772699461
2025-10-16 09:12:20.951630,91.3,97.51,82.02,92.95,52.57883840696292
2025-10-16 09:12:21.951630,43.4,27.6,287.7,142.65,52.41885194950054
2025-10-16 09:12:22.951629,31.09,68.32,133.29,38.76,52.1785503095825
2025-10-16 09:12:23.951629,93.84,83.48,99.9,41.91,52.26880343413141
2025-10-16 09:12:24.951629,66.39,77.23,269.4,36.44,52.00138066033245
2025-10-16 09:12:25.951628,34.52,20.2,273.59,118.01,52.298491381694916
2025-10-16 09:12:26.951628,23.31,94.83,107.6,18.78,52.163253968910595
2025-10-16 09:12:27.951627,12.88,84.08,147.83,88.73,52.44299986843851
2025-10-16 09:12:28.951627,19.97,78.38,118.4,117.26,52.61607731644939
2025-10-16 09:12:29.951626,56.47,76.67,141.93,91.93,52.452745251721886
2025-10-16 09:12:30.951626,40.61,47.13,133.22,13.26,52.008185327333564
2025-10-16 09:12:31.951625,92.53,72.8,188.67,16.5,52.00005406692871
2025-10-16 09:12:32.951625,17.49,60.01,115.52,47.59,52.23102545475405
2025-10-16 09:12:33.951624,12.7,28.99,77.09,101.79,52.49712915193371
2025-10-16 09:12:34.951624,85.59,35.56,196.31,63.51,52.15577173914516
2025-10-16 09:12:35.951623,18.34,85.64,224.82,65.67,52.22576326750502
2025-10-16 09:12:36.951623,80.6,71.17,204.4,70.7,52.250560263698034
2025-10-16 09:12:37.951622,24.9,97.45,232.53,28.36,52.04920259878226
2025-10-16 09:12:38.951622,17.13,81.0,279.89,16.53,51.893681738918374
2025-10-16 09:12:39.951622,23.39,96.26,134.68,52.46,52.300434429940516
2025-10-16 09:12:40.951621,86.36,91.14,125.87,115.12,52.6199943512087
2025-10-16 09:12:41.951621,42.48,53.06,202.35,11.95,51.92026304791959
2025-10-16 09:12:42.951620,48.53,71.46,218.99,13.18,51.93991493352124
2025-10-16 09:12:43.951620,39.49,49.4,249.2,98.82,52.290682217541566
2025-10-16 09:12:44.951619,89.33,69.18,63.32,125.01,52.711434367117015
2025-10-16 09:12:45.951619,19.3,85.43,136.45,79.86,52.41592993929782
2025-10-16 09:12:46.951618,26.02,77.97,182.11,89.6,52.389518741677406
2025-10-16 09:12:47.951618,34.08,56.78,218.72,75.1,52.22568190550068
2025-10-16 09:12:48.951617,11.85,50.55,279.42,63.79,52.07474826984411
2025-10-16 09:12:49.951617,35.56,37.32,152.21,78.69,52.295355371375145
2025-10-16 09:12:50.951616,84.86,39.11,194.73,21.4,51.95129621594743
2025-10-16 09:12:51.951616,13.28,72.48,269.22,124.6,52.439357465517446
2025-10-16 09:12:52.951615,32.23,97.38,255.78,43.11,52.09263608613781
2025-10-16 09:12:53.951615,79.82,96.87,220.75,129.95,52.57894402530539
2025-10-16 09:12:54.951615,71.78,56.81,252.06,93.62,52.274878021597104
2025-10-16 09:12:55.951614,79.73,34.91,125.04,75.91,52.313052326172546
2025-10-16 09:12:56.951614,12.83,62.41,112.48,17.21,52.08574557121977
2025-10-16 09:12:57.951613,53.51,48.99,50.73,32.0,52.21754893096544
2025-10-16 09:12:58.951613,82.16,34.4,125.0,146.44,52.66969731156452
2025-10-16 09:12:59.951612,80.8,73.18,243.39,144.84,52.578008616282084
2025-10-16 09:13:00.951612,47.75,49.93,214.37,60.64,52.14489966395811
2025-10-16 09:13:01.951611,80.65,90.62,76.73,107.04,52.64398690061375
2025-10-16 09:13:02.951611,55.47,82.77,268.31,114.68,52.410280549448295
2025-10-16 09:13:03.951610,90.34,59.49,90.96,42.58,52.23758524776023
2025-10-16 09:13:04.951610,76.81,86.77,297.53,41.22,52.0063895903535
2025-10-16 09:13:05.951609,46.71,62.46,112.51,122.38,52.61900720155533
2025-10-16 09:13:06.951609,25.26,59.08,84.68,100.77,52.54023848395546
2025-10-16 09:13:07.951609,78.5,34.15,174.54,121.01,52.47377812346752
2025-10-16 09:13:08.951608,89.68,85.39,180.76,32.87,52.11813210189001
2025-10-16 09:13:09.951608,51.5,64.64,99.7,94.63,52.49974948963398
2025-10-16 09:13:10.951607,16.81,85.02,151.08,136.91,52.68473280095414
2025-10-16 09:13:11.951607,64.79,66.46,113.16,122.33,52.62565377593974
2025-10-16 09:13:12.951606,83.83,28.62,72.92,30.87,52.142448625999904
2025-10-16 09:13:13.951606,40.92,76.42,204.43,140.98,52.617036430948005
2025-10-16 09:13:14.951605,78.73,80.79,232.11,48.62,52.12011010367063
2025-10-16 09:13:15.951605,30.72,77.34,70.52,66.04,52.41865106584815
2025-10-16 09:13:16.951604,90.02,25.73,264.3,61.73,52.03637268904565
2025-10-16 09:13:17.951604,13.82,75.24,246.61,59.39,52.14446315879417
2025-10-16 09:13:18.951603,34.83,87.72,137.86,18.27,52.106229823323886
2025-10-16 09:13:19.951603,25.43,76.82,63.43,15.13,52.16904836093513
2025-10-16 09:13:20.951602,51.15,67.62,188.41,147.2,52.65297761291758
2025-10-16 09:13:21.951602,70.32,69.66,72.91,79.66,52.46957156599815
2025-10-16 09:13:22.951602,41.29,74.23,203.95,115.43,52.48388851192343
2025-10-16 09:13:23.951601,54.14,62.7,242.52,77.59,52.21785924339455
2025-10-16 09:13:24.951601,81.12,69.65,183.48,113.87,52.49455969116865
2025-10-16 09:13:25.951600,26.04,90.11,161.69,94.1,52.463336322417426
2025-10-16 09:13:26.951600,43.67,74.53,203.58,102.09,52.41733527612164
2025-10-16 09:13:27.951599,13.16,83.62,186.18,78.93,52.340937679793704
2025-10-16 09:13:28.951599,12.33,40.84,225.11,72.23,52.17157887155738
2025-10-16 09:13:29.951598,84.38,35.12,282.38,112.42,52.2873423543825
2025-10-16 09:13:30.951598,37.99,87.13,201.14,19.4,52.02586207412126
2025-10-16 09:13:31.951597,88.86,22.12,140.95,140.44,52.59400354594817
2025-10-16 09:13:32.951597,51.0,77.22,138.41,31.59,52.15261972561931
2025-10-16 09:13:33.951596,14.97,95.86,170.78,143.69,52.71372457338807
2025-10-16 09:13:34.951596,41.23,77.46,167.81,67.74,52.2968960645202
2025-10-16 09:13:35.951595,49.63,54.7,125.89,85.59,52.39944344030633
2025-10-16 09:13:36.951595,35.66,79.52,299.59,136.4,52.47209231245086
2025-10-16 09:13:37.951595,50.34,92.89,131.56,48.98,52.28043104447022
2025-10-16 09:13:38.951594,47.54,55.26,99.43,116.8,52.59428544574529
2025-10-16 09:13:39.951594,64.88,70.31,132.28,125.83,52.625212062466154
2025-10-16 09:13:40.951593,69.52,80.43,188.87,59.38,52.23201061663412
2025-10-16 09:13:41.951593,59.64,47.7,285.33,117.2,52.33206142738752
2025-10-16 09:13:42.951592,32.55,60.56,66.1,40.05,52.260210841396386
2025-10-16 09:13:43.951592,56.35,42.58,157.63,123.8,52.52700497121042
2025-10-16 09:13:44.951591,52.35,90.96,78.14,134.8,52.78349603260751
2025-10-16 09:13:45.951591,29.08,88.26,287.24,42.83,52.03126131985529
2025-10-16 09:13:46.951590,48.92,39.6,289.88,144.01,52.44613850618403
2025-10-16 09:13:47.951590,73.59,38.33,138.76,81.89,52.33159771842515
2025-10-16 09:13:48.951589,80.41,33.03,225.74,38.22,51.98312861416453
2025-10-16 09:13:49.951589,66.07,93.8,82.0,122.59,52.72192889362261
2025-10-16 09:13:50.951588,37.59,81.96,142.64,21.74,52.10621293467819
2025-10-16 09:13:51.951588,85.06,53.39,195.12,40.79,52.07682705211758
2025-10-16 09:13:52.951588,75.43,93.47,54.04,102.44,52.65666345178457
2025-10-16 09:13:53.951587,27.79,21.81,249.0,139.79,52.44505386945998
2025-10-16 09:13:54.951587,11.96,30.04,105.06,126.34,52.58608794949405
2025-10-16 09:13:55.951586,74.31,58.07,90.65,86.37,52.45725443289257
2025-10-16 09:13:56.951586,63.11,94.14,62.22,141.52,52.84511706469028
2025-10-16 09:13:57.951585,78.92,46.99,170.13,89.11,52.342917754838425
2025-10-16 09:13:58.951585,83.67,54.58,76.23,73.04,52.40224873477385
2025-10-16 09:13:59.951584,22.39,82.09,272.28,63.09,52.1420718752778
2025-10-16 09:14:00.951584,16.43,45.72,288.99,126.71,52.371515640721825
2025-10-16 09:14:01.951583,39.95,94.77,267.89,42.9,52.07024265445964
2025-10-16 09:14:02.951583,38.07,94.73,259.18,55.1,52.143710846794185
2025-10-16 09:14:03.951582,40.51,44.05,107.06,120.62,52.581626792758605
2025-10-16 09:14:04.951582,82.6,73.88,195.07,52.53,52.176230648319795
2025-10-16 09:14:05.951582,90.51,88.56,74.04,149.93,52.86104455427226
2025-10-16 09:14:06.951581,19.78,33.01,218.2,42.91,52.01698981294124
2025-10-16 09:14:07.951581,85.36,84.22,59.46,47.39,52.35231332590518
2025-10-16 09:14:08.951580,50.32,78.88,267.93,141.63,52.53986643160209
2025-10-16 09:14:09.951580,19.58,24.84,154.08,26.19,52.002422847031696
2025-10-16 09:14:10.951579,31.86,24.24,163.69,43.53,52.07626861292785
2025-10-16 09:14:11.951579,24.99,98.39,83.36,102.24,52.625849176662115
2025-10-16 09:14:12.951578,30.53,25.44,209.11,118.99,52.40020335077167
2025-10-16 09:14:13.951578,70.31,39.7,201.74,142.6,52.55750785692906
2025-10-16 09:14:14.951577,76.4,45.13,250.53,102.99,52.30174105491295
2025-10-16 09:14:15.951577,26.14,61.74,123.42,97.56,52.47712626915372
2025-10-16 09:14:16.951576,76.68,60.27,161.18,76.21,52.31533581465521
2025-10-16 09:14:17.951576,36.24,24.69,137.39,62.67,52.209487999018734
2025-10-16 09:14:18.951576,29.41,43.7,178.55,131.5,52.54013571677097
2025-10-16 09:14:19.951575,68.56,97.49,287.95,55.23,52.111110758656864
2025-10-16 09:14:20.951575,16.98,90.04,79.31,127.2,52.7416061690886
2025-10-16 09:14:21.951574,23.67,45.11,265.42,21.68,51.86947692630789
2025-10-16 09:14:22.951574,10.82,29.63,279.55,66.84,52.04938601003133
2025-10-16 09:14:23.951573,59.96,95.25,154.52,49.35,52.25607011436463
2025-10-16 09:14:24.951573,27.26,85.54,265.9,79.83,52.2422112972527
2025-10-16 09:14:25.951572,79.93,33.88,135.83,138.69,52.61485614723208
2025-10-16 09:14:26.951572,34.69,86.71,90.64,103.68,52.60068065541683
2025-10-16 09:14:27.951571,10.11,92.5,124.95,35.8,52.221725107953475
2025-10-16 09:14:28.951571,15.18,47.5,215.4,41.29,52.040691862181646
2025-10-16 09:14:29.951570,35.02,81.77,93.79,66.95,52.40063409288877
2025-10-16 09:14:30.951570,48.41,96.45,279.74,32.0,52.00233686961324
2025-10-16 09:14:31.951569,74.16,65.23,129.33,61.5,52.29315228583606
2025-10-16 09:14:32.951569,27.0,71.64,220.22,94.86,52.352725532108394
2025-10-16 09:14:33.951569,89.96,68.21,55.27,95.29,52.569677849021154
2025-10-16 09:14:34.951568,47.0,97.8,206.67,34.36,52.11501808367229
2025-10-16 09:14:35.951568,74.7,75.96,144.07,113.21,52.55638091089546
2025-10-16 09:14:36.951567,64.23,26.79,216.92,20.8,51.89452546160027
2025-10-16 09:14:37.951567,48.07,36.76,146.93,26.12,52.03482901629021
2025-10-16 09:14:38.951566,78.74,22.05,197.88,47.81,52.04781398569234
2025-10-16 09:14:39.951566,76.05,72.47,243.61,61.13,52.151929623719354
2025-10-16 09:14:40.951565,10.36,97.94,136.86,137.21,52.730449140226916
2025-10-16 09:14:41.951565,91.88,73.21,91.34,81.42,52.46065151232367
2025-10-16 09:14:42.951564,64.83,23.41,76.48,70.13,52.326591134299555
2025-10-16 09:14:43.951564,21.21,92.61,288.67,147.12,52.56653759254158
2025-10-16 09:14:44.951563,84.64,45.44,147.33,16.68,52.00329855931811
2025-10-16 09:14:45.951563,60.81,39.37,80.3,10.04,52.04782368903415
2025-10-16 09:14:46.951562,13.0,88.96,284.2,16.68,51.90412386628667
2025-10-16 09:14:47.951562,94.74,37.51,171.8,67.93,52.214873488234005
2025-10-16 09:14:48.951562,79.86,51.49,141.61,100.86,52.44952040753724
2025-10-16 09:14:49.951561,22.0,23.8,130.3,49.35,52.14974506552122
2025-10-16 09:14:50.951561,24.42,94.98,54.16,142.71,52.86360269892426
2025-10-16 09:14:51.951560,64.02,32.1,67.6,119.86,52.6075259298364
2025-10-16 09:14:52.951560,50.46,46.73,244.71,83.05,52.21156874233966
2025-10-16 09:14:53.951559,36.47,93.05,179.49,23.78,52.088635985045286
2025-10-16 09:14:54.951559,88.11,73.79,299.86,86.81,52.20917758268908
2025-10-16 09:14:55.951558,67.68,34.77,130.82,14.12,51.99174981909041
2025-10-16 09:14:56.951558,61.29,82.18,228.33,42.94,52.09908835595397
2025-10-16 09:14:57.951557,92.49,51.2,72.26,44.82,52.257936884057536
2025-10-16 09:14:58.951557,11.36,69.24,97.8,29.14,52.179208865609574
2025-10-16 09:14:59.951556,27.59,76.66,223.29,91.73,52.34249001376978
2025-10-16 09:15:00.951556,17.62,71.93,188.78,59.39,52.21566522515737
2025-10-16 09:15:01.951556,54.8,52.83,219.39,100.59,52.34633952337723
2025-10-16 09:15:02.951555,64.92,37.16,153.23,134.71,52.57769275381472
2025-10-16 09:15:03.951555,84.37,65.62,81.22,79.5,52.449754217577706
2025-10-16 09:15:04.951554,73.56,42.42,267.17,15.2,51.82904736106979
2025-10-16 09:15:05.951554,14.24,74.89,58.54,121.71,52.712215985895746
2025-10-16 09:15:06.951553,16.32,20.0,51.44,89.65,52.452544985240024
2025-10-16 09:15:07.951553,92.49,51.12,174.72,50.79,52.150501386958226
2025-10-16 09:15:08.951552,44.11,20.12,218.11,90.53,52.233493383739955
2025-10-16 09:15:09.951552,50.18,72.62,104.79,62.54,52.34572876168166
2025-10-16 09:15:10.951551,22.42,55.85,118.45,123.6,52.60437403157855
2025-10-16 09:15:11.951551,84.57,51.01,104.53,76.49,52.374811531720354
2025-10-16 09:15:12.951550,29.29,36.6,222.04,122.35,52.421566162807856
2025-10-16 09:15:13.951550,86.33,25.76,226.67,138.25,52.4748986127292
2025-10-16 09:15:14.951550,29.83,48.65,294.62,111.09,52.29045878024208
2025-10-16 09:15:15.951549,75.08,98.06,84.8,106.62,52.645481104351425
2025-10-16 09:15:16.951549,82.24,94.22,261.17,70.1,52.216097334050716
2025-10-16 09:15:17.951548,35.71,56.75,124.15,17.57,52.06090602280011
2025-10-16 09:15:18.951548,35.93,33.39,217.95,11.48,51.85871586690793
2025-10-16 09:15:19.951547,70.69,31.49,67.52,20.17,52.10102647627915
2025-10-16 09:15:20.951547,22.64,76.52,118.65,87.94,52.46347700939449
2025-10-16 09:15:21.951546,16.86,62.05,208.38,137.29,52.56510240411588
2025-10-16 09:15:22.951546,60.19,77.29,164.19,20.0,52.05938684682794
2025-10-16 09:15:23.951545,58.14,87.71,118.39,148.16,52.790881378127835
2025-10-16 09:15:24.951545,72.95,53.11,148.07,66.57,52.2701481352104
2025-10-16 09:15:25.951544,72.58,63.7,287.56,42.56,51.981738695779384
2025-10-16 09:15:26.951544,26.39,25.52,63.33,64.66,52.320611918473354
2025-10-16 09:15:27.951544,20.75,86.7,199.4,141.54,52.646603868743
2025-10-16 09:15:28.951543,64.77,33.91,145.63,127.82,52.54664826108314
2025-10-16 09:15:29.951543,24.79,42.9,103.82,26.24,52.10524151372512
2025-10-16 09:15:30.951542,89.73,54.39,273.58,46.51,52.00244151728347
2025-10-16 09:15:31.951542,88.58,86.0,294.33,36.36,51.98454932656777
2025-10-16 09:15:32.951541,64.41,26.97,113.12,27.92,52.07031956927412
2025-10-16 09:15:33.951541,91.78,60.08,125.22,97.8,52.47270098524565
2025-10-16 09:15:34.951540,16.94,21.18,272.05,20.05,51.80581252304134
2025-10-16 09:15:35.951540,66.96,43.97,247.46,140.15,52.49200697922029
2025-10-16 09:15:36.951539,13.88,39.83,167.16,104.74,52.41223480238824
2025-10-16 09:15:37.951539,54.41,59.72,222.8,148.41,52.59759432618544
2025-10-16 09:15:38.951539,84.11,48.34,62.82,104.31,52.566662420417664
2025-10-16 09:15:39.951538,65.44,53.53,60.61,79.98,52.45636282419057
2025-10-16 09:15:40.951538,42.13,56.02,266.41,59.64,52.08180245898621
2025-10-16 09:15:41.951537,38.39,67.99,284.64,132.89,52.45196179036394
2025-10-16 09:15:42.951537,64.18,56.0,297.17,90.85,52.198702377300805
2025-10-16 09:15:43.951536,61.42,67.79,163.61,102.1,52.457946805970685
2025-10-16 09:15:44.951536,53.78,47.35,134.03,140.12,52.65069700854153
2025-10-16 09:15:45.951535,21.3,29.13,162.94,141.71,52.584543454281295
2025-10-16 09:15:46.951535,70.76,68.36,149.0,30.42,52.11525489710002
2025-10-16 09:15:47.951534,44.39,74.42,299.75,18.81,51.86579407277557
2025-10-16 09:15:48.951534,12.73,73.96,174.24,118.89,52.54079004331349
2025-10-16 09:15:49.951533,28.39,94.04,196.3,30.36,52.10135326915066
2025-10-16 09:15:50.951533,49.95,72.42,180.62,17.14,52.01336715149042
2025-10-16 09:15:51.951533,35.11,82.74,144.83,125.38,52.63023638597583
2025-10-16 09:15:52.951532,46.69,57.61,115.52,41.19,52.1939142916178
2025-10-16 09:15:53.951532,42.74,98.44,127.56,12.48,52.111532903346244
2025-10-16 09:15:54.951531,81.13,33.58,117.06,67.96,52.2808747157694
2025-10-16 09:15:55.951531,85.17,67.49,294.66,130.28,52.42430632506703
2025-10-16 09:15:56.951530,77.82,90.34,178.92,142.48,52.68593612733143
2025-10-16 09:15:57.951530,89.64,20.22,269.7,113.72,52.28200237155564
2025-10-16 09:15:58.951529,16.75,45.44,147.96,33.64,52.08843886139397
2025-10-16 09:15:59.951529,18.55,59.0,283.11,30.78,51.91885592403119
2025-10-16 09:16:00.951528,63.06,37.91,247.12,139.74,52.47860915423813
2025-10-16 09:16:01.951528,76.57,51.64,249.1,113.39,52.36903806343515
2025-10-16 09:16:02.951527,91.07,36.55,164.44,111.34,52.44297423571449
2025-10-16 09:16:03.951527,33.48,70.71,131.15,106.92,52.53163388500229
2025-10-16 09:16:04.951526,69.04,20.07,181.44,47.7,52.065478720164556
2025-10-16 09:16:05.951526,42.77,65.2,131.22,80.31,52.38592217871872
2025-10-16 09:16:06.951526,39.22,58.97,286.43,101.16,52.27116250369953
2025-10-16 09:16:07.951525,54.41,69.47,203.59,40.55,52.095485817818385
2025-10-16 09:16:08.951525,20.88,43.39,288.48,22.56,51.83963929893135
2025-10-16 09:16:09.951524,90.6,93.79,257.72,36.33,52.04868162616095
2025-10-16 09:16:10.951524,54.18,45.96,134.91,118.45,52.536949224938695
2025-10-16 09:16:11.951523,62.56,39.01,233.87,62.92,52.10906193956322
2025-10-16 09:16:12.951523,29.33,73.8,65.05,127.01,52.72822921782735
2025-10-16 09:16:13.951522,14.21,71.34,256.29,34.43,51.997344382717934
2025-10-16 09:16:14.951522,43.03,35.5,211.31,54.99,52.09232256257002
2025-10-16 09:16:15.951521,44.7,93.97,203.77,129.78,52.59524177468002
2025-10-16 09:16:16.951521,44.13,59.07,92.68,10.34,52.071005495363714
2025-10-16 09:16:17.951520,91.59,54.32,83.94,79.3,52.42313098792123
2025-10-16 09:16:18.951520,18.23,45.1,298.79,117.66,52.31127197283304
2025-10-16 09:16:19.951520,44.78,81.61,97.3,33.37,52.2253628673871
2025-10-16 09:16:20.951519,59.34,56.11,179.21,24.79,52.02235194888919
2025-10-16 09:16:21.951519,36.58,54.25,266.06,131.6,52.44366521771565
2025-10-16 09:16:22.951518,86.65,27.53,158.79,76.65,52.257155786448756
2025-10-16 09:16:23.951518,55.6,98.54,241.06,101.59,52.41114066041597
2025-10-16 09:16:24.951517,64.49,91.3,241.99,138.59,52.583411141724675
2025-10-16 09:16:25.951517,56.15,98.91,194.59,35.83,52.140844607034126
2025-10-16 09:16:26.951516,58.59,88.74,154.17,23.68,52.113744807542794
2025-10-16 09:16:27.951516,24.49,55.08,80.71,56.66,52.31416065124472
2025-10-16 09:16:28.951515,36.88,76.94,251.59,17.46,51.928498887078746
2025-10-16 09:16:29.951515,66.81,73.25,239.18,86.83,52.28968960321903
2025-10-16 09:16:30.951514,88.32,31.6,109.09,60.4,52.24939789639468
2025-10-16 09:16:31.951514,88.57,37.74,204.97,109.25,52.38028090320022
2025-10-16 09:16:32.951514,35.69,23.85,224.44,60.79,52.08146390088693
2025-10-16 09:16:33.951513,10.14,58.41,134.85,126.58,52.60244073621798
2025-10-16 09:16:34.951513,30.41,46.15,225.58,132.17,52.48515785369737
2025-10-16 09:16:35.951512,89.61,65.66,265.94,147.56,52.54691395071759
2025-10-16 09:16:36.951512,27.31,81.69,53.98,20.18,52.21680089875196
2025-10-16 09:16:37.951511,20.5,57.53,139.29,18.03,52.044429151667195
2025-10-16 09:16:38.951511,36.64,45.01,66.16,143.83,52.75607160243496
2025-10-16 09:16:39.951510,86.0,57.15,130.14,149.08,52.72038876097312
2025-10-16 09:16:40.951510,32.19,41.39,180.35,62.31,52.182441998070345
2025-10-16 09:16:41.951509,33.95,93.59,76.76,13.6,52.17598338671266
2025-10-16 09:16:42.951509,80.83,21.82,177.42,21.4,51.940936703207406
2025-10-16 09:16:43.951508,60.9,23.31,50.01,12.9,52.071779290995856
2025-10-16 09:16:44.951508,86.01,61.01,135.96,51.81,52.22692403364272
2025-10-16 09:16:45.951508,54.09,51.84,260.32,83.27,52.201658044506104
2025-10-16 09:16:46.951507,64.22,83.28,277.44,43.11,52.03615995448438
2025-10-16 09:16:47.951507,20.67,77.68,271.97,62.74,52.13214419665801
2025-10-16 09:16:48.951506,66.68,51.2,253.01,126.77,52.430769776444926
2025-10-16 09:16:49.951506,23.06,27.7,92.48,94.05,52.434720872138946
2025-10-16 09:16:50.951505,88.47,86.64,199.96,120.83,52.54073721502124
2025-10-16 09:16:51.951505,20.31,28.84,173.77,75.79,52.23523127528932
2025-10-16 09:16:52.951504,71.08,94.22,272.43,133.71,52.523479707667505
2025-10-16 09:16:53.951504,27.78,44.86,147.88,64.16,52.2421535449794
2025-10-16 09:16:54.951503,91.83,63.67,143.85,105.19,52.49213388500308
2025-10-16 09:16:55.951503,74.44,48.26,127.07,143.71,52.68000980494478
2025-10-16 09:16:56.951503,39.21,93.34,189.47,103.89,52.481954091747404
2025-10-16 09:16:57.951502,60.57,57.51,253.58,53.49,52.07074134212417
2025-10-16 09:16:58.951502,45.93,36.89,181.57,42.46,52.0714218108864
2025-10-16 09:16:59.951501,57.9,35.68,223.56,43.78,52.01939336931047
2025-10-16 09:17:00.951501,13.5,57.35,138.97,20.2,52.05551071850527
2025-10-16 09:17:01.951500,76.02,77.75,220.38,48.66,52.13015262734121
2025-10-16 09:17:02.951498,35.29,61.01,266.25,46.25,52.02382726061615
2025-10-16 09:17:03.951498,48.17,65.48,269.46,54.95,52.0723123530375
2025-10-16 09:17:04.951498,55.07,81.85,165.41,66.64,52.303071520886434
2025-10-16 09:17:05.951497,16.84,61.14,117.24,56.02,52.27365174305779
2025-10-16 09:17:06.951497,49.85,93.12,133.99,126.04,52.668304774349544
2025-10-16 09:17:07.951496,25.22,52.77,295.97,62.12,52.048377746692815
2025-10-16 09:17:08.951496,28.15,60.14,259.18,28.4,51.94112954958177
2025-10-16 09:17:09.951495,25.58,34.16,120.58,26.96,52.06940911339399
2025-10-16 09:17:10.951495,15.81,76.64,104.57,99.71,52.54228499984966
2025-10-16 09:17:11.951494,45.91,22.4,274.48,103.42,52.22760125805406
2025-10-16 09:17:12.951494,44.17,77.39,271.01,126.71,52.45719297983338
2025-10-16 09:17:13.951493,61.59,60.59,104.37,91.53,52.46989363148589
2025-10-16 09:17:14.951493,52.17,80.78,271.75,52.74,52.087764030912574
2025-10-16 09:17:15.951492,15.55,23.01,213.36,18.41,51.87984228237654
2025-10-16 09:17:16.951492,44.26,22.2,248.05,75.25,52.11987362322829
2025-10-16 09:17:17.951492,77.09,51.5,219.44,23.83,51.9545200117595
2025-10-16 09:17:18.951491,60.23,51.65,50.84,49.86,52.31311906806169
2025-10-16 09:17:19.951491,84.11,61.86,200.27,44.01,52.102697226418094
2025-10-16 09:17:20.951490,16.66,79.99,279.87,92.9,52.278936694985966
2025-10-16 09:17:21.951490,72.23,43.43,244.56,92.67,52.254130407625944
2025-10-16 09:17:22.951489,68.23,47.46,262.32,102.15,52.286182390706536
2025-10-16 09:17:23.951489,53.37,31.84,265.92,140.76,52.44674738663856
2025-10-16 09:17:24.951488,84.59,89.78,67.08,63.42,52.43415886141235
2025-10-16 09:17:25.951488,24.22,69.72,266.72,119.9,52.41352177465893
2025-10-16 09:17:26.951487,33.05,88.48,252.54,53.23,52.13099916138932
2025-10-16 09:17:27.951487,46.07,57.95,130.58,41.54,52.17613213099394
2025-10-16 09:17:28.951487,27.18,48.39,174.15,138.51,52.590696173410144
2025-10-16 09:17:29.951486,87.64,42.92,198.76,108.43,52.394525780311525
2025-10-16 09:17:30.951486,78.73,81.7,221.51,107.22,52.4332063798229
2025-10-16 09:17:31.951485,20.44,97.79,79.32,117.58,52.70787953585968
2025-10-16 09:17:32.951485,92.21,33.98,126.11,29.84,52.076236993112616
2025-10-16 09:17:33.951484,89.5,42.57,165.87,96.06,52.37528382972603
2025-10-16 09:17:34.951484,60.97,22.97,277.23,122.56,52.3220556201864
2025-10-16 09:17:35.951483,78.03,41.25,250.04,31.44,51.93210573903811
2025-10-16 09:17:36.951483,24.43,37.26,121.76,24.2,52.0598558236182
2025-10-16 09:17:37.951482,28.43,50.39,104.7,79.94,52.390869817393686
2025-10-16 09:17:38.951482,89.36,80.19,271.83,18.53,51.9130677940738
2025-10-16 09:17:39.951482,43.92,26.73,208.91,75.03,52.18010431566894
2025-10-16 09:17:40.951481,93.79,82.15,129.21,108.18,52.56285617395361
2025-10-16 09:17:41.951481,79.91,73.43,256.29,42.78,52.04373953172653
2025-10-16 09:17:42.951480,57.15,89.06,95.64,115.36,52.65775164566472
2025-10-16 09:17:43.951480,35.74,83.21,56.71,33.4,52.28311412037171
2025-10-16 09:17:44.951479,76.16,75.63,82.1,80.04,52.470761716015886
2025-10-16 09:17:45.951479,10.63,29.28,178.26,74.44,52.22321425483584
2025-10-16 09:17:46.951478,38.1,27.89,286.32,10.27,51.750110455602865
2025-10-16 09:17:47.951478,83.58,69.31,229.88,58.92,52.15301652268657
2025-10-16 09:17:48.951478,79.33,62.15,194.8,117.52,52.48329465129196
2025-10-16 09:17:49.951477,10.9,69.11,238.99,138.08,52.54173397509185
2025-10-16 09:17:50.951477,62.1,79.94,69.82,139.09,52.79500154392833
2025-10-16 09:17:51.951476,52.78,52.06,172.73,70.48,52.25482640123352
2025-10-16 09:17:52.951476,15.73,35.19,223.08,84.1,52.22350525160437
2025-10-16 09:17:53.951475,77.9,98.14,79.55,145.26,52.848586597230906
2025-10-16 09:17:54.951475,66.58,53.0,81.97,133.86,52.69982612579722
2025-10-16 09:17:55.951474,12.95,91.98,120.37,106.8,52.586828257616915
2025-10-16 09:17:56.951474,30.17,85.78,155.73,65.94,52.320154137525364
2025-10-16 09:17:57.951473,65.25,93.67,112.77,94.0,52.535419707195665
2025-10-16 09:17:58.951473,53.57,43.91,223.67,32.9,51.98007709639019
2025-10-16 09:17:59.951472,93.45,61.8,193.09,80.43,52.29686635765684
2025-10-16 09:18:00.951472,91.46,54.39,78.34,57.18,52.318637840358974
2025-10-16 09:18:01.951472,55.14,46.51,92.83,38.34,52.18835605739465
2025-10-16 09:18:02.951471,29.97,54.64,204.23,68.03,52.20513122726902
2025-10-16 09:18:03.951471,72.61,46.87,181.21,84.06,52.30220706048063
2025-10-16 09:18:04.951470,11.56,35.17,226.84,143.87,52.5214486062278
2025-10-16 09:18:05.951470,19.88,85.76,122.5,30.49,52.18499583517327
2025-10-16 09:18:06.951469,84.35,55.62,249.2,86.53,52.24045924640556
2025-10-16 09:18:07.951469,60.44,69.41,128.72,119.48,52.59604827084406
2025-10-16 09:18:08.951468,70.52,98.69,98.63,149.99,52.84802215017407
2025-10-16 09:18:09.951468,37.89,89.92,101.31,123.21,52.691610036824436
2025-10-16 09:18:10.951468,62.06,68.38,181.79,30.41,52.071224090176614
2025-10-16 09:18:11.951467,91.67,86.14,132.64,56.58,52.30439630948309
2025-10-16 09:18:12.951467,14.21,86.13,75.22,44.23,52.31884675899373
2025-10-16 09:18:13.951466,48.16,49.23,54.12,46.23,52.28560951362527
2025-10-16 09:18:14.951466,37.81,51.3,142.42,119.84,52.54429112945463
2025-10-16 09:18:15.951465,42.69,24.76,292.01,57.3,51.97482869990535
2025-10-16 09:18:16.951465,88.99,85.83,176.69,39.81,52.159636198737736
2025-10-16 09:18:17.951464,30.93,64.28,132.48,69.09,52.32555834086152
2025-10-16 09:18:18.951464,46.48,59.78,294.88,37.76,51.93995906950086
2025-10-16 09:18:19.951463,61.09,50.19,100.32,107.69,52.53705173215793
2025-10-16 09:18:20.951463,69.34,76.67,59.05,143.5,52.82546398909169
2025-10-16 09:18:21.951463,62.36,76.57,150.09,81.09,52.38663847171788
2025-10-16 09:18:22.951462,10.92,43.93,171.26,69.11,52.234056057562505
2025-10-16 09:18:23.951462,49.3,42.31,123.12,24.38,52.06875566643791
2025-10-16 09:18:24.951461,86.73,42.2,117.03,20.45,52.056792612599544
2025-10-16 09:18:25.951461,13.15,35.39,223.7,21.58,51.906089418212524
2025-10-16 09:18:26.951460,20.03,64.95,200.86,102.09,52.40237121233646
2025-10-16 09:18:27.951460,91.61,33.2,67.51,24.05,52.124034050783116
2025-10-16 09:18:28.951459,58.82,81.33,278.25,73.22,52.18393904701606
2025-10-16 09:18:29.951459,23.7,45.29,106.7,122.61,52.59460876567058
2025-10-16 09:18:30.951458,89.77,76.24,223.28,42.83,52.0937676350776
2025-10-16 09:18:31.951458,13.68,31.29,297.93,30.82,51.84531846515586
2025-10-16 09:18:32.951458,75.99,33.49,299.67,44.14,51.914789059453916
2025-10-16 09:18:33.951457,93.48,63.55,74.37,78.33,52.44899583335419
2025-10-16 09:18:34.951457,29.93,48.37,261.1,22.59,51.88622467438112
2025-10-16 09:18:35.951456,94.53,71.23,65.88,73.15,52.44905451064364
2025-10-16 09:18:36.951456,39.06,44.31,235.48,68.57,52.14584448901493
2025-10-16 09:18:37.951455,55.33,91.82,156.98,126.91,52.63932654896835
2025-10-16 09:18:38.951455,83.33,58.54,298.36,33.62,51.91188829547696
2025-10-16 09:18:39.951454,90.27,32.51,101.96,111.6,52.52031837070039
2025-10-16 09:18:40.951454,35.36,53.11,50.89,92.12,52.53014429310031
2025-10-16 09:18:41.951454,60.9,53.05,145.93,103.55,52.46039047490888
2025-10-16 09:18:42.951453,58.07,41.18,203.79,51.88,52.09768748940232
2025-10-16 09:18:43.951453,77.98,33.36,106.84,133.54,52.62665320804803
2025-10-16 09:18:44.951452,12.33,69.78,91.19,15.92,52.122107276236996
2025-10-16 09:18:45.951452,59.43,86.17,247.6,81.49,52.27641843370688
2025-10-16 09:18:46.951451,16.23,46.02,275.83,104.32,52.27624946988503
2025-10-16 09:18:47.951451,34.05,76.78,135.25,21.82,52.106473642599845
2025-10-16 09:18:48.951450,41.41,52.42,164.4,127.97,52.55817894761826
2025-10-16 09:18:49.951450,23.08,21.92,109.44,48.89,52.17176327418277
2025-10-16 09:18:50.951449,67.53,57.2,62.64,146.1,52.79599296992036
2025-10-16 09:18:51.951449,78.92,26.4,85.22,66.41,52.30180803139747
2025-10-16 09:18:52.951448,81.73,50.94,231.06,140.47,52.52918942251209
2025-10-16 09:18:53.951448,92.76,24.63,79.3,127.97,52.61842095012869
2025-10-16 09:18:54.951448,43.07,34.15,203.88,10.25,51.87284494347724
2025-10-16 09:18:55.951447,91.69,61.45,64.12,121.66,52.678355460606255
2025-10-16 09:18:56.951447,35.16,43.39,268.76,137.96,52.451182583881874
2025-10-16 09:18:57.951446,80.54,45.6,115.49,135.29,52.647697739562126
2025-10-16 09:18:58.951446,93.61,82.04,232.56,87.96,52.32138608204719
2025-10-16 09:18:59.951445,82.72,93.25,207.93,24.5,52.054495660549776
2025-10-16 09:19:00.951445,76.68,91.14,252.13,121.26,52.481625860116175
2025-10-16 09:19:01.951444,55.13,78.64,83.86,105.17,52.60165532238708
2025-10-16 09:19:02.951444,27.9,55.34,174.76,139.28,52.607286129892
2025-10-16 09:19:03.951443,51.51,93.45,98.87,15.13,52.15378674599787
2025-10-16 09:19:04.951443,87.21,75.42,228.9,110.96,52.43004412914603
2025-10-16 09:19:05.951443,53.43,50.98,199.73,103.74,52.38510754014509
2025-10-16 09:19:06.951442,34.63,39.92,123.98,124.91,52.57263725287058
2025-10-16 09:19:07.951442,81.71,56.69,54.2,43.38,52.285548830122266
2025-10-16 09:19:08.951441,48.32,24.88,78.92,135.83,52.65926653835598
2025-10-16 09:19:09.951441,48.69,24.71,203.67,38.58,51.998414543512595
2025-10-16 09:19:10.951440,21.51,48.54,51.27,96.09,52.5408815227896
2025-10-16 09:19:11.951440,21.16,22.49,167.53,82.38,52.264679917336466
2025-10-16 09:19:12.951439,46.37,72.1,203.78,75.31,52.27657211418493
2025-10-16 09:19:13.951439,78.28,90.91,124.95,107.98,52.58458316372711
2025-10-16 09:19:14.951438,30.98,48.85,257.3,21.83,51.88840555988945
2025-10-16 09:19:15.951438,10.19,85.73,253.82,63.21,52.17453503846634
2025-10-16 09:19:16.951438,71.46,73.64,291.29,57.24,52.07047302510888
2025-10-16 09:19:17.951437,28.25,92.01,244.41,134.49,52.56075533691517
2025-10-16 09:19:18.951437,42.03,68.53,299.61,44.72,51.98589870532587
2025-10-16 09:19:19.951436,23.25,66.52,163.36,95.11,52.42037577337299
2025-10-16 09:19:20.951436,51.47,45.98,64.86,60.41,52.33676793474425
2025-10-16 09:19:21.951435,29.36,71.05,153.72,35.6,52.140407892283804
2025-10-16 09:19:22.951435,35.95,29.06,70.66,51.62,52.25153864693476
2025-10-16 09:19:23.951434,27.52,93.81,111.24,26.52,52.19562669107935
2025-10-16 09:19:24.951434,12.55,85.59,71.12,108.74,52.65036281031505
2025-10-16 09:19:25.951433,66.47,82.03,171.67,47.69,52.19894233612971
2025-10-16 09:19:26.951433,76.58,57.45,191.72,80.98,52.293041205920396
2025-10-16 09:19:27.951433,26.05,41.43,199.11,82.58,52.26010286353088
2025-10-16 09:19:28.951432,41.55,79.97,252.86,55.57,52.125896874805484
2025-10-16 09:19:29.951432,13.13,36.92,106.45,59.56,52.25902086775617
2025-10-16 09:19:30.951431,79.64,56.62,243.74,33.57,51.981228598078
2025-10-16 09:19:31.951431,53.86,20.64,117.22,133.27,52.58663261209223
2025-10-16 09:19:32.951430,84.44,56.2,187.28,71.0,52.245974810072006
2025-10-16 09:19:33.951430,39.18,87.69,298.94,119.19,52.40158704300186
2025-10-16 09:19:34.951429,61.29,66.95,51.63,104.38,52.618201663366825
2025-10-16 09:19:35.951429,27.02,90.35,142.48,55.5,52.29389179337698
2025-10-16 09:19:36.951428,58.4,64.89,255.27,104.39,52.34087270262909
2025-10-16 09:19:37.951428,34.99,54.45,131.75,29.16,52.104994624246174
2025-10-16 09:19:38.951428,38.51,41.81,150.13,142.24,52.62906666203338
2025-10-16 09:19:39.951427,58.79,63.9,295.37,31.68,51.91648192618849
2025-10-16 09:19:40.951427,49.14,93.67,211.02,134.63,52.60951522460105
2025-10-16 09:19:41.951426,41.93,22.9,271.66,22.84,51.82382343476609
2025-10-16 09:19:42.951426,35.86,20.97,250.84,119.07,52.33590250951953
2025-10-16 09:19:43.951425,88.38,43.54,59.82,90.53,52.49149891405299
2025-10-16 09:19:44.951425,79.44,77.2,156.36,79.44,52.37108011029837
2025-10-16 09:19:45.951424,53.27,48.62,114.31,122.12,52.58837918921676
2025-10-16 09:19:46.951424,13.01,71.6,172.16,145.51,52.67395805880377
2025-10-16 09:19:47.951423,60.74,70.18,189.23,80.83,52.3203599230842
2025-10-16 09:19:48.951423,82.64,89.3,183.91,57.47,52.246221486755694
2025-10-16 09:19:49.951422,44.24,63.83,56.52,30.94,52.23323859544656
2025-10-16 09:19:50.951422,16.58,77.32,274.45,126.28,52.45025885574549
2025-10-16 09:19:51.951422,22.0,96.91,266.17,45.7,52.09090585518044
2025-10-16 09:19:52.951421,54.53,76.11,286.55,42.59,52.00736135996453
2025-10-16 09:19:53.951421,54.53,26.35,185.66,96.92,52.32155871107116
2025-10-16 09:19:54.951420,51.18,73.91,239.93,102.96,52.371743257218505
2025-10-16 09:19:55.951420,54.28,60.67,249.92,72.32,52.17726193682998
2025-10-16 09:19:56.951419,40.79,41.82,220.52,138.72,52.51674480160436
2025-10-16 09:19:57.951419,15.52,58.02,151.42,85.98,52.37359924896817
2025-10-16 09:19:58.951418,69.55,28.82,249.19,90.88,52.210450024956145
2025-10-16 09:19:59.951418,65.09,91.12,150.83,140.41,52.71466648851111
2025-10-16 09:20:00.951417,49.44,72.81,111.78,97.08,52.511829680514836
2025-10-16 09:20:01.951417,62.21,55.94,219.43,134.94,52.52648123499927
2025-10-16 09:20:02.951416,83.74,32.21,101.47,28.14,52.097256699476866
2025-10-16 09:20:03.951416,88.34,69.44,222.85,78.79,52.26344611366438
2025-10-16 09:20:04.951416,30.73,78.91,237.64,88.32,52.31030949634421
2025-10-16 09:20:05.951415,88.25,63.81,83.22,68.93,52.38996300392206
2025-10-16 09:20:06.951415,37.53,31.87,234.5,52.6,52.04202029185394
2025-10-16 09:20:07.951414,89.21,22.99,112.9,143.44,52.64855964913023
2025-10-16 09:20:08.951414,22.54,98.83,50.09,47.94,52.39607021104972
2025-10-16 09:20:09.951413,10.5,40.0,58.53,103.82,52.55373126405945
2025-10-16 09:20:10.951413,68.4,34.24,127.99,122.67,52.54486019327651
2025-10-16 09:20:11.951412,92.2,60.54,124.33,64.88,52.30788746254819
2025-10-16 09:20:12.951412,17.83,64.71,283.39,70.1,52.128925241018536
2025-10-16 09:20:13.951411,65.07,63.39,116.8,135.98,52.684006305672014
2025-10-16 09:20:14.951411,94.86,33.21,81.11,84.95,52.414555004886424
2025-10-16 09:20:15.951411,32.78,78.79,98.56,71.94,52.41373892696111
2025-10-16 09:20:16.951410,27.14,53.78,92.62,55.36,52.289055031453096
2025-10-16 09:20:17.951410,37.19,48.85,139.41,117.61,52.532265202093946
2025-10-16 09:20:18.951409,73.58,97.81,113.65,16.15,52.1475888536044
2025-10-16 09:20:19.951409,81.9,68.43,113.06,126.69,52.65172096155986
2025-10-16 09:20:20.951408,16.67,59.97,106.09,34.53,52.17739373023681
2025-10-16 09:20:21.951408,48.15,93.3,209.64,113.21,52.50205089280021
2025-10-16 09:20:22.951407,53.86,32.08,50.27,141.23,52.73909618999385
2025-10-16 09:20:23.951407,28.83,26.78,249.17,11.17,51.80238853770177
2025-10-16 09:20:24.951406,75.55,81.86,129.7,128.53,52.664807970414635
2025-10-16 09:20:25.951406,34.97,87.37,255.67,46.46,52.09031693574144
2025-10-16 09:20:26.951405,13.19,58.03,181.27,91.51,52.36158323968911
2025-10-16 09:20:27.951405,44.68,82.44,173.9,69.81,52.30889226353497
2025-10-16 09:20:28.951405,55.06,38.96,270.47,70.35,52.09750066627711
2025-10-16 09:20:29.951404,66.86,43.37,249.07,127.98,52.426978661245755
2025-10-16 09:20:30.951404,32.07,68.67,292.19,105.91,52.30636087299619
2025-10-16 09:20:31.951403,75.84,61.29,163.47,12.36,51.99052847459351
2025-10-16 09:20:32.951403,85.24,34.17,293.09,32.41,51.86547343843469
2025-10-16 09:20:33.951402,81.81,34.15,268.77,60.0,52.03796240851378
2025-10-16 09:20:34.951402,24.55,51.0,55.24,147.11,52.79900010972016
2025-10-16 09:20:35.951401,24.3,40.96,55.54,140.8,52.747096716543474
2025-10-16 09:20:36.951401,89.1,38.18,159.9,76.88,52.277526468496575
2025-10-16 09:20:37.951400,93.85,29.6,89.71,114.86,52.54763676147077
2025-10-16 09:20:38.951400,65.33,30.0,202.96,40.54,52.019584098831096
2025-10-16 09:20:39.951400,13.71,41.8,231.91,70.12,52.15361808715315
2025-10-16 09:20:40.951399,47.74,20.81,236.32,36.6,51.936966702852715
2025-10-16 09:20:41.951399,73.44,94.29,61.24,115.32,52.71389192397202
2025-10-16 09:20:42.951398,20.3,45.77,58.55,49.25,52.28825029537653
2025-10-16 09:20:43.951398,68.8,92.04,103.1,12.12,52.13010781856495
2025-10-16 09:20:44.951397,85.36,64.18,281.22,122.68,52.3973855049813
2025-10-16 09:20:45.951397,54.21,77.72,299.54,104.92,52.30906027762187
2025-10-16 09:20:46.951396,11.94,67.3,119.03,22.7,52.11428852513994
2025-10-16 09:20:47.951396,71.94,93.72,293.03,70.23,52.17301435076412
2025-10-16 09:20:48.951395,57.56,62.72,182.81,53.3,52.174907213106906
2025-10-16 09:20:49.951395,87.46,46.01,298.98,19.94,51.81735143586066
2025-10-16 09:20:50.951394,21.94,26.68,290.01,93.07,52.16259594753737
2025-10-16 09:20:51.951394,11.22,45.99,112.24,50.02,52.22050544102179
2025-10-16 09:20:52.951394,36.55,20.29,108.86,142.84,52.645694643986175
2025-10-16 09:20:53.951393,77.18,31.52,57.33,23.68,52.132559808993356
2025-10-16 09:20:54.951393,42.3,20.58,176.72,87.67,52.27545128489503
2025-10-16 09:20:55.951392,35.42,70.53,146.59,108.56,52.518871358868566
2025-10-16 09:20:56.951392,66.36,88.21,219.97,60.4,52.210549550487784
2025-10-16 09:20:57.951391,61.33,62.26,204.07,16.66,51.95971053927879
2025-10-16 09:20:58.951391,50.48,51.77,204.22,17.76,51.9447022849608
2025-10-16 09:20:59.951390,69.16,31.26,80.82,55.6,52.26235263851155
2025-10-16 09:21:00.951390,45.61,25.27,139.72,148.74,52.643856169196056
2025-10-16 09:21:01.951389,83.34,78.91,215.18,100.73,52.40337880338965
2025-10-16 09:21:02.951389,72.85,24.74,127.84,106.81,52.446192362412006
2025-10-16 09:21:03.951389,86.9,21.96,71.75,145.89,52.71422138339188
2025-10-16 09:21:04.951388,60.49,80.69,106.69,22.67,52.15672126687246
2025-10-16 09:21:05.951388,55.49,29.85,224.38,28.24,51.92817715851927
2025-10-16 09:21:06.951387,45.18,53.27,239.22,104.63,52.3410562366839
2025-10-16 09:21:07.951387,37.34,58.27,214.46,50.71,52.11064042369856
2025-10-16 09:21:08.951386,93.17,25.44,203.31,146.18,52.54584101737457
2025-10-16 09:21:09.951386,62.62,83.94,218.16,33.02,52.06586733051374
2025-10-16 09:21:10.951385,72.81,97.62,109.48,98.45,52.57007307441135
2025-10-16 09:21:11.951385,15.03,66.07,221.31,31.13,52.01733206093459
2025-10-16 09:21:12.951384,37.31,65.55,76.74,107.54,52.59779326930808
2025-10-16 09:21:13.951384,73.84,64.21,248.08,19.28,51.917701662791394
2025-10-16 09:21:14.951383,79.08,91.91,198.19,57.36,52.23156525619222
2025-10-16 09:21:15.951383,71.54,34.6,90.74,121.79,52.5911044956602
2025-10-16 09:21:16.951383,49.74,66.47,176.95,94.77,52.40031092801804
2025-10-16 09:21:17.951382,19.63,68.9,161.38,82.78,52.3651463004793
2025-10-16 09:21:18.951382,56.93,41.02,159.89,136.48,52.58522643015002
2025-10-16 09:21:19.951381,35.33,92.93,267.14,123.47,52.47615848628266
2025-10-16 09:21:20.951381,52.21,75.52,86.44,115.27,52.64333543345923
2025-10-16 09:21:21.951380,36.05,64.18,149.78,24.7,52.07708534030007
2025-10-16 09:21:22.951380,65.48,77.92,278.29,75.63,52.189477688809035
2025-10-16 09:21:23.951379,11.39,61.95,259.56,47.71,52.04203693510732
2025-10-16 09:21:24.951379,60.36,34.18,66.34,111.95,52.57315604167017
2025-10-16 09:21:25.951378,45.38,45.37,223.75,34.27,51.98975252953394
2025-10-16 09:21:26.951378,35.69,46.21,57.02,102.94,52.56336388620247
2025-10-16 09:21:27.951378,85.83,76.67,55.41,133.91,52.78172986340625
2025-10-16 09:21:28.951377,22.25,93.08,257.22,73.36,52.23571278475619
2025-10-16 09:21:29.951377,74.85,78.76,282.83,95.99,52.28823903534671
2025-10-16 09:21:30.951376,57.36,83.97,159.85,16.92,52.06257804323024
2025-10-16 09:21:31.951376,70.93,96.34,212.09,89.6,52.38496801855944
2025-10-16 09:21:32.951375,23.09,25.23,298.59,53.35,51.94688242854639
2025-10-16 09:21:33.951375,26.46,97.62,145.05,52.02,52.28692514799233
2025-10-16 09:21:34.951374,55.29,92.28,114.02,107.91,52.60156339628068
2025-10-16 09:21:35.951374,82.54,85.69,289.64,131.33,52.47173448010467
2025-10-16 09:21:36.951373,27.64,32.8,251.32,28.53,51.899214146523406
2025-10-16 09:21:37.951373,21.85,82.14,277.67,146.26,52.55659946442396
2025-10-16 09:21:38.951373,27.91,85.42,136.39,116.25,52.60048587918762
2025-10-16 09:21:39.951372,27.62,71.17,147.75,124.49,52.59932175820963
2025-10-16 09:21:40.951372,70.85,50.64,186.89,16.12,51.95745649611571
2025-10-16 09:21:41.951371,51.94,88.05,226.14,138.43,52.59756251258202
2025-10-16 09:21:42.951371,73.66,69.0,222.16,67.77,52.207646761510624
2025-10-16 09:21:43.951370,30.88,74.44,86.52,65.97,52.39118177179017
2025-10-16 09:21:44.951370,27.59,91.33,252.33,116.07,52.45541362451075
2025-10-16 09:21:45.951369,42.32,29.38,50.86,112.07,52.58521837920834
2025-10-16 09:21:46.951369,44.84,77.73,256.86,84.14,52.26102233499951
2025-10-16 09:21:47.951368,82.7,21.7,117.25,83.69,52.33728486736396
2025-10-16 09:21:48.951368,73.63,83.24,205.74,78.53,52.31191296077543
2025-10-16 09:21:49.951368,61.41,79.53,280.54,116.87,52.398669665765716
2025-10-16 09:21:50.951367,38.18,69.97,82.96,127.73,52.70039394404124
2025-10-16 09:21:51.951367,29.39,50.55,182.53,10.48,51.934540281556
2025-10-16 09:21:52.951366,57.06,56.63,129.17,76.56,52.35300902551898
2025-10-16 09:21:53.951366,85.04,80.73,186.05,120.61,52.54681121318115
2025-10-16 09:21:54.951365,84.17,54.42,262.4,58.58,52.07870249425327
2025-10-16 09:21:55.951365,18.15,60.06,101.3,73.34,52.38076301571515
2025-10-16 09:21:56.951364,71.1,55.53,198.97,97.97,52.3657157009946
2025-10-16 09:21:57.951364,71.24,77.76,183.76,135.21,52.61813522979856
2025-10-16 09:21:58.951363,12.05,46.11,225.81,147.58,52.56289901500588
2025-10-16 09:21:59.951363,74.15,61.03,288.89,104.99,52.29128083555261
2025-10-16 09:22:00.951362,60.5,30.76,194.36,70.82,52.18612352444973
2025-10-16 09:22:01.951362,12.99,52.32,95.72,112.71,52.572817009308984
2025-10-16 09:22:02.951362,60.92,59.1,110.25,40.54,52.20058887043801
2025-10-16 09:22:03.951361,90.25,51.34,203.85,128.17,52.50413461956305
2025-10-16 09:22:04.951361,35.26,59.14,233.36,130.95,52.493769994227286
2025-10-16 09:22:05.951360,53.2,56.9,75.25,58.21,52.33288539090535
2025-10-16 09:22:06.951360,85.11,92.59,291.49,129.15,52.471606339625204
2025-10-16 09:22:07.951359,15.05,36.74,97.26,107.6,52.51456775526327
2025-10-16 09:22:08.951359,87.02,30.97,194.74,44.2,52.05105986879646
2025-10-16 09:22:09.951358,45.05,85.03,243.79,68.76,52.21477772901812
2025-10-16 09:22:10.951358,53.76,37.87,244.96,116.43,52.3632510076469
2025-10-16 09:22:11.951357,31.75,85.72,109.28,39.19,52.246773719975835
2025-10-16 09:22:12.951357,73.04,96.25,145.01,65.57,52.35301428678176
2025-10-16 09:22:13.951357,38.02,24.31,167.99,36.53,52.03514257109691
2025-10-16 09:22:14.951356,78.0,20.47,145.46,107.79,52.419209588691714
2025-10-16 09:22:15.951356,63.77,69.59,93.63,20.13,52.13980690765709
2025-10-16 09:22:16.951355,38.0,91.97,247.7,144.53,52.607163063224576
2025-10-16 09:22:17.951355,28.28,39.35,86.95,108.54,52.53824582533686
2025-10-16 09:22:18.951354,64.49,53.07,63.92,71.67,52.40889432004043
2025-10-16 09:22:19.951354,17.36,47.47,90.11,98.61,52.499437763730455
2025-10-16 09:22:20.951353,78.87,33.96,256.7,17.64,51.839034273142495
2025-10-16 09:22:21.951353,86.3,94.04,152.05,123.27,52.63180410903678
2025-10-16 09:22:22.951352,43.46,71.46,110.75,126.65,52.6605070193969
2025-10-16 09:22:23.951352,13.19,60.75,76.68,45.75,52.27527552275932
2025-10-16 09:22:24.951352,91.58,90.81,281.75,129.67,52.48385934221113
2025-10-16 09:22:25.951351,50.86,68.14,181.13,106.93,52.459594942587195
2025-10-16 09:22:26.951351,87.89,67.34,227.4,91.38,52.31708775608744
2025-10-16 09:22:27.951350,94.31,63.58,233.08,93.83,52.314577662949944
2025-10-16 09:22:28.951350,67.82,76.09,64.11,28.91,52.236580645570065
2025-10-16 09:22:29.951349,36.87,80.14,109.95,61.96,52.35047376223123
2025-10-16 09:22:30.951349,67.32,64.13,91.49,80.12,52.43621528539658
2025-10-16 09:22:31.951348,92.75,89.35,133.87,81.14,52.4335001869117
2025-10-16 09:22:32.951348,20.78,59.65,259.08,125.26,52.431385254199874
2025-10-16 09:22:33.951347,49.77,73.33,101.78,128.88,52.68748847439329
2025-10-16 09:22:34.951347,40.86,79.01,132.57,93.8,52.47933837517122
2025-10-16 09:22:35.951346,30.39,51.41,298.26,125.57,52.36434801156171
2025-10-16 09:22:36.951346,53.03,59.93,109.84,36.65,52.18303006782571
2025-10-16 09:22:37.951346,13.12,25.17,134.07,60.19,52.2023042250155
2025-10-16 09:22:38.951345,36.1,79.72,197.06,17.49,52.00725684405806
2025-10-16 09:22:39.951345,29.35,57.85,256.4,43.11,52.014990412657035
2025-10-16 09:22:40.951344,73.29,84.7,251.05,61.9,52.169610556047
2025-10-16 09:22:41.951344,16.71,29.33,230.82,107.12,52.31843756122191
2025-10-16 09:22:42.951342,61.37,70.64,193.68,116.27,52.49495826126936
2025-10-16 09:22:43.951342,36.35,68.64,207.81,37.78,52.07416413487658
2025-10-16 09:22:44.951341,76.76,31.86,236.44,43.07,51.99108005339806
2025-10-16 09:22:45.951341,19.72,61.31,187.53,16.85,51.98103195947855
2025-10-16 09:22:46.951340,66.15,40.3,85.68,39.21,52.19029836228773
2025-10-16 09:22:47.951340,36.85,32.18,99.29,14.28,52.02985569070944
2025-10-16 09:22:48.951339,20.67,31.98,111.91,139.09,52.64530353437506
2025-10-16 09:22:49.951339,36.11,25.27,252.01,49.29,51.98890760270181
2025-10-16 09:22:50.951339,41.71,94.12,229.05,45.1,52.13227424683012
2025-10-16 09:22:51.951338,27.12,47.84,96.04,83.37,52.41493023699765
2025-10-16 09:22:52.951338,50.99,51.47,213.71,52.95,52.10979038051264
2025-10-16 09:22:53.951337,11.66,77.96,252.08,84.56,52.270015550782745
2025-10-16 09:22:54.951337,91.97,85.11,76.32,56.93,52.379776169491
2025-10-16 09:22:55.951336,54.55,69.41,283.36,88.95,52.23366661265346
2025-10-16 09:22:56.951336,15.05,66.75,135.25,67.92,52.32070755109534
2025-10-16 09:22:57.951335,78.74,60.76,190.91,149.72,52.6490675947101
2025-10-16 09:22:58.951335,22.4,58.51,269.84,99.37,52.28346473251011
2025-10-16 09:22:59.951334,57.74,34.17,254.15,62.16,52.068578959690356
2025-10-16 09:23:00.951334,74.18,81.93,170.19,71.37,52.3207908362368
2025-10-16 09:23:01.951334,34.69,69.09,159.93,101.81,52.463942861534505
2025-10-16 09:23:02.951333,28.5,48.85,207.67,76.35,52.231444098157056
2025-10-16 09:23:03.951333,37.55,79.58,76.55,12.87,52.14534049479057
2025-10-16 09:23:04.951332,28.11,83.97,213.56,31.08,52.06226523243775
2025-10-16 09:23:05.951332,38.86,55.3,268.04,92.18,52.24319077056256
2025-10-16 09:23:06.951331,67.34,57.17,228.31,117.29,52.42746606432513
2025-10-16 09:23:07.951331,13.56,22.76,251.13,53.21,52.00508574620912
2025-10-16 09:23:08.951330,15.37,51.48,80.95,52.82,52.28737452644364
2025-10-16 09:23:09.951330,53.8,54.9,136.75,81.65,52.3652775228107
2025-10-16 09:23:10.951329,43.97,35.59,174.17,73.5,52.23620052145242
2025-10-16 09:23:11.951329,21.84,95.25,243.41,79.95,52.29187955619619
2025-10-16 09:23:12.951328,21.92,43.09,282.21,104.3,52.26188975683724
2025-10-16 09:23:13.951328,63.88,30.21,161.55,23.25,51.987923939130575
2025-10-16 09:23:14.951328,18.9,52.17,141.8,133.23,52.614700392698786
2025-10-16 09:23:15.951327,38.04,68.75,160.5,46.33,52.18123716211926
2025-10-16 09:23:16.951327,39.35,70.85,287.45,130.59,52.442086114183496
2025-10-16 09:23:17.951326,33.33,27.87,171.58,65.59,52.184573065969126
2025-10-16 09:23:18.951326,80.04,52.54,284.48,109.18,52.30194658004919
2025-10-16 09:23:19.951325,22.89,24.88,52.39,48.87,52.254000481174266
2025-10-16 09:23:20.951325,84.6,87.41,68.01,50.7,52.3638155436855
2025-10-16 09:23:21.951324,25.99,54.21,211.77,15.43,51.92749516296087
2025-10-16 09:23:22.951324,90.28,85.07,220.5,95.24,52.38037293995756
2025-10-16 09:23:23.951323,75.23,37.06,224.48,75.22,52.180238544681195
2025-10-16 09:23:24.951323,26.83,35.56,143.83,143.77,52.63313631196827
2025-10-16 09:23:25.951322,32.31,79.27,162.35,146.56,52.707355016048545
2025-10-16 09:23:26.951322,86.93,77.96,155.31,14.65,52.045485597618686
2025-10-16 09:23:27.951322,83.87,95.34,169.9,139.27,52.69148638467549
2025-10-16 09:23:28.951321,82.72,21.58,139.78,145.63,52.62083785098532
2025-10-16 09:23:29.951321,80.73,92.83,187.17,146.43,52.69972562066594
2025-10-16 09:23:30.951320,57.75,25.49,57.89,125.42,52.63590562402846
2025-10-16 09:23:31.951320,56.74,80.46,79.71,146.45,52.82004984840662
2025-10-16 09:23:32.951319,70.36,44.96,132.28,110.26,52.49701396237752
2025-10-16 09:23:33.951319,90.67,33.17,299.03,118.67,52.292888444933574
2025-10-16 09:23:34.951318,50.04,22.41,211.65,140.61,52.50051766115636
2025-10-16 09:23:35.951318,72.64,72.28,203.67,40.0,52.09805025573714
2025-10-16 09:23:36.951317,50.26,56.43,296.19,92.85,52.2109934047048
2025-10-16 09:23:37.951317,66.4,25.02,168.64,10.01,51.901195029872376
2025-10-16 09:23:38.951317,34.84,56.44,181.73,123.64,52.52077299246037
2025-10-16 09:23:39.951316,78.18,89.81,280.6,101.15,52.33886553504668
2025-10-16 09:23:40.951316,34.42,68.36,220.47,59.27,52.165577455799074
2025-10-16 09:23:41.951315,23.66,85.53,177.07,16.0,52.03782803724405
2025-10-16 09:23:42.951315,35.3,89.31,203.28,39.31,52.12816767636614
2025-10-16 09:23:43.951314,78.05,71.29,151.49,136.64,52.656133844562625
2025-10-16 09:23:44.951314,49.42,49.89,113.17,116.7,52.56489837303531
2025-10-16 09:23:45.951313,66.0,71.22,268.47,20.54,51.910338793533356
2025-10-16 09:23:46.951313,91.98,39.29,228.99,136.97,52.49158564990446
2025-10-16 09:23:47.951312,64.47,22.02,159.7,98.23,52.35463644302063
2025-10-16 09:23:48.951312,67.92,66.3,295.86,14.28,51.83227090734583
2025-10-16 09:23:49.951311,79.38,63.4,189.43,138.18,52.59767736570669
2025-10-16 09:23:50.951311,67.26,37.63,55.58,84.84,52.456858882375435
2025-10-16 09:23:51.951311,11.28,51.35,105.84,34.29,52.15976246801419
2025-10-16 09:23:52.951310,35.47,27.77,138.07,130.93,52.56063364016118
2025-10-16 09:23:53.951310,72.37,97.01,158.3,113.77,52.58102063920181
2025-10-16 09:23:54.951309,10.82,63.34,247.94,83.79,52.243260363039255
2025-10-16 09:23:55.951309,56.33,38.52,241.76,43.63,51.99971886142378
2025-10-16 09:23:56.951308,93.7,74.4,136.1,46.8,52.2273547246686
2025-10-16 09:23:57.951308,87.5,51.18,282.19,104.58,52.27905640012591
2025-10-16 09:23:58.951307,91.1,40.74,183.0,136.72,52.55487508286365
2025-10-16 09:23:59.951307,81.37,20.41,255.69,66.67,52.062639013426015
2025-10-16 09:24:00.951306,69.06,83.89,223.98,149.6,52.64900977629761
2025-10-16 09:24:01.951306,18.3,53.99,161.88,127.89,52.56420710047564
2025-10-16 09:24:02.951306,28.37,32.92,298.93,63.4,52.01232175840059
2025-10-16 09:24:03.951305,79.89,65.06,67.8,90.56,52.522755185707766
2025-10-16 09:24:04.951305,28.4,59.7,159.33,77.58,52.323657551310006
2025-10-16 09:24:05.951304,42.0,97.53,205.11,77.25,52.33403703483292
2025-10-16 09:24:06.951304,38.01,91.88,70.66,139.53,52.81930605768185
2025-10-16 09:24:07.951303,44.26,76.23,90.48,71.5,52.41738065654377
2025-10-16 09:24:08.951303,89.06,23.95,114.62,46.0,52.15410190125958
2025-10-16 09:24:09.951302,23.12,60.23,147.26,23.9,52.068736865561455
2025-10-16 09:24:10.951302,59.08,34.18,214.66,88.54,52.255356589952775
2025-10-16 09:24:11.951302,27.98,27.42,223.12,103.89,52.3086871071204
2025-10-16 09:24:12.951301,67.62,25.45,150.62,34.32,52.049471605995755
2025-10-16 09:24:13.951301,91.93,74.26,170.07,124.84,52.57713710936982
2025-10-16 09:24:14.951300,35.3,67.83,267.4,92.36,52.269310397569434
2025-10-16 09:24:15.951300,22.04,69.46,81.41,108.56,52.60429313261608
2025-10-16 09:24:16.951299,19.95,97.14,175.42,82.13,52.39787784067701
2025-10-16 09:24:17.951299,22.89,77.29,198.21,74.0,52.28749298759866
2025-10-16 09:24:18.951298,71.83,74.25,185.36,13.12,51.99017880070421
2025-10-16 09:24:19.951298,76.62,91.66,264.01,50.7,52.10895358763416
2025-10-16 09:24:20.951297,16.84,35.68,240.27,131.7,52.442709430794956
2025-10-16 09:24:21.951297,28.48,58.75,124.98,30.63,52.12989143205912
2025-10-16 09:24:22.951297,74.43,73.76,127.2,130.85,52.66418669531692
2025-10-16 09:24:23.951296,13.61,73.74,64.91,147.76,52.83350165944871
2025-10-16 09:24:24.951296,31.31,35.57,194.87,36.3,52.01977145138499
2025-10-16 09:24:25.951295,88.27,33.08,151.43,61.82,52.202633706802494
2025-10-16 09:24:26.951295,39.86,89.07,195.53,99.47,52.44311241986352
2025-10-16 09:24:27.951294,12.34,59.64,148.72,147.1,52.6902460380497
2025-10-16 09:24:28.951294,39.5,64.09,239.88,37.03,52.018467874239576
2025-10-16 09:24:29.951293,68.52,31.69,270.84,14.75,51.80098892454021
2025-10-16 09:24:30.951293,21.67,36.25,64.01,12.04,52.07376940301385
2025-10-16 09:24:31.951292,53.55,59.66,186.23,52.49,52.16026329741252
2025-10-16 09:24:32.951292,51.86,88.37,277.77,105.01,52.35943644991187
2025-10-16 09:24:33.951292,83.43,29.49,130.66,58.52,52.206809674125225
2025-10-16 09:24:34.951291,57.64,64.21,54.87,118.03,52.67773241832652
2025-10-16 09:24:35.951291,69.8,57.14,180.28,116.36,52.48717065799827
2025-10-16 09:24:36.951290,59.94,68.07,289.8,121.71,52.38850835661861
2025-10-16 09:24:37.951290,80.79,48.74,293.14,94.45,52.20825682475994
2025-10-16 09:24:38.951289,21.74,62.82,219.04,112.19,52.42503282094104
2025-10-16 09:24:39.951289,62.86,34.9,64.63,66.58,52.34682789897089
2025-10-16 09:24:40.951288,32.0,46.41,80.75,102.48,52.529563986567645
2025-10-16 09:24:41.951288,77.53,96.62,75.85,21.74,52.22436205657365
2025-10-16 09:24:42.951287,77.38,25.01,212.71,149.28,52.54810320493466
2025-10-16 09:24:43.951287,89.17,44.85,192.92,99.21,52.35937123230214
2025-10-16 09:24:44.951286,19.48,95.55,148.72,104.75,52.545313511730434
2025-10-16 09:24:45.951286,88.4,73.83,223.39,87.03,52.31302792847912
2025-10-16 09:24:46.951285,68.49,65.13,97.77,69.85,52.37765965729899
2025-10-16 09:24:47.951285,62.52,59.69,141.78,19.13,52.05086061230712
2025-10-16 09:24:48.951285,82.09,74.18,266.47,129.18,52.46957287670197
2025-10-16 09:24:49.951284,70.09,73.04,66.83,38.54,52.27582596708705
2025-10-16 09:24:50.951284,20.19,41.57,167.75,110.33,52.443164784898656
2025-10-16 09:24:51.951283,20.59,88.85,95.75,140.02,52.782220433622186
2025-10-16 09:24:52.951283,18.68,83.96,99.07,82.82,52.47826130523224
2025-10-16 09:24:53.951282,24.75,97.4,51.44,131.52,52.81522408892073
2025-10-16 09:24:54.951282,58.25,94.7,75.89,34.77,52.286638693325386
2025-10-16 09:24:55.951281,94.4,61.96,247.52,88.03,52.2626391349132
2025-10-16 09:24:56.951281,67.16,90.92,80.01,113.48,52.67281697278809
2025-10-16 09:24:57.951280,88.56,54.57,223.64,88.12,52.280793163507155
2025-10-16 09:24:58.951280,68.71,43.31,67.96,23.03,52.137904025913116
2025-10-16 09:24:59.951280,80.86,53.34,104.35,13.21,52.058755454572214
2025-10-16 09:25:00.951279,87.17,39.13,284.97,88.94,52.17261549921186
2025-10-16 09:25:01.951279,79.48,58.43,103.45,64.88,52.331817760748116
2025-10-16 09:25:02.951278,27.36,97.03,124.04,50.16,52.304553503753944
2025-10-16 09:25:03.951278,67.84,50.68,56.06,89.05,52.50291723636626
2025-10-16 09:25:04.951277,83.84,49.53,253.03,87.89,52.23037888502858
2025-10-16 09:25:05.951277,52.69,82.43,215.5,73.29,52.27067023019693
2025-10-16 09:25:06.951276,90.37,90.12,211.47,110.64,52.48038521412612
2025-10-16 09:25:07.951276,92.55,52.03,152.54,113.59,52.500436960906136
2025-10-16 09:25:08.951275,35.11,79.25,181.96,116.28,52.527473146909564
2025-10-16 09:25:09.951275,78.86,89.86,99.34,96.78,52.560139773452285
2025-10-16 09:25:10.951275,17.14,72.95,256.1,79.08,52.22710040833746
2025-10-16 09:25:11.951274,65.42,33.52,223.77,79.22,52.194592605034956
2025-10-16 09:25:12.951274,50.08,97.93,85.17,135.13,52.78927554640648
2025-10-16 09:25:13.951273,27.03,24.27,259.43,124.96,52.36064520201121
2025-10-16 09:25:14.951273,47.75,25.0,95.77,133.17,52.623393398530375
2025-10-16 09:25:15.951272,71.26,41.13,98.92,114.2,52.55433133643285
2025-10-16 09:25:16.951272,89.45,84.32,51.77,68.86,52.4716825307709
2025-10-16 09:25:17.951271,33.08,95.43,298.4,69.78,52.166846733014154
2025-10-16 09:25:18.951271,51.66,85.58,99.15,80.63,52.4701986871207
2025-10-16 09:25:19.951270,76.55,41.6,181.04,21.1,51.972991875100924
2025-10-16 09:25:20.951270,87.89,57.49,238.58,148.86,52.57435865724196
2025-10-16 09:25:21.951270,26.92,61.74,251.08,65.63,52.14386603634918
2025-10-16 09:25:22.951269,65.77,52.87,225.38,40.57,52.034078651048176
2025-10-16 09:25:23.951269,76.17,88.43,193.98,110.8,52.501391922018755
2025-10-16 09:25:24.951268,88.73,67.23,293.86,18.83,51.85983114440525
2025-10-16 09:25:25.951268,37.35,36.68,142.42,90.1,52.36510226499026
2025-10-16 09:25:26.951267,70.7,94.27,273.35,44.35,52.069292689898155
2025-10-16 09:25:27.951267,67.36,47.54,189.46,108.86,52.418168073241
2025-10-16 09:25:28.951266,31.84,78.15,286.77,122.76,52.41748652571025
2025-10-16 09:25:29.951266,13.14,32.18,113.48,82.03,52.354294201027656
2025-10-16 09:25:30.951265,85.26,97.63,151.98,95.66,52.49889322495328
2025-10-16 09:25:31.951265,32.42,83.76,283.24,111.2,52.374518125939666
2025-10-16 09:25:32.951264,69.28,96.64,289.13,62.22,52.143313799731644
2025-10-16 09:25:33.951264,25.29,69.28,139.36,125.24,52.61071478792571
2025-10-16 09:25:34.951264,41.52,50.44,134.63,106.17,52.483771730504316
2025-10-16 09:25:35.951263,86.39,54.16,237.05,76.13,52.201205712088395
2025-10-16 09:25:36.951263,63.87,55.01,289.71,63.09,52.06605201641304
2025-10-16 09:25:37.951262,84.85,46.51,70.42,41.52,52.234562769778336
2025-10-16 09:25:38.951262,37.3,78.31,221.37,40.8,52.09006210845242
2025-10-16 09:25:39.951261,45.31,93.14,77.83,123.48,52.73075666449277
2025-10-16 09:25:40.951261,47.49,20.19,173.98,142.61,52.556913828675576
2025-10-16 09:25:41.951260,82.55,30.97,116.76,143.92,52.66131782035659
2025-10-16 09:25:42.951260,41.98,75.23,209.83,52.48,52.15878584793776
2025-10-16 09:25:43.951259,38.91,60.91,244.18,29.75,51.96960696180575
2025-10-16 09:25:44.951259,80.72,45.05,165.59,57.68,52.185894778712345
2025-10-16 09:25:45.951258,37.44,43.06,80.68,25.58,52.13327058318982
2025-10-16 09:25:46.951258,38.3,33.01,69.73,49.59,52.25017067041792
2025-10-16 09:25:47.951257,88.75,69.28,180.26,137.24,52.616647722411514
2025-10-16 09:25:48.951257,88.86,85.55,295.65,35.72,51.97865810995837
2025-10-16 09:25:49.951256,16.01,68.99,244.03,135.59,52.5221107111094
2025-10-16 09:25:50.951256,91.58,52.24,73.93,97.03,52.522417031734605
2025-10-16 09:25:51.951256,53.68,87.48,93.16,31.43,52.23249133152465
2025-10-16 09:25:52.951255,89.63,85.96,289.49,31.71,51.96739387948189
2025-10-16 09:25:53.951255,78.39,58.59,178.12,136.64,52.595706163504715
2025-10-16 09:25:54.951254,20.39,42.94,99.65,63.32,52.29891033891861
2025-10-16 09:25:55.951254,34.07,67.1,112.7,114.08,52.58568799093182
2025-10-16 09:25:56.951253,66.2,89.42,264.87,36.31,52.030490066674595
2025-10-16 09:25:57.951253,29.46,67.08,56.93,129.23,52.73732709374784
2025-10-16 09:25:58.951252,79.19,39.06,232.95,111.2,52.355170468499935
2025-10-16 09:25:59.951252,37.74,88.44,284.98,137.59,52.51507178291538
2025-10-16 09:26:00.951251,79.75,38.69,278.41,90.59,52.18893237299346
2025-10-16 09:26:01.951251,28.49,58.79,250.05,110.43,52.36664937350089
2025-10-16 09:26:02.951250,63.79,77.49,287.05,16.3,51.87608319200679
2025-10-16 09:26:03.951250,63.76,25.42,164.44,120.63,52.468446465645066
2025-10-16 09:26:04.951250,78.81,81.9,244.22,87.25,52.30186140750325
2025-10-16 09:26:05.951249,10.16,94.81,265.13,22.25,51.96933145084763
2025-10-16 09:26:06.951249,33.78,30.13,151.96,40.27,52.086932833882244
2025-10-16 09:26:07.951248,65.43,33.18,107.49,22.78,52.063885179664595
2025-10-16 09:26:08.951248,76.11,78.07,188.43,87.23,52.369213028679006
2025-10-16 09:26:09.951247,20.05,66.45,235.96,11.36,51.89817100060542
2025-10-16 09:26:10.951247,35.92,62.86,285.46,83.89,52.19246587199964
2025-10-16 09:26:11.951246,38.62,96.24,70.75,40.51,52.32563277711283
2025-10-16 09:26:12.951246,32.79,33.53,194.91,80.08,52.23771531637075
2025-10-16 09:26:13.951245,13.54,59.31,59.71,75.25,52.444821751679875
2025-10-16 09:26:14.951245,81.08,21.86,264.4,38.7,51.91195785800778
2025-10-16 09:26:15.951244,92.31,86.31,84.84,54.18,52.35672797261718
2025-10-16 09:26:16.951244,23.81,96.69,88.9,122.82,52.71944781539579
2025-10-16 09:26:17.951244,61.48,62.54,119.98,61.88,52.30240366092233
2025-10-16 09:26:18.951243,24.79,46.53,98.18,67.99,52.33153629042537
2025-10-16 09:26:19.951243,69.5,36.6,139.15,23.77,52.03304803899213
2025-10-16 09:26:20.951242,71.57,60.22,84.42,42.69,52.24834108155651
2025-10-16 09:26:21.951242,42.57,92.74,146.67,92.3,52.47948458679526
2025-10-16 09:26:22.951241,65.44,37.9,74.34,113.0,52.57496843929099
2025-10-16 09:26:23.951241,26.83,59.71,191.79,111.83,52.45374619096631
2025-10-16 09:26:24.951240,70.88,26.39,91.79,125.33,52.59168908796881
2025-10-16 09:26:25.951240,21.23,96.36,294.25,27.04,51.95753615690878
2025-10-16 09:26:26.951239,41.39,26.76,222.93,67.66,52.12397604786528
2025-10-16 09:26:27.951239,88.09,98.75,140.73,66.96,52.37066509796345
2025-10-16 09:26:28.951239,33.41,32.61,206.18,51.7,52.07691351054826
2025-10-16 09:26:29.951238,52.59,81.43,181.65,11.72,52.00201332166312
2025-10-16 09:26:30.951238,57.87,32.58,288.96,52.8,51.97130404030561
2025-10-16 09:26:31.951237,28.39,58.92,220.49,77.87,52.24150785399188
2025-10-16 09:26:32.951237,70.94,58.79,193.35,36.18,52.0663239007859
2025-10-16 09:26:33.951236,89.3,64.68,263.82,58.72,52.097442887830574
2025-10-16 09:26:34.951236,34.62,66.65,66.4,134.65,52.75125755190889
2025-10-16 09:26:35.951235,39.27,45.97,263.06,107.88,52.31134436970146
2025-10-16 09:26:36.951235,51.35,21.75,111.5,70.69,52.27919200373358
2025-10-16 09:26:37.951234,52.27,26.41,157.65,111.26,52.431980180282565
2025-10-16 09:26:38.951234,38.11,41.56,265.12,138.72,52.45636626024881
2025-10-16 09:26:39.951233,78.2,28.91,125.97,129.38,52.571234112968554
2025-10-16 09:26:40.951233,11.55,67.1,164.31,118.6,52.539320183191535
2025-10-16 09:26:41.951232,76.68,77.03,91.91,138.93,52.75888099725303
2025-10-16 09:26:42.951232,68.97,44.75,239.41,132.93,52.46772447109055
2025-10-16 09:26:43.951232,27.03,88.57,57.75,38.84,52.319713771187736
2025-10-16 09:26:44.951231,30.01,23.7,293.6,128.08,52.32948423170405
2025-10-16 09:26:45.951231,12.98,63.37,181.84,111.82,52.47416486762557
2025-10-16 09:26:46.951230,66.55,57.05,230.74,109.49,52.384425258887504
2025-10-16 09:26:47.951230,83.43,68.13,289.54,31.55,51.931868917206394
2025-10-16 09:26:48.951229,18.28,91.05,263.55,26.77,51.98706231173689
2025-10-16 09:26:49.951229,85.23,62.12,215.28,10.82,51.914781216701215
2025-10-16 09:26:50.951228,81.06,48.92,161.4,61.93,52.220586912222096
2025-10-16 09:26:51.951228,57.95,68.52,209.75,26.6,52.0146447604007
2025-10-16 09:26:52.951227,34.5,63.9,196.8,65.99,52.22275669516067
2025-10-16 09:26:53.951227,52.06,56.72,109.16,92.39,52.460303379708265
2025-10-16 09:26:54.951226,55.14,41.86,205.71,20.19,51.935765192025656
2025-10-16 09:26:55.951226,22.22,86.99,96.44,25.74,52.19828802769392
2025-10-16 09:26:56.951225,10.04,77.0,224.34,139.1,52.58190379413652
2025-10-16 09:26:57.951225,48.08,21.31,62.64,58.41,52.28167040583461
2025-10-16 09:26:58.951225,14.7,34.47,162.32,142.78,52.60117710784921
2025-10-16 09:26:59.951224,35.54,38.23,62.84,93.16,52.490460421172514
2025-10-16 09:27:00.951224,30.46,30.74,92.16,16.14,52.046059281274786
2025-10-16 09:27:01.951223,40.72,79.47,239.11,43.4,52.08168292202972
2025-10-16 09:27:02.951223,66.89,54.3,253.55,107.68,52.339283666246864
2025-10-16 09:27:03.951222,38.96,79.64,50.88,34.61,52.290138125071714
2025-10-16 09:27:04.951222,85.87,95.43,62.28,79.76,52.53442420319314
2025-10-16 09:27:05.951221,77.49,84.31,213.21,17.05,51.99226462119507
2025-10-16 09:27:06.951221,69.58,89.07,72.28,63.15,52.424429586269035
2025-10-16 09:27:07.951220,62.43,46.82,161.93,65.85,52.23566889778511
2025-10-16 09:27:08.951220,89.79,68.93,281.07,58.95,52.08371014674514
2025-10-16 09:27:09.951219,10.45,37.42,236.41,113.05,52.35671816959541
2025-10-16 09:27:10.951219,70.9,67.03,111.44,75.2,52.39012450257243
2025-10-16 09:27:11.951219,19.78,56.13,153.93,132.81,52.603982027209064
2025-10-16 09:27:12.951218,13.93,67.26,125.81,84.05,52.4161493066966
2025-10-16 09:27:13.951218,28.65,26.37,59.88,95.59,52.4837080617546
2025-10-16 09:27:14.951217,29.33,89.32,203.66,105.35,52.46249528409116
2025-10-16 09:27:15.951217,48.65,50.1,147.42,66.41,52.26436060949758
2025-10-16 09:27:16.951216,66.01,48.48,141.24,35.44,52.112493234985514
2025-10-16 09:27:17.951216,13.66,47.08,289.13,91.39,52.19490040611888
2025-10-16 09:27:18.951215,15.81,78.15,246.1,21.58,51.9591082941533
2025-10-16 09:27:19.951215,44.0,20.25,96.23,115.16,52.522236357485625
2025-10-16 09:27:20.951214,67.5,65.83,89.97,86.16,52.47218158243237
2025-10-16 09:27:21.951214,40.43,59.1,200.6,90.52,52.332693615322604
2025-10-16 09:27:22.951214,12.49,89.64,91.92,31.67,52.23956999319777
2025-10-16 09:27:23.951213,86.94,40.9,237.92,20.58,51.89263667679252
2025-10-16 09:27:24.951213,25.26,85.52,157.1,47.33,52.223458322361864
2025-10-16 09:27:25.951212,84.26,82.0,141.01,85.15,52.429963242967986
2025-10-16 09:27:26.951212,88.33,33.5,193.07,135.72,52.522218146336535
2025-10-16 09:27:27.951211,83.19,97.48,254.52,73.49,52.24854642443338
2025-10-16 09:27:28.951211,68.8,52.08,110.82,72.41,52.34776137964604
2025-10-16 09:27:29.951210,27.46,89.37,225.7,65.82,52.232590409702986
2025-10-16 09:27:30.951210,27.11,64.19,92.61,63.98,52.35299962811048
2025-10-16 09:27:31.951209,12.93,45.96,200.41,74.14,52.22436999346692
2025-10-16 09:27:32.951209,73.02,96.0,111.87,141.4,52.781470265560436
2025-10-16 09:27:33.951208,12.98,91.89,294.51,19.03,51.907891012299764
2025-10-16 09:27:34.951208,47.42,33.83,191.62,68.41,52.18354882411794
2025-10-16 09:27:35.951208,74.3,30.14,145.14,84.29,52.319286187347586
2025-10-16 09:27:36.951207,84.7,90.47,143.9,90.38,52.46905791997516
2025-10-16 09:27:37.951207,31.21,94.25,62.39,110.89,52.68981057994885
2025-10-16 09:27:38.951206,84.01,51.43,70.92,147.82,52.78238568988082
2025-10-16 09:27:39.951206,10.95,79.97,114.52,32.28,52.19353284161733
2025-10-16 09:27:40.951205,26.32,76.09,265.21,25.2,51.9478042856935
2025-10-16 09:27:41.951205,84.0,46.82,127.75,54.45,52.22375665122297
2025-10-16 09:27:42.951204,51.22,31.64,154.28,40.71,52.08898329817375
2025-10-16 09:27:43.951204,85.56,31.69,258.78,50.94,52.000659722660124
2025-10-16 09:27:44.951203,82.94,61.82,93.84,114.56,52.6031802689295
2025-10-16 09:27:45.951203,87.13,33.79,90.83,53.45,52.242930559553216
2025-10-16 09:27:46.951203,51.93,82.45,107.5,133.99,52.72343868093646
2025-10-16 09:27:47.951202,83.81,20.63,198.79,68.03,52.14634708391083
2025-10-16 09:27:48.951202,58.56,52.32,151.53,59.79,52.2295940145211
2025-10-16 09:27:49.951201,57.87,21.86,93.27,131.24,52.61086301613855
2025-10-16 09:27:50.951201,52.84,95.1,81.02,124.16,52.73373040473866
2025-10-16 09:27:51.951200,82.28,63.92,256.52,69.22,52.15900026023494
2025-10-16 09:27:52.951200,53.46,42.42,122.21,99.69,52.452007622047866
2025-10-16 09:27:53.951199,26.22,43.53,125.81,107.06,52.4866971111086
2025-10-16 09:27:54.951199,37.99,72.34,50.62,31.66,52.2613457508951
2025-10-16 09:27:55.951198,40.04,21.71,124.19,80.9,52.31384257832306
2025-10-16 09:27:56.951198,40.39,76.0,161.22,95.89,52.44562437974272
2025-10-16 09:27:57.951197,34.04,68.56,144.09,56.65,52.25521928075692
2025-10-16 09:27:58.951197,48.82,53.07,176.74,95.09,52.3761767959555
2025-10-16 09:27:59.951197,89.59,88.25,104.8,107.23,52.60266228233341
2025-10-16 09:28:00.951196,88.03,37.11,251.47,76.18,52.14897008301869
2025-10-16 09:28:01.951196,90.27,95.7,139.72,67.42,52.36842648582076
2025-10-16 09:28:02.951195,76.12,87.84,240.03,36.09,52.05965096412327
2025-10-16 09:28:03.951195,56.0,23.97,86.41,126.04,52.59780866464959
2025-10-16 09:28:04.951194,12.36,66.19,120.87,110.71,52.55586621375533
2025-10-16 09:28:05.951194,83.37,20.29,282.35,10.33,51.740976120358184
2025-10-16 09:28:06.951193,59.29,74.03,77.38,14.7,52.1427196643468
2025-10-16 09:28:07.951193,59.01,93.27,253.78,14.45,51.942030325511425
2025-10-16 09:28:08.951192,21.42,59.71,233.72,79.16,52.23182253962021
2025-10-16 09:28:09.951192,55.05,29.82,226.2,60.78,52.090651188962305
2025-10-16 09:28:10.951191,35.38,83.74,97.54,142.2,52.780940319392094
2025-10-16 09:28:11.951191,32.61,71.85,283.43,131.29,52.45297488595368
2025-10-16 09:28:12.951191,52.84,81.97,50.73,42.85,52.33664330907648
2025-10-16 09:28:13.951190,49.22,58.09,51.59,136.75,52.76515260819497
2025-10-16 09:28:14.951190,23.16,48.57,87.77,58.7,52.30237559688018
2025-10-16 09:28:15.951189,11.79,27.67,160.24,38.53,52.06221546883057
2025-10-16 09:28:16.951189,57.45,20.36,109.4,101.61,52.43607244679286
2025-10-16 09:28:17.951188,93.07,85.5,108.25,105.62,52.58452452900284
2025-10-16 09:28:18.951188,45.72,80.56,292.97,123.15,52.415823632653066
2025-10-16 09:28:19.951187,74.49,32.85,219.47,84.03,52.22344959621796
2025-10-16 09:28:20.951187,79.56,39.24,186.12,49.18,52.103950041536
2025-10-16 09:28:21.951186,34.64,63.85,239.6,115.38,52.41560657074961
2025-10-16 09:28:22.951185,65.85,80.45,183.14,146.26,52.68021741443097
2025-10-16 09:28:23.951185,49.45,58.25,70.65,108.7,52.59766480533757
2025-10-16 09:28:24.951184,34.71,91.78,172.32,55.53,52.25676387854482
2025-10-16 09:28:25.951184,48.98,34.82,120.91,92.5,52.40253193561681
2025-10-16 09:28:26.951183,64.49,72.5,138.44,22.3,52.09630804032218
2025-10-16 09:28:27.951183,16.14,98.8,50.23,107.45,52.69753562461064
2025-10-16 09:28:28.951182,37.26,73.85,159.07,134.57,52.64043781126873
2025-10-16 09:28:29.951182,60.55,58.48,108.5,14.65,52.070472858107486
2025-10-16 09:28:30.951181,18.14,86.19,270.16,58.97,52.13199673263064
2025-10-16 09:28:31.951181,39.28,86.84,279.21,83.22,52.24405645862083
2025-10-16 09:28:32.951180,13.04,81.75,206.86,91.49,52.37322041652222
2025-10-16 09:28:33.951180,94.82,88.61,213.95,68.86,52.26229999689879
2025-10-16 09:28:34.951179,27.28,73.09,232.72,74.85,52.23731314559809
2025-10-16 09:28:35.951179,77.21,31.89,283.17,40.88,51.91730245837464
2025-10-16 09:28:36.951179,36.94,69.62,163.11,140.65,52.657619902922036
2025-10-16 09:28:37.951178,70.54,25.27,162.55,34.9,52.03604695526302
2025-10-16 09:28:38.951178,45.48,47.5,221.68,144.32,52.554616360541196
2025-10-16 09:28:39.951177,13.52,28.92,143.04,137.02,52.58707218495867
2025-10-16 09:28:40.951177,28.28,21.4,294.05,104.7,52.20587583729035
2025-10-16 09:28:41.951176,66.31,58.47,93.93,142.91,52.740282413502285
2025-10-16 09:28:42.951176,14.71,97.45,74.97,114.5,52.69744313112763
2025-10-16 09:28:43.951175,84.39,37.31,52.32,73.16,52.40139665432177
2025-10-16 09:28:44.951175,40.75,26.77,135.15,53.26,52.168828814952235
2025-10-16 09:28:45.951174,59.21,83.09,50.48,126.03,52.76087220930509
2025-10-16 09:28:46.951174,87.84,46.92,265.78,35.98,51.94501080167198
2025-10-16 09:28:47.951173,47.98,39.87,133.2,15.49,52.00541073915796
2025-10-16 09:28:48.951173,81.69,83.05,144.29,52.74,52.26328383253886
2025-10-16 09:28:49.951172,65.62,29.88,280.32,60.01,52.014210478837704
2025-10-16 09:28:50.951172,48.3,32.62,217.12,36.61,51.985741253922136
2025-10-16 09:28:51.951172,39.17,82.81,242.68,63.48,52.18518478027878
2025-10-16 09:28:52.951171,36.95,69.27,207.06,53.16,52.15437072153568
2025-10-16 09:28:53.951171,49.55,80.15,208.5,18.73,51.99902148074491
2025-10-16 09:28:54.951170,69.99,40.46,75.55,112.38,52.57517522073929
2025-10-16 09:28:55.951170,48.89,64.47,54.85,80.09,52.48591127147709
2025-10-16 09:28:56.951169,76.05,28.56,229.78,81.17,52.18677273779903
2025-10-16 09:28:57.951169,14.75,32.25,267.87,99.91,52.23781958402732
2025-10-16 09:28:58.951168,81.72,24.05,65.54,120.62,52.59850204068829
2025-10-16 09:28:59.951168,33.49,92.95,143.94,49.31,52.265601167609276
2025-10-16 09:29:00.951167,93.57,59.57,241.55,23.81,51.94041836972735
2025-10-16 09:29:01.951167,71.97,26.18,86.37,119.32,52.568086816798825
2025-10-16 09:29:02.951166,46.79,45.15,224.86,32.08,51.97673176128442
2025-10-16 09:29:03.951166,88.9,92.72,63.1,53.66,52.395732188835055
2025-10-16 09:29:04.951166,14.51,70.49,126.96,85.67,52.42909520407954
2025-10-16 09:29:05.951165,39.71,67.02,100.12,58.58,52.321039347755736
2025-10-16 09:29:06.951165,69.7,76.41,87.2,30.95,52.2165479244839
2025-10-16 09:29:07.951164,88.18,55.82,217.71,121.39,52.459859492702236
2025-10-16 09:29:08.951164,93.23,84.65,208.2,140.44,52.62522988367105
2025-10-16 09:29:09.951163,80.51,97.09,92.94,137.23,52.78785929917588
2025-10-16 09:29:10.951163,22.42,64.64,176.58,16.97,52.00281093357932
2025-10-16 09:29:11.951162,37.12,20.89,167.6,92.04,52.310452422942724
2025-10-16 09:29:12.951162,76.28,65.11,280.17,18.22,51.87099712917369
2025-10-16 09:29:13.951161,42.17,91.95,224.27,11.42,51.963719183834165
2025-10-16 09:29:14.951161,33.85,37.62,298.98,145.85,52.439403407410865
2025-10-16 09:29:15.951160,32.27,57.92,190.25,21.68,51.99528093107098
2025-10-16 09:29:16.951160,26.52,46.3,262.35,101.51,52.280643288097885
2025-10-16 09:29:17.951160,27.06,90.21,115.52,52.67,52.315464323774016
2025-10-16 09:29:18.951159,18.56,60.14,127.63,99.87,52.48007702728822
2025-10-16 09:29:19.951159,66.98,62.16,64.52,141.42,52.77937998384695
2025-10-16 09:29:20.951158,81.24,48.88,84.17,23.73,52.13051528115954
2025-10-16 09:29:21.951158,10.08,92.79,53.98,133.32,52.81198214525392
2025-10-16 09:29:22.951157,74.25,78.53,70.88,81.83,52.50053437690279
2025-10-16 09:29:23.951157,66.57,48.48,230.35,82.98,52.23389198519642
2025-10-16 09:29:24.951156,13.3,69.72,279.04,39.01,51.98687598007981
2025-10-16 09:29:25.951156,22.22,41.47,265.94,15.29,51.82930886203216
2025-10-16 09:29:26.951156,18.26,87.06,254.86,35.51,52.035286184541434
2025-10-16 09:29:27.951155,53.31,30.78,184.21,149.3,52.597676527451284
2025-10-16 09:29:28.951155,15.81,85.41,226.13,74.93,52.270505298466034
2025-10-16 09:29:29.951154,76.04,70.64,280.79,99.06,52.29076381841062
2025-10-16 09:29:30.951154,93.33,68.74,216.32,36.74,52.05766146353587
2025-10-16 09:29:31.951153,64.92,40.97,243.36,57.42,52.072246058411814
2025-10-16 09:29:32.951153,83.92,54.84,121.32,17.8,52.06215979656274
2025-10-16 09:29:33.951152,59.07,44.61,112.97,13.47,52.03153786898815
2025-10-16 09:29:34.951152,15.36,84.74,150.42,114.07,52.56927748591843
2025-10-16 09:29:35.951151,34.68,65.7,118.45,86.83,52.43709281849973
2025-10-16 09:29:36.951151,33.95,23.59,249.81,31.6,51.898909379524234
2025-10-16 09:29:37.951150,32.91,78.5,98.93,56.68,52.33531154000501
2025-10-16 09:29:38.951150,39.76,60.33,109.78,82.0,52.413809296269626
2025-10-16 09:29:39.951150,17.34,23.83,271.8,32.71,51.875482864608166
2025-10-16 09:29:40.951149,12.06,24.38,261.57,66.21,52.06012760157003
2025-10-16 09:29:41.951149,38.74,69.29,154.8,23.88,52.07611847015582
2025-10-16 09:29:42.951148,45.33,66.48,227.38,149.3,52.609093942166226
2025-10-16 09:29:43.951148,56.05,59.53,180.21,102.44,52.42133534336503
2025-10-16 09:29:44.951147,90.33,77.7,295.93,70.69,52.14032389127652
2025-10-16 09:29:45.951147,62.31,27.13,235.01,33.47,51.93513723610624
2025-10-16 09:29:46.951146,14.96,97.17,148.15,149.09,52.77402742150944
2025-10-16 09:29:47.951146,87.78,96.76,144.97,117.69,52.61830385392413
2025-10-16 09:29:48.951145,66.36,65.36,120.6,10.36,52.0458481742712
2025-10-16 09:29:49.951145,52.72,22.49,128.33,58.62,52.19684241601548
2025-10-16 09:29:50.951145,13.21,58.5,57.2,121.36,52.680391902653824
2025-10-16 09:29:51.951144,63.31,45.66,146.72,82.03,52.33586500542126
2025-10-16 09:29:52.951144,92.51,89.97,275.28,32.89,52.00024472490712
2025-10-16 09:29:53.951143,11.79,67.52,123.87,116.45,52.583524680879016
2025-10-16 09:29:54.951143,91.25,40.3,98.87,68.65,52.32185022981333
2025-10-16 09:29:55.951142,87.53,80.96,123.98,88.87,52.46966443911647
2025-10-16 09:29:56.951142,56.04,24.61,114.49,132.97,52.596490893153664
2025-10-16 09:29:57.951141,21.9,74.96,295.9,108.04,52.32440184902123
2025-10-16 09:29:58.951141,42.01,61.49,79.9,143.58,52.76838221804113
2025-10-16 09:29:59.951140,43.12,56.85,255.96,103.66,52.320622306031204
2025-10-16 09:30:00.951140,35.37,38.18,286.35,35.71,51.89904443007178
2025-10-16 09:30:01.951140,12.26,39.28,99.26,134.78,52.654619245877385
2025-10-16 09:30:02.951139,81.36,23.91,189.82,27.12,51.95735153773157
2025-10-16 09:30:03.951139,44.84,58.11,270.15,128.74,52.43117520829398
2025-10-16 09:30:04.951138,74.05,24.77,118.45,71.87,52.28171284991279
2025-10-16 09:30:05.951138,51.47,84.16,269.45,28.77,51.97589330024904
2025-10-16 09:30:06.951137,22.31,31.93,270.29,43.44,51.947649980781414
2025-10-16 09:30:07.951137,21.15,66.29,111.0,145.5,52.74569345585217
2025-10-16 09:30:08.951136,29.06,38.55,213.39,127.36,52.46236789762626
2025-10-16 09:30:09.951136,23.62,63.19,139.08,30.71,52.11999612362968
2025-10-16 09:30:10.951135,40.27,76.97,173.56,79.83,52.34952029699508
2025-10-16 09:30:11.951135,15.07,91.85,297.23,106.27,52.34646268401505
2025-10-16 09:30:12.951135,37.28,95.86,118.87,73.33,52.426690795371904
2025-10-16 09:30:13.951134,59.67,94.87,111.35,116.67,52.65459314480576
2025-10-16 09:30:14.951134,67.39,98.28,216.07,108.14,52.477391344162804
2025-10-16 09:30:15.951133,69.7,74.02,133.65,128.71,52.645183454599206
2025-10-16 09:30:16.951133,72.08,67.82,101.54,46.81,52.26101450074037
2025-10-16 09:30:17.951132,16.59,60.79,268.63,58.45,52.082057900581304
2025-10-16 09:30:18.951132,89.38,40.55,151.22,45.66,52.13550097121702
2025-10-16 09:30:19.951131,57.86,87.5,248.61,18.58,51.95869754855669
2025-10-16 09:30:20.951131,41.45,96.24,217.27,124.72,52.55587581623876
2025-10-16 09:30:21.951131,82.78,91.86,221.0,61.39,52.221278614597026
2025-10-16 09:30:22.951130,13.03,25.59,72.36,108.6,52.531398417720155
2025-10-16 09:30:23.951130,79.08,90.93,200.89,85.03,52.36632135323365
2025-10-16 09:30:24.951129,93.09,42.22,247.05,45.5,52.00928778236901
2025-10-16 09:30:25.951129,93.57,90.98,142.61,16.44,52.09690992649325
2025-10-16 09:30:26.951128,14.77,20.62,150.65,61.67,52.17870847991214
2025-10-16 09:30:27.951128,65.8,48.95,79.86,128.34,52.666802850600035
2025-10-16 09:30:28.951127,91.51,82.24,178.45,117.27,52.54301444933302
2025-10-16 09:30:29.951127,74.7,26.72,171.55,140.54,52.56237009989985
2025-10-16 09:30:30.951126,74.78,47.87,187.19,22.17,51.98234427927795
2025-10-16 09:30:31.951126,83.2,47.1,192.46,148.81,52.61582950924772
2025-10-16 09:30:32.951125,48.94,68.73,137.52,147.19,52.72340116338817
2025-10-16 09:30:33.951125,72.19,92.69,213.51,10.1,51.972909590129056
2025-10-16 09:30:34.951124,41.37,67.7,218.56,141.99,52.58624382055119
2025-10-16 09:30:35.951124,94.82,40.58,245.76,118.93,52.38011785669982
2025-10-16 09:30:36.951124,19.21,84.78,187.69,11.49,51.99924843903928
2025-10-16 09:30:37.951123,49.25,42.17,227.7,25.15,51.9319939368276
2025-10-16 09:30:38.951123,77.27,90.04,296.19,119.52,52.41151830123265
2025-10-16 09:30:39.951122,24.81,36.34,275.85,149.84,52.488196076930976
2025-10-16 09:30:40.951122,13.21,55.67,270.47,25.58,51.902990116494664
2025-10-16 09:30:41.951121,80.2,76.92,204.27,120.45,52.51413710274512
2025-10-16 09:30:42.951121,20.92,43.98,118.95,76.19,52.34027195024432
2025-10-16 09:30:43.951120,50.41,80.19,158.08,116.98,52.56490640717268
2025-10-16 09:30:44.951120,67.76,40.05,286.16,48.36,51.96706785573793
2025-10-16 09:30:45.951119,70.59,66.37,98.48,86.8,52.46505138986613
2025-10-16 09:30:46.951119,22.29,77.15,109.1,20.1,52.13357742679509
2025-10-16 09:30:47.951119,19.41,94.14,240.01,26.03,52.02091624359163
2025-10-16 09:30:48.951118,75.31,45.61,182.09,35.12,52.05045484356912
2025-10-16 09:30:49.951118,39.54,95.95,247.33,131.82,52.550954735616024
2025-10-16 09:30:50.951117,56.77,61.41,201.38,133.81,52.55561257214379
2025-10-16 09:30:51.951117,82.91,77.98,155.47,103.82,52.49739550276969
2025-10-16 09:30:52.951116,40.32,66.23,196.69,102.04,52.41020298928216
2025-10-16 09:30:53.951116,72.28,29.78,243.01,49.71,52.011882712722354
2025-10-16 09:30:54.951115,66.7,21.35,226.17,121.6,52.38258610866016
2025-10-16 09:30:55.951115,83.02,94.76,106.69,45.3,52.298794173685664
2025-10-16 09:30:56.951115,15.92,81.47,90.11,96.91,52.556886524951736
2025-10-16 09:30:57.951114,73.1,22.41,274.72,140.27,52.41412549464811
2025-10-16 09:30:58.951114,76.7,38.06,212.9,14.77,51.891249906490074
2025-10-16 09:30:59.951113,79.97,88.81,140.19,73.34,52.38442111703207
2025-10-16 09:31:00.951113,84.11,47.73,273.25,32.95,51.92119476272211
2025-10-16 09:31:01.951112,56.46,41.94,275.72,100.69,52.250065168974096
2025-10-16 09:31:02.951112,31.0,86.76,243.1,103.54,52.39539793153314
2025-10-16 09:31:03.951111,74.81,31.26,69.32,69.58,52.348668474913474
2025-10-16 09:31:04.951111,43.76,55.05,135.76,22.92,52.06914091953231
2025-10-16 09:31:05.951110,68.97,92.93,235.7,134.9,52.57631447069641
2025-10-16 09:31:06.951110,27.29,87.86,267.95,51.6,52.100843238176985
2025-10-16 09:31:07.951110,89.67,55.03,254.72,145.97,52.53325920493018
2025-10-16 09:31:08.951109,30.02,92.25,85.63,124.25,52.72245997590379
2025-10-16 09:31:09.951109,54.65,63.85,74.91,35.68,52.232621260950346
2025-10-16 09:31:10.951108,54.17,50.33,74.45,74.41,52.40332564880257
2025-10-16 09:31:11.951108,68.86,68.35,127.53,10.69,52.04402813231386
2025-10-16 09:31:12.951107,12.84,97.51,89.35,54.62,52.37466774803155
2025-10-16 09:31:13.951107,90.0,28.8,288.59,64.9,52.02580175641956
2025-10-16 09:31:14.951106,78.28,65.14,104.74,48.68,52.26099174506802
2025-10-16 09:31:15.951106,80.27,96.28,246.41,51.16,52.1438903224897
2025-10-16 09:31:16.951106,28.04,79.59,286.95,110.79,52.359355957909635
2025-10-16 09:31:17.951105,76.83,21.71,244.04,99.75,52.248518034028194
2025-10-16 09:31:18.951105,17.31,65.37,191.25,43.65,52.11980147247525
2025-10-16 09:31:19.951104,67.87,54.81,145.17,116.8,52.53200730860934
2025-10-16 09:31:20.951104,87.11,73.07,194.38,31.35,52.068201815886574
2025-10-16 09:31:21.951103,26.82,80.25,113.88,76.97,52.42151135666033
2025-10-16 09:31:22.951103,33.27,25.53,95.11,25.14,52.07760454324047
2025-10-16 09:31:23.951102,62.86,63.05,196.78,60.23,52.191929044880325
2025-10-16 09:31:24.951102,65.39,84.14,287.91,104.89,52.336996011744496
2025-10-16 09:31:25.951101,59.86,33.98,234.55,49.06,52.0281056904744
2025-10-16 09:31:26.951101,12.97,40.31,211.96,52.73,52.08933855179235
2025-10-16 09:31:27.951101,85.0,91.33,249.59,39.92,52.07301662075212
2025-10-16 09:31:28.951100,25.58,70.54,261.85,109.16,52.36720183819173
2025-10-16 09:31:29.951100,37.74,25.68,244.56,81.59,52.16346436404662
2025-10-16 09:31:30.951099,72.3,66.2,136.57,147.52,52.7214333593683
2025-10-16 09:31:31.951099,11.74,77.97,69.48,147.81,52.835839746986075
2025-10-16 09:31:32.951098,18.07,37.84,272.04,123.57,52.36303845169455
2025-10-16 09:31:33.951098,80.14,90.05,56.24,12.82,52.192697128138754
2025-10-16 09:31:34.951097,36.63,75.56,62.95,132.56,52.762606459785914
2025-10-16 09:31:35.951097,36.51,67.12,263.88,145.95,52.54435383189473
2025-10-16 09:31:36.951097,19.2,61.32,127.76,88.2,52.423029338461376
2025-10-16 09:31:37.951096,47.18,73.14,150.04,49.8,52.221402363308194
2025-10-16 09:31:38.951096,61.53,32.33,297.29,107.2,52.23543993060795
2025-10-16 09:31:39.951095,92.01,37.45,285.85,61.09,52.026972017864495
2025-10-16 09:31:40.951095,91.71,95.91,179.09,46.96,52.21225144349638
2025-10-16 09:31:41.951094,24.56,52.59,221.27,36.28,52.01730203033269
2025-10-16 09:31:42.951094,19.62,71.26,217.32,118.23,52.47436454734509
2025-10-16 09:31:43.951093,14.13,75.52,295.52,108.61,52.32889001464212
2025-10-16 09:31:44.951093,18.94,84.54,88.61,69.54,52.42610168324249
2025-10-16 09:31:45.951092,25.49,95.31,153.55,145.54,52.74516563832643
2025-10-16 09:31:46.951092,86.41,53.11,102.17,74.89,52.37394847381098
2025-10-16 09:31:47.951092,92.34,87.54,286.67,83.72,52.2379369557802
2025-10-16 09:31:48.951091,66.62,34.52,174.97,144.06,52.59078177291014
2025-10-16 09:31:49.951091,61.07,70.39,182.15,97.96,52.41712047629461
2025-10-16 09:31:50.951090,28.02,39.94,136.42,116.32,52.512425309106746
2025-10-16 09:31:51.951090,56.1,55.79,142.99,121.67,52.56152872339678
2025-10-16 09:31:52.951089,12.26,87.18,151.13,117.94,52.59268630753863
2025-10-16 09:31:53.951089,25.66,87.88,274.99,35.01,52.00732107446568
2025-10-16 09:31:54.951088,91.86,59.02,242.96,60.06,52.12124180638785
2025-10-16 09:31:55.951088,82.03,59.14,276.24,58.0,52.06635415449573
2025-10-16 09:31:56.951087,44.03,53.06,276.81,39.13,51.958104891494045
2025-10-16 09:31:57.951087,70.51,72.72,102.38,55.21,52.311995784030266
2025-10-16 09:31:58.951087,30.18,45.26,165.64,124.0,52.522473609455496
2025-10-16 09:31:59.951086,69.97,57.83,289.33,77.7,52.146113582194886
2025-10-16 09:32:00.951086,92.58,67.63,155.49,120.55,52.56207684707145
2025-10-16 09:32:01.951085,46.66,52.16,95.62,84.29,52.42855288118634
2025-10-16 09:32:02.951085,34.7,52.91,232.92,115.23,52.40255541762371
2025-10-16 09:32:03.951084,58.53,38.03,141.28,79.04,52.31318248576667
2025-10-16 09:32:04.951084,39.92,35.58,185.98,139.91,52.55702092483803
2025-10-16 09:32:05.951083,16.55,87.51,281.53,84.56,52.24903760220884
2025-10-16 09:32:06.951083,28.31,24.78,64.15,29.01,52.13733009088753
2025-10-16 09:32:07.951082,21.41,22.42,120.26,39.77,52.11197175692582
2025-10-16 09:32:08.951082,59.3,49.75,212.72,86.56,52.27817757508394
2025-10-16 09:32:09.951081,94.51,98.24,171.44,18.07,52.08057843645854
2025-10-16 09:32:10.951081,15.64,92.23,248.95,21.47,51.982084393989474
2025-10-16 09:32:11.951081,68.53,85.82,285.1,84.03,52.23827403728821
2025-10-16 09:32:12.951080,62.41,22.88,130.03,44.47,52.123578546523675
2025-10-16 09:32:13.951080,35.63,28.23,102.2,21.87,52.056754435855225
2025-10-16 09:32:14.951079,14.24,39.73,81.13,50.01,52.25005417536174
2025-10-16 09:32:15.951079,79.47,44.9,259.88,93.35,52.23986806490451
2025-10-16 09:32:16.951078,31.24,72.95,251.83,73.34,52.20373126492743
2025-10-16 09:32:17.951078,85.24,20.7,280.73,125.32,52.326939066724606
2025-10-16 09:32:18.951077,45.81,76.89,237.95,16.3,51.94083164042408
2025-10-16 09:32:19.951077,46.6,23.3,284.69,140.37,52.40297766835553
2025-10-16 09:32:20.951076,83.31,73.59,215.15,116.87,52.474910135594534
2025-10-16 09:32:21.951076,71.17,61.96,102.24,14.12,52.08295175576614
2025-10-16 09:32:22.951075,74.99,35.98,117.43,24.73,52.06586844820233
2025-10-16 09:32:23.951075,48.99,83.74,261.55,73.65,52.213221080977746
2025-10-16 09:32:24.951075,63.9,21.36,282.47,88.77,52.1405796778343
2025-10-16 09:32:25.951074,11.0,31.15,155.22,117.83,52.4777623965278
2025-10-16 09:32:26.951074,91.62,40.6,182.03,34.41,52.03720047704129
2025-10-16 09:32:27.951073,78.34,89.45,215.51,102.3,52.43137655785842
2025-10-16 09:32:28.951073,42.79,71.04,81.1,90.68,52.51712911113284
2025-10-16 09:32:29.951072,40.04,55.17,79.2,146.58,52.77225092030265
2025-10-16 09:32:30.951072,19.24,64.96,161.18,29.01,52.085148474302436
2025-10-16 09:32:31.951071,65.97,71.44,63.33,146.11,52.82278806249422
2025-10-16 09:32:32.951071,52.45,97.39,133.72,88.56,52.48694350482336
2025-10-16 09:32:33.951070,54.82,68.75,284.42,110.98,52.34265172627563
2025-10-16 09:32:34.951070,75.54,93.17,167.29,139.58,52.69234519058622
2025-10-16 09:32:35.951070,17.83,44.72,179.71,112.65,52.444992285200186
2025-10-16 09:32:36.951069,34.28,93.62,60.9,44.88,52.35592042793347
2025-10-16 09:32:37.951069,28.25,62.56,275.39,148.02,52.53053614197214
2025-10-16 09:32:38.951068,92.14,84.67,77.15,49.69,52.34110063455181
2025-10-16 09:32:39.951068,93.16,74.44,149.44,62.78,52.290541666821866
2025-10-16 09:32:40.951067,29.84,59.47,91.15,83.75,52.446020418048846
2025-10-16 09:32:41.951067,87.55,55.88,233.51,27.19,51.96117776377005
2025-10-16 09:32:42.951066,24.8,36.78,213.59,105.32,52.34691870283057
2025-10-16 09:32:43.951066,12.7,57.93,282.51,110.08,52.31962781244253
2025-10-16 09:32:44.951065,33.71,74.1,107.37,147.12,52.773955969891304
2025-10-16 09:32:45.951065,21.83,30.01,249.44,116.21,52.340848156648896
2025-10-16 09:32:46.951064,24.55,60.91,296.83,113.77,52.32490259676913
2025-10-16 09:32:47.951064,46.54,43.59,148.23,48.74,52.161037515203894
2025-10-16 09:32:48.951064,56.84,43.4,55.46,134.62,52.720613258191825
2025-10-16 09:32:49.951063,32.35,63.27,283.92,55.0,52.04885961005194
2025-10-16 09:32:50.951063,84.04,33.43,108.53,131.88,52.616104400270856
2025-10-16 09:32:51.951062,24.41,47.68,248.98,51.1,52.04569815744379
2025-10-16 09:32:52.951062,92.03,49.01,196.16,136.41,52.5517067309378
2025-10-16 09:32:53.951061,55.21,25.69,295.45,56.06,51.965731096965925
2025-10-16 09:32:54.951061,90.95,68.1,183.37,119.14,52.51841399491166
2025-10-16 09:32:55.951060,66.73,78.43,275.89,117.24,52.40465045546827
2025-10-16 09:32:56.951060,54.88,55.22,60.54,37.59,52.24482633006301
2025-10-16 09:32:57.951059,55.68,79.73,55.11,26.94,52.24574806371563
2025-10-16 09:32:58.951059,16.92,43.11,194.31,134.97,52.53542488372252
2025-10-16 09:32:59.951059,70.55,37.35,296.36,81.57,52.11650074720568
2025-10-16 09:33:00.951058,89.51,78.0,166.67,21.32,52.06412952624549
2025-10-16 09:33:01.951058,42.65,43.67,175.43,80.88,52.28762591270373
2025-10-16 09:33:02.951057,31.45,32.28,84.93,126.92,52.620404742229354
2025-10-16 09:33:03.951057,50.0,48.44,273.06,102.1,52.27341527223035
2025-10-16 09:33:04.951056,78.62,56.15,57.61,50.04,52.31368750921124
2025-10-16 09:33:05.951056,60.2,84.99,257.4,92.09,52.31471075609511
2025-10-16 09:33:06.951055,13.51,32.8,177.63,105.09,52.38629335846182
2025-10-16 09:33:07.951055,81.86,44.75,119.87,86.57,52.393159026982374
2025-10-16 09:33:08.951054,15.4,83.45,280.38,31.14,51.971856400823185
2025-10-16 09:33:09.951054,80.25,66.25,125.47,45.57,52.21955216004882
2025-10-16 09:33:10.951053,37.34,80.15,135.34,98.18,52.50004129701175
2025-10-16 09:33:11.951053,13.98,95.84,189.6,137.44,52.656733705905815
2025-10-16 09:33:12.951052,44.13,22.07,257.11,75.98,52.11115945519437
2025-10-16 09:33:13.951052,69.17,81.88,127.44,121.11,52.630261877939944
2025-10-16 09:33:14.951052,84.46,47.69,174.35,58.0,52.18088724384203
2025-10-16 09:33:15.951051,17.26,91.57,219.51,72.39,52.278484600252675
2025-10-16 09:33:16.951051,60.67,50.4,245.63,37.93,51.98870977612888
2025-10-16 09:33:17.951050,49.42,37.66,149.55,43.95,52.12345753097408
2025-10-16 09:33:18.951050,54.26,84.77,189.1,32.09,52.10177674999251
2025-10-16 09:33:19.951049,32.85,92.63,258.57,122.22,52.48074292726151
2025-10-16 09:33:20.951049,61.7,31.96,180.48,16.21,51.930219559673056
2025-10-16 09:33:21.951048,81.67,88.49,191.48,93.79,52.4186250968273
2025-10-16 09:33:22.951048,66.64,58.37,134.47,58.94,52.259942942355295
2025-10-16 09:33:23.951047,39.12,78.83,182.32,73.95,52.311563514378086
2025-10-16 09:33:24.951047,75.51,37.13,98.6,43.21,52.18707378585348
2025-10-16 09:33:25.951047,60.83,57.02,266.1,107.45,52.32655523248077
2025-10-16 09:33:26.951046,38.68,34.85,264.18,23.97,51.86281482622971
2025-10-16 09:33:27.951046,41.45,92.09,212.65,145.19,52.65779530861829
2025-10-16 09:33:28.951045,51.9,71.65,202.22,59.18,52.19601391043027
2025-10-16 09:33:29.951045,51.25,26.78,275.69,116.71,52.30186735544649
2025-10-16 09:33:30.951044,75.09,78.52,73.29,99.61,52.587423028612754
2025-10-16 09:33:31.951044,76.54,91.84,213.72,125.49,52.55599543458915
2025-10-16 09:33:32.951043,37.71,90.3,263.82,144.92,52.584254937981356
2025-10-16 09:33:33.951043,76.26,24.05,146.17,88.15,52.325639518927254
2025-10-16 09:33:34.951042,13.96,35.27,76.12,119.8,52.6019438870803
2025-10-16 09:33:35.951042,44.18,75.91,196.9,112.57,52.48211730555586
2025-10-16 09:33:36.951042,27.25,88.32,214.39,135.96,52.60133823563613
2025-10-16 09:33:37.951041,11.19,46.81,180.39,17.49,51.965685908983126
2025-10-16 09:33:38.951041,32.04,50.49,133.58,123.15,52.571365907336926
2025-10-16 09:33:39.951040,92.65,64.71,168.47,24.97,52.054393689245536
2025-10-16 09:33:40.951040,26.74,83.87,296.93,87.95,52.238477800550235
2025-10-16 09:33:41.951039,47.26,47.11,216.03,35.17,52.008060299570225
2025-10-16 09:33:42.951039,82.14,51.33,258.85,100.68,52.29090794855477
2025-10-16 09:33:43.951038,94.99,46.93,81.89,147.56,52.757596572008076
2025-10-16 09:33:44.951038,84.76,72.26,177.6,139.44,52.637163127443145
2025-10-16 09:33:45.951037,61.15,43.19,78.13,134.63,52.68982252665034
2025-10-16 09:33:46.951037,11.61,81.67,258.34,56.84,52.12828243876921
2025-10-16 09:33:47.951037,38.65,62.62,159.27,23.99,52.05771448881472
2025-10-16 09:33:48.951036,41.34,34.04,232.88,145.84,52.52113219005631
2025-10-16 09:33:49.951036,72.15,27.0,80.76,62.83,52.29081090638146
2025-10-16 09:33:50.951035,14.13,87.54,86.7,42.63,52.298063393560376
2025-10-16 09:33:51.951035,69.48,51.9,93.49,74.23,52.37990356317039
2025-10-16 09:33:52.951034,16.04,68.48,244.55,132.79,52.50622581234052
2025-10-16 09:33:53.951034,42.1,94.68,57.41,90.93,52.59613570555441
2025-10-16 09:33:54.951033,20.22,29.24,293.11,16.02,51.77277059577268
2025-10-16 09:33:55.951033,68.54,28.28,261.1,76.1,52.118478528368136
2025-10-16 09:33:56.951032,26.73,42.64,229.19,52.73,52.070735696565876
2025-10-16 09:33:57.951032,63.0,68.48,98.12,57.69,52.32204903288838
2025-10-16 09:33:58.951031,28.01,64.13,246.29,146.54,52.56514873978343
2025-10-16 09:33:59.951031,63.32,74.66,275.94,126.38,52.443596775149835
2025-10-16 09:34:00.951031,34.67,32.82,154.41,77.92,52.279753884170994
2025-10-16 09:34:01.951030,75.87,65.69,139.53,51.46,52.229451024192215
2025-10-16 09:34:02.951029,52.93,27.26,163.97,109.29,52.41515981460798
2025-10-16 09:34:03.951028,48.81,62.2,229.31,128.25,52.49146419287822
2025-10-16 09:34:04.951028,33.05,97.57,296.35,49.63,52.0715980038187
2025-10-16 09:34:05.951027,77.95,47.61,262.38,82.34,52.18595796617008
2025-10-16 09:34:06.951027,10.84,85.37,294.93,63.46,52.11991481776973
2025-10-16 09:34:07.951026,79.91,40.0,162.14,63.42,52.20981465592876
2025-10-16 09:34:08.951026,91.22,88.44,125.32,37.79,52.2234283115313
2025-10-16 09:34:09.951026,73.02,78.66,150.05,20.29,52.082501522859594
2025-10-16 09:34:10.951025,35.59,51.74,179.21,125.05,52.52217169284662
2025-10-16 09:34:11.951025,15.89,70.26,60.33,34.46,52.25846457505206
2025-10-16 09:34:12.951024,36.02,98.37,165.75,106.53,52.536955776994084
2025-10-16 09:34:13.951024,45.11,41.29,205.51,67.54,52.17498735650122
2025-10-16 09:34:14.951023,53.5,63.07,299.8,129.54,52.40506558292954
2025-10-16 09:34:15.951023,90.8,60.81,205.95,83.09,52.29116472142501
2025-10-16 09:34:16.951022,83.95,71.69,151.43,140.93,52.67874166620872
2025-10-16 09:34:17.951022,38.6,80.68,88.87,122.11,52.68477834882605
2025-10-16 09:34:18.951021,63.81,78.5,59.37,135.41,52.78757464895184
2025-10-16 09:34:19.951021,25.11,22.93,67.64,41.3,52.19135954337553
2025-10-16 09:34:20.951021,22.16,79.23,224.78,23.35,51.998801750107965
2025-10-16 09:34:21.951020,78.37,66.41,199.28,144.08,52.62021575100343
2025-10-16 09:34:22.951020,75.13,95.2,212.75,74.71,52.306375504480556
2025-10-16 09:34:23.951019,65.26,74.35,75.41,91.91,52.53743555371972
2025-10-16 09:34:24.951019,54.99,90.99,129.83,124.38,52.6613343400905
2025-10-16 09:34:25.951018,93.64,89.32,192.67,36.04,52.125851836438464
2025-10-16 09:34:26.951018,18.08,67.78,272.06,88.67,52.24424936825355
2025-10-16 09:34:27.951017,66.03,27.42,76.06,128.14,52.62905381333359
2025-10-16 09:34:28.951017,11.7,27.43,175.99,32.22,52.008614233716436
2025-10-16 09:34:29.951016,46.44,84.56,206.16,112.32,52.485227111859324
2025-10-16 09:34:30.951016,77.63,50.5,239.25,88.47,52.25370329252485
2025-10-16 09:34:31.951016,69.39,41.37,286.57,92.12,52.190942653100144
2025-10-16 09:34:32.951015,71.62,21.6,202.1,67.15,52.13932690176386
2025-10-16 09:34:33.951015,82.0,59.92,249.21,23.15,51.92746914746613
2025-10-16 09:34:34.951014,11.24,95.85,127.87,140.09,52.75305796248372
2025-10-16 09:34:35.951014,77.55,66.95,208.88,132.03,52.54728485002643
2025-10-16 09:34:36.951013,11.03,33.43,292.01,50.49,51.957149712793054
2025-10-16 09:34:37.951013,94.83,77.96,111.31,75.3,52.4120448192964
2025-10-16 09:34:38.951012,72.6,31.36,228.4,138.16,52.483001608342036
2025-10-16 09:34:39.951012,94.78,58.92,149.43,96.82,52.432977638643486
2025-10-16 09:34:40.951011,54.5,55.29,189.96,106.43,52.4202364498662
2025-10-16 09:34:41.951011,91.9,60.0,268.1,51.22,52.04457869031489
2025-10-16 09:34:42.951011,46.11,40.97,248.89,129.75,52.43153048352068
2025-10-16 09:34:43.951010,70.54,29.17,133.29,131.91,52.5747395221233
2025-10-16 09:34:44.951010,32.81,28.77,161.9,41.66,52.0779933697626
2025-10-16 09:34:45.951009,77.99,95.54,82.32,139.33,52.80975107941998
2025-10-16 09:34:46.951009,41.27,41.06,61.22,87.23,52.46806965523582
2025-10-16 09:34:47.951008,71.54,39.93,242.74,15.07,51.85634586635091
2025-10-16 09:34:48.951008,90.44,31.7,56.29,124.36,52.64474647901362
2025-10-16 09:34:49.951007,84.47,68.52,151.7,148.81,52.712170431994835
2025-10-16 09:34:50.951007,55.05,27.29,105.95,129.52,52.59567184507826
2025-10-16 09:34:51.951006,58.12,37.28,162.04,98.4,52.38200970979479
2025-10-16 09:34:52.951006,79.08,94.51,162.84,42.59,52.20919023836662
2025-10-16 09:34:53.951006,57.8,33.42,148.21,58.85,52.19255937777813
2025-10-16 09:34:54.951005,40.83,62.85,115.83,33.32,52.16377995724069
2025-10-16 09:34:55.951005,83.78,25.55,125.31,31.24,52.06802796896817
2025-10-16 09:34:56.951004,52.62,66.48,129.29,35.54,52.164019507426666
2025-10-16 09:34:57.951004,68.78,55.31,117.86,142.37,52.69927939117795
2025-10-16 09:34:58.951003,76.86,92.94,267.07,136.7,52.54334708951716
2025-10-16 09:34:59.951003,38.23,85.91,247.13,67.01,52.203131547578344
2025-10-16 09:35:00.951002,72.87,70.36,72.74,19.73,52.16731897579215
2025-10-16 09:35:01.951002,39.58,34.89,273.68,105.43,52.26313592610192
2025-10-16 09:35:02.951001,42.85,52.82,128.27,27.35,52.097322416479756
2025-10-16 09:35:03.951001,32.08,76.01,61.55,115.27,52.677701192211785
2025-10-16 09:35:04.951000,17.41,39.07,297.71,59.66,52.00694847432568
2025-10-16 09:35:05.951000,24.07,21.71,132.11,33.63,52.06355468141862
2025-10-16 09:35:06.951000,58.86,84.82,72.06,15.15,52.17310973512172
2025-10-16 09:35:07.950999,24.44,52.92,240.81,137.63,52.505549386448024
2025-10-16 09:35:08.950999,57.28,79.25,235.36,40.51,52.07163751364982
2025-10-16 09:35:09.950998,35.02,89.67,155.72,24.4,52.11712150381165
2025-10-16 09:35:10.950998,63.47,83.73,235.38,31.06,52.03240519137399
2025-10-16 09:35:11.950997,88.63,50.27,121.47,142.52,52.68540007570036
2025-10-16 09:35:12.950997,25.33,75.91,260.0,110.26,52.38569709952905
2025-10-16 09:35:13.950996,16.28,48.09,157.38,103.9,52.43715578263959
2025-10-16 09:35:14.950996,14.56,89.13,145.25,26.88,52.14270108825011
2025-10-16 09:35:15.950995,90.43,86.35,66.17,120.83,52.71978022690755
2025-10-16 09:35:16.950995,24.87,28.41,113.2,74.75,52.3104352465745
2025-10-16 09:35:17.950994,49.88,59.27,159.01,54.21,52.20476726405452
2025-10-16 09:35:18.950994,26.94,83.3,245.26,102.29,52.37943746771349
2025-10-16 09:35:19.950994,35.88,41.5,261.06,103.08,52.281007646166294
2025-10-16 09:35:20.950993,22.39,90.09,170.51,38.87,52.17144469771729
2025-10-16 09:35:21.950993,61.45,20.47,253.84,121.24,52.34190532563601
2025-10-16 09:35:22.950992,78.31,82.73,228.48,119.77,52.489478603077586
2025-10-16 09:35:23.950992,44.86,41.32,127.48,99.08,52.439702763700154
2025-10-16 09:35:24.950991,71.46,59.24,265.79,104.65,52.317089411415026
2025-10-16 09:35:25.950991,81.21,92.4,241.31,14.53,51.95748573058088
2025-10-16 09:35:26.950990,79.98,58.14,74.99,65.16,52.37087998129373
2025-10-16 09:35:27.950990,59.92,63.06,117.75,14.38,52.065586004473786
2025-10-16 09:35:28.950989,32.96,46.39,67.61,57.01,52.316635123645206
2025-10-16 09:35:29.950989,23.23,82.52,108.99,125.29,52.67746604228776
2025-10-16 09:35:30.950989,73.18,77.15,193.95,36.04,52.10048516827192
2025-10-16 09:35:31.950988,56.49,75.11,73.8,105.15,52.60819960547242
2025-10-16 09:35:32.950988,15.6,47.94,254.13,149.52,52.53827246230217
2025-10-16 09:35:33.950987,21.3,87.95,170.34,121.65,52.58720350775941
2025-10-16 09:35:34.950987,85.46,38.11,71.04,62.89,52.3257523015754
2025-10-16 09:35:35.950986,27.81,51.42,86.72,132.68,52.68439676108464
2025-10-16 09:35:36.950986,22.24,85.79,210.98,75.33,52.293609808219976
2025-10-16 09:35:37.950985,45.7,82.81,81.97,136.95,52.77341799543352
2025-10-16 09:35:38.950985,13.16,70.44,125.36,31.88,52.15843432669588
2025-10-16 09:35:39.950984,14.54,23.28,232.1,136.84,52.45564144748658
2025-10-16 09:35:40.950984,74.4,38.55,75.88,60.48,52.30789129535276
2025-10-16 09:35:41.950984,25.41,63.93,250.31,89.71,52.27123921922436
2025-10-16 09:35:42.950983,85.65,56.7,117.29,58.16,52.275806617679635
2025-10-16 09:35:43.950983,60.26,86.59,279.43,135.56,52.5086355673211
2025-10-16 09:35:44.950982,85.16,38.97,75.85,67.51,52.34438932039249
2025-10-16 09:35:45.950982,64.16,76.93,151.95,146.77,52.71783418445004
2025-10-16 09:35:46.950981,94.06,82.21,106.81,140.13,52.75502799464298
2025-10-16 09:35:47.950981,57.28,91.89,183.74,66.89,52.29924126268186
2025-10-16 09:35:48.950980,76.45,45.37,110.89,80.47,52.37549241559933
2025-10-16 09:35:49.950980,77.05,66.21,272.68,122.07,52.40970200577817
2025-10-16 09:35:50.950979,78.33,80.4,154.08,104.02,52.504977957998
2025-10-16 09:35:51.950979,49.92,60.29,258.22,63.44,52.120360193848185
2025-10-16 09:35:52.950979,16.42,43.41,135.09,30.47,52.08569989537065
2025-10-16 09:35:53.950978,27.33,59.6,181.68,35.22,52.07869713469732
2025-10-16 09:35:54.950978,78.49,44.5,299.33,67.43,52.05471846663467
2025-10-16 09:35:55.950977,38.18,84.83,221.56,43.6,52.11667229489262
2025-10-16 09:35:56.950977,57.39,39.1,236.88,67.51,52.128467034510095
2025-10-16 09:35:57.950976,76.49,69.76,270.85,120.18,52.40947475929129
2025-10-16 09:35:58.950976,52.35,77.21,181.53,146.17,52.675626608802716
2025-10-16 09:35:59.950975,64.54,84.12,89.3,59.47,52.37330504729282
2025-10-16 09:36:00.950975,87.48,63.99,101.14,12.89,52.08213706270217
2025-10-16 09:36:01.950975,53.19,89.71,93.54,116.8,52.669134552904204
2025-10-16 09:36:02.950974,32.0,92.52,99.25,54.82,52.35269507015951
2025-10-16 09:36:03.950974,60.29,94.88,198.33,16.68,52.03090368355034
2025-10-16 09:36:04.950973,20.91,53.19,109.25,65.3,52.31597872582792
2025-10-16 09:36:05.950973,59.54,90.55,294.72,18.42,51.9019125965675
2025-10-16 09:36:06.950972,34.89,83.81,255.3,99.29,52.351740477632404
2025-10-16 09:36:07.950972,17.37,23.25,185.9,20.27,51.926602422363175
2025-10-16 09:36:08.950971,86.43,71.79,183.35,66.34,52.25791871848723
2025-10-16 09:36:09.950971,77.98,92.54,179.31,67.58,52.30994963195905
2025-10-16 09:36:10.950970,65.19,43.5,104.26,10.6,52.02652299882501
2025-10-16 09:36:11.950970,69.82,80.11,148.78,51.72,52.2463719883998
2025-10-16 09:36:12.950970,51.08,20.17,230.53,137.37,52.45439291322419
2025-10-16 09:36:13.950969,88.89,20.46,219.22,149.66,52.53244901704046
2025-10-16 09:36:14.950969,24.26,82.03,226.85,88.77,52.333138690953376
2025-10-16 09:36:15.950968,22.19,88.1,82.91,85.48,52.521486041169716
2025-10-16 09:36:16.950968,89.78,93.6,274.09,76.73,52.2311617521227
2025-10-16 09:36:17.950967,92.06,49.76,276.38,122.11,52.37297265259786
2025-10-16 09:36:18.950967,83.13,71.01,143.41,39.67,52.1748054594091
2025-10-16 09:36:19.950966,21.12,30.77,207.93,146.16,52.549894569770785
2025-10-16 09:36:20.950966,22.51,31.53,271.34,119.17,52.32940908901878
2025-10-16 09:36:21.950965,51.29,72.0,194.03,70.86,52.26690549833531
2025-10-16 09:36:22.950965,14.87,47.16,106.24,88.14,52.42409945857624
2025-10-16 09:36:23.950964,11.71,61.35,82.48,97.83,52.532697263257724
2025-10-16 09:36:24.950964,55.68,74.19,186.9,116.04,52.50979223470483
2025-10-16 09:36:25.950964,75.98,86.03,105.4,58.72,52.351600583068176
2025-10-16 09:36:26.950963,46.77,45.89,207.25,69.79,52.19299740237299
2025-10-16 09:36:27.950963,55.22,74.72,287.16,36.37,51.97230648713113
2025-10-16 09:36:28.950962,82.56,80.01,183.3,66.59,52.275226148935154
2025-10-16 09:36:29.950962,85.47,76.06,279.55,104.31,52.3295775605778
2025-10-16 09:36:30.950961,81.77,65.56,265.02,97.87,52.29602976938493
2025-10-16 09:36:31.950961,13.89,69.02,83.65,136.99,52.744569215118716
2025-10-16 09:36:32.950960,11.67,97.96,279.13,61.63,52.15631202985239
2025-10-16 09:36:33.950960,10.01,41.24,52.49,12.34,52.10045181762238
2025-10-16 09:36:34.950959,14.38,28.22,119.52,115.41,52.50772518820664
2025-10-16 09:36:35.950959,52.11,46.17,147.63,143.7,52.6482970943763
2025-10-16 09:36:36.950959,45.45,38.76,113.09,95.69,52.43685906028043
2025-10-16 09:36:37.950958,80.65,30.95,290.74,95.82,52.183855590191335
2025-10-16 09:36:38.950958,24.56,20.28,236.6,69.43,52.102006805208404
2025-10-16 09:36:39.950957,92.73,79.44,216.65,113.94,52.46940907966505
2025-10-16 09:36:40.950957,11.58,91.45,252.84,43.99,52.089521457795314
2025-10-16 09:36:41.950956,51.48,45.39,140.5,115.35,52.51262052963787
2025-10-16 09:36:42.950956,49.3,90.81,88.43,44.07,52.309395808203476
2025-10-16 09:36:43.950955,18.19,80.99,51.74,42.05,52.3293271851818
2025-10-16 09:36:44.950955,51.27,50.09,276.34,77.85,52.149272406326006
2025-10-16 09:36:45.950954,55.73,36.29,194.81,82.53,52.25563403309967
2025-10-16 09:36:46.950954,39.99,83.94,171.6,45.46,52.19144180655475
2025-10-16 09:36:47.950953,32.02,63.75,278.12,80.94,52.18909258139124
2025-10-16 09:36:48.950953,18.87,32.81,142.8,71.05,52.260489876901126
2025-10-16 09:36:49.950952,88.73,45.51,289.98,67.99,52.0720721438474
2025-10-16 09:36:50.950952,88.88,34.69,289.75,92.52,52.1757212822643
2025-10-16 09:36:51.950952,29.9,56.1,64.97,148.9,52.80492338577567
2025-10-16 09:36:52.950951,84.83,38.29,209.43,45.95,52.05443561883737
2025-10-16 09:36:53.950951,85.64,61.15,263.01,129.89,52.45249795555704
2025-10-16 09:36:54.950950,36.47,54.28,197.43,140.47,52.580826226938896
2025-10-16 09:36:55.950950,49.67,58.7,152.92,69.22,52.287934865397204
2025-10-16 09:36:56.950949,50.58,73.48,159.28,55.49,52.23850670470602
2025-10-16 09:36:57.950949,47.58,96.11,62.52,134.85,52.814725920219715
2025-10-16 09:36:58.950948,25.3,57.88,119.82,99.01,52.48180987346456
2025-10-16 09:36:59.950948,48.0,91.58,256.96,78.76,52.26052470562002
2025-10-16 09:37:00.950947,84.83,39.19,175.55,29.77,52.01963521156345
2025-10-16 09:37:01.950947,46.05,95.32,78.3,118.14,52.70728837773193
2025-10-16 09:37:02.950946,73.91,73.25,208.86,139.41,52.59696974309814
2025-10-16 09:37:03.950946,85.09,45.93,298.1,68.68,52.06548582387557
2025-10-16 09:37:04.950945,80.96,30.56,226.88,108.08,52.33098404740922
2025-10-16 09:37:05.950945,89.77,21.79,128.13,129.4,52.55460047502467
2025-10-16 09:37:06.950944,79.78,58.1,99.31,87.47,52.45126402668808
2025-10-16 09:37:07.950944,77.67,94.9,296.67,103.08,52.336968030068505
2025-10-16 09:37:08.950944,79.68,43.08,259.6,79.54,52.16669162846015
2025-10-16 09:37:09.950943,39.24,98.31,90.25,125.57,52.73472574835719
2025-10-16 09:37:10.950943,34.66,94.52,78.18,126.96,52.750611739023455
2025-10-16 09:37:11.950942,36.58,81.6,99.34,107.5,52.598438892656716
2025-10-16 09:37:12.950942,63.66,57.11,68.96,49.86,52.299403541098684
2025-10-16 09:37:13.950941,60.68,35.07,171.03,54.15,52.141302187829474
2025-10-16 09:37:14.950941,39.75,55.3,114.64,48.14,52.225842962211566
2025-10-16 09:37:15.950940,37.37,51.81,178.08,49.84,52.14251510052618
2025-10-16 09:37:16.950940,33.96,35.21,236.22,87.62,52.22375046827333
2025-10-16 09:37:17.950939,13.19,74.01,209.18,27.97,52.03302374591335
2025-10-16 09:37:18.950939,40.32,80.51,158.17,141.46,52.68951933440122
2025-10-16 09:37:19.950939,46.79,53.83,98.65,118.99,52.60365698116187
2025-10-16 09:37:20.950938,45.32,26.0,251.21,86.77,52.181421125115556
2025-10-16 09:37:21.950938,30.05,61.41,113.98,18.76,52.089647123110566
2025-10-16 09:37:22.950937,29.4,29.31,297.87,92.58,52.15467054208104
2025-10-16 09:37:23.950937,65.38,21.37,174.15,19.88,51.936745796920846
2025-10-16 09:37:24.950936,70.62,33.62,70.03,72.41,52.36664911399839
2025-10-16 09:37:25.950936,88.03,55.4,105.96,95.65,52.478562222215146
2025-10-16 09:37:26.950935,75.4,65.63,220.95,39.16,52.057671904003676
2025-10-16 09:37:27.950935,15.63,39.6,113.76,97.49,52.44671775508631
2025-10-16 09:37:28.950934,33.45,76.04,175.06,40.01,52.14381478479978
2025-10-16 09:37:29.950934,82.87,35.55,200.91,125.35,52.46310162570498
2025-10-16 09:37:30.950934,52.24,48.89,65.51,89.3,52.48802028942723
2025-10-16 09:37:31.950933,43.02,82.18,172.82,108.13,52.5041166807224
2025-10-16 09:37:32.950933,47.51,31.3,125.79,27.9,52.061623224427215
2025-10-16 09:37:33.950932,50.78,56.33,165.13,30.55,52.070883964793246
2025-10-16 09:37:34.950932,27.9,41.18,131.1,126.05,52.5713071128457
2025-10-16 09:37:35.950931,41.35,36.16,188.23,60.0,52.14998918227809
2025-10-16 09:37:36.950931,31.27,70.09,129.38,53.63,52.26262858564224
2025-10-16 09:37:37.950930,33.5,23.62,78.69,55.68,52.25077186527663
2025-10-16 09:37:38.950930,21.37,58.75,76.33,62.86,52.358605584597186
2025-10-16 09:37:39.950929,92.19,45.86,183.59,17.41,51.9591384632242
2025-10-16 09:37:40.950929,53.46,82.02,187.55,14.6,52.009840732337686
2025-10-16 09:37:41.950929,65.22,88.82,184.1,59.71,52.256390348966974
2025-10-16 09:37:42.950928,68.55,79.31,51.97,106.47,52.652358920154875
2025-10-16 09:37:43.950928,23.27,67.88,248.95,110.78,52.38756392524074
2025-10-16 09:37:44.950927,21.67,92.88,126.02,136.67,52.732431126478275
2025-10-16 09:37:45.950927,76.8,22.5,77.57,37.92,52.16005707268014
2025-10-16 09:37:46.950926,67.73,41.49,170.66,60.42,52.1860624942152
2025-10-16 09:37:47.950926,36.85,95.25,170.82,143.87,52.71339813181169
2025-10-16 09:37:48.950925,94.16,97.68,260.89,100.03,52.37493963881547
2025-10-16 09:37:49.950925,75.31,54.19,103.8,35.88,52.176080851626196
2025-10-16 09:37:50.950924,13.77,97.24,281.69,15.13,51.91572443880422
2025-10-16 09:37:51.950924,16.91,92.99,241.91,12.53,51.94768686395466
2025-10-16 09:37:52.950924,89.83,51.24,126.55,92.36,52.42615750752801
2025-10-16 09:37:53.950923,75.14,44.4,288.28,149.68,52.48636013921995
2025-10-16 09:37:54.950923,75.49,22.84,233.89,63.84,52.0822784329875
2025-10-16 09:37:55.950922,59.49,54.16,53.6,12.18,52.123256213126
2025-10-16 09:37:56.950922,78.69,80.48,122.6,123.56,52.64646024203702
2025-10-16 09:37:57.950921,84.11,44.41,244.22,115.29,52.37117300494044
2025-10-16 09:37:58.950921,59.87,92.04,143.31,86.68,52.4541419885064
2025-10-16 09:37:59.950920,89.19,81.51,71.31,83.91,52.51629321625943
2025-10-16 09:38:00.950920,37.07,51.89,136.41,79.59,52.3494409665149
2025-10-16 09:38:01.950919,70.72,36.78,267.1,49.28,51.990965157772756
2025-10-16 09:38:02.950919,88.74,61.49,208.12,69.42,52.22026698542576
2025-10-16 09:38:03.950919,44.14,82.25,115.03,122.66,52.65549906184184
2025-10-16 09:38:04.950918,85.45,29.39,205.38,67.75,52.15310288490474
2025-10-16 09:38:05.950918,77.67,46.8,244.15,79.01,52.191974011398315
2025-10-16 09:38:06.950917,81.75,74.58,284.12,103.01,52.31397576182759
2025-10-16 09:38:07.950917,82.31,67.09,229.12,121.82,52.46862167796572
2025-10-16 09:38:08.950916,50.07,74.09,145.07,94.95,52.45882778148756
2025-10-16 09:38:09.950916,86.73,56.25,152.84,121.41,52.54788125432377
2025-10-16 09:38:10.950915,34.33,28.25,224.51,12.98,51.847526412301775
2025-10-16 09:38:11.950915,88.09,42.34,268.95,137.95,52.44883649450824
2025-10-16 09:38:12.950914,17.08,94.5,180.41,90.53,52.42863647999422
2025-10-16 09:38:13.950914,20.23,89.51,239.72,64.36,52.20663918812289
2025-10-16 09:38:14.950914,51.75,48.14,175.8,143.39,52.61273660564262
2025-10-16 09:38:15.950913,62.75,91.17,226.77,131.13,52.56576894306543
2025-10-16 09:38:16.950913,23.19,51.81,120.57,66.73,52.30535061317538
2025-10-16 09:38:17.950912,45.49,94.23,59.36,127.28,52.77693552843343
2025-10-16 09:38:18.950912,13.4,31.87,201.52,88.45,52.26805138970401
2025-10-16 09:38:19.950911,79.83,46.45,218.32,148.04,52.57594681876086
2025-10-16 09:38:20.950911,55.77,51.73,118.24,74.58,52.34812203689434
2025-10-16 09:38:21.950910,89.78,53.34,206.88,98.7,52.35454242964766
2025-10-16 09:38:22.950910,87.46,92.1,153.01,29.21,52.14986781252049
2025-10-16 09:38:23.950909,84.23,54.21,165.06,135.12,52.59702121073273
2025-10-16 09:38:24.950909,49.85,84.72,53.15,134.4,52.80289055618731
2025-10-16 09:38:25.950909,51.64,83.14,143.49,55.31,52.27756240351707
2025-10-16 09:38:26.950908,63.23,34.71,124.17,101.03,52.44118831655665
2025-10-16 09:38:27.950908,76.9,67.37,72.62,79.31,52.46373655037495
2025-10-16 09:38:28.950907,24.19,20.89,112.94,16.12,51.998921563629466
2025-10-16 09:38:29.950907,54.28,77.23,156.01,74.2,52.345041819621095
2025-10-16 09:38:30.950906,27.18,49.52,200.51,121.46,52.4710626004305
2025-10-16 09:38:31.950906,17.87,85.34,215.04,52.24,52.17022030286398
2025-10-16 09:38:32.950905,94.06,64.83,135.5,71.27,52.333625331624766
2025-10-16 09:38:33.950905,24.61,52.65,84.76,77.63,52.41031830434364
2025-10-16 09:38:34.950904,19.99,73.92,104.33,65.95,52.36616087306564
2025-10-16 09:38:35.950904,81.49,77.32,103.32,30.73,52.195560509136854
2025-10-16 09:38:36.950903,93.8,75.65,216.64,97.68,52.379620810984704
2025-10-16 09:38:37.950903,51.8,35.08,61.6,147.41,52.76104789698356
2025-10-16 09:38:38.950903,65.51,34.88,78.3,41.95,52.20356530489476
2025-10-16 09:38:39.950902,62.5,91.83,156.26,78.86,52.39670231411989
2025-10-16 09:38:40.950902,88.71,80.65,157.38,48.06,52.21732026775385
2025-10-16 09:38:41.950901,35.36,33.49,245.48,64.6,52.09126729165879
2025-10-16 09:38:42.950901,46.75,92.77,171.26,93.61,52.453173620595095
2025-10-16 09:38:43.950900,21.53,21.77,237.07,67.96,52.09681837060983
2025-10-16 09:38:44.950900,24.11,97.44,152.71,23.37,52.131038651811544
2025-10-16 09:38:45.950899,51.67,38.89,184.32,124.09,52.48547494943709
2025-10-16 09:38:46.950899,44.03,57.15,280.55,41.16,51.9713236354875
2025-10-16 09:38:47.950898,37.57,79.88,146.65,65.74,52.31986492726711
2025-10-16 09:38:48.950898,47.89,38.75,114.48,71.54,52.31253476447832
2025-10-16 09:38:49.950898,21.85,80.52,220.6,79.44,52.2912923641706
2025-10-16 09:38:50.950897,58.89,52.93,167.5,75.64,52.28969882382301
2025-10-16 09:38:51.950897,58.09,44.45,93.42,82.6,52.407956278312184
2025-10-16 09:38:52.950896,28.11,24.71,131.07,11.51,51.95863343344569
2025-10-16 09:38:53.950896,77.14,21.25,85.3,55.31,52.23541708527588
2025-10-16 09:38:54.950895,32.05,88.48,286.53,120.82,52.42804595120102
2025-10-16 09:38:55.950895,24.41,31.62,285.76,83.58,52.129786950477026
2025-10-16 09:38:56.950894,24.03,30.01,195.65,15.63,51.90312484244971
2025-10-16 09:38:57.950894,29.52,25.3,113.32,92.15,52.39244772236526
2025-10-16 09:38:58.950893,18.26,36.63,110.88,78.94,52.35076557294713
2025-10-16 09:38:59.950893,86.19,59.57,283.92,140.19,52.47357740043228
2025-10-16 09:39:00.950892,66.74,71.57,76.76,86.78,52.50421249213269
2025-10-16 09:39:01.950892,23.67,77.5,192.7,41.11,52.128547895340006
2025-10-16 09:39:02.950892,32.65,40.65,152.6,19.94,52.003444054993714
2025-10-16 09:39:03.950891,74.68,42.42,281.03,43.93,51.95610013467096
2025-10-16 09:39:04.950891,38.29,43.42,103.71,30.05,52.12571607050391
2025-10-16 09:39:05.950890,14.42,51.88,212.71,55.0,52.12232289021595
2025-10-16 09:39:06.950890,57.74,71.1,229.3,102.44,52.37791685098666
2025-10-16 09:39:07.950889,53.11,20.32,239.81,43.34,51.96550073871539
2025-10-16 09:39:08.950889,65.24,23.5,132.75,125.46,52.53174563300035
2025-10-16 09:39:09.950888,29.43,21.92,173.5,23.14,51.95521510967945
2025-10-16 09:39:10.950888,60.79,34.62,259.49,99.83,52.2532690330526
2025-10-16 09:39:11.950887,55.89,22.55,127.69,101.0,52.41268189167141
2025-10-16 09:39:12.950887,92.11,64.94,213.04,43.79,52.090423692510726
2025-10-16 09:39:13.950887,46.37,90.78,225.51,38.87,52.09895067287012
2025-10-16 09:39:14.950886,25.46,61.58,62.8,128.72,52.716173827345386
2025-10-16 09:39:15.950886,90.74,68.41,212.94,119.39,52.4805875809333
2025-10-16 09:39:16.950885,28.14,74.71,117.27,127.28,52.66126358514635
2025-10-16 09:39:17.950885,25.48,79.79,175.75,126.28,52.58755839751023
2025-10-16 09:39:18.950884,56.51,96.34,100.19,16.75,52.16584375024139
2025-10-16 09:39:19.950884,32.28,52.25,241.98,102.63,52.325229178389556
2025-10-16 09:39:20.950883,63.03,39.86,163.95,69.99,52.24042222928728
2025-10-16 09:39:21.950883,28.23,77.17,285.11,149.81,52.554952351638946
2025-10-16 09:39:22.950882,19.58,47.4,191.37,36.51,52.04852237020841
2025-10-16 09:39:23.950882,11.66,67.6,184.32,15.62,51.99132772555142
2025-10-16 09:39:24.950882,68.25,53.26,75.61,106.78,52.571575580020394
2025-10-16 09:39:25.950881,93.5,98.46,127.75,126.43,52.68903544924759
2025-10-16 09:39:26.950881,75.6,94.87,79.73,136.28,52.796462813950406
2025-10-16 09:39:27.950880,19.81,49.31,238.23,59.58,52.10628989034126
2025-10-16 09:39:28.950880,18.43,96.6,290.72,140.18,52.53635347246135
2025-10-16 09:39:29.950879,84.68,56.59,258.48,22.82,51.90688080546608
2025-10-16 09:39:30.950879,42.74,42.38,167.63,113.12,52.45904495372956
2025-10-16 09:39:31.950878,34.85,87.8,209.12,110.59,52.47877833233885
2025-10-16 09:39:32.950878,52.84,80.48,63.79,67.79,52.4426596839565
2025-10-16 09:39:33.950878,16.1,35.25,215.07,139.26,52.51403232233319
2025-10-16 09:39:34.950877,43.16,57.83,256.28,99.52,52.30110750604403
2025-10-16 09:39:35.950877,24.67,69.01,202.73,67.36,52.23167134555345
2025-10-16 09:39:36.950876,73.82,62.91,124.1,95.39,52.46748515431259
2025-10-16 09:39:37.950876,43.64,35.32,239.05,124.99,52.4096284377997
2025-10-16 09:39:38.950875,65.49,92.76,117.37,22.34,52.16416482596242
2025-10-16 09:39:39.950875,83.75,95.89,201.21,19.98,52.04573079765553
2025-10-16 09:39:40.950874,45.18,92.13,209.75,105.01,52.45805627673129
2025-10-16 09:39:41.950874,20.54,60.04,174.73,123.58,52.536861351871195
2025-10-16 09:39:42.950871,74.69,98.85,277.7,64.94,52.17674262750804
2025-10-16 09:39:43.950871,29.66,55.67,209.16,126.86,52.49877850242276
2025-10-16 09:39:44.950870,26.56,54.21,133.78,50.64,52.21070522747489
2025-10-16 09:39:45.950870,44.99,21.43,150.51,109.36,52.42225544333751
2025-10-16 09:39:46.950870,81.11,22.91,106.54,86.47,52.368108160234556
2025-10-16 09:39:47.950869,34.28,86.89,207.39,25.26,52.04671519637781
2025-10-16 09:39:48.950869,63.93,45.05,159.32,78.75,52.30113541365027
2025-10-16 09:39:49.950868,62.41,44.19,142.01,88.11,52.37015668231545
2025-10-16 09:39:50.950868,85.44,91.84,153.62,121.37,52.61578862479066
2025-10-16 09:39:51.950867,32.15,44.31,192.73,126.68,52.497848019631626
2025-10-16 09:39:52.950867,38.05,52.74,257.95,70.88,52.14377204586684
2025-10-16 09:39:53.950866,83.76,38.72,90.73,90.11,52.438508319387665
2025-10-16 09:39:54.950866,49.15,95.48,269.7,62.26,52.16734634888798
2025-10-16 09:39:55.950865,53.59,93.85,168.07,110.15,52.54341133369938
2025-10-16 09:39:56.950865,77.49,32.36,177.97,28.15,51.99490136605693
2025-10-16 09:39:57.950864,92.39,20.37,62.67,142.98,52.708567703147324
2025-10-16 09:39:58.950864,67.18,91.49,253.89,145.54,52.60304120262739
2025-10-16 09:39:59.950864,48.74,40.4,138.74,127.99,52.5693707851027
2025-10-16 09:40:00.950863,44.77,26.72,270.74,119.54,52.322743805814085
2025-10-16 09:40:01.950863,80.31,45.54,76.92,10.03,52.06429980887179
2025-10-16 09:40:02.950862,48.05,38.86,201.33,84.33,52.26100106634564
2025-10-16 09:40:03.950862,40.8,31.97,284.47,13.5,51.776897987842204
2025-10-16 09:40:04.950861,72.37,49.69,69.63,95.48,52.51537610340435
2025-10-16 09:40:05.950861,59.03,69.8,112.34,35.59,52.193478861110975
2025-10-16 09:40:06.950860,81.21,57.37,293.57,15.55,51.824431461131496
2025-10-16 09:40:07.950860,42.11,31.22,94.93,50.18,52.21585389583412
2025-10-16 09:40:08.950859,30.87,35.88,70.55,143.53,52.730916156597544
2025-10-16 09:40:09.950859,72.73,97.87,170.13,27.2,52.12790655484713
2025-10-16 09:40:10.950859,51.55,21.63,141.58,88.07,52.32669331299615
2025-10-16 09:40:11.950858,31.82,67.16,171.56,10.63,51.98230344773266
2025-10-16 09:40:12.950858,46.21,93.72,199.51,99.14,52.44513210912813
2025-10-16 09:40:13.950857,81.95,87.27,110.65,30.17,52.20221568297407
2025-10-16 09:40:14.950857,84.18,81.1,243.75,25.39,51.987311834844625
2025-10-16 09:40:15.950856,23.56,65.37,177.73,107.98,52.46410013488338
2025-10-16 09:40:16.950856,14.22,61.36,242.33,72.43,52.189349617618774
2025-10-16 09:40:17.950855,56.64,91.48,181.1,63.66,52.285612755183266
2025-10-16 09:40:18.950855,85.66,27.89,106.81,132.36,52.61008184357933
2025-10-16 09:40:19.950854,92.42,40.0,100.52,12.95,52.036657024839165
2025-10-16 09:40:20.950854,19.72,50.03,210.24,24.87,51.96928683686219
2025-10-16 09:40:21.950854,92.19,35.54,220.09,131.23,52.46714518232274
2025-10-16 09:40:22.950853,49.46,39.27,206.85,126.77,52.46955534738121
2025-10-16 09:40:23.950853,36.32,24.47,107.57,60.35,52.23733015152793
2025-10-16 09:40:24.950852,34.15,37.02,139.74,136.15,52.60283107768278
2025-10-16 09:40:25.950852,57.91,30.88,51.76,124.63,52.65060326788224
2025-10-16 09:40:26.950851,57.86,21.05,161.13,41.55,52.0634681226999
2025-10-16 09:40:27.950851,84.26,73.83,89.39,51.32,52.31186910250171
2025-10-16 09:40:28.950850,63.46,92.77,52.61,66.44,52.47470538958094
2025-10-16 09:40:29.950850,16.15,65.52,74.38,134.11,52.73561125139014
2025-10-16 09:40:30.950849,37.86,38.23,71.43,61.3,52.31740073374307
2025-10-16 09:40:31.950849,87.24,62.68,205.9,88.91,52.32437256856658
2025-10-16 09:40:32.950849,47.08,26.07,206.86,130.28,52.46168759228307
2025-10-16 09:40:33.950848,46.06,55.4,189.89,70.95,52.24066298331661
2025-10-16 09:40:34.950848,73.98,29.83,218.5,140.88,52.50710904495228
2025-10-16 09:40:35.950847,10.68,54.05,179.88,25.99,52.02353350297714
2025-10-16 09:40:36.950847,85.41,76.12,81.88,115.45,52.65153549776849
2025-10-16 09:40:37.950846,19.17,26.55,201.75,46.77,52.046090217968256
2025-10-16 09:40:38.950846,84.79,64.56,209.93,121.63,52.4885038170256
2025-10-16 09:40:39.950845,10.64,43.89,64.19,74.86,52.40686667693635
2025-10-16 09:40:40.950845,75.74,62.98,207.17,83.56,52.29612646945465
2025-10-16 09:40:41.950844,85.73,74.78,54.78,133.63,52.77748344280698
2025-10-16 09:40:42.950844,19.11,37.52,290.54,93.56,52.18543263507348
2025-10-16 09:40:43.950844,70.36,81.82,168.6,98.55,52.46051233620662
2025-10-16 09:40:44.950843,85.57,63.88,79.21,53.6,52.317760197236474
2025-10-16 09:40:45.950843,40.37,46.85,281.91,99.12,52.243336548877075
2025-10-16 09:40:46.950842,65.23,38.66,227.41,129.01,52.45212586949978
2025-10-16 09:40:47.950842,64.19,53.52,291.1,115.62,52.32761421852667
2025-10-16 09:40:48.950841,79.73,52.63,284.63,87.33,52.19114208372847
2025-10-16 09:40:49.950841,87.5,36.95,281.46,18.31,51.81500210529326
2025-10-16 09:40:50.950840,54.65,56.27,188.35,91.6,52.34911500767627
2025-10-16 09:40:51.950840,42.5,98.21,210.9,41.33,52.14547363953091
2025-10-16 09:40:52.950839,75.99,57.68,108.28,118.95,52.59800756925754
2025-10-16 09:40:53.950839,52.48,24.54,121.45,111.39,52.47760228004099
2025-10-16 09:40:54.950838,27.71,23.02,65.88,46.76,52.22157897079189
2025-10-16 09:40:55.950838,69.93,45.18,103.02,129.94,52.63649783874083
2025-10-16 09:40:56.950837,27.68,44.7,94.2,34.89,52.16550850356503
2025-10-16 09:40:57.950837,10.28,82.5,237.82,145.1,52.6049145586642
2025-10-16 09:40:58.950837,26.92,61.92,52.82,13.1,52.144046630902956
2025-10-16 09:40:59.950836,94.8,26.89,206.55,93.63,52.27788414147763
2025-10-16 09:41:00.950836,82.57,25.77,260.82,74.58,52.10627077129592
2025-10-16 09:41:01.950835,12.81,21.23,106.24,87.21,52.36899812626062
2025-10-16 09:41:02.950835,71.77,54.85,53.5,70.66,52.42122086456771
2025-10-16 09:41:03.950834,68.24,97.46,293.07,37.37,52.013630129112215
2025-10-16 09:41:04.950834,39.07,62.54,96.99,12.56,52.083217566367466
2025-10-16 09:41:05.950833,40.73,61.11,234.59,83.53,52.25553064236572
2025-10-16 09:41:06.950833,91.36,41.13,97.54,97.57,52.47187095021824
2025-10-16 09:41:07.950832,33.08,51.31,268.22,112.37,52.33755782337149
2025-10-16 09:41:08.950832,14.47,24.08,249.73,145.96,52.47976634736784
2025-10-16 09:41:09.950832,71.8,25.19,240.65,113.18,52.32792034742471
2025-10-16 09:41:10.950831,81.75,95.86,260.97,34.41,52.03860674447817
2025-10-16 09:41:11.950831,73.56,22.41,231.6,146.84,52.50532143829315
2025-10-16 09:41:12.950830,88.46,36.64,282.83,45.42,51.95000642161789
2025-10-16 09:41:13.950830,25.09,49.11,136.95,38.26,52.13377375289232
2025-10-16 09:41:14.950829,35.07,86.92,117.11,52.4,52.305567928631255
2025-10-16 09:41:15.950829,87.02,76.12,291.86,88.83,52.23468603080458
2025-10-16 09:41:16.950828,61.73,84.51,103.18,22.68,52.16890686378114
2025-10-16 09:41:17.950828,35.16,38.78,282.27,119.91,52.33257580220616
2025-10-16 09:41:18.950827,72.72,50.0,129.6,36.4,52.13594011264493
2025-10-16 09:41:19.950827,13.3,31.59,132.73,71.91,52.27599783820022
2025-10-16 09:41:20.950827,15.43,88.95,243.95,65.92,52.20778154094445
2025-10-16 09:41:21.950826,20.24,34.5,143.66,67.36,52.24391127061116
2025-10-16 09:41:22.950826,86.86,71.35,223.28,29.24,52.015365177602526
2025-10-16 09:41:23.950825,86.91,64.27,149.56,106.23,52.49090711821366
2025-10-16 09:41:24.950825,30.74,35.37,206.24,112.88,52.3923745398592
2025-10-16 09:41:25.950824,55.72,34.84,267.72,96.82,52.22738766195379
2025-10-16 09:41:26.950824,91.98,37.88,52.31,132.34,52.70255625762155
2025-10-16 09:41:27.950823,68.47,62.03,136.17,38.83,52.16281643127784
2025-10-16 09:41:28.950823,40.91,97.26,248.3,106.33,52.422965539605414
2025-10-16 09:41:29.950822,56.23,33.77,247.82,57.05,52.05039205623009
2025-10-16 09:41:30.950822,89.39,52.15,294.57,137.87,52.4330997621863
2025-10-16 09:41:31.950821,52.3,78.13,116.28,24.02,52.14571706409645
2025-10-16 09:41:32.950821,78.06,53.48,206.1,67.5,52.19767970718953
2025-10-16 09:41:33.950819,62.07,20.53,65.28,48.39,52.22580994710022
2025-10-16 09:41:34.950818,63.59,89.53,214.73,47.55,52.15500034748114
2025-10-16 09:41:35.950818,76.82,62.64,122.61,93.42,52.458972985603644
2025-10-16 09:41:36.950817,72.91,96.36,75.99,23.06,52.23036120045428
2025-10-16 09:41:37.950817,34.81,22.91,225.57,114.19,52.34885472242315
2025-10-16 09:41:38.950816,26.83,46.85,163.53,47.46,52.14034322206055
2025-10-16 09:41:39.950816,77.28,40.25,159.43,107.51,52.43747179054308
2025-10-16 09:41:40.950815,26.51,41.43,83.06,19.23,52.094714120936644
2025-10-16 09:41:41.950815,93.89,23.2,194.25,38.65,52.00848114719762
2025-10-16 09:41:42.950814,46.2,50.42,165.11,73.43,52.27682538546919
2025-10-16 09:41:43.950814,54.68,42.56,208.82,141.52,52.54808523164218
2025-10-16 09:41:44.950814,42.2,52.31,241.31,11.97,51.86660517793395
2025-10-16 09:41:45.950813,88.42,83.84,141.63,70.43,52.3580769501857
2025-10-16 09:41:46.950813,42.82,58.62,103.42,13.9,52.07376210386264
2025-10-16 09:41:47.950812,13.78,92.83,240.55,86.29,52.32315987316063
2025-10-16 09:41:48.950812,10.16,56.44,58.88,35.1,52.23680133082095
2025-10-16 09:41:49.950811,11.95,49.21,69.0,74.46,52.408719157817224
2025-10-16 09:41:50.950811,59.2,64.09,131.54,127.47,52.62243367189269
2025-10-16 09:41:51.950810,79.5,44.28,254.28,113.59,52.34879645113258
2025-10-16 09:41:52.950810,86.4,90.16,217.75,100.18,52.419000859549264
2025-10-16 09:41:53.950809,73.1,60.23,73.08,148.31,52.79907012342147
2025-10-16 09:41:54.950809,63.69,93.34,72.72,29.68,52.26244560368621
2025-10-16 09:41:55.950809,42.88,83.52,156.3,14.89,52.05617735794011
2025-10-16 09:41:56.950808,45.25,23.0,222.71,106.34,52.313070051471655
2025-10-16 09:41:57.950808,80.79,41.94,126.56,116.81,52.53203247551822
2025-10-16 09:41:58.950807,22.57,21.77,273.63,12.59,51.7670162257856
2025-10-16 09:41:59.950807,79.52,45.38,280.71,147.16,52.48565056805245
2025-10-16 09:42:00.950806,37.56,20.55,204.69,119.43,52.398865672648284
2025-10-16 09:42:01.950806,36.52,85.31,176.71,36.7,52.14283141493704
2025-10-16 09:42:02.950805,13.73,65.72,246.59,37.48,52.01490885753364
2025-10-16 09:42:03.950805,81.69,83.71,52.52,33.47,52.29006546865961
2025-10-16 09:42:04.950804,21.35,43.74,257.73,114.92,52.349858694764016
2025-10-16 09:42:05.950804,59.34,43.45,276.88,75.03,52.121347652032135
2025-10-16 09:42:06.950803,70.32,86.24,131.28,18.54,52.11355614731664
2025-10-16 09:42:07.950803,72.12,88.24,249.82,62.07,52.17900246711515
2025-10-16 09:42:08.950803,54.62,24.27,69.84,89.38,52.43477232274678
2025-10-16 09:42:09.950802,86.26,51.1,90.43,147.62,52.75453923811341
2025-10-16 09:42:10.950802,27.34,90.98,145.24,44.49,52.23559087198531
2025-10-16 09:42:11.950801,21.41,26.76,91.62,66.29,52.2933074924232
2025-10-16 09:42:12.950801,88.12,41.71,228.36,103.77,52.328812114424544
2025-10-16 09:42:13.950800,12.86,82.57,223.28,100.35,52.39769036321874
2025-10-16 09:42:14.950800,27.61,44.26,246.25,39.96,51.98623837883919
2025-10-16 09:42:15.950799,83.29,54.22,250.07,54.28,52.073065575382216
2025-10-16 09:42:16.950799,18.08,24.69,185.44,16.31,51.90994117835506
2025-10-16 09:42:17.950798,75.46,33.64,60.86,64.61,52.33945278433929
2025-10-16 09:42:18.950798,33.48,70.54,140.59,100.33,52.485219956876044
2025-10-16 09:42:19.950797,52.16,61.45,238.57,55.78,52.110157751280106
2025-10-16 09:42:20.950797,23.17,32.64,282.03,76.88,52.102807778157086
2025-10-16 09:42:21.950797,45.88,53.86,72.06,75.25,52.41765222588515
2025-10-16 09:42:22.950796,75.1,97.2,212.36,145.76,52.6710040591527
2025-10-16 09:42:23.950796,70.47,24.52,248.71,105.59,52.277317486793514
2025-10-16 09:42:24.950795,47.77,36.82,194.72,139.84,52.54734253305514
2025-10-16 09:42:25.950795,15.26,51.21,187.35,119.15,52.48030166440929
2025-10-16 09:42:26.950794,66.77,32.65,289.74,18.06,51.794263513355645
2025-10-16 09:42:27.950794,94.19,78.41,68.1,38.1,52.28232508581576
2025-10-16 09:42:28.950793,36.15,25.38,113.61,57.7,52.2175547083772
2025-10-16 09:42:29.950793,91.16,35.56,272.86,46.39,51.96620987357243
2025-10-16 09:42:30.950792,80.91,46.61,266.12,29.74,51.91231561132084
2025-10-16 09:42:31.950792,93.66,90.55,91.49,129.94,52.740137743218696
2025-10-16 09:42:32.950791,74.87,76.49,203.28,139.07,52.609032701245845
2025-10-16 09:42:33.950791,31.21,84.52,77.67,100.75,52.59898181160759
2025-10-16 09:42:34.950790,32.82,46.31,205.97,76.49,52.229500413712174
2025-10-16 09:42:35.950790,35.82,86.38,129.11,74.23,52.399085820965446
2025-10-16 09:42:36.950789,74.22,41.48,147.53,32.48,52.0754400567268
2025-10-16 09:42:37.950789,71.44,42.27,199.72,59.22,52.14248261696922
2025-10-16 09:42:38.950788,73.44,71.61,104.09,112.26,52.596782897412254
2025-10-16 09:42:39.950788,74.36,21.51,78.79,118.94,52.56726143640194
2025-10-16 09:42:40.950788,57.62,23.61,193.06,27.83,51.95601869811794
2025-10-16 09:42:41.950787,52.87,77.47,190.5,107.11,52.46605850293157
2025-10-16 09:42:42.950787,10.1,83.75,50.57,73.49,52.49565965245438
2025-10-16 09:42:43.950786,61.47,32.34,291.52,65.49,52.03173844242198
2025-10-16 09:42:44.950786,58.19,20.85,191.36,137.43,52.50860227087127
2025-10-16 09:42:45.950785,16.83,77.83,201.59,135.65,52.596566118727175
2025-10-16 09:42:46.950785,81.11,61.8,65.41,103.79,52.586704122477215
2025-10-16 09:42:47.950784,45.77,82.92,225.92,31.86,52.0475867596747
2025-10-16 09:42:48.950784,53.58,73.44,133.68,41.95,52.20414884681113
2025-10-16 09:42:49.950783,11.1,95.88,274.76,74.31,52.22242349311062
2025-10-16 09:42:50.950783,54.82,64.84,164.34,18.96,52.02972033263765
2025-10-16 09:42:51.950783,19.95,64.6,82.73,126.08,52.68190251836609
2025-10-16 09:42:52.950782,89.21,45.94,135.2,22.28,52.04894569299284
2025-10-16 09:42:53.950782,13.22,32.89,100.2,66.02,52.29233198838513
2025-10-16 09:42:54.950781,36.99,31.03,287.05,104.27,52.23180561313058
2025-10-16 09:42:55.950781,45.13,55.55,283.45,43.87,51.978060977326315
2025-10-16 09:42:56.950780,80.71,34.92,74.32,90.6,52.455638177306774
2025-10-16 09:42:57.950780,54.84,70.73,228.18,100.96,52.37119792543996
2025-10-16 09:42:58.950779,85.97,39.1,110.48,135.01,52.640373259221256
2025-10-16 09:42:59.950779,46.05,91.37,94.21,23.87,52.20031198809708
2025-10-16 09:43:00.950778,62.24,63.71,126.11,78.66,52.38152139857538
2025-10-16 09:43:01.950778,82.26,41.94,94.39,130.52,52.64472789411831
2025-10-16 09:43:02.950777,42.15,31.9,60.82,47.14,52.24755366189937
2025-10-16 09:43:03.950777,66.13,77.32,153.2,55.12,52.25225469006251
2025-10-16 09:43:04.950776,12.14,98.76,58.59,16.71,52.22618937973705
2025-10-16 09:43:05.950776,27.2,97.02,155.97,40.14,52.210868890731824
2025-10-16 09:43:06.950776,46.5,43.94,171.65,79.83,52.28790160404865
2025-10-16 09:43:07.950775,17.53,46.39,276.29,90.3,52.20527046756838
2025-10-16 09:43:08.950775,19.39,22.1,223.11,91.96,52.23787859983084
2025-10-16 09:43:09.950774,16.75,54.15,57.57,106.47,52.59595113637956
2025-10-16 09:43:10.950774,26.79,46.9,113.51,113.1,52.540380118087896
2025-10-16 09:43:11.950773,88.13,35.8,85.66,17.7,52.07252672736878
2025-10-16 09:43:12.950773,69.44,91.61,168.66,57.66,52.272145866372796
2025-10-16 09:43:13.950772,51.11,49.35,218.6,143.37,52.55752953168032
2025-10-16 09:43:14.950772,55.39,86.91,76.05,20.37,52.19827961724528
2025-10-16 09:43:15.950771,80.07,67.14,233.0,86.89,52.28641740227094
2025-10-16 09:43:16.950771,86.71,39.29,118.65,49.41,52.1957884585831
2025-10-16 09:43:17.950771,78.76,81.59,221.48,123.69,52.51653468468008
2025-10-16 09:43:18.950770,13.78,87.99,151.21,73.12,52.36691852493467
2025-10-16 09:43:19.950770,12.58,49.51,112.92,39.68,52.174009422172794
2025-10-16 09:43:20.950769,14.23,38.82,285.91,70.82,52.078884046377205
2025-10-16 09:43:21.950769,35.09,38.48,105.81,66.08,52.295967331941654
2025-10-16 09:43:22.950768,32.96,30.86,81.53,47.67,52.22041767128271
2025-10-16 09:43:23.950768,60.91,69.77,220.14,131.48,52.53486011652736
2025-10-16 09:43:24.950767,78.35,32.23,293.34,89.71,52.151875185568706
2025-10-16 09:43:25.950767,93.04,31.39,236.75,28.31,51.91491840960478
2025-10-16 09:43:26.950766,52.66,97.79,115.16,127.59,52.71051610818643
2025-10-16 09:43:27.950766,45.32,74.17,191.95,140.82,52.6286069077109
2025-10-16 09:43:28.950766,85.69,32.66,105.85,121.08,52.56345066600569
2025-10-16 09:43:29.950765,57.92,42.04,244.52,12.76,51.84634484092875
2025-10-16 09:43:30.950765,20.64,97.46,134.93,124.36,52.66695872526095
2025-10-16 09:43:31.950764,77.24,44.41,132.35,147.05,52.68237404675094
2025-10-16 09:43:32.950764,25.66,81.26,219.43,119.98,52.49983601698091
2025-10-16 09:43:33.950763,61.99,98.46,144.44,38.5,52.22083082235976
2025-10-16 09:43:34.950763,50.16,84.22,197.02,114.15,52.50611441378794
2025-10-16 09:43:35.950762,46.91,55.34,264.34,124.22,52.41067618660603
2025-10-16 09:43:36.950762,78.96,38.67,118.14,66.98,52.28434705044517
2025-10-16 09:43:37.950761,35.23,70.99,91.67,105.31,52.5770153496714
2025-10-16 09:43:38.950761,79.46,96.98,170.51,24.35,52.11121769953326
2025-10-16 09:43:39.950761,32.9,66.4,116.72,31.59,52.16071243293089
2025-10-16 09:43:40.950760,30.41,88.6,96.18,63.89,52.39518346706672
2025-10-16 09:43:41.950760,39.82,21.15,74.82,130.89,52.63247711448765
2025-10-16 09:43:42.950759,40.86,43.04,289.34,36.24,51.90716135227216
2025-10-16 09:43:43.950759,18.77,25.84,147.59,128.21,52.53031298044121
2025-10-16 09:43:44.950758,60.37,36.97,204.64,28.35,51.96907017761211
2025-10-16 09:43:45.950758,42.45,31.1,274.3,81.09,52.13153686290178
2025-10-16 09:43:46.950757,14.18,66.19,237.5,123.92,52.46626994561332
2025-10-16 09:43:47.950757,49.02,47.06,270.17,34.87,51.933761860186074
2025-10-16 09:43:48.950756,71.96,47.3,285.75,105.24,52.27008394512212
2025-10-16 09:43:49.950756,32.94,62.1,180.14,83.04,52.328066571409906
2025-10-16 09:43:50.950755,25.51,41.39,70.15,49.99,52.26791854522139
2025-10-16 09:43:51.950755,77.79,43.06,240.41,107.32,52.333257111571854
2025-10-16 09:43:52.950754,35.34,29.36,219.36,81.06,52.201757918376316
2025-10-16 09:43:53.950754,90.05,22.07,74.78,36.89,52.157744919862544
2025-10-16 09:43:54.950754,80.92,92.59,255.83,132.79,52.53793269753093
2025-10-16 09:43:55.950753,53.87,73.84,95.74,61.08,52.35284650585522
2025-10-16 09:43:56.950753,87.57,76.52,101.76,126.97,52.68403045303485
2025-10-16 09:43:57.950752,67.58,86.57,271.14,131.29,52.498077013932956
2025-10-16 09:43:58.950752,78.8,65.7,132.06,44.14,52.20238666338293
2025-10-16 09:43:59.950751,69.02,34.05,134.08,133.46,52.5910200306335
2025-10-16 09:44:00.950751,68.77,39.69,135.35,74.56,52.30165558107246
2025-10-16 09:44:01.950750,33.51,36.44,243.28,45.6,52.00362431639147
2025-10-16 09:44:02.950750,71.44,91.82,243.34,109.67,52.435986846460686
2025-10-16 09:44:03.950749,10.61,51.05,170.09,128.43,52.55021043219506
2025-10-16 09:44:04.950749,88.32,67.21,205.56,14.13,51.9545020312075
2025-10-16 09:44:05.950749,73.43,31.45,261.31,109.51,52.293742877214974
2025-10-16 09:44:06.950748,48.51,43.92,237.91,20.39,51.8975551756884
2025-10-16 09:44:07.950748,73.28,33.87,68.05,112.31,52.57208324435857
2025-10-16 09:44:08.950747,59.77,60.79,187.47,113.62,52.47071937719451
2025-10-16 09:44:09.950747,59.87,86.59,200.52,124.93,52.56067500520187
2025-10-16 09:44:10.950746,76.06,69.65,162.13,51.81,52.20858104351021
2025-10-16 09:44:11.950746,87.92,83.73,282.87,10.12,51.86248781406057
2025-10-16 09:44:12.950745,18.52,92.86,227.66,43.14,52.12175479794701
2025-10-16 09:44:13.950745,29.0,75.16,240.53,64.96,52.18070932916675
2025-10-16 09:44:14.950744,19.75,21.92,70.01,101.64,52.492135031839204
2025-10-16 09:44:15.950744,62.64,91.57,241.08,139.68,52.590683652890505
2025-10-16 09:44:16.950743,64.86,22.9,154.82,52.1,52.129021628514245
2025-10-16 09:44:17.950743,29.3,69.76,254.0,38.69,52.018946303542315
2025-10-16 09:44:18.950743,54.32,43.59,228.56,26.98,51.94287670019426
2025-10-16 09:44:19.950742,47.25,39.7,286.3,144.67,52.45448495275827
2025-10-16 09:44:20.950742,12.93,78.88,197.04,66.5,52.254128799581295
2025-10-16 09:44:21.950741,46.52,79.69,251.1,108.75,52.39733448452049
2025-10-16 09:44:22.950741,39.97,46.87,245.9,119.65,52.395802779000235
2025-10-16 09:44:23.950740,32.65,45.27,192.08,141.59,52.57617873795082
2025-10-16 09:44:24.950740,50.0,38.36,155.13,27.95,52.03620795861545
2025-10-16 09:44:25.950739,62.0,97.02,267.92,60.34,52.162994118134804
2025-10-16 09:44:26.950739,28.09,70.79,107.08,44.47,52.247484884096764
2025-10-16 09:44:27.950738,31.64,30.24,145.68,37.83,52.08320654091861
2025-10-16 09:44:28.950738,37.81,49.22,91.97,52.5,52.266566782042275
2025-10-16 09:44:29.950738,22.64,81.35,201.7,136.53,52.607719933727324
2025-10-16 09:44:30.950737,49.48,93.86,172.68,43.43,52.19897620466293
2025-10-16 09:44:31.950737,11.5,25.85,232.26,116.98,52.35973174307554
2025-10-16 09:44:32.950736,58.0,67.0,90.3,79.27,52.439080246558355
2025-10-16 09:44:33.950736,16.85,51.93,295.55,149.64,52.49102976291569
2025-10-16 09:44:34.950735,93.15,31.96,289.39,111.45,52.26687353358941
2025-10-16 09:44:35.950735,82.97,55.43,221.43,62.07,52.15335937530652
2025-10-16 09:44:36.950734,13.27,25.03,74.11,129.08,52.63179316214388
2025-10-16 09:44:37.950734,32.19,72.99,287.35,112.21,52.35319338497298
2025-10-16 09:44:38.950733,80.66,24.61,202.45,101.95,52.32113960633406
2025-10-16 09:44:39.950733,94.06,56.21,165.01,10.57,51.9695146381834
2025-10-16 09:44:40.950732,81.55,37.05,237.8,48.07,52.02468901157253
2025-10-16 09:44:41.950732,42.8,59.67,156.28,30.03,52.086618466823246
2025-10-16 09:44:42.950732,62.8,73.05,123.97,30.02,52.15594192360929
2025-10-16 09:44:43.950731,86.18,59.32,204.76,87.95,52.31450679018879
2025-10-16 09:44:44.950731,61.68,48.24,241.4,134.48,52.47969303749994
2025-10-16 09:44:45.950730,54.19,80.53,173.31,110.05,52.50998692510413
2025-10-16 09:44:46.950730,63.71,54.2,203.64,62.17,52.175358478986205
2025-10-16 09:44:47.950729,31.63,46.9,133.17,116.91,52.53330397066413
2025-10-16 09:44:48.950729,74.36,44.65,185.32,26.81,52.002122152482244
2025-10-16 09:44:49.950728,90.3,55.93,261.0,114.46,52.36682390512847
2025-10-16 09:44:50.950728,84.63,90.82,99.15,90.07,52.52824103502541
2025-10-16 09:44:51.950727,68.73,22.36,166.67,77.31,52.23987725857811
2025-10-16 09:44:52.950727,15.05,98.81,240.27,115.9,52.48527657813085
2025-10-16 09:44:53.950726,12.49,34.22,137.13,132.43,52.58203386313446
2025-10-16 09:44:54.950726,82.01,51.19,192.31,85.28,52.30188564781552
2025-10-16 09:44:55.950726,10.91,96.91,285.05,135.91,52.52291894203798
2025-10-16 09:44:56.950725,83.87,21.36,292.81,149.08,52.4324663309352
2025-10-16 09:44:57.950725,42.39,43.18,299.28,149.09,52.46623125489574
2025-10-16 09:44:58.950724,63.33,48.5,275.69,90.06,52.20895923490088
2025-10-16 09:44:59.950724,48.33,38.98,102.27,14.06,52.03795333057098
2025-10-16 09:45:00.950723,24.94,38.83,221.58,124.7,52.43843129072388
2025-10-16 09:45:01.950723,59.85,32.47,194.68,83.84,52.255027268327375
2025-10-16 09:45:02.950722,18.71,46.58,225.15,29.9,51.968068726216934
2025-10-16 09:45:03.950722,19.18,30.28,92.48,75.48,52.34558560380597
2025-10-16 09:45:04.950721,29.34,83.32,232.71,34.99,52.05511767033212
2025-10-16 09:45:05.950721,18.66,33.32,217.71,10.43,51.85357860497267
2025-10-16 09:45:06.950721,77.15,44.89,296.36,10.07,51.76865208314904
2025-10-16 09:45:07.950720,91.54,57.78,236.0,19.69,51.92350258627297
2025-10-16 09:45:08.950720,68.06,34.4,186.17,72.82,52.214331187151714
2025-10-16 09:45:09.950719,85.97,66.14,285.81,65.17,52.103460472225066
2025-10-16 09:45:10.950719,64.15,45.28,62.63,116.3,52.6217598823735
2025-10-16 09:45:11.950718,91.66,62.56,231.72,99.59,52.34362417521455
2025-10-16 09:45:12.950718,49.0,75.03,289.24,131.47,52.45226710095923
2025-10-16 09:45:13.950717,70.53,89.66,97.53,52.43,52.33732949371056
2025-10-16 09:45:14.950717,73.09,85.89,167.04,135.25,52.65658174909745
2025-10-16 09:45:15.950716,44.74,62.59,158.12,136.23,52.62824917718815
2025-10-16 09:45:16.950716,52.16,61.62,158.79,64.14,52.259973467989646
2025-10-16 09:45:17.950716,57.76,37.92,113.76,126.82,52.59215434088689
2025-10-16 09:45:18.950715,68.25,46.7,115.67,144.75,52.697555137480066
2025-10-16 09:45:19.950715,78.59,45.23,54.19,62.6,52.360737664256966
2025-10-16 09:45:20.950714,51.72,57.13,188.12,65.54,52.21897246701681
2025-10-16 09:45:21.950714,29.04,39.98,172.15,55.11,52.15420672260067
2025-10-16 09:45:22.950712,94.49,36.95,191.85,72.36,52.209328969726016
2025-10-16 09:45:23.950712,32.35,69.69,298.36,58.48,52.059593105733974
2025-10-16 09:45:24.950711,20.27,44.33,90.32,13.01,52.05906813075763
2025-10-16 09:45:25.950711,52.68,20.11,88.22,74.66,52.32738510249961
2025-10-16 09:45:26.950710,72.31,32.95,75.87,78.62,52.388991555988405
2025-10-16 09:45:27.950710,71.98,75.51,186.44,137.4,52.62126848831915
2025-10-16 09:45:28.950709,83.58,63.66,88.54,100.21,52.54111716137276
2025-10-16 09:45:29.950709,51.59,94.1,262.88,148.79,52.61252150970712
2025-10-16 09:45:30.950709,28.98,22.26,111.52,71.58,52.28466840885127
2025-10-16 09:45:31.950708,41.9,77.8,292.02,102.26,52.305824943982486
2025-10-16 09:45:32.950708,22.36,64.41,267.33,45.69,52.02614501610216
2025-10-16 09:45:33.950707,34.07,61.96,62.29,66.86,52.403970888664624
2025-10-16 09:45:34.950707,84.38,24.7,238.43,82.66,52.17521411365451
2025-10-16 09:45:35.950706,39.95,21.32,154.34,43.95,52.085275857102374
2025-10-16 09:45:36.950706,38.29,60.49,288.92,72.48,52.125367763923705
2025-10-16 09:45:37.950705,25.05,70.65,264.93,62.06,52.124487041216625
2025-10-16 09:45:38.950705,72.44,66.28,65.08,130.95,52.73355186759894
2025-10-16 09:45:39.950704,34.85,94.04,170.41,145.77,52.72123017658665
2025-10-16 09:45:40.950704,53.72,35.17,222.08,54.81,52.07631053188431
2025-10-16 09:45:41.950704,30.07,45.98,194.17,65.53,52.18913363724453
2025-10-16 09:45:42.950703,75.38,47.76,279.44,33.73,51.91689783245483
2025-10-16 09:45:43.950703,27.45,84.07,104.22,147.75,52.80075211341897
2025-10-16 09:45:44.950702,31.45,95.75,75.06,111.5,52.67880913233364
2025-10-16 09:45:45.950702,93.55,88.33,74.02,126.35,52.741075479187664
2025-10-16 09:45:46.950701,16.15,27.97,188.75,140.38,52.54089770976014
2025-10-16 09:45:47.950701,47.4,27.53,176.16,14.1,51.91671316629264
2025-10-16 09:45:48.950700,63.56,83.07,286.85,14.89,51.88004594467985
2025-10-16 09:45:49.950700,41.96,43.58,200.56,27.46,51.98287946613042
2025-10-16 09:45:50.950699,91.18,27.23,92.76,115.79,52.543652018880515
2025-10-16 09:45:51.950699,17.01,73.91,89.45,68.51,52.39909613933079
2025-10-16 09:45:52.950698,45.34,91.97,79.56,24.08,52.22220948176623
2025-10-16 09:45:53.950698,79.59,96.45,77.27,50.61,52.36849437386265
2025-10-16 09:45:54.950698,10.06,50.1,114.22,141.98,52.69206474453976
2025-10-16 09:45:55.950697,49.84,37.88,67.16,13.46,52.07990734616744
2025-10-16 09:45:56.950697,29.77,79.57,259.15,48.07,52.07865110129655
2025-10-16 09:45:57.950696,26.15,89.16,290.36,76.05,52.197244862058376
2025-10-16 09:45:58.950696,61.14,48.48,146.39,54.67,52.20307440375616
2025-10-16 09:45:59.950695,31.87,96.1,78.33,18.14,52.201770576448695
2025-10-16 09:46:00.950695,48.74,54.53,176.32,117.2,52.491673843752594
2025-10-16 09:46:01.950694,58.04,62.95,287.19,51.04,52.02377105127261
2025-10-16 09:46:02.950694,18.79,24.22,149.22,69.31,52.22635786299497
2025-10-16 09:46:03.950693,83.04,38.59,233.55,55.51,52.071107198251994
2025-10-16 09:46:04.950693,39.68,80.5,249.16,86.02,52.2862732503751
2025-10-16 09:46:05.950692,86.01,51.58,274.61,100.86,52.271149298795144
2025-10-16 09:46:06.950692,15.42,97.13,118.25,111.9,52.625538212106406
2025-10-16 09:46:07.950691,11.98,55.94,70.67,105.02,52.574491893089544
2025-10-16 09:46:08.950691,71.05,81.4,138.36,149.97,52.760987829171555
2025-10-16 09:46:09.950690,27.81,47.12,118.19,81.31,52.37335180615089
2025-10-16 09:46:10.950690,25.3,74.51,192.98,51.29,52.173973850040795
2025-10-16 09:46:11.950690,56.51,23.42,122.82,35.84,52.090553415553856
2025-10-16 09:46:12.950689,56.43,71.05,173.6,142.25,52.65442820969169
2025-10-16 09:46:13.950689,54.22,64.39,135.33,105.32,52.50562973891744
2025-10-16 09:46:14.950688,57.87,87.29,218.79,30.98,52.061188531364046
2025-10-16 09:46:15.950688,61.4,62.73,95.39,63.96,52.346329193040035
2025-10-16 09:46:16.950687,21.06,88.24,108.28,51.05,52.313142342688764
2025-10-16 09:46:17.950687,50.33,41.33,116.56,35.6,52.13254247953295
2025-10-16 09:46:18.950686,94.4,91.43,281.14,98.18,52.3262308424995
2025-10-16 09:46:19.950686,16.55,67.6,265.7,42.44,52.01805463213971
2025-10-16 09:46:20.950685,39.9,31.9,189.55,123.19,52.460308260847704
2025-10-16 09:46:21.950685,70.26,40.24,264.95,12.3,51.813088697766446
2025-10-16 09:46:22.950684,38.86,54.63,63.83,51.04,52.30745378307375
2025-10-16 09:46:23.950684,22.28,26.05,223.74,59.49,52.0800876703806
2025-10-16 09:46:24.950683,58.04,26.07,97.12,128.96,52.60231586363653
2025-10-16 09:46:25.950683,61.6,78.57,214.72,70.13,52.248195736067174
2025-10-16 09:46:26.950682,84.34,80.32,151.37,117.17,52.575130152582645
2025-10-16 09:46:27.950682,55.12,31.36,285.77,27.99,51.847430784433485
2025-10-16 09:46:28.950682,87.26,87.83,299.09,104.27,52.32601433355407
2025-10-16 09:46:29.950681,86.13,87.76,70.69,12.88,52.169153055700015
2025-10-16 09:46:30.950681,16.01,45.76,234.87,146.06,52.54235000350326
2025-10-16 09:46:31.950680,19.97,29.46,53.3,69.78,52.36769082873181
2025-10-16 09:46:32.950680,16.17,44.18,102.88,125.23,52.61086323625449
2025-10-16 09:46:33.950679,10.16,49.05,71.5,54.91,52.30593495348325
2025-10-16 09:46:34.950679,43.24,75.41,141.35,140.98,52.699755647389566
2025-10-16 09:46:35.950678,33.98,25.27,62.98,50.45,52.248552251508265
2025-10-16 09:46:36.950678,60.08,70.93,244.04,59.47,52.139943806968844
2025-10-16 09:46:37.950677,23.92,97.21,59.83,110.69,52.697985039817105
2025-10-16 09:46:38.950677,59.0,41.6,67.04,81.38,52.431646797573094
2025-10-16 09:46:39.950676,28.47,28.61,297.53,58.31,51.980020190512555
2025-10-16 09:46:40.950676,41.65,49.08,84.54,99.63,52.51521504419469
2025-10-16 09:46:41.950676,31.2,38.62,274.95,46.4,51.969400938235964
2025-10-16 09:46:42.950675,93.34,62.54,217.6,139.27,52.56371562182366
2025-10-16 09:46:43.950675,75.84,70.86,239.87,116.04,52.43221185804457
2025-10-16 09:46:44.950674,13.87,29.54,74.69,103.85,52.51186383571572
2025-10-16 09:46:45.950674,83.2,73.29,200.94,148.79,52.65523564419999
2025-10-16 09:46:46.950673,59.7,68.09,131.08,94.15,52.46189373024558
2025-10-16 09:46:47.950673,64.92,52.43,164.28,77.83,52.30415308429872
2025-10-16 09:46:48.950672,31.6,23.32,66.1,76.91,52.374725030344095
2025-10-16 09:46:49.950672,46.36,72.65,244.53,148.52,52.594105693705366
2025-10-16 09:46:50.950672,83.47,63.93,230.89,78.33,52.239613793355744
2025-10-16 09:46:51.950671,30.76,23.62,225.27,86.87,52.21212656414681
2025-10-16 09:46:52.950671,54.41,69.61,70.2,115.08,52.65268944059553
2025-10-16 09:46:53.950670,27.37,79.09,119.99,138.46,52.722805024945124
2025-10-16 09:46:54.950670,91.31,40.69,245.65,40.81,51.98441618887881
2025-10-16 09:46:55.950669,72.84,47.75,251.56,23.35,51.901680043038155
2025-10-16 09:46:56.950669,32.93,64.23,162.64,117.14,52.52858308926268
2025-10-16 09:46:57.950668,72.46,86.47,243.74,58.21,52.16415522836717
2025-10-16 09:46:58.950668,54.72,79.59,112.02,103.4,52.55672412811686
2025-10-16 09:46:59.950667,13.05,54.44,245.17,72.43,52.172090347510064
2025-10-16 09:47:00.950667,86.88,75.69,195.63,79.16,52.31400829469082
2025-10-16 09:47:01.950666,28.21,37.51,156.53,55.4,52.17184646861337
2025-10-16 09:47:02.950666,26.18,56.38,183.3,40.72,52.09814999512769
2025-10-16 09:47:03.950666,69.48,90.1,106.62,102.73,52.58099918467585
2025-10-16 09:47:04.950665,22.64,67.96,50.15,87.81,52.53814231588539
2025-10-16 09:47:05.950665,84.28,58.8,218.1,107.26,52.39348843282511
2025-10-16 09:47:06.950664,48.45,49.75,162.82,144.85,52.6406922186802
2025-10-16 09:47:07.950664,87.05,60.23,100.79,120.07,52.61869592507685
2025-10-16 09:47:08.950663,18.56,89.23,294.05,68.63,52.154808343957924
2025-10-16 09:47:09.950663,58.12,35.82,162.52,58.11,52.17426075166974
2025-10-16 09:47:10.950662,18.79,95.22,198.03,130.06,52.60679598239146
2025-10-16 09:47:11.950662,87.01,53.96,297.33,36.99,51.921456990345476
2025-10-16 09:47:12.950661,43.98,73.88,165.09,18.13,52.042071671848795
2025-10-16 09:47:13.950661,83.29,95.25,256.69,120.25,52.47837006434776
2025-10-16 09:47:14.950661,27.85,41.0,84.37,61.98,52.30885954045309
2025-10-16 09:47:15.950660,72.9,46.2,125.11,42.86,52.16733544756313
2025-10-16 09:47:16.950660,32.84,30.34,76.26,25.99,52.11656581696458
2025-10-16 09:47:17.950659,20.52,41.14,82.21,38.94,52.19522004538282
2025-10-16 09:47:18.950659,12.37,80.98,221.26,149.73,52.64766572119782
2025-10-16 09:47:19.950658,18.62,74.02,99.88,110.94,52.600425336428216
2025-10-16 09:47:20.950658,72.81,68.47,298.42,149.98,52.521040671591905
2025-10-16 09:47:21.950657,20.05,38.46,69.68,64.24,52.335102551323985
2025-10-16 09:47:22.950657,45.92,41.89,215.25,22.74,51.93594483023083
2025-10-16 09:47:23.950656,50.91,40.34,154.36,20.36,52.00260833104647
2025-10-16 09:47:24.950656,45.5,66.58,76.03,64.87,52.384413873329024
2025-10-16 09:47:25.950655,49.04,21.65,97.28,138.68,52.642792016313294
2025-10-16 09:47:26.950655,73.88,96.84,217.55,28.94,52.07106774522177
2025-10-16 09:47:27.950655,11.26,35.92,275.14,41.26,51.93783987386612
2025-10-16 09:47:28.950654,78.41,64.02,183.81,116.14,52.494685403049324
2025-10-16 09:47:29.950654,54.25,28.01,249.69,116.17,52.336423414507266
2025-10-16 09:47:30.950653,49.66,85.36,195.01,10.98,51.98796306813193
2025-10-16 09:47:31.950653,90.25,47.58,230.16,39.1,52.00992958649927
2025-10-16 09:47:32.950652,27.05,22.61,65.71,38.63,52.179791942458756
2025-10-16 09:47:33.950652,11.76,28.08,61.84,140.24,52.71077213415601
2025-10-16 09:47:34.950651,47.33,75.22,123.1,48.06,52.25278809915667
2025-10-16 09:47:35.950651,10.46,35.74,147.33,148.86,52.65459345681628
2025-10-16 09:47:36.950650,35.86,54.28,269.96,73.31,52.142961618796775
2025-10-16 09:47:37.950650,70.24,35.14,231.76,69.35,52.13697412132777
2025-10-16 09:47:38.950650,45.74,66.7,249.02,105.78,52.35982735786711
2025-10-16 09:47:39.950649,11.91,82.35,170.34,94.45,52.438419628243416
2025-10-16 09:47:40.950649,82.39,93.79,299.63,24.43,51.932087310908805
2025-10-16 09:47:41.950648,62.38,31.94,147.78,86.98,52.33287793238532
2025-10-16 09:47:42.950648,62.26,62.44,159.7,65.95,52.269521810535046
2025-10-16 09:47:43.950647,17.1,85.31,112.99,110.56,52.60283757327818
2025-10-16 09:47:44.950647,55.51,79.43,150.07,43.3,52.200630046384774
2025-10-16 09:47:45.950646,62.71,32.34,64.45,138.26,52.705507758887734
2025-10-16 09:47:46.950646,20.39,82.92,135.38,142.68,52.73098214170063
2025-10-16 09:47:47.950645,36.15,47.77,171.44,85.35,52.32361186922206
2025-10-16 09:47:48.950645,50.5,77.64,129.57,148.78,52.759448450786174
2025-10-16 09:47:49.950644,55.99,78.63,92.48,81.7,52.47107265901546
2025-10-16 09:47:50.950644,88.04,66.77,151.33,132.08,52.624446636410745
2025-10-16 09:47:51.950644,65.43,71.3,253.21,78.59,52.22528960131663
2025-10-16 09:47:52.950643,93.85,33.41,296.49,41.86,51.907343155708034
2025-10-16 09:47:53.950643,37.53,50.03,52.12,147.61,52.80383865201225
2025-10-16 09:47:54.950642,76.83,28.99,236.01,62.54,52.08479199631755
2025-10-16 09:47:55.950642,40.11,67.2,80.44,79.41,52.453415237896024
2025-10-16 09:47:56.950641,15.73,26.58,197.6,24.22,51.93739271894939
2025-10-16 09:47:57.950641,47.62,56.28,175.46,70.7,52.26047705553362
2025-10-16 09:47:58.950640,44.9,49.54,280.93,35.38,51.92672180366246
2025-10-16 09:47:59.950640,28.61,59.31,295.84,66.35,52.08270638352057
2025-10-16 09:48:00.950639,32.39,96.88,111.21,51.59,52.32873567892878
2025-10-16 09:48:01.950639,13.99,56.46,121.91,109.27,52.52826235696045
2025-10-16 09:48:02.950638,53.85,66.45,276.07,74.97,52.16682366055418
2025-10-16 09:48:03.950638,43.36,83.7,282.54,37.78,52.00310684629974
2025-10-16 09:48:04.950638,59.62,40.95,227.86,115.11,52.38549956233959
2025-10-16 09:48:05.950637,89.27,98.73,169.51,44.02,52.215686253097076
2025-10-16 09:48:06.950637,87.41,50.68,257.6,127.51,52.42734922930182
2025-10-16 09:48:07.950636,17.05,96.08,146.67,118.19,52.61723530016238
2025-10-16 09:48:08.950636,68.39,57.25,214.96,139.38,52.55753803680775
2025-10-16 09:48:09.950635,69.36,27.09,119.21,21.16,52.02810448198511
2025-10-16 09:48:10.950635,84.42,27.45,113.53,139.41,52.635948599666335
2025-10-16 09:48:11.950634,74.73,61.28,296.62,147.37,52.496253197214834
2025-10-16 09:48:12.950634,40.9,20.54,91.83,107.57,52.490225876720025
2025-10-16 09:48:13.950633,85.78,71.94,226.96,65.78,52.19682673987551
2025-10-16 09:48:14.950633,49.87,37.26,102.56,49.77,52.21526904490204
2025-10-16 09:48:15.950633,40.63,48.55,188.76,30.93,52.02597058807389
2025-10-16 09:48:16.950632,53.62,71.8,143.07,39.71,52.17699979123192
2025-10-16 09:48:17.950632,76.09,70.16,187.77,142.57,52.63529863833319
2025-10-16 09:48:18.950631,64.22,38.2,242.01,84.72,52.20708494027586
2025-10-16 09:48:19.950631,72.6,37.99,125.33,101.78,52.44980710691487
2025-10-16 09:48:20.950630,35.38,81.36,172.02,106.34,52.49452206719762
2025-10-16 09:48:21.950630,57.08,73.28,239.63,56.21,52.13390247821113
2025-10-16 09:48:22.950629,39.37,41.11,219.1,61.26,52.12455450364259
2025-10-16 09:48:23.950629,74.34,93.26,168.42,16.11,52.06501860514409
2025-10-16 09:48:24.950628,48.4,44.26,151.08,137.18,52.606898234538825
2025-10-16 09:48:25.950628,25.34,22.59,204.79,37.43,51.986961064515846
2025-10-16 09:48:26.950628,69.14,50.77,235.91,111.36,52.37476247682012
2025-10-16 09:48:27.950627,28.85,35.87,78.52,118.64,52.59400678302696
2025-10-16 09:48:28.950627,52.68,63.12,85.91,83.87,52.46075580961565
2025-10-16 09:48:29.950626,14.42,42.4,242.24,139.38,52.49205995554804
2025-10-16 09:48:30.950626,58.38,33.97,275.43,14.21,51.79651972940179
2025-10-16 09:48:31.950625,57.95,32.2,260.6,86.65,52.18025474712154
2025-10-16 09:48:32.950625,28.36,58.2,85.07,69.2,52.377947189536194
2025-10-16 09:48:33.950624,59.73,56.66,285.9,113.09,52.32786957763906
2025-10-16 09:48:34.950624,15.68,43.6,193.67,52.97,52.12150178201774
2025-10-16 09:48:35.950623,49.89,86.41,174.22,135.52,52.64932227831726
2025-10-16 09:48:36.950623,63.08,34.27,173.37,40.36,52.06669195756129
2025-10-16 09:48:37.950622,17.55,86.38,123.42,87.82,52.4756247431212
2025-10-16 09:48:38.950622,12.63,34.25,119.11,97.85,52.43096487896881
2025-10-16 09:48:39.950622,66.95,65.53,67.81,79.61,52.468139294138
2025-10-16 09:48:40.950621,26.26,78.94,108.08,12.06,52.09766274105969
2025-10-16 09:48:41.950621,20.11,80.35,89.7,144.02,52.794105079155266
2025-10-16 09:48:42.950620,66.28,51.3,176.65,65.25,52.221571442586296
2025-10-16 09:48:43.950620,15.73,56.28,95.43,84.62,52.43848686855342
2025-10-16 09:48:44.950619,11.35,46.69,149.28,139.9,52.627826754941665
2025-10-16 09:48:45.950619,64.34,36.07,282.54,139.64,52.42697711824972
2025-10-16 09:48:46.950618,63.25,22.49,228.54,48.28,52.00989229665641
2025-10-16 09:48:47.950618,58.6,22.31,190.59,14.33,51.88836435479515
2025-10-16 09:48:48.950617,52.01,47.58,79.04,31.27,52.173103226415435
2025-10-16 09:48:49.950617,87.37,36.14,121.93,18.01,52.02606838205184
2025-10-16 09:48:50.950617,39.94,35.7,131.15,103.15,52.444489998183734
2025-10-16 09:48:51.950616,72.97,74.91,181.6,125.26,52.56505107777204
2025-10-16 09:48:52.950616,82.05,85.66,248.28,80.05,52.26721385024798
2025-10-16 09:48:53.950615,47.07,36.09,50.56,42.16,52.24422081449392
2025-10-16 09:48:54.950615,42.31,52.01,82.46,109.37,52.573081956371325
2025-10-16 09:48:55.950614,28.77,51.35,218.7,102.79,52.355543779213995
2025-10-16 09:48:56.950614,28.96,60.8,68.57,82.91,52.47465863142766
2025-10-16 09:48:57.950613,80.91,74.58,291.01,119.52,52.38843085075277
2025-10-16 09:48:58.950613,74.32,42.07,108.49,66.57,52.30182979581921
2025-10-16 09:48:59.950612,15.95,53.55,206.3,28.43,51.99946499642451
2025-10-16 09:49:00.950612,34.62,73.27,164.3,37.66,52.14096264834025
2025-10-16 09:49:01.950611,51.08,37.63,286.32,92.64,52.18664718948279
2025-10-16 09:49:02.950611,26.62,93.36,216.05,116.26,52.5090256638546
2025-10-16 09:49:03.950611,47.76,53.84,148.93,97.02,52.4247915670629
2025-10-16 09:49:04.950610,39.71,26.17,205.95,134.1,52.48247067950642
2025-10-16 09:49:05.950610,34.52,57.46,245.0,80.41,52.2186449827955
2025-10-16 09:49:06.950609,69.0,40.79,133.61,126.73,52.57062727961738
2025-10-16 09:49:07.950609,92.8,72.97,133.3,21.69,52.10102886841361
2025-10-16 09:49:08.950608,79.63,26.48,220.12,93.81,52.259782969993395
2025-10-16 09:49:09.950608,91.18,39.7,146.51,54.9,52.187018396093556
2025-10-16 09:49:10.950607,27.62,38.67,228.71,149.29,52.55321833516153
2025-10-16 09:49:11.950607,66.13,72.86,205.66,84.45,52.32186429057928
2025-10-16 09:49:12.950606,44.11,52.92,236.58,30.88,51.97001271643543
2025-10-16 09:49:13.950606,35.57,52.96,181.06,30.78,52.04411633386093
2025-10-16 09:49:14.950605,11.86,70.74,62.98,44.79,52.30821219666905
2025-10-16 09:49:15.950605,65.88,20.85,134.92,98.5,52.38699775815008
2025-10-16 09:49:16.950605,87.57,38.92,115.89,97.89,52.44456495416274
2025-10-16 09:49:17.950604,55.21,59.91,88.79,31.3,52.18412566369233
2025-10-16 09:49:18.950604,63.27,44.85,101.93,145.04,52.71387583841043
2025-10-16 09:49:19.950603,45.26,26.41,180.47,134.07,52.516990594925616
2025-10-16 09:49:20.950603,42.49,35.23,220.6,123.24,52.425349394335775
2025-10-16 09:49:21.950602,63.18,55.71,192.01,119.89,52.486541839243074
2025-10-16 09:49:22.950602,20.74,62.81,64.53,87.89,52.509236158769255
2025-10-16 09:49:23.950601,15.26,46.4,86.39,104.39,52.53165670088182
2025-10-16 09:49:24.950601,49.17,39.65,193.24,63.18,52.16616753554029
2025-10-16 09:49:25.950600,33.65,96.88,193.41,122.86,52.57972025181634
2025-10-16 09:49:26.950600,52.71,59.35,266.98,17.23,51.87249218984374
2025-10-16 09:49:27.950599,27.85,30.23,111.13,52.31,52.20298140904842
2025-10-16 09:49:28.950599,46.92,26.15,267.1,94.55,52.19982512310314
2025-10-16 09:49:29.950598,45.69,80.52,55.47,47.76,52.35235586617428
2025-10-16 09:49:30.950598,74.55,63.98,137.62,141.09,52.68311029452684
2025-10-16 09:49:31.950597,34.31,33.93,57.41,119.19,52.62136464578822
2025-10-16 09:49:32.950597,32.21,33.74,135.93,39.23,52.11019442487585
2025-10-16 09:49:33.950596,43.13,68.88,258.02,136.13,52.50585383549547
2025-10-16 09:49:34.950596,19.21,28.85,248.05,149.76,52.51055630871991
2025-10-16 09:49:35.950595,47.47,61.39,60.56,105.08,52.59895852438265
2025-10-16 09:49:36.950595,48.35,92.85,181.76,140.22,52.67554286678127
2025-10-16 09:49:37.950594,38.42,45.09,165.78,138.06,52.593238571612105
2025-10-16 09:49:38.950594,92.04,91.0,265.64,18.58,51.94263668782048
2025-10-16 09:49:39.950593,60.42,20.3,140.61,53.05,52.1478620620196
2025-10-16 09:49:40.950593,45.43,22.98,74.45,39.87,52.17506460709976
2025-10-16 09:49:41.950593,75.08,93.41,71.81,53.71,52.38563372109582
2025-10-16 09:49:42.950592,42.99,53.26,99.31,50.59,52.25488001187185
2025-10-16 09:49:43.950592,11.69,52.55,125.47,81.52,52.37519483963173
2025-10-16 09:49:44.950591,72.31,47.54,117.22,29.97,52.11517980596143
2025-10-16 09:49:45.950591,18.81,28.38,181.19,28.18,51.98299697067304
2025-10-16 09:49:46.950590,79.85,73.82,249.87,109.24,52.39006358132404
2025-10-16 09:49:47.950590,61.93,74.0,135.55,55.84,52.27314799137719
2025-10-16 09:49:48.950589,51.22,60.9,293.1,69.36,52.10473482873211
2025-10-16 09:49:49.950589,63.67,42.63,253.02,88.56,52.22038131824147
2025-10-16 09:49:50.950588,17.89,84.29,215.61,101.64,52.41786942084942
2025-10-16 09:49:51.950588,51.93,97.39,246.9,61.88,52.19973910651876
2025-10-16 09:49:52.950587,29.23,71.36,255.56,56.31,52.10929334688952
2025-10-16 09:49:53.950587,88.0,54.35,271.31,38.27,51.96363491513921
2025-10-16 09:49:54.950586,18.31,52.37,227.92,135.22,52.509566303494104
2025-10-16 09:49:55.950586,90.64,45.76,272.09,108.82,52.3035797076305
2025-10-16 09:49:56.950585,46.77,83.72,197.22,119.15,52.53022400041206
2025-10-16 09:49:57.950585,78.82,65.78,133.76,119.39,52.581772330773425
2025-10-16 09:49:58.950584,93.15,31.01,87.49,67.76,52.314563071081714
2025-10-16 09:49:59.950584,34.81,23.97,222.4,25.67,51.90637967013624
2025-10-16 09:50:00.950583,75.44,79.62,220.26,119.66,52.493912612037
2025-10-16 09:50:01.950583,88.08,81.27,209.6,24.36,52.02826484753453
2025-10-16 09:50:02.950582,55.91,96.05,208.23,124.87,52.568402862252206
2025-10-16 09:50:03.950582,81.12,75.12,200.49,144.07,52.63546566213991
2025-10-16 09:50:04.950581,15.49,85.95,283.82,104.17,52.34235341618663
2025-10-16 09:50:05.950581,12.63,53.16,213.39,32.76,52.01114198894843
2025-10-16 09:50:06.950580,38.85,36.77,149.64,34.4,52.073189442256634
2025-10-16 09:50:07.950580,10.93,22.87,199.57,120.23,52.414303112985266
2025-10-16 09:50:08.950580,10.95,25.81,189.94,102.53,52.34320602914894
2025-10-16 09:50:09.950579,62.86,90.24,286.6,12.73,51.883363004941074
2025-10-16 09:50:10.950578,80.89,88.06,186.51,136.36,52.64028852137325
2025-10-16 09:50:11.950578,33.33,22.62,167.66,98.6,52.34699230687874
2025-10-16 09:50:12.950577,20.87,74.01,290.69,54.92,52.060235225017635
2025-10-16 09:50:13.950577,18.59,63.16,240.51,81.82,52.24289723869175
2025-10-16 09:50:14.950576,88.8,92.03,261.75,30.17,52.008620795113984
2025-10-16 09:50:15.950576,18.61,39.54,257.7,13.3,51.826531183839215
2025-10-16 09:50:16.950575,43.3,59.83,143.73,92.04,52.41816361607425
2025-10-16 09:50:17.950575,29.71,55.89,287.44,116.57,52.34194932838455
2025-10-16 09:50:18.950574,23.22,45.54,299.03,140.02,52.42516845654303
2025-10-16 09:50:19.950574,58.67,29.12,158.27,136.82,52.5660013018197
2025-10-16 09:50:20.950573,90.35,72.46,115.08,15.17,52.091441355952114
2025-10-16 09:50:21.950573,54.76,55.35,113.93,132.64,52.6553025124715
2025-10-16 09:50:22.950572,50.97,86.45,74.07,70.48,52.45409810515353
2025-10-16 09:50:23.950572,61.91,62.19,247.34,125.46,52.45309525803534
2025-10-16 09:50:24.950572,27.55,71.66,99.85,34.47,52.20818204014128
2025-10-16 09:50:25.950571,11.33,20.54,281.6,113.33,52.264671743364985
2025-10-16 09:50:26.950571,59.62,20.05,98.43,49.62,52.186610990410834
2025-10-16 09:50:27.950570,76.75,57.66,60.52,79.37,52.46141626205577
2025-10-16 09:50:28.950570,15.44,72.36,219.25,73.69,52.248096329348265
2025-10-16 09:50:29.950569,31.88,39.49,203.21,148.2,52.58351800801817
2025-10-16 09:50:30.950569,17.26,91.54,228.69,113.08,52.472398136321615
2025-10-16 09:50:31.950568,14.64,62.31,103.19,36.77,52.19719049453698
2025-10-16 09:50:32.950568,47.31,34.65,181.33,55.86,52.1353283956357
2025-10-16 09:50:33.950567,22.89,58.38,88.74,45.13,52.2513369013775
2025-10-16 09:50:34.950567,65.46,94.91,121.67,88.56,52.49830098854668
2025-10-16 09:50:35.950566,39.98,32.49,201.29,72.87,52.19057537626702
2025-10-16 09:50:36.950566,39.5,42.54,202.41,137.33,52.5354084647808
2025-10-16 09:50:37.950565,47.11,20.44,166.84,83.3,52.26628705560181
2025-10-16 09:50:38.950565,22.2,64.65,256.78,98.24,52.30719916001473
2025-10-16 09:50:39.950564,22.26,39.33,130.62,117.43,52.52465381857417
2025-10-16 09:50:40.950564,44.2,63.33,57.6,85.39,52.50687496116848
2025-10-16 09:50:41.950563,89.4,73.07,99.19,33.99,52.209374354632736
2025-10-16 09:50:42.950563,86.06,97.34,139.72,30.71,52.185496075420026
2025-10-16 09:50:43.950562,37.5,23.38,102.51,142.65,52.6592603043547
2025-10-16 09:50:44.950562,76.64,67.0,67.67,32.46,52.23213639886597
2025-10-16 09:50:45.950561,45.06,97.06,174.5,28.16,52.12533321382225
2025-10-16 09:50:46.950561,81.63,84.42,110.01,104.88,52.576311446111625
2025-10-16 09:50:47.950560,86.75,46.24,128.75,29.2,52.09327138152585
2025-10-16 09:50:48.950560,17.59,22.56,217.33,13.98,51.85117852822779
2025-10-16 09:50:49.950559,92.9,97.91,257.6,66.82,52.211430790248116
2025-10-16 09:50:50.950559,54.26,48.2,197.41,94.41,52.33551755973773
2025-10-16 09:50:51.950559,66.73,43.03,71.24,52.65,52.28312808490708
2025-10-16 09:50:52.950558,80.53,60.37,76.64,119.1,52.646470327900246
2025-10-16 09:50:53.950558,13.31,70.79,288.05,45.24,52.00844535970516
2025-10-16 09:50:54.950557,55.61,59.8,66.0,134.34,52.736912166012225
2025-10-16 09:50:55.950557,75.47,94.44,292.53,67.6,52.16175073476952
2025-10-16 09:50:56.950556,69.93,76.73,219.94,45.49,52.112689592095954
2025-10-16 09:50:57.950556,79.94,94.84,111.62,78.14,52.45882790912572
2025-10-16 09:50:58.950555,94.5,72.92,256.61,10.38,51.878053136782704
2025-10-16 09:50:59.950555,73.41,43.04,155.46,134.71,52.5861249042579
2025-10-16 09:51:00.950554,49.07,65.81,159.79,138.35,52.64301253433518
2025-10-16 09:51:01.950554,54.74,71.09,99.48,99.46,52.5370660212984
2025-10-16 09:51:02.950552,93.25,43.33,210.64,91.28,52.2924248262247
2025-10-16 09:51:03.950552,50.21,67.82,157.76,19.16,52.045358281958904
2025-10-16 09:51:04.950551,87.38,74.34,137.19,40.14,52.19200911609026
2025-10-16 09:51:05.950551,27.95,30.73,135.04,85.28,52.33901064387938
2025-10-16 09:51:06.950550,34.09,73.39,271.57,65.48,52.13823660835656
2025-10-16 09:51:07.950550,51.87,42.19,154.79,124.37,52.53294955874496
2025-10-16 09:51:08.950549,82.93,89.76,252.41,77.46,52.25650538426683
2025-10-16 09:51:09.950549,23.92,96.88,246.45,111.0,52.44838725331883
2025-10-16 09:51:10.950548,44.31,26.63,157.59,120.62,52.479942787141766
2025-10-16 09:51:11.950548,75.27,46.18,195.4,11.47,51.91379053318246
2025-10-16 09:51:12.950547,64.95,56.47,184.81,38.16,52.0833187530905
2025-10-16 09:51:13.950547,87.68,75.68,123.59,15.59,52.08840346335602
2025-10-16 09:51:14.950546,92.39,73.5,188.44,141.69,52.63642783056811
2025-10-16 09:51:15.950546,82.85,49.71,270.03,69.35,52.113910447777705
2025-10-16 09:51:16.950546,10.27,44.64,293.38,86.51,52.15971239584776
2025-10-16 09:51:17.950545,12.33,91.6,124.95,84.12,52.464955371431174
2025-10-16 09:51:18.950545,16.66,50.81,98.42,38.57,52.19037345420839
2025-10-16 09:51:19.950544,85.96,38.78,122.83,130.55,52.60056027864603
2025-10-16 09:51:20.950544,74.97,63.82,250.02,64.7,52.1446157831361
2025-10-16 09:51:21.950543,43.9,21.07,133.3,53.93,52.163633157408555
2025-10-16 09:51:22.950543,10.8,26.66,224.9,99.25,52.28129625364899
2025-10-16 09:51:23.950542,41.68,32.41,51.81,99.39,52.52554410638891
2025-10-16 09:51:24.950541,16.87,70.35,240.17,21.66,51.952317928456296
2025-10-16 09:51:25.950541,61.95,49.39,185.9,145.93,52.61448443449958
2025-10-16 09:51:26.950540,30.25,55.26,91.04,130.22,52.67358709738263
2025-10-16 09:51:27.950540,57.32,25.03,116.27,92.28,52.38862192800217
2025-10-16 09:51:28.950539,92.4,49.39,241.67,87.41,52.24292351870796
2025-10-16 09:51:29.950538,54.58,21.66,173.64,23.51,51.95639781818604
2025-10-16 09:51:30.950538,81.7,63.25,90.0,115.75,52.61714722757175
2025-10-16 09:51:31.950537,88.4,68.51,132.7,54.25,52.25824480352536
2025-10-16 09:51:32.950536,52.6,66.71,102.11,48.01,52.264176307680366
2025-10-16 09:51:33.950536,51.68,56.04,244.49,29.15,51.95668562414167
2025-10-16 09:51:34.950535,93.64,31.67,186.17,49.92,52.09292490167113
2025-10-16 09:51:35.950535,84.69,75.6,286.58,147.95,52.54049810438895
2025-10-16 09:51:36.950534,83.15,59.5,125.19,24.94,52.102218978942496
2025-10-16 09:51:37.950534,54.99,97.42,175.54,106.73,52.522981159568005
2025-10-16 09:51:38.950533,59.03,89.64,57.92,12.39,52.18746504149653
2025-10-16 09:51:39.950532,32.32,89.29,278.03,49.95,52.08172467097841
2025-10-16 09:51:40.950532,68.19,47.13,157.06,80.96,52.3194156881278
2025-10-16 09:51:41.950531,18.91,66.98,132.19,131.25,52.646341171421014
2025-10-16 09:51:42.950531,27.76,85.26,151.26,70.68,52.34917592506089
2025-10-16 09:51:43.950530,40.5,35.93,53.6,71.33,52.38771877228502
2025-10-16 09:51:44.950530,19.4,88.74,189.56,84.29,52.373524040672784
2025-10-16 09:51:45.950529,12.15,62.86,120.47,53.75,52.261149126089975
2025-10-16 09:51:46.950528,23.05,53.49,87.23,125.45,52.65107885658714
2025-10-16 09:51:47.950528,16.33,67.77,279.79,93.66,52.25915175028562
2025-10-16 09:51:48.950527,46.25,97.54,192.18,73.99,52.334886380731376
2025-10-16 09:51:49.950527,50.89,67.54,95.26,11.06,52.08765093900905
2025-10-16 09:51:50.950526,79.99,82.93,64.6,25.52,52.23202703091016
2025-10-16 09:51:51.950526,14.41,65.48,76.44,72.77,52.42177844831922
2025-10-16 09:51:52.950525,13.77,59.03,129.67,142.31,52.690349425692986
2025-10-16 09:51:53.950524,57.22,87.32,149.5,23.01,52.11385790388056
2025-10-16 09:51:54.950524,28.32,80.28,222.85,105.39,52.41937022407948
2025-10-16 09:51:55.950523,81.8,75.88,212.46,89.33,52.343345252719416
2025-10-16 09:51:56.950523,93.3,54.87,202.26,29.84,52.01460208205172
2025-10-16 09:51:57.950522,17.9,20.4,57.41,21.69,52.10075524184626
2025-10-16 09:51:58.950521,18.68,46.55,248.87,90.12,52.24147879500385
2025-10-16 09:51:59.950521,26.58,27.86,177.83,10.57,51.89721565792021
2025-10-16 09:52:00.950520,56.94,30.07,242.81,48.45,52.0063266068063
2025-10-16 09:52:01.950520,52.58,89.03,121.27,71.04,52.3985869444653
2025-10-16 09:52:02.950519,73.13,98.44,219.61,112.97,52.49743774533378
2025-10-16 09:52:03.950518,20.11,52.17,135.57,57.43,52.238763019401006
2025-10-16 09:52:04.950518,59.87,77.39,92.35,125.99,52.693384938828004
2025-10-16 09:52:05.950518,54.61,35.77,92.43,17.85,52.064140528369336
2025-10-16 09:52:06.950517,72.14,33.01,207.72,130.83,52.47680711930039
2025-10-16 09:52:07.950517,24.47,79.57,220.72,77.59,52.27990588814752
2025-10-16 09:52:08.950516,56.51,33.13,122.73,106.53,52.467935869608844
2025-10-16 09:52:09.950516,38.22,60.54,184.14,46.65,52.13517060357081
2025-10-16 09:52:10.950515,56.22,79.2,167.56,86.38,52.395116318181444
2025-10-16 09:52:11.950515,77.01,97.65,288.79,94.27,52.3082241505298
2025-10-16 09:52:12.950514,40.62,38.18,188.6,117.37,52.44427966806398
2025-10-16 09:52:13.950514,76.55,52.53,171.52,138.62,52.60282921970021
2025-10-16 09:52:14.950513,12.02,65.91,244.74,128.21,52.47775652146139
2025-10-16 09:52:15.950513,81.25,38.8,90.21,95.57,52.46704367580393
2025-10-16 09:52:16.950513,20.36,32.57,164.24,30.1,52.02362765160654
2025-10-16 09:52:17.950512,40.7,35.35,262.07,32.73,51.91103158511299
2025-10-16 09:52:18.950512,52.87,71.78,171.15,124.97,52.57152730156463
2025-10-16 09:52:19.950511,91.76,60.96,65.32,62.47,52.375703094484834
2025-10-16 09:52:20.950511,13.69,43.68,104.41,128.1,52.622388407839956
2025-10-16 09:52:21.950510,57.05,53.86,171.81,11.12,51.95860799321315
2025-10-16 09:52:22.950510,69.39,30.79,135.76,134.89,52.58967999422843
2025-10-16 09:52:23.950509,86.28,64.18,58.9,102.28,52.592412616921784
2025-10-16 09:52:24.950509,26.35,88.64,74.2,21.84,52.21157762900387
2025-10-16 09:52:25.950508,29.13,93.03,144.27,93.03,52.486971037881574
2025-10-16 09:52:26.950508,76.32,80.96,165.22,15.31,52.04135756065335
2025-10-16 09:52:27.950508,24.68,87.86,278.38,72.19,52.19123137272622
2025-10-16 09:52:28.950507,36.4,73.76,180.28,123.97,52.55804826000009
2025-10-16 09:52:29.950507,13.85,57.67,119.36,148.49,52.73287957009948
2025-10-16 09:52:30.950506,91.92,91.24,55.69,55.42,52.411726945863784
2025-10-16 09:52:31.950506,29.6,32.0,111.01,28.22,52.084447245858435
2025-10-16 09:52:32.950505,41.67,65.83,289.85,33.72,51.93798522784565
2025-10-16 09:52:33.950505,27.41,81.56,249.31,100.19,52.35997257477488
2025-10-16 09:52:34.950504,78.92,48.63,106.29,126.34,52.62056019146628
2025-10-16 09:52:35.950504,56.98,84.61,89.83,64.26,52.39783067373201
2025-10-16 09:52:36.950503,41.63,35.84,264.32,69.19,52.09381294126843
2025-10-16 09:52:37.950503,29.53,89.61,277.3,61.48,52.141782789046765
2025-10-16 09:52:38.950502,84.98,33.17,180.19,16.56,51.934734577592835
2025-10-16 09:52:39.950502,30.4,33.06,246.55,124.35,52.3919237429699
2025-10-16 09:52:40.950502,23.83,34.63,208.78,31.56,51.975239903223354
2025-10-16 09:52:41.950501,12.96,28.06,223.92,26.24,51.915176554847974
2025-10-16 09:52:42.950501,90.61,76.23,167.87,148.12,52.701946555181586
2025-10-16 09:52:43.950500,51.18,87.19,298.07,26.54,51.932054195150776
2025-10-16 09:52:44.950500,77.47,97.68,137.89,59.68,52.335489366601045
2025-10-16 09:52:45.950499,50.77,56.68,217.71,11.0,51.90186082503908
2025-10-16 09:52:46.950499,19.86,41.03,158.23,29.09,52.04301433605888
2025-10-16 09:52:47.950498,23.86,73.47,73.52,129.41,52.72838524911592
2025-10-16 09:52:48.950498,15.78,60.63,282.36,82.16,52.18352322775271
2025-10-16 09:52:49.950498,68.47,89.09,290.86,18.73,51.90582911422154
2025-10-16 09:52:50.950497,33.99,49.42,235.27,106.57,52.34871339719992
2025-10-16 09:52:51.950497,74.21,74.76,50.67,102.67,52.62599695955244
2025-10-16 09:52:52.950496,93.73,58.98,164.62,119.49,52.5276377545162
2025-10-16 09:52:53.950496,25.97,98.88,228.68,87.57,52.357340434989595
2025-10-16 09:52:54.950495,66.95,86.92,258.93,17.65,51.93900138036606
2025-10-16 09:52:55.950495,71.1,51.63,87.14,117.28,52.60616404412151
2025-10-16 09:52:56.950494,87.82,71.11,238.19,112.66,52.417816597303506
2025-10-16 09:52:57.950494,33.43,34.81,287.41,86.51,52.14862550656213
2025-10-16 09:52:58.950493,75.27,95.72,170.97,59.68,52.28727247941236
2025-10-16 09:52:59.950493,62.8,55.43,290.13,49.23,51.99603505955754
2025-10-16 09:53:00.950492,87.52,37.98,174.16,86.24,52.30544904614573
2025-10-16 09:53:01.950492,54.08,24.72,189.6,69.69,52.175047845543304
2025-10-16 09:53:02.950492,93.51,64.8,245.06,102.42,52.34441647722912
2025-10-16 09:53:03.950491,40.22,55.83,287.29,20.75,51.856233224462635
2025-10-16 09:53:04.950491,28.94,22.37,121.83,12.06,51.96927913546469
2025-10-16 09:53:05.950490,42.5,92.44,293.49,104.43,52.34330124419317
2025-10-16 09:53:06.950490,64.67,96.01,261.29,79.41,52.26661557380954
2025-10-16 09:53:07.950489,50.89,39.37,273.77,137.61,52.4348709002727
2025-10-16 09:53:08.950489,79.69,60.02,169.97,76.25,52.30325267542628
2025-10-16 09:53:09.950488,36.33,23.61,132.34,94.32,52.37463210457946
2025-10-16 09:53:10.950488,72.3,75.4,242.62,66.87,52.188053536327736
2025-10-16 09:53:11.950488,68.8,34.26,210.03,20.49,51.91671872099833
2025-10-16 09:53:12.950487,85.95,66.61,251.36,94.26,52.29810552106978
2025-10-16 09:53:13.950487,71.37,32.58,291.68,130.03,52.35920341961633
2025-10-16 09:53:14.950486,17.69,37.34,171.63,92.32,52.3384270075032
2025-10-16 09:53:15.950486,12.14,33.61,217.14,107.02,52.344612049482045
2025-10-16 09:53:16.950485,78.72,50.29,146.46,68.61,52.27717241442338
2025-10-16 09:53:17.950485,21.87,46.13,231.16,144.64,52.540850165047296
2025-10-16 09:53:18.950484,35.83,28.17,277.39,122.25,52.33037361254287
2025-10-16 09:53:19.950484,21.18,98.33,115.77,14.21,52.135917635631166
2025-10-16 09:53:20.950483,62.79,92.21,111.18,140.53,52.77062111667411
2025-10-16 09:53:21.950483,47.59,54.8,128.28,122.68,52.58447307569524
2025-10-16 09:53:22.950482,65.75,31.86,69.06,48.58,52.243714840396095
2025-10-16 09:53:23.950482,19.89,79.52,275.85,63.65,52.135124550086616
2025-10-16 09:53:24.950481,43.43,69.55,147.93,104.55,52.4948377444851
2025-10-16 09:53:25.950481,68.57,92.43,97.89,115.77,52.663358272418826
2025-10-16 09:53:26.950481,26.32,39.43,122.6,14.62,52.014374886733044
2025-10-16 09:53:27.950480,18.03,59.63,180.08,21.19,52.009772205830714
2025-10-16 09:53:28.950480,63.86,31.73,250.75,68.16,52.09882156004654
2025-10-16 09:53:29.950479,10.59,45.02,248.18,137.1,52.47761744627444
2025-10-16 09:53:30.950479,50.18,43.44,147.06,31.41,52.07445478697459
2025-10-16 09:53:31.950478,40.94,63.96,210.92,123.97,52.49787253164431
2025-10-16 09:53:32.950478,51.06,39.8,219.0,144.38,52.543555946798236
2025-10-16 09:53:33.950477,71.69,87.9,210.87,123.74,52.543292964993476
2025-10-16 09:53:34.950477,53.05,30.18,68.57,139.78,52.70348591837511
2025-10-16 09:53:35.950476,47.09,72.31,284.7,57.9,52.08008152198873
2025-10-16 09:53:36.950476,57.85,39.95,285.01,43.76,51.945095670801415
2025-10-16 09:53:37.950475,76.37,26.23,239.47,49.81,52.010243743279624
2025-10-16 09:53:38.950475,19.6,75.43,51.49,30.59,52.26075737432757
2025-10-16 09:53:39.950475,60.35,22.82,166.55,45.77,52.08102655467106
2025-10-16 09:53:40.950474,31.18,60.53,143.34,101.73,52.46917502904318
2025-10-16 09:53:41.950474,85.78,67.65,211.5,147.18,52.621937313814286
2025-10-16 09:53:42.950473,36.19,72.43,104.8,138.98,52.73289173561292
2025-10-16 09:53:43.950473,61.79,51.98,134.54,13.98,52.01948799825247
2025-10-16 09:53:44.950472,50.01,81.87,92.39,103.28,52.58689846957297
2025-10-16 09:53:45.950472,46.82,68.45,122.78,137.97,52.69590003303152
2025-10-16 09:53:46.950471,33.3,94.91,182.26,16.16,52.04989880276713
2025-10-16 09:53:47.950471,68.8,39.31,149.34,95.86,52.39012583837865
2025-10-16 09:53:48.950470,92.58,20.18,77.0,61.92,52.27799249191255
2025-10-16 09:53:49.950470,90.8,82.33,59.61,106.1,52.64609508053101
2025-10-16 09:53:50.950469,20.93,98.18,217.32,67.86,52.27130210384861
2025-10-16 09:53:51.950469,46.12,71.94,61.66,39.89,52.28747336468461
2025-10-16 09:53:52.950468,42.27,32.79,215.24,106.75,52.3442004287441
2025-10-16 09:53:53.950468,27.87,80.15,165.39,65.12,52.29208869103084
2025-10-16 09:53:54.950468,82.16,55.56,284.97,141.45,52.47076384523774
2025-10-16 09:53:55.950467,68.57,75.5,122.25,14.62,52.08493474390186
2025-10-16 09:53:56.950467,53.26,59.78,79.93,17.45,52.12554861085672
2025-10-16 09:53:57.950466,60.67,72.43,52.9,146.27,52.83952475076373
2025-10-16 09:53:58.950466,67.54,61.54,118.15,38.25,52.18311468783887
2025-10-16 09:53:59.950465,77.12,96.6,163.36,117.24,52.59102380260142
2025-10-16 09:54:00.950465,28.79,25.81,245.23,30.18,51.902172330693865
2025-10-16 09:54:01.950464,94.78,75.32,109.45,93.78,52.50310416279849
2025-10-16 09:54:02.950464,56.28,91.1,150.15,84.74,52.433297379006305
2025-10-16 09:54:03.950463,85.64,54.71,105.46,62.98,52.31225798563624
2025-10-16 09:54:04.950463,93.91,86.8,254.04,99.33,52.35944482975104
2025-10-16 09:54:05.950462,84.13,73.64,87.28,44.79,52.281225816950915
2025-10-16 09:54:06.950462,72.06,64.59,83.3,124.26,52.67189061339956
2025-10-16 09:54:07.950462,88.43,34.5,62.69,79.4,52.413651515537865
2025-10-16 09:54:08.950461,37.56,84.72,222.29,129.34,52.55017452467556
2025-10-16 09:54:09.950461,65.91,21.77,278.86,134.55,52.378324110022156
2025-10-16 09:54:10.950460,60.01,35.52,183.48,123.0,52.474527912918276
2025-10-16 09:54:11.950460,67.64,90.41,123.76,78.64,52.43645729341144
2025-10-16 09:54:12.950459,11.05,42.96,285.83,10.17,51.77954477575298
2025-10-16 09:54:13.950459,37.83,70.97,207.41,149.35,52.64488100238738
2025-10-16 09:54:14.950458,60.97,61.26,267.42,60.34,52.094177725858636
2025-10-16 09:54:15.950458,74.85,61.18,135.93,29.26,52.112967679419306
2025-10-16 09:54:16.950457,27.59,42.27,266.09,104.49,52.28289995916928
2025-10-16 09:54:17.950457,59.33,41.23,158.57,103.81,52.421771852898694
2025-10-16 09:54:18.950456,54.18,69.84,117.55,76.32,52.39306074687104
2025-10-16 09:54:19.950456,24.52,83.58,149.61,48.59,52.236131653109375
2025-10-16 09:54:20.950456,90.9,93.56,279.14,53.81,52.10810180671151
2025-10-16 09:54:21.950455,22.92,21.16,98.2,18.61,52.03185807799825
2025-10-16 09:54:22.950455,46.94,49.73,71.48,48.15,52.273010415281114
2025-10-16 09:54:23.950454,18.36,21.67,280.8,21.96,51.80470179751879
2025-10-16 09:54:24.950454,48.84,30.37,184.76,95.36,52.322669350672314
2025-10-16 09:54:25.950453,65.06,33.44,137.1,145.43,52.64646758279545
2025-10-16 09:54:26.950453,50.83,97.07,102.11,57.01,52.36880021660061
2025-10-16 09:54:27.950452,51.5,48.63,194.92,24.08,51.98312750868986
2025-10-16 09:54:28.950452,34.9,42.06,287.62,131.96,52.39285995382889
2025-10-16 09:54:29.950451,40.14,70.64,105.89,121.25,52.638060302837
2025-10-16 09:54:30.950451,19.33,98.79,286.59,141.7,52.55385962566308
2025-10-16 09:54:31.950450,88.76,78.46,159.47,18.74,52.061608605915815
2025-10-16 09:54:32.950450,44.47,58.3,191.74,79.32,52.28624996096353
2025-10-16 09:54:33.950449,74.85,35.42,62.85,100.94,52.524430770818924
2025-10-16 09:54:34.950449,58.26,67.16,200.77,45.79,52.12134925983476
2025-10-16 09:54:35.950449,21.97,77.21,162.88,126.55,52.60119125614743
2025-10-16 09:54:36.950448,76.85,82.04,225.9,42.5,52.09984769876475
2025-10-16 09:54:37.950448,46.05,81.36,111.2,113.56,52.61277485074705
2025-10-16 09:54:38.950447,38.47,51.92,226.04,82.39,52.243371180688186
2025-10-16 09:54:39.950447,86.35,85.66,62.89,87.44,52.5535576533117
2025-10-16 09:54:40.950446,68.07,64.65,268.74,51.06,52.05194405462323
2025-10-16 09:54:41.950446,44.09,53.66,115.99,49.4,52.22723197522269
2025-10-16 09:54:42.950445,87.53,71.24,57.77,126.46,52.730239294028735
2025-10-16 09:54:43.950445,81.08,33.54,80.52,34.7,52.16122421419247
2025-10-16 09:54:44.950444,41.52,31.4,213.01,103.52,52.32811721357717
2025-10-16 09:54:45.950444,65.38,95.76,292.46,26.28,51.954920096415584
2025-10-16 09:54:46.950443,73.21,70.92,133.29,143.22,52.71320763516798
2025-10-16 09:54:47.950443,12.36,41.15,221.44,61.37,52.122048587273426
2025-10-16 09:54:48.950443,25.38,76.01,60.72,51.97,52.357888732738495
2025-10-16 09:54:49.950442,62.89,20.06,195.88,21.36,51.91253228674376
2025-10-16 09:54:50.950442,93.13,43.15,71.8,130.12,52.675377122150344
2025-10-16 09:54:51.950441,80.17,92.45,83.0,20.72,52.20148919832389
2025-10-16 09:54:52.950441,13.79,75.2,134.79,70.29,52.34976057045891
2025-10-16 09:54:53.950440,20.58,51.56,221.63,35.48,52.01076134133792
2025-10-16 09:54:54.950440,46.22,49.12,123.94,64.98,52.286727055417835
2025-10-16 09:54:55.950439,69.55,26.03,290.27,58.89,51.98769357750053
2025-10-16 09:54:56.950439,70.46,55.98,106.24,19.89,52.09521532597007
2025-10-16 09:54:57.950438,88.44,53.82,271.24,136.76,52.462036608698504
2025-10-16 09:54:58.950438,50.64,56.39,115.27,138.26,52.68401753839841
2025-10-16 09:54:59.950437,22.37,84.63,134.07,20.31,52.115655991059526
2025-10-16 09:55:00.950437,40.08,53.06,216.93,114.21,52.4191413546933
2025-10-16 09:55:01.950436,71.98,57.56,272.0,53.35,52.04540076105031
2025-10-16 09:55:02.950436,52.44,42.38,267.31,43.52,51.97236216474269
2025-10-16 09:55:03.950436,61.35,84.48,121.72,79.93,52.43421313120543
2025-10-16 09:55:04.950435,78.28,51.35,226.68,70.17,52.17944983864434
2025-10-16 09:55:05.950435,17.77,42.91,261.96,16.26,51.842367810452124
2025-10-16 09:55:06.950434,49.18,62.44,236.23,45.9,52.065131893304
2025-10-16 09:55:07.950434,54.0,45.53,255.6,17.06,51.86005283994263
2025-10-16 09:55:08.950433,87.37,60.43,152.32,129.19,52.59614583370653
2025-10-16 09:55:09.950433,82.48,61.29,175.47,66.71,52.24996986434392
2025-10-16 09:55:10.950432,48.67,58.6,289.58,123.41,52.37902079775119
2025-10-16 09:55:11.950432,84.19,28.89,263.28,146.04,52.471328358469734
2025-10-16 09:55:12.950431,44.68,66.89,86.83,22.14,52.15387958994346
2025-10-16 09:55:13.950431,73.99,38.29,263.38,11.47,51.807199128634956
2025-10-16 09:55:14.950430,63.63,87.15,201.92,19.12,52.02343424464716
2025-10-16 09:55:15.950430,63.49,53.91,85.7,114.26,52.59721639770535
2025-10-16 09:55:16.950430,70.7,90.79,60.74,146.84,52.867566324128624
2025-10-16 09:55:17.950429,23.13,62.8,180.03,35.58,52.08895548583827
2025-10-16 09:55:18.950429,16.03,48.11,154.23,134.88,52.59848985937691
2025-10-16 09:55:19.950428,60.67,42.45,141.26,15.56,51.99995884708794
2025-10-16 09:55:20.950428,29.79,81.61,240.74,121.51,52.47966548849309
2025-10-16 09:55:21.950427,39.11,36.78,120.4,58.53,52.23479960200698
2025-10-16 09:55:22.950427,65.08,82.11,99.07,25.81,52.18562962628466
2025-10-16 09:55:23.950426,58.77,22.24,153.33,46.79,52.10281805225852
2025-10-16 09:55:24.950426,19.9,46.27,269.12,63.07,52.076608414273124
2025-10-16 09:55:25.950425,45.89,71.42,176.43,10.68,51.98429709492732
2025-10-16 09:55:26.950425,93.19,74.5,166.32,13.35,52.017390945139326
2025-10-16 09:55:27.950424,94.97,56.38,182.08,148.36,52.645515262983864
2025-10-16 09:55:28.950424,44.04,96.86,53.65,26.61,52.27932139911539
2025-10-16 09:55:29.950424,82.64,36.14,255.12,37.82,51.94770267503889
2025-10-16 09:55:30.950423,19.98,68.06,231.05,20.53,51.95438220893388
2025-10-16 09:55:31.950423,46.95,48.38,218.36,74.95,52.20908210330463
2025-10-16 09:55:32.950422,91.78,79.9,117.78,130.07,52.684809077079514
2025-10-16 09:55:33.950422,80.63,53.03,297.72,87.07,52.173028483192354
2025-10-16 09:55:34.950421,77.6,33.83,286.75,72.2,52.07505649502087
2025-10-16 09:55:35.950421,49.87,56.93,115.84,136.2,52.67385759108392
2025-10-16 09:55:36.950420,13.97,38.62,268.86,40.52,51.94776526531599
2025-10-16 09:55:37.950420,75.31,25.5,220.31,29.01,51.92909200973375
2025-10-16 09:55:38.950419,77.59,66.55,293.9,32.36,51.92705227304076
2025-10-16 09:55:39.950419,77.96,74.79,295.82,50.3,52.03144103477784
2025-10-16 09:55:40.950418,49.81,31.38,296.93,64.51,52.017641809339615
2025-10-16 09:55:41.950418,12.22,74.91,201.38,41.85,52.115614369562394
2025-10-16 09:55:42.950417,66.82,55.41,240.76,42.64,52.0288621543735
2025-10-16 09:55:43.950417,50.86,95.7,190.84,51.12,52.21716049543887
2025-10-16 09:55:44.950416,92.51,44.1,234.43,69.09,52.14948236240535
2025-10-16 09:55:45.950416,66.89,26.04,186.76,140.84,52.54215104564807
2025-10-16 09:55:46.950416,46.5,45.8,192.7,93.8,52.33408424731167
2025-10-16 09:55:47.950415,94.51,55.04,280.96,141.96,52.47772229303192
2025-10-16 09:55:48.950415,62.67,79.0,286.92,118.34,52.39652774986837
2025-10-16 09:55:49.950414,90.92,80.34,175.07,74.97,52.32940179605267
2025-10-16 09:55:50.950414,54.6,40.8,231.74,70.96,52.15616188064753
2025-10-16 09:55:51.950413,85.98,85.09,210.73,68.1,52.25592959659524
2025-10-16 09:55:52.950413,30.91,93.71,121.53,43.11,52.26572872428452
2025-10-16 09:55:53.950412,51.4,93.65,221.8,92.96,52.38374067333284
2025-10-16 09:55:54.950412,69.18,69.35,129.54,44.94,52.21691814175261
2025-10-16 09:55:55.950411,37.55,68.35,153.37,84.44,52.38324667938205
2025-10-16 09:55:56.950411,50.07,46.65,247.47,81.91,52.20192840162535
2025-10-16 09:55:57.950410,78.28,62.65,164.97,33.2,52.09681488610641
2025-10-16 09:55:58.950410,52.56,27.23,125.71,72.47,52.27978880272701
2025-10-16 09:55:59.950410,27.48,95.1,207.76,68.99,52.28388000788319
2025-10-16 09:56:00.950409,71.65,91.37,55.67,122.63,52.752756534354525
2025-10-16 09:56:01.950409,36.44,22.73,235.15,27.03,51.8937490004472
2025-10-16 09:56:02.950408,88.59,42.33,239.84,146.41,52.53078743828549
2025-10-16 09:56:03.950408,90.57,61.38,233.69,136.89,52.527795073232184
2025-10-16 09:56:04.950407,45.57,87.42,224.76,35.98,52.07877636986373
2025-10-16 09:56:05.950407,73.95,55.46,292.09,17.5,51.83259320892865
2025-10-16 09:56:06.950406,16.14,77.83,253.26,88.7,52.289168365288766
2025-10-16 09:56:07.950406,34.82,72.39,197.77,88.11,52.35009889258142
2025-10-16 09:56:08.950405,60.09,69.21,54.42,132.35,52.760653777392896
2025-10-16 09:56:09.950405,93.23,77.3,115.37,116.66,52.61500436470922
2025-10-16 09:56:10.950404,92.87,47.44,217.31,94.06,52.30555150085317
2025-10-16 09:56:11.950404,22.64,24.71,279.09,78.34,52.0987473782661
2025-10-16 09:56:12.950404,85.73,86.07,192.34,105.71,52.47320171618033
2025-10-16 09:56:13.950403,38.64,44.44,279.11,118.85,52.34244213955119
2025-10-16 09:56:14.950403,24.35,62.0,221.39,136.28,52.54241932596585
2025-10-16 09:56:15.950402,65.89,46.68,298.75,45.37,51.947890490925154
2025-10-16 09:56:16.950402,10.34,75.31,225.08,121.83,52.49006870455079
2025-10-16 09:56:17.950401,45.87,46.75,245.17,148.58,52.54322272033266
2025-10-16 09:56:18.950401,80.11,76.63,241.18,61.49,52.165100526107445
2025-10-16 09:56:19.950400,35.39,28.24,299.28,90.9,52.14218101267411
2025-10-16 09:56:20.950400,22.06,71.43,221.16,83.47,52.29330903805443
2025-10-16 09:56:21.950399,40.61,25.63,72.72,21.11,52.087424513684226
2025-10-16 09:56:22.950399,81.36,50.71,149.43,18.5,52.019947173303734
2025-10-16 09:56:23.950398,74.68,34.38,264.58,11.85,51.79991698224705
2025-10-16 09:56:24.950398,21.72,22.35,121.16,72.04,52.27423423408831
2025-10-16 09:56:25.950398,73.05,93.68,118.09,27.05,52.18886535353845
2025-10-16 09:56:26.950397,31.69,70.8,78.17,122.0,52.679386402331154
2025-10-16 09:56:27.950397,80.51,33.31,173.22,115.62,52.446590966081985
2025-10-16 09:56:28.950396,27.73,26.08,178.95,29.4,51.987720096193144
2025-10-16 09:56:29.950396,60.62,54.96,226.93,126.7,52.47273230971647
2025-10-16 09:56:30.950395,22.69,34.95,61.11,42.64,52.23027631365033
2025-10-16 09:56:31.950395,32.24,47.65,278.25,62.19,52.062571864917516
2025-10-16 09:56:32.950394,38.32,57.08,299.23,28.31,51.88096200183456
2025-10-16 09:56:33.950394,73.76,85.96,170.82,113.22,52.53995270427907
2025-10-16 09:56:34.950393,80.82,54.07,250.03,132.63,52.47005696857714
2025-10-16 09:56:35.950393,42.21,89.89,169.75,80.78,52.38455717630367
2025-10-16 09:56:36.950392,28.59,81.59,299.99,98.16,52.28170348709972
2025-10-16 09:56:37.950392,22.14,76.22,185.77,97.99,52.42374155939297
2025-10-16 09:56:38.950392,61.41,51.31,206.59,94.85,52.331467875292155
2025-10-16 09:56:39.950391,90.12,53.74,262.84,51.41,52.04043905062238
2025-10-16 09:56:40.950391,31.11,76.97,271.52,60.55,52.12026550073113
2025-10-16 09:56:41.950390,77.42,71.65,288.32,43.85,52.002706815271296
2025-10-16 09:56:42.950389,34.74,94.11,183.66,58.95,52.26340722752812
2025-10-16 09:56:43.950388,15.49,29.11,226.59,88.82,52.23090887766174
2025-10-16 09:56:44.950388,92.1,63.58,99.41,110.4,52.57803187164718
2025-10-16 09:56:45.950387,72.15,59.14,200.41,93.79,52.34960508522035
2025-10-16 09:56:46.950387,93.54,60.1,54.6,139.08,52.77683053569254
2025-10-16 09:56:47.950386,60.71,65.46,184.15,50.21,52.162766513830604
2025-10-16 09:56:48.950386,90.15,73.07,134.95,72.49,52.356560684947276
2025-10-16 09:56:49.950385,58.29,53.71,197.5,108.77,52.418907807183245
2025-10-16 09:56:50.950385,20.86,75.48,73.63,134.68,52.75886188474615
2025-10-16 09:56:51.950384,92.46,73.84,123.09,89.02,52.457784368124095
2025-10-16 09:56:52.950384,62.38,46.09,90.36,51.59,52.25803238046153
2025-10-16 09:56:53.950383,17.69,33.71,231.43,86.69,52.222551023144135
2025-10-16 09:56:54.950383,47.3,58.92,228.15,107.26,52.38022997939317
2025-10-16 09:56:55.950383,71.74,30.5,143.82,18.21,51.98673665779632
2025-10-16 09:56:56.950382,25.08,47.81,61.72,10.35,52.09073843044947
2025-10-16 09:56:57.950382,49.39,47.6,153.19,42.4,52.13002768498438
2025-10-16 09:56:58.950381,84.34,87.41,265.15,22.13,51.95431678124655
2025-10-16 09:56:59.950381,17.66,68.84,79.4,30.58,52.210433401110095
2025-10-16 09:57:00.950380,55.03,58.91,247.69,130.68,52.47271686042263
2025-10-16 09:57:01.950380,16.77,68.83,106.4,50.65,52.27592132497171
2025-10-16 09:57:02.950379,47.01,70.47,62.91,22.18,52.193150351510106
2025-10-16 09:57:03.950379,45.32,88.73,285.83,22.66,51.931806936031606
2025-10-16 09:57:04.950378,27.87,30.18,251.76,120.7,52.36082800292765
2025-10-16 09:57:05.950378,21.92,76.81,160.17,81.93,52.37783166753613
2025-10-16 09:57:06.950378,78.3,80.28,228.29,86.93,52.31847634598691
2025-10-16 09:57:07.950377,40.82,89.59,111.8,114.24,52.631409190401456
2025-10-16 09:57:08.950377,48.5,62.95,161.51,86.75,52.37353757379476
2025-10-16 09:57:09.950376,84.88,48.23,220.86,23.87,51.94646237553285
2025-10-16 09:57:10.950376,39.38,21.96,174.44,103.36,52.36074087515332
2025-10-16 09:57:11.950375,84.05,47.01,133.74,81.17,52.35155315311022
2025-10-16 09:57:12.950375,90.34,34.16,211.28,92.07,52.27775207114695
2025-10-16 09:57:13.950374,11.3,75.76,181.17,128.97,52.586089470494564
2025-10-16 09:57:14.950374,41.15,80.54,219.54,11.75,51.949570530406696
2025-10-16 09:57:15.950373,18.85,52.18,228.6,100.38,52.33164780528286
2025-10-16 09:57:16.950373,48.21,44.69,148.92,142.92,52.639734899795414
2025-10-16 09:57:17.950373,23.21,50.99,178.08,32.17,52.05133600641113
2025-10-16 09:57:18.950372,52.5,78.65,138.21,140.01,52.70534896775844
2025-10-16 09:57:19.950372,69.62,20.16,224.11,45.94,51.99944813723839
2025-10-16 09:57:20.950371,66.93,52.49,214.47,129.13,52.49697956473678
2025-10-16 09:57:21.950371,27.85,33.32,84.76,48.99,52.22755405297105
2025-10-16 09:57:22.950370,22.58,95.19,182.82,73.79,52.34187129624005
2025-10-16 09:57:23.950370,68.7,83.51,160.75,126.54,52.61624192372065
2025-10-16 09:57:24.950369,94.6,83.37,133.96,97.17,52.50303024287938
2025-10-16 09:57:25.950369,64.34,21.01,88.1,147.76,52.69990707327308
2025-10-16 09:57:26.950368,13.95,42.75,122.75,33.94,52.11857591605674
2025-10-16 09:57:27.950368,78.06,90.15,292.28,40.12,52.01442843459195
2025-10-16 09:57:28.950367,34.16,59.5,182.86,59.64,52.20072646459047
2025-10-16 09:57:29.950367,39.72,21.05,197.57,103.94,52.33086226110687
2025-10-16 09:57:30.950367,82.61,66.63,85.45,128.45,52.69421141727679
2025-10-16 09:57:31.950366,83.43,38.18,155.9,74.25,52.269562351729846
2025-10-16 09:57:32.950366,78.24,93.79,222.05,117.49,52.50804253509882
2025-10-16 09:57:33.950365,12.18,56.61,207.41,14.81,51.93486849035929
2025-10-16 09:57:34.950365,66.98,28.73,190.57,84.77,52.25799233798896
2025-10-16 09:57:35.950364,89.06,39.87,251.17,112.11,52.336898612408646
2025-10-16 09:57:36.950364,81.55,45.56,277.42,46.74,51.98129443329966
2025-10-16 09:57:37.950363,83.59,64.17,240.52,47.51,52.07089704590543
2025-10-16 09:57:38.950363,80.48,65.83,141.28,127.43,52.61253651001179
2025-10-16 09:57:39.950362,67.44,81.02,51.74,126.02,52.75510766790825
2025-10-16 09:57:40.950362,81.93,25.44,199.44,121.09,52.42383170986124
2025-10-16 09:57:41.950361,89.19,49.49,168.35,101.4,52.41247469682135
2025-10-16 09:57:42.950361,73.08,74.1,102.0,141.91,52.75475058661516
2025-10-16 09:57:43.950361,17.88,24.89,174.61,104.44,52.37168166151586
2025-10-16 09:57:44.950360,84.2,70.05,287.39,136.55,52.47082892296837
2025-10-16 09:57:45.950360,24.51,87.91,116.88,48.76,52.28934587438508
2025-10-16 09:57:46.950359,89.19,88.58,226.16,69.41,52.24863883681132
2025-10-16 09:57:47.950359,73.71,85.14,157.15,82.78,52.40238188514138
2025-10-16 09:57:48.950358,93.31,22.81,223.74,69.16,52.122818054566245
2025-10-16 09:57:49.950358,55.02,96.72,192.91,65.06,52.2870385027688
2025-10-16 09:57:50.950357,72.97,42.98,271.49,100.51,52.25685204197706
2025-10-16 09:57:51.950357,62.4,49.62,150.63,72.06,52.28776373747301
2025-10-16 09:57:52.950356,88.82,84.78,220.28,121.89,52.51521844811345
2025-10-16 09:57:53.950356,81.39,76.42,177.87,101.92,52.45466038878957
2025-10-16 09:57:54.950356,11.45,68.79,187.58,94.41,52.38872364275124
2025-10-16 09:57:55.950355,73.57,92.27,149.25,14.45,52.080413570893874
2025-10-16 09:57:56.950355,77.61,69.6,135.86,75.05,52.361575294133466
2025-10-16 09:57:57.950354,44.28,80.12,75.54,98.04,52.579551786158994
2025-10-16 09:57:58.950354,12.9,90.54,247.1,121.68,52.48934186085105
2025-10-16 09:57:59.950353,37.28,20.56,102.66,33.53,52.100348231584334
2025-10-16 09:58:00.950353,86.31,78.33,268.6,32.7,51.9856305582699
2025-10-16 09:58:01.950352,86.38,56.29,182.94,20.19,51.994372689173545
2025-10-16 09:58:02.950352,53.13,20.96,99.0,38.36,52.13052664038493
2025-10-16 09:58:03.950351,61.52,69.73,114.26,89.74,52.46530214973352
2025-10-16 09:58:04.950351,73.6,95.37,253.77,61.77,52.186033579666216
2025-10-16 09:58:05.950351,81.99,29.2,187.36,87.52,52.277157206923484
2025-10-16 09:58:06.950350,32.22,72.78,243.13,16.87,51.92878119260193
2025-10-16 09:58:07.950350,78.73,88.5,146.48,45.03,52.23184494411605
2025-10-16 09:58:08.950349,57.75,40.21,252.04,112.83,52.34004170744481
2025-10-16 09:58:09.950349,14.35,95.41,91.67,120.21,52.70000945091527
2025-10-16 09:58:10.950348,57.66,63.9,221.08,44.94,52.08343991490513
2025-10-16 09:58:11.950348,21.87,80.11,71.26,93.83,52.56393363151748
2025-10-16 09:58:12.950347,37.25,44.96,93.93,120.1,52.59838509191994
2025-10-16 09:58:13.950347,35.29,33.91,248.47,40.6,51.96639112532393
2025-10-16 09:58:14.950346,48.85,62.97,68.23,56.73,52.346600916071
2025-10-16 09:58:15.950346,55.87,70.57,222.4,23.79,51.98739973578605
2025-10-16 09:58:16.950346,30.3,43.59,256.34,33.28,51.93752398061002
2025-10-16 09:58:17.950345,28.83,75.27,170.15,116.66,52.53752026745374
2025-10-16 09:58:18.950345,89.34,20.77,78.21,86.93,52.404313592709116
2025-10-16 09:58:19.950344,41.58,84.47,201.69,71.65,52.28485884991584
2025-10-16 09:58:20.950344,16.56,74.32,258.46,125.77,52.463309485075236
2025-10-16 09:58:21.950343,58.24,64.87,55.04,119.97,52.688622359260414
2025-10-16 09:58:22.950343,38.97,47.41,188.53,104.2,52.39553805816706
2025-10-16 09:58:23.950342,15.69,45.2,214.87,148.18,52.57885910790634
2025-10-16 09:58:24.950342,42.46,41.04,156.09,38.94,52.09584544296209
2025-10-16 09:58:25.950341,71.32,59.73,193.02,33.85,52.05678054422964
2025-10-16 09:58:26.950341,33.21,71.08,207.58,147.08,52.63335778839085
2025-10-16 09:58:27.950341,33.24,56.14,57.18,34.65,52.236219078455946
2025-10-16 09:58:28.950340,94.72,80.11,269.97,48.76,52.06867334333334
2025-10-16 09:58:29.950340,65.81,72.59,259.78,145.71,52.55927021592408
2025-10-16 09:58:30.950339,36.36,87.67,93.66,44.35,52.297692828620164
2025-10-16 09:58:31.950339,94.03,52.8,127.42,149.52,52.71781822567816
2025-10-16 09:58:32.950338,41.39,66.54,128.32,51.1,52.24432641643212
2025-10-16 09:58:33.950338,51.88,68.99,268.34,116.58,52.393096318545695
2025-10-16 09:58:34.950337,34.54,64.53,195.19,143.11,52.617135389741485
2025-10-16 09:58:35.950337,93.09,49.92,202.4,67.19,52.1941574261504
2025-10-16 09:58:36.950336,58.53,88.57,293.42,69.42,52.158376844806384
2025-10-16 09:58:37.950336,52.47,39.62,170.11,55.98,52.160656623844126
2025-10-16 09:58:38.950335,50.84,98.13,275.23,134.37,52.530664778985596
2025-10-16 09:58:39.950335,21.16,69.31,227.68,92.21,52.324747950433505
2025-10-16 09:58:40.950335,45.35,49.81,263.07,13.06,51.83806175315999
2025-10-16 09:58:41.950334,61.15,55.78,236.5,81.53,52.232469621830035
2025-10-16 09:58:42.950334,78.31,41.67,147.19,111.09,52.47481304401447
2025-10-16 09:58:43.950333,66.49,72.16,243.96,108.99,52.39350432857884
2025-10-16 09:58:44.950333,91.24,71.63,251.52,47.15,52.06880092721698
2025-10-16 09:58:45.950332,35.7,31.43,129.96,127.28,52.56012765445208
2025-10-16 09:58:46.950332,23.04,23.36,173.73,39.77,52.04201747374316
2025-10-16 09:58:47.950331,36.08,48.51,124.21,113.94,52.53340313171979
2025-10-16 09:58:48.950331,66.52,41.8,254.05,100.92,52.280050124992464
2025-10-16 09:58:49.950330,41.98,30.16,289.31,117.9,52.296184292016186
2025-10-16 09:58:50.950330,17.81,83.49,57.48,133.71,52.791189395711285
2025-10-16 09:58:51.950329,34.05,22.86,290.2,44.2,51.90715041203081
2025-10-16 09:58:52.950329,36.38,95.5,243.46,133.29,52.56272839657595
2025-10-16 09:58:53.950329,70.33,97.8,127.65,128.52,52.698483362587936
2025-10-16 09:58:54.950328,43.51,62.97,130.47,104.63,52.505896502321015
2025-10-16 09:58:55.950328,71.79,49.5,139.06,110.77,52.49931978320911
2025-10-16 09:58:56.950327,75.31,78.84,104.76,91.03,52.502297889923526
2025-10-16 09:58:57.950327,36.54,52.32,92.15,54.5,52.28248881953674
2025-10-16 09:58:58.950326,25.58,95.62,82.62,139.99,52.81284995248155
2025-10-16 09:58:59.950326,28.08,96.71,83.12,17.91,52.19535948270837
2025-10-16 09:59:00.950325,71.63,36.85,250.66,122.91,52.38647016630457
2025-10-16 09:59:01.950325,68.87,72.69,296.17,135.36,52.45813894179772
2025-10-16 09:59:02.950324,30.66,88.44,211.87,13.21,51.98262024263898
2025-10-16 09:59:03.950324,14.12,70.53,154.65,92.33,52.425766207244536
2025-10-16 09:59:04.950324,58.53,43.32,253.58,22.72,51.88716600912788
2025-10-16 09:59:05.950323,46.73,42.42,280.1,27.57,51.87440452710281
2025-10-16 09:59:06.950323,61.13,33.79,161.3,109.73,52.43366380334294
2025-10-16 09:59:07.950322,63.55,45.04,192.34,43.69,52.079036432354926
2025-10-16 09:59:08.950322,69.85,20.19,260.27,75.66,52.101641779382135
2025-10-16 09:59:09.950321,72.52,64.14,259.84,66.95,52.14346207360042
2025-10-16 09:59:10.950321,34.25,92.29,255.89,98.35,52.36266074351347
2025-10-16 09:59:11.950320,27.45,79.2,119.84,26.01,52.15310629054558
2025-10-16 09:59:12.950320,47.03,85.61,103.44,11.38,52.11340507786004
2025-10-16 09:59:13.950319,48.43,71.31,219.11,71.72,52.23625618216472
2025-10-16 09:59:14.950319,43.05,86.52,117.56,20.55,52.14270922589705
2025-10-16 09:59:15.950318,31.84,62.6,237.73,70.63,52.188808540935
2025-10-16 09:59:16.950318,48.16,33.84,278.58,102.57,52.24001758601774
2025-10-16 09:59:17.950318,62.36,67.62,144.63,64.28,52.29135136204145
2025-10-16 09:59:18.950317,89.75,52.08,236.0,65.82,52.1463025017082
2025-10-16 09:59:19.950317,64.35,41.79,262.35,66.58,52.094786885423645
2025-10-16 09:59:20.950316,88.54,42.11,206.86,98.8,52.33325451716638
2025-10-16 09:59:21.950316,81.07,26.13,109.13,20.33,52.03556290593324
2025-10-16 09:59:22.950315,62.07,23.52,182.64,121.3,52.44371869491641
2025-10-16 09:59:23.950315,32.46,65.71,201.94,85.28,52.31717261490431
2025-10-16 09:59:24.950314,40.25,65.53,280.94,81.78,52.193024447764145
2025-10-16 09:59:25.950314,60.45,82.33,173.29,116.02,52.543778966885945
2025-10-16 09:59:26.950313,18.25,65.73,238.46,110.0,52.39351388313532
2025-10-16 09:59:27.950313,81.68,63.42,115.8,11.81,52.05587359868738
2025-10-16 09:59:28.950313,50.06,97.68,120.15,44.97,52.28472574944845
2025-10-16 09:59:29.950312,27.12,27.8,180.69,116.33,52.42945566329717
2025-10-16 09:59:30.950312,67.81,53.21,99.89,84.31,52.42496233806135
2025-10-16 09:59:31.950311,67.95,31.15,156.45,13.62,51.94777357082708
2025-10-16 09:59:32.950311,45.34,98.91,231.88,32.58,52.074307327336776
2025-10-16 09:59:33.950310,38.81,61.2,212.87,99.32,52.364917790623494
2025-10-16 09:59:34.950310,63.43,98.42,176.34,97.53,52.47720699060149
2025-10-16 09:59:35.950309,57.18,67.62,209.11,142.42,52.60095460072502
2025-10-16 09:59:36.950309,80.92,21.18,128.05,48.88,52.1452916173835
2025-10-16 09:59:37.950308,15.24,29.03,295.32,42.96,51.9059796813591
2025-10-16 09:59:38.950308,78.84,82.36,99.65,59.24,52.35482462201598
2025-10-16 09:59:39.950308,53.03,47.03,239.38,81.71,52.21251324756843
2025-10-16 09:59:40.950307,19.55,49.66,199.13,131.53,52.524241441132645
2025-10-16 09:59:41.950307,90.07,35.11,225.8,99.37,52.29711619260479
2025-10-16 09:59:42.950306,36.65,42.26,91.71,121.98,52.605650257101864
2025-10-16 09:59:43.950306,47.37,59.15,65.16,137.42,52.75239215746544
2025-10-16 09:59:44.950305,74.05,39.98,139.17,35.19,52.09748771433497
2025-10-16 09:59:45.950305,79.21,55.31,275.06,96.23,52.2543194201283
2025-10-16 09:59:46.950304,76.48,67.81,217.17,86.64,52.30770284113071
2025-10-16 09:59:47.950304,47.37,32.22,72.48,76.93,52.38355576890316
2025-10-16 09:59:48.950303,90.95,93.96,182.93,99.41,52.46922518952403
2025-10-16 09:59:49.950303,49.38,49.65,293.49,99.34,52.234347215330324
2025-10-16 09:59:50.950302,82.18,90.76,75.91,28.12,52.24524072246304
2025-10-16 09:59:51.950302,78.38,33.33,279.75,136.38,52.40887030356607
2025-10-16 09:59:52.950302,28.32,92.67,120.19,53.18,52.3165609310088
2025-10-16 09:59:53.950301,11.06,44.24,174.75,114.59,52.46055379088346
2025-10-16 09:59:54.950301,85.1,94.54,195.02,96.24,52.43805030791613
2025-10-16 09:59:55.950300,88.7,41.59,75.22,34.21,52.181497424924565
2025-10-16 09:59:56.950300,24.85,20.88,272.04,20.09,51.80544579501716
2025-10-16 09:59:57.950299,72.69,85.03,163.69,97.11,52.46604063197917
2025-10-16 09:59:58.950299,58.6,95.33,252.09,147.98,52.62529000620319
2025-10-16 09:59:59.950298,85.83,39.35,116.07,102.28,52.467415875728214
2025-10-16 10:00:00.950298,38.1,30.8,114.07,43.3,52.15446212044485
2025-10-16 10:00:01.950298,54.28,96.81,64.93,47.21,52.36852199126374
2025-10-16 10:00:02.950297,92.74,67.69,72.63,68.85,52.41131345056485
2025-10-16 10:00:03.950297,45.54,69.84,246.97,10.54,51.88582060289022
2025-10-16 10:00:04.950296,49.55,34.43,292.21,149.47,52.46064625527813
2025-10-16 10:00:05.950296,77.44,21.14,242.47,57.82,52.0369358299639
2025-10-16 10:00:06.950295,83.98,34.09,82.66,60.62,52.290832746937596
2025-10-16 10:00:07.950295,93.78,79.29,117.08,62.13,52.34011228332434
2025-10-16 10:00:08.950294,24.64,26.9,56.63,14.97,52.08036299013366
2025-10-16 10:00:09.950294,93.58,29.77,82.1,41.14,52.184427767394894
2025-10-16 10:00:10.950293,72.07,30.74,246.0,144.14,52.48848789957576
2025-10-16 10:00:11.950293,15.39,94.31,259.19,118.5,52.464314979611174
2025-10-16 10:00:12.950292,94.29,52.26,198.83,126.14,52.502369474844485
2025-10-16 10:00:13.950292,79.94,33.77,56.33,25.84,52.14922543673889
2025-10-16 10:00:14.950292,32.41,50.49,135.66,26.78,52.07998426488364
2025-10-16 10:00:15.950291,83.46,88.84,157.66,28.08,52.13156167055676
2025-10-16 10:00:16.950291,90.95,85.72,173.54,30.83,52.118123182261165
2025-10-16 10:00:17.950290,25.45,37.1,242.75,77.64,52.16805892545896
2025-10-16 10:00:18.950290,79.5,55.89,240.99,105.34,52.34737084501363
2025-10-16 10:00:19.950289,92.89,83.59,184.62,144.73,52.676575132299305
2025-10-16 10:00:20.950289,67.39,24.37,249.9,85.18,52.171951183538766
2025-10-16 10:00:21.950288,15.76,52.32,250.69,98.83,52.294406709606825
2025-10-16 10:00:22.950288,46.01,85.98,213.08,105.5,52.44411971011548
2025-10-16 10:00:23.950287,17.01,95.67,281.5,81.57,52.249775014080925
2025-10-16 10:00:24.950287,90.17,26.57,97.05,65.6,52.28215052844697
2025-10-16 10:00:25.950287,56.18,97.52,204.52,87.35,52.38601596223382
2025-10-16 10:00:26.950286,11.89,32.82,90.39,94.65,52.45051756423762
2025-10-16 10:00:27.950286,83.08,52.59,51.87,86.07,52.49714515626283
2025-10-16 10:00:28.950285,64.88,66.49,229.08,44.16,52.073778559383626
2025-10-16 10:00:29.950285,23.53,28.45,218.11,73.26,52.16212223173778
2025-10-16 10:00:30.950284,74.8,65.98,113.7,74.15,52.379726810210904
2025-10-16 10:00:31.950284,12.34,72.26,199.08,134.97,52.58566468231944
2025-10-16 10:00:32.950283,19.8,68.41,84.6,141.96,52.7673061172083
2025-10-16 10:00:33.950283,33.79,95.4,176.31,67.74,52.32034562920819
2025-10-16 10:00:34.950282,24.28,84.87,90.41,109.07,52.62474092697278
2025-10-16 10:00:35.950282,56.24,95.22,224.97,65.44,52.24301134621299
2025-10-16 10:00:36.950282,87.12,61.63,87.97,43.73,52.25158797359816
2025-10-16 10:00:37.950281,26.87,32.98,171.8,68.49,52.20891010794888
2025-10-16 10:00:38.950281,77.81,44.61,75.09,68.86,52.36321344787789
2025-10-16 10:00:39.950280,41.98,72.65,271.92,69.91,52.158788606243085
2025-10-16 10:00:40.950280,19.44,23.16,133.13,117.67,52.49108005506697
2025-10-16 10:00:41.950279,39.11,28.38,84.04,57.04,52.25973432986008
2025-10-16 10:00:42.950279,24.68,22.13,299.96,148.47,52.42127138506305
2025-10-16 10:00:43.950278,42.54,27.5,186.36,34.53,52.006540580493336
2025-10-16 10:00:44.950278,57.68,21.99,202.38,47.58,52.04049028151429
2025-10-16 10:00:45.950277,68.13,57.18,271.13,68.95,52.124921229166254
2025-10-16 10:00:46.950277,69.3,39.14,204.88,67.75,52.17271997939652
2025-10-16 10:00:47.950277,86.93,39.4,106.47,107.78,52.508285190251556
2025-10-16 10:00:48.950276,19.87,65.75,148.53,55.44,52.237663883683084
2025-10-16 10:00:49.950276,37.99,83.41,223.58,72.44,52.25741808601634
2025-10-16 10:00:50.950275,67.44,56.83,157.09,37.12,52.11595830756284
2025-10-16 10:00:51.950275,83.81,81.98,242.69,88.61,52.310965918422724
2025-10-16 10:00:52.950274,89.22,34.51,242.62,133.52,52.44650844267221
2025-10-16 10:00:53.950274,80.66,94.19,106.11,141.83,52.78786572398765
2025-10-16 10:00:54.950273,94.08,46.69,88.01,105.17,52.533999995223766
2025-10-16 10:00:55.950273,88.8,20.85,276.34,87.35,52.14061858487202
2025-10-16 10:00:56.950272,72.34,22.87,161.52,126.15,52.4953973738707
2025-10-16 10:00:57.950272,77.03,42.28,293.58,118.69,52.318008444642885
2025-10-16 10:00:58.950271,38.75,62.59,275.98,10.18,51.830962967703364
2025-10-16 10:00:59.950271,25.97,48.17,294.98,11.04,51.78179608428534
2025-10-16 10:01:00.950270,31.5,86.24,275.01,126.12,52.46602893515803
2025-10-16 10:01:01.950270,28.48,40.19,285.11,123.54,52.34990695832407
2025-10-16 10:01:02.950270,82.58,22.17,137.14,56.71,52.17471003879499
2025-10-16 10:01:03.950269,20.0,59.55,97.99,81.06,52.423355388936486
2025-10-16 10:01:04.950269,18.68,86.66,206.16,146.91,52.66467670749123
2025-10-16 10:01:05.950268,88.4,55.62,197.64,103.06,52.39348199961652
2025-10-16 10:01:06.950268,71.48,73.96,236.78,50.58,52.110506099695485
2025-10-16 10:01:07.950267,82.17,62.37,170.01,93.4,52.39471475092319
2025-10-16 10:01:08.950267,38.14,60.73,67.73,23.11,52.17246833674627
2025-10-16 10:01:09.950266,22.84,83.71,281.18,118.0,52.41166195427702
2025-10-16 10:01:10.950266,28.8,88.48,147.83,18.61,52.09604616911872
2025-10-16 10:01:11.950265,66.13,94.27,297.79,98.85,52.31279447800494
2025-10-16 10:01:12.950265,54.82,56.49,187.57,101.15,52.39900746638812
2025-10-16 10:01:13.950265,27.38,91.49,263.57,46.48,52.087818814956975
2025-10-16 10:01:14.950264,13.46,23.72,201.21,14.73,51.87887536123623
2025-10-16 10:01:15.950264,77.2,46.51,68.43,34.49,52.20159262566036
2025-10-16 10:01:16.950263,63.98,44.46,68.96,72.52,52.38970714911345
2025-10-16 10:01:17.950263,54.16,71.09,155.55,146.99,52.70276865588428
2025-10-16 10:01:18.950262,19.07,73.81,118.11,135.73,52.70122800196623
2025-10-16 10:01:19.950262,90.23,63.44,120.31,145.67,52.728519101497476
2025-10-16 10:01:20.950261,18.41,47.7,114.72,102.42,52.48616341164962
2025-10-16 10:01:21.950261,42.37,93.82,262.86,105.4,52.39201992394163
2025-10-16 10:01:22.950260,20.92,61.04,256.17,67.04,52.14282134819925
2025-10-16 10:01:23.950260,84.33,86.11,75.66,31.3,52.25266299679083
2025-10-16 10:01:24.950260,41.3,25.16,60.98,142.56,52.71801483940645
2025-10-16 10:01:25.950259,70.72,76.03,204.68,84.08,52.32746385417496
2025-10-16 10:01:26.950259,73.14,85.06,148.37,93.6,52.468869816287416
2025-10-16 10:01:27.950258,17.27,72.59,56.1,87.22,52.536160330887895
2025-10-16 10:01:28.950258,41.52,64.31,297.63,94.61,52.23329550386598
2025-10-16 10:01:29.950257,18.25,36.54,221.12,64.84,52.13111284009077
2025-10-16 10:01:30.950257,10.59,51.18,151.58,52.95,52.19263334798122
2025-10-16 10:01:31.950256,26.08,37.68,210.1,98.76,52.320093952801955
2025-10-16 10:01:32.950256,10.33,73.18,204.68,24.79,52.02132956428338
2025-10-16 10:01:33.950255,72.73,45.16,134.21,81.61,52.349558113984735
2025-10-16 10:01:34.950255,18.48,71.89,213.57,15.15,51.9580143457628
2025-10-16 10:01:35.950255,91.99,90.85,271.86,60.97,52.148909583515234
2025-10-16 10:01:36.950254,38.74,80.72,60.17,102.94,52.62619382555781
2025-10-16 10:01:37.950254,57.8,44.12,127.7,32.5,52.10729221865183
2025-10-16 10:01:38.950253,60.8,50.55,130.29,79.56,52.354900826665386
2025-10-16 10:01:39.950253,27.58,79.49,268.52,44.31,52.04685393717274
2025-10-16 10:01:40.950252,69.49,49.41,114.05,123.26,52.596043050123086
2025-10-16 10:01:41.950252,91.6,40.4,298.27,25.05,51.833310766988205
2025-10-16 10:01:42.950251,72.64,21.66,262.26,51.04,51.9770050306532
2025-10-16 10:01:43.950251,61.15,63.9,251.65,80.37,52.22202887517057
2025-10-16 10:01:44.950250,16.25,21.11,53.37,32.84,52.164088133599016
2025-10-16 10:01:45.950250,20.72,90.78,133.25,38.42,52.220523740155315
2025-10-16 10:01:46.950250,13.43,28.47,181.72,32.42,52.003956868108745
2025-10-16 10:01:47.950249,54.73,28.43,167.8,24.64,51.98312198975797
2025-10-16 10:01:48.950249,74.96,73.82,122.92,49.17,52.255936932375946
2025-10-16 10:01:49.950248,59.71,57.44,52.91,44.54,52.29461908763895
2025-10-16 10:01:50.950248,30.84,30.62,294.73,124.78,52.32468319551397
2025-10-16 10:01:51.950247,52.33,24.4,141.25,106.31,52.42499445098246
2025-10-16 10:01:52.950247,10.5,73.93,118.91,61.87,52.32592204552614
2025-10-16 10:01:53.950246,34.23,31.88,71.85,35.09,52.17161488289154
2025-10-16 10:01:54.950246,47.79,32.31,232.85,23.65,51.89831579858811
2025-10-16 10:01:55.950245,72.87,91.07,68.58,53.01,52.38187387715609
2025-10-16 10:01:56.950245,11.12,45.7,196.58,63.75,52.17632976473657
2025-10-16 10:01:57.950244,57.87,57.31,187.95,23.49,52.00635981413806
2025-10-16 10:01:58.950244,24.37,43.11,227.07,66.81,52.14587962307317
2025-10-16 10:01:59.950244,42.87,70.33,99.82,76.43,52.418372248405305
2025-10-16 10:02:00.950243,18.22,49.2,216.97,54.73,52.110027481976914
2025-10-16 10:02:01.950243,78.91,32.23,217.11,46.82,52.03676084911583
2025-10-16 10:02:02.950242,75.19,39.18,241.76,115.0,52.362842395903776
2025-10-16 10:02:03.950242,92.66,29.8,191.82,100.68,52.339056079493254
2025-10-16 10:02:04.950241,94.74,61.31,203.0,114.23,52.453974216764124
2025-10-16 10:02:05.950241,72.1,52.37,203.38,136.62,52.54960795776758
2025-10-16 10:02:06.950240,14.55,51.21,153.72,121.88,52.539289208526775
2025-10-16 10:02:07.950240,16.74,36.82,184.68,129.03,52.50601477727727
2025-10-16 10:02:08.950239,11.25,95.89,121.27,34.45,52.22640825266307
2025-10-16 10:02:09.950239,31.98,89.12,114.67,17.97,52.1385607167502
2025-10-16 10:02:10.950239,76.99,63.42,208.76,64.33,52.197352173462846
2025-10-16 10:02:11.950238,18.6,34.56,152.96,108.28,52.43900468184834
2025-10-16 10:02:12.950238,36.32,95.64,297.67,94.89,52.29554077900627
2025-10-16 10:02:13.950237,60.99,55.45,148.63,134.12,52.61641727590761
2025-10-16 10:02:14.950237,85.0,25.8,284.97,90.79,52.15609246996387
2025-10-16 10:02:15.950236,66.99,33.67,100.05,94.3,52.4374267017504
2025-10-16 10:02:16.950236,34.57,32.81,203.65,115.24,52.40284202253422
2025-10-16 10:02:17.950235,79.44,79.31,198.28,87.44,52.35946409714928
2025-10-16 10:02:18.950235,16.03,43.21,132.91,45.77,52.16580776469839
2025-10-16 10:02:19.950234,28.53,53.83,139.77,72.09,52.31067558321977
2025-10-16 10:02:20.950234,36.59,97.96,217.3,135.51,52.61388235429112
2025-10-16 10:02:21.950233,92.64,39.69,108.78,121.14,52.573481937564246
2025-10-16 10:02:22.950232,56.7,54.82,102.34,40.3,52.20167412413188
2025-10-16 10:02:23.950231,41.4,76.43,233.28,35.3,52.04253573806872
2025-10-16 10:02:24.950231,18.73,74.08,250.4,68.84,52.18503205372765
2025-10-16 10:02:25.950231,42.68,53.55,169.07,137.76,52.60374011271781
2025-10-16 10:02:26.950230,51.8,59.62,56.06,94.24,52.5466020877585
2025-10-16 10:02:27.950230,35.67,42.24,298.72,113.99,52.2872018391765
2025-10-16 10:02:28.950229,64.12,39.66,272.41,29.83,51.890822883881086
2025-10-16 10:02:29.950229,31.54,31.93,127.03,132.48,52.591396265398544
2025-10-16 10:02:30.950228,67.03,82.77,93.78,22.77,52.17860108889336
2025-10-16 10:02:31.950228,76.68,74.0,237.78,64.75,52.181082311309716
2025-10-16 10:02:32.950227,29.81,81.94,209.21,78.18,52.30295406347597
2025-10-16 10:02:33.950227,72.16,73.57,83.32,110.39,52.61899343901297
2025-10-16 10:02:34.950226,31.33,66.21,57.96,134.08,52.75884298474223
2025-10-16 10:02:35.950226,54.62,79.59,285.56,124.87,52.432606607086505
2025-10-16 10:02:36.950225,42.53,21.1,282.79,64.96,52.01892979004729
2025-10-16 10:02:37.950225,25.31,70.05,121.03,77.22,52.39336002075656
2025-10-16 10:02:38.950225,76.71,28.98,270.37,132.89,52.39531565981363
2025-10-16 10:02:39.950224,58.81,39.18,190.49,51.13,52.10785330769881
2025-10-16 10:02:40.950224,48.0,72.6,154.55,54.49,52.23807658022263
2025-10-16 10:02:41.950223,80.4,79.22,293.56,50.43,52.04374229096106
2025-10-16 10:02:42.950223,85.37,36.59,195.88,95.72,52.321652962977105
2025-10-16 10:02:43.950222,23.03,92.99,275.81,100.81,52.34975136687813
2025-10-16 10:02:44.950222,12.6,88.43,101.16,122.68,52.68622902313196
2025-10-16 10:02:45.950221,38.86,84.38,156.15,47.65,52.22414081982665
2025-10-16 10:02:46.950221,74.5,95.78,50.25,36.5,52.33192874066825
2025-10-16 10:02:47.950220,88.35,94.98,168.49,40.81,52.19349419889307
2025-10-16 10:02:48.950220,85.82,59.22,115.4,75.35,52.370392759268405
2025-10-16 10:02:49.950220,27.14,68.7,85.5,77.6,52.440360607628406
2025-10-16 10:02:50.950219,18.63,49.29,68.33,126.6,52.67412030637975
2025-10-16 10:02:51.950219,31.51,41.79,160.79,114.22,52.47265777632175
2025-10-16 10:02:52.950218,56.13,23.46,169.09,110.53,52.4071891497467
2025-10-16 10:02:53.950218,83.64,49.17,291.06,140.93,52.44753512249666
2025-10-16 10:02:54.950217,43.91,56.8,243.92,89.09,52.262819349894485
2025-10-16 10:02:55.950217,76.1,27.01,170.7,124.72,52.483868377663946
2025-10-16 10:02:56.950216,89.56,61.65,197.48,16.89,51.96853804496374
2025-10-16 10:02:57.950216,59.72,52.84,68.93,109.53,52.5936693364225
2025-10-16 10:02:58.950215,76.04,54.58,232.06,129.81,52.48087462101169
2025-10-16 10:02:59.950215,47.07,74.4,73.06,82.57,52.493334307436115
2025-10-16 10:03:00.950214,46.02,61.35,156.27,82.91,52.35799441300662
2025-10-16 10:03:01.950214,51.19,53.87,139.67,106.24,52.48402573183632
2025-10-16 10:03:02.950214,27.87,50.98,148.75,130.64,52.589926866286035
2025-10-16 10:03:03.950213,25.97,25.71,64.8,28.41,52.13522268292478
2025-10-16 10:03:04.950213,79.73,34.59,84.75,92.01,52.448143771824924
2025-10-16 10:03:05.950212,44.26,59.41,249.84,64.91,52.13735274778057
2025-10-16 10:03:06.950212,39.16,82.46,205.89,40.85,52.119160886867064
2025-10-16 10:03:07.950211,83.73,59.71,210.28,12.37,51.92466883648897
2025-10-16 10:03:08.950211,94.6,36.56,233.29,115.64,52.37236661797547
2025-10-16 10:03:09.950210,84.39,29.8,170.2,138.31,52.55886141198193
2025-10-16 10:03:10.950210,40.93,41.27,82.96,99.55,52.50175439552208
2025-10-16 10:03:11.950209,76.89,98.64,299.81,140.6,52.530244022304
2025-10-16 10:03:12.950209,89.18,97.98,180.24,116.55,52.56754654444792
2025-10-16 10:03:13.950208,68.01,98.27,296.77,25.42,51.949651337539045
2025-10-16 10:03:14.950208,80.36,39.23,169.1,69.19,52.22822846603618
2025-10-16 10:03:15.950207,88.93,94.6,184.1,145.57,52.7029262078881
2025-10-16 10:03:16.950207,26.27,85.21,296.43,56.84,52.084027284922726
2025-10-16 10:03:17.950206,60.12,20.69,157.11,106.43,52.39710242265302
2025-10-16 10:03:18.950206,44.72,98.04,94.26,86.25,52.529468139527125
2025-10-16 10:03:19.950206,67.64,54.54,288.08,15.59,51.82650515493043
2025-10-16 10:03:20.950205,11.38,22.15,152.44,87.53,52.31038697734242
2025-10-16 10:03:21.950205,43.99,29.36,197.39,84.06,52.24646136452957
2025-10-16 10:03:22.950204,71.02,21.96,199.96,101.62,52.317659841950395
2025-10-16 10:03:23.950204,44.5,36.41,142.59,50.47,52.163427989397206
2025-10-16 10:03:24.950203,48.62,85.94,190.22,12.69,52.00419002878693
2025-10-16 10:03:25.950203,36.24,89.18,211.08,146.9,52.662917927292916
2025-10-16 10:03:26.950202,36.28,89.03,102.08,41.51,52.27463348954425
2025-10-16 10:03:27.950202,21.36,71.97,122.1,16.2,52.08628722793723
2025-10-16 10:03:28.950201,36.8,21.32,206.57,105.32,52.32630136233853
2025-10-16 10:03:29.950201,85.77,94.69,101.43,28.48,52.22044318896475
2025-10-16 10:03:30.950201,79.03,35.41,188.01,145.25,52.58103884765111
2025-10-16 10:03:31.950200,76.17,51.43,251.14,107.57,52.33638439428057
2025-10-16 10:03:32.950200,38.37,83.99,296.25,22.55,51.90805029619784
2025-10-16 10:03:33.950199,56.0,64.63,62.36,116.19,52.65916491464446
2025-10-16 10:03:34.950199,10.03,52.43,99.52,79.54,52.39975979993531
2025-10-16 10:03:35.950198,21.53,67.85,264.72,106.58,52.34504146243705
2025-10-16 10:03:36.950198,93.08,58.71,212.2,118.73,52.45938612898151
2025-10-16 10:03:37.950197,29.65,60.46,162.59,87.94,52.37328246222013
2025-10-16 10:03:38.950197,63.5,44.28,192.37,46.46,52.09156306419161
2025-10-16 10:03:39.950196,42.76,91.27,234.25,75.27,52.27271532559574
2025-10-16 10:03:40.950196,90.43,98.16,201.16,56.61,52.23592051529357
2025-10-16 10:03:41.950196,53.63,67.51,204.28,105.55,52.42029649934568
2025-10-16 10:03:42.950195,85.42,40.15,299.83,140.65,52.416814887831876
2025-10-16 10:03:43.950195,42.63,66.6,156.76,97.21,52.4400382609296
2025-10-16 10:03:44.950194,43.16,67.05,126.66,62.24,52.30402494208466
2025-10-16 10:03:45.950194,50.71,54.25,92.45,62.81,52.32796752937491
2025-10-16 10:03:46.950193,22.84,30.03,90.79,45.06,52.193141224011576
2025-10-16 10:03:47.950193,46.71,37.71,291.49,23.02,51.82689350674384
2025-10-16 10:03:48.950192,38.57,41.81,136.76,28.54,52.07056396768511
2025-10-16 10:03:49.950192,93.59,52.23,118.05,126.7,52.613593540038295
2025-10-16 10:03:50.950191,11.9,20.92,299.99,50.13,51.920302770422275
2025-10-16 10:03:51.950191,55.74,22.06,190.96,46.16,52.04875779107391
2025-10-16 10:03:52.950190,94.43,61.92,82.8,71.81,52.401455653629554
2025-10-16 10:03:53.950190,91.24,76.9,251.9,139.42,52.54633390398876
2025-10-16 10:03:54.950190,25.72,61.09,130.12,50.94,52.23050856041944
2025-10-16 10:03:55.950189,43.33,55.71,293.58,149.94,52.50254053879086
2025-10-16 10:03:56.950189,76.06,60.18,190.1,132.47,52.56157161724976
2025-10-16 10:03:57.950188,67.68,84.58,133.68,75.65,52.396652424046074
2025-10-16 10:03:58.950188,27.93,96.07,233.71,69.45,52.25326044212052
2025-10-16 10:03:59.950187,42.92,77.02,184.89,97.92,52.42612255394264
2025-10-16 10:04:00.950187,68.45,42.43,195.23,45.85,52.0810361384128
2025-10-16 10:04:01.950186,46.55,38.02,215.43,101.32,52.326578390849484
2025-10-16 10:04:02.950186,62.98,84.54,260.57,28.65,51.987944277103416
2025-10-16 10:04:03.950185,70.35,33.62,201.17,35.6,52.003975883407605
2025-10-16 10:04:04.950185,68.35,25.17,228.55,97.76,52.26594679115743
2025-10-16 10:04:05.950184,59.6,42.7,267.26,149.32,52.50944990313996
2025-10-16 10:04:06.950184,73.26,58.72,210.19,41.0,52.06801807507787
2025-10-16 10:04:07.950184,39.05,66.25,78.11,63.86,52.37585969899422
2025-10-16 10:04:08.950183,92.36,29.36,278.93,76.61,52.09922691024162
2025-10-16 10:04:09.950183,46.43,25.99,180.98,140.54,52.54829227499836
2025-10-16 10:04:10.950182,66.94,79.81,225.31,86.3,52.31836950502179
2025-10-16 10:04:11.950182,86.67,77.23,143.32,130.16,52.645790917021294
2025-10-16 10:04:12.950181,46.21,93.93,94.26,115.37,52.669118146120894
2025-10-16 10:04:13.950181,11.78,54.43,289.46,138.65,52.448344652731166
2025-10-16 10:04:14.950180,81.94,51.89,243.13,27.31,51.941118543689015
2025-10-16 10:04:15.950180,44.4,89.97,134.04,42.55,52.238828058351444
2025-10-16 10:04:16.950179,75.0,71.02,153.95,118.74,52.56155497776167
2025-10-16 10:04:17.950179,35.32,98.26,265.68,17.96,51.95354701745048
2025-10-16 10:04:18.950178,39.43,53.15,124.71,123.85,52.591991222483685
2025-10-16 10:04:19.950178,48.51,93.91,255.0,14.42,51.941484063503864
2025-10-16 10:04:20.950178,63.23,86.93,287.65,88.08,52.25754092583404
2025-10-16 10:04:21.950177,37.5,28.3,102.97,53.68,52.21713130619722
2025-10-16 10:04:22.950177,56.04,56.76,241.25,130.36,52.47556206014923
2025-10-16 10:04:23.950176,38.6,49.18,148.81,60.5,52.230743591774804
2025-10-16 10:04:24.950176,65.83,56.39,200.33,34.4,52.04326551482256
2025-10-16 10:04:25.950175,81.91,28.71,222.23,97.04,52.27765953876887
2025-10-16 10:04:26.950175,70.14,41.58,94.85,27.71,52.12217112073452
2025-10-16 10:04:27.950174,75.38,41.96,101.56,56.66,52.26067620769177
2025-10-16 10:04:28.950174,59.44,43.44,76.67,117.51,52.60547106136712
2025-10-16 10:04:29.950173,77.29,53.98,180.34,118.72,52.49291474568258
2025-10-16 10:04:30.950173,23.87,48.5,71.92,38.97,52.22348766705968
2025-10-16 10:04:31.950172,62.13,43.6,76.69,58.13,52.30470255837581
2025-10-16 10:04:32.950172,89.81,93.82,230.45,139.38,52.60780505188702
2025-10-16 10:04:33.950172,53.24,49.15,122.47,21.02,52.065884543968785
2025-10-16 10:04:34.950171,62.23,67.44,194.71,40.34,52.102397470623586
2025-10-16 10:04:35.950171,82.96,73.27,138.15,43.32,52.20476355905666
2025-10-16 10:04:36.950170,16.98,86.97,286.21,48.05,52.056602405165634
2025-10-16 10:04:37.950170,51.08,68.96,157.31,26.61,52.08594858743425
2025-10-16 10:04:38.950169,58.8,50.21,250.21,98.37,52.28861883706023
2025-10-16 10:04:39.950169,91.05,42.31,115.5,66.13,52.290654803529115
2025-10-16 10:04:40.950168,58.56,51.52,185.51,133.64,52.55683747015547
2025-10-16 10:04:41.950168,33.54,80.32,279.92,30.52,51.963248460772114
2025-10-16 10:04:42.950167,93.43,29.14,215.08,78.69,52.195060373694794
2025-10-16 10:04:43.950167,26.9,62.08,266.76,38.4,51.98542283224928
2025-10-16 10:04:44.950167,26.07,85.54,187.93,143.38,52.66907638485057
2025-10-16 10:04:45.950166,60.95,70.16,75.74,92.71,52.532906624707266
2025-10-16 10:04:46.950166,69.71,29.16,89.68,115.07,52.54788672765706
2025-10-16 10:04:47.950165,68.54,23.83,122.83,39.53,52.110044738101195
2025-10-16 10:04:48.950165,30.17,67.26,286.88,111.8,52.34061132342655
2025-10-16 10:04:49.950164,60.52,92.26,100.6,62.21,52.38784433530703
2025-10-16 10:04:50.950164,64.49,54.21,292.55,34.65,51.91649605720507
2025-10-16 10:04:51.950163,81.21,89.77,106.24,31.82,52.22135919510911
2025-10-16 10:04:52.950163,65.48,74.9,157.71,53.14,52.23145930855217
2025-10-16 10:04:53.950162,94.19,21.19,138.47,43.3,52.10303248837924
2025-10-16 10:04:54.950162,31.32,43.6,286.74,108.83,52.27976625996308
2025-10-16 10:04:55.950161,27.62,35.97,277.13,63.15,52.04624636540027
2025-10-16 10:04:56.950161,53.09,37.29,248.08,122.14,52.386884835533294
2025-10-16 10:04:57.950161,10.19,64.81,92.09,29.21,52.17862093093126
2025-10-16 10:04:58.950160,32.55,61.15,187.01,125.64,52.53297702677963
2025-10-16 10:04:59.950160,29.68,47.78,272.85,17.25,51.84223096948565
2025-10-16 10:05:00.950159,86.29,56.16,208.81,144.41,52.58917781778393
2025-10-16 10:05:01.950159,32.73,51.94,182.56,52.81,52.15181122923107
2025-10-16 10:05:02.950158,35.27,23.46,89.92,42.01,52.16607926301052
2025-10-16 10:05:03.950158,75.42,47.17,183.52,54.36,52.149111968710635
2025-10-16 10:05:04.950157,35.73,42.36,203.14,120.77,52.450120632136404
2025-10-16 10:05:05.950157,15.66,94.93,202.71,126.96,52.584233004066725
2025-10-16 10:05:06.950156,23.35,25.77,124.96,83.73,52.335046052621905
2025-10-16 10:05:07.950156,39.15,63.77,126.96,41.18,52.19047585478421
2025-10-16 10:05:08.950155,39.14,92.58,73.3,29.85,52.26105206429976
2025-10-16 10:05:09.950155,24.29,47.63,217.65,77.17,52.21983311801626
2025-10-16 10:05:10.950154,42.68,30.48,275.6,120.21,52.32692265231944
2025-10-16 10:05:11.950154,85.67,41.6,238.01,55.56,52.07122229283169
2025-10-16 10:05:12.950154,44.19,48.81,167.19,77.07,52.289359142268005
2025-10-16 10:05:13.950153,14.35,51.51,102.57,22.31,52.103725404581766
2025-10-16 10:05:14.950153,13.09,68.79,89.18,54.93,52.32065991477648
2025-10-16 10:05:15.950152,79.63,57.55,259.5,13.13,51.85824930395343
2025-10-16 10:05:16.950152,49.23,98.56,140.1,138.19,52.73227289500852
2025-10-16 10:05:17.950151,31.87,75.06,121.78,20.19,52.11295022393701
2025-10-16 10:05:18.950151,84.95,52.65,135.59,40.34,52.15302375266871
2025-10-16 10:05:19.950150,29.66,90.4,71.04,34.02,52.28099151808641
2025-10-16 10:05:20.950150,55.98,76.38,152.89,99.98,52.478281422107834
2025-10-16 10:05:21.950149,53.54,86.28,296.53,93.18,52.27021355537106
2025-10-16 10:05:22.950149,56.54,76.58,192.37,141.01,52.63368939550359
2025-10-16 10:05:23.950148,11.0,27.16,99.93,76.31,52.33372970873019
2025-10-16 10:05:24.950148,38.72,23.15,172.11,122.41,52.462763357845006
2025-10-16 10:05:25.950147,48.87,42.38,72.54,30.43,52.1674659521398
2025-10-16 10:05:26.950147,30.55,20.47,242.36,149.05,52.498311472198345
2025-10-16 10:05:27.950147,63.92,84.25,143.79,147.9,52.74874158385384
2025-10-16 10:05:28.950146,72.05,76.34,138.34,136.74,52.68410705800037
2025-10-16 10:05:29.950146,29.82,79.8,170.26,22.84,52.070514122348875
2025-10-16 10:05:30.950145,10.98,88.48,196.4,117.27,52.5310428085698
2025-10-16 10:05:31.950145,46.3,44.23,228.23,119.81,52.41520512034333
2025-10-16 10:05:32.950144,46.22,58.98,87.83,66.68,52.36298146549943
2025-10-16 10:05:33.950144,30.81,50.6,204.55,136.91,52.54606816637366
2025-10-16 10:05:34.950143,41.09,31.55,250.9,73.19,52.123772180318674
2025-10-16 10:05:35.950143,59.92,69.51,155.91,97.19,52.44673255890323
2025-10-16 10:05:36.950142,72.52,62.21,209.49,98.5,52.36726052876426
2025-10-16 10:05:37.950142,88.35,77.0,109.77,91.88,52.496306226662526
2025-10-16 10:05:38.950142,17.74,22.5,119.54,77.92,52.306511679744716
2025-10-16 10:05:39.950141,73.99,40.33,87.76,101.86,52.50519559710973
2025-10-16 10:05:40.950141,30.48,78.37,115.65,133.31,52.701122033421235
2025-10-16 10:05:41.950140,83.84,89.75,270.42,14.0,51.910570525663694
2025-10-16 10:05:42.950140,82.91,63.52,229.12,120.28,52.45387687994245
2025-10-16 10:05:43.950139,82.16,47.42,68.88,36.61,52.213505059558415
2025-10-16 10:05:44.950139,18.54,20.63,139.24,30.34,52.03520430969564
2025-10-16 10:05:45.950138,46.85,79.43,161.27,90.68,52.42580797114996
2025-10-16 10:05:46.950138,28.49,43.38,262.4,145.16,52.49620465129564
2025-10-16 10:05:47.950137,83.48,73.97,51.33,100.61,52.613131780799115
2025-10-16 10:05:48.950137,68.43,89.07,121.97,117.51,52.633324694120866
2025-10-16 10:05:49.950136,70.9,48.0,142.38,25.23,52.058266115610735
2025-10-16 10:05:50.950136,49.17,89.92,160.66,111.53,52.55271875976501
2025-10-16 10:05:51.950136,32.45,44.81,146.39,96.78,52.40943781973528
2025-10-16 10:05:52.950135,58.06,29.05,189.74,11.75,51.889521952876144
2025-10-16 10:05:53.950135,86.59,95.16,214.06,60.57,52.232850328829905
2025-10-16 10:05:54.950134,21.6,67.35,291.51,145.8,52.506948346939474
2025-10-16 10:05:55.950134,16.09,95.31,222.52,91.57,52.37895255874986
2025-10-16 10:05:56.950133,80.59,47.78,291.23,51.07,51.98902181794454
2025-10-16 10:05:57.950133,57.31,86.9,113.87,50.79,52.30171601633466
2025-10-16 10:05:58.950132,38.81,54.8,193.05,104.86,52.40717633146814
2025-10-16 10:05:59.950132,22.78,96.98,273.35,113.18,52.42352208756252
2025-10-16 10:06:00.950132,32.13,90.28,119.99,81.1,52.4537377550511
2025-10-16 10:06:01.950131,25.86,92.0,254.0,30.81,52.0222112524678
2025-10-16 10:06:02.950131,15.29,90.61,145.44,38.55,52.204488014414444
2025-10-16 10:06:03.950130,79.97,61.13,187.74,138.45,52.596904002739954
2025-10-16 10:06:04.950130,76.26,33.91,212.23,22.64,51.92398557424659
2025-10-16 10:06:05.950129,42.69,53.03,259.49,96.91,52.274238518605124
2025-10-16 10:06:06.950129,39.94,63.66,112.94,12.21,52.06220734141736
2025-10-16 10:06:07.950128,39.37,36.08,67.08,46.63,52.24468668690394
2025-10-16 10:06:08.950128,40.29,94.99,67.58,107.81,52.668665811240295
2025-10-16 10:06:09.950127,10.92,86.86,141.45,44.43,52.232368721550635
2025-10-16 10:06:10.950127,40.07,36.4,56.77,10.09,52.073893856395806
2025-10-16 10:06:11.950126,68.8,87.29,187.72,141.16,52.66150359117918
2025-10-16 10:06:12.950126,88.04,88.61,182.95,78.01,52.350305857939496
2025-10-16 10:06:13.950126,21.07,78.51,113.0,103.7,52.5548308863199
2025-10-16 10:06:14.950125,23.84,63.31,275.68,85.39,52.21407436624529
2025-10-16 10:06:15.950125,93.07,85.44,290.97,78.23,52.200249840907475
2025-10-16 10:06:16.950124,23.4,83.55,98.47,104.1,52.58615823017986
2025-10-16 10:06:17.950124,60.08,76.39,285.53,146.15,52.534316901649106
2025-10-16 10:06:18.950123,66.11,55.01,116.28,131.27,52.644541269174375
2025-10-16 10:06:19.950123,15.23,59.02,276.66,71.51,52.13405192606719
2025-10-16 10:06:20.950122,85.8,52.03,240.19,124.58,52.43848967609328
2025-10-16 10:06:21.950122,21.79,46.48,298.05,87.66,52.16284899659633
2025-10-16 10:06:22.950121,23.84,72.5,191.13,72.54,52.280287675205564
2025-10-16 10:06:23.950121,30.59,39.87,117.99,149.74,52.70646778742093
2025-10-16 10:06:24.950121,56.59,68.16,137.21,92.3,52.444421152596846
2025-10-16 10:06:25.950120,52.84,86.28,186.07,58.46,52.2424726636152
2025-10-16 10:06:26.950120,38.68,86.03,80.89,35.99,52.269264505308726
2025-10-16 10:06:27.950119,42.39,28.19,127.86,135.12,52.59639921039647
2025-10-16 10:06:28.950119,56.07,70.2,145.83,95.27,52.45187098097757
2025-10-16 10:06:29.950118,71.24,46.84,94.02,58.82,52.291231992204594
2025-10-16 10:06:30.950118,81.5,85.2,260.56,41.9,52.05641678984266
2025-10-16 10:06:31.950117,10.24,46.33,243.89,49.08,52.039666696695434
2025-10-16 10:06:32.950117,77.51,28.78,184.72,50.27,52.09103018205421
2025-10-16 10:06:33.950116,25.5,30.55,228.93,24.16,51.90274389988761
2025-10-16 10:06:34.950116,57.46,80.4,169.27,71.05,52.3174304689486
2025-10-16 10:06:35.950115,79.89,33.96,177.39,76.77,52.24528914586883
2025-10-16 10:06:36.950115,19.15,50.61,96.84,148.26,52.74822673178819
2025-10-16 10:06:37.950115,47.72,86.82,73.73,34.65,52.27361784737723
2025-10-16 10:06:38.950114,55.66,95.44,159.66,25.84,52.13034501668299
2025-10-16 10:06:39.950114,13.67,63.17,187.24,31.6,52.059817055734875
2025-10-16 10:06:40.950113,29.0,47.67,197.32,130.02,52.51514877987717
2025-10-16 10:06:41.950113,94.56,77.7,78.99,144.77,52.807135789182546
2025-10-16 10:06:42.950112,73.99,51.96,210.46,52.1,52.1107960557097
2025-10-16 10:06:43.950112,34.09,77.55,221.69,90.47,52.339979238994005
2025-10-16 10:06:44.950111,28.69,74.34,289.41,123.52,52.41039214052089
2025-10-16 10:06:45.950111,83.42,95.12,223.38,11.58,51.97188499077813
2025-10-16 10:06:46.950110,61.06,59.13,60.03,98.92,52.56404768723892
2025-10-16 10:06:47.950110,57.2,60.85,201.81,57.8,52.16858161595069
2025-10-16 10:06:48.950110,44.98,24.37,215.11,11.66,51.84591365799341
2025-10-16 10:06:49.950109,88.24,68.38,213.8,31.77,52.03514733857751
2025-10-16 10:06:50.950109,29.1,59.5,296.18,95.24,52.22908948639248
2025-10-16 10:06:51.950108,14.24,29.9,284.72,66.07,52.039066345159476
2025-10-16 10:06:52.950108,30.01,96.77,219.77,10.85,51.97623641281456
2025-10-16 10:06:53.950107,71.74,86.87,226.47,35.06,52.07074769977601
2025-10-16 10:06:54.950107,49.62,61.93,286.52,61.01,52.07323568589672
2025-10-16 10:06:55.950106,38.55,26.28,123.79,98.78,52.41391021125821
2025-10-16 10:06:56.950106,21.92,74.39,140.71,51.87,52.24685114862917
2025-10-16 10:06:57.950105,29.11,31.45,84.48,95.97,52.46248162284295
2025-10-16 10:06:58.950105,37.79,74.64,210.58,133.13,52.56552255525596
2025-10-16 10:06:59.950104,68.13,57.56,260.26,125.68,52.42786931631678
2025-10-16 10:07:00.950104,44.44,49.62,253.74,26.29,51.91729282018926
2025-10-16 10:07:01.950104,57.67,28.09,192.33,23.92,51.945880637280965
2025-10-16 10:07:02.950103,10.04,63.2,111.22,149.3,52.758659475027514
2025-10-16 10:07:03.950103,28.09,93.26,226.35,116.4,52.49571389159856
2025-10-16 10:07:04.950102,10.73,25.22,179.89,57.53,52.12740425576898
2025-10-16 10:07:05.950102,78.93,66.73,292.39,117.77,52.362452033846125
2025-10-16 10:07:06.950101,61.34,27.04,109.26,117.48,52.52970055953978
2025-10-16 10:07:07.950101,43.11,73.28,143.59,148.96,52.73306767043283
2025-10-16 10:07:08.950100,25.29,57.46,166.03,128.4,52.56796437997899
2025-10-16 10:07:09.950100,87.59,74.42,88.08,29.05,52.201866796352945
2025-10-16 10:07:10.950099,26.54,96.49,177.49,91.14,52.43951599608433
2025-10-16 10:07:11.950099,93.37,75.28,163.78,75.93,52.339592783249195
2025-10-16 10:07:12.950099,54.86,33.82,254.34,58.7,52.05010182124344
2025-10-16 10:07:13.950098,76.56,70.99,268.07,55.04,52.08534149883194
2025-10-16 10:07:14.950098,60.07,60.67,55.18,72.22,52.43818386701966
2025-10-16 10:07:15.950097,48.46,97.98,182.09,112.29,52.54346509974571
2025-10-16 10:07:16.950097,87.21,70.98,55.94,127.33,52.73660159714995
2025-10-16 10:07:17.950096,94.36,44.52,157.84,22.28,52.015793304747994
2025-10-16 10:07:18.950096,77.82,46.44,86.72,39.96,52.20463570166806
2025-10-16 10:07:19.950095,62.65,64.43,205.56,96.63,52.367369417343966
2025-10-16 10:07:20.950095,76.93,76.41,193.59,101.91,52.43348692682631
2025-10-16 10:07:21.950094,20.17,50.25,173.23,73.69,52.26691252678178
2025-10-16 10:07:22.950094,41.59,96.36,244.27,132.58,52.55971248230011
2025-10-16 10:07:23.950094,43.21,37.2,59.06,47.72,52.263155716390415
2025-10-16 10:07:24.950093,34.63,78.54,117.21,137.93,52.7227812336775
2025-10-16 10:07:25.950093,15.06,48.8,90.24,46.58,52.238059095393616
2025-10-16 10:07:26.950092,38.17,52.45,132.91,51.93,52.214993399918015
2025-10-16 10:07:27.950092,81.18,24.86,252.42,51.52,51.998866447978926
2025-10-16 10:07:28.950091,55.34,81.24,63.56,97.6,52.59557992600546
2025-10-16 10:07:29.950091,45.48,42.74,122.89,44.13,52.17003114804653
2025-10-16 10:07:30.950090,44.82,34.27,226.13,53.48,52.06238174604356
2025-10-16 10:07:31.950090,31.08,66.02,171.49,21.47,52.03514027259922
2025-10-16 10:07:32.950089,68.97,30.73,231.79,20.57,51.88105320390427
2025-10-16 10:07:33.950089,91.52,42.8,96.23,80.69,52.39129419673218
2025-10-16 10:07:34.950088,73.91,98.13,198.66,24.55,52.07667632896927
2025-10-16 10:07:35.950088,45.36,73.21,249.89,122.15,52.45430422278134
2025-10-16 10:07:36.950088,28.38,71.75,81.52,53.84,52.33116863569884
2025-10-16 10:07:37.950087,46.21,90.01,139.97,44.53,52.24098351539272
2025-10-16 10:07:38.950087,68.52,22.7,215.48,67.5,52.12527686515019
2025-10-16 10:07:39.950086,34.98,28.91,216.09,33.94,51.96637811413603
2025-10-16 10:07:40.950086,89.86,34.46,180.43,104.8,52.38428987080166
2025-10-16 10:07:41.950085,18.15,97.93,60.45,136.6,52.829913737112506
2025-10-16 10:07:42.950085,48.56,24.53,118.91,78.65,52.315003101339414
2025-10-16 10:07:43.950084,38.1,98.67,198.38,71.55,52.31638832765225
2025-10-16 10:07:44.950084,47.68,75.54,79.23,11.4,52.126439535068286
2025-10-16 10:07:45.950083,70.76,46.8,53.32,58.23,52.34280076466902
2025-10-16 10:07:46.950083,15.6,25.39,75.04,85.95,52.4125780564346
2025-10-16 10:07:47.950082,32.7,63.06,195.0,60.58,52.19611251565424
2025-10-16 10:07:48.950082,67.28,68.31,114.02,76.82,52.39736152112014
2025-10-16 10:07:49.950082,89.81,20.39,151.14,128.57,52.5167821996637
2025-10-16 10:07:50.950081,87.11,68.2,106.99,51.94,52.28044529646987
2025-10-16 10:07:51.950081,26.87,77.49,97.48,78.79,52.447391692280455
2025-10-16 10:07:52.950080,83.28,76.35,253.29,119.42,52.44200051620821
2025-10-16 10:07:53.950080,32.74,41.29,247.51,37.39,51.96574596215063
2025-10-16 10:07:54.950079,85.64,60.87,122.27,79.9,52.38744453479848
2025-10-16 10:07:55.950079,22.71,72.66,106.58,62.61,52.343758396127775
2025-10-16 10:07:56.950078,37.65,33.28,297.41,32.05,51.8561194564762
2025-10-16 10:07:57.950078,43.52,59.81,268.75,58.11,52.07826872685556
2025-10-16 10:07:58.950077,54.1,25.4,271.48,16.39,51.79622192985263
2025-10-16 10:07:59.950077,23.63,75.33,161.44,132.71,52.630702014487696
2025-10-16 10:08:00.950077,29.3,29.14,115.86,130.91,52.59301021749971
2025-10-16 10:08:01.950076,64.28,68.99,63.77,128.29,52.72709043945242
2025-10-16 10:08:02.950074,62.16,83.43,80.01,15.62,52.16211911625573
2025-10-16 10:08:03.950074,28.63,29.42,228.5,82.84,52.19862898437607
2025-10-16 10:08:04.950073,74.11,47.85,90.8,144.69,52.732872340883226
2025-10-16 10:08:05.950073,30.65,56.26,102.91,102.24,52.51773867250993
2025-10-16 10:08:06.950072,57.69,86.0,190.82,21.67,52.04902913721607
2025-10-16 10:08:07.950072,85.21,23.17,84.57,75.8,52.34401085949346
2025-10-16 10:08:08.950071,56.22,53.61,273.45,57.56,52.05712311470579
2025-10-16 10:08:09.950071,80.56,88.89,231.75,52.47,52.15585226912951
2025-10-16 10:08:10.950070,46.65,59.94,140.09,25.17,52.084237535259405
2025-10-16 10:08:11.950070,36.25,72.81,123.8,19.75,52.10363557908252
2025-10-16 10:08:12.950069,21.29,39.79,131.85,83.99,52.35435793496058
2025-10-16 10:08:13.950069,22.09,52.49,120.25,11.15,52.02531473139161
2025-10-16 10:08:14.950069,86.68,82.29,264.52,113.82,52.41007557784408
2025-10-16 10:08:15.950068,12.48,20.32,134.18,74.72,52.26639831163491
2025-10-16 10:08:16.950068,71.48,45.13,289.21,123.0,52.35126438589822
2025-10-16 10:08:17.950067,36.88,91.34,298.06,37.18,51.994075834943004
2025-10-16 10:08:18.950067,90.97,81.41,206.32,149.66,52.668202606500046
2025-10-16 10:08:19.950066,23.55,56.09,83.64,45.48,52.25550802783164
2025-10-16 10:08:20.950066,20.08,26.68,187.27,57.9,52.122209864053524
2025-10-16 10:08:21.950065,21.52,86.71,270.1,86.39,52.27210526073014
2025-10-16 10:08:22.950065,80.48,82.21,69.18,41.0,52.30296207234574
2025-10-16 10:08:23.950064,80.5,75.21,256.7,141.49,52.547100947368236
2025-10-16 10:08:24.950064,34.46,66.69,242.62,143.97,52.56202031515713
2025-10-16 10:08:25.950063,22.27,72.76,74.4,58.32,52.36540278033525
2025-10-16 10:08:26.950063,28.25,35.02,127.79,60.3,52.23043269587332
2025-10-16 10:08:27.950063,85.2,96.18,85.46,139.09,52.80556262562389
2025-10-16 10:08:28.950062,34.85,47.44,84.31,12.53,52.07074594080769
2025-10-16 10:08:29.950062,39.82,24.72,222.07,66.06,52.11305460590361
2025-10-16 10:08:30.950061,58.24,65.38,244.04,49.97,52.08099488167142
2025-10-16 10:08:31.950061,57.68,47.69,269.54,48.55,52.005188468361986
2025-10-16 10:08:32.950060,18.84,29.57,250.48,127.68,52.396749134191474
2025-10-16 10:08:33.950060,22.44,90.61,230.88,112.09,52.462631791379636
2025-10-16 10:08:34.950059,10.04,80.81,271.44,22.98,51.937357310222225
2025-10-16 10:08:35.950059,61.55,50.82,85.23,72.94,52.382353377519294
2025-10-16 10:08:36.950058,10.52,48.84,103.83,124.83,52.61661508871493
2025-10-16 10:08:37.950058,50.25,52.93,287.94,115.34,52.32929031502089
2025-10-16 10:08:38.950058,93.65,64.36,260.97,88.45,52.251376137822206
2025-10-16 10:08:39.950057,44.09,47.08,186.38,132.28,52.540146772987086
2025-10-16 10:08:40.950057,87.65,87.61,84.29,130.2,52.74540866513392
2025-10-16 10:08:41.950056,70.82,68.05,54.81,76.67,52.475582336619595
2025-10-16 10:08:42.950056,15.7,93.39,260.46,88.68,52.30963698255152
2025-10-16 10:08:43.950055,24.75,97.76,171.32,16.08,52.06971764626033
2025-10-16 10:08:44.950055,54.31,50.7,93.66,96.53,52.49040303022168
2025-10-16 10:08:45.950054,63.31,71.14,170.49,60.84,52.24603495560072
2025-10-16 10:08:46.950054,22.48,79.08,242.4,89.43,52.30987739191929
2025-10-16 10:08:47.950054,88.16,46.17,99.71,35.58,52.16446630526154
2025-10-16 10:08:48.950053,55.52,81.06,280.12,126.01,52.44854571750053
2025-10-16 10:08:49.950053,65.67,97.43,72.4,65.58,52.4528332949802
2025-10-16 10:08:50.950052,22.43,50.88,215.76,63.06,52.15714890007429
2025-10-16 10:08:51.950052,23.49,91.89,260.53,69.36,52.20867717619444
2025-10-16 10:08:52.950051,13.0,66.49,134.32,32.5,52.141873816956064
2025-10-16 10:08:53.950051,73.65,62.0,133.64,32.87,52.13593774297262
2025-10-16 10:08:54.950050,55.49,82.26,179.38,128.38,52.59813177736558
2025-10-16 10:08:55.950050,84.28,72.27,150.55,35.74,52.14774391526119
2025-10-16 10:08:56.950049,34.36,96.29,135.96,119.56,52.63896682290518
2025-10-16 10:08:57.950049,34.77,92.19,210.54,114.22,52.50380640380888
2025-10-16 10:08:58.950048,84.18,26.16,134.77,23.95,52.01955390895557
2025-10-16 10:08:59.950048,72.6,53.77,271.97,64.1,52.09257820397337
2025-10-16 10:09:00.950048,82.07,23.81,91.13,18.33,52.04507901620671
2025-10-16 10:09:01.950047,23.46,25.16,127.56,38.55,52.10131082199954
2025-10-16 10:09:02.950047,53.76,46.76,108.63,131.42,52.63954038985281
2025-10-16 10:09:03.950046,65.24,44.43,181.46,96.71,52.3612647620118
2025-10-16 10:09:04.950046,72.43,76.57,298.41,18.39,51.86964139279431
2025-10-16 10:09:05.950045,21.98,38.75,236.04,54.73,52.06412085469066
2025-10-16 10:09:06.950045,51.1,52.82,182.57,126.43,52.526756182668954
2025-10-16 10:09:07.950044,45.12,36.43,214.39,142.82,52.535287082825185
2025-10-16 10:09:08.950044,81.96,41.74,186.33,102.06,52.37662404463969
2025-10-16 10:09:09.950043,14.51,89.93,119.17,79.47,52.44589446770532
2025-10-16 10:09:10.950043,12.46,27.68,139.11,87.03,52.33649259249326
2025-10-16 10:09:11.950043,12.21,21.55,274.35,148.43,52.45432172364499
2025-10-16 10:09:12.950042,35.51,77.09,248.31,96.15,52.332146548458596
2025-10-16 10:09:13.950042,21.12,84.89,290.22,121.84,52.421287671220384
2025-10-16 10:09:14.950041,32.63,40.9,98.09,72.37,52.34292338822212
2025-10-16 10:09:15.950041,18.4,83.94,200.84,38.79,52.118372090707666
2025-10-16 10:09:16.950040,11.82,71.8,77.24,103.66,52.58959549550344
2025-10-16 10:09:17.950040,85.22,30.37,268.5,84.75,52.15646051897396
2025-10-16 10:09:18.950039,92.93,52.1,139.17,74.36,52.319628122185804
2025-10-16 10:09:19.950039,75.83,77.65,288.93,17.44,51.87965001299199
2025-10-16 10:09:20.950038,15.08,53.52,170.44,22.39,52.016924608069466
2025-10-16 10:09:21.950038,69.48,33.9,228.18,21.06,51.89454355533776
2025-10-16 10:09:22.950037,13.68,20.75,164.86,44.13,52.07095825484579
2025-10-16 10:09:23.950037,76.14,48.81,200.76,108.91,52.40571969351053
2025-10-16 10:09:24.950037,30.68,53.57,74.84,147.92,52.78178865018224
2025-10-16 10:09:25.950036,48.89,25.52,213.1,104.25,52.32027162696764
2025-10-16 10:09:26.950036,53.41,60.29,276.03,46.15,52.008792016299736
2025-10-16 10:09:27.950035,37.72,97.97,205.28,136.9,52.637085253379375
2025-10-16 10:09:28.950035,61.87,69.92,247.95,89.71,52.28604696839143
2025-10-16 10:09:29.950034,44.94,38.43,208.81,19.66,51.92225147019219
2025-10-16 10:09:30.950034,17.05,76.09,276.51,108.07,52.35277985106069
2025-10-16 10:09:31.950033,18.94,55.54,85.37,122.31,52.64163971959736
2025-10-16 10:09:32.950033,31.06,43.01,200.09,93.05,52.314939651579174
2025-10-16 10:09:33.950032,12.72,40.03,184.06,112.22,52.427859103495194
2025-10-16 10:09:34.950032,17.1,22.66,192.41,137.02,52.50863115567195
2025-10-16 10:09:35.950031,51.48,24.28,152.18,137.64,52.56892924945243
2025-10-16 10:09:36.950031,29.56,30.26,58.43,146.18,52.74970139023863
2025-10-16 10:09:37.950031,44.34,31.76,260.05,80.81,52.15052969943496
2025-10-16 10:09:38.950030,32.85,73.81,129.2,83.86,52.4233628480628
2025-10-16 10:09:39.950030,83.25,25.35,89.7,117.05,52.550494881304864
2025-10-16 10:09:40.950029,93.7,50.59,286.35,126.21,52.381987964233176
2025-10-16 10:09:41.950029,10.67,39.41,119.3,127.49,52.59100933373247
2025-10-16 10:09:42.950028,48.15,42.67,256.11,139.57,52.47492810097092
2025-10-16 10:09:43.950028,69.44,37.0,142.19,74.8,52.288462882691725
2025-10-16 10:09:44.950027,12.9,36.61,175.8,106.34,52.402490921541165
2025-10-16 10:09:45.950027,14.68,21.06,189.93,12.49,51.877492740120566
2025-10-16 10:09:46.950026,44.52,29.28,290.91,115.73,52.28132463178618
2025-10-16 10:09:47.950026,64.12,43.21,260.92,61.04,52.071378463125725
2025-10-16 10:09:48.950025,61.44,96.79,52.93,52.24,52.41009429872952
2025-10-16 10:09:49.950025,87.67,68.78,292.93,74.22,52.14491506324793
2025-10-16 10:09:50.950025,51.64,73.35,183.56,58.57,52.221274771364975
2025-10-16 10:09:51.950024,69.46,65.59,63.31,144.28,52.80216941463488
2025-10-16 10:09:52.950024,42.37,41.25,266.54,139.98,52.46024571252592
2025-10-16 10:09:53.950023,86.13,47.75,143.24,18.53,52.022657271953165
2025-10-16 10:09:54.950023,14.98,55.08,110.14,94.23,52.46512966016328
2025-10-16 10:09:55.950022,94.21,82.38,85.25,103.08,52.596460598575746
2025-10-16 10:09:56.950022,77.15,45.83,173.97,124.15,52.513159086398495
2025-10-16 10:09:57.950021,67.68,78.99,240.0,75.79,52.243770517460746
2025-10-16 10:09:58.950021,56.96,62.68,166.59,89.13,52.37825970556904
2025-10-16 10:09:59.950020,88.91,37.78,227.35,100.59,52.30640896378058
2025-10-16 10:10:00.950020,64.36,70.85,188.97,123.63,52.53900397004637
2025-10-16 10:10:01.950019,55.1,98.54,231.74,13.29,51.975977311298095
2025-10-16 10:10:02.950019,32.76,26.94,114.89,103.11,52.44909332090553
2025-10-16 10:10:03.950019,35.3,82.26,211.03,140.21,52.61562049590925
2025-10-16 10:10:04.950018,77.69,93.21,114.64,63.29,52.37631785641343
2025-10-16 10:10:05.950018,77.19,64.52,276.75,102.45,52.301482213959105
2025-10-16 10:10:06.950017,80.87,23.64,164.51,98.19,52.351124385040286
2025-10-16 10:10:07.950017,69.94,87.22,74.38,115.94,52.68565729065184
2025-10-16 10:10:08.950016,43.56,23.56,98.75,138.41,52.643161178741025
2025-10-16 10:10:09.950016,11.2,54.16,299.2,71.05,52.092017123023616
2025-10-16 10:10:10.950015,80.08,33.82,210.48,13.99,51.882305067129444
2025-10-16 10:10:11.950015,80.47,92.03,289.45,23.94,51.939849223998614
2025-10-16 10:10:12.950014,72.26,69.55,299.91,147.27,52.50739952316627
2025-10-16 10:10:13.950014,84.83,92.13,151.74,100.59,52.51352276458307
2025-10-16 10:10:14.950013,43.67,25.76,174.19,23.54,51.963778548840935
2025-10-16 10:10:15.950013,64.1,65.5,85.79,45.33,52.270146460708844
2025-10-16 10:10:16.950013,28.46,61.18,125.59,125.83,52.6164519541908
2025-10-16 10:10:17.950012,88.84,38.98,71.21,12.42,52.071335172691406
2025-10-16 10:10:18.950012,53.59,88.63,60.19,58.79,52.41769992336922
2025-10-16 10:10:19.950011,56.73,95.12,278.44,126.25,52.47933873360019
2025-10-16 10:10:20.950011,59.93,50.75,278.11,103.67,52.27908440103869
2025-10-16 10:10:21.950010,11.07,73.34,233.04,85.66,52.29217531738851
2025-10-16 10:10:22.950010,33.82,73.78,267.21,82.17,52.229464694448794
2025-10-16 10:10:23.950009,90.11,50.48,198.91,89.76,52.3143591180299
2025-10-16 10:10:24.950009,85.4,38.05,291.41,108.88,52.26296593845942
2025-10-16 10:10:25.950008,73.33,28.57,73.36,107.88,52.532196250437515
2025-10-16 10:10:26.950008,82.87,73.15,277.47,68.18,52.14353860345759
2025-10-16 10:10:27.950008,10.99,40.84,260.73,22.78,51.87305262802688
2025-10-16 10:10:28.950007,14.73,79.76,287.9,63.87,52.120529759453525
2025-10-16 10:10:29.950007,75.2,20.27,239.13,74.95,52.1265769968038
2025-10-16 10:10:30.950006,13.02,42.19,102.21,134.22,52.653474466480446
2025-10-16 10:10:31.950006,43.55,44.65,145.97,37.58,52.109550769839586
2025-10-16 10:10:32.950005,28.46,34.18,172.32,131.15,52.52822577005015
2025-10-16 10:10:33.950005,45.15,48.56,71.1,126.5,52.66847621247611
2025-10-16 10:10:34.950004,83.1,69.74,238.85,31.4,52.0022857700079
2025-10-16 10:10:35.950004,78.7,81.75,263.25,148.56,52.58686061778165
2025-10-16 10:10:36.950003,89.04,92.98,291.79,81.24,52.22906099824857
2025-10-16 10:10:37.950003,81.71,42.21,122.0,59.41,52.24766461204588
2025-10-16 10:10:38.950003,42.82,59.6,81.75,66.24,52.37011756094869
2025-10-16 10:10:39.950002,93.49,82.8,112.81,122.67,52.65959874388541
2025-10-16 10:10:40.950002,35.98,59.05,279.78,123.62,52.3941159287737
2025-10-16 10:10:41.950001,79.64,63.24,113.59,125.13,52.63301533682952
2025-10-16 10:10:42.950001,22.42,52.01,77.24,28.9,52.172112125170024
2025-10-16 10:10:43.950000,22.31,33.47,218.15,61.57,52.112555722486576
2025-10-16 10:10:44.950000,33.72,20.28,202.66,24.09,51.91769887923458
2025-10-16 10:10:45.949999,66.19,77.45,87.56,18.81,52.15653656063493
2025-10-16 10:10:46.949999,32.11,43.5,222.34,126.5,52.45561149088992
2025-10-16 10:10:47.949998,92.23,37.06,283.05,69.45,52.07235767742292
2025-10-16 10:10:48.949998,16.94,34.83,293.42,87.15,52.143840995352676
2025-10-16 10:10:49.949998,92.05,71.92,187.97,67.13,52.25597445234045
2025-10-16 10:10:50.949997,27.34,78.09,111.19,121.49,52.64663868282966
2025-10-16 10:10:51.949997,12.51,84.75,209.51,35.99,52.0941111948151
2025-10-16 10:10:52.949996,59.55,66.65,272.86,139.45,52.49843077532908
2025-10-16 10:10:53.949996,29.99,30.45,268.06,77.42,52.12004404937335
2025-10-16 10:10:54.949995,12.86,71.91,215.14,15.97,51.96010290510517
2025-10-16 10:10:55.949995,14.74,66.9,252.66,23.03,51.935792598405506
2025-10-16 10:10:56.949994,45.8,95.59,217.01,116.23,52.51191807314158
2025-10-16 10:10:57.949994,56.5,42.52,238.54,52.76,52.05810269699825
2025-10-16 10:10:58.949993,93.92,59.35,81.49,23.32,52.152379326451026
2025-10-16 10:10:59.949993,28.11,75.39,200.14,96.26,52.39406672723721
2025-10-16 10:11:00.949993,13.09,28.02,191.87,17.63,51.91447227104659
2025-10-16 10:11:01.949992,30.32,86.28,79.89,77.2,52.480024644494364
2025-10-16 10:11:02.949992,89.23,50.47,112.85,97.08,52.46698292838411
2025-10-16 10:11:03.949991,81.3,67.88,123.03,120.51,52.60593580337222
2025-10-16 10:11:04.949991,69.12,56.88,245.99,88.57,52.25755956481608
2025-10-16 10:11:05.949990,42.18,21.47,261.5,56.75,52.00660540348941
2025-10-16 10:11:06.949990,90.46,43.18,71.72,79.98,52.42133642410852
2025-10-16 10:11:07.949989,23.57,93.06,280.65,41.31,52.04172897289865
2025-10-16 10:11:08.949989,39.15,51.74,231.0,69.8,52.172532409905415
2025-10-16 10:11:09.949988,20.64,20.74,250.79,25.14,51.85930399369004
2025-10-16 10:11:10.949988,18.52,32.0,74.29,24.54,52.115084699869385
2025-10-16 10:11:11.949987,74.82,74.35,261.5,46.43,52.05703832606077
2025-10-16 10:11:12.949987,85.02,52.65,270.57,27.89,51.90869905278362
2025-10-16 10:11:13.949987,29.5,45.17,122.91,76.92,52.340969261901314
2025-10-16 10:11:14.949986,26.99,70.23,62.38,22.29,52.19395318324857
2025-10-16 10:11:15.949986,92.74,38.93,126.47,104.56,52.46419769965083
2025-10-16 10:11:16.949985,32.83,68.64,161.0,128.71,52.5980131842225
2025-10-16 10:11:17.949985,75.47,69.55,145.96,94.48,52.446428158148606
2025-10-16 10:11:18.949984,83.72,87.88,60.49,141.38,52.834565495133155
2025-10-16 10:11:19.949984,72.49,36.52,229.22,139.07,52.49654117335029
2025-10-16 10:11:20.949983,90.69,54.73,275.7,11.1,51.820729906296656
2025-10-16 10:11:21.949983,64.85,47.51,68.91,10.7,52.08227773355831
2025-10-16 10:11:22.949982,25.89,95.52,129.84,99.31,52.54302026321469
2025-10-16 10:11:23.949982,21.36,31.41,87.71,20.82,52.07706239146546
2025-10-16 10:11:24.949982,40.99,28.84,214.86,145.39,52.532937225695626
2025-10-16 10:11:25.949981,15.98,28.51,296.04,109.12,52.23942936954898
2025-10-16 10:11:26.949981,46.93,28.07,86.73,53.01,52.23508892912973
2025-10-16 10:11:27.949980,64.62,81.16,131.2,66.16,52.345222420426296
2025-10-16 10:11:28.949980,68.95,45.04,175.76,81.94,52.2952191692217
2025-10-16 10:11:29.949979,68.96,38.58,84.66,50.95,52.24784641814915
2025-10-16 10:11:30.949979,24.6,95.76,255.97,87.97,52.31667023973146
2025-10-16 10:11:31.949978,63.1,61.62,78.22,73.09,52.41351064268867
2025-10-16 10:11:32.949978,77.6,21.65,54.22,71.56,52.3603041258275
2025-10-16 10:11:33.949978,80.11,72.59,97.53,53.1,52.3075565037216
2025-10-16 10:11:34.949977,40.74,65.38,132.69,48.21,52.22155372919626
2025-10-16 10:11:35.949977,18.4,34.5,67.02,147.88,52.755027643848365
2025-10-16 10:11:36.949976,14.55,78.18,106.65,125.83,52.67491180044
2025-10-16 10:11:37.949976,71.9,77.13,63.62,83.42,52.51562133111782
2025-10-16 10:11:38.949975,89.17,39.57,113.22,131.52,52.61991416871825
2025-10-16 10:11:39.949975,66.16,36.89,180.89,147.15,52.60310585583981
2025-10-16 10:11:40.949974,11.06,59.16,187.04,27.2,52.029985749425464
2025-10-16 10:11:41.949974,79.25,65.85,278.34,104.54,52.31252828540583
2025-10-16 10:11:42.949973,71.09,54.45,163.68,148.68,52.668088430624124
2025-10-16 10:11:43.949973,59.86,75.54,55.15,110.42,52.6607904210168
2025-10-16 10:11:44.949973,94.2,40.13,50.74,39.13,52.23646767024939
2025-10-16 10:11:45.949972,90.45,65.79,240.94,72.98,52.20261231279061
2025-10-16 10:11:46.949972,61.76,79.12,236.42,137.97,52.564077473975
2025-10-16 10:11:47.949971,25.67,59.67,262.31,77.82,52.18657042774783
2025-10-16 10:11:48.949971,22.41,78.47,255.49,100.43,52.34688862768864
2025-10-16 10:11:49.949970,85.77,91.88,287.66,63.79,52.14399752563637
2025-10-16 10:11:50.949970,44.28,43.56,254.4,72.04,52.136580603985166
2025-10-16 10:11:51.949969,26.59,98.99,265.94,119.31,52.46845409681346
2025-10-16 10:11:52.949969,23.39,83.9,92.25,53.38,52.33804143436204
2025-10-16 10:11:53.949969,78.4,67.98,297.27,67.37,52.10280525870938
2025-10-16 10:11:54.949968,53.73,85.5,65.06,74.78,52.486148289125936
2025-10-16 10:11:55.949968,60.4,25.21,192.15,121.46,52.43504712487621
2025-10-16 10:11:56.949967,50.22,30.61,50.4,101.04,52.53230465128373
2025-10-16 10:11:57.949967,71.11,76.66,257.45,99.58,52.33643085085056
2025-10-16 10:11:58.949966,35.73,87.95,122.16,51.85,52.29800154911824
2025-10-16 10:11:59.949966,14.76,42.23,207.33,119.01,52.43532007025183
2025-10-16 10:12:00.949965,32.51,51.55,135.71,137.19,52.64174808744116
2025-10-16 10:12:01.949965,27.56,78.68,236.83,41.73,52.074741822921965
2025-10-16 10:12:02.949964,21.8,44.26,261.11,11.23,51.82063041021043
2025-10-16 10:12:03.949964,92.63,98.21,164.1,130.12,52.658459609944515
2025-10-16 10:12:04.949964,34.19,92.55,277.88,69.37,52.1867188388607
2025-10-16 10:12:05.949963,51.95,64.19,230.7,32.24,52.00670091761271
2025-10-16 10:12:06.949963,16.54,39.33,56.21,17.19,52.11633562252246
2025-10-16 10:12:07.949962,45.22,61.2,184.22,66.77,52.238352728365065
2025-10-16 10:12:08.949962,78.81,41.07,123.46,53.06,52.21129535614932
2025-10-16 10:12:09.949961,69.82,89.25,77.89,129.71,52.754702877697504
2025-10-16 10:12:10.949961,60.29,44.37,274.83,17.65,51.83497469291768
2025-10-16 10:12:11.949960,78.25,78.41,185.16,49.01,52.18049072017207
2025-10-16 10:12:12.949960,69.47,94.43,178.93,52.4,52.237170779852
2025-10-16 10:12:13.949960,94.15,88.71,153.38,144.76,52.728614412165705
2025-10-16 10:12:14.949959,66.11,76.86,227.09,110.51,52.43299065532046
2025-10-16 10:12:15.949959,51.82,35.37,244.72,61.99,52.08270818419826
2025-10-16 10:12:16.949958,65.77,92.43,179.72,81.68,52.38067151956565
2025-10-16 10:12:17.949958,10.89,48.05,165.52,36.41,52.08398079536824
2025-10-16 10:12:18.949957,40.81,82.58,133.67,110.42,52.56906105115396
2025-10-16 10:12:19.949957,49.27,55.16,249.01,67.05,52.141058180901915
2025-10-16 10:12:20.949956,32.49,45.47,201.34,33.11,52.01415005376087
2025-10-16 10:12:21.949956,84.15,85.26,57.03,89.09,52.569012537978914
2025-10-16 10:12:22.949955,87.56,47.65,196.63,57.19,52.14679306223216
2025-10-16 10:12:23.949955,19.17,23.08,182.24,31.51,51.98817149046218
2025-10-16 10:12:24.949955,34.89,61.85,279.87,32.21,51.93599349148444
2025-10-16 10:12:25.949954,88.74,87.24,289.33,77.38,52.20163971738585
2025-10-16 10:12:26.949954,81.25,29.78,252.18,94.8,52.22817566896323
2025-10-16 10:12:27.949953,27.95,52.06,232.3,86.26,52.254860116905924
2025-10-16 10:12:28.949953,26.23,40.37,60.47,105.01,52.55787909944819
2025-10-16 10:12:29.949952,38.31,88.89,299.06,24.11,51.921708616166384
2025-10-16 10:12:30.949952,91.18,96.92,99.25,66.35,52.419701316408194
2025-10-16 10:12:31.949951,51.63,47.38,285.36,119.16,52.34133640738672
2025-10-16 10:12:32.949951,68.9,81.77,87.59,70.62,52.42756393992663
2025-10-16 10:12:33.949950,78.2,80.39,94.09,10.72,52.112467513597544
2025-10-16 10:12:34.949950,42.32,68.84,227.57,36.09,52.03945774970436
2025-10-16 10:12:35.949950,88.38,88.16,172.76,74.75,52.34658303149649
2025-10-16 10:12:36.949949,50.61,25.92,51.69,59.52,52.31095586512761
2025-10-16 10:12:37.949949,40.9,36.9,137.66,58.73,52.21287606268027
2025-10-16 10:12:38.949948,63.08,53.42,112.65,69.81,52.334726713542125
2025-10-16 10:12:39.949948,66.59,98.16,111.67,47.53,52.310021480162064
2025-10-16 10:12:40.949947,27.85,35.32,191.87,44.58,52.06529204984815
2025-10-16 10:12:41.949947,44.11,67.8,83.88,141.22,52.76333560103812
2025-10-16 10:12:42.949946,46.65,68.9,62.98,54.0,52.35133084461211
2025-10-16 10:12:43.949946,11.59,27.07,73.2,97.9,52.47889837245365
2025-10-16 10:12:44.949945,30.18,80.96,174.16,70.84,52.31088937043738
2025-10-16 10:12:45.949945,68.96,27.26,140.39,133.46,52.569355066862
2025-10-16 10:12:46.949945,60.81,57.81,93.51,14.47,52.08838169079579
2025-10-16 10:12:47.949944,14.96,74.65,172.68,113.3,52.51588413184358
2025-10-16 10:12:48.949944,33.16,53.78,243.01,97.06,52.298579976739894
2025-10-16 10:12:49.949943,68.84,93.18,149.94,95.95,52.49445501652315
2025-10-16 10:12:50.949943,45.24,92.26,132.94,104.38,52.55822849865605
2025-10-16 10:12:51.949942,82.41,64.44,154.75,48.06,52.18935219248434
2025-10-16 10:12:52.949942,61.92,82.06,178.27,126.56,52.59000598866525
2025-10-16 10:12:53.949941,76.52,40.64,173.34,87.37,52.31744770084394
2025-10-16 10:12:54.949941,35.86,85.8,285.86,61.69,52.12395263087678
2025-10-16 10:12:55.949940,14.98,29.11,132.51,69.49,52.25920489026917
2025-10-16 10:12:56.949940,38.3,20.16,98.86,102.74,52.45556227109959
2025-10-16 10:12:57.949940,61.67,71.14,156.53,58.48,52.25281053322687
2025-10-16 10:12:58.949939,50.45,38.43,297.92,107.16,52.24624470203097
2025-10-16 10:12:59.949939,13.12,67.56,126.94,125.41,52.624907673179315
2025-10-16 10:13:00.949938,79.05,91.39,269.34,115.58,52.4302108549302
2025-10-16 10:13:01.949938,30.41,29.04,165.16,135.22,52.54848446943613
2025-10-16 10:13:02.949937,87.24,41.36,73.88,54.24,52.28440011859415
2025-10-16 10:13:03.949937,52.5,69.61,188.89,105.11,52.44280670010153
2025-10-16 10:13:04.949936,19.37,80.1,107.38,64.68,52.367636349831535
2025-10-16 10:13:05.949936,89.19,95.92,271.57,62.48,52.1668063434621
2025-10-16 10:13:06.949935,63.05,39.38,247.52,131.5,52.43915238843928
2025-10-16 10:13:07.949935,81.63,55.05,116.12,38.8,52.176017178476336
2025-10-16 10:13:08.949935,48.74,74.88,162.97,132.83,52.62838203145064
2025-10-16 10:13:09.949934,75.14,61.31,289.35,88.54,52.207807013598206
2025-10-16 10:13:10.949934,65.41,32.06,68.35,142.51,52.72127532406525
2025-10-16 10:13:11.949933,45.31,64.72,231.44,124.28,52.473373920582304
2025-10-16 10:13:12.949933,46.16,26.34,260.79,135.9,52.41830687803882
2025-10-16 10:13:13.949932,44.32,86.54,168.31,45.79,52.2025837798805
2025-10-16 10:13:14.949932,38.75,72.31,195.8,59.6,52.208044307385194
2025-10-16 10:13:15.949931,61.08,23.07,184.55,114.81,52.40737633012948
2025-10-16 10:13:16.949931,46.71,39.04,60.11,66.32,52.35962230297293
2025-10-16 10:13:17.949931,46.59,41.78,100.63,88.28,52.42188616628397
2025-10-16 10:13:18.949930,41.6,81.18,290.37,17.78,51.8863000364505
2025-10-16 10:13:19.949930,59.65,83.55,290.29,60.47,52.107448131979965
2025-10-16 10:13:20.949929,87.7,22.71,193.5,119.24,52.41712165182262
2025-10-16 10:13:21.949929,94.74,63.75,279.12,65.9,52.111498353441945
2025-10-16 10:13:22.949928,28.44,64.7,161.2,91.68,52.402349038835986
2025-10-16 10:13:23.949928,63.55,41.82,160.41,25.41,52.022965544220895
2025-10-16 10:13:24.949927,36.25,58.68,294.05,28.69,51.892951538254486
2025-10-16 10:13:25.949927,88.94,39.21,170.82,53.41,52.145877060328324
2025-10-16 10:13:26.949926,89.04,58.01,125.71,78.64,52.370880933904054
2025-10-16 10:13:27.949926,35.05,73.49,162.99,126.12,52.59163493808804
2025-10-16 10:13:28.949926,22.02,91.48,138.55,44.86,52.24741932756588
2025-10-16 10:13:29.949925,86.09,68.94,231.62,101.41,52.365383095888355
2025-10-16 10:13:30.949925,47.01,39.02,203.67,81.47,52.2436706319432
2025-10-16 10:13:31.949924,81.41,50.45,159.21,22.2,52.02507152686477
2025-10-16 10:13:32.949924,88.5,30.11,242.16,18.64,51.8561422545451
2025-10-16 10:13:33.949923,57.94,58.52,122.7,18.32,52.070094429748096
2025-10-16 10:13:34.949923,47.86,75.97,168.88,134.75,52.6323004659438
2025-10-16 10:13:35.949922,43.83,48.52,101.85,121.41,52.60131216137267
2025-10-16 10:13:36.949922,53.93,57.58,198.66,135.26,52.559173114485304
2025-10-16 10:13:37.949922,24.25,50.11,261.14,45.82,52.00732660498361
2025-10-16 10:13:38.949921,69.44,49.83,192.21,114.67,52.448382487777316
2025-10-16 10:13:39.949921,93.93,32.5,142.22,127.22,52.54544419595822
2025-10-16 10:13:40.949920,62.58,42.26,104.4,28.37,52.11401822093066
2025-10-16 10:13:41.949920,80.49,37.05,127.53,13.04,51.99512137519987
2025-10-16 10:13:42.949915,93.46,37.01,281.54,51.29,51.982217655628254
2025-10-16 10:13:43.949914,56.6,65.09,238.18,51.59,52.09651141664455
2025-10-16 10:13:44.949914,77.87,77.25,230.53,49.39,52.11925621619257
2025-10-16 10:13:45.949914,83.82,82.58,222.13,117.12,52.48427637280327
2025-10-16 10:13:46.949913,57.51,77.05,121.91,71.94,52.37901158531439
2025-10-16 10:13:47.949913,65.7,42.41,177.69,62.67,52.18982012282147
2025-10-16 10:13:48.949912,41.26,63.41,197.89,111.96,52.45340604490401
2025-10-16 10:13:49.949912,59.2,49.65,105.5,79.36,52.38541735311099
2025-10-16 10:13:50.949911,71.65,73.58,106.86,84.13,52.45427515863974
2025-10-16 10:13:51.949911,32.55,70.17,243.41,59.27,52.13829875855973
2025-10-16 10:13:52.949910,28.9,95.95,278.93,65.53,52.17244749100877
2025-10-16 10:13:53.949910,31.45,78.98,277.04,93.13,52.28193931819028
2025-10-16 10:13:54.949909,17.94,60.31,103.64,137.06,52.701163536997214
2025-10-16 10:13:55.949909,43.81,92.99,246.56,56.62,52.164977767106045
2025-10-16 10:13:56.949909,52.94,47.81,88.65,10.13,52.05347083782171
2025-10-16 10:13:57.949908,77.49,20.52,140.68,73.09,52.24979702370646
2025-10-16 10:13:58.949908,72.33,39.81,111.91,39.91,52.15768267146837
2025-10-16 10:13:59.949907,82.45,27.11,265.07,120.57,52.336335368129575
2025-10-16 10:14:00.949907,58.12,24.58,141.79,132.53,52.5575529136108
2025-10-16 10:14:01.949906,18.44,95.96,273.11,107.18,52.391442654618544
2025-10-16 10:14:02.949906,15.9,72.0,192.69,45.75,52.14139839094925
2025-10-16 10:14:03.949905,55.01,79.05,293.67,39.97,51.99023279468023
2025-10-16 10:14:04.949905,15.18,76.82,278.17,44.07,52.02749424723028
2025-10-16 10:14:05.949904,35.95,75.66,247.63,99.38,52.34665656801872
2025-10-16 10:14:06.949904,86.45,86.21,236.48,121.51,52.49432289390843
2025-10-16 10:14:07.949904,71.85,91.86,236.47,13.83,51.959384931763886
2025-10-16 10:14:08.949903,17.28,91.5,248.08,96.36,52.36152102064879
2025-10-16 10:14:09.949903,82.2,22.06,148.18,109.53,52.42746943739926
2025-10-16 10:14:10.949902,26.14,88.02,221.31,134.11,52.58208615019679
2025-10-16 10:14:11.949902,12.44,49.34,140.99,141.58,52.65262255013458
2025-10-16 10:14:12.949901,93.01,50.33,190.32,31.38,52.029616669338694
2025-10-16 10:14:13.949901,70.93,31.23,204.77,87.55,52.257881858647835
2025-10-16 10:14:14.949900,38.08,91.32,158.71,144.44,52.72490843305709
2025-10-16 10:14:15.949900,49.19,57.9,99.81,29.79,52.157770491755066
2025-10-16 10:14:16.949899,46.02,49.03,59.1,41.27,52.25338861145143
2025-10-16 10:14:17.949899,34.33,39.51,150.83,84.13,52.32904391743878
2025-10-16 10:14:18.949899,61.68,98.11,133.82,34.85,52.2159022930166
2025-10-16 10:14:19.949898,75.52,78.49,214.95,107.6,52.437701870050915
2025-10-16 10:14:20.949898,68.37,53.74,116.74,61.22,52.28630718611309
2025-10-16 10:14:21.949897,27.74,91.58,79.95,32.42,52.263211323738894
2025-10-16 10:14:22.949897,28.88,84.16,156.19,42.15,52.19577499940356
2025-10-16 10:14:23.949896,32.67,46.01,149.09,37.01,52.105115167067474
2025-10-16 10:14:24.949896,30.2,66.11,275.33,93.75,52.262369720344616
2025-10-16 10:14:25.949895,11.49,33.82,291.73,120.4,52.312722378062944
2025-10-16 10:14:26.949895,53.03,30.77,51.57,116.44,52.609121842466244
2025-10-16 10:14:27.949894,87.08,23.17,83.48,51.47,52.22212268627599
2025-10-16 10:14:28.949894,54.35,56.43,237.59,59.85,52.12235328291509
2025-10-16 10:14:29.949893,56.58,31.77,133.27,121.18,52.52541823279859
2025-10-16 10:14:30.949893,57.2,87.16,110.72,128.85,52.70220885019638
2025-10-16 10:14:31.949893,64.84,46.44,232.55,36.82,51.99294647422675
2025-10-16 10:14:32.949892,41.39,48.56,276.19,18.39,51.84504257484226
2025-10-16 10:14:33.949892,60.36,66.35,54.29,83.78,52.50902424522832
2025-10-16 10:14:34.949891,34.03,71.56,203.59,96.19,52.381638049814526
2025-10-16 10:14:35.949891,57.78,90.25,140.42,46.19,52.24926185933231
2025-10-16 10:14:36.949890,45.21,78.19,209.6,38.14,52.092143558695255
2025-10-16 10:14:37.949890,22.2,44.19,189.19,19.4,51.95846481450251
2025-10-16 10:14:38.949889,69.67,83.74,222.44,17.23,51.97967878083214
2025-10-16 10:14:39.949889,91.6,80.29,298.73,144.87,52.517685382044135
2025-10-16 10:14:40.949888,88.65,63.27,259.84,46.62,52.03869980213575
2025-10-16 10:14:41.949888,49.21,70.6,111.85,142.31,52.73675433510069
2025-10-16 10:14:42.949888,38.32,93.24,80.67,74.91,52.480891824116654
2025-10-16 10:14:43.949887,33.14,32.28,90.27,48.23,52.214283106530935
2025-10-16 10:14:44.949887,30.67,44.06,54.09,76.64,52.42978024998709
2025-10-16 10:14:45.949886,31.44,22.93,73.99,34.93,52.15053951234942
2025-10-16 10:14:46.949886,27.6,47.71,233.13,132.35,52.47896627482809
2025-10-16 10:14:47.949885,69.33,34.84,268.23,41.72,51.94734976020872
2025-10-16 10:14:48.949885,60.2,25.79,129.56,55.44,52.18548126546641
2025-10-16 10:14:49.949884,33.69,34.18,140.42,98.5,52.405516680605594
2025-10-16 10:14:50.949884,17.41,20.73,96.46,85.53,52.372638229089176
2025-10-16 10:14:51.949884,81.91,27.47,265.77,108.57,52.27525600847797
2025-10-16 10:14:52.949883,71.17,91.84,129.37,33.2,52.20132716145882
2025-10-16 10:14:53.949883,27.82,95.96,240.3,30.76,52.04804427321335
2025-10-16 10:14:54.949882,12.09,97.69,262.62,135.48,52.55236571853807
2025-10-16 10:14:55.949882,79.18,55.26,130.9,138.52,52.66215743269312
2025-10-16 10:14:56.949881,53.88,20.77,125.66,53.5,52.17112646310027
2025-10-16 10:14:57.949881,36.36,52.28,177.86,142.61,52.614061316910174
2025-10-16 10:14:58.949880,50.63,32.91,153.26,139.72,52.59479438376854
2025-10-16 10:14:59.949880,29.47,68.29,285.29,117.53,52.373797991875406
2025-10-16 10:15:00.949879,21.56,96.82,190.08,87.65,52.40556171919342
2025-10-16 10:15:01.949879,57.35,23.48,167.03,87.15,52.291458452772126
2025-10-16 10:15:02.949878,52.01,57.1,99.63,131.72,52.67323576608668
2025-10-16 10:15:03.949878,38.02,20.74,260.35,47.12,51.9579072661212
2025-10-16 10:15:04.949877,42.52,62.74,278.44,96.2,52.26406756124168
2025-10-16 10:15:05.949877,10.05,90.8,159.03,28.46,52.135457692177084
2025-10-16 10:15:06.949877,60.89,38.43,177.85,103.07,52.38669678148012
2025-10-16 10:15:07.949876,27.71,61.82,199.09,135.96,52.570383836938014
2025-10-16 10:15:08.949876,81.0,74.33,215.43,142.78,52.60733412957818
2025-10-16 10:15:09.949875,47.42,27.42,114.66,143.65,52.65586984652827
2025-10-16 10:15:10.949875,10.88,63.94,176.33,146.59,52.658950912414404
2025-10-16 10:15:11.949874,29.22,61.84,135.28,41.72,52.178294114591566
2025-10-16 10:15:12.949874,15.87,24.7,233.4,94.23,52.24062575551245
2025-10-16 10:15:13.949873,58.27,65.71,59.83,99.58,52.58044836514172
2025-10-16 10:15:14.949873,79.06,65.74,51.57,130.37,52.74769851148528
2025-10-16 10:15:15.949872,27.26,78.45,149.56,112.13,52.548373811389204
2025-10-16 10:15:16.949872,71.59,51.1,147.27,135.59,52.61724303707523
2025-10-16 10:15:17.949871,53.72,39.04,189.65,135.15,52.53468460770351
2025-10-16 10:15:18.949871,42.63,34.42,233.92,60.77,52.08917533111536
2025-10-16 10:15:19.949871,71.07,44.14,264.85,106.44,52.29808468636223
2025-10-16 10:15:20.949870,28.84,59.24,61.85,28.85,52.206568041212826
2025-10-16 10:15:21.949870,48.62,28.7,227.41,73.95,52.153621481263265
2025-10-16 10:15:22.949869,81.75,93.55,103.65,149.4,52.82830391240877
2025-10-16 10:15:23.949869,66.29,46.05,66.73,93.97,52.50454048985003
2025-10-16 10:15:24.949868,41.13,81.59,149.38,29.94,52.1380192851354
2025-10-16 10:15:25.949868,34.94,36.61,285.72,57.49,52.00726252192442
2025-10-16 10:15:26.949867,72.51,93.62,164.56,132.75,52.66225687138308
2025-10-16 10:15:27.949867,86.06,85.11,66.87,22.93,52.22008464512953
2025-10-16 10:15:28.949866,50.1,33.26,52.61,109.85,52.579153325098126
2025-10-16 10:15:29.949866,62.41,92.06,52.26,106.76,52.678215256704206
2025-10-16 10:15:30.949866,64.22,49.97,234.57,106.33,52.3495050706082
2025-10-16 10:15:31.949865,72.17,37.88,207.12,134.67,52.50654434736922
2025-10-16 10:15:32.949865,19.63,97.14,225.38,101.1,52.42698559422437
2025-10-16 10:15:33.949864,50.01,93.73,294.0,88.23,52.2629903803847
2025-10-16 10:15:34.949864,75.79,47.31,117.44,133.57,52.63968249090166
2025-10-16 10:15:35.949863,53.5,38.78,54.36,17.9,52.12135006739623
2025-10-16 10:15:36.949863,20.31,91.02,135.47,112.75,52.59485790213658
2025-10-16 10:15:37.949862,35.39,37.02,207.32,17.41,51.91010451123809
2025-10-16 10:15:38.949862,39.08,26.16,245.13,60.83,52.058380098880434
2025-10-16 10:15:39.949861,58.85,53.25,140.63,90.22,52.4003119056483
2025-10-16 10:15:40.949861,60.61,94.13,143.77,42.13,52.23172020866382
2025-10-16 10:15:41.949859,38.65,38.1,256.98,23.52,51.87651429427105
2025-10-16 10:15:42.949859,52.23,84.33,117.37,123.66,52.66146944366283
2025-10-16 10:15:43.949858,42.52,92.14,78.23,26.67,52.237456403740175
2025-10-16 10:15:44.949858,63.53,77.19,239.54,93.38,52.33007044947359
2025-10-16 10:15:45.949857,57.36,42.98,171.88,118.64,52.48249146075501
2025-10-16 10:15:46.949857,52.07,54.74,167.08,111.98,52.478021111707406
2025-10-16 10:15:47.949857,86.37,83.97,50.33,32.48,52.288491427044676
2025-10-16 10:15:48.949856,59.62,28.92,118.67,115.78,52.51210236268725
2025-10-16 10:15:49.949856,29.42,52.17,196.21,83.6,52.29003690561347
2025-10-16 10:15:50.949855,15.38,63.41,174.22,102.12,52.43529373136478
2025-10-16 10:15:51.949855,39.13,27.95,210.58,56.71,52.087351931201965
2025-10-16 10:15:52.949854,52.62,80.94,171.21,74.91,52.33544536093225
2025-10-16 10:15:53.949854,28.89,83.43,220.2,31.1,52.052403446238685
2025-10-16 10:15:54.949853,80.17,84.65,80.68,131.65,52.75185454339724
2025-10-16 10:15:55.949853,34.72,40.62,127.67,146.74,52.67972043957989
2025-10-16 10:15:56.949852,47.16,60.77,70.05,82.14,52.468709661228395
2025-10-16 10:15:57.949852,57.19,33.23,167.21,132.37,52.53942500433338
2025-10-16 10:15:58.949852,18.43,50.07,270.35,129.44,52.418832615446384
2025-10-16 10:15:59.949851,73.7,73.04,203.6,106.88,52.43869808384011
2025-10-16 10:16:00.949851,49.86,38.12,203.49,127.88,52.47745896654757
2025-10-16 10:16:01.949850,55.93,27.8,277.72,57.85,52.0027080132093
2025-10-16 10:16:02.949850,29.67,27.37,128.35,110.55,52.46957978464063
2025-10-16 10:16:03.949849,94.02,25.0,149.43,23.72,51.99645341915023
2025-10-16 10:16:04.949849,33.91,84.66,270.41,138.0,52.52936479960976
2025-10-16 10:16:05.949848,61.97,77.67,89.21,24.03,52.18121405777988
2025-10-16 10:16:06.949848,18.25,91.19,245.18,141.79,52.59513875682581
2025-10-16 10:16:07.949847,59.72,41.31,240.22,143.31,52.51257848839244
2025-10-16 10:16:08.949847,56.66,80.2,190.01,126.28,52.56921174318346
2025-10-16 10:16:09.949846,28.59,22.4,144.53,112.82,52.449710136488356
2025-10-16 10:16:10.949846,29.56,36.42,230.49,53.91,52.06288653708108
2025-10-16 10:16:11.949846,68.11,67.14,257.61,61.72,52.125769493431484
2025-10-16 10:16:12.949845,34.65,67.39,211.72,132.73,52.54787623439949
2025-10-16 10:16:13.949845,28.36,60.8,139.82,136.0,52.64817168038189
2025-10-16 10:16:14.949844,24.87,84.42,174.38,135.4,52.64463219387551
2025-10-16 10:16:15.949844,62.85,82.27,63.78,36.33,52.286651315830035
2025-10-16 10:16:16.949843,29.22,25.67,177.62,130.39,52.50072128797091
2025-10-16 10:16:17.949843,14.91,96.25,253.04,127.75,52.52323766663237
2025-10-16 10:16:18.949842,37.6,35.18,126.58,112.84,52.498742194092
2025-10-16 10:16:19.949842,39.86,89.59,218.53,139.25,52.61492838523239
2025-10-16 10:16:20.949841,76.06,31.83,79.23,66.39,52.32029930636081
2025-10-16 10:16:21.949841,78.54,70.74,205.78,72.33,52.25613610892269
2025-10-16 10:16:22.949841,47.38,24.57,143.52,95.46,52.36726866335448
2025-10-16 10:16:23.949840,64.45,63.32,53.29,37.74,52.27105923516662
2025-10-16 10:16:24.949840,61.67,48.79,213.44,12.72,51.90098179403971
2025-10-16 10:16:25.949839,51.21,26.71,298.19,136.5,52.37186013825455
2025-10-16 10:16:26.949839,30.18,20.87,275.06,51.13,51.9587428495257
2025-10-16 10:16:27.949838,82.78,70.72,184.81,83.77,52.34224846652399
2025-10-16 10:16:28.949838,13.38,78.47,63.36,141.8,52.81455683946522
2025-10-16 10:16:29.949837,65.18,90.18,244.91,90.37,52.33284271887606
2025-10-16 10:16:30.949837,75.68,41.55,58.04,127.09,52.67537828946463
2025-10-16 10:16:31.949836,89.49,26.01,113.81,96.83,52.41689685086087
2025-10-16 10:16:32.949836,48.3,55.57,148.23,78.16,52.33347404307472
2025-10-16 10:16:33.949835,51.09,50.22,155.12,56.39,52.203456197738305
2025-10-16 10:16:34.949835,29.55,29.18,152.63,118.99,52.48329242880295
2025-10-16 10:16:35.949835,40.8,56.46,216.87,52.81,52.114534843193695
2025-10-16 10:16:36.949834,28.11,43.75,238.19,83.86,52.218637533463365
2025-10-16 10:16:37.949834,53.26,26.36,209.05,130.36,52.45971673712836
2025-10-16 10:16:38.949833,23.62,42.37,175.27,59.6,52.17742643663797
2025-10-16 10:16:39.949833,71.99,29.09,183.14,70.45,52.196064863443986
2025-10-16 10:16:40.949832,92.83,30.87,87.63,85.54,52.40424647515805
2025-10-16 10:16:41.949832,88.27,69.82,285.49,108.41,52.33026476611946
2025-10-16 10:16:42.949831,40.85,23.5,72.87,119.25,52.5806473261413
2025-10-16 10:16:43.949831,21.67,92.15,193.83,139.33,52.65346702655337
2025-10-16 10:16:44.949830,74.53,73.74,123.27,81.15,52.41744804570009
2025-10-16 10:16:45.949830,60.6,61.11,216.59,105.03,52.38869829922437
2025-10-16 10:16:46.949830,91.69,85.86,125.84,95.53,52.51045474067196
2025-10-16 10:16:47.949829,52.76,96.21,144.33,128.21,52.67142996564256
2025-10-16 10:16:48.949829,42.93,57.12,118.26,104.63,52.510920308641104
2025-10-16 10:16:49.949828,34.2,98.08,165.26,95.25,52.47986122721831
2025-10-16 10:16:50.949828,20.7,98.53,87.99,66.13,52.436830427873495
2025-10-16 10:16:51.949827,31.92,76.24,249.78,99.46,52.34530292906065
2025-10-16 10:16:52.949827,22.93,50.53,291.9,68.69,52.082798283706516
2025-10-16 10:16:53.949826,39.81,95.29,91.78,132.35,52.76117757551908
2025-10-16 10:16:54.949826,24.74,93.29,56.79,29.38,52.282212711502034
2025-10-16 10:16:55.949825,76.08,62.9,96.58,135.62,52.70837333964379
2025-10-16 10:16:56.949825,13.26,94.31,281.63,86.69,52.272915841317555
2025-10-16 10:16:57.949824,13.54,87.4,295.66,128.91,52.45470650316632
2025-10-16 10:16:58.949824,34.14,70.94,212.1,120.66,52.49307026354327
2025-10-16 10:16:59.949824,47.88,69.99,107.23,118.44,52.62075185161602
2025-10-16 10:17:00.949823,27.53,29.27,147.76,125.41,52.522554013772954
2025-10-16 10:17:01.949823,91.49,91.23,130.77,23.93,52.15126412927144
2025-10-16 10:17:02.949822,10.13,44.25,95.55,47.88,52.228680186210696
2025-10-16 10:17:03.949822,37.09,44.11,85.56,87.19,52.44111825510252
2025-10-16 10:17:04.949821,80.5,64.68,227.92,124.26,52.47792022310382
2025-10-16 10:17:05.949821,38.34,90.78,244.31,111.23,52.440572870101946
2025-10-16 10:17:06.949820,81.47,97.07,264.87,78.04,52.25692354814843
2025-10-16 10:17:07.949820,50.78,49.15,179.04,67.0,52.22305755845685
2025-10-16 10:17:08.949819,25.26,54.58,196.48,14.38,51.94341678284522
2025-10-16 10:17:09.949819,56.14,71.42,102.72,25.76,52.15970373820762
2025-10-16 10:17:10.949818,93.12,67.99,161.1,40.0,52.14686221588885
2025-10-16 10:17:11.949818,49.99,98.87,208.94,38.46,52.1348366284774
2025-10-16 10:17:12.949818,25.82,57.62,62.76,59.0,52.35505693071066
2025-10-16 10:17:13.949817,22.2,42.4,110.63,58.77,52.26005272591573
2025-10-16 10:17:14.949817,67.92,68.23,295.92,138.78,52.46714720134776
2025-10-16 10:17:15.949816,90.74,22.59,138.74,105.63,52.42139931890888
2025-10-16 10:17:16.949816,53.44,95.82,263.41,17.33,51.948658999107074
2025-10-16 10:17:17.949815,39.57,79.59,202.83,113.72,52.48713784346842
2025-10-16 10:17:18.949815,27.3,50.37,81.42,22.03,52.12848345468597
2025-10-16 10:17:19.949814,93.05,61.93,84.09,99.38,52.53952134788287
2025-10-16 10:17:20.949814,59.78,78.75,299.17,28.2,51.9225932646061
2025-10-16 10:17:21.949813,54.13,31.3,293.58,95.51,52.17915145832783
2025-10-16 10:17:22.949813,43.57,89.37,52.4,80.07,52.537483712537814
2025-10-16 10:17:23.949813,89.37,28.0,257.79,42.52,51.95212963930887
2025-10-16 10:17:24.949812,80.8,71.89,211.64,49.28,52.133642054575084
2025-10-16 10:17:25.949812,35.51,29.75,281.06,111.08,52.271885879296455
2025-10-16 10:17:26.949811,30.28,66.57,219.54,21.87,51.97373221230305
2025-10-16 10:17:27.949811,11.42,83.88,232.88,40.72,52.085028336837794
2025-10-16 10:17:28.949810,68.05,96.13,182.09,41.06,52.17873898814677
2025-10-16 10:17:29.949810,58.73,85.79,225.88,65.95,52.22605132521915
2025-10-16 10:17:30.949809,14.57,52.77,80.17,148.88,52.7779459877807
2025-10-16 10:17:31.949809,39.87,76.02,138.8,101.78,52.50562289560406
2025-10-16 10:17:32.949808,90.1,33.53,78.5,70.94,52.34765086840385
2025-10-16 10:17:33.949808,33.48,85.23,182.68,41.03,52.15661433414532
2025-10-16 10:17:34.949807,49.75,44.95,227.89,59.55,52.11154653259093
2025-10-16 10:17:35.949807,16.35,74.62,172.57,25.8,52.07235445887244
2025-10-16 10:17:36.949807,76.65,57.26,238.49,134.1,52.49920035373193
2025-10-16 10:17:37.949806,40.23,80.64,82.0,147.56,52.82295302981062
2025-10-16 10:17:38.949806,43.64,48.83,175.99,16.59,51.97095495037482
2025-10-16 10:17:39.949805,40.09,34.54,56.06,12.26,52.08223446019739
2025-10-16 10:17:40.949805,57.83,22.62,163.12,50.34,52.10841211778249
2025-10-16 10:17:41.949804,71.38,76.98,97.6,85.06,52.47802805693583
2025-10-16 10:17:42.949804,18.65,65.58,276.28,55.11,52.06416234238979
2025-10-16 10:17:43.949803,18.4,32.43,78.25,49.78,52.2385692379813
2025-10-16 10:17:44.949803,20.3,79.67,276.03,134.49,52.494328364743005
2025-10-16 10:17:45.949802,23.52,85.15,269.32,60.65,52.13962098456405
2025-10-16 10:17:46.949802,36.06,24.91,169.33,80.34,52.25662330599968
2025-10-16 10:17:47.949802,51.12,72.93,142.76,57.16,52.26808204162225
2025-10-16 10:17:48.949801,38.21,90.33,296.9,14.74,51.879901207022726
2025-10-16 10:17:49.949801,78.8,92.87,122.31,25.69,52.17473113799904
2025-10-16 10:17:50.949800,26.03,78.66,290.33,24.62,51.91613529075005
2025-10-16 10:17:51.949800,42.96,80.13,131.26,93.38,52.48114396062983
2025-10-16 10:17:52.949799,22.54,44.04,238.83,111.77,52.35984368428258
2025-10-16 10:17:53.949799,51.41,79.97,270.68,73.76,52.19419645913654
2025-10-16 10:17:54.949798,83.2,54.2,187.22,79.95,52.28754491619958
2025-10-16 10:17:55.949798,94.39,73.06,77.87,45.25,52.29506341401755
2025-10-16 10:17:56.949797,20.56,89.04,279.17,108.21,52.37508272196296
2025-10-16 10:17:57.949797,40.23,58.41,56.79,117.85,52.662971961428525
2025-10-16 10:17:58.949796,17.11,63.64,175.06,24.16,52.03936110405862
2025-10-16 10:17:59.949796,31.67,70.37,263.64,24.71,51.936312757438095
2025-10-16 10:18:00.949796,26.76,97.62,181.47,78.97,52.374667746309505
2025-10-16 10:18:01.949795,16.82,77.23,86.94,116.94,52.65445380825262
2025-10-16 10:18:02.949795,55.48,25.99,216.42,28.38,51.93207223865622
2025-10-16 10:18:03.949794,37.59,84.47,233.78,95.43,52.36234257705756
2025-10-16 10:18:04.949794,69.55,79.28,242.11,125.72,52.49464316723003
2025-10-16 10:18:05.949793,58.53,55.62,224.65,133.88,52.513477699334
2025-10-16 10:18:06.949793,32.32,23.31,67.54,118.58,52.58403653442907
2025-10-16 10:18:07.949792,63.5,79.71,246.46,145.4,52.58941532765257
2025-10-16 10:18:08.949792,48.83,96.03,276.6,80.04,52.249295568233116
2025-10-16 10:18:09.949791,41.93,83.82,210.82,125.79,52.545825330622485
2025-10-16 10:18:10.949791,16.95,79.95,294.43,121.55,52.40456643163123
2025-10-16 10:18:11.949790,61.72,35.67,142.09,31.76,52.06780284485446
2025-10-16 10:18:12.949790,22.13,44.32,71.34,37.29,52.20762636889859
2025-10-16 10:18:13.949790,81.24,66.94,90.48,23.17,52.15429883173435
2025-10-16 10:18:14.949789,24.6,76.55,167.94,22.63,52.06624863349048
2025-10-16 10:18:15.949789,67.29,42.8,152.71,126.53,52.5478782413413
2025-10-16 10:18:16.949788,62.47,68.36,70.88,101.4,52.57999094691688
2025-10-16 10:18:17.949788,62.63,36.7,138.99,107.6,52.458469545038504
2025-10-16 10:18:18.949787,67.91,35.51,96.36,128.03,52.61696457720025
2025-10-16 10:18:19.949787,34.95,24.94,188.16,130.2,52.48419005529543
2025-10-16 10:18:20.949786,48.42,74.53,69.75,125.46,52.71547981440588
2025-10-16 10:18:21.949786,23.23,98.31,154.94,136.61,52.70385463694776
2025-10-16 10:18:22.949785,84.89,32.54,101.85,93.29,52.42769388088104
2025-10-16 10:18:23.949785,37.68,96.99,169.69,91.55,52.453037369643
2025-10-16 10:18:24.949785,62.66,35.46,282.48,130.83,52.381206233347065
2025-10-16 10:18:25.949784,53.11,67.49,259.79,62.72,52.12859299016521
2025-10-16 10:18:26.949784,35.48,27.76,73.59,29.37,52.13227316301723
2025-10-16 10:18:27.949783,57.6,22.28,97.51,105.01,52.47300283765421
2025-10-16 10:18:28.949783,93.65,22.91,193.76,98.61,52.31256855115482
2025-10-16 10:18:29.949782,40.0,24.89,211.13,144.74,52.526973606560134
2025-10-16 10:18:30.949782,40.22,70.47,188.34,91.41,52.37575810296998
2025-10-16 10:18:31.949781,93.55,41.86,259.05,95.98,52.24840899560852
2025-10-16 10:18:32.949781,19.91,58.72,278.39,16.74,51.853466361741184
2025-10-16 10:18:33.949780,93.44,31.75,120.36,62.36,52.24449701429254
2025-10-16 10:18:34.949780,71.37,36.4,51.25,120.62,52.64168376729849
2025-10-16 10:18:35.949779,13.45,55.61,252.04,124.61,52.42969026319616
2025-10-16 10:18:36.949779,37.32,31.15,241.67,121.25,52.37904666797825
2025-10-16 10:18:37.949778,59.23,53.6,92.59,109.92,52.565361023526016
2025-10-16 10:18:38.949778,30.54,48.11,140.3,36.04,52.11607812674751
2025-10-16 10:18:39.949778,89.4,86.31,264.0,73.14,52.21234034726387
2025-10-16 10:18:40.949777,89.79,87.05,157.29,67.01,52.325952561929604
2025-10-16 10:18:41.949777,66.75,24.94,172.58,69.38,52.19675218054949
2025-10-16 10:18:42.949776,16.04,45.17,74.36,78.59,52.41461204824656
2025-10-16 10:18:43.949776,77.8,46.23,284.67,115.46,52.32126930938002
2025-10-16 10:18:44.949775,11.58,45.34,257.38,144.19,52.501834527156284
2025-10-16 10:18:45.949775,15.96,80.96,280.17,120.75,52.421616436165635
2025-10-16 10:18:46.949774,33.11,56.8,150.14,115.83,52.52428439315869
2025-10-16 10:18:47.949774,40.89,49.55,265.31,108.02,52.31599017969267
2025-10-16 10:18:48.949774,39.35,23.15,169.78,141.82,52.56429864845173
2025-10-16 10:18:49.949773,76.38,32.89,219.0,80.55,52.20651491160269
2025-10-16 10:18:50.949773,83.06,58.93,292.24,98.88,52.251725691383164
2025-10-16 10:18:51.949772,52.31,36.15,125.76,61.7,52.2424515539605
2025-10-16 10:18:52.949772,20.77,48.22,142.27,108.77,52.48238339875657
2025-10-16 10:18:53.949771,33.64,22.73,227.88,109.48,52.32152451094793
2025-10-16 10:18:54.949771,92.47,57.72,215.64,16.02,51.93211164996637
2025-10-16 10:18:55.949770,70.47,65.15,60.68,11.25,52.13039201759159
2025-10-16 10:18:56.949770,10.59,45.2,281.18,120.76,52.35082364207787
2025-10-16 10:18:57.949769,79.53,90.7,274.37,30.97,51.99315059721653
2025-10-16 10:18:58.949769,59.67,78.09,273.89,71.65,52.175536482539215
2025-10-16 10:18:59.949769,54.7,88.15,91.99,137.3,52.772117618486206
2025-10-16 10:19:00.949768,88.72,57.89,65.07,74.82,52.43268684735519
2025-10-16 10:19:01.949768,69.13,42.3,216.68,111.49,52.38477828583934
2025-10-16 10:19:02.949767,93.54,49.21,108.41,105.42,52.51277825461456
2025-10-16 10:19:03.949767,44.4,65.06,160.75,130.85,52.60224191696828
2025-10-16 10:19:04.949766,82.52,62.62,199.33,15.47,51.960740078128836
2025-10-16 10:19:05.949766,24.97,42.76,235.06,21.03,51.90237184511617
2025-10-16 10:19:06.949765,71.6,67.6,65.09,14.95,52.14799131343961
2025-10-16 10:19:07.949765,40.45,60.44,58.14,42.68,52.283997493158516
2025-10-16 10:19:08.949764,42.81,71.96,54.25,13.66,52.164475474867785
2025-10-16 10:19:09.949764,46.69,45.15,56.9,103.93,52.56648445697595
2025-10-16 10:19:10.949763,66.72,86.62,59.67,68.08,52.461591902204
2025-10-16 10:19:11.949763,47.94,82.78,115.74,126.88,52.676970912504004
2025-10-16 10:19:12.949763,83.51,43.63,287.21,73.11,52.098095632872955
2025-10-16 10:19:13.949762,79.99,41.33,163.86,25.44,52.01753403459018
2025-10-16 10:19:14.949762,71.58,53.39,244.98,119.59,52.409403080697786
2025-10-16 10:19:15.949761,69.93,69.77,92.33,72.21,52.405943921086504
2025-10-16 10:19:16.949761,92.57,39.6,117.19,83.82,52.37280717781433
2025-10-16 10:19:17.949760,67.59,97.08,82.72,18.52,52.19970809308097
2025-10-16 10:19:18.949760,82.13,39.15,135.78,125.27,52.55712526777697
2025-10-16 10:19:19.949759,79.83,46.8,59.69,75.79,52.42327735672728
2025-10-16 10:19:20.949759,73.89,90.91,60.92,83.92,52.548557743139355
2025-10-16 10:19:21.949758,63.51,41.92,265.46,114.66,52.334626803395736
2025-10-16 10:19:22.949756,59.44,67.69,105.66,130.18,52.67791121926478
2025-10-16 10:19:23.949755,41.31,61.68,212.7,38.08,52.0555960930031
2025-10-16 10:19:24.949755,66.37,26.15,187.83,46.46,52.06242819167664
2025-10-16 10:19:25.949754,32.35,50.62,101.73,18.24,52.08248902257927
2025-10-16 10:19:26.949754,38.1,96.12,116.63,70.02,52.41342163413439
2025-10-16 10:19:27.949753,88.43,64.61,177.02,22.69,52.03116197100625
2025-10-16 10:19:28.949753,39.32,53.98,103.88,109.28,52.54769839746398
2025-10-16 10:19:29.949752,45.44,78.08,207.08,120.74,52.51408916809514
2025-10-16 10:19:30.949752,78.17,77.73,161.99,103.34,52.48572336286737
2025-10-16 10:19:31.949751,81.78,68.88,295.99,55.72,52.047207738052315
2025-10-16 10:19:32.949751,39.93,52.83,82.08,25.26,52.1487535057186
2025-10-16 10:19:33.949750,79.45,41.44,239.83,15.78,51.86678623142526
2025-10-16 10:19:34.949750,69.79,74.29,263.45,36.35,52.0031990422068
2025-10-16 10:19:35.949749,59.34,64.52,89.85,135.74,52.72116435624629
2025-10-16 10:19:36.949749,24.6,71.87,93.7,90.98,52.5033480349307
2025-10-16 10:19:37.949749,74.78,92.07,195.6,15.82,52.02474813691304
2025-10-16 10:19:38.949748,37.92,93.61,120.01,30.83,52.205316168697635
2025-10-16 10:19:39.949748,38.22,67.83,50.37,53.46,52.36344220180049
2025-10-16 10:19:40.949747,40.74,29.06,111.54,76.6,52.323306147447425
2025-10-16 10:19:41.949747,76.26,29.74,110.94,38.62,52.132876954685145
2025-10-16 10:19:42.949746,54.06,78.58,66.39,139.64,52.799751907895896
2025-10-16 10:19:43.949746,21.61,36.32,75.55,125.74,52.634864804462396
2025-10-16 10:19:44.949745,61.79,47.1,175.52,59.79,52.18724528634178
2025-10-16 10:19:45.949745,58.47,84.4,250.98,21.93,51.966476396861125
2025-10-16 10:19:46.949744,85.5,62.33,74.9,26.17,52.18146602001065
2025-10-16 10:19:47.949744,90.16,35.42,123.86,45.52,52.16155220048156
2025-10-16 10:19:48.949743,19.3,43.38,72.88,21.1,52.121650219513796
2025-10-16 10:19:49.949743,78.15,42.7,126.14,72.19,52.30785274654666
2025-10-16 10:19:50.949743,82.57,72.72,224.41,90.32,52.32618179025584
2025-10-16 10:19:51.949742,81.78,88.45,177.78,39.47,52.1615402452308
2025-10-16 10:19:52.949742,33.74,71.4,290.05,31.65,51.93804541332415
2025-10-16 10:19:53.949741,54.96,55.23,81.23,148.96,52.78170877266728
2025-10-16 10:19:54.949741,29.43,43.82,191.8,49.27,52.105680913769305
2025-10-16 10:19:55.949740,41.79,53.19,157.73,96.78,52.41049815595228
2025-10-16 10:19:56.949740,40.86,85.32,195.18,75.51,52.31481983500278
2025-10-16 10:19:57.949739,67.2,28.54,181.37,115.33,52.42491080746414
2025-10-16 10:19:58.949739,64.63,35.53,52.95,124.01,52.654898115388946
2025-10-16 10:19:59.949738,36.03,48.42,148.02,84.87,52.353881564107034
2025-10-16 10:20:00.949738,25.44,84.62,255.48,76.42,52.23712345672051
2025-10-16 10:20:01.949737,56.66,90.2,58.78,113.69,52.70098281538479
2025-10-16 10:20:02.949737,42.19,45.99,214.69,101.62,52.3445798176299
2025-10-16 10:20:03.949737,10.09,28.67,72.56,56.47,52.272819325191485
2025-10-16 10:20:04.949736,52.71,31.81,62.5,108.34,52.55540329586759
2025-10-16 10:20:05.949736,51.54,89.31,164.33,16.97,52.06719386567625
2025-10-16 10:20:06.949735,16.85,39.8,223.35,126.06,52.44483513085942
2025-10-16 10:20:07.949735,83.06,42.4,271.9,15.13,51.82230380890073
2025-10-16 10:20:08.949734,55.3,75.29,108.12,70.25,52.38553582843706
2025-10-16 10:20:09.949734,35.84,71.2,56.97,144.46,52.822494303759214
2025-10-16 10:20:10.949733,87.04,34.59,234.87,115.33,52.36484582924575
2025-10-16 10:20:11.949733,35.55,24.54,222.95,86.84,52.216876665456645
2025-10-16 10:20:12.949733,40.69,24.74,290.16,93.04,52.158472739786276
2025-10-16 10:20:13.949732,21.75,69.93,111.58,19.47,52.11302443211863
2025-10-16 10:20:14.949732,64.74,67.26,194.25,67.37,52.23970548945347
2025-10-16 10:20:15.949731,55.1,20.87,86.73,56.4,52.23828520298358
2025-10-16 10:20:16.949731,84.67,86.51,135.97,137.7,52.71191780044561
2025-10-16 10:20:17.949730,85.62,39.99,257.48,92.71,52.23030424574742
2025-10-16 10:20:18.949730,59.78,75.26,69.33,58.87,52.37985538501338
2025-10-16 10:20:19.949729,46.37,74.26,293.11,38.49,51.97417330260381
2025-10-16 10:20:20.949729,18.12,92.31,177.87,12.87,52.03405985509935
2025-10-16 10:20:21.949728,14.68,60.8,65.98,83.98,52.48356040693652
2025-10-16 10:20:22.949728,72.57,59.27,121.81,134.62,52.66237967416581
2025-10-16 10:20:23.949727,77.59,79.21,186.74,113.63,52.507543184376075
2025-10-16 10:20:24.949727,51.57,29.7,150.77,56.65,52.17074027498027
2025-10-16 10:20:25.949727,49.21,25.14,169.12,24.38,51.973638755726626
2025-10-16 10:20:26.949726,27.74,88.65,128.34,112.52,52.59865819045597
2025-10-16 10:20:27.949726,71.92,93.74,60.35,108.87,52.68131690288434
2025-10-16 10:20:28.949725,35.52,48.42,193.51,136.02,52.552140484864054
2025-10-16 10:20:29.949725,85.06,87.72,255.04,119.3,52.46113663292752
2025-10-16 10:20:30.949724,19.8,31.91,134.14,11.51,51.96850290416251
2025-10-16 10:20:31.949724,51.5,34.6,102.26,104.73,52.48914641976085
2025-10-16 10:20:32.949723,94.18,44.78,135.32,65.85,52.26742746229868
2025-10-16 10:20:33.949723,35.9,37.6,227.5,87.86,52.2413175922181
2025-10-16 10:20:34.949722,12.94,33.92,140.91,116.28,52.49449704687824
2025-10-16 10:20:35.949722,81.63,45.93,279.89,81.54,52.155131183217236
2025-10-16 10:20:36.949721,42.68,21.17,89.08,76.5,52.337619025409325
2025-10-16 10:20:37.949721,24.01,41.84,263.14,22.8,51.871861885609015
2025-10-16 10:20:38.949721,39.64,20.99,266.68,140.98,52.42575915724893
2025-10-16 10:20:39.949720,62.03,30.65,284.46,21.45,51.814652392354596
2025-10-16 10:20:40.949720,22.22,37.65,165.08,48.9,52.12768599730053
2025-10-16 10:20:41.949719,48.55,77.41,283.29,114.29,52.377777988787074
2025-10-16 10:20:42.949719,15.0,95.07,194.88,30.44,52.10566660527027
2025-10-16 10:20:43.949718,80.21,45.64,63.33,139.23,52.73777324652724
2025-10-16 10:20:44.949718,56.17,49.22,91.47,123.5,52.62720317764198
2025-10-16 10:20:45.949717,79.73,56.69,71.71,21.91,52.153191072252156
2025-10-16 10:20:46.949717,74.71,32.36,80.96,69.39,52.334216539914365
2025-10-16 10:20:47.949716,78.78,97.19,78.26,88.16,52.55897923574112
2025-10-16 10:20:48.949716,50.03,54.05,208.65,14.09,51.924578994920765
2025-10-16 10:20:49.949715,71.67,71.11,53.35,76.12,52.48069994071367
2025-10-16 10:20:50.949715,51.63,43.83,259.37,34.89,51.942085304163676
2025-10-16 10:20:51.949714,58.72,45.43,192.25,125.37,52.49402713123787
2025-10-16 10:20:52.949714,33.15,44.79,143.44,132.16,52.59273338029443
2025-10-16 10:20:53.949714,23.47,65.53,195.53,56.37,52.178856223111126
2025-10-16 10:20:54.949713,29.89,34.45,224.54,141.29,52.51005673966976
2025-10-16 10:20:55.949713,17.5,53.49,283.96,102.16,52.26889973990683
2025-10-16 10:20:56.949712,26.79,31.27,206.15,19.19,51.90952645314712
2025-10-16 10:20:57.949712,39.67,23.3,297.8,69.11,52.02409478231974
2025-10-16 10:20:58.949711,38.14,36.33,166.5,101.19,52.38832148043618
2025-10-16 10:20:59.949711,31.96,82.52,206.41,25.78,52.04217552743993
2025-10-16 10:21:00.949710,57.26,92.43,186.57,47.32,52.197272867084344
2025-10-16 10:21:01.949710,16.64,23.79,119.28,37.13,52.10256487606017
2025-10-16 10:21:02.949709,30.31,94.21,172.14,44.97,52.20818893160044
2025-10-16 10:21:03.949709,79.47,37.3,194.95,134.52,52.52099445091429
2025-10-16 10:21:04.949708,29.15,96.1,197.21,32.51,52.115034914464196
2025-10-16 10:21:05.949708,43.42,43.7,72.35,35.61,52.19654824464463
2025-10-16 10:21:06.949707,67.5,98.96,144.67,97.74,52.521836411695375
2025-10-16 10:21:07.949707,69.14,77.49,196.71,122.15,52.53401252191248
2025-10-16 10:21:08.949706,74.07,26.16,238.99,65.68,52.091211918581216
2025-10-16 10:21:09.949706,87.29,70.55,83.96,48.57,52.298842714311235
2025-10-16 10:21:10.949705,46.64,68.74,110.46,20.86,52.11926281517551
2025-10-16 10:21:11.949705,16.26,59.07,120.29,24.8,52.10725163736011
2025-10-16 10:21:12.949705,49.7,71.79,238.51,36.72,52.03369773186477
2025-10-16 10:21:13.949704,79.3,20.52,78.38,92.08,52.42970973417313
2025-10-16 10:21:14.949704,49.19,79.62,99.0,99.78,52.555907982423314
2025-10-16 10:21:15.949703,57.14,65.4,277.3,125.05,52.417034314568
2025-10-16 10:21:16.949703,19.89,46.65,109.74,149.35,52.7287404011585
2025-10-16 10:21:17.949702,45.42,68.22,146.57,31.08,52.121591165080744
2025-10-16 10:21:18.949702,55.13,98.87,168.34,98.92,52.49586822940712
2025-10-16 10:21:19.949701,50.25,61.65,245.52,51.09,52.07743836852913
2025-10-16 10:21:20.949701,83.26,59.22,211.45,107.56,52.404752841840676
2025-10-16 10:21:21.949700,30.42,86.35,200.42,69.38,52.278708169377005
2025-10-16 10:21:22.949700,29.25,33.4,69.03,76.19,52.386728411405244
2025-10-16 10:21:23.949699,13.8,81.66,105.37,147.59,52.79371407538932
2025-10-16 10:21:24.949699,81.07,37.71,94.18,140.77,52.68875701918912
2025-10-16 10:21:25.949699,28.51,66.25,283.36,133.03,52.451008809302365
2025-10-16 10:21:26.949698,50.62,68.33,179.12,54.44,52.19654174156208
2025-10-16 10:21:27.949698,92.45,51.44,179.75,37.12,52.07506470109251
2025-10-16 10:21:28.949697,90.04,51.96,260.88,59.3,52.079613182441776
2025-10-16 10:21:29.949697,81.4,40.89,97.92,124.32,52.60651513922549
2025-10-16 10:21:30.949696,35.44,24.77,186.08,76.95,52.216678137770025
2025-10-16 10:21:31.949696,55.75,74.31,89.9,68.33,52.39835671500808
2025-10-16 10:21:32.949695,54.14,58.19,297.23,11.38,51.79996987000937
2025-10-16 10:21:33.949695,19.96,48.69,211.28,23.82,51.95996341666526
2025-10-16 10:21:34.949694,16.82,37.14,135.46,131.63,52.58589385571576
2025-10-16 10:21:35.949694,18.82,94.45,54.6,139.44,52.845403464893735
2025-10-16 10:21:36.949694,28.77,71.18,197.17,47.51,52.142713894223206
2025-10-16 10:21:37.949693,82.1,60.73,164.46,47.4,52.165761691360366
2025-10-16 10:21:38.949693,52.25,72.64,214.94,17.46,51.96934410517433
2025-10-16 10:21:39.949692,70.97,48.7,293.64,24.54,51.85306892836859
2025-10-16 10:21:40.949692,44.08,60.12,203.26,144.63,52.60543874385727
2025-10-16 10:21:41.949691,16.02,68.63,140.34,119.05,52.57675324902604
2025-10-16 10:21:42.949691,43.68,37.45,177.83,110.75,52.423756405326436
2025-10-16 10:21:43.949690,79.89,91.84,136.14,124.5,52.655123556749594
2025-10-16 10:21:44.949690,56.88,58.22,89.48,72.66,52.38960780821822
2025-10-16 10:21:45.949689,66.29,44.05,169.29,109.67,52.44257030692783
2025-10-16 10:21:46.949689,86.12,58.37,101.28,51.92,52.2689079712639
2025-10-16 10:21:47.949688,65.52,50.7,200.52,67.42,52.19936298805129
2025-10-16 10:21:48.949688,42.3,52.42,232.47,125.7,52.455289557001024
2025-10-16 10:21:49.949687,38.8,94.22,152.41,80.95,52.417111075452816
2025-10-16 10:21:50.949687,89.46,74.11,287.92,54.63,52.06267785084275
2025-10-16 10:21:51.949687,62.53,23.28,143.54,23.3,51.99888883898529
2025-10-16 10:21:52.949686,73.72,88.72,225.44,22.61,52.01260462851472
2025-10-16 10:21:53.949686,59.65,30.36,161.4,58.32,52.166219295981094
2025-10-16 10:21:54.949685,18.45,56.68,169.77,56.92,52.19902920601594
2025-10-16 10:21:55.949685,80.3,72.85,237.29,97.49,52.34549504417102
2025-10-16 10:21:56.949684,59.9,34.7,123.73,18.16,52.021614300796415
2025-10-16 10:21:57.949684,82.83,28.37,53.77,15.98,52.092179485603936
2025-10-16 10:21:58.949683,11.31,23.41,216.56,23.27,51.90096357472513
2025-10-16 10:21:59.949683,43.16,69.18,275.47,74.13,52.16867523165179
2025-10-16 10:22:00.949682,23.96,30.52,87.41,85.4,52.403151915803335
2025-10-16 10:22:01.949682,93.15,89.45,203.74,46.95,52.16655647238686
2025-10-16 10:22:02.949681,48.49,35.01,232.29,32.41,51.948726723598746
2025-10-16 10:22:03.949681,33.48,47.15,227.28,104.05,52.342252365835634
2025-10-16 10:22:04.949681,61.96,88.9,222.52,106.67,52.443052837180275
2025-10-16 10:22:05.949680,85.3,63.84,289.57,76.98,52.153819470853655
2025-10-16 10:22:06.949680,58.42,60.34,258.14,14.04,51.87011010878706
2025-10-16 10:22:07.949679,35.64,60.34,155.77,121.73,52.553517800019044
2025-10-16 10:22:08.949679,57.38,97.51,213.84,120.55,52.54180662799715
2025-10-16 10:22:09.949678,84.92,82.3,275.72,145.9,52.55770297508789
2025-10-16 10:22:10.949678,35.07,62.85,51.03,63.0,52.40124636819606
2025-10-16 10:22:11.949677,48.13,78.93,180.85,119.52,52.54476803406538
2025-10-16 10:22:12.949677,80.14,44.67,113.75,39.05,52.16029620696914
2025-10-16 10:22:13.949676,44.07,68.16,256.78,120.97,52.429259226576086
2025-10-16 10:22:14.949676,38.75,43.27,207.6,130.35,52.494471529718375
2025-10-16 10:22:15.949676,54.43,29.93,135.01,113.27,52.47940378048975
2025-10-16 10:22:16.949675,10.93,94.02,76.21,106.75,52.64982145946093
2025-10-16 10:22:17.949675,62.84,52.48,190.98,29.57,52.02373188175471
2025-10-16 10:22:18.949674,51.6,50.22,257.12,103.08,52.30324131134676
2025-10-16 10:22:19.949674,46.4,40.6,150.59,15.48,51.983433326764796
2025-10-16 10:22:20.949673,42.93,54.88,272.72,46.47,52.00434537929636
2025-10-16 10:22:21.949673,71.78,68.48,75.85,31.31,52.218200613008705
2025-10-16 10:22:22.949672,74.98,32.68,206.52,16.29,51.89706680765196
2025-10-16 10:22:23.949672,12.97,89.62,120.39,72.58,52.40872246462125
2025-10-16 10:22:24.949671,67.95,66.93,138.02,100.67,52.48337900359604
2025-10-16 10:22:25.949671,43.57,55.54,85.66,28.05,52.16335862104023
2025-10-16 10:22:26.949671,59.62,24.31,165.04,97.81,52.34978823306912
2025-10-16 10:22:27.949670,79.95,73.14,254.9,37.61,52.01883047227608
2025-10-16 10:22:28.949670,33.76,35.95,121.14,134.04,52.61502392364535
2025-10-16 10:22:29.949669,25.3,69.46,120.12,37.75,52.19332496831109
2025-10-16 10:22:30.949669,83.05,33.84,171.29,140.9,52.57837965494069
2025-10-16 10:22:31.949668,66.6,94.27,287.75,89.22,52.27744924195483
2025-10-16 10:22:32.949668,75.06,39.57,243.37,118.07,52.37700357557857
2025-10-16 10:22:33.949667,93.42,47.32,289.73,43.49,51.95171155383092
2025-10-16 10:22:34.949667,94.17,72.08,235.0,55.86,52.13601175126712
2025-10-16 10:22:35.949667,18.74,50.16,198.58,51.01,52.11772044981065
2025-10-16 10:22:36.949666,86.65,62.51,241.8,15.82,51.905286908671805
2025-10-16 10:22:37.949666,31.26,97.75,232.36,37.18,52.09473056527876
2025-10-16 10:22:38.949665,22.42,26.87,119.12,144.17,52.65145013801023
2025-10-16 10:22:39.949665,34.37,94.6,169.38,40.39,52.18943164290544
2025-10-16 10:22:40.949664,93.69,62.0,210.59,53.21,52.13575854866395
2025-10-16 10:22:41.949664,20.66,37.58,60.83,39.36,52.219133349784286
2025-10-16 10:22:42.949663,16.36,78.37,190.42,73.63,52.298173426014706
2025-10-16 10:22:43.949663,58.65,59.59,78.76,141.81,52.7572468171931
2025-10-16 10:22:44.949662,85.16,63.75,258.64,106.29,52.34376630394359
2025-10-16 10:22:45.949662,75.26,77.11,220.99,73.89,52.256004489583006
2025-10-16 10:22:46.949662,67.34,95.14,182.24,89.19,52.42062971194345
2025-10-16 10:22:47.949661,61.2,35.41,218.52,45.45,52.03410145431727
2025-10-16 10:22:48.949661,51.86,51.19,164.17,98.52,52.40678812053466
2025-10-16 10:22:49.949660,85.91,77.41,58.96,138.5,52.80167309269984
2025-10-16 10:22:50.949660,90.35,96.14,108.39,37.98,52.26208167395305
2025-10-16 10:22:51.949659,86.3,88.76,135.56,96.55,52.50821262831742
2025-10-16 10:22:52.949659,36.61,25.0,144.2,122.64,52.50499210903691
2025-10-16 10:22:53.949658,30.58,84.06,224.5,43.13,52.10884638283358
2025-10-16 10:22:54.949658,39.65,43.33,108.72,104.3,52.49525795461791
2025-10-16 10:22:55.949657,92.47,88.78,202.69,10.63,51.982524195522835
2025-10-16 10:22:56.949657,29.94,21.69,156.4,34.77,52.03668740380489
2025-10-16 10:22:57.949657,46.08,53.43,66.27,16.15,52.124956476655676
2025-10-16 10:22:58.949656,84.4,47.78,294.95,33.23,51.89358031353322
2025-10-16 10:22:59.949656,68.56,87.5,184.46,28.55,52.095363007128526
2025-10-16 10:23:00.949655,80.86,39.33,268.63,27.2,51.88192218308139
2025-10-16 10:23:01.949655,53.14,25.93,128.77,114.72,52.487359412406214
2025-10-16 10:23:02.949654,63.85,23.74,149.24,100.53,52.38368157045788
2025-10-16 10:23:03.949654,83.45,69.13,74.5,67.69,52.405720105063
2025-10-16 10:23:04.949653,91.47,89.31,222.57,140.85,52.61707268753109
2025-10-16 10:23:05.949653,29.65,61.65,184.9,16.14,51.981623630575015
2025-10-16 10:23:06.949652,78.58,80.09,65.41,101.69,52.61159777232177
2025-10-16 10:23:07.949652,16.58,62.15,106.47,102.23,52.524354095356976
2025-10-16 10:23:08.949651,75.74,25.52,201.74,119.92,52.414967705252124
2025-10-16 10:23:09.949651,76.98,20.06,209.27,147.56,52.53438228172879
2025-10-16 10:23:10.949651,30.67,89.77,280.2,23.78,51.94706415211153
2025-10-16 10:23:11.949650,60.12,76.95,259.68,82.33,52.24654437656626
2025-10-16 10:23:12.949650,13.69,28.06,210.04,49.17,52.050063315976516
2025-10-16 10:23:13.949649,94.22,56.99,180.12,80.01,52.30280194805764
2025-10-16 10:23:14.949649,18.25,25.64,245.87,39.39,51.94767689724286
2025-10-16 10:23:15.949648,79.22,97.41,143.33,18.04,52.11654981054949
2025-10-16 10:23:16.949648,70.7,64.04,174.36,64.7,52.246613128405414
2025-10-16 10:23:17.949647,88.42,57.41,222.91,12.8,51.90542446818589
2025-10-16 10:23:18.949647,93.31,89.51,294.79,102.34,52.325266423450124
2025-10-16 10:23:19.949646,47.3,88.14,255.97,76.16,52.24198741786129
2025-10-16 10:23:20.949646,61.7,85.16,290.43,48.92,52.05183097187896
2025-10-16 10:23:21.949646,60.94,67.83,144.7,99.85,52.47200293560341
2025-10-16 10:23:22.949645,78.9,87.18,166.33,69.59,52.32714984023877
2025-10-16 10:23:23.949645,77.43,24.55,202.84,43.37,52.02350284549096
2025-10-16 10:23:24.949644,27.39,81.59,138.49,60.22,52.30615611753282
2025-10-16 10:23:25.949644,93.25,43.54,140.07,127.28,52.57008721485068
2025-10-16 10:23:26.949643,27.2,49.59,173.38,18.09,51.98354045184873
2025-10-16 10:23:27.949643,13.97,28.28,153.33,139.3,52.58357418196994
2025-10-16 10:23:28.949642,90.67,25.22,227.15,90.04,52.22878350614322
2025-10-16 10:23:29.949642,29.6,62.44,164.54,128.28,52.57903320716265
2025-10-16 10:23:30.949641,75.41,49.33,229.18,32.64,51.98189396859562
2025-10-16 10:23:31.949641,27.88,97.66,246.43,99.85,52.3934000303613
2025-10-16 10:23:32.949641,84.44,90.18,200.12,37.28,52.12380841433581
2025-10-16 10:23:33.949640,13.99,84.69,85.5,82.28,52.49515911434113
2025-10-16 10:23:34.949640,34.01,81.87,294.98,149.81,52.55083523989361
2025-10-16 10:23:35.949639,55.49,59.2,101.66,110.48,52.56690588399134
2025-10-16 10:23:36.949639,10.87,45.96,153.08,55.37,52.19274557997278
2025-10-16 10:23:37.949638,74.88,83.34,198.69,68.68,52.271632727565716
2025-10-16 10:23:38.949638,93.52,46.14,229.83,91.75,52.27450635461013
2025-10-16 10:23:39.949637,16.46,81.09,174.14,25.83,52.082971192955156
2025-10-16 10:23:40.949637,39.65,69.42,199.2,46.26,52.13023133132274
2025-10-16 10:23:41.949636,29.51,48.91,87.63,124.09,52.63474706818003
2025-10-16 10:23:42.949636,77.23,95.98,92.62,29.23,52.23857931616187
2025-10-16 10:23:43.949636,26.2,59.85,202.33,122.5,52.49396497397431
2025-10-16 10:23:44.949635,41.46,70.94,171.5,141.03,52.65084829168867
2025-10-16 10:23:45.949635,19.97,38.72,76.87,119.38,52.605511600201325
2025-10-16 10:23:46.949634,36.35,75.29,216.46,56.33,52.16952122533261
2025-10-16 10:23:47.949634,62.36,43.43,236.16,93.76,52.27093322255107
2025-10-16 10:23:48.949633,16.27,30.62,63.47,96.47,52.491608658208946
2025-10-16 10:23:49.949633,58.23,66.8,78.61,88.2,52.49965935899429
2025-10-16 10:23:50.949632,13.51,23.67,290.62,36.0,51.86658710489869
2025-10-16 10:23:51.949632,66.1,96.18,177.4,33.57,52.147158451540626
2025-10-16 10:23:52.949632,34.04,27.45,211.89,39.24,51.99605002570101
2025-10-16 10:23:53.949631,35.02,53.41,257.16,108.0,52.33433037829684
2025-10-16 10:23:54.949631,23.1,57.61,114.87,134.49,52.66781153787009
2025-10-16 10:23:55.949630,32.51,23.67,201.77,127.48,52.4496612602474
2025-10-16 10:23:56.949630,66.43,52.31,87.97,132.17,52.68186244970937
2025-10-16 10:23:57.949629,60.72,92.55,118.66,56.22,52.33379429443309
2025-10-16 10:23:58.949629,52.53,21.71,138.12,31.73,52.04585367967766
2025-10-16 10:23:59.949628,25.41,77.6,196.74,30.54,52.06972952862891
2025-10-16 10:24:00.949628,34.2,62.06,286.76,121.6,52.3803532874475
2025-10-16 10:24:01.949627,35.85,89.98,117.46,92.94,52.51657920102689
2025-10-16 10:24:02.949627,24.44,44.36,78.48,118.12,52.60792159617763
2025-10-16 10:24:03.949627,23.94,24.65,53.06,112.74,52.57647066585418
2025-10-16 10:24:04.949626,77.48,92.96,109.25,83.34,52.484720012276945
2025-10-16 10:24:05.949626,50.85,42.15,114.07,63.05,52.27664821153078
2025-10-16 10:24:06.949625,13.91,85.23,276.35,19.01,51.91922703941095
2025-10-16 10:24:07.949625,75.46,90.14,178.79,97.94,52.45990724269991
2025-10-16 10:24:08.949624,10.51,70.84,209.08,95.35,52.36861017097302
2025-10-16 10:24:09.949624,75.33,74.4,63.85,30.92,52.24383629549774
2025-10-16 10:24:10.949623,80.52,36.96,59.55,92.07,52.48688303849782
2025-10-16 10:24:11.949623,45.23,82.95,263.73,78.31,52.232385319438634
2025-10-16 10:24:12.949622,43.94,86.56,276.86,133.74,52.50280009542595
2025-10-16 10:24:13.949622,58.3,21.12,198.89,18.38,51.89544286772245
2025-10-16 10:24:14.949622,45.93,56.95,119.36,115.64,52.56493322524394
2025-10-16 10:24:15.949621,77.59,82.42,50.77,43.03,52.33837662350919
2025-10-16 10:24:16.949621,41.56,33.55,249.43,122.96,52.381962429779186
2025-10-16 10:24:17.949620,80.87,89.99,258.81,93.9,52.33171030717394
2025-10-16 10:24:18.949620,50.9,49.27,286.95,42.39,51.95365581645467
2025-10-16 10:24:19.949619,18.85,48.7,85.05,14.43,52.08183378697467
2025-10-16 10:24:20.949619,30.16,87.98,209.2,30.24,52.07165167213676
2025-10-16 10:24:21.949618,44.54,75.7,188.46,148.13,52.6733263087524
2025-10-16 10:24:22.949618,90.05,77.96,183.43,81.33,52.3457989371769
2025-10-16 10:24:23.949617,34.52,68.78,258.93,94.03,52.29099375235834
2025-10-16 10:24:24.949617,81.22,72.29,256.11,108.13,52.37308601804214
2025-10-16 10:24:25.949616,43.9,69.29,145.92,15.36,52.04484361534217
2025-10-16 10:24:26.949616,39.25,46.22,132.34,36.29,52.1243589365127
2025-10-16 10:24:27.949616,31.68,80.55,280.95,145.32,52.54434085481246
2025-10-16 10:24:28.949615,52.22,98.02,191.56,25.55,52.09106391534731
2025-10-16 10:24:29.949615,18.52,50.95,180.15,120.88,52.49823307132847
2025-10-16 10:24:30.949614,72.99,29.44,220.99,26.7,51.92412367436474
2025-10-16 10:24:31.949614,53.37,39.18,254.77,125.86,52.40043656857164
2025-10-16 10:24:32.949613,74.75,89.14,100.67,101.5,52.58088531287308
2025-10-16 10:24:33.949613,80.71,27.21,80.53,50.06,52.226784703708674
2025-10-16 10:24:34.949612,21.7,47.19,195.44,54.33,52.13299671719464
2025-10-16 10:24:35.949612,77.99,75.37,228.32,111.51,52.43351405505529
2025-10-16 10:24:36.949611,77.67,59.66,81.77,62.46,52.35104295903317
2025-10-16 10:24:37.949611,69.26,81.09,220.66,109.27,52.44355549249691
2025-10-16 10:24:38.949610,12.97,87.21,280.5,34.71,51.99710126817013
2025-10-16 10:24:39.949610,53.47,50.04,56.09,94.74,52.530481249488695
2025-10-16 10:24:40.949609,43.72,73.24,57.87,76.15,52.47892310346833
2025-10-16 10:24:41.949609,68.81,49.77,137.56,52.29,52.205368492900426
2025-10-16 10:24:42.949608,75.57,83.64,210.83,93.66,52.382565221941476
2025-10-16 10:24:43.949608,51.24,30.45,53.29,124.18,52.645432286941684
2025-10-16 10:24:44.949608,93.03,27.01,279.84,130.86,52.36848264906697
2025-10-16 10:24:45.949607,83.07,30.62,252.4,61.58,52.061089449072384
2025-10-16 10:24:46.949607,55.6,85.4,226.62,102.58,52.41001168482051
2025-10-16 10:24:47.949606,54.48,76.49,155.98,87.14,52.40924907000557
2025-10-16 10:24:48.949606,87.95,29.16,143.8,97.45,52.38590107383019
2025-10-16 10:24:49.949605,77.0,45.2,66.02,108.46,52.577305253261684
2025-10-16 10:24:50.949605,32.42,69.44,161.53,85.28,52.378669072413935
2025-10-16 10:24:51.949604,20.34,33.95,173.69,32.23,52.02442201314295
2025-10-16 10:24:52.949604,49.32,47.99,224.33,147.2,52.566612420622256
2025-10-16 10:24:53.949603,35.78,95.0,159.37,75.61,52.38220984871567
2025-10-16 10:24:54.949603,32.57,89.15,168.11,111.82,52.54269154163283
2025-10-16 10:24:55.949603,52.77,72.43,164.32,32.35,52.11238220106486
2025-10-16 10:24:56.949602,35.28,67.25,96.85,137.32,52.72508253450712
2025-10-16 10:24:57.949602,16.7,73.29,53.86,53.64,52.37027932189805
2025-10-16 10:24:58.949601,33.57,83.73,209.61,94.66,52.38944782917633
2025-10-16 10:24:59.949601,59.91,20.05,72.7,40.24,52.17359629480455
2025-10-16 10:25:00.949600,83.99,34.67,159.29,62.54,52.19882202634493
2025-10-16 10:25:01.949600,89.32,25.12,297.58,105.96,52.21475367695459
2025-10-16 10:25:02.949598,16.41,36.22,128.63,62.38,52.24218229472456
2025-10-16 10:25:03.949597,74.83,81.97,182.84,52.33,52.20735505195263
2025-10-16 10:25:04.949597,54.62,24.23,104.64,114.74,52.51655077333572
2025-10-16 10:25:05.949596,14.22,26.77,179.02,105.0,52.3722537663233
2025-10-16 10:25:06.949596,21.87,38.86,272.12,130.8,52.40156869313777
2025-10-16 10:25:07.949595,53.55,43.44,297.13,95.89,52.199902366944514
2025-10-16 10:25:08.949595,56.4,32.0,95.55,114.2,52.54111429057074
2025-10-16 10:25:09.949594,82.63,57.88,267.87,61.55,52.09314033932286
2025-10-16 10:25:10.949594,56.13,64.93,294.49,96.41,52.247841440757796
2025-10-16 10:25:11.949593,88.18,58.17,83.74,148.62,52.78232835176108
2025-10-16 10:25:12.949593,60.59,83.62,72.96,102.39,52.611870595189515
2025-10-16 10:25:13.949592,67.47,61.4,145.63,82.89,52.37227385216439
2025-10-16 10:25:14.949592,54.03,90.61,176.78,71.04,52.327137687348376
2025-10-16 10:25:15.949592,42.43,83.28,50.69,12.2,52.18384913967805
2025-10-16 10:25:16.949591,92.61,84.7,143.14,44.34,52.22544644668726
2025-10-16 10:25:17.949591,64.76,46.76,83.84,83.45,52.42961511540568
2025-10-16 10:25:18.949590,56.67,67.95,296.29,59.27,52.06299611680811
2025-10-16 10:25:19.949590,51.26,69.18,264.38,85.1,52.23918016787303
2025-10-16 10:25:20.949589,33.11,51.08,135.61,105.81,52.481874579205055
2025-10-16 10:25:21.949589,33.95,94.21,85.99,14.32,52.16844767721009
2025-10-16 10:25:22.949588,28.59,40.05,86.02,56.9,52.27904323400535
2025-10-16 10:25:23.949588,63.07,74.98,288.48,140.09,52.49689301908239
2025-10-16 10:25:24.949587,82.93,85.75,188.75,85.06,52.37270520718833
2025-10-16 10:25:25.949587,48.81,43.12,65.75,113.32,52.598265799064215
2025-10-16 10:25:26.949586,31.38,94.8,197.47,99.83,52.4534675817232
2025-10-16 10:25:27.949586,18.64,44.34,295.27,43.03,51.93615157132034
2025-10-16 10:25:28.949586,19.63,26.9,50.91,53.49,52.283335589900474
2025-10-16 10:25:29.949585,80.94,77.07,94.74,42.28,52.26515066217899
2025-10-16 10:25:30.949585,57.03,37.72,149.05,26.33,52.034913145118594
2025-10-16 10:25:31.949584,21.88,68.04,222.61,20.69,51.96648482184672
2025-10-16 10:25:32.949584,25.51,98.98,126.43,39.32,52.250176156878496
2025-10-16 10:25:33.949583,87.76,87.42,129.62,49.24,52.27372446360563
2025-10-16 10:25:34.949583,69.9,74.77,287.64,50.72,52.044512792722685
2025-10-16 10:25:35.949582,37.11,23.95,242.23,136.73,52.44278664677669
2025-10-16 10:25:36.949582,48.85,68.13,64.15,25.63,52.2044299689278
2025-10-16 10:25:37.949581,14.77,86.04,76.68,46.56,52.328524836968576
2025-10-16 10:25:38.949581,74.44,55.69,279.32,81.37,52.17399979250975
2025-10-16 10:25:39.949581,83.66,40.99,136.72,120.98,52.53768878112391
2025-10-16 10:25:40.949580,73.49,85.47,82.21,133.98,52.76320693089861
2025-10-16 10:25:41.949580,60.82,43.92,57.59,133.05,52.710804490537676
2025-10-16 10:25:42.949579,54.17,60.45,128.44,14.54,52.046974728159604
2025-10-16 10:25:43.949579,90.47,57.89,134.07,20.74,52.06587580172922
2025-10-16 10:25:44.949578,81.03,38.51,68.09,70.23,52.36770309936034
2025-10-16 10:25:45.949578,10.7,26.61,133.76,132.5,52.57212532490084
2025-10-16 10:25:46.949577,83.97,52.03,273.07,98.55,52.26237955532286
2025-10-16 10:25:47.949577,83.11,80.86,62.0,143.88,52.83157219828835
2025-10-16 10:25:48.949576,52.74,82.52,133.99,65.0,52.33823856664682
2025-10-16 10:25:49.949576,74.21,97.86,170.93,137.51,52.68607735822756
2025-10-16 10:25:50.949575,25.11,87.91,166.5,106.62,52.51607971571687
2025-10-16 10:25:51.949575,19.97,72.3,108.95,80.11,52.4286010568124
2025-10-16 10:25:52.949574,43.12,68.31,139.48,42.55,52.1894361479111
2025-10-16 10:25:53.949574,46.35,92.2,103.44,58.35,52.364345246861554
2025-10-16 10:25:54.949573,63.57,50.76,82.23,27.85,52.157660908149886
2025-10-16 10:25:55.949573,86.17,98.14,140.72,24.53,52.15437597758564
2025-10-16 10:25:56.949572,44.1,61.72,206.69,39.29,52.06987656832478
2025-10-16 10:25:57.949572,54.24,87.39,293.72,83.75,52.228333298715974
2025-10-16 10:25:58.949572,73.43,51.0,214.2,123.7,52.46691697850787
2025-10-16 10:25:59.949571,80.15,88.26,59.98,106.22,52.65772974012267
2025-10-16 10:26:00.949571,82.11,48.41,237.1,25.75,51.93454221198496
2025-10-16 10:26:01.949570,23.27,79.31,278.33,141.4,52.52557441741268
2025-10-16 10:26:02.949570,41.27,47.6,180.78,55.94,52.16163633858753
2025-10-16 10:26:03.949569,78.07,65.31,135.42,24.38,52.09693633721495
2025-10-16 10:26:04.949569,54.99,58.97,237.84,117.26,52.41801810645361
2025-10-16 10:26:05.949568,37.53,58.97,163.39,40.38,52.128187219326676
2025-10-16 10:26:06.949568,36.99,91.46,96.88,77.77,52.47017186198361
2025-10-16 10:26:07.949567,35.82,80.66,258.95,36.58,52.02278412413713
2025-10-16 10:26:08.949567,68.01,39.27,225.48,36.13,51.985006849751564
2025-10-16 10:26:09.949566,61.7,46.45,83.28,108.32,52.55585371469661
2025-10-16 10:26:10.949566,83.31,25.4,195.44,30.48,51.96973725149719
2025-10-16 10:26:11.949565,13.92,34.1,282.36,64.58,52.04284162846436
2025-10-16 10:26:12.949565,71.45,57.66,129.02,134.63,52.649622803861654
2025-10-16 10:26:13.949564,18.16,90.11,147.39,15.74,52.08525350348801
2025-10-16 10:26:14.949564,45.65,83.74,224.11,65.7,52.22317649024325
2025-10-16 10:26:15.949564,63.34,80.68,151.86,84.5,52.40953721378283
2025-10-16 10:26:16.949563,55.92,65.79,186.75,91.78,52.370674457920856
2025-10-16 10:26:17.949563,66.92,74.86,57.0,18.31,52.18999409960407
2025-10-16 10:26:18.949562,25.55,73.85,86.93,136.99,52.74955146757889
2025-10-16 10:26:19.949562,79.46,83.88,277.66,26.55,51.953072441407095
2025-10-16 10:26:20.949561,73.14,85.12,171.42,59.82,52.2667806068114
2025-10-16 10:26:21.949561,75.61,25.84,76.78,66.36,52.311796648931036
2025-10-16 10:26:22.949560,12.67,32.64,226.96,14.15,51.85869972650628
2025-10-16 10:26:23.949560,43.46,21.67,175.52,126.45,52.475792239082054
2025-10-16 10:26:24.949559,19.74,74.37,59.05,55.18,52.37321831535898
2025-10-16 10:26:25.949559,49.16,61.21,139.46,125.55,52.59647087173541
2025-10-16 10:26:26.949558,53.75,24.59,229.72,31.95,51.92959686396518
2025-10-16 10:26:27.949558,67.19,31.9,64.6,91.23,52.46601249749065
2025-10-16 10:26:28.949557,45.5,56.53,229.84,110.93,52.39192372055638
2025-10-16 10:26:29.949557,74.51,33.0,161.56,135.99,52.56491607848776
2025-10-16 10:26:30.949557,84.67,26.95,271.1,77.77,52.11093639311741
2025-10-16 10:26:31.949556,13.63,92.33,72.36,81.07,52.52151009244384
2025-10-16 10:26:32.949556,21.65,67.2,279.38,23.58,51.90329371793748
2025-10-16 10:26:33.949555,37.21,70.45,268.42,146.7,52.54853229590369
2025-10-16 10:26:34.949555,40.85,72.31,63.4,42.48,52.29898759505115
2025-10-16 10:26:35.949554,53.31,82.66,189.81,75.11,52.31483200283198
2025-10-16 10:26:36.949554,13.0,72.55,214.46,140.94,52.595848796733954
2025-10-16 10:26:37.949553,50.53,27.88,279.35,133.78,52.385635205916834
2025-10-16 10:26:38.949553,67.64,30.2,224.67,82.14,52.201737289149065
2025-10-16 10:26:39.949552,88.55,86.81,221.54,34.12,52.07248365758503
2025-10-16 10:26:40.949552,39.14,31.22,242.99,62.71,52.080616836495366
2025-10-16 10:26:41.949551,94.21,72.35,224.15,115.51,52.45352344249114
2025-10-16 10:26:42.949551,39.28,74.1,99.28,118.12,52.637788371923904
2025-10-16 10:26:43.949550,15.12,46.17,292.27,20.48,51.829407952442445
2025-10-16 10:26:44.949550,23.42,93.38,262.76,120.92,52.46998452020512
2025-10-16 10:26:45.949550,59.62,20.72,168.86,133.88,52.5205565500901
2025-10-16 10:26:46.949549,34.34,58.25,141.75,26.97,52.087850993398554
2025-10-16 10:26:47.949549,46.22,36.43,70.17,69.59,52.35762425927437
2025-10-16 10:26:48.949548,84.74,28.42,297.11,87.46,52.128003335420814
2025-10-16 10:26:49.949548,69.38,75.04,90.4,55.06,52.33182600340439
2025-10-16 10:26:50.949547,78.02,37.2,50.37,144.19,52.76391795368207
2025-10-16 10:26:51.949547,23.71,22.28,186.53,132.8,52.494391252002124
2025-10-16 10:26:52.949546,53.55,96.95,141.24,45.42,52.2572764143378
2025-10-16 10:26:53.949546,62.17,60.38,242.33,80.56,52.22866386183119
2025-10-16 10:26:54.949545,79.05,42.12,91.71,65.16,52.3173046791683
2025-10-16 10:26:55.949545,34.81,90.36,176.24,93.77,52.44261637315896
2025-10-16 10:26:56.949544,71.64,85.18,85.64,43.16,52.29758758378175
2025-10-16 10:26:57.949544,10.17,52.17,57.75,33.91,52.22398776247649
2025-10-16 10:26:58.949544,10.41,52.32,201.6,132.33,52.530150354225526
2025-10-16 10:26:59.949543,12.03,50.6,200.51,103.02,52.3796716741845
2025-10-16 10:27:00.949543,67.19,21.08,103.28,85.19,52.36243904396671
2025-10-16 10:27:01.949542,52.43,90.44,190.12,25.75,52.07928183266646
2025-10-16 10:27:02.949542,51.17,30.38,291.24,131.23,52.36160305115698
2025-10-16 10:27:03.949541,89.48,30.84,79.8,146.83,52.72543570274069
2025-10-16 10:27:04.949541,29.76,57.74,241.79,127.74,52.46345821752284
2025-10-16 10:27:05.949540,25.36,43.76,192.78,66.55,52.19185714623551
2025-10-16 10:27:06.949540,34.19,36.44,71.5,79.89,52.408078530316466
2025-10-16 10:27:07.949539,59.24,71.26,101.96,28.55,52.17455820466502
2025-10-16 10:27:08.949539,41.14,52.93,259.65,64.25,52.108245431600245
2025-10-16 10:27:09.949538,94.41,66.06,230.94,19.09,51.94334284441944
2025-10-16 10:27:10.949538,40.91,77.58,280.21,78.45,52.200536714441945
2025-10-16 10:27:11.949537,91.89,97.56,239.11,99.75,52.402525462467544
2025-10-16 10:27:12.949537,89.78,45.98,192.56,100.54,52.368793301847056
2025-10-16 10:27:13.949537,93.27,66.93,115.18,46.54,52.239605168590586
2025-10-16 10:27:14.949536,13.4,66.13,75.51,100.91,52.56695787146497
2025-10-16 10:27:15.949536,50.87,96.97,141.68,93.93,52.50266699917757
2025-10-16 10:27:16.949535,30.56,77.03,223.69,104.88,52.40934161021539
2025-10-16 10:27:17.949535,43.06,83.52,249.99,97.71,52.3502948821988
2025-10-16 10:27:18.949534,39.65,34.78,248.18,54.76,52.04026122733053
2025-10-16 10:27:19.949534,83.35,22.3,184.33,112.85,52.39623836484506
2025-10-16 10:27:20.949533,85.16,49.91,291.5,75.58,52.11706233248163
2025-10-16 10:27:21.949533,12.03,91.52,70.83,69.02,52.46089739782859
2025-10-16 10:27:22.949532,55.15,38.03,299.67,71.92,52.06445374350496
2025-10-16 10:27:23.949532,42.71,53.33,122.5,135.42,52.65396692218338
2025-10-16 10:27:24.949531,32.07,39.38,240.05,98.51,52.28192344223111
2025-10-16 10:27:25.949531,45.46,38.94,85.94,76.34,52.37555319332906
2025-10-16 10:27:26.949531,20.95,64.37,97.34,101.81,52.538795130914856
2025-10-16 10:27:27.949530,53.86,84.77,224.94,13.72,51.960528652934904
2025-10-16 10:27:28.949530,24.17,85.55,275.97,134.61,52.506443119996895
2025-10-16 10:27:29.949529,44.6,74.47,207.1,117.6,52.49112790325214
2025-10-16 10:27:30.949529,52.34,88.65,281.08,80.86,52.233098166188924
2025-10-16 10:27:31.949528,34.21,20.78,169.76,25.57,51.970340602120736
2025-10-16 10:27:32.949528,86.41,79.17,139.84,15.91,52.07499266103327
2025-10-16 10:27:33.949527,76.5,42.25,286.19,143.93,52.455835946135444
2025-10-16 10:27:34.949527,54.88,32.8,142.13,28.68,52.04655686978249
2025-10-16 10:27:35.949526,88.33,73.93,109.86,146.49,52.76708887133058
2025-10-16 10:27:36.949526,53.08,29.47,175.51,130.88,52.513422157393066
2025-10-16 10:27:37.949526,92.08,20.3,76.27,89.94,52.42126515500096
2025-10-16 10:27:38.949525,55.24,46.06,254.71,138.79,52.479440318441746
2025-10-16 10:27:39.949525,85.15,96.57,274.49,35.53,52.02751477757415
2025-10-16 10:27:40.949524,48.41,25.0,114.02,64.11,52.24876416428147
2025-10-16 10:27:41.949524,35.06,90.76,131.5,65.92,52.362257295473405
2025-10-16 10:27:42.949523,25.79,50.96,165.87,121.13,52.51869018740947
2025-10-16 10:27:43.949523,44.29,66.65,179.34,122.7,52.539055439821006
2025-10-16 10:27:44.949522,84.84,82.69,69.63,49.76,52.3477032931424
2025-10-16 10:27:45.949522,44.64,75.69,70.69,96.9,52.571674725864646
2025-10-16 10:27:46.949521,30.82,79.79,215.89,34.43,52.067999159455375
2025-10-16 10:27:47.949521,67.92,42.32,231.01,149.43,52.55793304422196
2025-10-16 10:27:48.949520,34.43,97.36,99.32,147.77,52.8332561991077
2025-10-16 10:27:49.949520,23.54,32.3,101.19,102.58,52.47521320676905
2025-10-16 10:27:50.949520,51.49,47.26,216.92,109.8,52.385526016135984
2025-10-16 10:27:51.949519,18.9,71.91,75.45,48.66,52.31336597270553
2025-10-16 10:27:52.949519,32.02,42.97,182.12,53.5,52.13846996133209
2025-10-16 10:27:53.949518,36.68,25.65,66.05,109.56,52.54485300869369
2025-10-16 10:27:54.949518,24.57,25.7,292.78,33.55,51.855210704306124
2025-10-16 10:27:55.949517,31.06,50.37,254.88,60.19,52.0890904943659
2025-10-16 10:27:56.949517,35.31,26.71,287.76,119.13,52.297797184657306
2025-10-16 10:27:57.949516,42.78,80.0,201.94,39.92,52.11496834342591
2025-10-16 10:27:58.949516,70.97,72.01,286.79,75.4,52.165416658938625
2025-10-16 10:27:59.949515,20.13,78.31,201.76,47.8,52.15187709794673
2025-10-16 10:28:00.949515,47.47,24.18,57.54,136.79,52.69147506091515
2025-10-16 10:28:01.949515,29.01,68.61,287.09,23.25,51.894010206682324
2025-10-16 10:28:02.949514,41.3,92.39,286.09,24.36,51.94718877083378
2025-10-16 10:28:03.949514,41.63,95.87,231.4,43.51,52.12445883553581
2025-10-16 10:28:04.949513,71.84,80.38,281.67,70.38,52.163103249774885
2025-10-16 10:28:05.949513,32.53,48.0,212.3,64.02,52.16106459729266
2025-10-16 10:28:06.949512,19.96,21.65,274.63,88.24,52.14898094851215
2025-10-16 10:28:07.949512,45.06,76.0,78.46,77.62,52.464097974011636
2025-10-16 10:28:08.949511,70.02,37.25,184.71,79.08,52.25356696310994
2025-10-16 10:28:09.949511,41.9,21.66,297.05,63.41,51.993016216069826
2025-10-16 10:28:10.949510,62.98,56.38,69.52,59.93,52.34828747224466
2025-10-16 10:28:11.949510,34.97,96.07,81.96,21.87,52.215750030303695
2025-10-16 10:28:12.949510,81.47,56.14,256.62,29.06,51.940139715264145
2025-10-16 10:28:13.949509,93.84,90.14,214.56,39.5,52.11560094307306
2025-10-16 10:28:14.949509,32.15,69.63,257.2,89.91,52.274079764139316
2025-10-16 10:28:15.949508,64.92,37.47,247.81,81.46,52.18135223456513
2025-10-16 10:28:16.949508,66.4,94.72,171.97,18.53,52.075359161610336
2025-10-16 10:28:17.949507,62.4,85.06,294.99,106.8,52.33896274092604
2025-10-16 10:28:18.949507,74.21,25.49,222.62,95.18,52.26144891470923
2025-10-16 10:28:19.949506,68.74,49.58,293.41,45.76,51.96267163469788
2025-10-16 10:28:20.949506,87.49,88.2,103.32,127.82,52.70894185094728
2025-10-16 10:28:21.949505,14.2,47.18,85.55,138.1,52.705207436104125
2025-10-16 10:28:22.949505,34.86,67.85,60.26,27.87,52.220464664756165
2025-10-16 10:28:23.949504,25.06,24.84,79.04,123.85,52.5982899325519
2025-10-16 10:28:24.949504,52.7,42.9,287.6,87.85,52.170884363014956
2025-10-16 10:28:25.949504,70.65,32.1,56.02,120.02,52.62388270246246
2025-10-16 10:28:26.949503,34.26,44.2,159.78,60.43,52.20598504127464
2025-10-16 10:28:27.949503,82.93,63.41,196.22,19.37,51.986222936858724
2025-10-16 10:28:28.949502,51.19,66.21,195.55,137.83,52.593147385494674
2025-10-16 10:28:29.949502,53.24,72.6,290.95,136.12,52.468824799792195
2025-10-16 10:28:30.949501,75.85,24.87,206.74,50.55,52.05529121097619
2025-10-16 10:28:31.949501,61.63,74.71,178.63,58.15,52.22840638958556
2025-10-16 10:28:32.949500,26.23,65.44,283.11,33.29,51.94409544262088
2025-10-16 10:28:33.949500,62.74,89.34,246.84,137.56,52.56786961860235
2025-10-16 10:28:34.949500,88.88,62.32,183.45,31.16,52.06102248412205
2025-10-16 10:28:35.949499,77.11,27.1,240.36,125.35,52.39372217749386
2025-10-16 10:28:36.949499,85.77,83.3,105.82,14.51,52.12159021779627
2025-10-16 10:28:37.949498,23.49,39.35,202.56,43.11,52.05131940696607
2025-10-16 10:28:38.949498,73.46,75.22,169.09,80.38,52.354908975328144
2025-10-16 10:28:39.949497,42.38,25.8,133.03,31.23,52.05809933881974
2025-10-16 10:28:40.949497,34.53,51.12,227.5,45.1,52.05079890601298
2025-10-16 10:28:41.949496,63.22,44.17,169.93,137.02,52.58060695761447
2025-10-16 10:28:42.949496,41.13,66.24,63.56,117.55,52.66757757816544
2025-10-16 10:28:43.949495,69.86,89.54,291.25,75.75,52.19526750410267
2025-10-16 10:28:44.949495,41.9,77.04,234.27,20.4,51.966850056394655
2025-10-16 10:28:45.949495,22.58,67.36,173.02,43.31,52.14641747923146
2025-10-16 10:28:46.949494,91.45,54.38,71.29,146.09,52.77885034050501
2025-10-16 10:28:47.949494,40.66,31.05,70.67,91.4,52.457074016728924
2025-10-16 10:28:48.949493,64.6,49.06,271.55,102.93,52.28085517984771
2025-10-16 10:28:49.949493,13.0,48.16,72.39,126.09,52.66388851205514
2025-10-16 10:28:50.949492,94.28,29.5,246.77,108.6,52.304859304037784
2025-10-16 10:28:51.949492,88.49,45.55,287.63,15.45,51.80893040468401
2025-10-16 10:28:52.949491,27.6,59.81,72.48,60.18,52.352246359578864
2025-10-16 10:28:53.949491,74.75,89.16,86.49,123.23,52.71012975427944
2025-10-16 10:28:54.949490,26.52,68.28,51.3,47.5,52.3328513524595
2025-10-16 10:28:55.949490,76.69,94.48,213.46,75.4,52.30752153772131
2025-10-16 10:28:56.949490,58.61,43.9,217.44,108.96,52.374040160801535
2025-10-16 10:28:57.949489,87.59,39.62,177.74,81.09,52.2777197139348
2025-10-16 10:28:58.949489,40.32,49.3,78.03,121.95,52.637542778887926
2025-10-16 10:28:59.949488,78.26,88.51,78.91,42.32,52.308834279629686
2025-10-16 10:29:00.949488,68.21,33.01,157.44,112.64,52.45208349703742
2025-10-16 10:29:01.949487,95.0,81.64,157.71,81.98,52.39077308579614
2025-10-16 10:29:02.949487,83.77,41.46,218.62,33.53,51.985289774675245
2025-10-16 10:29:03.949486,77.32,30.58,277.29,144.55,52.448250370813064
2025-10-16 10:29:04.949486,28.13,75.31,161.76,83.47,52.380590116486815
2025-10-16 10:29:05.949485,67.25,41.48,231.14,22.83,51.91427287836265
2025-10-16 10:29:06.949485,64.12,23.54,61.34,41.16,52.2002925259938
2025-10-16 10:29:07.949485,56.82,30.92,171.81,27.83,51.99875032737392
2025-10-16 10:29:08.949484,26.92,58.89,109.66,71.41,52.357481651701995
2025-10-16 10:29:09.949484,62.76,42.94,255.52,87.44,52.21194924820557
2025-10-16 10:29:10.949483,89.09,35.4,258.46,43.27,51.969412074807295
2025-10-16 10:29:11.949483,79.72,91.24,178.39,62.83,52.284576394222576
2025-10-16 10:29:12.949482,79.78,25.19,141.82,85.29,52.31919438497774
2025-10-16 10:29:13.949482,21.62,64.63,299.93,93.97,52.2275849230535
2025-10-16 10:29:14.949481,34.8,40.86,239.31,66.98,52.12593778668085
2025-10-16 10:29:15.949481,35.87,87.36,248.18,124.94,52.49824072388789
2025-10-16 10:29:16.949480,31.54,66.04,253.72,82.36,52.23349754139899
2025-10-16 10:29:17.949480,43.17,84.28,249.49,132.27,52.527659762909636
2025-10-16 10:29:18.949479,59.74,54.9,283.63,76.07,52.139808087721704
2025-10-16 10:29:19.949479,71.95,44.41,126.37,101.52,52.459567901495774
2025-10-16 10:29:20.949478,66.24,26.35,124.51,86.72,52.35193628851321
2025-10-16 10:29:21.949478,70.9,32.72,137.03,86.52,52.34649278230776
2025-10-16 10:29:22.949478,10.17,63.46,161.11,79.65,52.339069051904566
2025-10-16 10:29:23.949477,50.7,35.07,76.8,72.82,52.36245698306039
2025-10-16 10:29:24.949477,34.54,58.38,187.83,12.56,51.953185739475984
2025-10-16 10:29:25.949476,52.92,65.76,160.05,140.16,52.6517429156225
2025-10-16 10:29:26.949476,38.37,51.26,226.16,87.66,52.26864613846394
2025-10-16 10:29:27.949475,92.2,96.35,269.84,15.21,51.93030866088293
2025-10-16 10:29:28.949475,16.98,22.17,62.71,15.23,52.06432789447895
2025-10-16 10:29:29.949474,21.95,86.22,246.55,94.31,52.342921693533185
2025-10-16 10:29:30.949474,15.16,52.37,67.43,50.42,52.29508604609676
2025-10-16 10:29:31.949473,50.75,81.88,208.73,81.62,52.320922416017744
2025-10-16 10:29:32.949473,86.01,58.18,213.24,74.98,52.23515057804911
2025-10-16 10:29:33.949473,41.04,22.65,207.73,122.46,52.414227163938484
2025-10-16 10:29:34.949472,39.79,28.22,267.43,10.46,51.77707388838073
2025-10-16 10:29:35.949472,71.56,85.74,281.47,21.84,51.927692612045846
2025-10-16 10:29:36.949471,41.09,63.28,258.59,63.16,52.1242539724746
2025-10-16 10:29:37.949471,14.36,43.06,147.82,92.1,52.38039029247724
2025-10-16 10:29:38.949470,17.15,24.63,200.16,12.88,51.87267384182331
2025-10-16 10:29:39.949470,49.59,75.63,174.15,70.64,52.29953173352678
2025-10-16 10:29:40.949469,76.31,68.5,170.08,48.47,52.17874034367946
2025-10-16 10:29:41.949469,37.18,70.83,260.74,78.54,52.21401416004121
2025-10-16 10:29:42.949468,24.43,26.26,179.63,121.03,52.451714866002554
2025-10-16 10:29:43.949468,33.95,48.39,115.77,80.42,52.37455611918848
2025-10-16 10:29:44.949467,23.82,65.9,140.54,133.83,52.64611351005958
2025-10-16 10:29:45.949467,86.1,92.19,238.89,38.16,52.08012888983978
2025-10-16 10:29:46.949466,83.12,33.28,257.39,32.71,51.91319050381369
2025-10-16 10:29:47.949466,82.66,55.3,119.14,82.52,52.39410619357037
2025-10-16 10:29:48.949465,57.94,98.18,173.34,137.73,52.68457924929273
2025-10-16 10:29:49.949465,82.98,67.4,266.54,114.54,52.382080435252426
2025-10-16 10:29:50.949464,77.75,82.2,196.84,50.63,52.18038878066488
2025-10-16 10:29:51.949464,44.59,73.53,181.26,52.53,52.194089789623185
2025-10-16 10:29:52.949463,77.33,37.77,269.85,138.29,52.44047179657497
2025-10-16 10:29:53.949463,28.8,47.54,112.03,94.75,52.45057732025797
2025-10-16 10:29:54.949463,39.89,37.13,64.13,28.7,52.15978336166964
2025-10-16 10:29:55.949462,42.26,54.5,262.23,71.21,52.14311940503545
2025-10-16 10:29:56.949462,86.08,25.93,149.34,66.22,52.21385349300899
2025-10-16 10:29:57.949461,41.21,61.71,236.36,91.51,52.294778460723194
2025-10-16 10:29:58.949461,18.82,47.8,145.25,30.01,52.078258922630226
2025-10-16 10:29:59.949460,55.02,34.49,195.37,24.56,51.95748060515565
2025-10-16 10:30:00.949460,52.0,66.9,50.24,92.31,52.55877643315607
2025-10-16 10:30:01.949459,41.28,22.79,96.09,75.09,52.32420776824966
2025-10-16 10:30:02.949459,29.57,41.73,135.44,12.07,51.9886787702376
2025-10-16 10:30:03.949458,17.08,44.68,245.07,129.79,52.44407058995836
2025-10-16 10:30:04.949458,77.17,67.28,143.19,30.22,52.11994193215229
2025-10-16 10:30:05.949457,16.24,96.86,160.34,111.66,52.567293007628614
2025-10-16 10:30:06.949457,23.49,63.07,249.95,71.66,52.17853910670677
2025-10-16 10:30:07.949457,90.89,58.92,226.4,125.05,52.47277335857757
2025-10-16 10:30:08.949456,59.38,35.64,274.92,73.97,52.10342860143684
2025-10-16 10:30:09.949456,82.0,71.05,247.39,115.68,52.42066065195899
2025-10-16 10:30:10.949455,56.19,70.83,106.51,124.2,52.65255348403536
2025-10-16 10:30:11.949455,16.16,71.73,180.59,19.37,52.02337258874993
2025-10-16 10:30:12.949454,36.81,35.62,261.49,31.59,51.906555139123256
2025-10-16 10:30:13.949454,34.69,38.09,269.01,73.07,52.111560305359774
2025-10-16 10:30:14.949453,73.56,97.46,75.6,45.94,52.34902228256125
2025-10-16 10:30:15.949453,27.17,88.08,93.55,98.04,52.570841843930616
2025-10-16 10:30:16.949452,90.36,30.38,72.32,70.36,52.34688568249035
2025-10-16 10:30:17.949452,30.38,47.01,106.96,67.7,52.31921200937007
2025-10-16 10:30:18.949451,12.62,87.12,150.09,127.56,52.64273861227649
2025-10-16 10:30:19.949451,74.41,65.75,198.39,53.49,52.16084290547023
2025-10-16 10:30:20.949450,47.1,50.31,58.08,29.03,52.195189196747194
2025-10-16 10:30:21.949450,68.99,76.92,260.73,32.32,51.99152920999731
2025-10-16 10:30:22.949449,40.78,23.33,86.78,124.26,52.58704385256886
2025-10-16 10:30:23.949449,60.27,71.14,187.72,13.32,51.98198135614507
2025-10-16 10:30:24.949448,78.29,89.83,173.64,82.94,52.3901695046993
2025-10-16 10:30:25.949448,16.83,33.11,224.61,32.1,51.953773053496285
2025-10-16 10:30:26.949448,79.5,28.31,206.04,65.51,52.13876160024291
2025-10-16 10:30:27.949447,91.27,24.77,64.31,20.78,52.09537032691914
2025-10-16 10:30:28.949447,14.38,63.81,196.66,57.26,52.178509247246346
2025-10-16 10:30:29.949446,38.6,42.03,145.51,93.04,52.386255629499445
2025-10-16 10:30:30.949446,19.05,95.07,199.42,28.14,52.087911033828355
2025-10-16 10:30:31.949445,75.15,90.49,280.88,40.34,52.031508438397644
2025-10-16 10:30:32.949445,94.66,78.38,135.13,52.13,52.26341344049521
2025-10-16 10:30:33.949444,84.96,90.19,263.02,148.1,52.60123753425363
2025-10-16 10:30:34.949444,66.22,44.38,241.89,52.91,52.057980264521134
2025-10-16 10:30:35.949443,78.03,96.52,118.64,23.02,52.17321377116595
2025-10-16 10:30:36.949443,85.56,92.16,197.41,109.21,52.49597413232939
2025-10-16 10:30:37.949442,85.28,35.58,58.78,127.77,52.66623172811007
2025-10-16 10:30:38.949442,39.22,88.69,165.98,96.19,52.465414069319834
2025-10-16 10:30:39.949441,38.18,71.16,262.57,63.97,52.13832981051767
2025-10-16 10:30:40.949441,57.39,52.5,207.8,38.74,52.04768199409357
2025-10-16 10:30:41.949440,68.3,30.29,162.11,44.11,52.09308640075917
2025-10-16 10:30:42.949439,11.47,27.9,129.55,21.1,52.01549330639347
2025-10-16 10:30:43.949438,51.81,82.44,155.92,75.42,52.361471852326304
2025-10-16 10:30:44.949438,48.32,91.44,119.78,140.42,52.75702210701046
2025-10-16 10:30:45.949437,61.96,55.9,293.4,130.05,52.40231043459772
2025-10-16 10:30:46.949437,22.4,63.34,107.34,45.26,52.236664506029214
2025-10-16 10:30:47.949436,71.25,73.73,177.87,40.09,52.135959378254825
2025-10-16 10:30:48.949436,21.88,55.73,79.18,149.55,52.78842364026903
2025-10-16 10:30:49.949435,92.08,59.52,230.73,117.6,52.43035545183106
2025-10-16 10:30:50.949435,13.36,37.11,89.94,52.66,52.24657140603009
2025-10-16 10:30:51.949435,90.89,69.49,106.14,75.05,52.40125919197631
2025-10-16 10:30:52.949434,67.59,90.78,116.86,37.16,52.23613839907665
2025-10-16 10:30:53.949434,68.99,67.34,186.68,73.16,52.27937820353716
2025-10-16 10:30:54.949433,73.29,23.88,135.23,31.57,52.05313884450475
2025-10-16 10:30:55.949433,93.13,83.18,77.79,107.78,52.631858496743746
2025-10-16 10:30:56.949432,62.53,53.58,53.57,62.71,52.37835311293053
2025-10-16 10:30:57.949432,73.81,69.94,181.73,101.52,52.43485883885022
2025-10-16 10:30:58.949431,42.9,73.3,226.94,106.93,52.408123995395464
2025-10-16 10:30:59.949431,33.65,52.11,195.9,19.79,51.96682411630956
2025-10-16 10:31:00.949430,17.6,74.6,211.6,77.87,52.283911087702435
2025-10-16 10:31:01.949430,72.75,68.38,170.57,136.14,52.62233029876847
2025-10-16 10:31:02.949430,34.27,43.21,230.76,107.29,52.346351141444984
2025-10-16 10:31:03.949429,19.79,93.27,54.54,123.43,52.76202146514146
2025-10-16 10:31:04.949429,37.34,62.56,222.54,50.63,52.107724006750246
2025-10-16 10:31:05.949428,34.26,91.03,211.54,103.71,52.44692489508205
2025-10-16 10:31:06.949428,23.1,37.53,215.32,137.38,52.50859565604009
2025-10-16 10:31:07.949427,46.08,76.96,112.69,132.87,52.70012505442578
2025-10-16 10:31:08.949427,84.21,45.03,299.41,129.63,52.37099071725284
2025-10-16 10:31:09.949426,17.58,45.14,96.51,20.88,52.09223268769271
2025-10-16 10:31:10.949426,83.4,43.03,69.08,45.8,52.25129874522784
2025-10-16 10:31:11.949425,66.93,56.84,289.28,61.5,52.0621240724058
2025-10-16 10:31:12.949425,12.05,94.38,268.12,32.01,52.013964496770726
2025-10-16 10:31:13.949424,66.68,88.32,78.08,146.59,52.83822111926782
2025-10-16 10:31:14.949424,67.61,39.84,162.19,65.32,52.2190694975554
2025-10-16 10:31:15.949423,67.98,56.77,293.48,128.13,52.39415932358407
2025-10-16 10:31:16.949423,72.02,54.13,267.06,74.32,52.151683883315236
2025-10-16 10:31:17.949422,20.36,62.24,217.04,13.83,51.9279121779631
2025-10-16 10:31:18.949422,51.47,89.19,173.75,11.08,52.02445289725479
2025-10-16 10:31:19.949422,90.73,43.69,169.94,77.29,52.27683377667389
2025-10-16 10:31:20.949421,12.22,41.08,224.33,22.03,51.918581758223155
2025-10-16 10:31:21.949421,14.38,31.87,86.34,39.38,52.173893343239584
2025-10-16 10:31:22.949420,52.14,40.59,162.08,24.68,52.014632506339694
2025-10-16 10:31:23.949420,41.43,79.55,232.33,141.06,52.58606975008909
2025-10-16 10:31:24.949419,67.09,55.49,252.76,43.04,52.0149361674821
2025-10-16 10:31:25.949419,27.27,29.64,88.38,66.06,52.30208726778321
2025-10-16 10:31:26.949418,86.39,38.21,288.56,130.42,52.37630916529713
2025-10-16 10:31:27.949418,19.03,53.44,94.02,121.73,52.62300630851093
2025-10-16 10:31:28.949417,43.94,65.0,197.2,22.57,52.00422075112617
2025-10-16 10:31:29.949417,81.79,50.9,142.29,123.99,52.56472859936313
2025-10-16 10:31:30.949416,76.19,89.49,170.64,92.39,52.44144703862633
2025-10-16 10:31:31.949416,84.56,90.97,250.46,125.16,52.50331014988589
2025-10-16 10:31:32.949415,23.23,64.95,91.44,85.63,52.46581112927798
2025-10-16 10:31:33.949415,75.31,75.42,201.99,43.38,52.12354348500519
2025-10-16 10:31:34.949415,84.18,71.85,68.0,126.02,52.715460580697055
2025-10-16 10:31:35.949414,14.4,89.8,129.97,83.29,52.450510524587145
2025-10-16 10:31:36.949414,93.89,81.67,179.89,99.93,52.452061094724826
2025-10-16 10:31:37.949413,30.26,29.92,151.49,67.33,52.22434808020071
2025-10-16 10:31:38.949413,15.72,33.3,101.64,138.08,52.65653485485898
2025-10-16 10:31:39.949412,70.34,57.63,94.98,107.92,52.55984366066531
2025-10-16 10:31:40.949412,75.18,53.79,59.04,73.16,52.42439875950515
2025-10-16 10:31:41.949411,78.3,70.58,205.19,34.13,52.0629458471367
2025-10-16 10:31:42.949411,72.67,23.49,220.86,123.01,52.401021503317395
2025-10-16 10:31:43.949410,41.57,30.03,210.79,29.66,51.95397014199072
2025-10-16 10:31:44.949410,91.65,98.24,134.6,101.94,52.55524952880634
2025-10-16 10:31:45.949409,37.54,58.45,151.97,18.25,52.030309969764986
2025-10-16 10:31:46.949409,68.28,97.67,200.97,16.49,52.03181775889264
2025-10-16 10:31:47.949408,73.91,69.24,151.11,134.92,52.64394020258521
2025-10-16 10:31:48.949408,49.69,70.55,178.04,59.43,52.2276043778953
2025-10-16 10:31:49.949407,59.36,58.11,172.66,39.57,52.10996493011415
2025-10-16 10:31:50.949407,62.12,71.78,77.03,110.44,52.62421268568408
2025-10-16 10:31:51.949406,71.99,35.76,193.85,14.45,51.910731939432914
2025-10-16 10:31:52.949405,27.71,22.93,159.39,98.82,52.359812143821564
2025-10-16 10:31:53.949405,88.37,39.98,228.63,44.41,52.02413681347505
2025-10-16 10:31:54.949404,81.35,68.76,167.62,31.26,52.095294467259514
2025-10-16 10:31:55.949404,71.82,86.46,185.15,68.14,52.2931344299929
2025-10-16 10:31:56.949403,75.9,38.78,157.6,120.86,52.504755613767166
2025-10-16 10:31:57.949402,38.26,62.08,172.46,85.21,52.349339484766745
2025-10-16 10:31:58.949402,92.54,55.28,132.1,30.37,52.112272211873425
2025-10-16 10:31:59.949401,28.16,82.75,189.21,60.46,52.241537855024745
2025-10-16 10:32:00.949401,20.74,49.98,124.06,76.39,52.346085007896185
2025-10-16 10:32:01.949400,74.37,49.82,289.87,76.06,52.12150921014531
2025-10-16 10:32:02.949400,47.11,75.13,100.58,35.68,52.220079454720285
2025-10-16 10:32:03.949399,62.09,49.99,81.49,17.39,52.10412659565956
2025-10-16 10:32:04.949398,86.13,80.52,59.6,98.8,52.605580871097494
2025-10-16 10:32:05.949398,18.07,20.03,127.22,146.64,52.63980776047509
2025-10-16 10:32:06.949397,63.72,80.47,196.83,96.93,52.41177837825015
2025-10-16 10:32:07.949397,72.01,80.43,208.36,134.15,52.58492505867464
2025-10-16 10:32:08.949396,10.47,88.35,215.57,60.14,52.2154101961749
2025-10-16 10:32:09.949396,12.24,38.14,145.51,107.9,52.454035902693136
2025-10-16 10:32:10.949395,12.39,52.21,242.18,101.38,52.318545546565794
2025-10-16 10:32:11.949394,85.64,35.27,203.82,119.69,52.429955191602886
2025-10-16 10:32:12.949394,14.15,55.69,293.83,138.88,52.44609261508212
2025-10-16 10:32:13.949393,36.28,35.83,76.79,95.15,52.47715879471611
2025-10-16 10:32:14.949393,75.64,51.19,172.7,66.55,52.23325128765304
2025-10-16 10:32:15.949392,46.8,55.27,103.91,124.06,52.62509840268738
2025-10-16 10:32:16.949391,65.79,36.16,204.39,126.15,52.46367117281176
2025-10-16 10:32:17.949391,59.25,91.17,214.41,87.39,52.360602813933966
2025-10-16 10:32:18.949390,72.49,87.12,105.39,19.41,52.15443303272383
2025-10-16 10:32:19.949390,78.55,53.22,168.4,93.72,52.38071850607
2025-10-16 10:32:20.949389,40.08,31.31,153.21,120.42,52.493902753575924
2025-10-16 10:32:21.949389,63.66,27.87,175.04,146.37,52.58947728998337
2025-10-16 10:32:22.949388,38.87,93.21,276.97,33.12,52.00543792492512
2025-10-16 10:32:23.949388,66.28,42.81,214.39,12.97,51.88935381554956
2025-10-16 10:32:24.949388,13.52,26.52,135.85,107.26,52.44117963420857
2025-10-16 10:32:25.949387,19.89,21.12,216.06,87.77,52.22419556225642
2025-10-16 10:32:26.949387,85.1,94.23,58.58,99.24,52.63582174776244
2025-10-16 10:32:27.949386,29.64,34.74,107.87,14.45,52.02417385395398
2025-10-16 10:32:28.949386,61.73,72.18,248.72,127.18,52.47937518734017
2025-10-16 10:32:29.949385,76.36,52.69,93.36,123.04,52.629076562573424
2025-10-16 10:32:30.949385,68.48,38.03,69.72,24.26,52.13151741161353
2025-10-16 10:32:31.949384,33.12,34.71,105.34,135.19,52.639655546585985
2025-10-16 10:32:32.949384,27.47,44.53,198.18,17.23,51.93605510336524
2025-10-16 10:32:33.949383,93.21,73.55,288.16,84.24,52.21138817530827
2025-10-16 10:32:34.949383,40.76,33.58,148.19,44.07,52.1179635388111
2025-10-16 10:32:35.949383,91.55,80.31,60.87,104.64,52.63307629607611
2025-10-16 10:32:36.949382,52.88,26.09,114.24,42.17,52.13935256855391
2025-10-16 10:32:37.949382,43.88,43.28,160.05,108.1,52.44551852385749
2025-10-16 10:32:38.949381,48.34,42.22,115.29,82.98,52.3761901870513
2025-10-16 10:32:39.949381,68.01,43.22,202.44,28.68,51.98584143532935
2025-10-16 10:32:40.949380,81.57,44.53,193.05,35.89,52.03754680801744
2025-10-16 10:32:41.949380,65.0,40.48,88.51,77.87,52.38285256568208
2025-10-16 10:32:42.949379,54.44,96.58,255.06,117.93,52.47138042827373
2025-10-16 10:32:43.949379,52.09,49.43,124.51,22.42,52.07078793501958
2025-10-16 10:32:44.949378,11.93,85.21,108.42,149.56,52.80650560504485
2025-10-16 10:32:45.949378,87.98,98.94,62.34,25.24,52.26475147780095
2025-10-16 10:32:46.949377,58.48,41.79,66.36,135.35,52.70655309442151
2025-10-16 10:32:47.949377,26.93,22.82,133.81,137.89,52.59202053636397
2025-10-16 10:32:48.949377,31.22,53.32,92.21,108.59,52.55858405891993
2025-10-16 10:32:49.949376,30.8,28.06,248.6,131.31,52.414742614553376
2025-10-16 10:32:50.949376,35.65,62.41,265.55,78.3,52.1899787285613
2025-10-16 10:32:51.949375,69.39,24.77,79.07,77.37,52.362463199306575
2025-10-16 10:32:52.949375,28.51,97.48,128.53,50.78,52.30254368094708
2025-10-16 10:32:53.949374,21.78,74.49,173.71,103.47,52.464353069372066
2025-10-16 10:32:54.949374,56.68,51.37,90.8,28.09,52.148558217353
2025-10-16 10:32:55.949373,39.85,49.67,167.91,41.08,52.107596848593616
2025-10-16 10:32:56.949373,66.73,29.24,274.3,52.35,51.982212729161105
2025-10-16 10:32:57.949372,10.77,98.55,63.04,115.89,52.72264326060913
2025-10-16 10:32:58.949372,54.24,91.77,258.83,60.26,52.16458978215418
2025-10-16 10:32:59.949372,10.69,84.06,205.08,110.0,52.473943133826346
2025-10-16 10:33:00.949371,83.61,82.93,297.26,50.73,52.04750534758742
2025-10-16 10:33:01.949371,68.6,97.97,254.19,91.44,52.340946863562
2025-10-16 10:33:02.949370,29.72,54.8,230.97,19.89,51.92547846678362
2025-10-16 10:33:03.949370,90.83,24.0,73.53,91.44,52.439738083291495
2025-10-16 10:33:04.949369,19.06,36.2,151.51,147.15,52.64120628400847
2025-10-16 10:33:05.949369,88.2,97.02,292.67,21.28,51.93173691104372
2025-10-16 10:33:06.949368,72.08,46.43,162.58,127.06,52.54436900587192
2025-10-16 10:33:07.949368,41.61,91.87,228.77,62.73,52.21766091020656
2025-10-16 10:33:08.949367,33.3,21.81,201.37,37.77,51.99176035456521
2025-10-16 10:33:09.949367,91.67,97.05,58.98,43.83,52.3598395649753
2025-10-16 10:33:10.949367,59.81,96.79,58.21,12.92,52.20365643185992
2025-10-16 10:33:11.949366,73.08,38.37,147.42,116.97,52.497903032312436
2025-10-16 10:33:12.949366,89.29,72.62,63.92,138.65,52.78646725977536
2025-10-16 10:33:13.949365,88.6,31.11,223.09,67.47,52.1312507409191
2025-10-16 10:33:14.949365,12.99,28.28,254.69,72.86,52.11065706020172
2025-10-16 10:33:15.949364,93.08,29.25,192.95,135.17,52.51133232218436
2025-10-16 10:33:16.949364,94.19,86.66,59.0,82.46,52.53547469283667
2025-10-16 10:33:17.949363,92.69,34.66,201.68,30.11,51.97747819951484
2025-10-16 10:33:18.949363,77.05,44.0,158.38,91.86,52.36682380147886
2025-10-16 10:33:19.949362,88.92,28.43,92.02,95.31,52.44314502513528
2025-10-16 10:33:20.949362,53.56,45.8,277.41,38.2,51.93847699861498
2025-10-16 10:33:21.949361,61.86,97.43,172.17,136.67,52.67931841463097
2025-10-16 10:33:22.949361,79.0,47.57,59.44,124.21,52.6705953134697
2025-10-16 10:33:23.949361,33.65,96.43,162.15,67.43,52.339784518622096
2025-10-16 10:33:24.949360,53.32,71.01,256.7,55.56,52.10328039556221
2025-10-16 10:33:25.949360,70.87,45.53,272.68,50.4,52.00615530745909
2025-10-16 10:33:26.949359,73.3,28.2,83.54,97.21,52.46371495285405
2025-10-16 10:33:27.949359,88.32,61.29,283.77,54.11,52.04070126948661
2025-10-16 10:33:28.949358,36.79,72.74,206.54,11.3,51.949584229902236
2025-10-16 10:33:29.949358,28.63,33.22,62.47,19.81,52.10934235598488
2025-10-16 10:33:30.949357,26.35,39.16,236.72,144.86,52.52095765473171
2025-10-16 10:33:31.949357,54.58,50.83,166.35,23.64,52.02352553128933
2025-10-16 10:33:32.949356,45.28,78.96,293.3,52.91,52.05615953636213
2025-10-16 10:33:33.949356,11.06,38.0,267.51,73.09,52.11350049567558
2025-10-16 10:33:34.949356,28.88,89.1,213.63,141.37,52.63130249994546
2025-10-16 10:33:35.949355,63.66,64.27,170.18,114.57,52.50550900958895
2025-10-16 10:33:36.949355,90.6,83.34,56.26,135.85,52.803385365543875
2025-10-16 10:33:37.949354,45.29,72.48,99.39,82.28,52.452786411409555
2025-10-16 10:33:38.949354,66.47,39.02,241.65,132.43,52.45104807323883
2025-10-16 10:33:39.949353,20.28,40.99,177.26,75.97,52.255068176236755
2025-10-16 10:33:40.949353,49.12,81.66,217.33,103.14,52.41805477624841
2025-10-16 10:33:41.949352,40.38,86.05,170.64,111.42,52.531243352866895
2025-10-16 10:33:42.949352,80.64,24.48,278.22,125.41,52.3381100804689
2025-10-16 10:33:43.949351,71.34,57.69,164.44,122.29,52.53956852103438
2025-10-16 10:33:44.949351,15.22,36.48,54.74,130.32,52.686332406446674
2025-10-16 10:33:45.949351,82.93,28.43,282.32,73.3,52.076087381826625
2025-10-16 10:33:46.949350,59.05,46.27,277.06,11.15,51.80271848467416
2025-10-16 10:33:47.949350,58.59,58.55,84.04,84.91,52.4596586535558
2025-10-16 10:33:48.949349,88.37,94.04,205.51,60.83,52.2434701219079
2025-10-16 10:33:49.949349,52.82,98.76,172.78,49.43,52.23878306501787
2025-10-16 10:33:50.949348,23.86,47.01,108.36,110.22,52.53290608533549
2025-10-16 10:33:51.949348,87.81,79.83,149.89,121.12,52.596191060110904
2025-10-16 10:33:52.949347,52.58,47.03,238.65,89.68,52.253900594679266
2025-10-16 10:33:53.949347,39.19,46.39,262.06,50.6,52.02309724712675
2025-10-16 10:33:54.949346,50.91,72.51,164.29,72.47,52.31598359862448
2025-10-16 10:33:55.949346,58.65,46.91,106.05,134.02,52.656477211676
2025-10-16 10:33:56.949346,79.9,93.81,256.59,45.59,52.09718502926959
2025-10-16 10:33:57.949345,44.99,61.15,60.79,83.71,52.48983895452711
2025-10-16 10:33:58.949345,25.3,79.04,254.49,76.35,52.22725472151351
2025-10-16 10:33:59.949344,45.65,25.49,219.49,144.67,52.51656171991813
2025-10-16 10:34:00.949344,59.82,88.57,65.21,41.62,52.32379349701236
2025-10-16 10:34:01.949343,18.38,32.24,219.12,23.76,51.917169322815035
2025-10-16 10:34:02.949343,40.6,98.88,172.0,112.15,52.558049490111934
2025-10-16 10:34:03.949342,35.97,22.02,63.92,113.29,52.55956958300475
2025-10-16 10:34:04.949342,32.51,58.88,52.4,123.99,52.700907992025215
2025-10-16 10:34:05.949341,38.06,84.4,297.92,147.38,52.539484709120984
2025-10-16 10:34:06.949341,31.25,96.64,206.61,140.51,52.651017837022245
2025-10-16 10:34:07.949341,37.78,74.6,81.79,139.76,52.77195275223091
2025-10-16 10:34:08.949340,33.99,82.15,183.76,146.07,52.681725189965086
2025-10-16 10:34:09.949340,59.31,84.35,99.91,50.71,52.31509596544039
2025-10-16 10:34:10.949339,33.74,98.86,212.86,47.35,52.174626483819004
2025-10-16 10:34:11.949339,88.74,36.43,260.36,102.61,52.26971264204055
2025-10-16 10:34:12.949338,40.82,29.09,299.25,74.79,52.06219637326618
2025-10-16 10:34:13.949338,65.48,22.46,97.37,63.04,52.26075550580086
2025-10-16 10:34:14.949337,27.51,46.22,82.34,121.83,52.62516347147225
2025-10-16 10:34:15.949337,88.56,34.07,146.02,104.15,52.42643032193613
2025-10-16 10:34:16.949336,18.22,28.84,169.82,50.66,52.11312656658352
2025-10-16 10:34:17.949336,54.71,80.68,241.6,120.27,52.4704171204948
2025-10-16 10:34:18.949336,51.34,49.64,174.8,100.22,52.398124842532305
2025-10-16 10:34:19.949335,18.43,39.98,65.97,54.13,52.29177964497879
2025-10-16 10:34:20.949335,18.28,67.55,94.57,126.74,52.675086392513364
2025-10-16 10:34:21.949334,64.63,82.19,261.46,39.66,52.03800300645214
2025-10-16 10:34:22.949334,84.46,79.17,151.67,140.29,52.68970960351339
2025-10-16 10:34:23.949333,29.96,55.99,73.33,134.64,52.721189516548606
2025-10-16 10:34:24.949333,21.2,80.11,217.59,58.05,52.186090598948056
2025-10-16 10:34:25.949332,72.3,75.55,238.15,149.17,52.61160116891454
2025-10-16 10:34:26.949332,71.78,21.51,176.93,77.92,52.2275446778577
2025-10-16 10:34:27.949331,43.54,69.95,65.37,13.49,52.14477976666587
2025-10-16 10:34:28.949331,23.91,53.54,208.26,27.42,51.99169372935416
2025-10-16 10:34:29.949331,54.73,76.81,161.13,148.21,52.71257800564753
2025-10-16 10:34:30.949330,17.08,87.51,255.97,142.71,52.57816719603326
2025-10-16 10:34:31.949330,87.84,86.0,250.3,25.79,51.990068266684375
2025-10-16 10:34:32.949329,21.1,39.87,212.14,107.03,52.36353922365346
2025-10-16 10:34:33.949329,24.79,71.24,84.69,16.57,52.13696568646912
2025-10-16 10:34:34.949328,44.68,46.94,227.25,12.87,51.87960817723032
2025-10-16 10:34:35.949328,81.41,72.46,59.88,47.97,52.33183842429088
2025-10-16 10:34:36.949327,23.95,79.05,160.15,114.45,52.547085396252704
2025-10-16 10:34:37.949327,19.88,46.33,252.06,134.53,52.4619245584336
2025-10-16 10:34:38.949326,34.24,30.79,297.77,71.33,52.0499446185184
2025-10-16 10:34:39.949326,90.28,45.35,229.94,96.25,52.295638277691715
2025-10-16 10:34:40.949325,20.96,39.16,232.23,72.34,52.15931379342448
2025-10-16 10:34:41.949325,89.05,60.44,56.58,20.48,52.1735392270506
2025-10-16 10:34:42.949325,25.64,35.59,295.01,95.55,52.185770732900544
2025-10-16 10:34:43.949324,49.62,60.68,84.77,44.19,52.256369978018704
2025-10-16 10:34:44.949324,58.66,73.64,163.45,60.28,52.25750456441747
2025-10-16 10:34:45.949323,54.79,49.51,213.2,20.85,51.94392160879014
2025-10-16 10:34:46.949323,45.0,53.24,55.17,73.8,52.43177006032314
2025-10-16 10:34:47.949322,89.14,38.03,151.38,122.34,52.51915178427174
2025-10-16 10:34:48.949322,38.29,49.33,270.55,131.88,52.42949681636935
2025-10-16 10:34:49.949321,11.46,56.47,286.59,11.55,51.81177319233996
2025-10-16 10:34:50.949321,75.08,78.38,171.0,38.32,52.145243959700565
2025-10-16 10:34:51.949320,47.78,76.1,194.34,77.61,52.30867836010582
2025-10-16 10:34:52.949320,71.55,37.61,240.11,148.89,52.533826664047396
2025-10-16 10:34:53.949320,49.14,21.26,133.78,39.59,52.09065515795071
2025-10-16 10:34:54.949319,76.62,51.63,280.16,38.45,51.94738139918723
2025-10-16 10:34:55.949319,25.37,21.28,284.66,10.14,51.73883550567363
2025-10-16 10:34:56.949318,42.24,60.22,244.94,11.93,51.87689972665976
2025-10-16 10:34:57.949318,41.59,29.23,240.82,123.14,52.386039044015966
2025-10-16 10:34:58.949317,67.18,51.84,110.92,20.33,52.083118717550256
2025-10-16 10:34:59.949317,92.23,79.71,195.1,126.58,52.562947495413596
2025-10-16 10:35:00.949316,21.2,47.79,127.7,15.26,52.027018010833
2025-10-16 10:35:01.949316,57.66,68.14,185.3,102.35,52.430776633147325
2025-10-16 10:35:02.949315,28.73,62.9,211.16,48.4,52.112355828201295
2025-10-16 10:35:03.949315,69.56,55.83,71.6,130.43,52.701856636745255
2025-10-16 10:35:04.949314,84.94,76.88,147.72,18.26,52.071878636409835
2025-10-16 10:35:05.949314,25.54,91.81,153.04,25.95,52.132736042603746
2025-10-16 10:35:06.949314,69.8,46.7,162.84,51.16,52.15973678669792
2025-10-16 10:35:07.949313,29.74,64.56,297.61,22.09,51.866136677741174
2025-10-16 10:35:08.949313,65.01,98.73,290.32,147.21,52.576671018340015
2025-10-16 10:35:09.949312,93.47,88.28,198.84,77.9,52.32777537296049
2025-10-16 10:35:10.949312,78.36,65.25,194.88,94.11,52.37052396246893
2025-10-16 10:35:11.949311,28.23,28.73,285.53,19.08,51.79746935211446
2025-10-16 10:35:12.949311,78.89,70.26,223.88,149.46,52.621948877718154
2025-10-16 10:35:13.949310,23.75,45.13,212.68,68.44,52.17738667864839
2025-10-16 10:35:14.949310,56.74,59.12,230.2,10.09,51.885221298103424
2025-10-16 10:35:15.949309,47.87,39.88,199.39,18.51,51.931884528367654
2025-10-16 10:35:16.949309,16.43,24.4,51.59,50.23,52.26103682981914
2025-10-16 10:35:17.949309,15.08,22.02,171.33,147.36,52.58810949477344
2025-10-16 10:35:18.949308,21.6,77.63,138.08,37.23,52.18245384888067
2025-10-16 10:35:19.949308,62.9,75.37,220.98,136.15,52.568290769791616
2025-10-16 10:35:20.949307,32.15,23.69,273.75,45.32,51.93652488393037
2025-10-16 10:35:21.949307,48.47,24.63,162.78,100.2,52.36556112306021
2025-10-16 10:35:22.949306,66.58,63.63,138.48,129.77,52.62388404855091
2025-10-16 10:35:23.949306,49.97,30.85,171.99,128.25,52.50749523325169
2025-10-16 10:35:24.949305,19.33,80.41,260.52,146.58,52.57788320142305
2025-10-16 10:35:25.949305,79.03,94.66,195.78,26.17,52.08201309169567
2025-10-16 10:35:26.949304,44.03,61.7,50.32,22.05,52.192351153229026
2025-10-16 10:35:27.949304,72.2,65.27,68.81,30.58,52.217712855265624
2025-10-16 10:35:28.949304,11.47,49.67,51.33,94.16,52.533211784649865
2025-10-16 10:35:29.949303,24.0,49.74,149.6,148.3,52.67591125560765
2025-10-16 10:35:30.949303,45.59,82.47,173.54,36.99,52.14303867356227
2025-10-16 10:35:31.949302,41.7,82.78,265.87,129.57,52.489066848817856
2025-10-16 10:35:32.949302,30.72,49.89,127.29,65.71,52.287427132494386
2025-10-16 10:35:33.949301,40.69,40.8,101.72,117.08,52.564532632693876
2025-10-16 10:35:34.949301,60.31,53.5,62.27,129.24,52.703820909389506
2025-10-16 10:35:35.949300,77.73,40.64,91.53,44.58,52.210331234616675
2025-10-16 10:35:36.949300,77.71,76.82,98.81,142.2,52.76578869747953
2025-10-16 10:35:37.949299,94.66,47.03,227.61,26.5,51.94840295257304
2025-10-16 10:35:38.949299,62.03,96.55,174.73,103.26,52.50478532653763
2025-10-16 10:35:39.949299,10.8,46.01,156.18,85.08,52.33930881883403
2025-10-16 10:35:40.949298,55.18,45.13,291.68,32.72,51.89023507323716
2025-10-16 10:35:41.949298,82.3,64.87,110.23,23.71,52.126500832446844
2025-10-16 10:35:42.949297,45.08,88.18,53.85,108.45,52.67710946026055
2025-10-16 10:35:43.949297,44.43,67.92,278.7,83.68,52.2103085757829
2025-10-16 10:35:44.949296,23.54,37.27,286.51,17.61,51.805295588091454
2025-10-16 10:35:45.949296,75.1,36.61,222.28,110.29,52.36012002661864
2025-10-16 10:35:46.949295,45.89,71.8,170.32,10.68,51.993237874125846
2025-10-16 10:35:47.949295,50.15,84.93,224.82,147.83,52.64092923048666
2025-10-16 10:35:48.949294,49.83,82.98,239.43,149.36,52.625283842330646
2025-10-16 10:35:49.949294,36.23,60.68,138.56,94.25,52.437960328958624
2025-10-16 10:35:50.949293,85.32,53.32,220.74,99.36,52.339243349455074
2025-10-16 10:35:51.949293,36.01,71.69,84.22,42.45,52.269680902650414
2025-10-16 10:35:52.949293,15.43,95.74,58.35,86.59,52.5749300527866
2025-10-16 10:35:53.949292,34.19,54.06,296.29,107.36,52.27981856899042
2025-10-16 10:35:54.949292,28.27,33.96,274.45,106.17,52.26404684400675
2025-10-16 10:35:55.949291,28.21,61.77,270.9,94.6,52.264192880166306
2025-10-16 10:35:56.949291,44.95,34.28,206.09,121.05,52.431879200747474
2025-10-16 10:35:57.949290,19.58,46.15,53.88,77.08,52.43635415181874
2025-10-16 10:35:58.949290,14.75,23.82,238.94,30.97,51.91075469381549
2025-10-16 10:35:59.949289,27.59,60.94,69.75,148.79,52.807353700758796
2025-10-16 10:36:00.949289,38.0,46.39,53.36,139.67,52.75484562840103
2025-10-16 10:36:01.949288,73.44,34.15,53.08,114.17,52.602153896993514
2025-10-16 10:36:02.949288,47.86,84.14,155.52,131.37,52.648974908908045
2025-10-16 10:36:03.949287,88.76,59.88,290.08,28.03,51.897266713197084
2025-10-16 10:36:04.949287,56.84,63.96,63.74,149.69,52.825853131986975
2025-10-16 10:36:05.949287,56.53,67.23,52.49,103.48,52.61302830315529
2025-10-16 10:36:06.949286,45.53,73.77,226.52,22.18,51.97992437820724
2025-10-16 10:36:07.949286,14.68,20.57,75.23,123.98,52.595766443306694
2025-10-16 10:36:08.949285,17.67,61.07,128.65,136.24,52.66490829745533
2025-10-16 10:36:09.949285,61.52,96.05,269.29,21.59,51.96281022514886
2025-10-16 10:36:10.949284,41.57,69.48,239.95,60.31,52.14687558397735
2025-10-16 10:36:11.949284,46.85,60.64,248.31,104.6,52.34302239216572
2025-10-16 10:36:12.949283,66.57,20.08,139.46,37.59,52.070597235934336
2025-10-16 10:36:13.949283,64.44,47.49,293.25,95.8,52.21252460574631
2025-10-16 10:36:14.949282,37.93,57.57,246.61,78.92,52.20914318618196
2025-10-16 10:36:15.949282,88.15,55.49,83.61,121.38,52.63919023846187
2025-10-16 10:36:16.949281,53.87,76.41,105.99,109.82,52.5911888033686
2025-10-16 10:36:17.949281,38.54,62.61,297.55,108.29,52.29945618705979
2025-10-16 10:36:18.949280,50.96,47.5,225.5,79.59,52.22131150082337
2025-10-16 10:36:19.949280,93.9,70.46,254.16,117.36,52.41894327589179
2025-10-16 10:36:20.949280,70.89,97.82,265.1,132.54,52.53438345144518
2025-10-16 10:36:21.949279,50.75,32.92,82.59,86.22,52.41844347273936
2025-10-16 10:36:22.949277,70.21,69.08,52.67,63.63,52.41434473003564
2025-10-16 10:36:23.949276,83.7,91.01,209.15,79.3,52.32633745039029
2025-10-16 10:36:24.949276,62.17,40.86,199.27,28.52,51.98469994426911
2025-10-16 10:36:25.949275,74.7,85.99,243.3,127.76,52.51642695583946
2025-10-16 10:36:26.949275,78.3,37.81,223.77,72.3,52.16784485812279
2025-10-16 10:36:27.949274,58.86,88.63,132.97,20.19,52.12429695959646
2025-10-16 10:36:28.949274,57.43,43.25,152.74,81.29,52.31934867008617
2025-10-16 10:36:29.949273,62.19,91.45,169.47,94.83,52.45919694585443
2025-10-16 10:36:30.949273,18.2,21.69,270.53,114.42,52.28729354362791
2025-10-16 10:36:31.949273,61.24,31.36,90.1,103.66,52.493749939697054
2025-10-16 10:36:32.949272,26.79,54.53,102.75,130.62,52.658476456807016
2025-10-16 10:36:33.949272,43.79,65.98,79.4,69.32,52.40128511083884
2025-10-16 10:36:34.949271,62.1,63.53,226.31,99.27,52.35114932839291
2025-10-16 10:36:35.949271,93.49,96.65,230.97,28.64,52.051161870582895
2025-10-16 10:36:36.949270,84.13,68.99,69.84,59.62,52.37078953283149
2025-10-16 10:36:37.949270,18.48,56.14,210.5,131.88,52.52334396451967
2025-10-16 10:36:38.949269,29.79,98.46,295.95,139.93,52.531679259164115
2025-10-16 10:36:39.949269,73.28,29.68,192.39,21.85,51.93839496504636
2025-10-16 10:36:40.949268,12.69,44.26,249.22,104.16,52.30774093177594
2025-10-16 10:36:41.949268,76.32,22.83,102.63,28.35,52.07853724442346
2025-10-16 10:36:42.949267,36.59,63.04,151.51,83.98,52.37309325797811
2025-10-16 10:36:43.949267,90.63,64.57,106.45,116.56,52.60173553137903
2025-10-16 10:36:44.949267,78.12,83.04,94.4,117.92,52.66069745125555
2025-10-16 10:36:45.949266,21.24,49.69,127.5,14.75,52.02839285123101
2025-10-16 10:36:46.949266,77.86,75.01,169.67,18.0,52.03745993237669
2025-10-16 10:36:47.949265,51.86,84.78,80.34,110.43,52.64497963189054
2025-10-16 10:36:48.949265,66.26,32.14,175.47,96.79,52.34583012783164
2025-10-16 10:36:49.949264,84.57,24.35,261.28,93.57,52.199171956174176
2025-10-16 10:36:50.949264,59.99,73.78,58.9,74.13,52.468348425935794
2025-10-16 10:36:51.949263,39.92,31.59,261.41,121.06,52.35243838963776
2025-10-16 10:36:52.949263,53.62,92.42,86.45,114.58,52.67266326207007
2025-10-16 10:36:53.949262,13.09,45.35,266.6,136.04,52.44815661427868
2025-10-16 10:36:54.949262,88.59,47.26,248.39,22.32,51.89976143166831
2025-10-16 10:36:55.949262,59.83,85.31,53.42,41.1,52.330649909312875
2025-10-16 10:36:56.949261,78.83,36.53,66.65,105.37,52.54394616966394
2025-10-16 10:36:57.949261,84.54,72.44,292.18,41.01,51.984661448475364
2025-10-16 10:36:58.949260,32.14,86.3,72.64,87.49,52.541965878146584
2025-10-16 10:36:59.949260,48.04,87.92,270.48,105.45,52.37057926363474
2025-10-16 10:37:00.949259,17.92,47.44,65.01,99.96,52.5399193990289
2025-10-16 10:37:01.949259,69.85,58.94,261.91,98.22,52.28911550920862
2025-10-16 10:37:02.949258,19.8,30.12,232.54,141.44,52.49166371184232
2025-10-16 10:37:03.949258,69.94,26.14,86.28,73.41,52.33536933388895
2025-10-16 10:37:04.949257,25.68,93.24,266.73,98.33,52.34985318290705
2025-10-16 10:37:05.949257,91.92,90.41,152.58,12.8,52.06396353219526
2025-10-16 10:37:06.949256,56.87,48.65,209.2,148.75,52.59606458961613
2025-10-16 10:37:07.949256,27.49,89.87,78.89,80.13,52.503197962360915
2025-10-16 10:37:08.949256,53.36,35.89,241.62,32.7,51.939381921411936
2025-10-16 10:37:09.949255,14.72,36.62,154.39,60.14,52.19702137369455
2025-10-16 10:37:10.949255,54.37,65.82,299.43,63.66,52.076898878097175
2025-10-16 10:37:11.949254,86.29,62.27,198.29,87.54,52.32684611640648
2025-10-16 10:37:12.949254,56.97,72.72,94.25,147.68,52.791726520826245
2025-10-16 10:37:13.949253,40.86,97.19,116.74,141.51,52.77780258891126
2025-10-16 10:37:14.949253,62.59,29.33,128.0,148.73,52.66742825068606
2025-10-16 10:37:15.949252,40.08,28.68,253.15,135.54,52.4312850373309
2025-10-16 10:37:16.949252,23.13,37.22,281.86,51.47,51.98310872390735
2025-10-16 10:37:17.949251,67.53,92.74,76.15,85.19,52.53810702065571
2025-10-16 10:37:18.949251,53.21,45.95,196.49,106.53,52.39382806663619
2025-10-16 10:37:19.949251,75.54,81.17,141.67,61.82,52.30918288451413
2025-10-16 10:37:20.949250,61.09,57.89,201.11,93.38,52.34415773979742
2025-10-16 10:37:21.949250,15.87,24.08,198.79,119.93,52.41618047615218
2025-10-16 10:37:22.949249,58.63,27.91,118.97,94.09,52.39977020516916
2025-10-16 10:37:23.949249,80.63,24.09,220.35,100.76,52.29006606660427
2025-10-16 10:37:24.949248,26.28,35.55,263.27,53.74,52.01632854777162
2025-10-16 10:37:25.949248,93.13,75.79,279.54,75.27,52.18183550576978
2025-10-16 10:37:26.949247,64.73,76.87,130.69,89.65,52.456663590176575
2025-10-16 10:37:27.949247,20.44,87.55,130.71,104.67,52.55354013275914
2025-10-16 10:37:28.949246,23.67,45.24,288.49,60.94,52.03780472071729
2025-10-16 10:37:29.949246,52.17,38.28,198.77,22.57,51.950191706172404
2025-10-16 10:37:30.949245,19.2,53.82,240.27,40.05,52.01329919758001
2025-10-16 10:37:31.949245,62.62,45.26,164.82,135.38,52.58127024519036
2025-10-16 10:37:32.949245,15.44,69.02,285.51,121.4,52.39454180058578
2025-10-16 10:37:33.949244,80.67,27.09,162.58,56.28,52.14793838951058
2025-10-16 10:37:34.949244,39.75,23.69,188.95,114.68,52.40201521716822
2025-10-16 10:37:35.949243,48.29,70.21,235.89,74.39,52.22512908875256
2025-10-16 10:37:36.949243,70.94,23.07,183.78,45.37,52.05635394127918
2025-10-16 10:37:37.949242,25.57,90.67,277.31,34.42,52.006636761364625
2025-10-16 10:37:38.949242,55.41,41.56,130.47,78.87,52.33369186965338
2025-10-16 10:37:39.949241,12.85,76.64,165.45,57.04,52.244222580804276
2025-10-16 10:37:40.949241,45.12,67.9,56.19,72.88,52.45422323704535
2025-10-16 10:37:41.949240,44.42,50.18,159.92,78.09,52.306952229717716
2025-10-16 10:37:42.949240,90.0,87.59,123.4,64.95,52.362053478843904
2025-10-16 10:37:43.949240,89.98,38.88,199.83,118.66,52.437104370908834
2025-10-16 10:37:44.949239,88.79,58.91,104.32,79.96,52.408037122158305
2025-10-16 10:37:45.949239,81.06,92.2,180.81,73.23,52.335920394528365
2025-10-16 10:37:46.949238,14.6,77.98,278.21,146.63,52.54966684491777
2025-10-16 10:37:47.949238,64.46,28.2,203.32,141.56,52.527767645437876
2025-10-16 10:37:48.949237,39.23,62.63,124.8,26.31,52.11577045139136
2025-10-16 10:37:49.949237,32.45,35.83,62.93,30.05,52.16571259526894
2025-10-16 10:37:50.949236,11.72,84.77,297.31,96.56,52.28336863286607
2025-10-16 10:37:51.949236,77.5,82.22,61.19,31.75,52.26681081739099
2025-10-16 10:37:52.949235,48.35,86.92,278.66,120.5,52.43395732393985
2025-10-16 10:37:53.949235,71.35,39.13,244.15,81.55,52.18994755503363
2025-10-16 10:37:54.949235,38.23,53.82,281.73,126.81,52.397508473737595
2025-10-16 10:37:55.949234,11.41,76.17,65.9,97.36,52.581369954949174
2025-10-16 10:37:56.949234,37.16,71.69,146.12,78.91,52.37143290050041
2025-10-16 10:37:57.949233,63.29,40.45,249.95,139.49,52.47847817644522
2025-10-16 10:37:58.949233,28.88,62.34,172.2,140.24,52.62919210167568
2025-10-16 10:37:59.949232,15.24,71.24,96.47,121.97,52.65552244266198
2025-10-16 10:38:00.949232,90.16,93.31,282.05,132.31,52.50169914241067
2025-10-16 10:38:01.949231,27.46,66.31,234.62,129.92,52.5007889764863
2025-10-16 10:38:02.949231,45.58,36.23,115.8,124.94,52.576600317956085
2025-10-16 10:38:03.949230,61.89,31.8,186.83,88.15,52.286114994859275
2025-10-16 10:38:04.949230,93.05,82.78,267.79,126.84,52.4726484284582
2025-10-16 10:38:05.949229,49.64,41.86,63.74,43.51,52.24458378550529
2025-10-16 10:38:06.949229,71.45,65.89,292.72,16.86,51.84876993014862
2025-10-16 10:38:07.949229,12.27,88.76,244.16,59.65,52.17534195120014
2025-10-16 10:38:08.949228,94.93,40.75,122.17,87.07,52.38483369129864
2025-10-16 10:38:09.949228,55.71,40.64,138.15,108.84,52.4735399938146
2025-10-16 10:38:10.949227,71.18,66.42,175.94,145.26,52.65755051060696
2025-10-16 10:38:11.949227,78.41,37.98,178.87,135.03,52.54648808250384
2025-10-16 10:38:12.949226,42.78,27.61,70.84,106.01,52.52423301496663
2025-10-16 10:38:13.949226,68.68,44.78,256.95,10.53,51.82367650066789
2025-10-16 10:38:14.949225,59.89,95.75,190.13,21.14,52.0662142334676
2025-10-16 10:38:15.949225,22.36,53.23,178.54,107.63,52.43764823751556
2025-10-16 10:38:16.949224,24.12,45.81,270.12,135.21,52.44011699931985
2025-10-16 10:38:17.949224,42.17,74.69,176.67,93.05,52.40793935622828
2025-10-16 10:38:18.949224,38.62,69.51,150.65,64.83,52.28973085295027
2025-10-16 10:38:19.949223,22.17,90.67,239.16,85.58,52.31722898980167
2025-10-16 10:38:20.949223,11.89,28.05,105.37,124.39,52.571918521880264
2025-10-16 10:38:21.949222,35.52,22.28,233.34,81.11,52.169486333263755
2025-10-16 10:38:22.949222,47.35,84.49,200.21,30.94,52.08048761022831
2025-10-16 10:38:23.949221,25.88,75.78,242.15,138.62,52.55319051047214
2025-10-16 10:38:24.949221,31.59,39.94,148.79,149.95,52.666321001483716
2025-10-16 10:38:25.949220,74.74,72.44,108.52,120.37,52.6335658152431
2025-10-16 10:38:26.949220,94.54,60.11,285.28,130.53,52.42382543377203
2025-10-16 10:38:27.949219,34.12,81.9,96.64,137.18,52.75312204133638
2025-10-16 10:38:28.949219,47.14,63.81,94.14,145.61,52.76406582178896
2025-10-16 10:38:29.949219,25.9,91.21,225.21,65.27,52.234035173672616
2025-10-16 10:38:30.949218,25.23,86.62,178.28,86.95,52.39803339588821
2025-10-16 10:38:31.949218,34.43,57.07,102.54,110.28,52.560571596967435
2025-10-16 10:38:32.949217,39.27,52.48,264.69,115.37,52.359779975877316
2025-10-16 10:38:33.949217,33.61,95.47,167.08,145.32,52.726197796742746
2025-10-16 10:38:34.949216,56.94,82.2,204.26,26.42,52.04768474059036
2025-10-16 10:38:35.949216,18.93,89.68,211.08,74.52,52.29692783413426
2025-10-16 10:38:36.949215,24.17,56.94,66.6,97.07,52.54159287585016
2025-10-16 10:38:37.949215,94.38,71.77,209.29,117.55,52.482687890462486
2025-10-16 10:38:38.949214,41.47,21.76,152.86,95.6,52.34997966415005
2025-10-16 10:38:39.949214,81.75,26.33,267.66,30.1,51.872666004747934
2025-10-16 10:38:40.949214,84.25,31.49,193.53,106.46,52.36934864556617
2025-10-16 10:38:41.949213,82.73,80.21,181.84,116.53,52.53076716343684
2025-10-16 10:38:42.949213,47.24,93.4,145.58,45.9,52.246985504531544
2025-10-16 10:38:43.949212,29.0,63.49,216.72,130.7,52.52329366951259
2025-10-16 10:38:44.949212,51.18,22.83,69.49,80.55,52.387676522199534
2025-10-16 10:38:45.949211,77.15,60.98,288.24,135.62,52.44734828677539
2025-10-16 10:38:46.949211,58.09,76.22,172.32,73.79,52.31910517268505
2025-10-16 10:38:47.949210,22.15,98.7,74.94,67.8,52.46314653909427
2025-10-16 10:38:48.949210,80.04,52.0,164.24,51.29,52.168815226387366
2025-10-16 10:38:49.949209,10.9,90.15,99.79,39.31,52.268730198150244
2025-10-16 10:38:50.949209,71.88,50.03,152.45,33.99,52.09310486438624
2025-10-16 10:38:51.949209,44.61,55.31,140.01,143.49,52.675222423557635
2025-10-16 10:38:52.949208,11.02,67.31,119.38,56.63,52.28586089075496
2025-10-16 10:38:53.949208,64.23,56.19,170.88,96.96,52.39958701013975
2025-10-16 10:38:54.949207,86.29,75.12,81.58,58.83,52.36293551875373
2025-10-16 10:38:55.949207,85.23,92.0,266.01,129.67,52.507301889810925
2025-10-16 10:38:56.949206,11.53,61.06,93.34,10.69,52.07576085427329
2025-10-16 10:38:57.949206,46.22,72.49,160.59,141.6,52.67139620157148
2025-10-16 10:38:58.949205,44.61,70.99,198.36,13.12,51.966392215348684
2025-10-16 10:38:59.949205,89.8,46.36,67.2,148.04,52.77864314107887
2025-10-16 10:39:00.949204,17.35,47.39,263.39,13.54,51.835363274329076
2025-10-16 10:39:01.949204,25.85,95.0,107.08,123.18,52.693583279646944
2025-10-16 10:39:02.949204,55.59,27.26,234.41,112.97,52.339254910167696
2025-10-16 10:39:03.949203,13.23,93.36,279.17,17.37,51.922924578885755
2025-10-16 10:39:04.949203,43.67,59.22,247.53,53.04,52.07990451571178
2025-10-16 10:39:05.949202,36.0,27.33,57.13,59.74,52.30750818040981
2025-10-16 10:39:06.949202,50.66,98.81,81.82,128.04,52.75953692596018
2025-10-16 10:39:07.949201,43.13,79.85,57.46,103.27,52.62981439107624
2025-10-16 10:39:08.949201,67.35,70.71,248.73,65.09,52.16171323255823
2025-10-16 10:39:09.949200,31.34,37.93,267.77,12.82,51.80745063677866
2025-10-16 10:39:10.949200,93.64,78.22,116.35,94.88,52.505053357048354
2025-10-16 10:39:11.949199,64.68,48.72,171.57,81.87,52.307639995060725
2025-10-16 10:39:12.949199,69.29,96.52,213.47,23.4,52.047835709366176
2025-10-16 10:39:13.949199,17.48,85.16,254.3,81.84,52.267235889952204
2025-10-16 10:39:14.949198,64.82,61.11,55.37,124.24,52.70252165559304
2025-10-16 10:39:15.949198,52.78,76.82,279.88,62.38,52.11802911030246
2025-10-16 10:39:16.949197,67.63,55.34,116.07,22.09,52.091929255920476
2025-10-16 10:39:17.949197,22.73,21.38,219.44,100.57,52.28505843002706
2025-10-16 10:39:18.949196,42.79,71.56,152.63,120.58,52.57370499768246
2025-10-16 10:39:19.949196,27.1,53.73,155.8,27.43,52.062538613897736
2025-10-16 10:39:20.949195,83.12,21.31,259.57,126.38,52.36190479076405
2025-10-16 10:39:21.949195,38.31,62.94,229.97,63.86,52.165563198319276
2025-10-16 10:39:22.949194,29.28,61.89,124.88,127.83,52.62892460629607
2025-10-16 10:39:23.949194,71.92,21.8,161.49,90.19,52.311043705996354
2025-10-16 10:39:24.949194,85.03,26.4,287.2,119.02,52.29738888327095
2025-10-16 10:39:25.949193,45.97,48.68,258.2,17.38,51.864305818410884
2025-10-16 10:39:26.949193,65.66,53.91,146.04,129.68,52.59439125053573
2025-10-16 10:39:27.949192,66.3,41.45,131.97,50.82,52.18925285293438
2025-10-16 10:39:28.949192,44.49,22.44,289.39,110.52,52.24365955609388
2025-10-16 10:39:29.949191,30.79,65.17,187.1,34.71,52.079658819413766
2025-10-16 10:39:30.949191,18.18,94.27,215.12,63.22,52.24313323263109
2025-10-16 10:39:31.949190,45.77,60.95,164.09,121.07,52.540187783216844
2025-10-16 10:39:32.949190,91.21,82.88,227.9,53.32,52.15365172002725
2025-10-16 10:39:33.949189,84.09,34.65,86.8,42.15,52.19272152891568
2025-10-16 10:39:34.949189,28.54,58.7,277.37,63.75,52.0931343005574
2025-10-16 10:39:35.949188,21.12,71.32,171.83,126.15,52.57570309817643
2025-10-16 10:39:36.949188,83.57,44.55,168.07,148.02,52.639611571420886
2025-10-16 10:39:37.949188,38.45,34.3,138.59,53.36,52.179349816761885
2025-10-16 10:39:38.949187,13.43,35.77,66.17,32.88,52.17559437128849
2025-10-16 10:39:39.949187,85.15,35.29,246.06,88.15,52.21338326687192
2025-10-16 10:39:40.949186,39.17,27.02,69.55,13.77,52.05716778373392
2025-10-16 10:39:41.949186,57.02,42.53,272.45,102.24,52.2634598465318
2025-10-16 10:39:42.949185,85.84,29.73,78.69,125.45,52.616373763552794
2025-10-16 10:39:43.949185,66.73,75.74,129.25,121.47,52.61772617747028
2025-10-16 10:39:44.949184,21.98,69.17,283.9,87.34,52.22431273874296
2025-10-16 10:39:45.949184,53.55,55.74,170.96,48.42,52.1525106913791
2025-10-16 10:39:46.949183,24.6,66.79,232.91,100.66,52.35567107801562
2025-10-16 10:39:47.949183,78.33,52.18,113.2,24.95,52.104141691256544
2025-10-16 10:39:48.949183,43.36,52.58,268.65,131.76,52.437754371235826
2025-10-16 10:39:49.949182,69.58,71.64,159.51,122.89,52.576335930390236
2025-10-16 10:39:50.949182,75.81,50.67,90.25,21.41,52.114069203637335
2025-10-16 10:39:51.949181,13.45,33.29,62.54,147.04,52.75443185091524
2025-10-16 10:39:52.949181,76.7,53.11,70.52,21.61,52.146311075000156
2025-10-16 10:39:53.949180,56.04,21.11,70.17,75.02,52.35538468605637
2025-10-16 10:39:54.949180,70.74,25.63,271.79,77.79,52.107546521330285
2025-10-16 10:39:55.949179,65.33,29.48,82.31,79.37,52.37740583382974
2025-10-16 10:39:56.949179,87.42,64.84,112.02,101.36,52.51771976770942
2025-10-16 10:39:57.949178,78.31,40.63,212.97,146.88,52.56593858456286
2025-10-16 10:39:58.949178,48.68,26.86,144.97,13.7,51.955254321448585
2025-10-16 10:39:59.949178,20.06,66.41,93.29,140.61,52.74490947706433
2025-10-16 10:40:00.949177,34.16,92.09,244.42,132.18,52.549185822831205
2025-10-16 10:40:01.949177,76.75,27.03,130.48,140.12,52.61597757581558
2025-10-16 10:40:02.949176,75.1,36.96,294.28,78.9,52.10499849232771
2025-10-16 10:40:03.949176,23.43,89.49,120.59,21.58,52.14963483221301
2025-10-16 10:40:04.949175,36.28,61.12,101.06,141.04,52.72637935453326
2025-10-16 10:40:05.949175,73.43,24.82,204.31,30.95,51.9590855421348
2025-10-16 10:40:06.949174,15.1,24.62,125.16,68.33,52.25446596907346
2025-10-16 10:40:07.949174,40.69,67.5,147.38,98.55,52.461173010348325
2025-10-16 10:40:08.949173,71.08,32.03,167.35,144.21,52.59693325648296
2025-10-16 10:40:09.949173,67.58,79.61,199.94,105.83,52.45105462714719
2025-10-16 10:40:10.949172,42.26,68.01,212.78,113.01,52.447678940702
2025-10-16 10:40:11.949172,75.78,96.83,86.45,35.27,52.27913631958191
2025-10-16 10:40:12.949172,34.84,72.77,251.96,121.48,52.447273501562954
2025-10-16 10:40:13.949171,64.02,83.59,243.41,96.46,52.352926816964896
2025-10-16 10:40:14.949171,70.33,24.11,149.59,137.46,52.57116327176758
2025-10-16 10:40:15.949170,87.74,28.04,247.92,110.09,52.30803266150704
2025-10-16 10:40:16.949170,21.08,58.48,148.12,125.14,52.57746172996436
2025-10-16 10:40:17.949169,75.77,97.29,247.07,75.72,52.269484431732224
2025-10-16 10:40:18.949169,85.27,82.71,297.24,130.36,52.450823383062506
2025-10-16 10:40:19.949168,10.91,52.37,245.31,61.61,52.11302338669865
2025-10-16 10:40:20.949168,10.01,89.57,180.72,59.62,52.26192891427575
2025-10-16 10:40:21.949167,45.25,79.61,123.64,77.4,52.40934547859474
2025-10-16 10:40:22.949167,91.35,34.31,276.68,37.88,51.91550763180018
2025-10-16 10:40:23.949167,15.69,27.95,161.18,72.99,52.236207507086206
2025-10-16 10:40:24.949166,67.0,44.38,103.47,15.34,52.053324998849696
2025-10-16 10:40:25.949166,60.46,57.41,60.23,125.13,52.69331986842685
2025-10-16 10:40:26.949165,14.14,26.65,244.52,93.45,52.22553232635062
2025-10-16 10:40:27.949165,47.44,88.51,280.38,31.76,51.984832178840605
2025-10-16 10:40:28.949164,29.85,43.88,162.14,91.6,52.3602248231783
2025-10-16 10:40:29.949164,83.66,64.17,235.18,97.37,52.33085254283179
2025-10-16 10:40:30.949163,84.75,77.34,278.1,53.7,52.0774221100468
2025-10-16 10:40:31.949163,72.93,76.85,142.91,148.0,52.736050505259065
2025-10-16 10:40:32.949162,55.42,25.61,108.94,125.5,52.56801227086007
2025-10-16 10:40:33.949162,23.17,47.4,196.87,67.91,52.20033475320832
2025-10-16 10:40:34.949162,25.06,40.9,122.46,30.44,52.09762560778001
2025-10-16 10:40:35.949161,61.79,37.21,248.17,28.65,51.91262062152749
2025-10-16 10:40:36.949161,87.54,59.32,148.21,66.85,52.28344683415913
2025-10-16 10:40:37.949160,15.89,47.76,145.99,59.66,52.22751126517857
2025-10-16 10:40:38.949160,41.06,97.34,151.39,145.01,52.74932289578849
2025-10-16 10:40:39.949159,93.91,78.39,257.74,68.05,52.17954826219912
2025-10-16 10:40:40.949159,55.43,28.75,250.17,44.31,51.97289166930694
2025-10-16 10:40:41.949158,51.45,32.96,263.25,49.12,51.987899511019535
2025-10-16 10:40:42.949158,49.75,37.71,147.3,25.1,52.03100698652236
2025-10-16 10:40:43.949157,13.28,26.13,161.96,149.29,52.61845964255392
2025-10-16 10:40:44.949157,72.72,94.57,95.05,141.71,52.80284324419718
2025-10-16 10:40:45.949157,85.54,34.36,80.67,123.82,52.614448580092706
2025-10-16 10:40:46.949156,68.77,33.97,114.01,133.44,52.61770617189293
2025-10-16 10:40:47.949156,24.04,30.96,194.96,33.82,51.99811920402201
2025-10-16 10:40:48.949155,76.55,41.46,157.23,69.65,52.25082878935062
2025-10-16 10:40:49.949155,59.96,61.9,140.27,30.86,52.11665241244022
2025-10-16 10:40:50.949154,93.01,58.65,271.11,61.08,52.08790416765104
2025-10-16 10:40:51.949154,81.47,91.07,285.19,139.73,52.530750049311834
2025-10-16 10:40:52.949153,14.37,38.85,246.97,68.94,52.12168591431872
2025-10-16 10:40:53.949153,78.52,85.6,102.14,19.63,52.15695777137854
2025-10-16 10:40:54.949152,91.16,76.11,127.18,97.73,52.50086383761256
2025-10-16 10:40:55.949152,63.63,34.93,152.72,146.38,52.63321024970347
2025-10-16 10:40:56.949152,80.39,31.39,111.04,105.33,52.47416409545031
2025-10-16 10:40:57.949151,74.15,79.66,196.47,75.56,52.3023432498856
2025-10-16 10:40:58.949151,48.64,47.98,54.01,42.63,52.265076470584596
2025-10-16 10:40:59.949150,27.63,53.22,298.95,14.9,51.80584947944477
2025-10-16 10:41:00.949150,70.02,60.24,73.31,98.1,52.54421950698572
2025-10-16 10:41:01.949149,70.55,66.45,289.07,43.78,51.99124061828209
2025-10-16 10:41:02.949149,12.7,51.15,168.76,86.38,52.3389995692858
2025-10-16 10:41:03.949148,32.3,50.78,71.79,66.84,52.36939160836403
2025-10-16 10:41:04.949148,50.37,42.21,84.56,71.51,52.35927215736341
2025-10-16 10:41:05.949148,12.04,44.8,67.12,28.8,52.171180509711924
2025-10-16 10:41:06.949147,37.96,58.62,104.63,75.82,52.38606792580311
2025-10-16 10:41:07.949147,51.83,47.25,64.71,98.7,52.53356481851864
2025-10-16 10:41:08.949146,84.72,29.93,253.56,12.92,51.81148853145712
2025-10-16 10:41:09.949146,89.43,57.09,212.17,51.5,52.115426946996315
2025-10-16 10:41:10.949145,74.29,29.95,176.22,20.75,51.95505012867816
2025-10-16 10:41:11.949145,89.65,52.04,199.81,125.9,52.49940959258212
2025-10-16 10:41:12.949144,88.11,51.52,254.77,100.49,52.29579106343658
2025-10-16 10:41:13.949144,40.1,73.14,65.01,108.64,52.63386577594205
2025-10-16 10:41:14.949143,71.01,61.44,92.37,17.66,52.11313886076834
2025-10-16 10:41:15.949143,61.42,26.63,102.21,97.53,52.43722299872249
2025-10-16 10:41:16.949143,73.17,38.77,112.07,17.57,52.04218470633791
2025-10-16 10:41:17.949142,31.74,98.25,269.84,112.58,52.42765995254976
2025-10-16 10:41:18.949142,85.74,65.85,172.71,57.23,52.21447291139599
2025-10-16 10:41:19.949141,43.59,65.98,74.01,118.68,52.65877276433288
2025-10-16 10:41:20.949141,89.8,44.52,135.11,85.55,52.367081813715096
2025-10-16 10:41:21.949140,81.38,64.32,100.56,119.11,52.62208510326101
2025-10-16 10:41:22.949140,22.99,87.41,196.04,45.88,52.16750445976029
2025-10-16 10:41:23.949139,63.68,79.59,198.96,124.75,52.54825447880791
2025-10-16 10:41:24.949139,84.28,40.84,285.6,57.44,52.015389711831354
2025-10-16 10:41:25.949138,77.29,38.79,151.6,138.85,52.60403782809804
2025-10-16 10:41:26.949138,82.87,94.97,171.6,144.5,52.715000990618826
2025-10-16 10:41:27.949138,70.25,50.72,221.91,39.12,52.02720774793703
2025-10-16 10:41:28.949137,85.42,51.85,116.26,145.09,52.70849417335191
2025-10-16 10:41:29.949137,20.35,21.13,92.47,110.43,52.50501318143777
2025-10-16 10:41:30.949136,60.62,35.09,211.48,117.86,52.4100442709291
2025-10-16 10:41:31.949136,34.04,39.08,135.02,119.66,52.52956719060811
2025-10-16 10:41:32.949135,19.95,26.25,293.26,21.28,51.793427003808375
2025-10-16 10:41:33.949135,82.45,25.69,165.54,61.66,52.168520535860864
2025-10-16 10:41:34.949134,10.11,58.02,296.23,106.85,52.2850083882926
2025-10-16 10:41:35.949134,35.54,56.7,240.36,118.88,52.41843743260171
2025-10-16 10:41:36.949133,66.24,97.95,95.36,16.72,52.17530418833486
2025-10-16 10:41:37.949133,63.86,81.23,62.38,112.65,52.673447062808485
2025-10-16 10:41:38.949133,12.51,51.54,184.05,26.25,52.01437631750873
2025-10-16 10:41:39.949132,65.76,40.2,55.95,103.46,52.55575824554585
2025-10-16 10:41:40.949132,86.48,75.9,196.46,89.54,52.36592801904017
2025-10-16 10:41:41.949131,49.47,61.73,179.68,50.69,52.16395282815387
2025-10-16 10:41:42.949131,93.83,90.02,293.69,142.22,52.52992302139219
2025-10-16 10:41:43.949130,14.09,93.2,218.27,78.7,52.315307870995355
2025-10-16 10:41:44.949130,68.44,57.77,210.87,146.48,52.60003562507641
2025-10-16 10:41:45.949129,84.48,98.21,162.96,139.71,52.70861065179401
2025-10-16 10:41:46.949129,42.49,45.31,112.05,84.11,52.39227313476387
2025-10-16 10:41:47.949128,52.26,28.56,247.24,18.26,51.84438412153552
2025-10-16 10:41:48.949128,23.99,22.9,296.19,133.63,52.35259087301721
2025-10-16 10:41:49.949128,63.5,82.78,128.68,53.32,52.28665539961473
2025-10-16 10:41:50.949127,43.31,98.87,288.73,67.84,52.17667705813347
2025-10-16 10:41:51.949127,16.09,49.11,218.95,118.08,52.42837473436227
2025-10-16 10:41:52.949126,72.7,27.93,52.98,35.64,52.192059891479715
2025-10-16 10:41:53.949126,77.36,43.67,118.5,48.13,52.19801138060301
2025-10-16 10:41:54.949125,29.71,29.2,256.86,116.55,52.331036982005905
2025-10-16 10:41:55.949125,25.95,40.8,157.03,84.22,52.323683698817916
2025-10-16 10:41:56.949124,60.16,60.15,100.03,131.24,52.67619187474892
2025-10-16 10:41:57.949124,82.11,91.71,64.22,73.36,52.492143705779874
2025-10-16 10:41:58.949124,27.25,65.92,270.9,86.07,52.229010499531654
2025-10-16 10:41:59.949123,20.36,43.28,119.4,94.27,52.429972001091606
2025-10-16 10:42:00.949123,51.28,72.55,256.63,143.51,52.552267359845445
2025-10-16 10:42:01.949122,14.56,31.98,298.95,106.56,52.229286597235856
2025-10-16 10:42:02.949118,81.07,82.71,69.74,121.09,52.70923273445501
2025-10-16 10:42:03.949117,33.22,27.92,76.2,25.64,52.11016942600688
2025-10-16 10:42:04.949117,64.42,83.98,249.48,22.74,51.97178058864006
2025-10-16 10:42:05.949116,90.28,69.19,111.69,39.95,52.21527102642579
2025-10-16 10:42:06.949116,35.44,39.77,73.53,47.98,52.250042568309716
2025-10-16 10:42:07.949115,53.79,97.07,133.9,89.14,52.48902061103822
2025-10-16 10:42:08.949115,27.24,63.94,66.09,74.87,52.4433271984321
2025-10-16 10:42:09.949115,94.91,46.9,222.76,144.87,52.554789076331595
2025-10-16 10:42:10.949114,31.27,89.3,58.84,73.32,52.49448026514161
2025-10-16 10:42:11.949114,81.62,42.11,211.28,24.04,51.948292769114474
2025-10-16 10:42:12.949113,14.44,68.26,110.05,20.38,52.11644693306934
2025-10-16 10:42:13.949113,62.74,94.8,265.78,149.1,52.61156029671807
2025-10-16 10:42:14.949112,32.31,85.06,102.34,68.85,52.40518202319226
2025-10-16 10:42:15.949112,80.5,25.1,204.35,28.94,51.94938536731949
2025-10-16 10:42:16.949111,29.89,61.55,97.91,52.72,52.2836672450101
2025-10-16 10:42:17.949111,50.08,82.18,234.27,57.42,52.164526811500956
2025-10-16 10:42:18.949110,11.2,58.67,92.22,127.6,52.66534597955737
2025-10-16 10:42:19.949110,32.94,89.12,63.34,81.53,52.52971360688733
2025-10-16 10:42:20.949109,48.21,82.96,286.17,125.47,52.441378140687185
2025-10-16 10:42:21.949109,59.54,57.62,113.63,99.83,52.493771766697456
2025-10-16 10:42:22.949108,11.13,59.59,179.1,103.53,52.42846827987721
2025-10-16 10:42:23.949108,17.4,76.96,214.92,125.43,52.52516598660515
2025-10-16 10:42:24.949107,85.8,66.71,66.73,138.0,52.7679154051236
2025-10-16 10:42:25.949107,84.85,38.74,67.05,104.8,52.54481372496974
2025-10-16 10:42:26.949107,42.23,58.74,119.59,61.54,52.293819408996946
2025-10-16 10:42:27.949106,32.32,87.58,61.48,124.28,52.745957682017064
2025-10-16 10:42:28.949106,55.59,73.77,177.83,76.34,52.31987583694916
2025-10-16 10:42:29.949105,47.26,77.47,115.52,69.05,52.37375387405625
2025-10-16 10:42:30.949105,35.17,92.57,98.57,135.42,52.76234161219363
2025-10-16 10:42:31.949104,47.5,40.59,246.02,123.83,52.40463091774547
2025-10-16 10:42:32.949104,80.99,97.89,177.33,134.37,52.66162437990054
2025-10-16 10:42:33.949103,54.45,38.45,104.99,44.4,52.18709372167867
2025-10-16 10:42:34.949103,48.11,29.2,74.47,21.59,52.09444589442586
2025-10-16 10:42:35.949102,76.6,63.47,250.32,123.44,52.4413407437704
2025-10-16 10:42:36.949102,85.36,78.88,260.66,36.59,52.017080396547016
2025-10-16 10:42:37.949102,35.39,39.51,118.88,57.98,52.23935650837059
2025-10-16 10:42:38.949101,79.33,90.2,143.58,22.14,52.122990691673394
2025-10-16 10:42:39.949101,68.38,46.87,265.88,94.69,52.24243510437705
2025-10-16 10:42:40.949100,20.26,91.54,138.32,129.43,52.6766088282058
2025-10-16 10:42:41.949100,70.42,30.79,292.63,146.32,52.43703901570188
2025-10-16 10:42:42.949099,33.95,68.15,113.06,113.2,52.58278349275558
2025-10-16 10:42:43.949099,55.96,46.21,208.48,34.54,52.01325289864238
2025-10-16 10:42:44.949098,10.12,20.86,261.47,134.26,52.398430772935185
2025-10-16 10:42:45.949098,60.87,59.77,92.4,149.24,52.77695514890243
2025-10-16 10:42:46.949097,22.75,53.13,125.17,15.42,52.041602107869245
2025-10-16 10:42:47.949097,28.75,24.44,103.93,125.75,52.573731929491586
2025-10-16 10:42:48.949096,84.16,26.1,249.1,142.78,52.46841490328894
2025-10-16 10:42:49.949096,57.68,23.76,79.75,115.09,52.550825568874245
2025-10-16 10:42:50.949096,89.46,84.21,84.7,142.34,52.79980046978171
2025-10-16 10:42:51.949095,58.28,74.42,90.08,75.96,52.437012403030174
2025-10-16 10:42:52.949095,51.12,28.18,258.71,83.97,52.16139303447044
2025-10-16 10:42:53.949094,53.48,62.81,167.71,57.9,52.218674796438606
2025-10-16 10:42:54.949094,29.66,46.55,273.22,85.78,52.186786606435994
2025-10-16 10:42:55.949093,48.8,65.42,125.28,49.02,52.23568566324135
2025-10-16 10:42:56.949093,85.37,75.49,218.47,102.82,52.40291266927978
2025-10-16 10:42:57.949092,91.87,78.82,52.23,122.21,52.730858460761105
2025-10-16 10:42:58.949092,47.37,72.21,151.88,112.4,52.53450285038639
2025-10-16 10:42:59.949091,28.38,60.64,177.57,77.42,52.30018663057238
2025-10-16 10:43:00.949091,56.46,20.52,280.56,77.85,52.08614784277731
2025-10-16 10:43:01.949090,85.75,93.06,188.08,59.55,52.25847522858795
2025-10-16 10:43:02.949090,16.49,85.58,269.6,47.29,52.0723463685066
2025-10-16 10:43:03.949090,39.01,31.24,232.12,115.23,52.36152097026427
2025-10-16 10:43:04.949089,78.6,49.56,76.93,38.39,52.21588118261209
2025-10-16 10:43:05.949089,12.2,70.69,210.32,147.99,52.63353527576776
2025-10-16 10:43:06.949088,19.24,37.84,127.09,32.03,52.09352516301281
2025-10-16 10:43:07.949088,26.02,27.84,127.35,118.4,52.511634489748204
2025-10-16 10:43:08.949087,84.25,51.95,74.69,147.29,52.775648031706474
2025-10-16 10:43:09.949087,70.19,62.99,239.65,39.83,52.03083496486058
2025-10-16 10:43:10.949086,59.75,21.26,240.95,81.55,52.159519021243035
2025-10-16 10:43:11.949086,28.15,24.59,104.86,129.42,52.59138157523351
2025-10-16 10:43:12.949085,81.12,66.5,185.03,89.67,52.3636655652096
2025-10-16 10:43:13.949085,73.7,90.54,292.25,113.36,52.38654836056074
2025-10-16 10:43:14.949084,78.1,28.94,138.87,134.99,52.58241710738013
2025-10-16 10:43:15.949084,62.66,43.69,110.66,41.63,52.17562050257151
2025-10-16 10:43:16.949084,44.11,49.71,189.73,67.74,52.21354667905364
2025-10-16 10:43:17.949083,76.86,94.63,183.31,103.26,52.48953621745931
2025-10-16 10:43:18.949083,77.27,34.4,103.65,69.48,52.3081766775133
2025-10-16 10:43:19.949082,94.94,33.36,296.02,139.94,52.405135877292906
2025-10-16 10:43:20.949082,71.9,96.96,64.49,46.09,52.363725820836656
2025-10-16 10:43:21.949081,89.65,74.41,78.88,80.77,52.47641479625815
2025-10-16 10:43:22.949081,16.38,60.7,288.01,49.92,52.01261979397312
2025-10-16 10:43:23.949080,55.43,29.98,136.13,30.08,52.0562297527757
2025-10-16 10:43:24.949080,62.91,48.02,103.0,118.42,52.58363766300883
2025-10-16 10:43:25.949079,66.29,80.54,144.31,28.12,52.13355791157387
2025-10-16 10:43:26.949079,79.15,79.08,148.75,117.11,52.57593365259736
2025-10-16 10:43:27.949078,92.29,66.2,151.03,32.51,52.11892864056975
2025-10-16 10:43:28.949078,10.48,83.14,184.53,112.48,52.5123162220571
2025-10-16 10:43:29.949078,10.62,32.78,89.76,45.39,52.20154073280269
2025-10-16 10:43:30.949077,30.66,30.81,242.46,44.05,51.98592670687895
2025-10-16 10:43:31.949077,32.61,22.09,83.81,44.16,52.182519855369236
2025-10-16 10:43:32.949076,60.0,63.96,136.15,85.09,52.401128643824535
2025-10-16 10:43:33.949076,51.38,53.77,242.23,85.87,52.24287511814793
2025-10-16 10:43:34.949075,66.36,36.71,191.13,78.47,52.24080645900577
2025-10-16 10:43:35.949075,73.24,60.89,159.59,118.29,52.53201781223161
2025-10-16 10:43:36.949074,15.33,68.79,50.36,14.89,52.1697737895299
2025-10-16 10:43:37.949074,53.11,31.13,57.57,25.42,52.14030146760845
2025-10-16 10:43:38.949073,27.52,93.1,240.7,73.64,52.25934852087681
2025-10-16 10:43:39.949073,35.18,35.49,272.69,50.84,51.98886326591123
2025-10-16 10:43:40.949072,56.51,33.04,178.92,67.93,52.19662928431489
2025-10-16 10:43:41.949072,13.58,89.47,248.45,135.17,52.55384374653433
2025-10-16 10:43:42.949072,86.27,54.48,52.6,13.85,52.133687263735524
2025-10-16 10:43:43.949071,78.62,59.12,196.62,138.75,52.582598252985164
2025-10-16 10:43:44.949071,90.08,30.27,286.91,26.06,51.83399737050414
2025-10-16 10:43:45.949070,83.98,55.62,93.63,26.04,52.1426241759485
2025-10-16 10:43:46.949070,37.85,54.23,95.8,132.05,52.67447354472245
2025-10-16 10:43:47.949069,26.5,78.5,56.93,129.85,52.76266140781985
2025-10-16 10:43:48.949069,85.09,73.53,86.13,123.56,52.6819144289154
2025-10-16 10:43:49.949068,52.42,55.01,277.41,126.98,52.40648211843517
2025-10-16 10:43:50.949068,85.02,23.73,136.76,35.68,52.07163083985254
2025-10-16 10:43:51.949067,26.72,90.32,57.28,89.93,52.58276808826024
2025-10-16 10:43:52.949067,81.06,37.44,176.16,120.87,52.47728657853357
2025-10-16 10:43:53.949067,35.49,94.58,201.75,136.08,52.631079428578396
2025-10-16 10:43:54.949066,63.7,54.37,188.3,40.25,52.0851491079457
2025-10-16 10:43:55.949066,38.1,84.28,263.62,118.45,52.43862446928203
2025-10-16 10:43:56.949065,87.95,39.45,297.74,28.24,51.8483493413096
2025-10-16 10:43:57.949065,55.02,33.31,244.73,143.37,52.491282901567885
2025-10-16 10:43:58.949064,69.27,55.8,56.4,16.78,52.146005829491266
2025-10-16 10:43:59.949064,32.42,97.35,207.56,69.77,52.29247516864216
2025-10-16 10:44:00.949063,35.96,57.73,261.69,103.99,52.31631312501255
2025-10-16 10:44:01.949063,70.93,79.89,136.09,103.76,52.526819455936945
2025-10-16 10:44:02.949062,57.68,84.48,118.71,21.93,52.14419785454245
2025-10-16 10:44:03.949062,13.29,65.95,80.03,58.3,52.344510421338015
2025-10-16 10:44:04.949061,19.9,51.68,245.2,62.65,52.117103000997105
2025-10-16 10:44:05.949061,46.49,86.84,224.71,144.89,52.62988274725432
2025-10-16 10:44:06.949061,32.84,25.03,98.74,125.81,52.58214991448428
2025-10-16 10:44:07.949060,74.46,42.4,57.86,101.98,52.54996562996474
2025-10-16 10:44:08.949060,69.33,30.39,144.86,53.16,52.16232088285246
2025-10-16 10:44:09.949059,93.34,23.03,131.49,137.64,52.59427560474693
2025-10-16 10:44:10.949059,29.91,34.86,67.85,66.29,52.34095719957825
2025-10-16 10:44:11.949058,59.12,35.93,114.75,19.06,52.04062254451031
2025-10-16 10:44:12.949058,64.24,22.19,125.81,57.04,52.19163195040724
2025-10-16 10:44:13.949057,55.67,21.93,186.35,147.91,52.570559457187414
2025-10-16 10:44:14.949057,58.43,63.08,207.84,134.71,52.5547483642375
2025-10-16 10:44:15.949056,13.28,34.22,246.21,26.96,51.90087357413267
2025-10-16 10:44:16.949056,66.43,34.18,58.07,83.76,52.44133672979509
2025-10-16 10:44:17.949055,80.58,64.16,249.03,91.36,52.281769872552765
2025-10-16 10:44:18.949055,59.5,59.11,200.73,15.41,51.95173593787541
2025-10-16 10:44:19.949055,42.61,36.07,166.59,77.61,52.26814644075136
2025-10-16 10:44:20.949054,49.49,82.97,90.41,74.73,52.4469474475433
2025-10-16 10:44:21.949054,46.08,67.51,109.05,28.25,52.156232374239856
2025-10-16 10:44:22.949053,29.97,55.04,275.25,68.98,52.115384053335276
2025-10-16 10:44:23.949053,17.05,22.46,81.83,111.48,52.52720470034557
2025-10-16 10:44:24.949052,82.89,97.01,129.67,100.92,52.55430638778336
2025-10-16 10:44:25.949052,67.21,64.61,294.46,132.52,52.430335144688485
2025-10-16 10:44:26.949051,63.23,72.88,144.58,113.13,52.54930571486401
2025-10-16 10:44:27.949051,13.15,91.5,165.49,133.61,52.66124902135665
2025-10-16 10:44:28.949051,43.54,47.61,272.72,92.43,52.223232635603516
2025-10-16 10:44:29.949050,21.92,35.17,286.76,118.4,52.31187777014946
2025-10-16 10:44:30.949050,30.04,62.34,86.82,48.25,52.27742753274992
2025-10-16 10:44:31.949049,76.4,47.35,65.72,122.16,52.65134386361095
2025-10-16 10:44:32.949049,85.14,25.16,231.88,10.43,51.81869983822618
2025-10-16 10:44:33.949048,68.68,95.34,293.05,115.61,52.40620894365729
2025-10-16 10:44:34.949048,21.67,45.6,91.31,103.17,52.51731199172279
2025-10-16 10:44:35.949047,59.11,86.73,128.41,72.47,52.391782564566
2025-10-16 10:44:36.949047,25.55,89.57,236.99,44.74,52.11094860423125
2025-10-16 10:44:37.949046,20.49,39.83,211.81,109.5,52.376427237840616
2025-10-16 10:44:38.949046,82.4,93.72,224.6,140.25,52.61987491491865
2025-10-16 10:44:39.949046,17.3,58.87,175.67,100.88,52.41823848780188
2025-10-16 10:44:40.949045,92.57,36.51,155.09,101.78,52.40697987701516
2025-10-16 10:44:41.949045,40.63,96.55,261.76,81.98,52.28006365663654
2025-10-16 10:44:42.949044,32.91,38.32,79.94,121.09,52.60928259263939
2025-10-16 10:44:43.949044,22.1,91.46,290.25,110.24,52.375202787729314
2025-10-16 10:44:44.949043,28.47,37.69,66.72,110.93,52.57429509247009
2025-10-16 10:44:45.949043,83.34,33.54,210.7,60.28,52.11615279241367
2025-10-16 10:44:46.949042,32.71,40.26,256.26,123.3,52.38755590994191
2025-10-16 10:44:47.949042,32.65,47.45,98.47,115.74,52.57502394406965
2025-10-16 10:44:48.949041,85.93,90.11,150.88,107.72,52.546900692063744
2025-10-16 10:44:49.949041,12.11,86.27,253.74,18.2,51.94749410612793
2025-10-16 10:44:50.949040,49.94,58.42,149.06,42.48,52.15700265912519
2025-10-16 10:44:51.949040,61.68,38.67,281.01,76.75,52.11523527836189
2025-10-16 10:44:52.949040,34.98,38.55,228.71,85.96,52.231906363406814
2025-10-16 10:44:53.949039,75.37,73.67,241.16,86.57,52.28652949750651
2025-10-16 10:44:54.949039,30.97,28.56,140.94,101.04,52.40677564007408
2025-10-16 10:44:55.949038,63.02,80.85,136.04,91.9,52.46862262469956
2025-10-16 10:44:56.949038,24.86,96.23,252.36,38.13,52.069744366655435
2025-10-16 10:44:57.949037,62.97,95.11,175.62,132.47,52.6488850988911
2025-10-16 10:44:58.949037,93.52,47.8,180.85,92.49,52.34723701382224
2025-10-16 10:44:59.949036,49.18,24.63,159.62,51.27,52.12173149705139
2025-10-16 10:45:00.949036,62.48,83.14,156.78,37.11,52.16744846675666
2025-10-16 10:45:01.949035,67.0,57.69,121.5,82.69,52.396444064306806
2025-10-16 10:45:02.949035,76.99,75.89,150.11,89.59,52.428384691552466
2025-10-16 10:45:03.949035,91.59,46.45,265.25,143.07,52.48774802765597
2025-10-16 10:45:04.949034,55.8,86.47,263.31,14.63,51.91693582535583
2025-10-16 10:45:05.949034,56.48,74.98,293.6,109.72,52.336045835541036
2025-10-16 10:45:06.949033,76.27,74.34,212.2,118.22,52.487172148979404
2025-10-16 10:45:07.949033,67.38,35.3,110.95,124.62,52.57968168304144
2025-10-16 10:45:08.949032,79.02,63.61,159.82,21.64,52.04698553497061
2025-10-16 10:45:09.949032,11.95,33.12,100.91,28.6,52.10210892189144
2025-10-16 10:45:10.949031,93.53,41.26,145.02,15.33,51.991432779077
2025-10-16 10:45:11.949031,43.14,34.69,167.57,72.24,52.236923734855466
2025-10-16 10:45:12.949030,82.23,32.5,153.48,75.09,52.26603264305824
2025-10-16 10:45:13.949030,58.94,85.51,112.13,130.2,52.703954178359766
2025-10-16 10:45:14.949030,20.07,60.72,126.14,120.66,52.5886082014166
2025-10-16 10:45:15.949029,28.25,50.21,72.17,51.24,52.28868293353345
2025-10-16 10:45:16.949029,65.67,21.47,156.87,60.12,52.16415173077411
2025-10-16 10:45:17.949028,93.21,31.4,212.25,44.31,52.028946804296474
2025-10-16 10:45:18.949028,87.31,82.67,177.8,147.89,52.6999639209383
2025-10-16 10:45:19.949027,46.66,68.56,164.65,85.16,52.37216224708577
2025-10-16 10:45:20.949027,53.43,66.12,158.58,149.37,52.70110993195557
2025-10-16 10:45:21.949026,40.46,74.74,151.11,113.86,52.54785484849554
2025-10-16 10:45:22.949026,11.67,52.02,280.29,128.76,52.40583027175663
2025-10-16 10:45:23.949025,34.96,89.44,95.62,26.29,52.20693805697825
2025-10-16 10:45:24.949025,54.77,70.93,252.16,55.03,52.10653260623777
2025-10-16 10:45:25.949025,73.86,83.5,93.79,35.9,52.24657438239751
2025-10-16 10:45:26.949024,59.04,93.56,262.77,79.59,52.260780577152225
2025-10-16 10:45:27.949024,41.89,88.02,246.48,147.61,52.61674073813547
2025-10-16 10:45:28.949023,26.77,22.93,58.59,32.79,52.16036360456526
2025-10-16 10:45:29.949023,30.93,41.0,288.43,49.05,51.969364752590685
2025-10-16 10:45:30.949022,19.01,28.31,80.02,134.82,52.65933427041407
2025-10-16 10:45:31.949022,50.07,74.82,61.68,43.51,52.31139598761746
2025-10-16 10:45:32.949021,61.49,56.38,270.13,63.95,52.0993594875462
2025-10-16 10:45:33.949021,20.71,57.36,148.7,79.64,52.34382485760942
2025-10-16 10:45:34.949020,70.02,66.61,97.96,35.07,52.20394824333283
2025-10-16 10:45:35.949020,35.27,62.88,253.05,99.75,52.316422695921176
2025-10-16 10:45:36.949020,58.88,49.39,235.4,114.4,52.38817815092409
2025-10-16 10:45:37.949019,60.65,58.51,230.9,84.03,52.257967021118105
2025-10-16 10:45:38.949019,36.71,30.84,123.49,131.79,52.59053223817134
2025-10-16 10:45:39.949018,21.26,51.86,72.22,114.13,52.61067005671705
2025-10-16 10:45:40.949018,45.97,38.89,71.31,100.71,52.51865033650619
2025-10-16 10:45:41.949017,62.27,86.87,109.87,32.73,52.21546455424825
2025-10-16 10:45:42.949017,77.98,53.61,76.01,32.96,52.197456329482
2025-10-16 10:45:43.949016,49.33,21.11,215.73,114.9,52.36216639387099
2025-10-16 10:45:44.949016,77.26,95.48,283.02,147.67,52.58248779028345
2025-10-16 10:45:45.949015,13.06,80.73,259.66,92.53,52.30562969936418
2025-10-16 10:45:46.949015,25.91,96.72,285.24,116.79,52.42535757546648
2025-10-16 10:45:47.949015,80.4,23.98,194.9,87.66,52.257601589492054
2025-10-16 10:45:48.949014,56.81,75.07,230.36,116.89,52.45746873905045
2025-10-16 10:45:49.949014,68.72,93.31,62.24,128.77,52.77883575519869
2025-10-16 10:45:50.949013,89.73,90.0,75.34,61.14,52.41193826712118
2025-10-16 10:45:51.949013,86.01,38.29,292.25,38.95,51.90776429655427
2025-10-16 10:45:52.949012,14.66,64.19,164.06,47.37,52.172869928353585
2025-10-16 10:45:53.949012,35.86,87.44,253.59,93.98,52.33416842295306
2025-10-16 10:45:54.949011,10.32,43.62,197.87,114.39,52.427297572562566
2025-10-16 10:45:55.949011,56.71,34.11,200.54,66.24,52.161116494593514
2025-10-16 10:45:56.949010,55.19,72.07,154.26,63.81,52.284687779016664
2025-10-16 10:45:57.949010,83.79,38.75,267.21,105.26,52.2784603170952
2025-10-16 10:45:58.949010,23.42,95.46,93.35,60.51,52.39517635263423
2025-10-16 10:45:59.949009,73.68,57.68,131.65,122.37,52.58397365485634
2025-10-16 10:46:00.949009,63.32,55.3,160.3,99.85,52.42671282818962
2025-10-16 10:46:01.949008,70.52,78.78,201.84,140.51,52.62271638308826
2025-10-16 10:46:02.949008,79.52,35.71,222.41,39.2,51.997775194599434
2025-10-16 10:46:03.949007,39.47,22.89,109.3,73.39,52.29804942172935
2025-10-16 10:46:04.949007,72.62,40.19,51.2,12.66,52.10176563339865
2025-10-16 10:46:05.949006,63.71,85.79,158.52,98.38,52.48089672386506
2025-10-16 10:46:06.949006,66.55,86.64,213.38,41.08,52.11839444670258
2025-10-16 10:46:07.949005,22.39,71.17,197.59,10.1,51.95246447801143
2025-10-16 10:46:08.949005,32.28,77.78,195.35,42.35,52.131821202116164
2025-10-16 10:46:09.949004,84.57,85.92,293.38,85.07,52.232625588199134
2025-10-16 10:46:10.949004,69.76,31.5,138.57,111.24,52.46738346343191
2025-10-16 10:46:11.949004,26.27,84.08,228.02,138.57,52.58803412582326
2025-10-16 10:46:12.949003,27.44,40.34,64.53,149.91,52.78001039865345
2025-10-16 10:46:13.949003,73.05,36.01,90.19,88.49,52.425753973189806
2025-10-16 10:46:14.949002,47.29,53.98,122.26,96.11,52.45625314252713
2025-10-16 10:46:15.949002,55.5,69.53,234.68,86.99,52.28931324450392
2025-10-16 10:46:16.949001,30.5,74.77,162.19,42.9,52.17327641272605
2025-10-16 10:46:17.949001,62.58,44.14,219.75,61.24,52.129468304921254
2025-10-16 10:46:18.949000,27.66,88.8,201.4,65.18,52.26085960984653
2025-10-16 10:46:19.949000,85.82,22.73,76.36,91.16,52.43205154490294
2025-10-16 10:46:20.949000,21.44,44.98,289.6,48.5,51.972739423106056
2025-10-16 10:46:21.948999,30.78,89.17,154.92,128.05,52.64272233061997
2025-10-16 10:46:22.948999,88.32,62.8,122.34,36.05,52.16878435669069
2025-10-16 10:46:23.948998,15.25,31.5,174.41,63.6,52.17773845753427
2025-10-16 10:46:24.948998,45.7,66.75,291.83,84.76,52.195884215354226
2025-10-16 10:46:25.948997,54.26,83.85,97.71,122.82,52.682670569343195
2025-10-16 10:46:26.948997,41.35,39.38,206.04,138.45,52.53007328646216
2025-10-16 10:46:27.948996,69.92,26.48,65.01,140.76,52.706043863182984
2025-10-16 10:46:28.948996,27.0,71.3,60.84,66.6,52.42274843129085
2025-10-16 10:46:29.948995,24.23,49.71,299.96,122.45,52.34294427469165
2025-10-16 10:46:30.948995,51.21,46.49,103.4,135.74,52.66793886029246
2025-10-16 10:46:31.948994,37.05,75.56,128.45,94.41,52.48125800926579
2025-10-16 10:46:32.948994,63.54,58.96,76.92,90.75,52.499622006047254
2025-10-16 10:46:33.948994,28.31,43.22,266.67,101.89,52.27078552215774
2025-10-16 10:46:34.948993,16.51,50.78,186.98,45.72,52.10767770515598
2025-10-16 10:46:35.948993,83.1,85.44,239.07,71.7,52.236816396196
2025-10-16 10:46:36.948992,31.94,80.44,168.09,97.13,52.45131611371249
2025-10-16 10:46:37.948992,25.28,86.52,87.15,77.97,52.474648657121115
2025-10-16 10:46:38.948991,91.26,66.61,143.62,137.41,52.66150876508715
2025-10-16 10:46:39.948991,71.75,41.27,79.53,68.87,52.35081348980617
2025-10-16 10:46:40.948990,28.95,46.08,115.07,52.31,52.22849133362599
2025-10-16 10:46:41.948990,57.97,54.99,59.25,50.96,52.3138961542406
2025-10-16 10:46:42.948989,79.62,95.69,178.19,140.04,52.68494142095457
2025-10-16 10:46:43.948989,59.4,68.95,198.3,38.23,52.08981469551275
2025-10-16 10:46:44.948988,12.58,21.42,100.9,84.02,52.36036293358566
2025-10-16 10:46:45.948988,52.43,36.87,254.36,97.99,52.255199255869286
2025-10-16 10:46:46.948987,16.09,40.96,53.29,80.21,52.442930053250215
2025-10-16 10:46:47.948987,18.65,24.47,155.81,13.32,51.9341314107373
2025-10-16 10:46:48.948987,68.21,38.87,134.33,25.45,52.05244712583863
2025-10-16 10:46:49.948986,59.78,87.85,125.17,54.54,52.307404571768245
2025-10-16 10:46:50.948985,64.33,77.69,51.74,142.79,52.83365968415568
2025-10-16 10:46:51.948985,80.02,66.31,220.7,144.53,52.59354760164545
2025-10-16 10:46:52.948985,11.25,39.26,70.34,73.04,52.3803864678075
2025-10-16 10:46:53.948984,80.44,42.47,95.71,62.13,52.297253089085935
2025-10-16 10:46:54.948984,85.43,48.22,252.92,90.27,52.24004744522169
2025-10-16 10:46:55.948983,44.94,86.34,236.96,136.16,52.568205632375495
2025-10-16 10:46:56.948983,43.28,50.65,145.65,109.57,52.486623753175685
2025-10-16 10:46:57.948982,44.96,96.69,76.17,22.87,52.2297975169803
2025-10-16 10:46:58.948982,19.47,96.48,183.18,35.94,52.15199777288534
2025-10-16 10:46:59.948981,43.47,39.68,57.52,46.59,52.26431311971991
2025-10-16 10:47:00.948981,58.79,75.72,52.1,124.2,52.73509832928358
2025-10-16 10:47:01.948980,39.72,81.59,298.71,107.53,52.33092708706648
2025-10-16 10:47:02.948980,71.1,75.04,283.37,20.34,51.89674518033858
2025-10-16 10:47:03.948980,43.15,58.26,77.7,11.63,52.09608166029455
2025-10-16 10:47:04.948979,44.14,94.87,80.87,80.62,52.512740006120026
2025-10-16 10:47:05.948979,63.88,95.98,82.3,89.21,52.55652793103177
2025-10-16 10:47:06.948978,80.54,63.3,272.7,57.33,52.075793147651154
2025-10-16 10:47:07.948978,25.04,23.24,236.2,125.56,52.392870838763585
2025-10-16 10:47:08.948977,81.68,79.47,277.62,68.63,52.157899514595975
2025-10-16 10:47:09.948977,93.35,57.36,205.51,122.81,52.486429174994996
2025-10-16 10:47:10.948976,82.68,46.96,158.48,99.37,52.410516516982675
2025-10-16 10:47:11.948976,46.54,36.05,198.64,39.98,52.034300480173734
2025-10-16 10:47:12.948975,21.06,39.09,290.1,50.17,51.96908973594743
2025-10-16 10:47:13.948975,81.06,32.21,178.89,140.83,52.56465477083646
2025-10-16 10:47:14.948974,49.18,74.79,185.16,116.2,52.51410518832806
2025-10-16 10:47:15.948974,74.27,94.16,171.55,19.58,52.08015824664945
2025-10-16 10:47:16.948973,27.18,78.19,132.57,146.44,52.74462619805456
2025-10-16 10:47:17.948973,89.57,20.93,134.83,82.3,52.30514113407377
2025-10-16 10:47:18.948973,37.99,54.73,131.65,61.48,52.26953315720385
2025-10-16 10:47:19.948972,67.37,50.46,234.4,114.9,52.39413475566034
2025-10-16 10:47:20.948972,67.42,56.87,148.79,100.97,52.45089353462653
2025-10-16 10:47:21.948971,62.45,86.24,68.93,57.6,52.3952895150288
2025-10-16 10:47:22.948971,73.09,85.56,197.37,32.72,52.095403837877406
2025-10-16 10:47:23.948970,41.3,49.26,221.4,67.23,52.167571163312125
2025-10-16 10:47:24.948970,58.25,57.63,51.52,111.18,52.63471456284813
2025-10-16 10:47:25.948969,53.17,37.4,143.67,138.29,52.609143302456125
2025-10-16 10:47:26.948969,41.63,73.86,288.4,61.38,52.09576972362812
2025-10-16 10:47:27.948968,26.39,49.25,223.6,84.25,52.25088858144973
2025-10-16 10:47:28.948968,41.42,72.34,162.87,77.94,52.3452920688212
2025-10-16 10:47:29.948967,49.09,51.49,249.0,47.79,52.03629329622912
2025-10-16 10:47:30.948967,68.61,21.05,151.38,58.7,52.16350635406457
2025-10-16 10:47:31.948967,65.45,27.73,125.98,123.09,52.537037880415006
2025-10-16 10:47:32.948966,40.81,50.95,100.95,89.46,52.445257934310746
2025-10-16 10:47:33.948966,18.65,41.63,275.85,104.45,52.26835121307653
2025-10-16 10:47:34.948965,50.83,76.08,254.32,140.32,52.54605471499174
2025-10-16 10:47:35.948965,42.59,50.12,247.84,49.34,52.0430467965565
2025-10-16 10:47:36.948964,94.65,66.84,172.19,47.22,52.1663447012972
2025-10-16 10:47:37.948964,33.31,50.91,150.88,77.56,52.31781943475236
2025-10-16 10:47:38.948963,89.24,22.25,287.66,105.93,52.22234180715952
2025-10-16 10:47:39.948963,14.99,69.58,149.41,144.48,52.69535159553627
2025-10-16 10:47:40.948962,94.73,77.08,257.38,19.79,51.93281108006634
2025-10-16 10:47:41.948962,63.69,97.79,138.61,149.87,52.79199371470335
2025-10-16 10:47:42.948960,48.41,43.09,234.66,14.27,51.86927733020835
2025-10-16 10:47:43.948960,13.25,70.24,172.09,82.6,52.352459904155765
2025-10-16 10:47:44.948959,47.21,67.71,62.18,55.66,52.358508524955894
2025-10-16 10:47:45.948959,38.69,80.18,268.59,92.0,52.28988580594569
2025-10-16 10:47:46.948959,29.37,22.67,60.25,107.98,52.53883809762486
2025-10-16 10:47:47.948958,90.89,82.51,140.59,57.05,52.28905299867334
2025-10-16 10:47:48.948958,16.92,84.4,218.3,126.74,52.54172726822239
2025-10-16 10:47:49.948957,91.67,81.93,190.43,28.99,52.07875590936883
2025-10-16 10:47:50.948957,67.74,54.28,69.33,92.05,52.5073081042148
2025-10-16 10:47:51.948956,66.94,50.44,205.77,115.83,52.437245303504355
2025-10-16 10:47:52.948956,47.57,83.81,156.66,66.13,52.3160409079842
2025-10-16 10:47:53.948955,47.24,40.36,297.07,75.06,52.08839127959597
2025-10-16 10:47:54.948955,40.36,87.29,228.64,62.1,52.20574167121209
2025-10-16 10:47:55.948954,23.38,63.34,173.91,80.19,52.3243902614158
2025-10-16 10:47:56.948954,56.32,51.5,218.53,88.64,52.28432393339133
2025-10-16 10:47:57.948953,81.99,52.86,275.0,101.81,52.27792943078713
2025-10-16 10:47:58.948953,14.15,65.12,135.91,135.04,52.656948006732385
2025-10-16 10:47:59.948953,68.19,52.3,144.19,77.24,52.32787905505301
2025-10-16 10:48:00.948952,10.22,81.55,67.09,38.71,52.29287516129568
2025-10-16 10:48:01.948952,81.73,40.64,97.62,27.03,52.113178401417
2025-10-16 10:48:02.948951,14.21,55.36,55.87,28.3,52.204267951828626
2025-10-16 10:48:03.948951,51.31,21.6,270.44,55.2,51.986998107859485
2025-10-16 10:48:04.948950,39.78,20.68,212.15,88.02,52.22985703591336
2025-10-16 10:48:05.948950,31.26,91.86,121.53,148.01,52.793969731031865
2025-10-16 10:48:06.948949,38.23,72.88,146.21,123.86,52.601517889669786
2025-10-16 10:48:07.948949,77.14,20.31,268.85,55.27,51.986980816115576
2025-10-16 10:48:08.948948,27.93,93.84,217.07,74.41,52.29641243039866
2025-10-16 10:48:09.948948,25.77,20.73,116.15,30.14,52.06538183535097
2025-10-16 10:48:10.948948,28.31,73.08,103.21,130.06,52.691065497564566
2025-10-16 10:48:11.948947,30.19,91.65,254.45,54.65,52.14179421959387
2025-10-16 10:48:12.948947,64.48,38.23,180.64,101.58,52.37500851111741
2025-10-16 10:48:13.948946,55.23,70.28,88.0,55.07,52.325849114936474
2025-10-16 10:48:14.948946,32.67,85.18,61.11,88.63,52.56104771557996
2025-10-16 10:48:15.948945,17.0,31.39,290.9,141.86,52.41791545910056
2025-10-16 10:48:16.948945,40.55,29.15,187.24,43.02,52.051609169967016
2025-10-16 10:48:17.948944,76.74,69.2,281.77,65.37,52.11584404908594
2025-10-16 10:48:18.948944,27.43,63.1,262.65,85.52,52.23181753010894
2025-10-16 10:48:19.948943,20.25,84.75,50.59,34.02,52.29746575451782
2025-10-16 10:48:20.948943,55.04,36.37,91.8,141.42,52.69264366604052
2025-10-16 10:48:21.948943,26.72,80.39,279.85,67.93,52.15314460906854
2025-10-16 10:48:22.948942,37.68,91.28,182.26,49.95,52.214158111375504
2025-10-16 10:48:23.948942,88.44,20.41,119.4,23.02,52.024299140559606
2025-10-16 10:48:24.948941,81.25,80.61,248.23,108.83,52.40338062644152
2025-10-16 10:48:25.948941,16.27,79.37,207.48,51.59,52.165473075952654
2025-10-16 10:48:26.948940,32.07,75.16,123.06,43.18,52.227983939210475
2025-10-16 10:48:27.948940,63.03,68.58,78.54,41.18,52.26482396477745
2025-10-16 10:48:28.948939,49.18,38.63,283.0,28.05,51.86558038700114
2025-10-16 10:48:29.948939,67.83,35.59,234.55,84.47,52.2107604789612
2025-10-16 10:48:30.948938,64.1,40.95,144.15,58.01,52.20838302663608
2025-10-16 10:48:31.948938,39.76,75.26,236.78,49.01,52.10507242235861
2025-10-16 10:48:32.948938,79.26,76.44,158.97,97.56,52.45796667412824
2025-10-16 10:48:33.948937,41.34,41.3,136.1,56.98,52.21464783601724
2025-10-16 10:48:34.948937,35.57,74.66,126.15,104.93,52.53593248166138
2025-10-16 10:48:35.948936,41.21,50.01,115.22,95.13,52.45302109559568
2025-10-16 10:48:36.948936,35.15,70.33,294.94,129.56,52.425798679315754
2025-10-16 10:48:37.948935,48.89,56.83,232.81,71.9,52.19064014576835
2025-10-16 10:48:38.948935,76.56,25.54,230.45,88.58,52.2175731300328
2025-10-16 10:48:39.948934,56.11,20.7,89.16,27.23,52.0868027929877
2025-10-16 10:48:40.948934,67.09,74.59,260.04,137.3,52.52016938284567
2025-10-16 10:48:41.948933,88.29,62.32,207.32,77.32,52.26300623669257
2025-10-16 10:48:42.948933,66.43,69.84,209.67,25.9,52.013768183287404
2025-10-16 10:48:43.948932,48.84,85.96,247.92,72.55,52.23025559265578
2025-10-16 10:48:44.948932,13.92,70.12,243.57,31.29,51.996130111489265
2025-10-16 10:48:45.948931,16.19,84.78,181.42,138.37,52.65093857600536
2025-10-16 10:48:46.948931,56.42,59.98,219.46,65.02,52.17980170876493
2025-10-16 10:48:47.948930,91.76,22.05,113.68,39.01,52.116232965298146
2025-10-16 10:48:48.948930,31.05,79.84,87.05,109.34,52.620846319022384
2025-10-16 10:48:49.948930,17.77,62.64,200.08,129.34,52.53708525686738
2025-10-16 10:48:50.948929,59.83,58.61,113.97,96.2,52.4768352146552
2025-10-16 10:48:51.948929,78.71,30.43,132.08,20.73,52.01513724042749
2025-10-16 10:48:52.948928,55.3,35.03,272.24,85.98,52.16673092203568
2025-10-16 10:48:53.948928,44.76,69.87,148.46,23.19,52.08225839325095
2025-10-16 10:48:54.948927,19.11,96.11,83.96,65.58,52.434749581310236
2025-10-16 10:48:55.948927,52.39,54.8,61.38,37.86,52.24425142304869
2025-10-16 10:48:56.948926,88.88,61.52,200.32,36.37,52.063235147137135
2025-10-16 10:48:57.948926,88.95,38.07,198.89,75.71,52.21903873220069
2025-10-16 10:48:58.948925,69.57,62.94,120.9,11.33,52.04566081112849
2025-10-16 10:48:59.948925,55.23,84.3,55.3,37.5,52.30791174847343
2025-10-16 10:49:00.948924,93.01,64.78,181.45,40.47,52.115688641422246
2025-10-16 10:49:01.948924,36.38,42.42,109.26,98.61,52.463916837007886
2025-10-16 10:49:02.948924,47.46,35.48,95.34,68.83,52.318135609538786
2025-10-16 10:49:03.948923,35.75,66.85,102.77,19.51,52.11906927199274
2025-10-16 10:49:04.948923,60.02,49.84,123.93,18.11,52.05051184792297
2025-10-16 10:49:05.948922,70.59,23.18,177.38,10.52,51.88847224721097
2025-10-16 10:49:06.948922,90.11,74.66,91.44,122.06,52.66937689335209
2025-10-16 10:49:07.948921,10.33,98.19,53.26,30.05,52.299869931864315
2025-10-16 10:49:08.948921,68.42,91.96,257.34,79.25,52.26323724397369
2025-10-16 10:49:09.948920,23.85,98.43,142.83,24.81,52.15352650491188
2025-10-16 10:49:10.948920,37.6,74.01,222.73,122.01,52.49160993648447
2025-10-16 10:49:11.948919,42.6,44.12,161.94,15.48,51.975036451485884
2025-10-16 10:49:12.948919,38.5,67.55,160.58,64.04,52.268586462013225
2025-10-16 10:49:13.948919,63.58,79.43,252.23,25.7,51.974254441297454
2025-10-16 10:49:14.948918,68.92,85.2,98.6,69.59,52.41422658313902
2025-10-16 10:49:15.948918,77.89,97.33,116.87,54.89,52.33874260604466
2025-10-16 10:49:16.948917,62.15,67.08,196.95,118.15,52.493182247220346
2025-10-16 10:49:17.948917,62.49,31.25,247.06,51.02,52.015943850819234
2025-10-16 10:49:18.948916,19.29,66.59,176.61,65.06,52.250372862402905
2025-10-16 10:49:19.948916,16.4,87.47,217.01,24.01,52.02859043832589
2025-10-16 10:49:20.948915,52.46,46.92,269.12,47.71,51.99999731710303
2025-10-16 10:49:21.948915,19.84,24.02,214.93,134.58,52.46867122915219
2025-10-16 10:49:22.948914,30.05,53.77,110.2,106.73,52.52587771523615
2025-10-16 10:49:23.948914,38.79,88.39,227.89,43.8,52.11610623707345
2025-10-16 10:49:24.948913,79.75,96.27,250.86,28.99,52.02549659168761
2025-10-16 10:49:25.948913,80.57,37.93,220.47,51.39,52.06649584906498
2025-10-16 10:49:26.948913,43.97,66.86,117.72,59.86,52.30359081509922
2025-10-16 10:49:27.948912,25.5,93.79,107.38,59.7,52.368990031781735
2025-10-16 10:49:28.948912,16.41,26.13,185.04,65.68,52.16357885938459
2025-10-16 10:49:29.948911,19.59,33.21,143.33,30.67,52.05583179119068
2025-10-16 10:49:30.948911,77.3,64.62,87.85,48.28,52.280627324681944
2025-10-16 10:49:31.948910,88.25,67.47,78.07,140.85,52.768618122189764
2025-10-16 10:49:32.948910,14.92,81.14,103.8,148.48,52.79932351669706
2025-10-16 10:49:33.948909,14.8,41.59,174.46,123.26,52.49975002187706
2025-10-16 10:49:34.948909,89.24,92.34,124.05,87.53,52.484889988304566
2025-10-16 10:49:35.948908,40.3,51.56,116.9,35.45,52.15120414502357
2025-10-16 10:49:36.948908,94.63,30.04,137.56,127.41,52.5478831165935
2025-10-16 10:49:37.948908,52.98,83.93,190.75,66.86,52.27421098092075
2025-10-16 10:49:38.948907,23.4,78.08,111.52,16.94,52.116114854570085
2025-10-16 10:49:39.948907,84.81,29.16,285.15,20.71,51.80707903404036
2025-10-16 10:49:40.948906,61.75,66.9,180.65,16.73,52.00052192927354
2025-10-16 10:49:41.948906,84.24,50.98,149.45,113.72,52.503203901552226
2025-10-16 10:49:42.948905,24.52,65.7,143.89,121.44,52.57841120858977
2025-10-16 10:49:43.948905,94.73,76.09,127.57,123.77,52.632322446938616
2025-10-16 10:49:44.948904,91.52,23.41,221.91,87.74,52.22063997572327
2025-10-16 10:49:45.948904,46.1,68.67,80.79,147.38,52.80040511028834
2025-10-16 10:49:46.948903,73.25,41.96,227.65,96.8,52.29491362035366
2025-10-16 10:49:47.948903,47.86,71.78,252.59,41.84,52.04073464069308
2025-10-16 10:49:48.948903,84.98,52.03,57.7,124.81,52.684639658099684
2025-10-16 10:49:49.948901,92.27,26.16,106.28,133.4,52.61270439464336
2025-10-16 10:49:50.948901,79.73,77.66,124.79,46.1,52.24532361531746
2025-10-16 10:49:51.948900,94.1,69.06,145.62,11.93,52.02740955580936
2025-10-16 10:49:52.948900,84.01,79.81,107.68,101.82,52.55496736981894
2025-10-16 10:49:53.948899,27.07,52.83,279.3,27.98,51.89778551861806
2025-10-16 10:49:54.948899,69.14,66.15,108.6,26.58,52.145726985008665
2025-10-16 10:49:55.948898,20.23,92.36,76.11,135.96,52.79482276185376
2025-10-16 10:49:56.948898,87.05,25.4,153.92,53.32,52.14127306660901
2025-10-16 10:49:57.948897,48.89,77.52,151.81,143.02,52.70015635067111
2025-10-16 10:49:58.948897,26.7,23.77,269.19,70.82,52.072085179443526
2025-10-16 10:49:59.948897,47.65,95.43,101.69,20.23,52.179705155783616
2025-10-16 10:50:00.948896,33.9,90.11,67.18,146.53,52.856027907348164
2025-10-16 10:50:01.948896,69.47,20.14,81.51,102.11,52.475620876879915
2025-10-16 10:50:02.948895,86.75,24.91,151.49,114.75,52.45502899245265
2025-10-16 10:50:03.948895,75.03,64.81,200.13,24.38,52.00909474478248
2025-10-16 10:50:04.948894,68.94,32.73,99.56,129.98,52.61715309948108
2025-10-16 10:50:05.948894,27.05,27.36,291.33,102.69,52.21091801059989
2025-10-16 10:50:06.948893,65.98,58.61,238.5,33.14,51.989949871422944
2025-10-16 10:50:07.948893,43.93,29.0,238.0,36.25,51.94885143876664
2025-10-16 10:50:08.948892,20.97,73.25,160.15,54.89,52.23384988489186
2025-10-16 10:50:09.948892,81.48,45.89,211.13,98.74,52.33456322279002
2025-10-16 10:50:10.948891,31.41,46.69,244.18,90.63,52.25063259912323
2025-10-16 10:50:11.948891,37.44,93.36,183.9,72.35,52.329564753167865
2025-10-16 10:50:12.948891,57.16,94.5,293.51,23.95,51.939249192066534
2025-10-16 10:50:13.948890,82.98,32.23,249.78,41.25,51.96466345123309
2025-10-16 10:50:14.948890,78.86,58.37,237.08,111.59,52.38912595536185
2025-10-16 10:50:15.948889,64.6,36.29,140.68,65.25,52.24069248559117
2025-10-16 10:50:16.948889,64.68,84.54,238.14,25.81,52.00365684803324
2025-10-16 10:50:17.948888,38.97,70.98,295.13,136.24,52.46067381711803
2025-10-16 10:50:18.948888,71.92,60.56,224.2,39.8,52.04670184260022
2025-10-16 10:50:19.948887,82.59,28.11,65.55,61.34,52.305832302985685
2025-10-16 10:50:20.948887,79.45,23.63,152.42,112.1,52.43785794068106
2025-10-16 10:50:21.948886,63.98,69.94,279.96,68.2,52.1340597358983
2025-10-16 10:50:22.948886,27.41,52.06,259.4,57.54,52.072871246373424
2025-10-16 10:50:23.948885,28.5,21.45,91.64,50.46,52.202705408568285
2025-10-16 10:50:24.948885,93.02,43.63,263.35,69.58,52.11222965578653
2025-10-16 10:50:25.948884,23.11,71.57,165.2,81.4,52.35820988457376
2025-10-16 10:50:26.948884,78.74,94.21,145.75,15.15,52.09243084418581
2025-10-16 10:50:27.948883,20.22,65.44,234.36,112.41,52.410672950465454
2025-10-16 10:50:28.948883,86.1,66.25,127.59,81.87,52.40074469436639
2025-10-16 10:50:29.948883,47.09,27.78,249.42,110.09,52.30551376171447
2025-10-16 10:50:30.948882,88.51,73.08,122.75,118.45,52.60597209325187
2025-10-16 10:50:31.948882,56.05,78.43,264.3,118.23,52.42522869614245
2025-10-16 10:50:32.948881,34.14,20.55,133.39,13.06,51.955293770744234
2025-10-16 10:50:33.948881,61.12,68.28,217.83,88.56,52.31746438084698
2025-10-16 10:50:34.948880,35.87,72.31,285.35,87.1,52.22725094238845
2025-10-16 10:50:35.948880,48.89,47.65,137.95,52.62,52.202398502511876
2025-10-16 10:50:36.948879,43.72,71.71,231.09,86.31,52.294921192121926
2025-10-16 10:50:37.948879,84.19,35.99,200.76,105.17,52.36184675921894
2025-10-16 10:50:38.948878,60.16,76.51,289.73,34.37,51.962194791132205
2025-10-16 10:50:39.948878,20.98,61.76,83.62,27.64,52.176105041943444
2025-10-16 10:50:40.948877,77.51,21.78,75.89,138.54,52.67104986603178
2025-10-16 10:50:41.948877,81.05,55.41,194.05,94.69,52.355458003513995
2025-10-16 10:50:42.948876,34.18,98.1,118.4,96.09,52.54706609102138
2025-10-16 10:50:43.948876,31.49,88.34,255.04,33.93,52.02952130336944
2025-10-16 10:50:44.948876,62.91,53.04,57.64,131.98,52.72303421511533
2025-10-16 10:50:45.948875,71.78,32.68,131.05,23.92,52.03706517163728
2025-10-16 10:50:46.948875,13.29,84.29,257.06,54.54,52.12343102765627
2025-10-16 10:50:47.948874,48.92,84.48,57.41,14.34,52.18800932209521
2025-10-16 10:50:48.948874,38.49,27.83,104.99,27.46,52.080572650649756
2025-10-16 10:50:49.948873,55.42,32.39,171.06,34.25,52.03516258303681
2025-10-16 10:50:50.948873,61.36,58.72,58.2,37.49,52.25426175355587
2025-10-16 10:50:51.948872,57.27,37.01,96.4,97.15,52.46326612891048
2025-10-16 10:50:52.948872,47.33,21.23,192.36,110.47,52.371312856905355
2025-10-16 10:50:53.948871,47.82,30.55,203.69,99.56,52.31890023589487
2025-10-16 10:50:54.948871,79.29,60.06,84.55,18.78,52.12663358288213
2025-10-16 10:50:55.948871,84.93,61.98,221.67,128.24,52.50124232328216
2025-10-16 10:50:56.948870,92.19,71.75,166.38,28.39,52.08821846831608
2025-10-16 10:50:57.948870,67.09,34.4,271.74,28.57,51.875113158415715
2025-10-16 10:50:58.948869,84.01,97.81,222.17,141.96,52.63975420384659
2025-10-16 10:50:59.948869,44.72,57.58,240.34,11.48,51.87566357387938
2025-10-16 10:51:00.948868,59.02,34.85,121.16,70.08,52.288586743000856
2025-10-16 10:51:01.948868,26.09,80.4,291.71,89.04,52.244268834859135
2025-10-16 10:51:02.948867,73.93,27.07,124.16,103.34,52.43806749533044
2025-10-16 10:51:03.948867,46.25,79.51,288.9,108.75,52.346240063795
2025-10-16 10:51:04.948866,82.03,85.19,266.57,75.32,52.217766353715916
2025-10-16 10:51:05.948866,31.63,62.21,90.15,113.78,52.604937201235366
2025-10-16 10:51:06.948866,92.86,39.69,183.6,87.4,52.30198024297475
2025-10-16 10:51:07.948865,89.05,94.5,58.58,41.0,52.34107356450668
2025-10-16 10:51:08.948865,48.39,30.56,79.03,106.81,52.52302662603336
2025-10-16 10:51:09.948864,24.76,60.0,259.48,47.07,52.035110400940916
2025-10-16 10:51:10.948864,28.2,66.59,86.74,36.74,52.22743846752777
2025-10-16 10:51:11.948863,50.17,26.28,164.45,122.65,52.48034542651889
2025-10-16 10:51:12.948863,15.5,51.59,214.55,130.87,52.503945000841114
2025-10-16 10:51:13.948862,55.12,63.16,110.02,14.18,52.07514348153497
2025-10-16 10:51:14.948862,42.24,25.56,210.83,100.84,52.30610824953508
2025-10-16 10:51:15.948861,13.93,71.07,84.89,107.27,52.5962096879463
2025-10-16 10:51:16.948861,75.57,87.46,100.94,141.78,52.78147519198269
2025-10-16 10:51:17.948860,30.76,66.24,191.75,66.2,52.23514776737907
2025-10-16 10:51:18.948860,80.01,84.31,167.91,49.24,52.21627876533506
2025-10-16 10:51:19.948860,12.36,68.27,192.57,37.95,52.0947660063393
2025-10-16 10:51:20.948859,28.28,86.61,131.06,24.91,52.14686592465736
2025-10-16 10:51:21.948859,36.16,40.63,276.03,82.76,52.15619958134855
2025-10-16 10:51:22.948858,29.57,84.19,85.0,13.04,52.14381666707051
2025-10-16 10:51:23.948858,35.44,66.73,243.78,89.45,52.28412810739583
2025-10-16 10:51:24.948857,75.76,23.38,69.72,57.94,52.27380533787447
2025-10-16 10:51:25.948857,31.23,82.72,153.39,88.3,52.43071306386054
2025-10-16 10:51:26.948856,53.69,67.0,177.86,80.73,52.32893733064319
2025-10-16 10:51:27.948856,66.2,56.57,104.0,85.29,52.430942435369964
2025-10-16 10:51:28.948855,47.11,70.96,277.65,40.89,52.00068298508754
2025-10-16 10:51:29.948855,19.3,92.99,265.12,113.11,52.42646233219089
2025-10-16 10:51:30.948855,54.14,61.55,183.1,118.43,52.502449067399375
2025-10-16 10:51:31.948854,24.77,68.11,127.51,96.7,52.479653470453655
2025-10-16 10:51:32.948854,90.43,80.59,84.49,114.27,52.65073513294807
2025-10-16 10:51:33.948853,46.69,33.02,199.11,71.47,52.18743389286499
2025-10-16 10:51:34.948853,54.4,44.76,197.45,112.17,52.41882136232979
2025-10-16 10:51:35.948852,38.37,85.95,201.94,84.26,52.35133096506967
2025-10-16 10:51:36.948852,66.3,63.29,193.39,54.11,52.16591833022109
2025-10-16 10:51:37.948851,40.75,69.88,99.42,80.84,52.44039320411607
2025-10-16 10:51:38.948851,53.05,40.49,246.6,31.59,51.936007454355206
2025-10-16 10:51:39.948850,69.92,33.57,260.4,123.83,52.371685445564914
2025-10-16 10:51:40.948850,81.27,64.05,244.3,125.12,52.45906682129504
2025-10-16 10:51:41.948849,53.48,73.53,94.83,62.56,52.36096925418353
2025-10-16 10:51:42.948849,20.84,53.35,105.08,17.39,52.07898721258978
2025-10-16 10:51:43.948849,68.36,98.99,160.73,34.82,52.18133482260601
2025-10-16 10:51:44.948848,92.92,24.5,163.14,40.13,52.06027441548701
2025-10-16 10:51:45.948848,16.11,80.39,183.85,74.15,52.31355488965195
2025-10-16 10:51:46.948847,21.72,31.92,296.88,60.9,52.000455787137305
2025-10-16 10:51:47.948847,43.1,80.2,63.22,41.78,52.311011863970194
2025-10-16 10:51:48.948846,54.19,81.55,235.07,60.77,52.17921292813594
2025-10-16 10:51:49.948846,59.18,97.67,279.91,109.14,52.395573867877815
2025-10-16 10:51:50.948845,47.41,27.45,88.97,106.84,52.50379151384983
2025-10-16 10:51:51.948845,19.06,72.42,167.77,109.47,52.498724466909465
2025-10-16 10:51:52.948844,93.82,49.24,269.08,127.27,52.407922948119285
2025-10-16 10:51:53.948844,75.13,49.96,268.98,108.34,52.31348246053803
2025-10-16 10:51:54.948844,35.97,28.58,123.9,106.61,52.457929390891906
2025-10-16 10:51:55.948843,23.62,81.51,100.04,39.81,52.25414059672631
2025-10-16 10:51:56.948843,37.67,77.71,79.01,19.5,52.172017993605095
2025-10-16 10:51:57.948842,54.78,35.97,140.42,116.31,52.499290436261745
2025-10-16 10:51:58.948842,16.87,30.15,191.3,16.41,51.91319109483439
2025-10-16 10:51:59.948841,76.33,69.32,270.04,118.61,52.401747358408905
2025-10-16 10:52:00.948841,74.53,45.2,229.61,52.18,52.072357909605735
2025-10-16 10:52:01.948840,91.66,30.39,154.61,127.22,52.52471114671498
2025-10-16 10:52:02.948840,90.95,20.23,60.98,92.24,52.45331605393338
2025-10-16 10:52:03.948839,90.4,90.17,183.8,18.08,52.04835509043137
2025-10-16 10:52:04.948839,16.46,63.17,222.99,17.76,51.9416565711107
2025-10-16 10:52:05.948839,55.27,94.06,241.68,25.52,52.01593323169768
2025-10-16 10:52:06.948838,83.99,90.85,182.51,39.34,52.159194958975476
2025-10-16 10:52:07.948838,36.53,98.36,72.49,134.61,52.80449702287942
2025-10-16 10:52:08.948837,61.83,22.49,165.91,59.87,52.15273051938184
2025-10-16 10:52:09.948837,60.69,91.13,293.27,22.51,51.92572220870908
2025-10-16 10:52:10.948836,53.79,58.58,174.92,15.64,51.98652080660836
2025-10-16 10:52:11.948836,16.93,52.98,216.55,79.98,52.24595226139565
2025-10-16 10:52:12.948835,68.56,37.49,281.41,63.02,52.04279519601034
2025-10-16 10:52:13.948835,65.54,23.24,95.25,12.41,52.00842651583107
2025-10-16 10:52:14.948834,20.92,79.06,110.43,33.54,52.203643299719374
2025-10-16 10:52:15.948834,41.18,22.17,265.06,121.65,52.33222507890205
2025-10-16 10:52:16.948833,41.35,73.69,124.8,139.98,52.71356103519699
2025-10-16 10:52:17.948833,89.1,61.21,265.04,132.48,52.46302049363593
2025-10-16 10:52:18.948833,54.76,91.11,162.67,144.31,52.718525170752734
2025-10-16 10:52:19.948832,41.73,26.3,92.6,21.12,52.06208920677767
2025-10-16 10:52:20.948832,87.26,60.18,299.57,145.71,52.481739396802226
2025-10-16 10:52:21.948831,16.53,83.89,157.35,85.5,52.41347465233307
2025-10-16 10:52:22.948831,38.42,48.67,59.47,107.06,52.58574318925695
2025-10-16 10:52:23.948830,70.42,34.49,279.73,16.04,51.80103561161036
2025-10-16 10:52:24.948830,86.55,21.2,81.86,143.12,52.68512868521007
2025-10-16 10:52:25.948829,34.27,44.86,72.79,107.71,52.56375373401248
2025-10-16 10:52:26.948829,72.94,30.04,223.13,127.45,52.433212374927045
2025-10-16 10:52:27.948828,70.54,74.67,185.28,81.48,52.33768287618177
2025-10-16 10:52:28.948828,26.36,31.64,113.66,146.34,52.67905057533056
2025-10-16 10:52:29.948828,46.42,66.76,117.02,28.75,52.14661063058108
2025-10-16 10:52:30.948827,69.76,32.48,92.63,136.97,52.66140931844527
2025-10-16 10:52:31.948827,28.44,57.65,168.05,97.25,52.40769344939683
2025-10-16 10:52:32.948826,58.29,43.94,215.71,83.28,52.246244474754235
2025-10-16 10:52:33.948826,33.56,57.43,61.26,145.22,52.793830940465945
2025-10-16 10:52:34.948825,26.27,52.85,122.24,91.02,52.42827826017551
2025-10-16 10:52:35.948825,26.09,73.6,184.96,94.8,52.40356476673388
2025-10-16 10:52:36.948824,12.85,87.27,79.47,105.6,52.62649827635778
2025-10-16 10:52:37.948824,34.66,94.17,170.02,57.0,52.27194848288014
2025-10-16 10:52:38.948823,80.51,35.63,78.42,125.26,52.62723761794295
2025-10-16 10:52:39.948823,59.77,91.69,78.32,19.53,52.200261844137245
2025-10-16 10:52:40.948823,19.89,23.95,198.09,115.55,52.39466127828211
2025-10-16 10:52:41.948822,52.74,75.19,194.14,48.16,52.15786907262463
2025-10-16 10:52:42.948822,42.16,75.01,118.93,92.81,52.48485751106895
2025-10-16 10:52:43.948821,20.72,81.68,189.98,10.25,51.98386369567558
2025-10-16 10:52:44.948821,71.68,62.12,114.38,67.33,52.33673638648387
2025-10-16 10:52:45.948820,80.28,91.32,299.49,117.08,52.39720483119348
2025-10-16 10:52:46.948820,62.11,77.34,136.7,16.76,52.07996140573757
2025-10-16 10:52:47.948819,65.54,69.15,88.8,37.44,52.233196475761694
2025-10-16 10:52:48.948819,53.69,98.06,229.15,38.34,52.10552333580933
2025-10-16 10:52:49.948818,44.42,92.22,142.7,40.31,52.220217907981066
2025-10-16 10:52:50.948818,64.45,77.34,263.73,115.7,52.411048914376906
2025-10-16 10:52:51.948817,89.3,25.72,256.71,95.6,52.21826105699934
2025-10-16 10:52:52.948817,87.23,53.86,145.23,26.6,52.072772889865725
2025-10-16 10:52:53.948816,20.02,77.75,131.69,148.35,52.754636132012685
2025-10-16 10:52:54.948816,91.77,78.42,61.15,102.54,52.61838096880347
2025-10-16 10:52:55.948815,37.2,92.16,281.09,110.65,52.39093852796652
2025-10-16 10:52:56.948815,23.57,60.7,185.37,89.75,52.352344363331454
2025-10-16 10:52:57.948814,46.05,93.95,230.5,61.99,52.21562850555413
2025-10-16 10:52:58.948814,69.09,29.39,185.81,80.61,52.24457397771568
2025-10-16 10:52:59.948813,61.79,85.07,197.55,88.06,52.37478008068778
2025-10-16 10:53:00.948813,63.97,82.64,276.88,132.4,52.4883623266594
2025-10-16 10:53:01.948813,26.6,64.25,228.59,16.48,51.92974795146576
2025-10-16 10:53:02.948812,83.34,33.45,187.97,110.06,52.398873034125295
2025-10-16 10:53:03.948812,79.08,37.35,92.99,81.18,52.38753774994668
2025-10-16 10:53:04.948811,53.78,77.08,138.45,34.39,52.16648979385309
2025-10-16 10:53:05.948811,20.68,64.3,94.27,76.5,52.41446045588002
2025-10-16 10:53:06.948810,81.36,74.59,242.51,120.09,52.45644902103453
2025-10-16 10:53:07.948810,51.19,51.43,279.34,108.74,52.304459094222786
2025-10-16 10:53:08.948809,60.78,32.1,172.4,17.27,51.946712735539776
2025-10-16 10:53:09.948809,47.89,44.4,188.58,117.55,52.45730559764876
2025-10-16 10:53:10.948808,49.19,20.4,140.5,59.85,52.18267958565722
2025-10-16 10:53:11.948808,25.81,68.68,266.45,64.31,52.13002582540175
2025-10-16 10:53:12.948807,52.0,61.71,168.12,62.67,52.240170484354344
2025-10-16 10:53:13.948807,54.23,69.68,51.02,55.15,52.37473265081776
2025-10-16 10:53:14.948807,28.58,57.49,237.67,149.73,52.579991128541295
2025-10-16 10:53:15.948806,40.83,97.34,158.82,121.97,52.6225372516112
2025-10-16 10:53:16.948806,89.42,96.08,100.0,43.55,52.30146776964216
2025-10-16 10:53:17.948805,58.13,50.04,118.06,119.87,52.574696946512724
2025-10-16 10:53:18.948805,42.8,62.66,299.71,114.68,52.329050516333915
2025-10-16 10:53:19.948804,16.71,66.06,250.5,118.47,52.42093434073173
2025-10-16 10:53:20.948804,14.69,36.94,156.65,84.49,52.31806209092228
2025-10-16 10:53:21.948803,40.28,34.38,213.16,52.22,52.07361897053521
2025-10-16 10:53:22.948802,91.98,36.87,129.37,89.73,52.38111457830772
2025-10-16 10:53:23.948801,44.95,30.0,264.55,82.07,52.14745681161744
2025-10-16 10:53:24.948801,79.87,87.8,260.51,127.35,52.49476183118171
2025-10-16 10:53:25.948800,39.67,98.49,146.06,63.0,52.34292767992139
2025-10-16 10:53:26.948800,65.49,93.43,276.28,14.07,51.91020950862139
2025-10-16 10:53:27.948800,73.48,80.79,50.3,36.1,52.30070558629085
2025-10-16 10:53:28.948799,38.6,40.2,201.07,35.7,52.01740315429768
2025-10-16 10:53:29.948799,25.73,81.58,128.64,85.65,52.44828819907877
2025-10-16 10:53:30.948798,20.51,65.72,98.05,70.41,52.38126940086852
2025-10-16 10:53:31.948798,12.2,76.63,72.11,78.0,52.47577330713064
2025-10-16 10:53:32.948797,81.17,80.65,73.82,91.2,52.54821234532868
2025-10-16 10:53:33.948797,35.18,56.51,176.22,16.36,51.98440361750835
2025-10-16 10:53:34.948796,89.15,95.65,246.1,43.9,52.10627458159385
2025-10-16 10:53:35.948796,63.83,75.74,56.97,119.52,52.70487217421112
2025-10-16 10:53:36.948795,22.87,43.98,236.98,108.16,52.34390817439711
2025-10-16 10:53:37.948795,18.45,48.38,223.26,47.1,52.061306487572075
2025-10-16 10:53:38.948795,75.36,30.12,95.54,129.93,52.61722459284455
2025-10-16 10:53:39.948794,87.49,81.26,261.86,53.57,52.10618163533677
2025-10-16 10:53:40.948794,15.7,95.97,142.94,42.31,52.23732245634082
2025-10-16 10:53:41.948793,59.71,91.2,255.0,76.68,52.25187204813675
2025-10-16 10:53:42.948793,62.93,30.49,83.4,56.51,52.26200651496372
2025-10-16 10:53:43.948792,13.1,85.14,150.09,59.15,52.29205709725446
2025-10-16 10:53:44.948792,14.78,28.62,199.46,137.65,52.513942202334334
2025-10-16 10:53:45.948791,41.97,74.94,139.32,116.44,52.577151404431596
2025-10-16 10:53:46.948791,42.71,82.11,155.96,94.61,52.45806890404333
2025-10-16 10:53:47.948790,38.34,28.7,70.63,124.22,52.618956441906306
2025-10-16 10:53:48.948790,92.27,88.86,257.13,80.01,52.26134849225621
2025-10-16 10:53:49.948789,12.05,73.04,62.21,146.05,52.82709647745996
2025-10-16 10:53:50.948789,53.5,48.14,292.73,12.01,51.789676138248225
2025-10-16 10:53:51.948788,90.61,92.66,295.53,94.06,52.28841494596287
2025-10-16 10:53:52.948788,16.25,42.19,217.3,33.85,51.99010269954637
2025-10-16 10:53:53.948787,24.75,22.25,164.68,120.62,52.46191374169922
2025-10-16 10:53:54.948787,66.11,79.27,140.5,118.12,52.59249870685142
2025-10-16 10:53:55.948786,48.77,87.83,216.13,63.17,52.22900987110301
2025-10-16 10:53:56.948786,17.92,34.54,273.62,28.53,51.872658596352245
2025-10-16 10:53:57.948785,15.7,32.32,180.19,109.8,52.40580334358517
2025-10-16 10:53:58.948785,35.66,77.5,147.87,59.12,52.28003945209978
2025-10-16 10:53:59.948785,20.86,28.29,261.67,72.52,52.099582406450644
2025-10-16 10:54:00.948784,15.2,63.44,268.24,77.37,52.183653959448286
2025-10-16 10:54:01.948784,65.09,76.69,192.96,99.24,52.42134003913287
2025-10-16 10:54:02.948783,29.65,78.18,208.68,29.1,52.047526996995785
2025-10-16 10:54:03.948783,80.7,60.69,92.7,121.22,52.636280632466736
2025-10-16 10:54:04.948782,12.08,81.54,149.95,149.01,52.74083372970304
2025-10-16 10:54:05.948782,14.33,34.29,208.5,95.6,52.29963355659986
2025-10-16 10:54:06.948781,29.72,53.29,102.96,135.18,52.67890390597808
2025-10-16 10:54:07.948781,70.34,26.72,216.58,141.73,52.50795274679926
2025-10-16 10:54:08.948780,88.64,41.15,255.77,49.01,52.01329788250289
2025-10-16 10:54:09.948780,25.77,90.47,153.41,99.71,52.50359367550605
2025-10-16 10:54:10.948780,17.86,82.45,54.24,116.8,52.707785494865604
2025-10-16 10:54:11.948779,67.56,41.74,205.28,99.43,52.33785067557898
2025-10-16 10:54:12.948779,61.79,38.39,257.68,112.83,52.32893372114735
2025-10-16 10:54:13.948778,77.6,75.84,193.21,140.95,52.630819597803466
2025-10-16 10:54:14.948778,18.92,33.9,228.91,44.19,52.01083109257696
2025-10-16 10:54:15.948777,52.12,34.09,130.87,120.66,52.5305118959931
2025-10-16 10:54:16.948777,91.1,37.57,199.77,26.08,51.965265068423236
2025-10-16 10:54:17.948776,16.79,72.13,100.29,120.08,52.642541525887935
2025-10-16 10:54:18.948776,36.03,70.88,166.14,147.52,52.69083109801918
2025-10-16 10:54:19.948775,13.58,70.07,267.81,95.45,52.288778774365795
2025-10-16 10:54:20.948775,31.97,75.66,55.88,33.72,52.27117982934995
2025-10-16 10:54:21.948774,37.62,92.27,117.94,144.88,52.783716941414845
2025-10-16 10:54:22.948774,57.19,68.97,224.33,56.54,52.1477400116318
2025-10-16 10:54:23.948774,68.71,89.08,146.47,101.06,52.51705369336239
2025-10-16 10:54:24.948773,23.28,73.83,170.74,93.01,52.414026171056
2025-10-16 10:54:25.948773,13.33,56.2,118.31,13.07,52.044862501906856
2025-10-16 10:54:26.948772,17.92,39.58,140.78,129.88,52.57462096016915
2025-10-16 10:54:27.948772,16.52,28.42,56.92,131.81,52.67529814339747
2025-10-16 10:54:28.948771,21.17,59.86,134.18,16.57,52.0484145528956
2025-10-16 10:54:29.948771,63.04,42.94,122.3,55.09,52.22677828181366
2025-10-16 10:54:30.948770,68.24,29.33,202.6,107.28,52.35713271982495
2025-10-16 10:54:31.948770,94.68,91.65,240.07,136.31,52.575109311017464
2025-10-16 10:54:32.948769,15.5,30.38,93.13,123.28,52.587250075501984
2025-10-16 10:54:33.948769,90.28,43.47,76.08,71.1,52.37102585963432
2025-10-16 10:54:34.948769,21.66,84.34,100.49,129.43,52.71340295704187
2025-10-16 10:54:35.948768,55.93,58.34,240.27,13.54,51.8876784115139
2025-10-16 10:54:36.948768,46.28,47.11,207.86,134.67,52.52348635617728
2025-10-16 10:54:37.948767,56.48,91.52,118.01,136.17,52.73800648782253
2025-10-16 10:54:38.948767,13.27,97.13,179.83,22.66,52.090429345337554
2025-10-16 10:54:39.948766,71.52,65.72,63.67,43.64,52.29170079010252
2025-10-16 10:54:40.948766,37.48,87.31,114.16,69.32,52.396069243053915
2025-10-16 10:54:41.948765,22.96,90.13,87.58,102.53,52.60560376183253
2025-10-16 10:54:42.948765,27.79,86.04,148.76,18.29,52.08843398622973
2025-10-16 10:54:43.948764,46.99,88.86,213.41,64.04,52.23907363988549
2025-10-16 10:54:44.948764,25.15,90.88,195.5,82.76,52.361951260676456
2025-10-16 10:54:45.948763,53.92,91.89,192.52,62.75,52.266465023829554
2025-10-16 10:54:46.948763,37.05,47.93,78.57,135.6,52.70336028924802
2025-10-16 10:54:47.948763,67.14,33.26,149.78,57.49,52.18324571553175
2025-10-16 10:54:48.948762,81.02,92.41,273.73,141.63,52.55837125194276
2025-10-16 10:54:49.948762,81.81,68.26,281.99,106.69,52.32321172287543
2025-10-16 10:54:50.948761,44.88,25.72,67.05,78.53,52.38632659012465
2025-10-16 10:54:51.948761,34.21,64.82,71.77,128.29,52.70824782839649
2025-10-16 10:54:52.948760,54.19,76.02,243.8,76.33,52.2356357634631
2025-10-16 10:54:53.948760,80.78,61.81,289.07,90.84,52.220815326461
2025-10-16 10:54:54.948759,46.22,85.71,261.85,70.15,52.198901620860546
2025-10-16 10:54:55.948759,57.13,20.38,252.76,128.45,52.37973449738157
2025-10-16 10:54:56.948758,75.64,60.99,166.79,73.92,52.29759359943039
2025-10-16 10:54:57.948758,60.52,61.35,254.65,42.84,52.02277190157713
2025-10-16 10:54:58.948758,73.11,82.03,235.23,142.75,52.59556387878476
2025-10-16 10:54:59.948757,20.27,37.34,169.98,42.04,52.08572587219995
2025-10-16 10:55:00.948757,90.7,86.56,205.65,49.14,52.16947979196968
2025-10-16 10:55:01.948756,70.54,22.46,112.44,130.24,52.581224196583406
2025-10-16 10:55:02.948756,53.63,67.71,268.99,109.63,52.35450044559413
2025-10-16 10:55:03.948755,33.08,81.6,84.99,138.08,52.77274158538394
2025-10-16 10:55:04.948755,37.72,57.45,84.83,142.98,52.75087158420429
2025-10-16 10:55:05.948754,72.23,42.81,76.97,149.49,52.76598055591981
2025-10-16 10:55:06.948754,67.18,72.94,295.21,50.47,52.02952696118652
2025-10-16 10:55:07.948753,90.12,67.78,112.12,13.51,52.077904906978546
2025-10-16 10:55:08.948753,85.53,49.79,212.13,88.19,52.28731133697865
2025-10-16 10:55:09.948752,33.99,79.61,60.27,17.03,52.188344810366324
2025-10-16 10:55:10.948752,82.47,55.58,195.58,24.19,51.99630418751574
2025-10-16 10:55:11.948752,87.71,63.28,296.04,67.91,52.098061356385756
2025-10-16 10:55:12.948751,71.84,73.09,123.1,90.5,52.4638170683981
2025-10-16 10:55:13.948751,67.31,65.18,124.36,56.08,52.272248078111204
2025-10-16 10:55:14.948750,76.03,62.18,207.44,56.58,52.15742271020328
2025-10-16 10:55:15.948750,31.7,37.0,198.95,80.16,52.23944019474469
2025-10-16 10:55:16.948749,51.13,79.5,261.67,20.85,51.93712855465476
2025-10-16 10:55:17.948749,23.29,54.48,127.31,146.18,52.70429684146609
2025-10-16 10:55:18.948748,41.74,55.22,92.11,103.95,52.53888583516278
2025-10-16 10:55:19.948748,28.52,97.69,89.02,20.27,52.2013083635152
2025-10-16 10:55:20.948747,41.61,61.3,238.61,106.16,52.36523575111303
2025-10-16 10:55:21.948747,65.72,57.55,55.24,51.94,52.32922242148459
2025-10-16 10:55:22.948747,79.84,22.68,123.63,31.41,52.065568288665574
2025-10-16 10:55:23.948746,84.95,35.57,178.42,16.8,51.94299109818966
2025-10-16 10:55:24.948746,12.52,54.7,162.86,83.37,52.338557774886546
2025-10-16 10:55:25.948745,78.02,66.21,184.7,84.0,52.33479854162765
2025-10-16 10:55:26.948745,46.27,36.32,179.51,47.66,52.0994433017234
2025-10-16 10:55:27.948744,58.6,90.72,197.06,53.66,52.21201111001902
2025-10-16 10:55:28.948744,30.23,26.89,208.87,51.76,52.06249160327555
2025-10-16 10:55:29.948743,94.57,85.81,167.63,79.25,52.37171805920685
2025-10-16 10:55:30.948743,42.67,83.85,181.19,14.86,52.02325289738636
2025-10-16 10:55:31.948742,22.04,85.16,256.56,61.77,52.16244841581914
2025-10-16 10:55:32.948742,63.76,60.58,135.87,120.68,52.57537550779778
2025-10-16 10:55:33.948741,92.59,32.06,114.34,29.42,52.08617739209086
2025-10-16 10:55:34.948741,23.62,82.57,227.62,13.19,51.94996885479216
2025-10-16 10:55:35.948741,46.07,98.06,69.94,137.1,52.81996145393236
2025-10-16 10:55:36.948740,74.1,78.89,262.37,22.59,51.94382518924271
2025-10-16 10:55:37.948740,35.44,87.9,296.08,142.05,52.52173316285661
2025-10-16 10:55:38.948739,39.18,28.65,194.68,21.01,51.929060548187614
2025-10-16 10:55:39.948739,12.53,20.86,70.17,90.52,52.433482840121165
2025-10-16 10:55:40.948738,67.38,22.44,204.39,131.17,52.462461993159074
2025-10-16 10:55:41.948738,53.86,71.1,193.87,35.73,52.0872647308666
2025-10-16 10:55:42.948737,83.42,70.49,236.75,70.07,52.202616561194496
2025-10-16 10:55:43.948737,66.5,67.58,167.7,69.06,52.28453756380534
2025-10-16 10:55:44.948736,68.35,75.0,193.39,121.46,52.53013272298276
2025-10-16 10:55:45.948736,62.77,64.5,163.91,133.15,52.60857244210558
2025-10-16 10:55:46.948735,90.94,94.12,175.16,48.53,52.22200880221632
2025-10-16 10:55:47.948735,27.63,76.5,279.23,129.84,52.46029750124615
2025-10-16 10:55:48.948734,48.57,35.21,188.09,92.88,52.31503048094671
2025-10-16 10:55:49.948734,30.37,85.64,193.08,121.18,52.54980458859815
2025-10-16 10:55:50.948734,88.75,96.19,172.82,94.19,52.46066558533231
2025-10-16 10:55:51.948733,66.07,65.16,119.73,119.58,52.6003654435568
2025-10-16 10:55:52.948733,65.91,69.13,294.53,47.5,52.00797866732586
2025-10-16 10:55:53.948732,53.87,24.68,159.8,18.86,51.95727051892503
2025-10-16 10:55:54.948732,20.12,94.85,281.52,80.99,52.24521420835719
2025-10-16 10:55:55.948731,16.32,24.17,80.72,23.69,52.08692830710331
2025-10-16 10:55:56.948731,40.78,73.38,84.91,68.51,52.404160989231016
2025-10-16 10:55:57.948730,41.55,31.37,108.66,80.89,52.35341112828858
2025-10-16 10:55:58.948730,60.44,98.61,174.89,33.54,52.15509779928567
2025-10-16 10:55:59.948729,54.03,93.75,161.05,32.46,52.158758008722096
2025-10-16 10:56:00.948729,68.79,20.71,126.07,121.35,52.51445435254018
2025-10-16 10:56:01.948729,44.77,53.29,93.14,103.05,52.52918986130523
2025-10-16 10:56:02.948728,79.45,58.62,242.79,36.27,52.00007907502317
2025-10-16 10:56:03.948728,67.73,55.49,129.12,20.82,52.0682629306236
2025-10-16 10:56:04.948727,43.72,70.23,149.19,81.5,52.37760567706533
2025-10-16 10:56:05.948727,13.96,83.91,238.75,85.92,52.30636736914221
2025-10-16 10:56:06.948726,14.56,27.59,272.68,105.82,52.252270538513486
2025-10-16 10:56:07.948726,67.44,63.27,287.56,47.82,52.00757097655571
2025-10-16 10:56:08.948725,41.45,67.93,117.59,10.51,52.05564337855798
2025-10-16 10:56:09.948725,92.24,70.15,199.78,17.94,51.98729074744395
2025-10-16 10:56:10.948724,52.23,73.79,259.97,126.52,52.464054954918865
2025-10-16 10:56:11.948724,15.58,47.0,124.68,39.36,52.15172247246039
2025-10-16 10:56:12.948723,41.76,30.43,194.62,80.14,52.23238500835883
2025-10-16 10:56:13.948723,59.14,75.84,126.48,74.83,52.38517745636217
2025-10-16 10:56:14.948722,38.32,92.53,166.99,68.23,52.32976465339071
2025-10-16 10:56:15.948722,49.77,59.68,290.3,116.07,52.34293955162397
2025-10-16 10:56:16.948722,32.01,48.95,193.09,87.15,52.30596661681799
2025-10-16 10:56:17.948721,37.76,60.81,168.45,47.67,52.1619296464661
2025-10-16 10:56:18.948721,63.64,93.26,270.66,68.3,52.19236615634294
2025-10-16 10:56:19.948720,50.6,61.89,77.15,124.8,52.67763790248389
2025-10-16 10:56:20.948720,10.32,20.2,216.56,145.71,52.5154884824501
2025-10-16 10:56:21.948719,81.99,73.59,198.43,12.63,51.96886620882688
2025-10-16 10:56:22.948719,26.61,43.47,73.75,29.03,52.16086173256133
2025-10-16 10:56:23.948718,51.77,28.41,62.78,100.8,52.51019335793368
2025-10-16 10:56:24.948718,23.49,48.66,85.86,23.39,52.12609526543285
2025-10-16 10:56:25.948717,91.25,65.36,50.44,111.94,52.655038231852174
2025-10-16 10:56:26.948717,82.16,24.17,52.63,42.89,52.22198045182554
2025-10-16 10:56:27.948716,53.22,85.14,167.51,81.47,52.381832481064784
2025-10-16 10:56:28.948716,21.41,82.61,208.84,127.62,52.55541012835552
2025-10-16 10:56:29.948716,34.98,56.57,194.9,114.8,52.458527324679814
2025-10-16 10:56:30.948715,57.15,68.84,278.14,96.43,52.277489693802046
2025-10-16 10:56:31.948715,28.45,35.17,183.76,37.32,52.03908014708125
2025-10-16 10:56:32.948714,19.11,89.27,110.7,41.01,52.26099295509643
2025-10-16 10:56:33.948714,22.52,47.17,172.47,147.35,52.63539902728702
2025-10-16 10:56:34.948713,30.97,69.44,142.98,38.62,52.16700851410963
2025-10-16 10:56:35.948713,91.4,20.89,151.42,63.4,52.1869704297255
2025-10-16 10:56:36.948712,47.92,76.84,225.31,10.97,51.93068032636303
2025-10-16 10:56:37.948712,59.29,95.54,140.56,74.67,52.40374492714771
2025-10-16 10:56:38.948711,52.59,63.17,253.45,137.22,52.506419584658396
2025-10-16 10:56:39.948711,64.77,49.95,100.05,85.14,52.422620868114805
2025-10-16 10:56:40.948711,60.35,35.92,71.32,134.7,52.68519269658886
2025-10-16 10:56:41.948710,11.73,25.7,289.94,104.02,52.216301371488335
2025-10-16 10:56:42.948710,76.19,40.96,194.28,132.12,52.51683804413324
2025-10-16 10:56:43.948709,86.65,64.73,114.07,86.5,52.43941480561575
2025-10-16 10:56:44.948709,20.26,55.99,203.61,125.89,52.50193308504002
2025-10-16 10:56:45.948708,83.87,66.13,122.12,89.57,52.44689319803989
2025-10-16 10:56:46.948708,89.47,43.33,174.72,111.13,52.441283818688284
2025-10-16 10:56:47.948707,56.66,93.44,125.96,142.22,52.76173796897735
2025-10-16 10:56:48.948707,68.2,87.05,221.66,131.79,52.56796917907714
2025-10-16 10:56:49.948706,32.48,51.81,219.86,64.64,52.16146248758476
2025-10-16 10:56:50.948706,83.27,48.81,94.47,26.0,52.12806075898667
2025-10-16 10:56:51.948705,24.32,87.44,192.86,104.83,52.47070423896605
2025-10-16 10:56:52.948705,86.78,26.68,252.4,96.61,52.2310330918525
2025-10-16 10:56:53.948704,53.16,86.56,112.4,89.67,52.50014769806442
2025-10-16 10:56:54.948704,26.94,59.51,299.71,100.17,52.24936483036458
2025-10-16 10:56:55.948704,13.98,43.68,110.3,85.49,52.39845156962126
2025-10-16 10:56:56.948703,34.29,46.99,273.09,128.95,52.40668508139696
2025-10-16 10:56:57.948703,89.68,23.56,159.93,55.43,52.140327066553226
2025-10-16 10:56:58.948702,43.67,96.79,279.17,47.22,52.08092710780881
2025-10-16 10:56:59.948702,68.1,94.27,80.82,23.05,52.21976524537967
2025-10-16 10:57:00.948701,27.68,35.8,226.71,135.02,52.477978421519296
2025-10-16 10:57:01.948701,84.56,77.5,103.64,63.62,52.362230757260576
2025-10-16 10:57:02.948700,33.19,66.02,89.31,144.09,52.76713796087095
2025-10-16 10:57:03.948700,70.19,70.67,80.52,116.04,52.6457622361492
2025-10-16 10:57:04.948699,75.28,98.8,147.49,54.98,52.300949501930035
2025-10-16 10:57:05.948699,91.11,64.26,102.86,31.34,52.173892946572224
2025-10-16 10:57:06.948698,38.21,73.46,80.01,46.58,52.299710844647784
2025-10-16 10:57:07.948698,83.81,85.01,265.1,108.79,52.38908061004094
2025-10-16 10:57:08.948698,55.63,85.73,66.2,50.4,52.36145988159131
2025-10-16 10:57:09.948697,89.42,48.35,79.62,137.26,52.71118293242774
2025-10-16 10:57:10.948697,33.91,64.32,126.08,77.51,52.376916581627476
2025-10-16 10:57:11.948696,30.14,57.04,171.91,125.85,52.54632631135678
2025-10-16 10:57:12.948696,52.79,50.36,129.18,25.17,52.080268145822274
2025-10-16 10:57:13.948695,83.55,20.95,173.43,90.15,52.29316035167873
2025-10-16 10:57:14.948695,87.63,33.71,232.41,74.63,52.160092041495
2025-10-16 10:57:15.948694,68.22,73.76,119.83,90.64,52.470218595158045
2025-10-16 10:57:16.948694,67.43,53.93,282.6,149.04,52.50925887731523
2025-10-16 10:57:17.948693,46.55,50.17,68.4,28.75,52.179643477399175
2025-10-16 10:57:18.948693,42.37,47.64,64.8,53.23,52.30367202588219
2025-10-16 10:57:19.948692,24.34,40.28,215.4,67.68,52.16045770808597
2025-10-16 10:57:20.948692,30.92,26.36,153.13,15.86,51.954279390670756
2025-10-16 10:57:21.948692,22.69,88.18,260.18,83.32,52.272714138379186
2025-10-16 10:57:22.948691,67.84,20.15,103.47,117.05,52.52190486648762
2025-10-16 10:57:23.948691,74.82,76.65,180.38,52.82,52.20280410491048
2025-10-16 10:57:24.948690,38.78,44.71,196.2,15.67,51.9311538325153
2025-10-16 10:57:25.948690,54.37,52.18,298.11,13.07,51.795678270154106
2025-10-16 10:57:26.948689,15.68,49.44,246.87,126.33,52.433361683768766
2025-10-16 10:57:27.948689,42.52,38.72,238.58,117.06,52.37666159382167
2025-10-16 10:57:28.948688,73.66,97.71,55.11,108.23,52.692820959286735
2025-10-16 10:57:29.948688,31.06,29.11,100.3,65.17,52.28054313344524
2025-10-16 10:57:30.948687,61.65,44.99,199.14,70.89,52.20771275636286
2025-10-16 10:57:31.948687,61.1,96.26,128.79,85.26,52.47463523550733
2025-10-16 10:57:32.948686,83.85,20.1,238.39,131.93,52.41612479617809
2025-10-16 10:57:33.948686,34.31,64.55,118.44,119.38,52.59989788776766
2025-10-16 10:57:34.948685,37.7,77.7,297.06,149.92,52.540497631750334
2025-10-16 10:57:35.948685,39.39,94.62,169.21,66.4,52.32156765351915
2025-10-16 10:57:36.948684,48.91,61.88,241.36,129.49,52.48095255987132
2025-10-16 10:57:37.948684,83.75,28.67,103.07,131.94,52.614488908707436
2025-10-16 10:57:38.948684,33.87,60.41,222.25,63.06,52.16695476498424
2025-10-16 10:57:39.948683,73.85,90.44,78.41,41.05,52.30681700203396
2025-10-16 10:57:40.948683,30.46,50.36,279.97,97.63,52.24520721815625
2025-10-16 10:57:41.948682,88.98,24.84,88.54,75.14,52.33858026089987
2025-10-16 10:57:42.948682,71.44,45.97,151.07,82.55,52.3332640893219
2025-10-16 10:57:43.948681,73.37,45.01,177.23,92.71,52.347790638497855
2025-10-16 10:57:44.948681,72.96,49.15,123.28,43.86,52.18059440484947
2025-10-16 10:57:45.948680,36.78,60.89,143.86,114.83,52.53559260310005
2025-10-16 10:57:46.948680,13.26,54.54,222.93,110.15,52.39337861015073
2025-10-16 10:57:47.948679,56.78,45.39,208.97,58.66,52.13328846063582
2025-10-16 10:57:48.948679,55.3,31.77,285.27,45.19,51.93610153798256
2025-10-16 10:57:49.948678,37.75,79.54,264.08,52.58,52.09483991568578
2025-10-16 10:57:50.948678,14.07,71.83,133.85,35.48,52.16798967292972
2025-10-16 10:57:51.948677,50.7,61.84,120.54,54.6,52.26338256732387
2025-10-16 10:57:52.948677,38.06,47.91,244.86,129.3,52.44814466434823
2025-10-16 10:57:53.948676,48.94,71.16,291.75,75.1,52.15558543084893
2025-10-16 10:57:54.948676,39.2,20.82,290.16,74.07,52.05467891936317
2025-10-16 10:57:55.948676,38.41,28.77,90.14,42.49,52.178535702825684
2025-10-16 10:57:56.948675,21.25,92.11,179.94,20.57,52.069930824343324
2025-10-16 10:57:57.948675,71.52,84.73,207.91,102.64,52.43413121920115
2025-10-16 10:57:58.948674,24.63,91.53,98.67,102.87,52.59516018868703
2025-10-16 10:57:59.948674,23.49,72.41,108.96,121.3,52.63763187852094
2025-10-16 10:58:00.948673,85.18,61.83,65.97,57.48,52.35122209519928
2025-10-16 10:58:01.948673,23.67,33.94,245.0,147.31,52.51212016635769
2025-10-16 10:58:02.948672,11.8,50.13,186.63,111.86,52.44220980577636
2025-10-16 10:58:03.948672,64.06,90.56,191.16,128.21,52.59758409338817
2025-10-16 10:58:04.948671,68.98,58.11,107.56,57.73,52.28942846006848
2025-10-16 10:58:05.948671,84.97,62.53,72.32,11.58,52.11134786952597
2025-10-16 10:58:06.948670,71.84,95.78,113.5,43.34,52.28169704452931
2025-10-16 10:58:07.948670,37.34,23.17,240.24,72.16,52.116576947435185
2025-10-16 10:58:08.948670,52.5,51.33,136.81,36.95,52.131633913782196
2025-10-16 10:58:09.948669,13.45,72.78,107.83,112.12,52.59332584416977
2025-10-16 10:58:10.948669,74.43,79.77,187.94,108.92,52.48314103647432
2025-10-16 10:58:11.948668,64.18,20.81,253.78,27.12,51.865464551888934
2025-10-16 10:58:12.948668,71.34,46.79,262.07,27.53,51.90689775842499
2025-10-16 10:58:13.948667,15.69,24.36,292.37,120.05,52.29170638238291
2025-10-16 10:58:14.948667,25.58,39.39,126.35,12.01,51.99603044609122
2025-10-16 10:58:15.948666,89.12,26.61,269.77,93.58,52.19221680108643
2025-10-16 10:58:16.948666,31.37,32.84,238.04,132.94,52.446471220778704
2025-10-16 10:58:17.948665,49.55,20.79,81.67,71.33,52.320616636518395
2025-10-16 10:58:18.948665,46.43,24.51,239.52,131.35,52.42023662817741
2025-10-16 10:58:19.948664,68.12,48.08,162.96,140.51,52.61525568347022
2025-10-16 10:58:20.948664,39.53,98.88,92.04,77.29,52.48865404992929
2025-10-16 10:58:21.948664,32.52,96.3,181.94,101.27,52.48453129811113
2025-10-16 10:58:22.948663,48.79,48.78,137.61,80.5,52.34640041690956
2025-10-16 10:58:23.948663,80.68,56.95,55.06,32.82,52.231361063733814
2025-10-16 10:58:24.948662,88.64,85.59,68.42,95.06,52.584630758845876
2025-10-16 10:58:25.948662,67.4,63.1,185.76,88.57,52.350501886193534
2025-10-16 10:58:26.948661,74.25,62.47,270.29,66.57,52.12426179836382
2025-10-16 10:58:27.948661,47.79,25.49,187.05,91.1,52.28851457718871
2025-10-16 10:58:28.948660,89.74,61.81,229.95,11.02,51.89549906427269
2025-10-16 10:58:29.948660,51.14,38.06,79.92,146.95,52.73991265930219
2025-10-16 10:58:30.948659,21.53,63.53,231.72,49.66,52.09236734288409
2025-10-16 10:58:31.948659,43.09,81.18,116.9,118.33,52.62895668521036
2025-10-16 10:58:32.948658,57.19,58.18,52.26,89.33,52.52401187677132
2025-10-16 10:58:33.948658,20.92,72.4,70.06,91.1,52.536721848311394
2025-10-16 10:58:34.948657,56.45,25.58,115.97,119.23,52.5267280713152
2025-10-16 10:58:35.948657,34.75,76.61,295.28,128.08,52.43004182939976
2025-10-16 10:58:36.948657,44.74,27.67,119.12,69.87,52.27630872527794
2025-10-16 10:58:37.948656,48.88,50.72,214.96,140.35,52.54976699653878
2025-10-16 10:58:38.948656,86.36,30.61,203.32,15.85,51.89510952732522
2025-10-16 10:58:39.948655,73.27,92.97,178.05,24.33,52.09320212390225
2025-10-16 10:58:40.948655,66.68,87.94,197.3,96.2,52.42196182626833
2025-10-16 10:58:41.948654,52.98,52.86,74.09,12.89,52.096822926330056
2025-10-16 10:58:42.948654,38.85,40.7,110.1,74.65,52.33797136243557
2025-10-16 10:58:43.948653,34.75,57.44,215.37,50.48,52.106639881043286
2025-10-16 10:58:44.948653,41.49,32.51,148.61,30.13,52.044645669988775
2025-10-16 10:58:45.948652,62.37,61.32,106.44,65.5,52.336562939714796
2025-10-16 10:58:46.948652,72.61,45.17,216.24,92.12,52.29274126855702
2025-10-16 10:58:47.948651,43.33,78.23,188.08,22.51,52.04186779585337
2025-10-16 10:58:48.948651,27.96,98.51,207.54,140.22,52.65193279775206
2025-10-16 10:58:49.948650,30.33,88.43,109.24,136.1,52.743420505475974
2025-10-16 10:58:50.948650,32.58,97.62,105.47,88.58,52.525416074673295
2025-10-16 10:58:51.948650,54.16,50.42,75.65,96.5,52.51388438972659
2025-10-16 10:58:52.948649,76.04,34.53,242.58,89.02,52.22098903125256
2025-10-16 10:58:53.948649,23.59,68.37,130.18,74.01,52.361537592781296
2025-10-16 10:58:54.948648,43.92,90.01,227.32,61.74,52.210973942773975
2025-10-16 10:58:55.948648,77.7,35.42,211.69,127.14,52.45745256970389
2025-10-16 10:58:56.948647,33.06,32.95,107.62,26.87,52.08399975460171
2025-10-16 10:58:57.948647,78.82,91.0,94.36,34.29,52.25222034015311
2025-10-16 10:58:58.948646,43.39,44.49,163.31,17.33,51.98329563909238
2025-10-16 10:58:59.948646,68.6,97.1,157.83,21.88,52.11595042718514
2025-10-16 10:59:00.948645,50.31,26.51,191.86,69.85,52.17630336244025
2025-10-16 10:59:01.948645,14.91,67.92,264.19,34.6,51.98095527974013
2025-10-16 10:59:02.948643,15.29,57.05,86.91,88.1,52.46906415287854
2025-10-16 10:59:03.948643,42.6,56.29,72.41,139.93,52.74982746149184
2025-10-16 10:59:04.948642,81.52,92.15,293.84,42.85,52.030061457284624
2025-10-16 10:59:05.948642,26.84,28.67,184.32,72.81,52.205629680885224
2025-10-16 10:59:06.948642,27.97,42.76,234.5,23.55,51.91589984629229
2025-10-16 10:59:07.948641,86.63,28.82,112.35,17.4,52.021612429439195
2025-10-16 10:59:08.948641,53.1,71.63,112.57,34.77,52.192568747009666
2025-10-16 10:59:09.948640,94.42,45.64,157.87,128.62,52.557065943161135
2025-10-16 10:59:10.948640,46.85,24.18,183.16,108.53,52.379560078654215
2025-10-16 10:59:11.948639,52.87,44.26,102.75,74.12,52.3520689850555
2025-10-16 10:59:12.948639,55.0,53.96,200.07,111.11,52.42780714023438
2025-10-16 10:59:13.948638,33.05,22.59,279.49,143.27,52.423281568801194
2025-10-16 10:59:14.948638,19.91,38.79,147.27,15.05,51.98219306305946
2025-10-16 10:59:15.948637,80.84,98.26,162.88,138.43,52.70232569325774
2025-10-16 10:59:16.948637,74.9,22.96,101.59,18.87,52.03212305003213
2025-10-16 10:59:17.948637,33.67,86.54,261.03,130.29,52.506520967401215
2025-10-16 10:59:18.948636,34.09,65.73,219.4,82.7,52.280691857872874
2025-10-16 10:59:19.948636,91.5,57.0,286.85,92.65,52.223625516047115
2025-10-16 10:59:20.948635,53.27,94.57,112.64,20.99,52.167187341953195
2025-10-16 10:59:21.948635,63.0,26.68,156.78,132.33,52.54049623421912
2025-10-16 10:59:22.948634,40.38,33.26,210.77,51.84,52.072724508495746
2025-10-16 10:59:23.948634,31.54,60.28,121.87,134.45,52.66339983637242
2025-10-16 10:59:24.948633,24.43,52.77,218.97,145.86,52.576302583270945
2025-10-16 10:59:25.948633,21.61,20.82,241.27,18.64,51.83928502343631
2025-10-16 10:59:26.948632,34.76,88.19,222.23,65.48,52.23323200214643
2025-10-16 10:59:27.948632,61.31,68.81,69.33,13.63,52.13795824157106
2025-10-16 10:59:28.948632,81.51,32.67,214.45,114.54,52.384522555239116
2025-10-16 10:59:29.948631,85.19,47.41,200.43,108.44,52.40105940187504
2025-10-16 10:59:30.948631,15.34,57.99,233.4,46.55,52.0635793967375
2025-10-16 10:59:31.948630,89.46,80.1,214.6,146.63,52.6391796701569
2025-10-16 10:59:32.948630,27.94,98.65,286.25,130.78,52.49868035864237
2025-10-16 10:59:33.948629,53.01,87.59,267.09,146.45,52.58235613888128
2025-10-16 10:59:34.948629,89.83,59.09,215.54,127.48,52.50000265023161
2025-10-16 10:59:35.948628,50.62,88.76,112.11,132.82,52.7235795388003
2025-10-16 10:59:36.948628,39.94,58.74,148.89,92.62,52.412059078053325
2025-10-16 10:59:37.948627,74.54,86.51,263.12,87.0,52.28417959456504
2025-10-16 10:59:38.948627,16.28,79.13,164.87,32.97,52.12780642330406
2025-10-16 10:59:39.948626,66.62,31.42,229.67,110.86,52.3430041425789
2025-10-16 10:59:40.948626,88.64,56.19,133.9,143.36,52.684475694622876
2025-10-16 10:59:41.948626,72.57,22.25,211.38,85.62,52.22177365720354
2025-10-16 10:59:42.948625,34.9,28.77,109.36,17.95,52.02831766245208
2025-10-16 10:59:43.948625,35.25,88.62,103.37,78.07,52.457461742492406
2025-10-16 10:59:44.948624,73.72,85.46,113.58,147.36,52.788910498641954
2025-10-16 10:59:45.948624,39.16,71.56,223.75,118.24,52.46636623603207
2025-10-16 10:59:46.948623,87.63,58.6,68.93,110.64,52.61048959733896
2025-10-16 10:59:47.948623,62.28,38.84,103.21,102.18,52.4831817887406
2025-10-16 10:59:48.948622,19.41,85.38,50.65,130.53,52.78790853674452
2025-10-16 10:59:49.948622,82.11,98.55,51.24,86.02,52.587045315333604
2025-10-16 10:59:50.948621,85.1,46.32,156.34,91.37,52.37158628024362
2025-10-16 10:59:51.948621,47.58,28.97,219.97,14.33,51.861864627923005
2025-10-16 10:59:52.948620,94.74,73.79,135.72,148.59,52.742747900288904
2025-10-16 10:59:53.948620,65.84,92.67,58.08,14.5,52.20383559890635
2025-10-16 10:59:54.948620,64.8,88.42,160.03,90.03,52.441646217463756
2025-10-16 10:59:55.948619,79.36,66.13,191.28,115.18,52.48389023914309
2025-10-16 10:59:56.948619,47.2,26.26,133.15,114.88,52.48293191058521
2025-10-16 10:59:57.948618,76.48,52.91,185.12,68.12,52.22788008403188
2025-10-16 10:59:58.948618,83.32,53.37,194.44,96.82,52.361769343959956
2025-10-16 10:59:59.948617,35.89,57.55,197.58,29.65,52.02512915103706
2025-10-16 11:00:00.948617,43.0,23.48,116.66,74.73,52.2961091585887
2025-10-16 11:00:01.948616,71.05,21.59,135.69,49.42,52.13856975247387
2025-10-16 11:00:02.948616,84.61,31.26,280.33,10.65,51.766626781299856
2025-10-16 11:00:03.948615,12.9,96.15,267.26,28.6,52.00126994057501
2025-10-16 11:00:04.948615,42.99,49.19,292.86,132.61,52.40297573986035
2025-10-16 11:00:05.948615,12.06,22.67,131.32,93.25,52.36875000138712
2025-10-16 11:00:06.948614,36.34,67.1,104.65,66.42,52.35486176431119
2025-10-16 11:00:07.948614,80.19,52.66,219.91,27.25,51.973482299711996
2025-10-16 11:00:08.948613,20.3,80.6,193.63,12.93,51.990452547589044
2025-10-16 11:00:09.948613,22.57,47.82,65.06,107.55,52.57907146324504
2025-10-16 11:00:10.948612,15.21,20.81,70.42,141.86,52.69334037652562
2025-10-16 11:00:11.948612,39.22,95.05,291.04,75.1,52.20296080796252
2025-10-16 11:00:12.948611,56.35,78.33,62.78,102.95,52.61809656070713
2025-10-16 11:00:13.948611,76.81,74.19,283.57,15.15,51.86851205204498
2025-10-16 11:00:14.948610,14.48,53.84,266.09,133.9,52.45448908964139
2025-10-16 11:00:15.948610,44.08,46.25,122.67,125.63,52.59034645587935
2025-10-16 11:00:16.948610,20.77,76.35,265.99,89.46,52.273056225586615
2025-10-16 11:00:17.948609,39.87,89.61,252.19,109.93,52.42112993975014
2025-10-16 11:00:18.948609,78.21,44.0,243.74,22.46,51.900378898357104
2025-10-16 11:00:19.948608,78.34,50.16,73.64,125.97,52.665488388460616
2025-10-16 11:00:20.948608,41.49,65.95,290.53,75.97,52.151510166881856
2025-10-16 11:00:21.948607,56.19,57.43,290.59,61.33,52.06065004102252
2025-10-16 11:00:22.948607,87.13,88.56,246.85,97.15,52.36146457355984
2025-10-16 11:00:23.948606,78.04,97.96,240.59,27.88,52.0369398904114
2025-10-16 11:00:24.948606,40.37,26.57,193.86,40.99,52.027416813511095
2025-10-16 11:00:25.948605,88.28,57.54,298.88,41.3,51.948184132418966
2025-10-16 11:00:26.948605,45.54,89.06,154.9,33.6,52.16368035655785
2025-10-16 11:00:27.948605,42.82,83.29,236.6,12.75,51.93708195357601
2025-10-16 11:00:28.948604,57.52,52.0,216.57,102.54,52.35839877495207
2025-10-16 11:00:29.948604,78.96,70.25,55.11,19.58,52.19001215027769
2025-10-16 11:00:30.948603,55.94,38.05,207.29,47.07,52.06252042810759
2025-10-16 11:00:31.948603,75.6,85.8,107.44,120.52,52.66173685058459
2025-10-16 11:00:32.948602,94.73,55.44,94.12,143.36,52.73642102406438
2025-10-16 11:00:33.948602,12.22,44.6,155.66,27.32,52.04442775852911
2025-10-16 11:00:34.948601,68.08,86.11,65.86,41.33,52.31667043506412
2025-10-16 11:00:35.948601,53.58,50.65,92.3,22.12,52.11487796730229
2025-10-16 11:00:36.948600,12.48,54.21,194.9,60.93,52.1808242174428
2025-10-16 11:00:37.948600,54.85,60.77,252.02,67.95,52.152481503445316
2025-10-16 11:00:38.948600,76.59,88.07,173.97,127.38,52.611614300466705
2025-10-16 11:00:39.948599,94.5,87.07,144.07,36.73,52.19022108840029
2025-10-16 11:00:40.948599,78.07,63.99,94.41,56.34,52.3114603026854
2025-10-16 11:00:41.948598,20.6,39.88,208.04,94.99,52.30802072379241
2025-10-16 11:00:42.948598,32.79,58.48,54.4,108.27,52.61774649283563
2025-10-16 11:00:43.948597,71.81,71.06,159.64,132.5,52.623756421700286
2025-10-16 11:00:44.948597,40.97,44.07,228.51,47.08,52.045782175101166
2025-10-16 11:00:45.948596,46.87,98.23,76.25,50.41,52.37230852313252
2025-10-16 11:00:46.948596,62.65,38.27,127.72,106.77,52.47244169586943
2025-10-16 11:00:47.948595,26.06,74.5,204.21,92.27,52.36664450498802
2025-10-16 11:00:48.948595,44.71,90.74,135.15,57.53,52.314781756458515
2025-10-16 11:00:49.948594,61.6,56.68,230.98,79.07,52.22915676858248
2025-10-16 11:00:50.948594,68.18,79.08,236.1,64.95,52.19422289903453
2025-10-16 11:00:51.948594,10.43,89.9,142.34,48.34,52.25690459888307
2025-10-16 11:00:52.948593,43.32,95.87,156.18,73.69,52.378448552734746
2025-10-16 11:00:53.948593,46.93,68.91,146.74,120.88,52.577983624114765
2025-10-16 11:00:54.948592,50.26,84.63,199.07,94.35,52.403774434093364
2025-10-16 11:00:55.948592,74.99,85.99,259.82,78.3,52.24349082862388
2025-10-16 11:00:56.948591,24.02,58.95,192.66,114.24,52.46331998838534
2025-10-16 11:00:57.948591,52.05,69.68,84.57,30.58,52.2051251885036
2025-10-16 11:00:58.948590,41.07,72.28,259.37,114.53,52.40113776048483
2025-10-16 11:00:59.948590,91.5,50.31,137.38,144.97,52.676540738986915
2025-10-16 11:01:00.948589,28.0,93.97,288.63,110.4,52.383066094371365
2025-10-16 11:01:01.948589,47.99,38.88,132.2,50.12,52.180401200065994
2025-10-16 11:01:02.948589,52.35,75.78,58.95,141.9,52.81575692526223
2025-10-16 11:01:03.948588,52.12,63.11,202.24,76.24,52.265885462826844
2025-10-16 11:01:04.948588,14.47,45.42,137.68,33.83,52.10316368225382
2025-10-16 11:01:05.948587,82.32,66.85,153.17,91.75,52.417661623248854
2025-10-16 11:01:06.948587,75.55,61.31,180.05,73.55,52.27853863640991
2025-10-16 11:01:07.948586,91.74,76.88,238.04,52.49,52.12417222625729
2025-10-16 11:01:08.948586,25.01,67.52,291.04,141.91,52.48818760180143
2025-10-16 11:01:09.948585,89.0,57.88,252.14,10.2,51.85391608802015
2025-10-16 11:01:10.948585,11.59,96.61,153.59,12.44,52.072830110581116
2025-10-16 11:01:11.948584,28.07,20.48,165.88,54.44,52.12133529854955
2025-10-16 11:01:12.948584,67.89,23.26,261.95,128.79,52.37471746703728
2025-10-16 11:01:13.948584,68.63,74.98,140.93,24.19,52.107366560355324
2025-10-16 11:01:14.948583,66.21,34.79,264.33,21.49,51.84992343731266
2025-10-16 11:01:15.948583,77.78,70.74,219.09,47.69,52.11334496123668
2025-10-16 11:01:16.948582,32.54,91.38,290.02,60.67,52.12403957030886
2025-10-16 11:01:17.948582,25.49,88.29,106.57,22.54,52.170991331797666
2025-10-16 11:01:18.948581,69.56,60.21,175.7,144.36,52.6412426989432
2025-10-16 11:01:19.948581,37.03,27.18,104.19,92.63,52.4107910202428
2025-10-16 11:01:20.948580,16.87,73.61,266.65,13.7,51.88274788665723
2025-10-16 11:01:21.948580,64.45,26.96,125.61,114.61,52.49304532633083
2025-10-16 11:01:22.948579,85.99,94.94,152.24,133.88,52.68708987100322
2025-10-16 11:01:23.948579,88.84,23.62,139.4,112.96,52.459677363583225
2025-10-16 11:01:24.948579,19.46,28.78,260.7,148.76,52.4883683489576
2025-10-16 11:01:25.948578,13.23,51.43,173.04,99.18,52.39869309440505
2025-10-16 11:01:26.948578,41.1,62.55,59.54,40.75,52.27643317329651
2025-10-16 11:01:27.948577,27.48,63.96,171.41,56.64,52.20955425410902
2025-10-16 11:01:28.948577,65.5,87.8,96.72,138.03,52.7687887671
2025-10-16 11:01:29.948576,73.71,97.82,192.79,101.0,52.471550434647135
2025-10-16 11:01:30.948576,51.68,96.4,264.83,47.54,52.101042399774194
2025-10-16 11:01:31.948575,83.59,26.5,238.69,59.63,52.061602241926416
2025-10-16 11:01:32.948575,46.61,27.93,185.79,139.08,52.53820272675165
2025-10-16 11:01:33.948574,30.86,56.93,291.13,101.4,52.262105708560846
2025-10-16 11:01:34.948574,20.24,62.07,143.86,39.01,52.1534832968669
2025-10-16 11:01:35.948574,74.34,76.23,205.17,56.93,52.18954603329688
2025-10-16 11:01:36.948573,92.77,45.71,234.39,130.22,52.462589499272426
2025-10-16 11:01:37.948573,18.12,60.37,168.52,58.89,52.21786531856345
2025-10-16 11:01:38.948572,64.7,23.32,205.55,132.36,52.468647955074104
2025-10-16 11:01:39.948572,48.58,38.74,263.02,97.01,52.24223881668687
2025-10-16 11:01:40.948571,22.4,68.79,103.02,30.41,52.17776565985461
2025-10-16 11:01:41.948571,78.84,42.45,75.43,47.28,52.24915064388032
2025-10-16 11:01:42.948570,92.38,38.91,243.64,40.73,51.98325008543005
2025-10-16 11:01:43.948570,41.83,66.32,218.32,109.25,52.417894866881355
2025-10-16 11:01:44.948569,37.84,79.56,296.67,17.35,51.87251459490103
2025-10-16 11:01:45.948569,20.71,78.16,61.81,15.87,52.177578723847134
2025-10-16 11:01:46.948569,94.02,66.53,93.76,33.68,52.20238387914458
2025-10-16 11:01:47.948568,34.35,61.25,270.33,92.95,52.25558224318311
2025-10-16 11:01:48.948568,78.47,54.18,150.09,84.56,52.360723647885976
2025-10-16 11:01:49.948567,93.99,50.56,255.42,121.37,52.39891321041923
2025-10-16 11:01:50.948567,29.74,54.22,233.48,37.67,52.01112526873915
2025-10-16 11:01:51.948566,93.48,41.05,251.22,25.25,51.89875013464321
2025-10-16 11:01:52.948566,18.12,62.52,213.52,45.48,52.09364503919388
2025-10-16 11:01:53.948565,46.92,68.7,128.39,145.5,52.72703126173655
2025-10-16 11:01:54.948565,92.57,90.47,262.48,28.27,51.994976596045
2025-10-16 11:01:55.948564,24.78,27.0,105.52,66.18,52.274556089740486
2025-10-16 11:01:56.948564,80.82,40.04,275.65,75.41,52.11829924479263
2025-10-16 11:01:57.948564,10.54,49.38,56.84,99.82,52.553947176009025
2025-10-16 11:01:58.948563,36.92,63.15,109.88,41.76,52.21514071683198
2025-10-16 11:01:59.948563,13.79,72.52,151.18,18.98,52.06241190273021
2025-10-16 11:02:00.948562,77.09,32.42,287.37,48.42,51.95092132891566
2025-10-16 11:02:01.948562,40.14,91.92,109.72,15.71,52.13918866826938
2025-10-16 11:02:02.948561,19.86,51.24,72.11,103.3,52.55470560012316
2025-10-16 11:02:03.948561,17.71,26.64,235.25,29.83,51.915408344103746
2025-10-16 11:02:04.948560,45.07,50.03,270.57,143.5,52.489742793102586
2025-10-16 11:02:05.948560,18.16,71.79,257.43,136.8,52.51569734924936
2025-10-16 11:02:06.948559,41.83,37.3,173.44,146.17,52.60893528113417
2025-10-16 11:02:07.948559,32.15,84.04,254.75,11.44,51.907532230118235
2025-10-16 11:02:08.948559,42.87,54.82,292.58,130.94,52.405824864609265
2025-10-16 11:02:09.948558,54.58,26.41,268.05,127.24,52.364791093935416
2025-10-16 11:02:10.948558,31.68,33.47,169.96,14.41,51.93815044821745
2025-10-16 11:02:11.948557,52.51,71.95,103.5,144.46,52.76148742952536
2025-10-16 11:02:12.948557,72.11,89.53,145.27,75.89,52.391928871627556
2025-10-16 11:02:13.948556,88.49,37.81,71.63,130.97,52.669538274323436
2025-10-16 11:02:14.948556,10.8,98.69,224.4,36.0,52.10126053223412
2025-10-16 11:02:15.948555,83.94,47.29,86.53,124.83,52.63682758503316
2025-10-16 11:02:16.948555,56.24,87.46,244.02,25.97,52.00224846965167
2025-10-16 11:02:17.948554,73.19,44.13,74.11,22.17,52.12688120643046
2025-10-16 11:02:18.948554,63.95,58.57,188.85,128.59,52.54044984771167
2025-10-16 11:02:19.948553,50.28,91.32,227.22,56.76,52.18840547417879
2025-10-16 11:02:20.948553,27.91,85.33,295.06,83.63,52.22192310037617
2025-10-16 11:02:21.948553,54.81,57.01,275.49,33.2,51.93748773620513
2025-10-16 11:02:22.948552,41.98,73.31,235.49,25.38,51.983212517947756
2025-10-16 11:02:23.948552,26.91,45.81,134.8,21.16,52.043551738029564
2025-10-16 11:02:24.948551,72.91,96.88,81.43,52.9,52.37535548298573
2025-10-16 11:02:25.948551,87.24,26.87,232.78,52.17,52.032433406732295
2025-10-16 11:02:26.948550,32.68,34.32,80.18,36.54,52.172524991905625
2025-10-16 11:02:27.948550,81.69,24.41,270.37,87.62,52.15691957057921
2025-10-16 11:02:28.948549,37.83,91.55,223.29,130.43,52.567630123541775
2025-10-16 11:02:29.948549,71.13,95.51,268.02,37.97,52.04651131406821
2025-10-16 11:02:30.948548,68.19,75.84,272.81,12.47,51.872575631959194
2025-10-16 11:02:31.948548,43.55,39.81,215.48,33.69,51.98711003620674
2025-10-16 11:02:32.948548,37.57,27.49,290.5,23.28,51.80968155863291
2025-10-16 11:02:33.948547,77.89,54.23,59.17,121.01,52.66767547881732
2025-10-16 11:02:34.948547,57.31,42.18,184.47,107.11,52.405579153171495
2025-10-16 11:02:35.948546,82.16,72.99,234.28,134.47,52.53729394951867
2025-10-16 11:02:36.948546,78.57,44.15,172.77,21.18,51.98945461351132
2025-10-16 11:02:37.948545,14.74,22.05,104.62,133.35,52.60669295438774
2025-10-16 11:02:38.948545,92.79,74.21,265.48,123.48,52.442061586008684
2025-10-16 11:02:39.948544,92.79,30.1,208.54,54.06,52.08083301867788
2025-10-16 11:02:40.948544,84.55,53.51,89.83,143.17,52.73746654165487
2025-10-16 11:02:41.948543,92.28,67.21,77.54,69.77,52.40845363347296
2025-10-16 11:02:42.948543,20.1,53.23,271.85,123.94,52.39507471768254
2025-10-16 11:02:43.948542,18.13,64.6,270.76,120.02,52.398757653973895
2025-10-16 11:02:44.948542,56.58,27.76,90.35,11.69,52.02013728563381
2025-10-16 11:02:45.948542,86.9,72.69,184.01,143.39,52.64941980871007
2025-10-16 11:02:46.948541,31.63,33.35,123.82,15.49,52.005333487669624
2025-10-16 11:02:47.948541,39.99,78.06,288.74,25.49,51.921514729156236
2025-10-16 11:02:48.948540,10.75,72.93,69.18,25.34,52.205534356743904
2025-10-16 11:02:49.948540,75.0,58.41,135.78,16.14,52.04126896965163
2025-10-16 11:02:50.948539,24.27,33.85,163.12,14.33,51.947665622146815
2025-10-16 11:02:51.948539,80.54,36.35,74.35,92.71,52.46907418768293
2025-10-16 11:02:52.948538,11.58,88.76,120.56,125.34,52.6743127360158
2025-10-16 11:02:53.948538,54.87,92.68,190.61,89.45,52.405931390239886
2025-10-16 11:02:54.948537,46.71,71.26,121.78,97.57,52.497877529006175
2025-10-16 11:02:55.948537,45.19,25.67,172.06,79.87,52.25205235271838
2025-10-16 11:02:56.948536,49.26,81.46,114.11,91.24,52.49590175307789
2025-10-16 11:02:57.948536,65.07,52.17,57.1,38.25,52.2468638604401
2025-10-16 11:02:58.948536,57.28,36.83,126.02,48.0,52.17396580156554
2025-10-16 11:02:59.948535,14.81,33.79,83.9,94.73,52.461520537371825
2025-10-16 11:03:00.948535,80.11,65.87,70.43,50.77,52.31906591067145
2025-10-16 11:03:01.948534,89.27,57.14,61.61,35.42,52.23611903383528
2025-10-16 11:03:02.948534,37.97,61.38,272.61,33.21,51.94989633025867
2025-10-16 11:03:03.948533,69.46,62.85,114.56,42.07,52.20984677487359
2025-10-16 11:03:04.948533,82.03,73.79,225.67,25.43,51.99758160385764
2025-10-16 11:03:05.948532,11.04,21.36,257.77,149.17,52.47996211066813
2025-10-16 11:03:06.948532,16.37,56.39,143.72,91.5,52.40875478612048
2025-10-16 11:03:07.948531,14.48,64.16,190.12,136.27,52.588544310588645
2025-10-16 11:03:08.948531,84.0,55.79,278.55,62.94,52.081788950189946
2025-10-16 11:03:09.948530,13.58,66.32,235.62,132.73,52.51371246590961
2025-10-16 11:03:10.948530,45.82,84.62,56.53,148.55,52.869898292344374
2025-10-16 11:03:11.948530,85.79,77.09,118.73,24.11,52.140863460138966
2025-10-16 11:03:12.948529,15.3,90.43,295.74,143.78,52.535876788633836
2025-10-16 11:03:13.948529,81.18,55.82,72.21,66.58,52.377303153470834
2025-10-16 11:03:14.948528,55.23,44.47,183.13,56.04,52.152906462021
2025-10-16 11:03:15.948528,81.01,50.03,110.65,41.75,52.1885619916527
2025-10-16 11:03:16.948527,26.5,20.23,180.71,79.88,52.22992002690113
2025-10-16 11:03:17.948527,74.46,20.26,293.2,102.32,52.19273527332089
2025-10-16 11:03:18.948526,78.25,23.91,55.41,137.86,52.699234654094546
2025-10-16 11:03:19.948526,11.57,57.57,162.96,34.85,52.09800731701752
2025-10-16 11:03:20.948525,37.09,95.93,189.0,12.93,52.02645683158111
2025-10-16 11:03:21.948525,56.98,56.37,232.16,142.19,52.546984400948205
2025-10-16 11:03:22.948524,86.38,82.06,244.62,94.44,52.33808814452202
2025-10-16 11:03:23.948524,35.01,61.27,195.69,32.03,52.04696139936618
2025-10-16 11:03:24.948524,80.01,35.99,57.82,65.28,52.35149713025408
2025-10-16 11:03:25.948523,64.51,42.96,147.96,59.56,52.21503244633069
2025-10-16 11:03:26.948523,29.31,57.85,239.35,124.41,52.450064672954994
2025-10-16 11:03:27.948522,50.83,48.79,82.27,18.33,52.105513420615615
2025-10-16 11:03:28.948522,12.19,56.43,242.0,85.66,52.24728801786536
2025-10-16 11:03:29.948521,43.92,47.65,88.42,79.14,52.403344700436705
2025-10-16 11:03:30.948521,84.8,34.17,285.43,56.81,51.99946295384329
2025-10-16 11:03:31.948520,35.28,97.18,132.66,124.28,52.669056408162554
2025-10-16 11:03:32.948520,49.52,70.68,69.68,119.7,52.67888978854061
2025-10-16 11:03:33.948519,71.88,47.69,263.95,24.56,51.89106510187679
2025-10-16 11:03:34.948519,22.31,58.68,89.07,42.44,52.237838725328395
2025-10-16 11:03:35.948519,68.85,69.27,270.44,130.91,52.46347338293828
2025-10-16 11:03:36.948518,52.26,55.0,54.21,116.05,52.650683411447076
2025-10-16 11:03:37.948518,56.39,66.86,165.67,30.84,52.092090859949664
2025-10-16 11:03:38.948517,21.13,27.72,132.32,122.17,52.52384297149028
2025-10-16 11:03:39.948517,70.72,67.7,173.79,40.57,52.132152854750224
2025-10-16 11:03:40.948516,14.64,82.1,179.97,44.78,52.173182511745594
2025-10-16 11:03:41.948516,49.79,75.32,263.39,33.15,51.989057267986794
2025-10-16 11:03:42.948515,38.14,80.51,216.74,104.21,52.42203700864331
2025-10-16 11:03:43.948515,68.45,55.91,218.61,66.24,52.17921942338137
2025-10-16 11:03:44.948514,32.79,40.37,76.49,134.8,52.687406306606846
2025-10-16 11:03:45.948514,22.13,39.29,87.14,97.96,52.48423428939797
2025-10-16 11:03:46.948514,68.55,78.96,187.72,26.13,52.06212274319717
2025-10-16 11:03:47.948513,20.4,87.28,209.2,69.56,52.2696411810697
2025-10-16 11:03:48.948513,86.99,48.74,125.5,48.94,52.202572719793274
2025-10-16 11:03:49.948512,73.93,56.61,179.0,57.1,52.18741494867617
2025-10-16 11:03:50.948512,47.21,45.09,123.93,113.11,52.52292534660656
2025-10-16 11:03:51.948511,35.2,41.3,94.42,39.21,52.1805085058918
2025-10-16 11:03:52.948511,67.4,92.73,170.44,41.77,52.19137143037594
2025-10-16 11:03:53.948510,65.9,92.47,177.58,35.79,52.15096291329365
2025-10-16 11:03:54.948510,55.31,31.75,164.56,34.32,52.04299978402751
2025-10-16 11:03:55.948509,37.59,76.34,99.4,34.78,52.219451839135736
2025-10-16 11:03:56.948509,57.62,26.18,65.7,105.91,52.52784749287612
2025-10-16 11:03:57.948508,78.07,62.88,198.54,13.7,51.95333205806273
2025-10-16 11:03:58.948508,39.91,64.96,101.58,91.16,52.48025483079258
2025-10-16 11:03:59.948508,18.6,64.74,273.39,115.4,52.37207596516533
2025-10-16 11:04:00.948507,80.23,26.52,56.97,68.2,52.34904063257394
2025-10-16 11:04:01.948507,45.49,33.83,51.12,26.45,52.15942885533361
2025-10-16 11:04:02.948506,93.4,61.68,293.17,94.07,52.23143454571728
2025-10-16 11:04:03.948506,24.08,53.21,84.03,21.27,52.12664510063858
2025-10-16 11:04:04.948505,20.32,50.22,265.84,18.31,51.861757004602936
2025-10-16 11:04:05.948505,48.76,32.96,90.29,59.4,52.27220875055554
2025-10-16 11:04:06.948504,83.12,76.23,274.56,121.15,52.42198438411637
2025-10-16 11:04:07.948504,84.24,46.47,164.32,108.21,52.446542649949144
2025-10-16 11:04:08.948503,82.56,60.08,218.27,61.51,52.1637980809311
2025-10-16 11:04:09.948503,74.47,68.72,228.18,63.19,52.17580083107913
2025-10-16 11:04:10.948503,24.66,63.18,219.88,107.73,52.40199280521212
2025-10-16 11:04:11.948502,90.17,42.59,229.39,89.75,52.25805892967572
2025-10-16 11:04:12.948502,86.28,60.54,160.49,11.62,51.98931985461843
2025-10-16 11:04:13.948501,51.47,87.16,236.24,126.34,52.520978861339714
2025-10-16 11:04:14.948501,18.26,88.51,99.91,70.91,52.425592162041
2025-10-16 11:04:15.948500,21.67,46.87,96.77,87.75,52.434271678684354
2025-10-16 11:04:16.948500,44.55,56.13,294.14,107.42,52.28703138844741
2025-10-16 11:04:17.948499,50.24,59.97,241.64,107.62,52.36598581417807
2025-10-16 11:04:18.948499,13.21,57.26,191.67,14.38,51.955081657545826
2025-10-16 11:04:19.948498,10.6,66.29,279.25,125.28,52.41731203709626
2025-10-16 11:04:20.948498,43.02,57.34,164.05,98.97,52.42118115523685
2025-10-16 11:04:21.948497,87.54,57.75,111.99,120.27,52.59985540757661
2025-10-16 11:04:22.948497,61.33,85.47,276.25,51.79,52.086020014434204
2025-10-16 11:04:23.948496,75.06,71.82,153.42,97.78,52.45755523552416
2025-10-16 11:04:24.948496,72.42,73.38,168.63,86.98,52.3854126283195
2025-10-16 11:04:25.948496,43.92,84.87,77.5,33.74,52.26015399491887
2025-10-16 11:04:26.948495,85.05,53.04,76.68,16.46,52.11179540506272
2025-10-16 11:04:27.948495,46.33,46.76,258.98,131.32,52.43719587672524
2025-10-16 11:04:28.948494,18.35,67.8,279.58,140.72,52.498082958627705
2025-10-16 11:04:29.948494,14.74,37.59,88.04,30.31,52.136741803195825
2025-10-16 11:04:30.948493,30.95,71.89,102.32,36.77,52.21697395770062
2025-10-16 11:04:31.948493,37.03,79.56,152.88,69.94,52.332173358186935
2025-10-16 11:04:32.948492,40.91,84.81,113.9,78.21,52.43663206045604
2025-10-16 11:04:33.948492,50.1,62.96,181.85,36.06,52.08925669878633
2025-10-16 11:04:34.948491,56.59,35.73,143.99,12.58,51.96812748252878
2025-10-16 11:04:35.948491,47.59,91.34,256.76,101.05,52.373335619655776
2025-10-16 11:04:36.948490,42.9,42.29,175.29,130.57,52.53705720643301
2025-10-16 11:04:37.948490,16.28,79.35,167.57,132.14,52.62739445564694
2025-10-16 11:04:38.948490,47.51,45.3,165.83,19.2,51.99096739965632
2025-10-16 11:04:39.948489,73.88,28.78,98.97,135.54,52.63845846150357
2025-10-16 11:04:40.948489,63.54,55.03,62.34,10.36,52.1039864689538
2025-10-16 11:04:41.948488,84.82,28.78,112.49,50.81,52.19073318685298
2025-10-16 11:04:42.948486,62.75,23.69,133.71,45.74,52.126651104650804
2025-10-16 11:04:43.948485,28.27,44.48,128.82,55.91,52.22517532069871
2025-10-16 11:04:44.948485,69.0,50.72,154.19,54.02,52.19366052149096
2025-10-16 11:04:45.948485,86.79,65.82,51.9,143.15,52.81220468652319
2025-10-16 11:04:46.948484,72.0,28.77,107.25,127.63,52.58722037299401
2025-10-16 11:04:47.948484,28.11,42.62,165.38,52.2,52.153671572736435
2025-10-16 11:04:48.948483,64.17,26.66,109.18,51.67,52.195417329407235
2025-10-16 11:04:49.948483,53.28,93.62,100.74,84.48,52.503206483010125
2025-10-16 11:04:50.948482,89.3,81.3,73.39,147.61,52.836047519801625
2025-10-16 11:04:51.948482,73.35,25.0,81.34,146.02,52.7079135934686
2025-10-16 11:04:52.948481,44.12,89.22,198.05,92.91,52.406762164307274
2025-10-16 11:04:53.948481,49.8,26.97,242.64,99.71,52.2604157216654
2025-10-16 11:04:54.948480,62.91,89.92,253.89,94.56,52.34152529996798
2025-10-16 11:04:55.948480,32.72,92.26,176.03,112.29,52.54048544350768
2025-10-16 11:04:56.948479,39.16,58.19,181.15,48.64,52.14470725671782
2025-10-16 11:04:57.948479,94.07,42.24,161.55,10.17,51.944985516465266
2025-10-16 11:04:58.948478,80.4,74.42,199.97,107.64,52.45010589870492
2025-10-16 11:04:59.948478,22.49,88.92,227.78,117.63,52.49159686223903
2025-10-16 11:05:00.948478,21.33,53.62,54.91,123.35,52.6840726299474
2025-10-16 11:05:01.948477,71.11,32.54,196.13,85.39,52.26107513044175
2025-10-16 11:05:02.948477,61.12,96.0,227.84,110.34,52.46831412670138
2025-10-16 11:05:03.948476,39.41,30.27,186.83,46.03,52.06959641611957
2025-10-16 11:05:04.948476,68.09,34.19,170.47,96.84,52.35677937022697
2025-10-16 11:05:05.948475,19.43,31.73,119.27,61.18,52.239938902921445
2025-10-16 11:05:06.948475,62.01,47.3,62.17,73.8,52.41083049644557
2025-10-16 11:05:07.948474,15.14,47.95,165.15,133.74,52.57773966456326
2025-10-16 11:05:08.948474,44.98,80.76,139.48,35.69,52.17884883185525
2025-10-16 11:05:09.948473,74.01,71.26,254.6,117.11,52.41863964726033
2025-10-16 11:05:10.948473,58.62,71.41,107.44,84.93,52.453335812270765
2025-10-16 11:05:11.948472,63.33,23.78,178.62,107.87,52.38153138503851
2025-10-16 11:05:12.948472,19.75,25.62,125.7,112.65,52.4803835965651
2025-10-16 11:05:13.948472,89.47,88.17,206.94,16.39,52.004836255305676
2025-10-16 11:05:14.948471,23.64,86.81,191.52,127.79,52.58768456689703
2025-10-16 11:05:15.948471,59.2,95.87,218.29,34.91,52.098456954234216
2025-10-16 11:05:16.948470,76.73,34.7,153.01,137.41,52.58689672090467
2025-10-16 11:05:17.948470,35.76,50.28,127.99,33.68,52.1248553304116
2025-10-16 11:05:18.948469,16.43,77.68,243.55,82.08,52.26834914071292
2025-10-16 11:05:19.948469,14.03,53.28,100.8,53.47,52.267520027164345
2025-10-16 11:05:20.948468,51.21,21.04,102.87,30.87,52.08751301751239
2025-10-16 11:05:21.948468,28.93,44.48,87.26,32.84,52.164004256988484
2025-10-16 11:05:22.948467,58.86,37.66,273.53,134.5,52.41610278615777
2025-10-16 11:05:23.948467,90.65,51.29,260.9,15.1,51.85419341897715
2025-10-16 11:05:24.948466,83.44,39.04,263.56,116.54,52.341112614343615
2025-10-16 11:05:25.948466,93.86,56.61,214.16,52.95,52.11917415100456
2025-10-16 11:05:26.948465,33.3,50.22,292.43,147.42,52.48064014736784
2025-10-16 11:05:27.948465,57.84,57.54,274.59,19.32,51.86935516440134
2025-10-16 11:05:28.948464,57.24,71.87,90.68,134.27,52.72687959229022
2025-10-16 11:05:29.948464,50.11,48.7,173.92,36.03,52.07204069007381
2025-10-16 11:05:30.948464,94.42,33.48,166.81,13.33,51.93692307425052
2025-10-16 11:05:31.948463,12.59,59.8,296.24,111.73,52.31319506737088
2025-10-16 11:05:32.948463,91.94,53.48,161.84,63.42,52.23641126955724
2025-10-16 11:05:33.948462,77.7,78.72,122.89,36.58,52.20166827599941
2025-10-16 11:05:34.948462,94.68,91.48,269.14,144.82,52.578899040971294
2025-10-16 11:05:35.948461,49.09,87.89,272.15,44.04,52.056934552907535
2025-10-16 11:05:36.948461,46.9,52.78,178.64,62.46,52.20763074048121
2025-10-16 11:05:37.948460,77.92,61.69,104.49,137.37,52.704275701634366
2025-10-16 11:05:38.948460,44.19,43.2,253.43,60.6,52.07918321998909
2025-10-16 11:05:39.948459,33.53,71.85,103.43,41.88,52.24131346273992
2025-10-16 11:05:40.948459,73.46,22.94,252.39,93.34,52.20720039779945
2025-10-16 11:05:41.948459,90.86,52.82,291.77,108.84,52.290980421295714
2025-10-16 11:05:42.948458,27.35,98.24,189.28,135.49,52.65194052141598
2025-10-16 11:05:43.948458,77.35,32.79,68.49,87.83,52.44528201186225
2025-10-16 11:05:44.948457,68.8,30.87,224.94,95.54,52.27061383704217
2025-10-16 11:05:45.948457,76.8,32.05,83.11,112.56,52.5495968518774
2025-10-16 11:05:46.948456,15.13,66.31,262.31,14.57,51.87879985302404
2025-10-16 11:05:47.948456,93.99,63.68,221.72,49.56,52.10557633539725
2025-10-16 11:05:48.948455,64.49,56.51,218.72,57.16,52.13420267107848
2025-10-16 11:05:49.948455,43.48,94.92,205.03,132.21,52.607716228756374
2025-10-16 11:05:50.948454,59.92,74.49,135.51,142.9,52.71554211832371
2025-10-16 11:05:51.948454,55.59,26.04,97.38,17.34,52.036002724584876
2025-10-16 11:05:52.948453,38.77,92.06,101.71,28.56,52.21536237051825
2025-10-16 11:05:53.948453,17.98,97.96,221.77,17.51,52.00962962518696
2025-10-16 11:05:54.948453,80.94,57.46,237.91,104.12,52.34837104802717
2025-10-16 11:05:55.948452,51.03,58.24,117.62,70.37,52.34025995392074
2025-10-16 11:05:56.948452,64.53,80.43,275.3,108.64,52.36572741873336
2025-10-16 11:05:57.948451,89.08,71.03,73.15,12.86,52.133240059448
2025-10-16 11:05:58.948451,66.83,25.4,100.47,20.2,52.04511092991879
2025-10-16 11:05:59.948450,39.99,24.52,113.86,117.6,52.51923689797018
2025-10-16 11:06:00.948450,86.89,26.8,59.03,11.54,52.059556924269934
2025-10-16 11:06:01.948449,88.56,69.67,186.72,25.34,52.04140793544882
2025-10-16 11:06:02.948449,25.23,57.87,245.39,37.81,52.00293902291744
2025-10-16 11:06:03.948448,53.84,52.97,230.3,36.35,52.006272995412836
2025-10-16 11:06:04.948448,21.33,81.49,277.64,97.05,52.3058853276512
2025-10-16 11:06:05.948447,34.0,70.41,226.78,71.44,52.22279115198442
2025-10-16 11:06:06.948447,45.27,31.15,294.96,38.21,51.88650029889604
2025-10-16 11:06:07.948447,36.4,38.31,117.15,125.15,52.57989448008822
2025-10-16 11:06:08.948446,78.57,56.16,112.94,99.1,52.48815998517522
2025-10-16 11:06:09.948446,64.75,32.02,106.75,23.85,52.06804934806108
2025-10-16 11:06:10.948445,31.77,33.35,116.44,118.7,52.53850845554181
2025-10-16 11:06:11.948445,42.78,49.22,188.77,66.22,52.20617698412963
2025-10-16 11:06:12.948444,92.48,50.17,53.52,67.83,52.39775209096668
2025-10-16 11:06:13.948444,16.63,96.24,99.58,64.71,52.409622266205005
2025-10-16 11:06:14.948443,48.99,98.38,133.98,94.13,52.51675772301609
2025-10-16 11:06:15.948443,72.5,45.07,111.12,132.98,52.64082282992183
2025-10-16 11:06:16.948443,53.25,97.56,223.76,22.47,52.03132774370298
2025-10-16 11:06:17.948442,49.43,26.56,199.18,33.23,51.980912869995265
2025-10-16 11:06:18.948442,46.26,62.09,279.13,44.79,52.001233009351196
2025-10-16 11:06:19.948441,91.27,69.13,103.46,75.49,52.40638819116295
2025-10-16 11:06:20.948441,84.0,23.15,200.33,50.86,52.06212575571308
2025-10-16 11:06:21.948440,22.62,69.7,294.89,18.27,51.860408878022206
2025-10-16 11:06:22.948440,69.57,41.28,152.69,132.23,52.57385009021672
2025-10-16 11:06:23.948439,93.7,80.48,263.1,108.98,52.38392625708662
2025-10-16 11:06:24.948439,49.61,66.74,274.84,70.39,52.14581810510161
2025-10-16 11:06:25.948438,41.53,85.08,114.43,91.84,52.50554838900345
2025-10-16 11:06:26.948438,40.15,90.6,64.91,86.04,52.55334723763647
2025-10-16 11:06:27.948437,78.5,70.67,68.81,88.75,52.523123894765924
2025-10-16 11:06:28.948437,43.13,35.2,256.43,117.84,52.34981344449311
2025-10-16 11:06:29.948436,40.18,64.82,142.06,49.63,52.21508609298865
2025-10-16 11:06:30.948436,45.58,74.37,114.92,114.28,52.59784855308472
2025-10-16 11:06:31.948436,39.12,40.35,64.61,12.52,52.083364480502425
2025-10-16 11:06:32.948435,15.83,73.01,288.54,115.08,52.36618543626986
2025-10-16 11:06:33.948435,52.83,84.35,137.49,42.15,52.22124803615487
2025-10-16 11:06:34.948434,43.08,69.68,152.55,100.64,52.46906479806678
2025-10-16 11:06:35.948434,64.77,34.61,205.87,131.02,52.483363006547954
2025-10-16 11:06:36.948433,24.98,93.69,231.41,19.21,51.997009962108166
2025-10-16 11:06:37.948433,52.84,67.07,50.41,146.65,52.83437865809515
2025-10-16 11:06:38.948432,27.52,64.02,284.7,58.63,52.0676737258048
2025-10-16 11:06:39.948432,59.98,38.28,112.4,34.67,52.12748538285135
2025-10-16 11:06:40.948431,19.33,56.68,111.06,65.46,52.32114172798976
2025-10-16 11:06:41.948431,40.62,50.63,256.08,17.5,51.87154938032826
2025-10-16 11:06:42.948430,91.84,66.51,209.81,87.21,52.31794702644628
2025-10-16 11:06:43.948430,57.29,66.88,157.43,143.7,52.67538404260814
2025-10-16 11:06:44.948430,28.17,25.61,67.27,87.42,52.43088919785891
2025-10-16 11:06:45.948429,27.77,52.2,243.14,72.44,52.17051353057914
2025-10-16 11:06:46.948429,61.51,60.99,166.29,28.84,52.069712291642624
2025-10-16 11:06:47.948428,70.26,38.81,160.68,128.43,52.53905854445419
2025-10-16 11:06:48.948428,70.54,70.51,269.47,105.66,52.33916930407375
2025-10-16 11:06:49.948427,34.38,54.94,86.09,28.92,52.166026308264115
2025-10-16 11:06:50.948427,55.59,88.81,240.21,125.93,52.51677688241836
2025-10-16 11:06:51.948426,81.33,73.47,103.69,121.62,52.64838872995473
2025-10-16 11:06:52.948426,36.3,22.51,167.39,79.55,52.250558816325984
2025-10-16 11:06:53.948425,54.29,53.67,163.36,42.45,52.128423471997024
2025-10-16 11:06:54.948425,51.94,60.5,299.38,66.71,52.08209164980142
2025-10-16 11:06:55.948424,81.24,59.06,237.78,72.3,52.19032939697138
2025-10-16 11:06:56.948424,40.79,97.54,117.01,138.95,52.76514120938574
2025-10-16 11:06:57.948423,62.09,31.63,192.64,104.23,52.359509521975106
2025-10-16 11:06:58.948423,30.56,34.94,205.42,71.39,52.18228831079911
2025-10-16 11:06:59.948423,25.21,62.31,82.88,44.98,52.26607981747447
2025-10-16 11:07:00.948422,41.86,54.4,286.55,78.96,52.14956865094495
2025-10-16 11:07:01.948422,39.18,73.66,235.41,144.39,52.58737262621779
2025-10-16 11:07:02.948421,63.38,71.21,212.59,13.14,51.94781803164498
2025-10-16 11:07:03.948421,43.52,92.28,205.64,25.44,52.060450738513154
2025-10-16 11:07:04.948420,32.79,21.1,88.87,49.67,52.20173864368623
2025-10-16 11:07:05.948420,54.45,85.11,86.05,108.83,52.62984358986077
2025-10-16 11:07:06.948419,70.73,23.84,185.45,83.42,52.24851919739074
2025-10-16 11:07:07.948419,88.62,95.64,144.12,140.38,52.73230534783042
2025-10-16 11:07:08.948418,20.1,68.58,55.56,66.44,52.42373997223347
2025-10-16 11:07:09.948418,20.99,68.67,227.83,81.67,52.26986587350987
2025-10-16 11:07:10.948417,28.83,74.37,116.85,92.81,52.48640618304643
2025-10-16 11:07:11.948417,56.3,62.07,178.91,100.07,52.41600043275191
2025-10-16 11:07:12.948416,84.43,46.93,262.08,115.02,52.350724725449524
2025-10-16 11:07:13.948416,74.48,56.36,285.31,92.35,52.22292828484941
2025-10-16 11:07:14.948416,57.41,85.02,277.62,85.75,52.255481321525146
2025-10-16 11:07:15.948415,31.72,38.05,123.17,55.0,52.21565197352972
2025-10-16 11:07:16.948415,18.74,98.8,230.12,87.54,52.35509975419101
2025-10-16 11:07:17.948414,36.25,25.84,178.83,47.01,52.07669633251038
2025-10-16 11:07:18.948414,24.33,96.11,221.51,56.67,52.2049223413319
2025-10-16 11:07:19.948413,51.79,51.69,174.78,147.04,52.63950939690925
2025-10-16 11:07:20.948413,49.71,31.96,204.06,129.91,52.475015828490974
2025-10-16 11:07:21.948412,80.78,42.5,155.91,53.0,52.17020735011991
2025-10-16 11:07:22.948412,89.38,46.08,154.9,95.92,52.39612124042385
2025-10-16 11:07:23.948411,92.32,71.03,114.2,58.55,52.30977763443099
2025-10-16 11:07:24.948411,76.35,60.58,60.59,116.81,52.65681458839214
2025-10-16 11:07:25.948410,32.25,94.94,67.8,92.78,52.592072236151076
2025-10-16 11:07:26.948410,30.7,77.79,194.86,75.16,52.298842902829286
2025-10-16 11:07:27.948410,34.52,50.18,181.72,137.35,52.578130964866524
2025-10-16 11:07:28.948409,23.65,75.24,284.87,93.97,52.268419228074976
2025-10-16 11:07:29.948409,61.04,64.24,242.04,38.34,52.022501265697166
2025-10-16 11:07:30.948408,92.27,63.02,64.81,46.81,52.300995531899225
2025-10-16 11:07:31.948408,11.64,76.4,81.45,75.12,52.448186481768246
2025-10-16 11:07:32.948407,72.92,32.02,71.3,57.54,52.28644524701865
2025-10-16 11:07:33.948407,87.79,57.17,246.8,116.56,52.39894309350945
2025-10-16 11:07:34.948406,59.8,86.62,50.81,47.22,52.367727237825996
2025-10-16 11:07:35.948406,33.91,71.3,178.1,27.98,52.06953184482476
2025-10-16 11:07:36.948405,47.45,20.74,80.35,66.11,52.29582646874481
2025-10-16 11:07:37.948405,26.85,90.73,288.48,15.09,51.89375638772822
2025-10-16 11:07:38.948404,51.78,25.2,201.56,115.77,52.393547315625185
2025-10-16 11:07:39.948404,44.47,61.12,208.41,61.75,52.180272324944944
2025-10-16 11:07:40.948404,21.19,64.06,124.07,110.1,52.54433876811623
2025-10-16 11:07:41.948403,13.17,90.66,269.98,18.45,51.93549068251958
2025-10-16 11:07:42.948403,78.05,28.15,191.4,70.42,52.1829975434776
2025-10-16 11:07:43.948402,44.09,77.38,83.48,105.08,52.59926077070171
2025-10-16 11:07:44.948402,43.96,41.29,217.72,97.81,52.31206286962288
2025-10-16 11:07:45.948401,93.56,98.03,116.3,73.31,52.434256166329455
2025-10-16 11:07:46.948401,24.87,82.22,107.9,128.67,52.69548273421907
2025-10-16 11:07:47.948400,40.41,34.54,122.01,41.06,52.13971385226133
2025-10-16 11:07:48.948400,56.09,67.38,194.49,134.97,52.5823438824722
2025-10-16 11:07:49.948399,20.6,50.27,51.81,83.91,52.481766505039225
2025-10-16 11:07:50.948399,35.72,61.12,209.86,104.5,52.39506536271006
2025-10-16 11:07:51.948399,63.91,36.16,235.61,17.2,51.86939076166095
2025-10-16 11:07:52.948398,14.89,58.71,52.11,137.72,52.77057713059539
2025-10-16 11:07:53.948398,90.9,86.41,187.25,90.18,52.40195942509949
2025-10-16 11:07:54.948397,91.02,77.94,270.15,105.29,52.35081828623337
2025-10-16 11:07:55.948397,89.53,51.41,88.56,129.39,52.665227143246256
2025-10-16 11:07:56.948396,38.37,44.76,269.33,82.49,52.17185039772556
2025-10-16 11:07:57.948396,86.4,28.7,210.36,84.24,52.22867987218197
2025-10-16 11:07:58.948395,22.15,87.14,145.62,148.39,52.754384914917274
2025-10-16 11:07:59.948395,18.88,38.59,60.58,58.48,52.318368659578596
2025-10-16 11:08:00.948395,70.68,47.66,255.54,29.82,51.92896466265737
2025-10-16 11:08:01.948394,18.16,64.59,276.76,34.56,51.957407129447006
2025-10-16 11:08:02.948394,82.86,34.79,241.37,17.63,51.86117617670294
2025-10-16 11:08:03.948393,19.15,75.18,163.76,81.57,52.36801973199202
2025-10-16 11:08:04.948393,21.18,78.82,196.51,112.49,52.48788988011417
2025-10-16 11:08:05.948392,24.85,66.01,75.75,126.33,52.69528017402539
2025-10-16 11:08:06.948392,35.94,94.46,246.5,46.12,52.11468048254592
2025-10-16 11:08:07.948391,73.63,92.37,142.25,39.23,52.21563795934369
2025-10-16 11:08:08.948391,23.49,94.31,295.26,124.39,52.44575466846205
2025-10-16 11:08:09.948390,69.56,46.33,119.46,109.4,52.51252618121455
2025-10-16 11:08:10.948390,37.76,53.91,253.4,55.48,52.074076750177504
2025-10-16 11:08:11.948389,87.23,22.74,126.79,54.96,52.18083963117082
2025-10-16 11:08:12.948389,91.77,94.21,181.54,119.29,52.572367235653964
2025-10-16 11:08:13.948389,66.14,37.19,245.9,20.91,51.876387848690484
2025-10-16 11:08:14.948388,33.67,40.25,159.59,136.62,52.584842718094635
2025-10-16 11:08:15.948388,74.41,81.21,290.36,70.38,52.15305017770511
2025-10-16 11:08:16.948387,43.1,50.82,207.61,69.68,52.20153623607542
2025-10-16 11:08:17.948387,64.71,61.53,52.32,27.92,52.21909641352003
2025-10-16 11:08:18.948386,84.56,56.09,111.92,79.6,52.39052959018688
2025-10-16 11:08:19.948386,91.8,72.39,288.45,33.58,51.95190203814581
2025-10-16 11:08:20.948385,67.44,68.13,116.53,24.75,52.12965084120323
2025-10-16 11:08:21.948385,52.14,43.32,198.52,101.6,52.360997599616
2025-10-16 11:08:22.948384,93.28,45.68,234.4,108.57,52.352753752571935
2025-10-16 11:08:23.948384,94.44,34.89,107.48,77.6,52.345155088856345
2025-10-16 11:08:24.948384,35.37,72.68,93.61,91.12,52.505752610501624
2025-10-16 11:08:25.948383,19.57,60.63,275.45,23.66,51.89620854431675
2025-10-16 11:08:26.948383,79.97,89.77,88.39,143.75,52.81279943259422
2025-10-16 11:08:27.948382,80.38,41.86,88.1,91.77,52.45655659418905
2025-10-16 11:08:28.948382,30.87,82.13,62.07,127.71,52.75196524759348
2025-10-16 11:08:29.948381,53.17,80.67,126.33,74.35,52.392330748681054
2025-10-16 11:08:30.948381,19.74,36.54,238.55,125.41,52.4147996973449
2025-10-16 11:08:31.948380,78.24,87.56,242.41,63.07,52.192698608681695
2025-10-16 11:08:32.948380,20.12,90.18,92.2,105.83,52.61622957165345
2025-10-16 11:08:33.948379,45.85,66.54,283.3,144.43,52.50945009900905
2025-10-16 11:08:34.948379,86.51,42.02,74.72,17.82,52.09990802683261
2025-10-16 11:08:35.948378,74.7,82.85,296.89,107.54,52.335869436570796
2025-10-16 11:08:36.948378,41.8,24.03,86.8,92.99,52.429840446994305
2025-10-16 11:08:37.948378,74.86,57.32,265.87,66.86,52.12165840727249
2025-10-16 11:08:38.948377,68.14,98.85,203.68,142.42,52.66892918571783
2025-10-16 11:08:39.948377,27.55,53.09,175.19,85.8,52.33119679042487
2025-10-16 11:08:40.948376,77.3,55.22,99.16,53.56,52.273947682943515
2025-10-16 11:08:41.948376,22.28,53.72,70.43,143.36,52.76488144455815
2025-10-16 11:08:42.948375,31.23,91.55,61.03,59.54,52.42604875829648
2025-10-16 11:08:43.948375,29.72,80.57,274.19,67.29,52.157847895609144
2025-10-16 11:08:44.948374,68.77,96.68,60.67,81.86,52.549661364133
2025-10-16 11:08:45.948374,75.4,39.41,206.67,73.31,52.199030468563244
2025-10-16 11:08:46.948373,85.95,60.16,264.07,29.36,51.939470961813555
2025-10-16 11:08:47.948373,62.49,46.41,125.88,32.97,52.11656819789129
2025-10-16 11:08:48.948373,76.69,59.12,283.75,142.91,52.486721407360754
2025-10-16 11:08:49.948372,18.04,42.04,122.6,32.74,52.11131371745871
2025-10-16 11:08:50.948372,26.13,34.65,165.51,31.75,52.03432991186574
2025-10-16 11:08:51.948371,44.31,93.44,250.48,71.72,52.23714575637923
2025-10-16 11:08:52.948371,24.07,89.92,271.82,144.25,52.56938007181929
2025-10-16 11:08:53.948370,40.86,24.69,220.23,20.63,51.88513941139169
2025-10-16 11:08:54.948370,41.3,51.92,159.2,35.34,52.09456031158454
2025-10-16 11:08:55.948369,16.95,36.35,165.84,147.99,52.626519177791074
2025-10-16 11:08:56.948369,83.34,84.82,60.32,115.72,52.69875316929638
2025-10-16 11:08:57.948368,21.2,77.02,161.72,18.48,52.05447174956544
2025-10-16 11:08:58.948368,50.24,68.75,298.39,137.18,52.456729902367115
2025-10-16 11:08:59.948367,52.99,39.33,119.79,122.26,52.563680335202335
2025-10-16 11:09:00.948367,14.12,85.21,253.49,86.76,52.293364498935134
2025-10-16 11:09:01.948366,25.03,39.21,61.47,115.3,52.606452175752885
2025-10-16 11:09:02.948366,89.4,26.72,86.88,31.24,52.12189186826013
2025-10-16 11:09:03.948365,78.5,89.3,63.78,140.63,52.829105677885074
2025-10-16 11:09:04.948365,94.99,20.89,258.66,44.83,51.94885733913652
2025-10-16 11:09:05.948364,88.87,52.37,103.75,128.13,52.640312636454674
2025-10-16 11:09:06.948364,18.32,40.01,97.8,116.73,52.56648546356182
2025-10-16 11:09:07.948363,11.92,53.08,211.74,98.44,52.34619471191223
2025-10-16 11:09:08.948363,45.95,51.68,270.43,12.34,51.828164682694926
2025-10-16 11:09:09.948362,56.83,66.23,297.98,36.28,51.94082739283098
2025-10-16 11:09:10.948362,53.6,62.02,79.83,132.87,52.71520709619402
2025-10-16 11:09:11.948362,79.37,83.79,279.73,73.52,52.18825338748289
2025-10-16 11:09:12.948361,54.65,79.26,282.24,71.33,52.16497814206125
2025-10-16 11:09:13.948361,88.34,96.01,108.63,59.77,52.37198069179222
2025-10-16 11:09:14.948360,52.19,22.24,51.66,50.93,52.26029457196434
2025-10-16 11:09:15.948360,62.02,63.84,247.69,94.09,52.296787858151
2025-10-16 11:09:16.948359,79.85,74.15,66.2,136.89,52.77745643509113
2025-10-16 11:09:17.948359,47.82,25.36,160.0,112.61,52.43362950405822
2025-10-16 11:09:18.948358,82.45,93.51,275.16,19.35,51.938637747930784
2025-10-16 11:09:19.948358,10.3,85.37,235.79,146.08,52.618185154243456
2025-10-16 11:09:20.948357,41.27,47.09,194.33,86.69,52.298355519924776
2025-10-16 11:09:21.948357,66.52,77.55,171.76,88.58,52.39742565000743
2025-10-16 11:09:22.948356,76.6,48.98,195.63,135.88,52.54967287108348
2025-10-16 11:09:23.948356,50.71,66.49,273.82,106.47,52.3296247592659
2025-10-16 11:09:24.948355,64.84,68.46,191.04,100.71,52.41537808864577
2025-10-16 11:09:25.948355,43.7,23.82,162.58,56.89,52.144676895042444
2025-10-16 11:09:26.948355,36.01,49.22,233.63,72.96,52.18012597016101
2025-10-16 11:09:27.948354,56.98,38.51,181.71,141.41,52.576051565425836
2025-10-16 11:09:28.948354,56.53,87.22,217.04,64.57,52.233700814093375
2025-10-16 11:09:29.948353,45.8,50.54,141.9,68.52,52.28332348898381
2025-10-16 11:09:30.948353,71.86,34.11,255.93,126.57,52.392627125164196
2025-10-16 11:09:31.948352,47.67,40.15,172.68,93.72,52.349575635220724
2025-10-16 11:09:32.948352,72.04,73.92,87.45,23.97,52.175985703089246
2025-10-16 11:09:33.948351,68.71,85.54,60.29,111.54,52.67900020673638
2025-10-16 11:09:34.948351,19.45,25.58,219.09,19.2,51.8811492206836
2025-10-16 11:09:35.948350,12.1,48.79,68.87,25.92,52.16198304876484
2025-10-16 11:09:36.948350,67.03,84.54,281.81,12.17,51.875878137247234
2025-10-16 11:09:37.948349,64.91,28.41,144.59,99.28,52.39266113845196
2025-10-16 11:09:38.948349,50.94,71.01,174.3,111.48,52.49740896049455
2025-10-16 11:09:39.948348,69.24,58.28,90.24,134.36,52.70151893807365
2025-10-16 11:09:40.948348,25.74,68.67,68.78,132.35,52.74032687021409
2025-10-16 11:09:41.948348,23.76,31.32,251.56,147.1,52.49715790651499
2025-10-16 11:09:42.948347,44.58,83.76,223.26,105.17,52.42446665194373
2025-10-16 11:09:43.948347,64.36,95.61,223.44,139.77,52.62267117465251
2025-10-16 11:09:44.948346,92.34,95.8,134.62,28.85,52.17992002674931
2025-10-16 11:09:45.948346,84.95,36.97,113.84,99.86,52.4535155710733
2025-10-16 11:09:46.948345,25.43,57.97,241.82,19.62,51.915703827296056
2025-10-16 11:09:47.948345,80.27,70.53,157.75,26.52,52.08795238577408
2025-10-16 11:09:48.948344,77.95,33.55,212.72,112.28,52.37709693547065
2025-10-16 11:09:49.948344,19.44,64.19,276.14,20.21,51.88470865889049
2025-10-16 11:09:50.948343,74.79,56.47,123.59,100.74,52.48277995107906
2025-10-16 11:09:51.948343,89.89,98.77,191.2,29.99,52.115515070229634
2025-10-16 11:09:52.948342,80.69,39.44,151.25,31.22,52.060093965687855
2025-10-16 11:09:53.948342,48.39,77.74,50.6,111.4,52.67614207206749
2025-10-16 11:09:54.948341,74.42,70.0,210.26,95.54,52.36635710629411
2025-10-16 11:09:55.948341,79.87,74.46,72.37,39.09,52.27393654647267
2025-10-16 11:09:56.948340,89.09,53.27,225.84,114.89,52.41103573417854
2025-10-16 11:09:57.948340,20.3,96.6,297.1,147.99,52.56738480327528
2025-10-16 11:09:58.948340,10.97,35.91,75.29,68.66,52.34502542666432
2025-10-16 11:09:59.948339,60.76,46.22,93.29,95.22,52.4755527423497
2025-10-16 11:10:00.948339,83.18,71.11,233.08,148.27,52.605216799870846
2025-10-16 11:10:01.948338,51.61,73.81,281.61,54.14,52.06808150067924
2025-10-16 11:10:02.948338,15.97,21.44,96.27,106.06,52.478358646086235
2025-10-16 11:10:03.948337,65.79,82.47,244.15,39.91,52.06305240413911
2025-10-16 11:10:04.948337,91.69,60.29,295.09,105.77,52.28547424291886
2025-10-16 11:10:05.948336,42.97,44.55,272.75,93.73,52.22383718553384
2025-10-16 11:10:06.948336,41.65,79.8,57.47,42.36,52.320894251807815
2025-10-16 11:10:07.948335,68.32,80.3,282.3,118.8,52.40758815842722
2025-10-16 11:10:08.948335,86.79,42.22,57.62,81.66,52.446917030651036
2025-10-16 11:10:09.948334,77.74,35.52,246.21,109.64,52.322581665493196
2025-10-16 11:10:10.948334,92.67,51.87,212.7,92.03,52.310056464014245
2025-10-16 11:10:11.948333,70.6,68.65,222.09,40.54,52.06900637735424
2025-10-16 11:10:12.948333,28.52,96.73,202.98,79.86,52.348574445245674
2025-10-16 11:10:13.948333,93.53,62.72,188.79,148.12,52.64761030529495
2025-10-16 11:10:14.948332,32.63,61.66,179.84,20.33,52.009678879667526
2025-10-16 11:10:15.948332,19.39,61.38,276.49,24.21,51.89905823231289
2025-10-16 11:10:16.948331,37.32,62.57,143.18,124.38,52.58818783913149
2025-10-16 11:10:17.948331,34.23,46.82,195.77,124.28,52.486476478389214
2025-10-16 11:10:18.948330,13.17,49.55,133.9,57.96,52.23860088160935
2025-10-16 11:10:19.948330,88.5,52.64,202.3,105.99,52.396290443443995
2025-10-16 11:10:20.948329,51.81,74.24,78.43,94.9,52.54832669979025
2025-10-16 11:10:21.948329,51.12,96.67,124.24,68.41,52.39611173226242
2025-10-16 11:10:22.948327,90.21,26.67,174.37,96.44,52.33490322955623
2025-10-16 11:10:23.948327,21.62,59.29,288.02,84.84,52.18690852982263
2025-10-16 11:10:24.948326,80.38,35.88,109.3,44.55,52.177074310579236
2025-10-16 11:10:25.948326,66.49,33.41,79.38,47.51,52.22744782540794
2025-10-16 11:10:26.948325,39.87,95.2,195.73,54.5,52.22676069670043
2025-10-16 11:10:27.948325,19.39,94.56,172.89,120.77,52.592163044934736
2025-10-16 11:10:28.948325,44.8,77.58,234.03,30.04,52.017095698535485
2025-10-16 11:10:29.948324,86.4,64.41,239.92,10.3,51.88351670770172
2025-10-16 11:10:30.948324,84.61,77.41,226.41,147.36,52.621799256573446
2025-10-16 11:10:31.948323,88.87,77.61,217.34,62.64,52.2048392843569
2025-10-16 11:10:32.948323,67.28,50.3,275.62,105.18,52.28920827678664
2025-10-16 11:10:33.948322,85.28,93.31,114.05,111.65,52.62248612935377
2025-10-16 11:10:34.948322,76.72,87.95,135.7,41.3,52.22633697917867
2025-10-16 11:10:35.948321,23.28,20.15,225.17,13.29,51.832472428525094
2025-10-16 11:10:36.948321,37.05,64.53,121.73,109.99,52.54783569916902
2025-10-16 11:10:37.948320,26.92,61.73,101.45,48.36,52.25715983467317
2025-10-16 11:10:38.948320,83.99,70.68,136.55,85.87,52.41760428616234
2025-10-16 11:10:39.948319,35.24,80.38,187.39,108.02,52.480501777081365
2025-10-16 11:10:40.948319,92.8,88.95,254.57,53.43,52.130201260132516
2025-10-16 11:10:41.948319,19.68,33.97,82.6,28.77,52.129202780747335
2025-10-16 11:10:42.948318,39.26,80.55,163.19,127.72,52.61319709131525
2025-10-16 11:10:43.948318,81.6,45.95,52.5,32.41,52.211344239881214
2025-10-16 11:10:44.948317,58.78,53.71,110.53,85.13,52.415807585807194
2025-10-16 11:10:45.948317,85.1,95.7,280.51,45.83,52.06996296692865
2025-10-16 11:10:46.948316,87.08,85.76,266.17,82.85,52.25758752654866
2025-10-16 11:10:47.948316,77.6,54.16,61.97,50.57,52.30665458601427
2025-10-16 11:10:48.948315,51.38,61.29,183.94,143.64,52.62862917035084
2025-10-16 11:10:49.948315,15.96,59.4,236.98,109.22,52.37924592272236
2025-10-16 11:10:50.948314,94.33,30.77,147.94,132.0,52.55863797334786
2025-10-16 11:10:51.948314,63.26,57.57,179.02,69.39,52.251563003003135
2025-10-16 11:10:52.948313,60.61,94.96,250.55,18.08,51.96805424618002
2025-10-16 11:10:53.948313,24.36,74.84,145.43,129.14,52.63314284777894
2025-10-16 11:10:54.948313,50.4,88.99,148.96,148.23,52.75268479637897
2025-10-16 11:10:55.948312,35.63,26.91,268.89,65.45,52.05136392145984
2025-10-16 11:10:56.948312,50.84,37.38,213.51,44.1,52.03781076317796
2025-10-16 11:10:57.948311,88.29,51.45,163.0,22.84,52.025171559779075
2025-10-16 11:10:58.948311,17.69,61.54,278.89,31.26,51.93189027669479
2025-10-16 11:10:59.948310,69.15,48.64,166.55,141.87,52.61841956456054
2025-10-16 11:11:00.948310,69.25,42.72,74.33,129.46,52.66779900441519
2025-10-16 11:11:01.948309,42.77,68.46,296.35,113.65,52.339609485100674
2025-10-16 11:11:02.948309,85.4,21.01,292.08,121.19,52.291365809389895
2025-10-16 11:11:03.948308,92.23,94.42,213.76,10.31,51.97700034033336
2025-10-16 11:11:04.948308,77.0,39.77,55.47,113.96,52.60880134637753
2025-10-16 11:11:05.948307,27.29,94.75,212.31,66.07,52.26228754599121
2025-10-16 11:11:06.948307,10.37,75.91,217.36,56.91,52.17245834285316
2025-10-16 11:11:07.948307,64.28,42.99,91.48,149.2,52.745381080360225
2025-10-16 11:11:08.948306,21.29,74.36,181.25,115.97,52.51735252629859
2025-10-16 11:11:09.948306,29.95,23.91,198.82,94.84,52.28860527119762
2025-10-16 11:11:10.948305,42.11,64.91,134.22,110.83,52.53606563113012
2025-10-16 11:11:11.948305,18.46,85.52,110.75,16.96,52.13170709592602
2025-10-16 11:11:12.948304,66.26,95.07,190.81,41.78,52.168623409737364
2025-10-16 11:11:13.948304,53.24,83.33,204.86,136.96,52.60950532783338
2025-10-16 11:11:14.948303,21.22,40.66,229.0,140.42,52.51172562818282
2025-10-16 11:11:15.948303,74.87,59.4,219.98,90.68,52.308071052314986
2025-10-16 11:11:16.948302,78.9,30.66,298.55,96.96,52.17858725154923
2025-10-16 11:11:17.948302,69.26,51.77,173.96,16.13,51.97706086553667
2025-10-16 11:11:18.948302,68.82,60.74,281.38,43.63,51.98970809916959
2025-10-16 11:11:19.948301,26.33,95.04,66.17,145.34,52.860930372500185
2025-10-16 11:11:20.948301,72.4,87.71,165.27,125.12,52.61113603883082
2025-10-16 11:11:21.948300,73.56,53.15,122.41,47.94,52.21022032392314
2025-10-16 11:11:22.948300,91.82,59.43,102.38,137.2,52.70185482971387
2025-10-16 11:11:23.948299,90.72,58.63,255.28,75.57,52.182579619216
2025-10-16 11:11:24.948299,20.7,41.62,92.25,73.32,52.35697881745874
2025-10-16 11:11:25.948298,42.24,28.97,138.45,43.84,52.120914932506444
2025-10-16 11:11:26.948298,28.31,79.88,238.92,133.75,52.54080303954466
2025-10-16 11:11:27.948297,55.33,53.72,143.73,68.0,52.28440970690828
2025-10-16 11:11:28.948297,12.02,96.89,73.6,105.62,52.65317312020446
2025-10-16 11:11:29.948296,70.26,45.32,141.15,86.38,52.36473598556417
2025-10-16 11:11:30.948296,21.2,55.05,61.32,125.97,52.691529467737
2025-10-16 11:11:31.948296,62.68,61.5,241.37,121.3,52.43867798940675
2025-10-16 11:11:32.948295,73.65,29.62,285.03,130.99,52.3672460824973
2025-10-16 11:11:33.948295,68.71,68.26,255.96,39.44,52.01720279933486
2025-10-16 11:11:34.948294,21.73,60.4,202.99,46.23,52.10746398603125
2025-10-16 11:11:35.948294,93.21,81.93,172.94,94.13,52.43249074746381
2025-10-16 11:11:36.948293,56.02,23.23,256.16,87.45,52.17284097606095
2025-10-16 11:11:37.948293,58.05,62.51,181.69,22.22,52.018429207736595
2025-10-16 11:11:38.948292,72.51,32.64,150.37,125.43,52.52570008466879
2025-10-16 11:11:39.948292,28.36,56.37,198.61,86.43,52.309324227897825
2025-10-16 11:11:40.948292,21.52,32.66,220.99,93.22,52.26763254385586
2025-10-16 11:11:41.948291,67.53,54.7,53.7,43.39,52.28240385454999
2025-10-16 11:11:42.948291,22.77,62.74,137.01,88.52,52.41499333998518
2025-10-16 11:11:43.948290,77.72,69.21,290.45,62.28,52.088544915573436
2025-10-16 11:11:44.948290,67.26,83.22,235.23,84.81,52.304124387883405
2025-10-16 11:11:45.948289,39.1,37.54,130.65,34.63,52.101344910481814
2025-10-16 11:11:46.948289,93.76,87.31,118.5,50.09,52.29274821353077
2025-10-16 11:11:47.948288,66.92,70.41,226.98,37.9,52.052477143405014
2025-10-16 11:11:48.948288,64.66,26.52,260.06,85.94,52.16634283586124
2025-10-16 11:11:49.948287,29.53,83.22,281.09,14.94,51.888323434408235
2025-10-16 11:11:50.948287,71.44,77.15,251.41,107.47,52.38549317000292
2025-10-16 11:11:51.948286,23.63,30.01,262.57,108.12,52.28220602430503
2025-10-16 11:11:52.948286,86.06,83.82,94.53,113.89,52.64160677628137
2025-10-16 11:11:53.948285,14.47,63.06,299.96,115.85,52.335423990390375
2025-10-16 11:11:54.948285,52.61,51.54,146.97,74.32,52.30786603349425
2025-10-16 11:11:55.948285,70.81,27.19,132.75,65.71,52.235987480344264
2025-10-16 11:11:56.948284,55.25,23.92,243.27,55.51,52.029552327851526
2025-10-16 11:11:57.948284,45.42,80.39,139.63,113.64,52.573129690025645
2025-10-16 11:11:58.948283,56.48,20.39,219.85,84.88,52.20303705804707
2025-10-16 11:11:59.948283,59.13,89.42,226.9,126.59,52.53917639268801
2025-10-16 11:12:00.948282,94.07,96.61,284.95,70.46,52.1906431897209
2025-10-16 11:12:01.948282,60.93,65.04,136.59,73.66,52.344687262231595
2025-10-16 11:12:02.948281,57.63,87.85,241.32,110.28,52.434076886942435
2025-10-16 11:12:03.948281,61.61,64.98,99.88,15.32,52.098072220142846
2025-10-16 11:12:04.948280,82.21,50.82,273.16,46.26,51.99480076095869
2025-10-16 11:12:05.948280,45.54,45.84,125.57,131.31,52.61445386327211
2025-10-16 11:12:06.948279,23.99,49.17,161.41,36.7,52.09314489555242
2025-10-16 11:12:07.948279,32.3,64.0,89.41,119.27,52.63724280878769
2025-10-16 11:12:08.948279,37.5,50.43,239.0,25.01,51.93216500068608
2025-10-16 11:12:09.948278,90.5,58.28,51.54,87.51,52.51594548196354
2025-10-16 11:12:10.948278,71.28,83.98,73.83,86.34,52.53002979436494
2025-10-16 11:12:11.948277,14.49,70.53,86.92,69.07,52.39876380123221
2025-10-16 11:12:12.948277,42.52,20.07,265.36,18.04,51.80244604319239
2025-10-16 11:12:13.948276,64.91,73.44,219.71,29.86,52.02736230281923
2025-10-16 11:12:14.948276,89.55,91.69,209.94,72.83,52.29379580708514
2025-10-16 11:12:15.948275,31.6,29.48,165.23,115.95,52.451547901807544
2025-10-16 11:12:16.948275,84.95,70.56,266.83,109.05,52.359997602615536
2025-10-16 11:12:17.948274,44.67,62.28,291.42,121.38,52.37340957690928
2025-10-16 11:12:18.948274,29.45,42.35,74.21,12.78,52.075681464536615
2025-10-16 11:12:19.948273,24.77,75.21,124.14,15.43,52.08594063810443
2025-10-16 11:12:20.948273,75.75,57.61,213.21,34.9,52.030880373470524
2025-10-16 11:12:21.948273,56.29,58.78,106.89,127.45,52.64510548067786
2025-10-16 11:12:22.948272,47.42,66.1,178.72,139.44,52.62368967938783
2025-10-16 11:12:23.948272,76.06,79.2,229.74,108.04,52.42145743653343
2025-10-16 11:12:24.948271,54.7,36.34,62.54,17.07,52.101419448868654
2025-10-16 11:12:25.948271,14.69,72.22,89.38,137.37,52.745021675926154
2025-10-16 11:12:26.948270,28.16,79.96,280.19,132.3,52.47820413538204
2025-10-16 11:12:27.948270,86.4,63.16,215.64,51.75,52.123831142641826
2025-10-16 11:12:28.948269,16.68,49.34,68.84,87.16,52.473574697629005
2025-10-16 11:12:29.948269,83.56,35.55,153.62,114.88,52.47350394954078
2025-10-16 11:12:30.948268,27.33,30.76,113.18,77.69,52.329934135804606
2025-10-16 11:12:31.948268,52.5,55.06,235.16,43.87,52.04193578863362
2025-10-16 11:12:32.948268,81.21,48.36,262.84,123.75,52.3967436961961
2025-10-16 11:12:33.948267,64.49,81.83,254.43,62.19,52.16096646511456
2025-10-16 11:12:34.948267,18.46,43.07,135.78,119.7,52.53650295759077
2025-10-16 11:12:35.948266,79.0,67.17,171.98,116.13,52.516636873056015
2025-10-16 11:12:36.948266,32.99,71.63,87.52,88.65,52.49936508125982
2025-10-16 11:12:37.948265,48.26,87.33,201.04,28.36,52.07181154291368
2025-10-16 11:12:38.948265,21.95,67.97,92.85,140.04,52.745641633347525
2025-10-16 11:12:39.948264,91.33,31.14,98.01,131.98,52.62628412858731
2025-10-16 11:12:40.948264,49.5,75.4,265.88,99.83,52.32393308201803
2025-10-16 11:12:41.948263,10.8,90.79,283.23,50.32,52.07953454925997
2025-10-16 11:12:42.948263,47.83,48.8,140.56,133.06,52.60895467402697
2025-10-16 11:12:43.948262,16.33,22.4,185.29,147.01,52.56833280459895
2025-10-16 11:12:44.948262,79.39,96.91,248.26,17.77,51.97334595403281
2025-10-16 11:12:45.948261,42.12,42.73,187.82,37.96,52.05156488746771
2025-10-16 11:12:46.948261,35.02,23.17,58.09,65.37,52.32667957362613
2025-10-16 11:12:47.948260,73.17,98.47,241.48,124.94,52.52882372090081
2025-10-16 11:12:48.948260,22.72,96.86,192.31,97.5,52.45258460985689
2025-10-16 11:12:49.948260,14.53,77.03,115.12,53.9,52.296626392042064
2025-10-16 11:12:50.948259,75.19,42.23,111.92,67.4,52.30174413871835
2025-10-16 11:12:51.948259,65.08,64.55,251.69,89.48,52.26942531532849
2025-10-16 11:12:52.948258,12.01,65.38,229.35,118.37,52.44749883497232
2025-10-16 11:12:53.948258,34.1,86.44,289.31,119.76,52.41497575057214
2025-10-16 11:12:54.948257,57.15,64.53,213.37,80.28,52.27418580325793
2025-10-16 11:12:55.948257,63.2,90.3,281.51,72.36,52.1926327144331
2025-10-16 11:12:56.948256,73.95,71.22,193.77,100.4,52.41550465657273
2025-10-16 11:12:57.948256,56.99,70.45,139.64,69.49,52.32996369842108
2025-10-16 11:12:58.948255,65.21,31.4,209.42,33.67,51.97880186466466
2025-10-16 11:12:59.948255,57.88,53.39,153.84,93.81,52.40105122590528
2025-10-16 11:13:00.948255,51.38,35.97,140.82,70.07,52.264319801413365
2025-10-16 11:13:01.948254,84.67,40.82,267.58,134.07,52.42805070404396
2025-10-16 11:13:02.948254,77.6,67.66,211.78,69.28,52.22663315850129
2025-10-16 11:13:03.948253,89.44,61.15,228.85,58.86,52.138238816443014
2025-10-16 11:13:04.948253,40.93,79.8,119.14,11.71,52.082711878720445
2025-10-16 11:13:05.948252,21.01,70.68,260.41,44.83,52.04325828719209
2025-10-16 11:13:06.948252,75.05,43.19,219.42,75.95,52.202644005351736
2025-10-16 11:13:07.948251,14.46,63.35,59.82,142.16,52.79175362117948
2025-10-16 11:13:08.948251,24.24,22.39,234.36,63.94,52.08128004945616
2025-10-16 11:13:09.948250,78.23,70.77,175.06,23.18,52.048247344635655
2025-10-16 11:13:10.948250,85.06,25.5,143.87,27.86,52.02587854854698
2025-10-16 11:13:11.948249,24.43,90.87,122.02,12.74,52.10557849767363
2025-10-16 11:13:12.948249,86.56,32.41,135.63,77.77,52.303407927585035
2025-10-16 11:13:13.948249,71.65,88.91,184.85,135.32,52.63889595205442
2025-10-16 11:13:14.948248,52.03,34.96,239.79,43.01,51.99230246110412
2025-10-16 11:13:15.948248,47.84,55.04,236.17,14.43,51.89128225244615
2025-10-16 11:13:16.948247,88.08,90.87,119.58,37.2,52.232864614361176
2025-10-16 11:13:17.948247,86.05,34.67,276.81,148.37,52.47620943659667
2025-10-16 11:13:18.948246,35.51,66.65,105.23,11.83,52.07644113157572
2025-10-16 11:13:19.948246,56.54,49.99,121.7,85.9,52.39748767716636
2025-10-16 11:13:20.948245,56.22,76.19,135.08,28.34,52.13861134777798
2025-10-16 11:13:21.948245,28.95,98.07,151.29,142.65,52.73891061265484
2025-10-16 11:13:22.948244,33.89,68.17,177.12,57.47,52.21427763103255
2025-10-16 11:13:23.948244,88.58,80.6,74.09,44.07,52.30880683136276
2025-10-16 11:13:24.948244,65.71,74.17,181.8,37.66,52.11921860387585
2025-10-16 11:13:25.948243,12.59,25.9,67.61,127.92,52.63632852753814
2025-10-16 11:13:26.948243,60.76,40.43,118.4,136.91,52.641958328254574
2025-10-16 11:13:27.948242,80.75,97.69,191.04,115.21,52.545690845783355
2025-10-16 11:13:28.948242,36.05,42.89,120.93,87.05,52.390555307337934
2025-10-16 11:13:29.948241,31.37,50.58,121.73,24.79,52.088770328751444
2025-10-16 11:13:30.948241,14.32,79.26,173.11,39.5,52.15010389376954
2025-10-16 11:13:31.948240,55.3,61.79,62.1,86.48,52.503367681445795
2025-10-16 11:13:32.948240,46.03,81.54,87.72,19.08,52.16563819922414
2025-10-16 11:13:33.948239,16.09,73.7,111.24,85.58,52.455979804193746
2025-10-16 11:13:34.948239,52.22,23.3,102.91,89.11,52.38712371282213
2025-10-16 11:13:35.948239,59.22,23.38,240.21,85.65,52.185418668148635
2025-10-16 11:13:36.948238,81.26,34.62,216.2,35.23,51.983866134886405
2025-10-16 11:13:37.948238,24.14,56.81,181.52,44.72,52.121654847341304
2025-10-16 11:13:38.948237,46.57,71.62,95.36,128.82,52.69248000047156
2025-10-16 11:13:39.948237,38.63,67.77,259.03,24.38,51.9357761476471
2025-10-16 11:13:40.948236,34.24,50.26,227.42,116.52,52.41132972078763
2025-10-16 11:13:41.948236,38.69,83.72,92.97,56.58,52.3529488820084
2025-10-16 11:13:42.948235,12.29,92.33,215.82,75.41,52.30022624549183
2025-10-16 11:13:43.948235,27.77,61.13,178.71,111.26,52.471174885658606
2025-10-16 11:13:44.948234,73.4,88.55,105.97,144.59,52.79108722288223
2025-10-16 11:13:45.948234,56.54,82.09,286.41,23.27,51.92121835036078
2025-10-16 11:13:46.948233,57.54,33.12,274.88,31.72,51.88438089519805
2025-10-16 11:13:47.948233,23.1,24.28,270.99,69.06,52.061736701910625
2025-10-16 11:13:48.948233,73.53,62.89,52.69,130.39,52.740758341682735
2025-10-16 11:13:49.948232,45.48,39.1,287.76,12.91,51.783344837834235
2025-10-16 11:13:50.948232,53.26,56.78,143.63,147.68,52.69446221970035
2025-10-16 11:13:51.948231,49.57,78.46,195.89,127.93,52.566302409665326
2025-10-16 11:13:52.948231,25.61,58.24,99.47,26.01,52.13972325872144
2025-10-16 11:13:53.948230,85.78,48.68,78.09,142.46,52.74024177363384
2025-10-16 11:13:54.948230,29.02,82.38,54.04,75.05,52.49624830359948
2025-10-16 11:13:55.948229,80.63,70.46,112.44,95.9,52.50039470286521
2025-10-16 11:13:56.948229,59.9,91.75,183.21,86.71,52.40016677020627
2025-10-16 11:13:57.948228,51.22,87.4,79.99,145.34,52.82753190997591
2025-10-16 11:13:58.948228,54.73,47.9,263.11,27.18,51.905884047422404
2025-10-16 11:13:59.948227,28.9,48.92,240.3,12.56,51.864364980491956
2025-10-16 11:14:00.948227,23.61,76.25,278.06,141.1,52.51846981151083
2025-10-16 11:14:01.948227,63.16,44.65,71.44,47.35,52.25913688423089
2025-10-16 11:14:02.948226,80.6,43.62,156.85,131.16,52.567387675060104
2025-10-16 11:14:03.948226,32.88,71.54,224.62,143.08,52.59109655047235
2025-10-16 11:14:04.948225,25.82,42.73,249.46,149.43,52.533961519868534
2025-10-16 11:14:05.948225,64.11,35.07,227.23,68.43,52.138255065683644
2025-10-16 11:14:06.948224,38.74,81.94,182.29,56.69,52.23014000846627
2025-10-16 11:14:07.948224,24.62,91.19,124.94,44.67,52.26416328154118
2025-10-16 11:14:08.948223,79.68,28.34,202.32,149.98,52.572070966974586
2025-10-16 11:14:09.948223,67.34,56.92,91.34,49.57,52.26752000409962
2025-10-16 11:14:10.948222,26.13,51.67,297.88,121.91,52.34680741512431
2025-10-16 11:14:11.948222,25.47,53.52,154.36,12.18,51.9867472160005
2025-10-16 11:14:12.948222,86.36,95.24,63.77,54.3,52.40297428151045
2025-10-16 11:14:13.948221,43.32,95.88,135.55,103.64,52.55800721276424
2025-10-16 11:14:14.948221,66.7,31.36,82.7,62.48,52.2949042790571
2025-10-16 11:14:15.948220,12.4,70.37,142.58,148.11,52.72445949065243
2025-10-16 11:14:16.948220,39.88,57.44,143.44,127.35,52.59292805799181
2025-10-16 11:14:17.948219,55.1,45.82,133.47,93.24,52.41079732621691
2025-10-16 11:14:18.948219,47.56,32.95,128.71,142.25,52.64065621232378
2025-10-16 11:14:19.948218,53.35,20.27,153.14,138.92,52.56633791349458
2025-10-16 11:14:20.948218,33.24,65.2,182.52,18.05,52.00140047367847
2025-10-16 11:14:21.948217,63.4,22.34,162.16,50.85,52.111742449632715
2025-10-16 11:14:22.948217,23.37,60.3,225.44,109.7,52.39892022497814
2025-10-16 11:14:23.948217,16.63,85.43,209.83,116.19,52.501611507588976
2025-10-16 11:14:24.948216,18.16,66.61,108.31,36.04,52.194971708664724
2025-10-16 11:14:25.948216,66.0,58.94,263.0,141.88,52.50900546745779
2025-10-16 11:14:26.948215,83.66,95.8,297.71,112.77,52.386448371201794
2025-10-16 11:14:27.948215,40.28,83.34,140.26,59.84,52.305253945552046
2025-10-16 11:14:28.948214,89.05,45.01,114.57,127.89,52.610268829990964
2025-10-16 11:14:29.948214,38.36,40.91,77.51,63.39,52.32504247400157
2025-10-16 11:14:30.948213,87.31,30.67,99.18,40.52,52.160104194561185
2025-10-16 11:14:31.948213,82.61,93.93,74.96,50.97,52.36852383293169
2025-10-16 11:14:32.948212,28.06,37.1,205.11,39.09,52.02314290657684
2025-10-16 11:14:33.948212,58.7,93.03,55.0,26.81,52.27108075059406
2025-10-16 11:14:34.948211,11.56,39.63,128.66,64.28,52.258401088158166
2025-10-16 11:14:35.948211,62.73,79.04,129.01,130.83,52.6719153769466
2025-10-16 11:14:36.948211,13.77,25.15,195.33,103.37,52.338946471092335
2025-10-16 11:14:37.948210,74.47,54.2,244.07,137.99,52.50548542397554
2025-10-16 11:14:38.948210,60.25,55.34,265.43,89.37,52.23252578568092
2025-10-16 11:14:39.948209,33.54,74.87,51.3,62.57,52.42206069153286
2025-10-16 11:14:40.948209,48.92,31.64,144.59,125.92,52.53400055253349
2025-10-16 11:14:41.948208,70.83,98.15,181.94,134.54,52.656802792027534
2025-10-16 11:14:42.948208,70.27,30.23,262.8,11.18,51.79084555165616
2025-10-16 11:14:43.948207,39.91,63.95,195.33,118.81,52.4926210633475
2025-10-16 11:14:44.948207,58.45,77.01,247.95,128.34,52.495675487764046
2025-10-16 11:14:45.948206,37.52,47.62,131.09,46.08,52.178392066840416
2025-10-16 11:14:46.948206,66.93,58.6,260.6,79.94,52.197535087207726
2025-10-16 11:14:47.948205,34.02,65.83,205.22,92.06,52.347376694061026
2025-10-16 11:14:48.948205,34.47,27.29,146.26,149.15,52.64108040665294
2025-10-16 11:14:49.948204,59.61,61.68,246.89,59.91,52.12037430552939
2025-10-16 11:14:50.948204,14.57,30.51,117.0,92.29,52.39834118796707
2025-10-16 11:14:51.948204,84.87,78.88,128.88,30.96,52.16544488290913
2025-10-16 11:14:52.948203,30.85,38.51,95.62,129.1,52.62921231634942
2025-10-16 11:14:53.948203,51.65,72.47,287.15,42.69,51.99998975810499
2025-10-16 11:14:54.948202,40.34,67.4,93.38,40.03,52.23677863304186
2025-10-16 11:14:55.948202,47.26,90.21,259.61,117.1,52.44868626460579
2025-10-16 11:14:56.948201,88.17,56.64,174.42,86.27,52.34151158524832
2025-10-16 11:14:57.948201,18.09,78.13,123.19,110.4,52.57438145093044
2025-10-16 11:14:58.948200,83.48,85.85,50.89,114.41,52.70677233312757
2025-10-16 11:14:59.948200,67.4,48.58,156.79,86.41,52.3502268699377
2025-10-16 11:15:00.948199,75.78,54.69,153.69,97.68,52.42339934616177
2025-10-16 11:15:01.948199,28.97,73.32,267.59,96.67,52.30157472026066
2025-10-16 11:15:02.948199,14.69,68.38,52.45,43.19,52.30965044351952
2025-10-16 11:15:03.948198,56.56,25.5,102.33,46.28,52.1750321133612
2025-10-16 11:15:04.948198,69.2,81.05,155.69,39.82,52.178590037043364
2025-10-16 11:15:05.948197,89.86,93.63,276.15,147.87,52.589129558414285
2025-10-16 11:15:06.948197,22.66,88.89,87.14,18.36,52.17704874027086
2025-10-16 11:15:07.948196,11.61,73.34,50.57,120.86,52.71559397145756
2025-10-16 11:15:08.948196,50.33,36.66,57.32,145.32,52.75926763213776
2025-10-16 11:15:09.948195,54.31,48.87,228.93,85.12,52.2474057549101
2025-10-16 11:15:10.948195,91.35,35.3,152.61,130.15,52.551791894843014
2025-10-16 11:15:11.948194,47.17,87.46,258.39,34.4,52.02569697415667
2025-10-16 11:15:12.948194,82.27,48.2,173.3,102.65,52.40966029473971
2025-10-16 11:15:13.948193,89.72,37.46,249.62,115.94,52.353714220866884
2025-10-16 11:15:14.948193,15.22,53.76,297.7,45.7,51.964730757718435
2025-10-16 11:15:15.948193,34.47,46.81,166.53,113.49,52.47100575033302
2025-10-16 11:15:16.948192,27.88,23.72,132.46,134.42,52.57798903081896
2025-10-16 11:15:17.948192,54.93,66.07,225.71,73.18,52.224615915631816
2025-10-16 11:15:18.948191,72.59,61.79,141.21,114.86,52.54105104586383
2025-10-16 11:15:19.948191,50.17,75.48,83.02,61.92,52.37736801877025
2025-10-16 11:15:20.948190,37.08,93.37,81.68,30.62,52.255241273041996
2025-10-16 11:15:21.948190,35.46,73.17,183.79,116.66,52.51512858602053
2025-10-16 11:15:22.948189,15.29,29.3,235.87,107.23,52.31215758080176
2025-10-16 11:15:23.948189,61.17,69.98,63.71,98.53,52.57821354539645
2025-10-16 11:15:24.948188,60.18,78.79,254.78,52.67,52.10632363007582
2025-10-16 11:15:25.948188,72.03,30.79,106.08,20.35,52.048813934143595
2025-10-16 11:15:26.948187,52.69,94.57,121.22,146.89,52.7939735470429
2025-10-16 11:15:27.948187,35.23,25.23,230.21,73.69,52.14180164974468
2025-10-16 11:15:28.948187,58.67,35.28,290.54,135.67,52.39457477849884
2025-10-16 11:15:29.948186,61.07,35.66,122.51,73.16,52.303963789015725
2025-10-16 11:15:30.948186,50.75,32.23,88.74,12.44,52.03478703307971
2025-10-16 11:15:31.948185,42.15,89.84,267.58,127.05,52.48771378118634
2025-10-16 11:15:32.948185,38.31,39.3,52.81,93.7,52.508742156443205
2025-10-16 11:15:33.948184,35.49,58.05,274.36,137.76,52.47113768567642
2025-10-16 11:15:34.948184,41.03,81.06,298.84,115.93,52.372310118991905
2025-10-16 11:15:35.948183,54.96,56.23,108.23,142.95,52.71693546838846
2025-10-16 11:15:36.948183,86.8,76.26,75.75,88.87,52.525277974303954
2025-10-16 11:15:37.948182,18.41,91.18,52.35,113.64,52.71126558195818
2025-10-16 11:15:38.948182,19.6,92.71,220.87,70.46,52.269089107368956
2025-10-16 11:15:39.948182,66.37,36.27,245.61,99.52,52.273536799112726
2025-10-16 11:15:40.948181,14.14,24.84,71.0,129.03,52.63534548685633
2025-10-16 11:15:41.948181,34.04,59.97,68.72,31.17,52.210526155681244
2025-10-16 11:15:42.948180,61.08,65.12,209.93,26.69,52.008252648526295
2025-10-16 11:15:43.948180,16.61,85.47,191.54,19.81,52.037602620964506
2025-10-16 11:15:44.948179,20.15,79.16,286.73,29.97,51.949063833716245
2025-10-16 11:15:45.948179,26.19,29.73,143.36,18.18,51.985705849478435
2025-10-16 11:15:46.948178,74.58,79.46,219.38,61.76,52.201234001202735
2025-10-16 11:15:47.948178,23.2,96.0,125.33,100.16,52.554316879466064
2025-10-16 11:15:48.948177,63.03,61.2,253.18,38.52,52.002551723636365
2025-10-16 11:15:49.948177,82.24,49.88,140.84,27.23,52.07412650638688
2025-10-16 11:15:50.948177,84.62,85.42,137.98,31.76,52.169992829599025
2025-10-16 11:15:51.948176,32.0,62.82,297.95,22.84,51.86610158443277
2025-10-16 11:15:52.948176,48.99,25.94,161.34,65.0,52.19157819469862
2025-10-16 11:15:53.948175,44.2,96.12,155.45,46.64,52.242772673674274
2025-10-16 11:15:54.948175,68.53,40.89,109.72,67.93,52.304780752538555
2025-10-16 11:15:55.948174,42.45,55.08,195.49,147.7,52.621640723034226
2025-10-16 11:15:56.948174,81.78,22.32,279.49,46.06,51.92990882690549
2025-10-16 11:15:57.948173,92.93,92.83,69.44,83.74,52.53993835098864
2025-10-16 11:15:58.948173,87.59,93.35,169.08,125.07,52.616727260117294
2025-10-16 11:15:59.948172,79.22,71.15,237.81,68.71,52.19558094515707
2025-10-16 11:16:00.948172,54.97,45.97,296.04,85.2,52.15208427593144
2025-10-16 11:16:01.948171,41.95,68.53,229.91,91.56,52.316943159225964
2025-10-16 11:16:02.948169,87.09,41.44,156.44,26.88,52.0350094719121
2025-10-16 11:16:03.948169,18.96,70.87,120.28,110.07,52.562507520527
2025-10-16 11:16:04.948168,19.2,48.06,280.91,58.5,52.041089594143635
2025-10-16 11:16:05.948168,49.29,37.84,58.92,39.13,52.22103657016608
2025-10-16 11:16:06.948168,55.22,33.01,134.59,142.93,52.63632674367553
2025-10-16 11:16:07.948167,49.71,79.99,152.0,56.21,52.26458011055281
2025-10-16 11:16:08.948167,39.47,61.78,74.48,114.74,52.63000498295826
2025-10-16 11:16:09.948166,86.9,78.09,270.92,121.17,52.43058659353444
2025-10-16 11:16:10.948166,87.61,70.85,165.53,131.3,52.6093574016001
2025-10-16 11:16:11.948165,61.79,54.85,184.81,121.78,52.50411853565009
2025-10-16 11:16:12.948165,81.89,40.36,116.2,34.23,52.12419508405439
2025-10-16 11:16:13.948164,62.88,49.85,147.67,37.69,52.11793075896084
2025-10-16 11:16:14.948164,54.02,78.9,179.36,106.81,52.48227115582108
2025-10-16 11:16:15.948163,68.8,33.86,166.17,26.83,52.006964727670585
2025-10-16 11:16:16.948163,85.52,69.56,298.84,17.81,51.852501984300915
2025-10-16 11:16:17.948163,67.83,83.62,139.28,89.72,52.45860320144712
2025-10-16 11:16:18.948162,33.14,67.32,274.5,72.68,52.159011718993206
2025-10-16 11:16:19.948162,10.26,78.42,226.12,85.06,52.308294403196214
2025-10-16 11:16:20.948161,74.6,36.73,287.91,53.89,51.986303978882404
2025-10-16 11:16:21.948161,71.86,62.34,113.62,40.3,52.20114388461387
2025-10-16 11:16:22.948160,27.45,24.27,260.27,126.88,52.36925181249124
2025-10-16 11:16:23.948160,72.41,87.83,112.78,26.38,52.18122939298245
2025-10-16 11:16:24.948159,53.64,97.72,280.88,140.05,52.5510804459074
2025-10-16 11:16:25.948159,80.52,50.15,262.61,55.32,52.05359528227772
2025-10-16 11:16:26.948159,53.88,43.05,283.65,148.26,52.48275311015824
2025-10-16 11:16:27.948158,15.86,79.08,205.63,127.2,52.550730648751404
2025-10-16 11:16:28.948158,35.96,21.5,206.93,142.8,52.516188900173596
2025-10-16 11:16:29.948157,90.53,70.2,272.63,114.26,52.37792619215045
2025-10-16 11:16:30.948157,12.25,47.9,120.16,88.28,52.40756027288824
2025-10-16 11:16:31.948156,28.34,22.3,152.42,122.14,52.48617564684506
2025-10-16 11:16:32.948156,78.55,35.95,57.6,133.09,52.695506829916624
2025-10-16 11:16:33.948155,66.39,43.4,295.27,112.29,52.28546848366389
2025-10-16 11:16:34.948155,55.53,42.24,227.56,91.26,52.267491104315276
2025-10-16 11:16:35.948154,36.96,81.94,258.68,48.2,52.08454644799053
2025-10-16 11:16:36.948154,54.43,88.92,208.14,97.33,52.41504298241187
2025-10-16 11:16:37.948154,27.33,45.39,238.8,71.6,52.158848064635386
2025-10-16 11:16:38.948153,15.17,64.51,236.02,44.63,52.06299734814146
2025-10-16 11:16:39.948153,35.34,93.68,138.68,20.83,52.12968930892409
2025-10-16 11:16:40.948152,57.41,81.42,232.22,93.68,52.34963776334946
2025-10-16 11:16:41.948152,80.86,52.22,112.86,40.0,52.18097832745439
2025-10-16 11:16:42.948151,13.31,49.19,221.19,19.35,51.92496871356434
2025-10-16 11:16:43.948151,56.86,36.15,150.66,103.98,52.423381245864306
2025-10-16 11:16:44.948150,60.74,22.02,167.08,12.52,51.91018528467016
2025-10-16 11:16:45.948150,26.64,63.57,210.55,38.84,52.06600809495262
2025-10-16 11:16:46.948149,37.91,77.85,174.49,20.78,52.05060232062498
2025-10-16 11:16:47.948149,17.49,40.32,105.44,50.56,52.22135412015078
2025-10-16 11:16:48.948148,70.39,26.28,87.3,103.9,52.48885430288017
2025-10-16 11:16:49.948148,10.67,22.91,229.21,149.26,52.5217707147722
2025-10-16 11:16:50.948147,32.61,77.11,108.06,47.33,52.27295009689259
2025-10-16 11:16:51.948147,44.97,76.91,148.81,97.84,52.47393884609869
2025-10-16 11:16:52.948147,78.39,39.65,158.31,131.37,52.55877801299317
2025-10-16 11:16:53.948146,42.86,44.1,69.81,12.18,52.0819468306876
2025-10-16 11:16:54.948146,68.04,82.4,234.14,24.05,51.995945196743605
2025-10-16 11:16:55.948145,44.96,64.23,129.27,104.83,52.51096981923033
2025-10-16 11:16:56.948145,76.77,34.31,81.28,84.75,52.415450284459176
2025-10-16 11:16:57.948144,65.86,28.9,57.66,89.62,52.46133701937332
2025-10-16 11:16:58.948144,53.57,96.58,202.33,119.78,52.551547247889914
2025-10-16 11:16:59.948143,14.6,35.46,236.05,35.31,51.95925633497822
2025-10-16 11:17:00.948143,53.07,57.19,90.39,146.67,52.76161038200467
2025-10-16 11:17:01.948142,60.29,21.16,195.75,149.5,52.56450537101302
2025-10-16 11:17:02.948142,60.29,84.01,215.62,97.37,52.39566330032235
2025-10-16 11:17:03.948142,12.75,32.14,269.48,139.72,52.43727848135484
2025-10-16 11:17:04.948141,74.87,40.03,213.07,61.36,52.13105785752433
2025-10-16 11:17:05.948141,59.06,98.87,283.99,79.67,52.243017571491
2025-10-16 11:17:06.948140,55.46,51.91,191.13,129.35,52.52830072167922
2025-10-16 11:17:07.948140,63.28,37.86,182.3,134.1,52.5369352586381
2025-10-16 11:17:08.948139,58.02,40.78,193.01,70.34,52.20497278984542
2025-10-16 11:17:09.948139,54.02,47.0,173.34,40.91,52.0942571974483
2025-10-16 11:17:10.948138,66.06,63.72,264.93,136.1,52.486398663772086
2025-10-16 11:17:11.948138,29.77,38.63,107.37,119.2,52.56347936955146
2025-10-16 11:17:12.948137,17.7,83.61,172.84,74.36,52.33565695642998
2025-10-16 11:17:13.948137,50.28,56.98,259.36,128.13,52.44037181931527
2025-10-16 11:17:14.948137,47.39,36.17,251.3,40.82,51.968098929065214
2025-10-16 11:17:15.948136,26.24,56.67,252.15,92.12,52.266880259794384
2025-10-16 11:17:16.948136,43.39,45.17,106.65,96.6,52.462573777689904
2025-10-16 11:17:17.948135,83.5,31.59,276.47,38.84,51.915371269574834
2025-10-16 11:17:18.948135,28.51,50.11,88.07,16.87,52.09289008285064
2025-10-16 11:17:19.948134,82.28,94.9,211.63,103.29,52.45219475565555
2025-10-16 11:17:20.948134,23.11,77.3,247.63,58.69,52.14354782836676
2025-10-16 11:17:21.948133,30.66,37.29,199.38,126.75,52.47563458954024
2025-10-16 11:17:22.948133,50.13,53.66,174.9,143.57,52.62558367594569
2025-10-16 11:17:23.948132,58.38,95.66,104.9,75.37,52.455398864979344
2025-10-16 11:17:24.948132,74.71,60.49,116.97,133.7,52.666583462556346
2025-10-16 11:17:25.948131,79.87,50.39,62.12,113.98,52.62061186874457
2025-10-16 11:17:26.948131,38.86,62.15,76.8,125.77,52.68353081754754
2025-10-16 11:17:27.948130,54.62,90.49,94.83,127.45,52.72291323603561
2025-10-16 11:17:28.948130,44.97,27.59,290.9,34.56,51.86652772745712
2025-10-16 11:17:29.948130,81.63,82.94,124.71,106.21,52.560444539005616
2025-10-16 11:17:30.948129,42.54,38.83,217.98,139.99,52.52078337447524
2025-10-16 11:17:31.948129,33.52,94.33,262.51,117.14,52.45300179786252
2025-10-16 11:17:32.948128,42.04,53.97,109.41,79.62,52.38988102901982
2025-10-16 11:17:33.948128,24.39,65.45,79.54,139.61,52.756432808041986
2025-10-16 11:17:34.948127,40.1,43.54,148.66,133.13,52.58821466211061
2025-10-16 11:17:35.948127,13.53,62.3,159.32,18.09,52.02711295448713
2025-10-16 11:17:36.948126,62.5,47.18,142.14,124.81,52.561858733550466
2025-10-16 11:17:37.948126,87.23,40.16,54.19,73.62,52.40675646274095
2025-10-16 11:17:38.948125,66.73,73.72,155.3,107.44,52.5076989858371
2025-10-16 11:17:39.948125,31.86,44.14,109.13,113.78,52.5443444692734
2025-10-16 11:17:40.948124,28.81,35.11,130.06,99.8,52.42782252978554
2025-10-16 11:17:41.948124,90.61,61.36,164.25,126.8,52.569820399326375
2025-10-16 11:17:42.948123,50.66,45.64,139.51,58.05,52.22392824568503
2025-10-16 11:17:43.948123,32.15,97.77,286.52,92.62,52.303139306652845
2025-10-16 11:17:44.948122,32.69,29.5,260.93,118.25,52.33477504027632
2025-10-16 11:17:45.948122,76.86,72.9,94.58,19.9,52.14379737439035
2025-10-16 11:17:46.948122,93.12,41.31,69.24,83.08,52.43674877139644
2025-10-16 11:17:47.948121,15.65,42.7,218.59,138.44,52.51962613735785
2025-10-16 11:17:48.948121,41.17,28.25,145.42,75.94,52.27290378524576
2025-10-16 11:17:49.948120,63.91,62.12,275.31,141.08,52.494603217107866
2025-10-16 11:17:50.948120,70.86,96.28,57.69,69.18,52.488597864520464
2025-10-16 11:17:51.948119,76.89,26.25,110.58,127.88,52.579120715452895
2025-10-16 11:17:52.948119,30.97,31.67,213.08,112.5,52.37407588594863
2025-10-16 11:17:53.948118,12.1,85.59,284.58,33.09,51.98026284897155
2025-10-16 11:17:54.948118,81.37,66.41,192.82,57.86,52.191758450298906
2025-10-16 11:17:55.948117,54.08,57.68,193.33,15.12,51.95742106815168
2025-10-16 11:17:56.948117,25.65,89.43,263.36,71.4,52.21044051238736
2025-10-16 11:17:57.948116,36.12,69.56,54.66,98.43,52.589039604736875
2025-10-16 11:17:58.948116,87.48,79.2,135.38,146.7,52.74413469053846
2025-10-16 11:17:59.948116,42.42,77.72,67.33,94.35,52.567201662038336
2025-10-16 11:18:00.948115,52.45,22.58,186.58,89.39,52.27482133232842
2025-10-16 11:18:01.948115,92.75,57.05,292.16,141.22,52.46284085502534
2025-10-16 11:18:02.948114,93.2,53.52,204.75,57.68,52.14978301081824
2025-10-16 11:18:03.948114,93.44,38.42,284.29,39.47,51.921339183365646
2025-10-16 11:18:04.948113,72.76,21.14,266.64,130.31,52.37200815605071
2025-10-16 11:18:05.948113,71.97,79.8,156.72,24.13,52.09523112222153
2025-10-16 11:18:06.948112,68.65,98.43,53.85,66.38,52.48373487414511
2025-10-16 11:18:07.948112,18.29,29.65,246.15,121.09,52.36930654895319
2025-10-16 11:18:08.948111,94.11,70.27,258.23,123.02,52.44180611341129
2025-10-16 11:18:09.948111,40.5,45.06,101.86,95.65,52.46397393472564
2025-10-16 11:18:10.948110,29.43,97.97,268.99,143.83,52.58669232362101
2025-10-16 11:18:11.948110,21.97,52.63,177.71,80.54,52.30025211514484
2025-10-16 11:18:12.948109,13.25,55.69,154.93,73.06,52.298856147701336
2025-10-16 11:18:13.948109,29.13,74.46,53.79,12.54,52.16427259367116
2025-10-16 11:18:14.948108,54.99,21.08,92.71,133.04,52.61922499677822
2025-10-16 11:18:15.948108,10.38,64.05,64.22,92.72,52.536549615929594
2025-10-16 11:18:16.948108,15.15,69.57,125.08,113.97,52.573310374174525
2025-10-16 11:18:17.948107,83.01,83.41,149.78,38.86,52.18624266010377
2025-10-16 11:18:18.948107,85.11,27.4,267.5,71.5,52.08485516825887
2025-10-16 11:18:19.948106,71.42,41.04,81.58,132.75,52.67148179131493
2025-10-16 11:18:20.948106,89.76,41.51,295.07,48.97,51.96103629754298
2025-10-16 11:18:21.948105,57.65,74.59,70.0,83.58,52.502932040583175
2025-10-16 11:18:22.948105,55.84,27.4,203.39,144.19,52.53945306211332
2025-10-16 11:18:23.948104,39.2,38.79,201.28,18.34,51.92636735639996
2025-10-16 11:18:24.948104,59.23,31.23,244.83,56.01,52.044197613951106
2025-10-16 11:18:25.948103,24.41,77.22,92.68,135.25,52.73955916181054
2025-10-16 11:18:26.948103,87.68,70.39,230.76,45.85,52.0876697741831
2025-10-16 11:18:27.948102,70.69,64.12,200.7,75.25,52.26489620254442
2025-10-16 11:18:28.948102,44.03,85.27,84.63,90.11,52.5371516504339
2025-10-16 11:18:29.948101,53.55,28.35,131.54,51.89,52.16979945890292
2025-10-16 11:18:30.948101,87.92,29.44,140.59,87.97,52.34269147319017
2025-10-16 11:18:31.948100,60.9,51.6,204.18,106.18,52.392709029799576
2025-10-16 11:18:32.948100,33.35,66.44,178.43,137.05,52.6126225292422
2025-10-16 11:18:33.948100,25.1,93.0,230.03,141.13,52.61564786613496
2025-10-16 11:18:34.948099,83.34,22.24,187.2,91.44,52.28372169674683
2025-10-16 11:18:35.948099,58.97,34.22,91.54,47.47,52.212494787489526
2025-10-16 11:18:36.948098,35.66,47.57,202.31,65.15,52.17936914531453
2025-10-16 11:18:37.948098,32.07,87.6,194.93,45.57,52.16779210309675
2025-10-16 11:18:38.948097,37.25,21.65,148.12,61.94,52.185475223805746
2025-10-16 11:18:39.948097,34.98,28.73,294.67,23.07,51.80542837781103
2025-10-16 11:18:40.948096,43.28,37.27,103.45,45.09,52.190366413468894
2025-10-16 11:18:41.948096,29.24,56.99,161.39,89.08,52.373930339784664
2025-10-16 11:18:42.948095,46.68,60.61,217.91,100.41,52.36253159506142
2025-10-16 11:18:43.948095,65.26,56.17,212.08,41.76,52.06437891741713
2025-10-16 11:18:44.948094,89.95,67.58,130.94,137.0,52.67833724374209
2025-10-16 11:18:45.948094,50.5,24.93,239.41,27.91,51.89676666428277
2025-10-16 11:18:46.948093,25.79,46.27,103.92,95.39,52.46224153410327
2025-10-16 11:18:47.948093,43.56,59.24,106.48,46.48,52.23603735017507
2025-10-16 11:18:48.948092,46.2,92.53,140.19,133.6,52.69716379539744
2025-10-16 11:18:49.948092,14.79,97.92,291.19,141.17,52.54330673228767
2025-10-16 11:18:50.948091,60.92,48.13,270.97,46.7,51.994744382228035
2025-10-16 11:18:51.948091,27.59,65.43,75.49,91.5,52.51791644439133
2025-10-16 11:18:52.948090,27.39,66.21,72.08,138.8,52.763817654398714
2025-10-16 11:18:53.948090,42.2,98.16,156.63,49.36,52.25894285509961
2025-10-16 11:18:54.948089,63.21,58.84,270.29,93.11,52.25176410017033
2025-10-16 11:18:55.948089,52.73,33.0,263.33,135.68,52.42672315312923
2025-10-16 11:18:56.948089,84.08,64.97,90.39,148.37,52.785347098198564
2025-10-16 11:18:57.948088,52.18,43.62,286.35,51.27,51.98850339485849
2025-10-16 11:18:58.948088,83.29,28.32,153.66,57.78,52.169908045343256
2025-10-16 11:18:59.948087,64.28,43.92,75.02,46.34,52.24779176685704
2025-10-16 11:19:00.948087,90.55,93.69,74.18,25.92,52.24210278900788
2025-10-16 11:19:01.948086,30.83,56.38,262.07,141.37,52.50269377657788
2025-10-16 11:19:02.948086,70.84,28.18,107.05,58.16,52.2341342211014
2025-10-16 11:19:03.948085,60.21,65.68,104.43,127.99,52.66455351932036
2025-10-16 11:19:04.948085,78.73,75.18,98.0,101.02,52.55490949190412
2025-10-16 11:19:05.948084,55.85,46.07,210.52,96.17,52.32270216266761
2025-10-16 11:19:06.948084,88.66,88.77,66.6,135.13,52.796405461984264
2025-10-16 11:19:07.948083,79.31,68.18,97.6,79.95,52.435020843347885
2025-10-16 11:19:08.948083,73.64,20.15,281.52,11.23,51.74638125028379
2025-10-16 11:19:09.948082,92.67,66.67,286.96,27.05,51.90968072468905
2025-10-16 11:19:10.948082,57.29,79.19,276.83,108.14,52.35872897669665
2025-10-16 11:19:11.948081,46.56,84.2,74.97,134.63,52.77375391162374
2025-10-16 11:19:12.948081,24.2,26.94,196.06,64.67,52.14523838168428
2025-10-16 11:19:13.948080,91.17,73.93,119.01,72.72,52.38079656232157
2025-10-16 11:19:14.948080,73.14,21.15,160.56,42.3,52.06823008539983
2025-10-16 11:19:15.948079,14.02,21.34,237.39,128.54,52.40268970376852
2025-10-16 11:19:16.948079,55.25,46.13,220.67,105.72,52.35761072450385
2025-10-16 11:19:17.948078,94.46,95.64,161.93,77.33,52.38873708321261
2025-10-16 11:19:18.948078,60.93,63.99,112.78,18.17,52.09328017294261
2025-10-16 11:19:19.948077,68.49,80.98,156.95,36.43,52.15957545767154
2025-10-16 11:19:20.948077,73.66,28.4,122.6,68.79,52.26757998020166
2025-10-16 11:19:21.948077,26.23,53.84,200.84,66.13,52.19849473284628
2025-10-16 11:19:22.948076,58.83,51.11,252.28,96.91,52.2801867120855
2025-10-16 11:19:23.948076,35.77,21.97,200.5,50.69,52.05874271465942
2025-10-16 11:19:24.948075,93.77,22.82,130.84,87.26,52.339316960296344
2025-10-16 11:19:25.948075,73.7,74.8,101.09,120.59,52.649241483673386
2025-10-16 11:19:26.948074,46.94,67.14,242.37,44.1,52.05689624653755
2025-10-16 11:19:27.948074,38.24,58.26,203.68,63.89,52.19191431808404
2025-10-16 11:19:28.948073,20.41,40.74,217.5,32.43,51.97981731516195
2025-10-16 11:19:29.948073,49.2,35.89,158.68,66.18,52.22046613646096
2025-10-16 11:19:30.948072,58.53,73.94,55.75,143.02,52.8221556670035
2025-10-16 11:19:31.948072,38.13,75.73,171.1,15.4,52.02375748375621
2025-10-16 11:19:32.948071,32.63,61.0,143.39,89.02,52.4055823591583
2025-10-16 11:19:33.948071,45.22,57.32,174.49,132.2,52.575600942088904
2025-10-16 11:19:34.948070,92.27,61.47,206.99,44.17,52.09372930951572
2025-10-16 11:19:35.948070,40.78,43.41,67.89,126.33,52.66191628687013
2025-10-16 11:19:36.948069,22.95,92.08,108.33,35.81,52.24327121448913
2025-10-16 11:19:37.948069,32.8,54.59,205.48,36.25,52.04223356702484
2025-10-16 11:19:38.948068,69.58,54.24,113.92,88.21,52.427901945125186
2025-10-16 11:19:39.948068,48.02,32.05,285.36,116.71,52.299126338563624
2025-10-16 11:19:40.948068,43.52,31.69,81.56,101.22,52.49348508270519
2025-10-16 11:19:41.948067,45.36,96.33,80.99,80.45,52.514554045982656
2025-10-16 11:19:42.948067,78.37,46.89,240.1,81.78,52.21162953478218
2025-10-16 11:19:43.948066,28.6,67.28,211.23,89.63,52.32980621914171
2025-10-16 11:19:44.948066,76.73,31.04,214.84,133.56,52.47726174478245
2025-10-16 11:19:45.948065,70.64,32.43,139.04,82.25,52.32158232795953
2025-10-16 11:19:46.948065,65.3,28.91,245.88,148.92,52.50932727467
2025-10-16 11:19:47.948064,23.3,29.88,201.11,40.94,52.023862426193254
2025-10-16 11:19:48.948064,57.27,33.28,180.46,98.66,52.350827279022404
2025-10-16 11:19:49.948063,52.48,51.16,162.38,148.37,52.66186892182466
2025-10-16 11:19:50.948063,56.39,21.24,124.97,42.95,52.119478260075816
2025-10-16 11:19:51.948062,31.03,73.98,62.85,121.51,52.703647754242766
2025-10-16 11:19:52.948062,40.33,61.98,256.75,16.51,51.887685640077194
2025-10-16 11:19:53.948061,41.39,38.31,186.72,42.13,52.0655944060574
2025-10-16 11:19:54.948061,48.27,97.76,245.15,31.58,52.049188428574624
2025-10-16 11:19:55.948060,20.33,59.54,255.87,95.79,52.28606987866812
2025-10-16 11:19:56.948060,42.17,40.07,296.62,27.21,51.84583561953646
2025-10-16 11:19:57.948059,84.54,47.37,66.44,26.72,52.16654185468245
2025-10-16 11:19:58.948059,37.37,62.67,223.81,15.98,51.9305596992903
2025-10-16 11:19:59.948058,43.17,97.86,259.8,43.67,52.09101131440173
2025-10-16 11:20:00.948058,82.04,49.49,99.15,54.42,52.267186907505405
2025-10-16 11:20:01.948057,37.53,44.2,273.64,32.57,51.91188525650765
2025-10-16 11:20:02.948057,41.07,72.44,91.37,138.45,52.74825322133694
2025-10-16 11:20:03.948057,18.09,59.67,237.43,118.89,52.42819271674443
2025-10-16 11:20:04.948056,71.42,78.31,232.02,125.65,52.505948732327724
2025-10-16 11:20:05.948056,93.7,41.97,100.62,126.03,52.61365872431185
2025-10-16 11:20:06.948055,73.23,74.31,173.6,88.67,52.38911597590705
2025-10-16 11:20:07.948055,38.38,42.74,129.04,103.66,52.46358812423541
2025-10-16 11:20:08.948054,93.78,67.18,249.79,78.58,52.221824240580865
2025-10-16 11:20:09.948054,60.11,85.27,285.32,71.15,52.17160923291707
2025-10-16 11:20:10.948053,83.29,65.06,256.85,54.92,52.08827243346206
2025-10-16 11:20:11.948053,54.7,60.53,228.11,140.33,52.551074825107136
2025-10-16 11:20:12.948052,10.0,53.25,89.06,41.09,52.22045635004459
2025-10-16 11:20:13.948052,65.01,89.65,125.56,17.8,52.1241094140544
2025-10-16 11:20:14.948051,81.37,97.94,266.27,25.76,51.99167862756508
2025-10-16 11:20:15.948051,36.71,77.26,296.8,116.52,52.37065594808368
2025-10-16 11:20:16.948051,33.07,29.88,219.31,10.23,51.84373220565024
2025-10-16 11:20:17.948050,16.64,57.64,264.45,67.66,52.12824244651954
2025-10-16 11:20:18.948050,37.91,80.53,67.92,139.13,52.79890146622722
2025-10-16 11:20:19.948049,68.6,36.54,67.56,46.12,52.24235050146062
2025-10-16 11:20:20.948049,52.15,75.85,127.99,30.58,52.158825297100684
2025-10-16 11:20:21.948048,41.84,57.87,169.03,102.4,52.432915493527524
2025-10-16 11:20:22.948048,49.62,37.38,192.47,25.48,51.97165380057737
2025-10-16 11:20:23.948047,88.37,82.19,159.65,83.85,52.39871824481463
2025-10-16 11:20:24.948047,25.37,57.08,236.37,115.01,52.404911578775675
2025-10-16 11:20:25.948046,58.93,37.68,124.02,64.04,52.25962410370722
2025-10-16 11:20:26.948046,43.44,61.38,159.83,115.66,52.5193138542469
2025-10-16 11:20:27.948045,86.14,60.13,271.17,84.56,52.20974150905305
2025-10-16 11:20:28.948045,28.77,30.06,149.03,56.94,52.17524595990882
2025-10-16 11:20:29.948045,76.44,70.43,151.51,38.58,52.15727834350121
2025-10-16 11:20:30.948044,57.71,35.76,119.51,16.48,52.020821714650495
2025-10-16 11:20:31.948044,62.85,60.32,219.03,95.07,52.33339109496394
2025-10-16 11:20:32.948043,94.89,50.36,136.9,97.22,52.43519302211283
2025-10-16 11:20:33.948043,86.06,50.84,167.13,123.42,52.528375663340086
2025-10-16 11:20:34.948042,90.74,56.56,217.19,51.53,52.1078100625276
2025-10-16 11:20:35.948042,92.97,32.96,258.22,108.57,52.29605949572888
2025-10-16 11:20:36.948041,79.92,45.75,86.01,73.25,52.37302609273331
2025-10-16 11:20:37.948041,66.07,94.23,134.48,92.58,52.50016396382606
2025-10-16 11:20:38.948040,73.27,37.64,65.71,60.16,52.31815336350649
2025-10-16 11:20:39.948040,32.22,36.04,243.95,21.11,51.877784973738436
2025-10-16 11:20:40.948039,91.92,21.08,172.76,33.53,52.007252857196036
2025-10-16 11:20:41.948039,31.95,79.64,179.02,44.99,52.170742337512245
2025-10-16 11:20:42.948038,76.37,33.77,245.64,90.61,52.223465516588035
2025-10-16 11:20:43.948038,73.17,38.75,263.71,147.82,52.498935200633234
2025-10-16 11:20:44.948038,55.18,58.28,149.07,50.23,52.196009164156095
2025-10-16 11:20:45.948037,13.93,85.45,298.67,109.74,52.349685955708075
2025-10-16 11:20:46.948037,30.34,59.67,190.65,129.63,52.54544364766957
2025-10-16 11:20:47.948036,57.85,39.92,168.45,60.65,52.18714462476377
2025-10-16 11:20:48.948036,86.21,54.36,257.31,119.76,52.395597418377385
2025-10-16 11:20:49.948035,69.47,54.29,149.53,61.84,52.24650031433702
2025-10-16 11:20:50.948035,49.38,77.32,203.14,144.54,52.638566000106046
2025-10-16 11:20:51.948034,62.96,73.24,206.65,64.31,52.21916523717777
2025-10-16 11:20:52.948034,29.96,72.41,181.36,143.08,52.6508615386685
2025-10-16 11:20:53.948033,76.69,97.12,252.21,128.96,52.532177073176285
2025-10-16 11:20:54.948033,90.11,55.45,108.07,19.22,52.08833190806679
2025-10-16 11:20:55.948032,16.03,51.64,162.68,28.73,52.05583224499261
2025-10-16 11:20:56.948032,92.23,84.99,68.38,96.1,52.58879128651287
2025-10-16 11:20:57.948032,72.53,27.58,121.89,39.82,52.12006379506249
2025-10-16 11:20:58.948031,29.29,33.3,78.75,62.85,52.305852577784215
2025-10-16 11:20:59.948031,86.18,38.65,175.23,147.14,52.61407340187637
2025-10-16 11:21:00.948030,14.93,81.12,271.27,91.74,52.286796430821
2025-10-16 11:21:01.948030,62.52,68.76,59.41,26.31,52.21546493539925
2025-10-16 11:21:02.948029,45.38,36.43,183.53,97.39,52.34638811364635
2025-10-16 11:21:03.948029,33.62,68.13,132.36,143.74,52.71167104602927
2025-10-16 11:21:04.948028,93.07,62.52,242.6,73.13,52.19479018082168
2025-10-16 11:21:05.948028,89.89,30.8,281.51,120.63,52.32173995099793
2025-10-16 11:21:06.948027,69.38,46.68,224.69,65.22,52.14795056759321
2025-10-16 11:21:07.948027,19.8,62.79,146.16,37.82,52.14576151988797
2025-10-16 11:21:08.948026,41.1,96.39,81.73,73.77,52.47981007656855
2025-10-16 11:21:09.948026,12.28,96.99,126.67,64.39,52.37309026274186
2025-10-16 11:21:10.948025,64.69,68.47,141.29,146.55,52.71459014318071
2025-10-16 11:21:11.948025,46.87,22.03,178.54,52.65,52.09827659701307
2025-10-16 11:21:12.948025,66.39,73.8,175.77,121.54,52.55186050632073
2025-10-16 11:21:13.948024,49.25,93.33,276.44,75.4,52.22073932772773
2025-10-16 11:21:14.948024,93.47,60.57,191.33,89.75,52.34409074330656
2025-10-16 11:21:15.948023,81.65,71.53,198.33,82.6,52.319740672007185
2025-10-16 11:21:16.948023,64.46,84.75,124.08,124.48,52.65743507087074
2025-10-16 11:21:17.948022,56.19,44.76,98.75,51.59,52.24418480505581
2025-10-16 11:21:18.948022,38.96,68.69,238.19,51.45,52.10278359942432
2025-10-16 11:21:19.948021,49.66,51.04,50.58,59.61,52.36171461078785
2025-10-16 11:21:20.948021,29.56,48.47,185.76,131.75,52.54099302951577
2025-10-16 11:21:21.948020,84.02,85.76,269.56,129.84,52.49127272078202
2025-10-16 11:21:22.948020,72.07,40.65,139.75,43.53,52.14029424661146
2025-10-16 11:21:23.948019,72.6,49.94,234.92,37.46,51.999810702790946
2025-10-16 11:21:24.948019,62.8,29.74,72.44,95.5,52.472939051883976
2025-10-16 11:21:25.948018,23.74,75.32,61.02,71.67,52.45602287270402
2025-10-16 11:21:26.948018,41.49,91.84,254.48,66.11,52.200224568017056
2025-10-16 11:21:27.948018,23.32,76.88,277.95,50.79,52.061976119287074
2025-10-16 11:21:28.948017,92.49,57.85,234.88,130.78,52.48836089595005
2025-10-16 11:21:29.948017,77.51,29.48,289.28,119.53,52.30316720175255
2025-10-16 11:21:30.948016,22.7,36.54,296.57,58.37,51.997022446215354
2025-10-16 11:21:31.948016,33.62,62.32,231.33,90.66,52.29840687876883
2025-10-16 11:21:32.948015,37.18,26.02,285.58,122.19,52.31489693527688
2025-10-16 11:21:33.948015,50.61,90.0,182.99,117.11,52.55118750083204
2025-10-16 11:21:34.948014,32.25,62.24,165.27,77.93,52.32239350984082
2025-10-16 11:21:35.948014,72.33,95.82,111.7,18.01,52.15576980624807
2025-10-16 11:21:36.948013,50.53,68.48,80.06,50.02,52.30740732116909
2025-10-16 11:21:37.948013,84.15,64.7,171.53,54.48,52.19988004979269
2025-10-16 11:21:38.948013,18.78,67.38,77.2,43.83,52.277726369697106
2025-10-16 11:21:39.948012,94.18,54.29,131.35,116.35,52.54726806680795
2025-10-16 11:21:40.948012,63.0,71.97,219.05,117.63,52.47037979568537
2025-10-16 11:21:41.948011,15.9,52.04,243.99,135.29,52.487706765075714
2025-10-16 11:21:42.948010,26.25,67.66,91.35,20.32,52.140080672725695
2025-10-16 11:21:43.948009,65.12,31.1,76.54,10.62,52.039741882437355
2025-10-16 11:21:44.948009,44.85,59.5,113.6,145.11,52.72703171211942
2025-10-16 11:21:45.948008,19.98,98.4,209.01,114.33,52.51848510762645
2025-10-16 11:21:46.948008,69.13,85.17,164.77,80.87,52.38252713282272
2025-10-16 11:21:47.948007,78.92,21.48,252.31,112.36,52.30090087757842
2025-10-16 11:21:48.948007,14.34,83.11,246.08,69.2,52.21020340730317
2025-10-16 11:21:49.948006,69.14,68.03,279.8,22.67,51.899729078207045
2025-10-16 11:21:50.948006,71.48,85.45,237.72,96.1,52.36235447694807
2025-10-16 11:21:51.948005,89.2,81.26,149.49,14.24,52.05763243875037
2025-10-16 11:21:52.948005,86.74,86.84,137.42,37.43,52.20225041227482
2025-10-16 11:21:53.948004,71.09,44.61,63.08,37.27,52.21917713433624
2025-10-16 11:21:54.948004,80.94,94.32,218.93,62.3,52.23345131490242
2025-10-16 11:21:55.948004,24.61,34.34,155.2,32.24,52.050052467696375
2025-10-16 11:21:56.948003,72.68,67.12,96.16,67.5,52.37177356383476
2025-10-16 11:21:57.948003,82.25,71.48,275.11,84.07,52.22402291975558
2025-10-16 11:21:58.948002,92.22,80.46,147.26,10.8,52.0416310058365
2025-10-16 11:21:59.948002,12.11,44.03,279.24,38.54,51.93430468610667
2025-10-16 11:22:00.948001,74.18,76.99,188.13,139.53,52.632674586843706
2025-10-16 11:22:01.948001,61.28,85.44,264.15,15.13,51.91634167140696
2025-10-16 11:22:02.948000,84.44,90.3,213.82,147.03,52.662075048461084
2025-10-16 11:22:03.948000,28.2,31.28,117.67,149.93,52.691168862503574
2025-10-16 11:22:04.947999,49.47,53.68,57.2,44.21,52.27988059061912
2025-10-16 11:22:05.947999,78.63,36.62,223.97,69.83,52.152741268339106
2025-10-16 11:22:06.947998,89.22,93.43,144.53,59.58,52.31781004253342
2025-10-16 11:22:07.947998,50.74,27.31,178.98,59.81,52.14424654818659
2025-10-16 11:22:08.947998,41.97,86.7,273.5,101.66,52.344939356619165
2025-10-16 11:22:09.947997,16.01,98.35,140.54,33.02,52.19806940609779
2025-10-16 11:22:10.947997,34.9,74.33,247.01,52.37,52.10656697481174
2025-10-16 11:22:11.947996,83.81,65.91,284.77,37.63,51.96478376663066
2025-10-16 11:22:12.947996,79.41,59.28,62.75,126.42,52.70011082445573
2025-10-16 11:22:13.947995,67.54,95.95,191.41,107.59,52.503180148331296
2025-10-16 11:22:14.947995,75.44,21.56,183.11,129.44,52.480548383715394
2025-10-16 11:22:15.947994,28.58,85.44,169.47,24.76,52.09226838459111
2025-10-16 11:22:16.947994,59.07,90.55,283.98,16.05,51.904314782395204
2025-10-16 11:22:17.947993,74.4,25.35,118.75,45.11,52.14676577130692
2025-10-16 11:22:18.947993,23.0,40.68,124.86,116.32,52.52938198646984
2025-10-16 11:22:19.947993,39.51,28.0,292.07,97.21,52.183384995859846
2025-10-16 11:22:20.947992,50.19,70.29,134.9,106.03,52.52127132425586
2025-10-16 11:22:21.947992,64.23,63.34,237.85,103.49,52.35668335430156
2025-10-16 11:22:22.947991,11.45,98.7,124.94,33.69,52.22308860548912
2025-10-16 11:22:23.947991,32.17,59.24,77.15,141.88,52.75908295055434
2025-10-16 11:22:24.947990,86.9,88.51,154.48,148.8,52.74723160793764
2025-10-16 11:22:25.947990,36.67,74.29,182.81,68.13,52.272576735417495
2025-10-16 11:22:26.947989,76.99,69.86,117.18,108.25,52.55547924497904
2025-10-16 11:22:27.947989,37.21,33.95,163.07,11.85,51.935353630013246
2025-10-16 11:22:28.947988,41.84,31.91,116.57,25.25,52.0617506349487
2025-10-16 11:22:29.947988,50.61,96.29,139.43,23.54,52.14749364964065
2025-10-16 11:22:30.947988,16.08,47.56,176.74,49.83,52.136004829957265
2025-10-16 11:22:31.947987,45.73,70.0,83.38,148.49,52.8051401973215
2025-10-16 11:22:32.947987,20.99,64.92,255.28,100.05,52.318914068338294
2025-10-16 11:22:33.947986,75.74,35.0,104.4,122.54,52.577346329300674
2025-10-16 11:22:34.947986,63.73,27.66,174.33,10.14,51.89934553274392
2025-10-16 11:22:35.947985,18.08,81.68,228.96,133.73,52.55757015254885
2025-10-16 11:22:36.947985,51.57,38.3,154.07,100.15,52.40356345522458
2025-10-16 11:22:37.947984,55.54,52.74,107.28,15.19,52.06369463858489
2025-10-16 11:22:38.947984,39.77,67.19,199.11,143.25,52.6177515936659
2025-10-16 11:22:39.947983,78.29,79.71,235.56,22.88,51.9828799791369
2025-10-16 11:22:40.947983,86.79,37.92,161.4,19.27,51.98292878775852
2025-10-16 11:22:41.947982,82.25,61.94,54.86,64.89,52.40391867088453
2025-10-16 11:22:42.947982,54.16,25.17,59.25,73.54,52.37043000668227
2025-10-16 11:22:43.947982,86.79,88.38,265.11,15.57,51.92299659661398
2025-10-16 11:22:44.947981,60.0,61.94,280.87,105.13,52.304525364795325
2025-10-16 11:22:45.947981,52.48,86.55,278.06,21.49,51.93206985853691
2025-10-16 11:22:46.947980,70.21,89.08,135.92,77.73,52.41293503933768
2025-10-16 11:22:47.947980,75.98,26.83,280.24,50.53,51.96032826338195
2025-10-16 11:22:48.947979,58.62,76.39,217.43,126.93,52.528293727706085
2025-10-16 11:22:49.947979,67.27,50.65,254.4,52.77,52.05266006214023
2025-10-16 11:22:50.947978,27.57,64.65,194.34,81.25,52.304883661256
2025-10-16 11:22:51.947978,20.58,62.09,167.28,110.33,52.483669504176866
2025-10-16 11:22:52.947977,11.09,46.73,55.18,104.0,52.57221857042542
2025-10-16 11:22:53.947977,16.32,45.06,68.79,28.34,52.16711167087236
2025-10-16 11:22:54.947976,79.58,93.96,51.99,142.89,52.865446376156456
2025-10-16 11:22:55.947976,76.47,32.19,118.0,54.55,52.20892402319599
2025-10-16 11:22:56.947976,71.69,23.74,236.15,108.56,52.30772070080538
2025-10-16 11:22:57.947975,24.25,93.88,79.33,103.61,52.62944138244958
2025-10-16 11:22:58.947975,62.24,87.07,266.7,39.22,52.03822044302918
2025-10-16 11:22:59.947974,14.4,71.54,146.09,111.6,52.53691777531244
2025-10-16 11:23:00.947974,15.57,93.73,291.47,61.89,52.13284477345786
2025-10-16 11:23:01.947973,90.03,33.87,173.73,147.42,52.608218325747835
2025-10-16 11:23:02.947973,55.95,35.32,290.01,21.68,51.817442458648685
2025-10-16 11:23:03.947972,38.53,21.1,106.57,103.97,52.453274565680026
2025-10-16 11:23:04.947972,27.56,47.57,202.2,21.96,51.96054645303378
2025-10-16 11:23:05.947971,49.03,66.74,202.28,59.76,52.189332978622176
2025-10-16 11:23:06.947971,55.8,85.91,62.13,147.74,52.86078060559631
2025-10-16 11:23:07.947971,35.18,29.35,241.54,73.99,52.136118502706964
2025-10-16 11:23:08.947970,84.12,65.62,92.95,126.46,52.672091271841786
2025-10-16 11:23:09.947970,91.44,36.12,163.1,72.9,52.24904937373282
2025-10-16 11:23:10.947969,92.83,33.36,270.75,64.52,52.05668534671456
2025-10-16 11:23:11.947969,80.53,32.95,247.72,46.91,51.99752379497727
2025-10-16 11:23:12.947968,50.12,47.95,282.93,74.81,52.12085468517048
2025-10-16 11:23:13.947968,12.03,95.57,296.31,142.53,52.53876205003027
2025-10-16 11:23:14.947967,90.7,58.45,251.78,86.39,52.24178509205316
2025-10-16 11:23:15.947967,44.18,58.12,231.12,27.23,51.96894171107474
2025-10-16 11:23:16.947966,10.47,49.76,174.95,80.66,52.298988785410394
2025-10-16 11:23:17.947966,59.98,76.2,70.71,138.88,52.78547463573933
2025-10-16 11:23:18.947966,57.3,74.95,232.58,148.98,52.61694943472948
2025-10-16 11:23:19.947965,72.54,44.85,102.56,109.12,52.53091813777153
2025-10-16 11:23:20.947965,40.63,77.69,249.08,138.32,52.54607779204199
2025-10-16 11:23:21.947964,15.12,45.99,150.57,26.28,52.048689106080886
2025-10-16 11:23:22.947964,16.32,91.16,51.28,42.27,52.3508220964038
2025-10-16 11:23:23.947963,64.0,43.46,54.44,123.87,52.66759737955036
2025-10-16 11:23:24.947963,81.42,94.62,104.47,120.49,52.682710556862574
2025-10-16 11:23:25.947962,71.16,70.01,158.75,69.45,52.303251667936344
2025-10-16 11:23:26.947962,58.38,47.79,147.6,26.52,52.05739066834633
2025-10-16 11:23:27.947961,59.83,64.43,129.18,117.47,52.575563213171364
2025-10-16 11:23:28.947961,88.71,45.51,208.09,134.79,52.52067691859141
2025-10-16 11:23:29.947961,38.22,63.88,213.44,118.82,52.468223951978885
2025-10-16 11:23:30.947960,18.23,96.9,147.88,98.94,52.519608140039246
2025-10-16 11:23:31.947960,76.39,85.62,256.6,17.86,51.940667861237316
2025-10-16 11:23:32.947959,43.09,36.95,208.39,38.96,52.01778910096991
2025-10-16 11:23:33.947959,87.49,90.94,257.47,76.69,52.24810167011597
2025-10-16 11:23:34.947958,17.47,46.06,163.95,132.66,52.570202495501654
2025-10-16 11:23:35.947958,58.92,55.62,62.85,142.12,52.772462523589084
2025-10-16 11:23:36.947957,19.22,98.98,277.58,33.62,52.0183660638397
2025-10-16 11:23:37.947957,62.68,39.11,220.05,58.13,52.10352395594917
2025-10-16 11:23:38.947956,79.13,40.62,118.38,92.43,52.416843804680646
2025-10-16 11:23:39.947956,83.35,45.24,59.45,33.64,52.20687057330629
2025-10-16 11:23:40.947956,87.06,61.34,175.75,25.91,52.042837911858825
2025-10-16 11:23:41.947955,54.29,31.01,288.66,117.43,52.29632570833063
2025-10-16 11:23:42.947955,68.02,69.89,162.86,110.59,52.50607801542618
2025-10-16 11:23:43.947954,90.2,48.2,167.58,62.75,52.21504882920979
2025-10-16 11:23:44.947954,29.97,23.14,63.03,51.18,52.24804723561564
2025-10-16 11:23:45.947953,44.05,39.65,284.57,102.79,52.244381483809555
2025-10-16 11:23:46.947953,73.26,27.6,97.32,13.16,52.01792229503619
2025-10-16 11:23:47.947952,21.52,43.91,247.14,113.05,52.35492481714388
2025-10-16 11:23:48.947952,63.23,35.77,96.58,41.73,52.17963933189324
2025-10-16 11:23:49.947952,65.99,74.4,195.68,51.64,52.17190996004919
2025-10-16 11:23:50.947951,66.14,98.44,129.07,147.16,52.79232424029404
2025-10-16 11:23:51.947951,31.75,65.41,193.4,105.73,52.43173430615768
2025-10-16 11:23:52.947950,40.11,47.63,117.7,76.24,52.34929606676245
2025-10-16 11:23:53.947950,33.1,39.47,231.2,65.16,52.12489678794783
2025-10-16 11:23:54.947949,87.87,85.74,104.81,29.81,52.205257377722276
2025-10-16 11:23:55.947949,19.97,72.39,219.36,79.0,52.274928293485694
2025-10-16 11:23:56.947948,16.32,44.73,278.64,80.13,52.14732884373063
2025-10-16 11:23:57.947944,10.15,56.82,212.98,117.81,52.45000209589644
2025-10-16 11:23:58.947943,81.14,62.33,142.26,68.14,52.30382356013136
2025-10-16 11:23:59.947943,14.72,52.03,103.03,29.8,52.142092113904184
2025-10-16 11:24:00.947942,21.81,23.81,289.26,120.09,52.29501546119623
2025-10-16 11:24:01.947942,49.6,78.74,239.17,100.55,52.36993047598915
2025-10-16 11:24:02.947941,27.35,41.65,284.24,122.92,52.350768555368546
2025-10-16 11:24:03.947941,82.11,64.19,244.7,46.99,52.06268809908472
2025-10-16 11:24:04.947941,70.87,39.0,252.57,77.21,52.15638800058969
2025-10-16 11:24:05.947940,63.09,82.0,64.24,94.1,52.57839910356168
2025-10-16 11:24:06.947940,91.32,27.68,66.35,144.04,52.72320615486126
2025-10-16 11:24:07.947939,38.55,65.82,220.92,25.12,51.98689953418861
2025-10-16 11:24:08.947939,53.73,91.19,69.9,96.86,52.60265153865715
2025-10-16 11:24:09.947938,78.03,71.8,170.66,78.4,52.336117233947704
2025-10-16 11:24:10.947938,67.77,70.14,57.67,117.78,52.68422904696305
2025-10-16 11:24:11.947937,27.65,37.72,102.15,66.14,52.299708092618886
2025-10-16 11:24:12.947937,57.34,33.57,227.88,76.81,52.17695375334291
2025-10-16 11:24:13.947936,21.95,71.61,153.76,109.41,52.515654046129264
2025-10-16 11:24:14.947936,82.77,87.87,286.39,144.41,52.54664825829929
2025-10-16 11:24:15.947936,15.75,28.91,97.1,48.66,52.20074576682431
2025-10-16 11:24:16.947935,20.09,28.83,194.16,42.16,52.03733745385969
2025-10-16 11:24:17.947935,33.51,22.59,103.86,139.83,52.64161568605671
2025-10-16 11:24:18.947934,88.49,28.8,140.37,142.0,52.61567161064154
2025-10-16 11:24:19.947934,38.63,63.9,99.12,42.71,52.235859300365306
2025-10-16 11:24:20.947933,75.12,84.37,234.39,22.95,51.99386069591483
2025-10-16 11:24:21.947933,13.98,32.38,209.44,55.07,52.08917586258357
2025-10-16 11:24:22.947932,80.95,34.73,122.15,83.46,52.35486022630007
2025-10-16 11:24:23.947932,49.76,81.49,190.26,110.64,52.492089078560575
2025-10-16 11:24:24.947931,37.7,85.19,163.9,59.27,52.27422339797389
2025-10-16 11:24:25.947931,70.52,66.4,195.88,40.3,52.098603112892505
2025-10-16 11:24:26.947930,27.14,45.51,288.55,45.7,51.96098306522149
2025-10-16 11:24:27.947930,16.14,88.3,94.42,17.3,52.16075510054757
2025-10-16 11:24:28.947930,38.9,75.04,61.47,44.07,52.31494456077922
2025-10-16 11:24:29.947929,13.23,81.67,217.68,141.02,52.609653373155474
2025-10-16 11:24:30.947929,66.22,52.97,218.53,69.19,52.18857021061099
2025-10-16 11:24:31.947928,10.68,57.43,225.87,43.5,52.05713658786994
2025-10-16 11:24:32.947928,68.85,62.27,105.26,50.16,52.26222028327285
2025-10-16 11:24:33.947927,80.94,89.54,284.06,133.93,52.49988836954028
2025-10-16 11:24:34.947927,90.16,72.79,211.03,85.86,52.32166791073603
2025-10-16 11:24:35.947926,82.9,24.33,77.67,144.56,52.70413636700234
2025-10-16 11:24:36.947926,23.86,36.81,247.99,48.45,52.01246964936228
2025-10-16 11:24:37.947925,27.19,58.2,259.33,97.52,52.28759213774077
2025-10-16 11:24:38.947925,57.61,23.47,91.69,136.4,52.64227343515905
2025-10-16 11:24:39.947924,48.27,59.32,193.46,115.25,52.46808563025059
2025-10-16 11:24:40.947924,16.19,86.81,151.83,56.68,52.28044358769951
2025-10-16 11:24:41.947923,19.48,61.46,101.45,62.59,52.32878031181175
2025-10-16 11:24:42.947923,10.88,96.99,83.93,40.89,52.3113232205582
2025-10-16 11:24:43.947923,61.11,38.48,230.92,58.3,52.088569206531965
2025-10-16 11:24:44.947922,36.37,91.27,249.84,72.98,52.24017636903571
2025-10-16 11:24:45.947922,40.14,40.8,50.77,29.75,52.19017335606438
2025-10-16 11:24:46.947921,91.65,60.41,216.97,140.86,52.56848361416217
2025-10-16 11:24:47.947921,44.39,27.61,178.45,137.81,52.54099569094129
2025-10-16 11:24:48.947920,78.63,51.21,148.11,33.4,52.09823277814573
2025-10-16 11:24:49.947920,52.25,28.14,100.97,149.1,52.70327821062263
2025-10-16 11:24:50.947919,74.31,39.79,226.34,103.83,52.32809718271628
2025-10-16 11:24:51.947919,80.71,39.72,195.73,56.43,52.128738813157945
2025-10-16 11:24:52.947918,28.37,78.64,155.22,17.43,52.061022182011435
2025-10-16 11:24:53.947918,39.95,30.86,144.59,57.53,52.1857522354065
2025-10-16 11:24:54.947918,44.27,57.06,84.42,141.78,52.74458023602197
2025-10-16 11:24:55.947917,46.6,87.01,272.51,46.4,52.066706323853346
2025-10-16 11:24:56.947917,57.57,82.66,207.31,139.64,52.61850181912225
2025-10-16 11:24:57.947916,63.57,98.49,295.33,135.69,52.5110733622512
2025-10-16 11:24:58.947916,60.33,80.12,164.73,24.82,52.0885981552639
2025-10-16 11:24:59.947915,14.06,81.6,91.08,98.09,52.56181947871757
2025-10-16 11:25:00.947915,70.58,26.19,289.5,120.66,52.302207869351605
2025-10-16 11:25:01.947914,33.73,49.51,102.35,84.3,52.41441949471258
2025-10-16 11:25:02.947914,37.74,68.82,212.99,146.14,52.61693783672718
2025-10-16 11:25:03.947913,61.65,85.59,168.57,13.07,52.03450056070986
2025-10-16 11:25:04.947913,29.9,35.06,160.62,58.33,52.17644998756119
2025-10-16 11:25:05.947912,39.87,34.19,232.3,112.96,52.355502923328494
2025-10-16 11:25:06.947912,83.18,46.03,191.8,71.54,52.22288269576302
2025-10-16 11:25:07.947912,55.5,84.82,130.27,85.83,52.453308449562954
2025-10-16 11:25:08.947911,22.32,77.94,260.4,96.35,52.3185819924311
2025-10-16 11:25:09.947910,32.78,26.74,197.06,65.64,52.14842513140816
2025-10-16 11:25:10.947910,94.02,20.67,145.64,99.81,52.378898523564615
2025-10-16 11:25:11.947910,50.36,37.95,134.28,20.31,52.02466708529052
2025-10-16 11:25:12.947909,24.28,43.79,238.29,24.67,51.91849174153487
2025-10-16 11:25:13.947909,20.48,41.12,261.02,34.34,51.93181581731061
2025-10-16 11:25:14.947908,22.75,81.9,67.21,107.2,52.640633816090386
2025-10-16 11:25:15.947908,28.75,27.82,111.42,89.23,52.38509095649445
2025-10-16 11:25:16.947907,46.74,70.37,56.46,119.64,52.69573041443009
2025-10-16 11:25:17.947907,52.96,21.96,262.55,28.38,51.86231401115311
2025-10-16 11:25:18.947906,57.33,70.13,200.56,15.62,51.97444253010376
2025-10-16 11:25:19.947906,16.04,37.01,212.72,63.78,52.13792858931643
2025-10-16 11:25:20.947905,40.84,68.95,173.56,31.82,52.09052867129574
2025-10-16 11:25:21.947905,66.97,64.53,162.22,95.27,52.41885045628804
2025-10-16 11:25:22.947904,56.96,67.69,270.97,77.89,52.19088388832158
2025-10-16 11:25:23.947904,66.63,71.06,250.8,99.98,52.33650439346456
2025-10-16 11:25:24.947904,77.61,86.27,185.1,136.89,52.641390174119145
2025-10-16 11:25:25.947903,23.9,30.47,68.86,40.2,52.19879629987681
2025-10-16 11:25:26.947903,78.99,26.06,104.71,69.64,52.291358863657464
2025-10-16 11:25:27.947902,89.12,41.17,54.96,64.47,52.36129549556594
2025-10-16 11:25:28.947902,30.85,63.49,268.98,50.25,52.04526114885235
2025-10-16 11:25:29.947901,31.64,80.51,290.91,45.66,52.0256228950141
2025-10-16 11:25:30.947901,66.6,49.22,109.26,29.3,52.12573338109713
2025-10-16 11:25:31.947900,40.89,93.96,260.45,123.1,52.48526507020801
2025-10-16 11:25:32.947900,59.75,64.69,61.22,80.52,52.479967425373715
2025-10-16 11:25:33.947899,51.58,45.17,246.35,71.7,52.148792055645835
2025-10-16 11:25:34.947899,80.31,22.39,277.35,132.64,52.3718724040344
2025-10-16 11:25:35.947898,29.28,97.31,286.97,112.59,52.40288788877959
2025-10-16 11:25:36.947898,75.83,39.55,191.48,89.86,52.30360171786789
2025-10-16 11:25:37.947897,32.03,27.34,231.49,58.69,52.06813441312952
2025-10-16 11:25:38.947897,20.67,23.24,180.34,64.49,52.158239410540894
2025-10-16 11:25:39.947896,24.33,58.53,271.89,84.14,52.20353650717257
2025-10-16 11:25:40.947896,82.64,60.35,108.7,12.22,52.06151815370445
2025-10-16 11:25:41.947895,50.06,90.77,222.13,72.16,52.2722467612314
2025-10-16 11:25:42.947895,92.96,32.94,210.35,66.96,52.149323896241434
2025-10-16 11:25:43.947894,25.09,61.21,122.33,130.04,52.642231053299064
2025-10-16 11:25:44.947894,41.58,30.8,220.72,78.38,52.18914292632699
2025-10-16 11:25:45.947893,84.21,92.2,196.62,68.98,52.29314903206422
2025-10-16 11:25:46.947893,48.47,50.08,82.72,107.66,52.560313024947774
2025-10-16 11:25:47.947892,30.7,84.46,155.06,98.01,52.48108131893157
2025-10-16 11:25:48.947892,56.36,34.96,275.25,30.08,51.87914492538837
2025-10-16 11:25:49.947892,56.83,75.85,83.8,103.59,52.588303943665856
2025-10-16 11:25:50.947891,61.87,62.18,275.79,94.25,52.25665051627196
2025-10-16 11:25:51.947891,69.32,63.31,86.13,39.98,52.238310357646306
2025-10-16 11:25:52.947890,60.1,21.44,198.33,100.93,52.31533933780614
2025-10-16 11:25:53.947890,19.76,96.13,175.33,22.08,52.091586648608654
2025-10-16 11:25:54.947889,38.35,38.23,237.14,132.72,52.457037706706686
2025-10-16 11:25:55.947889,63.76,54.81,160.58,45.34,52.14902279869421
2025-10-16 11:25:56.947888,60.53,73.18,101.48,122.2,52.653732589233016
2025-10-16 11:25:57.947888,43.63,41.81,135.91,16.47,52.01051097219329
2025-10-16 11:25:58.947887,34.03,39.93,150.41,133.08,52.578597046694156
2025-10-16 11:25:59.947887,27.46,61.71,239.43,142.69,52.550136254267755
2025-10-16 11:26:00.947886,43.02,96.67,137.1,112.52,52.60248251068359
2025-10-16 11:26:01.947886,52.42,65.65,74.74,18.2,52.14772476563511
2025-10-16 11:26:02.947885,78.31,76.5,123.44,121.93,52.62933479314973
2025-10-16 11:26:03.947885,43.3,59.96,60.33,129.87,52.72217217428738
2025-10-16 11:26:04.947885,26.43,52.25,184.01,24.08,52.004807911064134
2025-10-16 11:26:05.947884,14.52,84.62,67.01,143.95,52.83250771794805
2025-10-16 11:26:06.947884,28.6,42.35,81.23,16.01,52.08263333822429
2025-10-16 11:26:07.947883,83.63,70.96,131.27,42.77,52.20672244633749
2025-10-16 11:26:08.947883,30.54,20.21,253.73,13.57,51.79566819658549
2025-10-16 11:26:09.947882,45.36,77.99,218.48,63.07,52.20622736397115
2025-10-16 11:26:10.947882,88.49,83.6,118.85,138.14,52.73147671981436
2025-10-16 11:26:11.947881,47.75,52.34,167.1,91.18,52.36787607914311
2025-10-16 11:26:12.947881,73.01,22.58,119.3,55.93,52.195501517208704
2025-10-16 11:26:13.947880,39.51,32.7,270.37,110.93,52.29120853138611
2025-10-16 11:26:14.947880,85.23,25.02,73.03,91.78,52.44411511506962
2025-10-16 11:26:15.947879,42.89,32.29,132.95,81.87,52.32755923764275
2025-10-16 11:26:16.947879,67.68,20.89,276.55,47.09,51.93629893556732
2025-10-16 11:26:17.947878,10.85,35.2,102.11,45.86,52.19204679181964
2025-10-16 11:26:18.947878,83.72,43.8,64.6,56.33,52.31219554759568
2025-10-16 11:26:19.947878,58.5,49.85,243.49,140.42,52.51013120799425
2025-10-16 11:26:20.947877,58.69,46.31,75.08,88.07,52.463923647862416
2025-10-16 11:26:21.947877,73.54,24.53,102.88,145.96,52.677779713237776
2025-10-16 11:26:22.947876,12.5,48.34,184.85,96.62,52.36385533821298
2025-10-16 11:26:23.947876,76.9,93.21,232.52,45.4,52.12736864007096
2025-10-16 11:26:24.947875,19.74,26.06,285.28,139.73,52.40430400404345
2025-10-16 11:26:25.947875,64.38,80.75,180.18,114.29,52.52268829427645
2025-10-16 11:26:26.947874,70.83,26.76,169.15,123.56,52.479582264238616
2025-10-16 11:26:27.947874,50.78,25.12,143.58,18.86,51.97990006850865
2025-10-16 11:26:28.947873,26.23,95.33,141.23,47.33,52.263825479921366
2025-10-16 11:26:29.947873,64.53,83.26,243.16,81.55,52.2770284992272
2025-10-16 11:26:30.947872,76.02,41.69,53.82,136.54,52.729226333411916
2025-10-16 11:26:31.947872,15.02,69.39,281.34,130.59,52.447451467856794
2025-10-16 11:26:32.947871,32.13,47.98,277.64,25.85,51.879790676985
2025-10-16 11:26:33.947871,91.44,60.95,94.51,108.86,52.57169166000116
2025-10-16 11:26:34.947871,47.16,61.93,169.16,81.33,52.33380676237099
2025-10-16 11:26:35.947870,62.89,93.18,109.52,134.94,52.74639353680519
2025-10-16 11:26:36.947870,50.67,25.84,216.16,142.86,52.51253561326137
2025-10-16 11:26:37.947869,11.3,56.67,139.58,73.28,52.322482459544055
2025-10-16 11:26:38.947869,89.81,78.65,138.77,126.06,52.63387164413471
2025-10-16 11:26:39.947868,18.6,94.28,252.31,76.94,52.26278637527844
2025-10-16 11:26:40.947868,28.8,48.2,220.91,71.04,52.18548564914827
2025-10-16 11:26:41.947867,49.92,92.26,206.83,135.91,52.61888974342742
2025-10-16 11:26:42.947867,23.27,88.29,230.11,43.8,52.11293167907044
2025-10-16 11:26:43.947866,41.91,95.81,169.91,125.23,52.62120440331018
2025-10-16 11:26:44.947866,74.27,33.5,66.58,139.52,52.711290524985884
2025-10-16 11:26:45.947865,82.07,81.15,170.12,62.78,52.27581842265107
2025-10-16 11:26:46.947865,60.62,79.71,246.36,89.27,52.30497429113466
2025-10-16 11:26:47.947864,86.83,54.81,53.28,128.24,52.71336516014984
2025-10-16 11:26:48.947864,80.61,24.2,129.13,46.91,52.139722365690446
2025-10-16 11:26:49.947864,13.28,44.11,125.09,61.95,52.26008608090619
2025-10-16 11:26:50.947863,26.49,94.06,200.88,40.29,52.145588131012204
2025-10-16 11:26:51.947863,93.99,44.33,54.23,16.58,52.12561684738982
2025-10-16 11:26:52.947862,12.43,46.39,50.11,109.72,52.60736413183071
2025-10-16 11:26:53.947862,28.36,67.18,244.04,23.64,51.951001271714404
2025-10-16 11:26:54.947861,57.7,81.09,158.94,42.58,52.18829780991866
2025-10-16 11:26:55.947861,54.34,65.57,126.52,128.72,52.638386077030425
2025-10-16 11:26:56.947860,12.4,92.34,240.44,105.57,52.42010367984984
2025-10-16 11:26:57.947860,66.51,98.78,297.7,29.67,51.970941083601794
2025-10-16 11:26:58.947859,61.71,65.1,52.13,133.8,52.7630929792769
2025-10-16 11:26:59.947859,81.32,64.35,248.69,94.33,52.297653205427714
2025-10-16 11:27:00.947858,24.06,68.63,241.57,145.02,52.57252305949265
2025-10-16 11:27:01.947858,89.5,40.54,123.26,75.19,52.32273156291602
2025-10-16 11:27:02.947857,59.45,24.31,290.0,13.68,51.755502169208164
2025-10-16 11:27:03.947857,64.21,43.77,286.92,114.28,52.30748608624754
2025-10-16 11:27:04.947856,29.79,27.27,287.26,58.65,51.99292709747637
2025-10-16 11:27:05.947856,57.75,95.73,202.74,65.99,52.27663351099771
2025-10-16 11:27:06.947856,36.14,68.93,63.41,92.16,52.54428048970601
2025-10-16 11:27:07.947855,86.91,93.29,128.55,13.93,52.10754797299853
2025-10-16 11:27:08.947855,87.06,95.47,276.32,68.97,52.19245913461223
2025-10-16 11:27:09.947854,15.71,79.84,180.58,75.34,52.32290918240668
2025-10-16 11:27:10.947854,91.99,93.88,252.08,105.72,52.40823051478182
2025-10-16 11:27:11.947853,47.91,97.54,146.76,149.64,52.77940086253322
2025-10-16 11:27:12.947853,10.21,49.5,74.79,67.31,52.365259870610856
2025-10-16 11:27:13.947852,48.46,96.48,238.41,110.58,52.45627392215778
2025-10-16 11:27:14.947852,93.5,77.42,169.25,65.42,52.28312296614605
2025-10-16 11:27:15.947851,23.45,54.98,87.94,101.49,52.531545463663946
2025-10-16 11:27:16.947851,14.88,94.8,165.1,114.33,52.570436736797774
2025-10-16 11:27:17.947851,58.77,91.42,213.49,124.11,52.54849156247589
2025-10-16 11:27:18.947850,22.05,54.8,284.51,58.04,52.047021540699134
2025-10-16 11:27:19.947850,19.7,60.96,228.71,87.53,52.2834125077019
2025-10-16 11:27:20.947849,64.54,71.81,85.22,121.34,52.66853856481952
2025-10-16 11:27:21.947849,21.88,96.83,213.97,113.01,52.50208346937127
2025-10-16 11:27:22.947846,10.85,68.5,79.78,149.79,52.81364918370574
2025-10-16 11:27:23.947846,75.2,41.15,60.23,11.01,52.08314335179267
2025-10-16 11:27:24.947845,82.02,64.84,73.26,133.88,52.734627359334915
2025-10-16 11:27:25.947845,34.79,86.02,115.65,80.1,52.44621617340982
2025-10-16 11:27:26.947844,43.73,45.95,270.74,37.8,51.94569464943878
2025-10-16 11:27:27.947844,51.82,50.58,255.41,39.54,51.98409296492741
2025-10-16 11:27:28.947843,44.04,93.33,222.2,91.78,52.37659936003812
2025-10-16 11:27:29.947843,85.59,88.68,78.74,149.21,52.85131786309986
2025-10-16 11:27:30.947843,14.78,33.03,63.56,52.03,52.27086309091791
2025-10-16 11:27:31.947842,70.99,78.61,221.21,128.53,52.53564498240147
2025-10-16 11:27:32.947842,70.85,60.27,277.87,102.68,52.29288629740598
2025-10-16 11:27:33.947841,21.38,67.8,72.06,107.05,52.60596379730171
2025-10-16 11:27:34.947841,79.56,29.85,223.73,130.63,52.44816008640312
2025-10-16 11:27:35.947840,64.02,52.26,190.15,54.11,52.14883475023053
2025-10-16 11:27:36.947840,43.07,49.28,264.21,61.57,52.081443880918044
2025-10-16 11:27:37.947839,10.24,77.02,167.05,147.64,52.70214889889718
2025-10-16 11:27:38.947839,10.52,57.58,229.95,35.51,52.01144210590744
2025-10-16 11:27:39.947838,44.28,60.65,51.25,89.87,52.532905135762114
2025-10-16 11:27:40.947838,55.9,47.21,58.74,71.88,52.40552594931947
2025-10-16 11:27:41.947837,67.26,51.88,80.51,37.4,52.210564120318956
2025-10-16 11:27:42.947837,23.06,22.57,138.71,146.7,52.6296228352379
2025-10-16 11:27:43.947837,19.81,60.69,101.91,16.1,52.090965409049716
2025-10-16 11:27:44.947836,26.99,54.18,272.66,95.9,52.25367244753781
2025-10-16 11:27:45.947836,17.97,37.14,77.01,37.66,52.18793861389034
2025-10-16 11:27:46.947835,55.56,48.24,251.96,128.4,52.43469156769764
2025-10-16 11:27:47.947835,89.33,97.06,238.72,66.59,52.233958491152
2025-10-16 11:27:48.947834,61.99,45.98,280.37,129.7,52.398751888804746
2025-10-16 11:27:49.947834,36.43,53.78,211.28,128.51,52.50062531005979
2025-10-16 11:27:50.947833,69.29,96.64,110.8,116.72,52.65902439340057
2025-10-16 11:27:51.947833,25.16,70.23,243.62,133.97,52.51685735215405
2025-10-16 11:27:52.947832,76.91,32.74,75.7,14.9,52.06575564250384
2025-10-16 11:27:53.947832,77.38,48.76,70.53,81.58,52.441888698588855
2025-10-16 11:27:54.947831,75.19,80.95,208.64,81.83,52.32030077790616
2025-10-16 11:27:55.947831,92.27,82.38,294.79,20.3,51.89547443050207
2025-10-16 11:27:56.947831,43.13,68.22,222.92,106.21,52.39999901420284
2025-10-16 11:27:57.947830,13.69,84.52,114.36,108.92,52.59114862568633
2025-10-16 11:27:58.947830,43.26,29.3,133.96,25.28,52.033485845239746
2025-10-16 11:27:59.947829,41.69,68.24,295.83,44.47,51.98914216926299
2025-10-16 11:28:00.947829,51.08,49.23,262.34,65.9,52.10580991157764
2025-10-16 11:28:01.947828,48.41,65.92,210.68,35.58,52.05387203829012
2025-10-16 11:28:02.947828,32.83,71.31,94.16,89.98,52.49657240247513
2025-10-16 11:28:03.947827,36.09,59.64,167.33,76.44,52.3070216302556
2025-10-16 11:28:04.947827,56.73,51.51,187.7,40.55,52.08191810329324
2025-10-16 11:28:05.947826,60.75,72.4,105.83,126.4,52.667670971802586
2025-10-16 11:28:06.947826,81.82,27.3,76.77,48.83,52.22577118838857
2025-10-16 11:28:07.947825,90.95,66.7,142.81,127.4,52.612021016359975
2025-10-16 11:28:08.947825,22.87,85.17,165.82,86.81,52.411232955106016
2025-10-16 11:28:09.947825,80.34,58.07,283.93,59.3,52.06054242958276
2025-10-16 11:28:10.947824,94.28,41.34,224.94,30.33,51.96034852160935
2025-10-16 11:28:11.947824,65.82,41.22,191.45,123.35,52.476679100462356
2025-10-16 11:28:12.947823,74.11,30.56,73.43,122.14,52.60826640922433
2025-10-16 11:28:13.947823,49.3,62.97,192.38,38.63,52.088169845740495
2025-10-16 11:28:14.947822,80.86,91.69,54.82,105.54,52.66787429349472
2025-10-16 11:28:15.947822,48.6,81.42,199.84,87.71,52.36283883545429
2025-10-16 11:28:16.947821,77.19,37.36,210.96,93.69,52.292613076636606
2025-10-16 11:28:17.947821,25.22,83.49,253.52,68.92,52.19953439341063
2025-10-16 11:28:18.947820,77.4,64.12,95.93,99.12,52.52656407842009
2025-10-16 11:28:19.947820,29.66,77.98,256.32,75.06,52.216198067782635
2025-10-16 11:28:20.947820,60.06,60.85,131.66,94.14,52.446995887123904
2025-10-16 11:28:21.947819,42.61,77.58,255.33,50.27,52.09106621433118
2025-10-16 11:28:22.947819,52.96,41.76,50.63,43.56,52.26224249916265
2025-10-16 11:28:23.947818,15.8,28.31,220.51,96.32,52.27554093718822
2025-10-16 11:28:24.947818,20.95,93.2,158.23,60.73,52.30480195631057
2025-10-16 11:28:25.947817,61.99,44.66,250.01,13.68,51.848730216953854
2025-10-16 11:28:26.947817,75.27,51.48,276.03,14.91,51.833288048605475
2025-10-16 11:28:27.947816,15.35,74.88,292.14,84.4,52.20944081996572
2025-10-16 11:28:28.947816,39.24,95.98,190.94,112.03,52.5263798932791
2025-10-16 11:28:29.947815,50.98,66.81,197.46,17.88,51.98361086343729
2025-10-16 11:28:30.947815,77.68,98.31,197.17,131.74,52.62247235911777
2025-10-16 11:28:31.947814,63.68,61.87,293.06,92.31,52.22302833661302
2025-10-16 11:28:32.947814,72.84,20.7,204.55,102.24,52.3121929600963
2025-10-16 11:28:33.947814,78.11,35.28,288.84,29.85,51.860356743987545
2025-10-16 11:28:34.947813,20.87,21.75,133.28,21.5,52.000563465467984
2025-10-16 11:28:35.947813,48.6,28.8,223.74,129.2,52.438856334822766
2025-10-16 11:28:36.947812,77.07,38.84,103.66,31.49,52.124184194606435
2025-10-16 11:28:37.947812,83.61,77.24,109.91,112.54,52.60132943791775
2025-10-16 11:28:38.947811,29.93,97.66,285.8,36.82,52.02098991909064
2025-10-16 11:28:39.947811,26.23,45.42,69.91,147.49,52.77039005998262
2025-10-16 11:28:40.947810,16.15,23.0,203.88,143.61,52.527304769935995
2025-10-16 11:28:41.947810,43.1,35.37,153.44,105.21,52.42436957867119
2025-10-16 11:28:42.947809,74.32,91.61,225.69,32.91,52.07010506493699
2025-10-16 11:28:43.947809,59.69,89.02,119.1,138.19,52.74192656361395
2025-10-16 11:28:44.947808,30.07,29.54,219.16,31.03,51.94872748188807
2025-10-16 11:28:45.947808,10.24,67.54,169.91,87.46,52.374779768573035
2025-10-16 11:28:46.947808,75.34,28.3,262.75,60.68,52.038123996387924
2025-10-16 11:28:47.947807,48.93,44.07,145.69,73.1,52.28888360350444
2025-10-16 11:28:48.947807,78.51,26.63,53.7,33.57,52.178072451658224
2025-10-16 11:28:49.947806,63.1,25.24,65.74,143.52,52.71664736024147
2025-10-16 11:28:50.947806,43.71,58.06,93.6,136.07,52.70525038958675
2025-10-16 11:28:51.947805,51.09,32.32,70.83,93.47,52.46982180461832
2025-10-16 11:28:52.947805,71.75,71.78,64.19,142.33,52.80312988816418
2025-10-16 11:28:53.947804,53.59,37.9,99.3,51.89,52.23163731747567
2025-10-16 11:28:54.947804,61.44,88.47,162.26,91.78,52.44762209080907
2025-10-16 11:28:55.947803,16.8,92.68,66.67,56.71,52.406325204353
2025-10-16 11:28:56.947803,22.17,39.4,245.99,75.08,52.15519964001513
2025-10-16 11:28:57.947802,36.11,41.18,298.24,79.46,52.110721708669686
2025-10-16 11:28:58.947802,45.32,40.56,222.49,124.62,52.44016574294308
2025-10-16 11:28:59.947802,23.07,69.46,154.64,46.88,52.19327203592795
2025-10-16 11:29:00.947801,13.77,57.59,178.93,15.48,51.97840265427468
2025-10-16 11:29:01.947801,65.94,28.21,196.25,33.06,51.98719058720176
