timestamp,cpu_load,memory_usage,disk_io,network_io,prediction
2025-10-12 07:29:03.117920,64.24,59.47,58.44,23.51,51.75915905715361
2025-10-12 07:29:04.117920,49.04,93.11,284.5,92.16,52.72383560955924
2025-10-12 07:29:05.117919,91.98,25.61,231.6,134.05,52.84957906658578
2025-10-12 07:29:06.117919,28.61,63.93,131.85,73.98,52.25584417231855
2025-10-12 07:29:07.117918,59.97,78.5,279.4,74.87,52.589889243522954
2025-10-12 07:29:08.117918,69.52,49.98,191.51,117.54,52.66660145029493
2025-10-12 07:29:09.117917,80.17,42.89,239.06,83.78,52.541720489001456
2025-10-12 07:29:10.117917,44.59,21.42,160.53,63.56,52.225242874653944
2025-10-12 07:29:11.117916,68.39,44.42,181.53,49.02,52.187081312728665
2025-10-12 07:29:12.117916,35.77,36.37,141.19,92.29,52.38229808002015
2025-10-12 07:29:13.117915,47.02,85.66,249.46,124.85,52.86066019354661
2025-10-12 07:29:14.117915,86.13,66.72,241.38,123.2,52.82164728596658
2025-10-12 07:29:15.117915,90.74,49.8,295.86,75.97,52.61692594266205
2025-10-12 07:29:16.117914,71.1,89.03,284.78,16.77,52.22179496095682
2025-10-12 07:29:17.117914,41.82,95.2,82.73,98.21,52.32751850957714
2025-10-12 07:29:18.117913,79.7,40.45,228.19,87.11,52.53888820437367
2025-10-12 07:29:19.117913,12.2,45.68,220.11,26.37,52.121128918798455
2025-10-12 07:29:20.117912,18.73,59.77,130.1,49.99,52.09050792383478
2025-10-12 07:29:21.117912,66.22,92.02,243.22,92.3,52.6346230250116
2025-10-12 07:29:22.117911,34.76,76.88,157.74,15.09,51.92833848196065
2025-10-12 07:29:23.117911,90.87,68.38,87.84,36.63,51.9149636201229
2025-10-12 07:29:24.117910,47.07,42.67,274.1,103.0,52.745166039513826
2025-10-12 07:29:25.117910,46.5,29.44,180.94,92.49,52.4659873060306
2025-10-12 07:29:26.117909,67.64,63.12,216.98,82.92,52.49937525773487
2025-10-12 07:29:27.117909,75.24,31.69,296.64,11.12,52.17812105226744
2025-10-12 07:29:28.117909,50.42,91.97,173.78,49.53,52.20010842339492
2025-10-12 07:29:29.117908,28.19,90.02,131.75,123.3,52.59748751415406
2025-10-12 07:29:30.117908,75.73,90.42,101.67,57.12,52.093217454880644
2025-10-12 07:29:31.117907,37.23,21.1,230.03,33.55,52.17662658313955
2025-10-12 07:29:32.117907,24.88,62.64,95.01,10.7,51.75521955497157
2025-10-12 07:29:33.117906,63.69,55.04,190.61,80.35,52.420626851893545
2025-10-12 07:29:34.117905,17.69,97.26,236.5,43.95,52.30205398496443
2025-10-12 07:29:35.117905,92.56,44.82,247.25,31.1,52.21091052597059
2025-10-12 07:29:36.117905,63.75,48.21,191.57,146.95,52.860946916842266
2025-10-12 07:29:37.117904,93.8,72.61,241.25,131.7,52.88105805865544
2025-10-12 07:29:38.117904,38.81,86.11,111.63,97.71,52.38182668828655
2025-10-12 07:29:39.117903,92.55,49.29,96.82,77.99,52.19833588845005
2025-10-12 07:29:40.117903,22.37,42.51,296.54,71.59,52.58527455017624
2025-10-12 07:29:41.117902,13.46,28.27,193.85,42.52,52.16167721791853
2025-10-12 07:29:42.117902,12.8,48.3,256.67,108.87,52.749453019495355
2025-10-12 07:29:43.117901,49.51,21.21,96.87,103.45,52.35180667263446
2025-10-12 07:29:44.117901,17.06,81.71,129.33,92.37,52.38232728712508
2025-10-12 07:29:45.117900,53.53,81.03,230.73,87.44,52.569162047491396
2025-10-12 07:29:46.117900,37.84,53.63,212.91,36.33,52.17604128435699
2025-10-12 07:29:47.117900,38.53,57.29,146.27,12.32,51.87417748616259
2025-10-12 07:29:48.117899,64.03,66.56,57.02,19.99,51.736660290042906
2025-10-12 07:29:49.117899,23.86,87.37,214.42,90.91,52.560343978316205
2025-10-12 07:29:50.117898,75.16,87.76,162.21,59.15,52.23652118515096
2025-10-12 07:29:51.117898,59.47,79.08,205.39,128.77,52.787430716329155
2025-10-12 07:29:52.117897,87.77,49.23,88.2,149.84,52.65648852632321
2025-10-12 07:29:53.117897,41.01,74.96,297.22,89.03,52.72055387467286
2025-10-12 07:29:54.117896,93.53,27.88,239.0,62.61,52.39273093286481
2025-10-12 07:29:55.117896,58.95,90.77,223.02,124.46,52.803566551148535
2025-10-12 07:29:56.117895,92.74,59.32,94.12,66.82,52.123921772073345
2025-10-12 07:29:57.117895,12.3,88.67,202.1,112.41,52.677045080943124
2025-10-12 07:29:58.117894,71.88,98.81,151.28,144.51,52.78551242845301
2025-10-12 07:29:59.117894,79.41,74.23,227.8,116.56,52.75229932824758
2025-10-12 07:30:00.117893,14.52,76.33,242.58,66.54,52.453532447621924
2025-10-12 07:30:01.117893,59.21,54.36,129.69,83.25,52.307362273373315
2025-10-12 07:30:02.117893,78.17,96.66,270.28,87.23,52.66224619303018
2025-10-12 07:30:03.117892,57.69,24.0,299.21,76.48,52.613224636414834
2025-10-12 07:30:04.117892,15.42,90.92,146.1,69.87,52.27448757934006
2025-10-12 07:30:05.117891,68.94,41.88,232.71,136.22,52.87544023458964
2025-10-12 07:30:06.117891,15.15,47.88,154.11,138.77,52.725221133045736
2025-10-12 07:30:07.117890,79.48,81.32,195.97,23.8,52.07153845715655
2025-10-12 07:30:08.117890,13.66,45.42,240.27,52.84,52.34039749617497
2025-10-12 07:30:09.117889,21.68,33.5,50.46,110.12,52.30225132319556
2025-10-12 07:30:10.117889,33.38,40.13,274.99,26.82,52.240061773053974
2025-10-12 07:30:11.117888,63.84,53.25,215.23,123.51,52.759492764685625
2025-10-12 07:30:12.117888,92.99,28.88,251.09,20.33,52.13888948334077
2025-10-12 07:30:13.117887,20.01,84.28,233.34,129.91,52.85851279307087
2025-10-12 07:30:14.117887,22.13,72.73,129.79,15.15,51.86580514917686
2025-10-12 07:30:15.117887,41.35,35.45,81.76,17.68,51.75768262351789
2025-10-12 07:30:16.117886,81.08,63.07,245.67,43.59,52.300534475430574
2025-10-12 07:30:17.117886,49.71,28.87,94.11,119.0,52.45328990954552
2025-10-12 07:30:18.117885,37.34,80.76,173.56,92.11,52.47600705727861
2025-10-12 07:30:19.117885,57.7,50.85,183.02,56.61,52.24426637938668
2025-10-12 07:30:20.117884,32.14,26.67,294.06,127.93,52.94502348868763
2025-10-12 07:30:21.117884,44.1,31.82,297.08,86.82,52.68158353985166
2025-10-12 07:30:22.117883,38.27,39.03,257.33,85.3,52.5892889756851
2025-10-12 07:30:23.117883,78.35,60.78,172.67,73.59,52.34004104592123
2025-10-12 07:30:24.117882,88.56,34.82,181.99,149.09,52.84692294358319
2025-10-12 07:30:25.117882,74.56,48.16,88.16,110.13,52.39224343780927
2025-10-12 07:30:26.117882,47.32,35.02,198.01,142.34,52.83698015761383
2025-10-12 07:30:27.117881,52.87,54.44,113.37,83.77,52.27546038996918
2025-10-12 07:30:28.117881,20.63,44.77,268.84,35.0,52.283596026010734
2025-10-12 07:30:29.117880,73.48,82.93,235.82,39.78,52.264930291632226
2025-10-12 07:30:30.117880,60.7,65.72,123.05,62.59,52.16215525082057
2025-10-12 07:30:31.117879,86.71,39.89,122.44,91.24,52.33661882671956
2025-10-12 07:30:32.117879,27.05,77.97,248.54,129.71,52.88664361933497
2025-10-12 07:30:33.117878,74.58,41.11,193.46,143.5,52.83819827727617
2025-10-12 07:30:34.117878,68.2,77.02,94.22,122.02,52.50035833167773
2025-10-12 07:30:35.117877,32.6,28.55,159.59,97.8,52.454428030690664
2025-10-12 07:30:36.117877,66.73,66.8,205.88,58.96,52.31831951179259
2025-10-12 07:30:37.117876,88.57,21.24,131.02,105.15,52.43717721263116
2025-10-12 07:30:38.117876,88.07,72.44,74.37,103.39,52.33110530549687
2025-10-12 07:30:39.117876,71.17,91.01,104.87,135.76,52.62243557727058
2025-10-12 07:30:40.117875,14.09,69.5,126.94,66.06,52.19572643796157
2025-10-12 07:30:41.117875,84.14,50.15,234.57,120.88,52.78226047303762
2025-10-12 07:30:42.117874,65.91,68.68,174.22,112.35,52.60505543472664
2025-10-12 07:30:43.117874,36.39,78.31,280.58,131.78,52.97006582836598
2025-10-12 07:30:44.117873,25.92,63.99,234.66,138.75,52.90876148556475
2025-10-12 07:30:45.117873,19.88,36.98,273.49,53.33,52.4110080774979
2025-10-12 07:30:46.117872,14.27,72.73,270.64,141.75,53.01157492290995
2025-10-12 07:30:47.117872,74.1,98.69,281.42,91.23,52.71408667639765
2025-10-12 07:30:48.117871,30.05,88.88,150.44,123.29,52.637325176752036
2025-10-12 07:30:49.117871,12.06,58.16,144.99,68.29,52.24336908900123
2025-10-12 07:30:50.117870,43.77,58.75,116.85,60.24,52.12923280994947
2025-10-12 07:30:51.117870,51.02,68.93,96.37,69.1,52.14928075707396
2025-10-12 07:30:52.117869,24.38,98.38,231.22,99.26,52.65832819688835
2025-10-12 07:30:53.117869,13.74,92.36,249.71,15.09,52.13643084854827
2025-10-12 07:30:54.117868,26.08,97.62,273.97,41.93,52.37011873711249
2025-10-12 07:30:55.117868,67.72,64.04,202.64,142.84,52.86648474431815
2025-10-12 07:30:56.117867,16.99,52.25,173.74,129.56,52.70910059574846
2025-10-12 07:30:57.117867,57.18,53.8,221.65,56.08,52.32617736866332
2025-10-12 07:30:58.117867,22.45,47.98,62.42,39.55,51.86786042828786
2025-10-12 07:30:59.117866,26.63,86.39,274.03,75.47,52.58661329751789
2025-10-12 07:31:00.117866,43.41,47.44,298.9,66.17,52.5571622548949
2025-10-12 07:31:01.117865,18.57,47.5,243.78,87.73,52.58073950594683
2025-10-12 07:31:02.117865,24.72,46.99,75.87,52.48,51.98230141762545
2025-10-12 07:31:03.117864,39.66,63.35,51.99,136.88,52.499786594881115
2025-10-12 07:31:04.117864,38.02,57.35,250.51,126.42,52.85760937064764
2025-10-12 07:31:05.117863,73.69,44.55,111.11,72.61,52.19098564312135
2025-10-12 07:31:06.117863,16.36,26.21,275.21,19.92,52.186998692409794
2025-10-12 07:31:07.117862,83.14,56.85,270.55,123.81,52.8834744692331
2025-10-12 07:31:08.117862,79.38,42.45,134.6,86.13,52.33050163796317
2025-10-12 07:31:09.117861,75.11,78.6,75.0,33.36,51.87109561420684
2025-10-12 07:31:10.117861,36.3,93.05,235.96,54.36,52.36763396539826
2025-10-12 07:31:11.117861,79.94,84.58,242.6,132.32,52.894760066899046
2025-10-12 07:31:12.117860,25.54,30.97,296.84,55.66,52.47377507509176
2025-10-12 07:31:13.117860,20.57,74.9,162.72,146.96,52.81328571413234
2025-10-12 07:31:14.117859,13.82,92.35,292.91,103.9,52.81957463002097
2025-10-12 07:31:15.117859,89.84,63.19,59.25,55.79,51.977234060790266
2025-10-12 07:31:16.117858,36.18,84.74,192.98,144.75,52.8697247197052
2025-10-12 07:31:17.117858,88.0,22.39,294.95,15.45,52.198021018708026
2025-10-12 07:31:18.117857,33.17,32.93,135.95,13.66,51.84713617889827
2025-10-12 07:31:19.117857,87.14,92.31,100.78,106.23,52.41829120604563
2025-10-12 07:31:20.117856,86.83,70.83,207.63,97.05,52.577167921040726
2025-10-12 07:31:21.117856,88.51,53.81,279.97,74.55,52.575266788467445
2025-10-12 07:31:22.117856,52.17,37.66,164.88,143.38,52.773493197529994
2025-10-12 07:31:23.117855,83.61,98.77,213.22,83.73,52.51642786722143
2025-10-12 07:31:24.117855,90.82,92.06,268.26,23.4,52.23165361983134
2025-10-12 07:31:25.117854,37.59,36.18,287.32,21.61,52.23002812467421
2025-10-12 07:31:26.117854,45.6,44.23,89.06,45.61,51.96377733206918
2025-10-12 07:31:27.117853,71.14,44.88,79.4,26.72,51.81780993713395
2025-10-12 07:31:28.117853,35.53,24.31,64.68,113.0,52.34709699420179
2025-10-12 07:31:29.117852,74.07,51.17,194.9,56.02,52.26629591153136
2025-10-12 07:31:30.117852,16.28,30.6,250.02,73.85,52.49274828771788
2025-10-12 07:31:31.117851,54.5,93.62,158.25,126.48,52.67807438558439
2025-10-12 07:31:32.117851,20.4,55.32,89.54,148.68,52.65508363219356
2025-10-12 07:31:33.117850,34.93,25.55,189.63,42.85,52.153201287163355
2025-10-12 07:31:34.117850,31.98,25.63,91.84,57.98,52.04156217375022
2025-10-12 07:31:35.117849,81.31,38.24,53.8,69.21,52.04060480684293
2025-10-12 07:31:36.117849,26.45,82.88,90.85,89.02,52.27728124637498
2025-10-12 07:31:37.117849,78.72,25.22,123.16,106.85,52.43362632199143
2025-10-12 07:31:38.117848,77.49,86.36,287.05,108.02,52.83087747391709
2025-10-12 07:31:39.117848,52.41,78.45,123.0,95.08,52.384770942637914
2025-10-12 07:31:40.117847,29.88,34.92,102.98,106.37,52.39206652138632
2025-10-12 07:31:41.117847,29.29,34.81,119.33,12.75,51.80609373719305
2025-10-12 07:31:42.117846,49.52,64.14,299.27,43.34,52.415727657707535
2025-10-12 07:31:43.117846,10.75,36.41,157.41,12.54,51.88818469604605
2025-10-12 07:31:44.117845,55.16,27.14,214.68,42.28,52.204635502131374
2025-10-12 07:31:45.117845,90.99,67.48,78.51,10.77,51.72258847057546
2025-10-12 07:31:46.117845,23.15,77.38,161.0,59.35,52.2294498410896
2025-10-12 07:31:47.117844,58.73,77.63,268.51,104.13,52.759989479343346
2025-10-12 07:31:48.117844,91.75,93.16,263.32,53.95,52.42431715888669
2025-10-12 07:31:49.117843,83.14,28.78,245.08,143.0,52.93998325903331
2025-10-12 07:31:50.117843,82.28,47.15,152.17,131.82,52.6744787012664
2025-10-12 07:31:51.117842,79.86,88.8,123.55,140.56,52.6935812347212
2025-10-12 07:31:52.117842,36.27,32.19,133.89,135.97,52.654052001358075
2025-10-12 07:31:53.117841,85.7,59.27,90.21,39.31,51.93282395977469
2025-10-12 07:31:54.117841,90.01,30.6,227.28,82.73,52.502364026433376
2025-10-12 07:31:55.117840,52.14,76.41,66.32,127.0,52.47255773403925
2025-10-12 07:31:56.117840,40.14,22.86,65.2,72.93,52.081465751433704
2025-10-12 07:31:57.117839,45.21,80.52,60.66,129.23,52.477368628644534
2025-10-12 07:31:58.117839,38.41,70.85,272.5,41.84,52.35144103215457
2025-10-12 07:31:59.117838,28.06,64.43,190.95,13.93,51.985745264105354
2025-10-12 07:32:00.117838,62.57,26.6,210.13,51.85,52.25798422783751
2025-10-12 07:32:01.117837,57.82,71.84,73.33,138.28,52.56008759828103
2025-10-12 07:32:02.117837,49.32,21.19,112.66,24.45,51.86170514814124
2025-10-12 07:32:03.117835,18.15,36.08,220.41,137.74,52.85562384009755
2025-10-12 07:32:04.117835,77.74,91.39,209.69,38.86,52.206854899069405
2025-10-12 07:32:05.117834,24.87,41.67,289.95,13.78,52.186817332607276
2025-10-12 07:32:06.117834,19.74,64.87,131.7,101.05,52.43571066575464
2025-10-12 07:32:07.117834,62.96,94.14,130.01,80.86,52.31432277388029
2025-10-12 07:32:08.117833,43.88,85.03,105.74,134.86,52.61502248013618
2025-10-12 07:32:09.117833,15.08,54.68,279.39,111.51,52.81980355976938
2025-10-12 07:32:10.117832,40.22,83.01,256.67,98.6,52.70059792928585
2025-10-12 07:32:11.117832,75.6,73.99,77.32,20.77,51.790000823211
2025-10-12 07:32:12.117831,62.3,27.62,244.06,112.44,52.73429285850799
2025-10-12 07:32:13.117831,40.84,22.15,246.51,37.49,52.23910601297065
2025-10-12 07:32:14.117830,26.3,21.74,219.25,98.3,52.583359533132274
2025-10-12 07:32:15.117830,63.7,73.6,266.28,68.22,52.51456905004444
2025-10-12 07:32:16.117829,85.44,49.19,166.76,97.47,52.47927121540127
2025-10-12 07:32:17.117829,64.93,86.91,270.03,14.12,52.17103461486642
2025-10-12 07:32:18.117828,79.1,57.81,224.09,116.65,52.73571543759141
2025-10-12 07:32:19.117828,54.33,48.91,79.99,15.73,51.748388698611464
2025-10-12 07:32:20.117828,71.03,53.58,298.57,105.74,52.822496018368895
2025-10-12 07:32:21.117827,86.18,76.77,266.81,81.98,52.608809888720856
2025-10-12 07:32:22.117827,75.72,65.86,225.32,135.69,52.869233670774285
2025-10-12 07:32:23.117826,87.34,56.35,179.48,65.1,52.295997609179686
2025-10-12 07:32:24.117826,46.65,52.57,239.61,110.99,52.728896474239356
2025-10-12 07:32:25.117825,86.86,80.55,74.26,112.51,52.39590949000752
2025-10-12 07:32:26.117825,62.83,62.72,220.41,88.82,52.54575179967514
2025-10-12 07:32:27.117824,83.95,90.57,67.96,94.94,52.27120342674697
2025-10-12 07:32:28.117824,13.35,58.56,154.88,121.89,52.62079656711012
2025-10-12 07:32:29.117823,65.92,70.21,82.37,18.85,51.786107959439235
2025-10-12 07:32:30.117823,82.08,26.91,54.39,42.04,51.85524906183756
2025-10-12 07:32:31.117822,24.81,73.64,191.2,119.5,52.69209986136978
2025-10-12 07:32:32.117822,66.25,58.64,210.63,119.88,52.7284208564337
2025-10-12 07:32:33.117822,80.12,74.77,240.53,13.37,52.09531845611758
2025-10-12 07:32:34.117821,34.48,32.55,222.74,126.25,52.78245245192136
2025-10-12 07:32:35.117821,44.45,93.8,53.1,42.83,51.8949048920232
2025-10-12 07:32:36.117820,58.41,90.21,154.27,84.4,52.38825163945381
2025-10-12 07:32:37.117820,54.13,37.76,293.13,120.79,52.90178603889984
2025-10-12 07:32:38.117819,13.33,44.01,160.92,16.4,51.92564521678871
2025-10-12 07:32:39.117819,18.39,73.62,211.35,33.62,52.165791167275835
2025-10-12 07:32:40.117818,18.54,33.03,286.43,49.04,52.40840372732409
2025-10-12 07:32:41.117818,32.29,63.51,259.63,148.02,53.024180675382446
2025-10-12 07:32:42.117818,30.9,49.44,288.74,47.21,52.41039676221605
2025-10-12 07:32:43.117817,73.09,72.39,111.37,49.43,52.05318654134152
2025-10-12 07:32:44.117817,58.68,36.54,250.59,117.55,52.7873344972296
2025-10-12 07:32:45.117816,74.94,80.6,168.55,146.81,52.82810614837135
2025-10-12 07:32:46.117816,15.94,87.15,232.3,133.66,52.88274310486471
2025-10-12 07:32:47.117815,51.24,84.57,69.1,145.39,52.60518489802344
2025-10-12 07:32:48.117815,37.52,91.43,74.16,17.37,51.7702821278331
2025-10-12 07:32:49.117814,82.24,74.24,146.75,135.49,52.702151323528255
2025-10-12 07:32:50.117814,70.16,85.6,139.26,26.34,51.9677750996122
2025-10-12 07:32:51.117813,83.89,22.26,145.69,119.04,52.56175421351955
2025-10-12 07:32:52.117813,13.95,47.21,119.26,85.56,52.296094259083674
2025-10-12 07:32:53.117812,71.27,44.44,201.46,74.58,52.39996693769426
2025-10-12 07:32:54.117812,55.9,85.18,73.42,78.44,52.17053387929424
2025-10-12 07:32:55.117812,80.13,38.13,222.12,125.45,52.77890204151906
2025-10-12 07:32:56.117811,53.11,29.04,82.61,133.03,52.52156110147552
2025-10-12 07:32:57.117811,55.92,37.26,122.96,15.83,51.83577261360827
2025-10-12 07:32:58.117810,14.4,48.9,151.87,69.77,52.262963441321574
2025-10-12 07:32:59.117809,66.82,38.86,117.17,140.89,52.6541521633902
2025-10-12 07:33:00.117809,33.22,46.9,52.45,149.21,52.573469948096104
2025-10-12 07:33:01.117808,11.67,46.88,107.13,95.89,52.33816321894417
2025-10-12 07:33:02.117808,15.65,44.7,263.73,26.11,52.21346892327521
2025-10-12 07:33:03.117807,91.37,32.93,207.42,91.53,52.51899160976833
2025-10-12 07:33:04.117807,39.42,70.58,156.41,45.83,52.125976534015884
2025-10-12 07:33:05.117807,83.79,84.32,172.5,115.16,52.62867573519662
2025-10-12 07:33:06.117806,91.57,56.51,132.45,36.03,52.00113623750226
2025-10-12 07:33:07.117806,90.18,48.57,262.96,89.91,52.63740483675483
2025-10-12 07:33:08.117805,84.95,21.95,94.34,124.95,52.4894305509117
2025-10-12 07:33:09.117805,86.06,81.46,116.62,63.68,52.16419931280438
2025-10-12 07:33:10.117804,34.57,98.97,197.04,33.64,52.14898785171767
2025-10-12 07:33:11.117804,22.87,92.62,112.54,80.43,52.27273115944844
2025-10-12 07:33:12.117803,64.34,56.91,113.35,72.33,52.20086151906825
2025-10-12 07:33:13.117803,51.49,39.92,269.8,46.94,52.36222835833969
2025-10-12 07:33:14.117802,18.39,29.42,126.97,112.9,52.484381602303124
2025-10-12 07:33:15.117802,67.59,27.74,100.83,118.13,52.461462472797265
2025-10-12 07:33:16.117801,57.84,68.08,80.85,68.6,52.111826763134204
2025-10-12 07:33:17.117801,83.36,37.79,66.44,124.95,52.43772772871321
2025-10-12 07:33:18.117800,61.78,91.15,179.85,81.07,52.422155158758244
2025-10-12 07:33:19.117800,58.79,51.34,101.71,142.37,52.637385341679064
2025-10-12 07:33:20.117800,47.46,36.01,90.62,52.19,52.006260968349665
2025-10-12 07:33:21.117799,49.34,50.73,66.26,122.76,52.430000280074466
2025-10-12 07:33:22.117799,91.12,48.86,241.1,63.79,52.41678870367107
2025-10-12 07:33:23.117798,21.77,22.33,228.27,126.51,52.79048726170519
2025-10-12 07:33:24.117798,47.93,57.03,287.38,81.66,52.64032065336218
2025-10-12 07:33:25.117797,65.75,54.24,139.18,45.19,52.07526740343816
2025-10-12 07:33:26.117797,46.81,76.26,156.36,93.35,52.44442743356339
2025-10-12 07:33:27.117796,34.07,53.94,124.53,17.52,51.85967373718548
2025-10-12 07:33:28.117796,34.43,62.18,173.89,40.74,52.12543408556934
2025-10-12 07:33:29.117795,29.86,33.34,101.69,107.67,52.39701795265386
2025-10-12 07:33:30.117795,39.23,28.37,221.96,23.86,52.0988527356486
2025-10-12 07:33:31.117794,84.09,63.71,57.57,82.03,52.14803950054216
2025-10-12 07:33:32.117794,52.94,87.43,98.98,83.35,52.25981326656445
2025-10-12 07:33:33.117794,30.42,54.32,90.78,80.07,52.20183878105384
2025-10-12 07:33:34.117793,42.68,21.43,74.08,90.72,52.21800651794143
2025-10-12 07:33:35.117793,19.0,77.03,246.36,100.56,52.68791803603968
2025-10-12 07:33:36.117792,86.84,30.56,216.68,135.68,52.83079018789362
2025-10-12 07:33:37.117792,44.7,93.73,63.39,105.18,52.331013978362975
2025-10-12 07:33:38.117791,93.33,22.61,203.43,125.73,52.73158858374093
2025-10-12 07:33:39.117791,39.54,48.48,153.85,77.16,52.31607326221294
2025-10-12 07:33:40.117790,81.09,57.01,80.61,27.74,51.833952174069296
2025-10-12 07:33:41.117790,31.79,29.19,127.47,124.24,52.5606039590999
2025-10-12 07:33:42.117789,16.47,91.1,277.37,84.76,52.65813738580749
2025-10-12 07:33:43.117789,12.7,88.47,129.83,126.09,52.61097860139335
2025-10-12 07:33:44.117788,61.52,43.1,265.94,53.14,52.396775734351365
2025-10-12 07:33:45.117788,36.48,77.65,153.45,115.17,52.583712593405245
2025-10-12 07:33:46.117788,47.7,65.8,150.5,89.2,52.39835402869787
2025-10-12 07:33:47.117787,79.58,94.79,133.78,121.24,52.59087143130207
2025-10-12 07:33:48.117787,31.09,58.79,96.28,47.12,51.997559147983495
2025-10-12 07:33:49.117786,36.24,56.16,155.8,104.77,52.50782811055809
2025-10-12 07:33:50.117786,81.85,31.0,147.41,143.14,52.73030330544531
2025-10-12 07:33:51.117785,51.88,38.06,154.04,100.53,52.46580009270379
2025-10-12 07:33:52.117785,80.35,22.14,225.92,46.64,52.25517153576982
2025-10-12 07:33:53.117784,41.83,85.78,291.92,70.48,52.59195737104195
2025-10-12 07:33:54.117784,43.86,23.32,178.96,107.48,52.55777980074751
2025-10-12 07:33:55.117783,24.21,38.99,158.79,131.06,52.67925371981672
2025-10-12 07:33:56.117783,87.89,28.7,81.85,16.58,51.7468219382564
2025-10-12 07:33:57.117782,86.23,81.51,130.09,91.47,52.37789097485768
2025-10-12 07:33:58.117782,93.66,94.46,198.26,146.55,52.89853104720814
2025-10-12 07:33:59.117781,44.21,61.57,50.44,43.02,51.8724671590181
2025-10-12 07:34:00.117781,79.58,39.39,257.31,108.75,52.745088133061365
2025-10-12 07:34:01.117780,45.27,71.52,158.97,118.3,52.61304970666059
2025-10-12 07:34:02.117780,48.62,66.69,50.84,70.76,52.06029881666965
2025-10-12 07:34:03.117780,80.55,90.74,229.03,141.35,52.92868768190429
2025-10-12 07:34:04.117779,25.08,67.48,69.39,26.22,51.80535208143778
2025-10-12 07:34:05.117779,28.73,20.48,245.17,14.74,52.084274339179544
2025-10-12 07:34:06.117778,36.75,85.52,284.53,93.75,52.7302315597635
2025-10-12 07:34:07.117778,77.0,79.28,135.7,72.82,52.26503468577245
2025-10-12 07:34:08.117777,41.68,76.92,270.34,91.66,52.68079789452687
2025-10-12 07:34:09.117777,40.44,31.37,186.57,30.16,52.06557580618561
2025-10-12 07:34:10.117776,94.9,88.8,250.89,19.01,52.1630276533051
2025-10-12 07:34:11.117776,42.62,93.99,287.6,91.37,52.7258055949344
2025-10-12 07:34:12.117775,31.06,96.22,131.31,54.58,52.143873995744386
2025-10-12 07:34:13.117775,62.97,42.88,50.46,138.02,52.49264714839117
2025-10-12 07:34:14.117775,78.16,98.19,69.63,64.97,52.08014777566074
2025-10-12 07:34:15.117774,15.92,44.17,79.64,123.48,52.46015071355585
2025-10-12 07:34:16.117774,62.61,46.89,62.8,72.16,52.08451727773368
2025-10-12 07:34:17.117773,13.04,82.66,122.45,42.27,52.035409619425124
2025-10-12 07:34:18.117773,54.74,48.44,291.49,77.49,52.616779487891634
2025-10-12 07:34:19.117772,31.84,81.55,281.68,87.66,52.68142095828861
2025-10-12 07:34:20.117772,36.06,57.04,203.22,105.87,52.618471526054904
2025-10-12 07:34:21.117771,49.7,48.92,98.48,18.98,51.81006956473234
2025-10-12 07:34:22.117771,88.8,43.55,111.69,51.89,52.054164634335436
2025-10-12 07:34:23.117770,70.41,37.03,206.99,49.59,52.241975704028626
2025-10-12 07:34:24.117770,89.63,98.4,56.69,137.79,52.53551870659259
2025-10-12 07:34:25.117769,66.1,40.02,209.67,83.31,52.473258167518665
2025-10-12 07:34:26.117769,10.6,97.65,101.88,53.02,52.07048242943243
2025-10-12 07:34:27.117768,32.57,26.36,133.34,16.16,51.8544132938516
2025-10-12 07:34:28.117768,86.99,52.41,277.0,128.32,52.924928199341934
2025-10-12 07:34:29.117768,64.69,68.25,149.58,60.76,52.20895960091628
2025-10-12 07:34:30.117767,93.44,83.5,186.94,89.09,52.4865078969119
2025-10-12 07:34:31.117767,23.26,75.0,269.35,138.7,52.989796274238
2025-10-12 07:34:32.117766,35.22,70.69,162.4,142.84,52.78290439626322
2025-10-12 07:34:33.117766,40.8,87.06,237.34,44.41,52.30125485080069
2025-10-12 07:34:34.117765,37.76,44.13,217.39,60.81,52.3429521108172
2025-10-12 07:34:35.117765,31.42,70.37,106.26,93.55,52.333812484828016
2025-10-12 07:34:36.117764,47.69,65.18,54.96,134.83,52.49364022290829
2025-10-12 07:34:37.117764,64.6,46.37,143.44,26.95,51.95906675265659
2025-10-12 07:34:38.117763,36.46,70.1,152.24,39.02,52.07146556095177
2025-10-12 07:34:39.117763,16.77,98.46,94.8,103.69,52.391883434808626
2025-10-12 07:34:40.117762,70.23,60.31,195.97,81.23,52.441024973311784
2025-10-12 07:34:41.117762,49.02,98.01,188.39,100.46,52.573189655383416
2025-10-12 07:34:42.117762,57.3,21.54,99.6,102.94,52.354526590091396
2025-10-12 07:34:43.117761,48.71,47.46,134.13,18.41,51.88279825882179
2025-10-12 07:34:44.117761,85.68,52.85,137.19,114.82,52.53232592187458
2025-10-12 07:34:45.117760,57.49,44.64,246.97,145.04,52.96644531459943
2025-10-12 07:34:46.117760,88.48,94.7,237.51,54.83,52.375033247873205
2025-10-12 07:34:47.117759,53.4,87.9,117.18,112.03,52.48990494536431
2025-10-12 07:34:48.117759,34.87,56.56,145.45,42.26,52.07071051060557
2025-10-12 07:34:49.117758,40.21,67.97,161.65,32.75,52.049075519346275
2025-10-12 07:34:50.117758,54.38,24.56,253.73,58.04,52.392501103521546
2025-10-12 07:34:51.117757,55.05,23.82,225.39,36.08,52.18486774793019
2025-10-12 07:34:52.117757,68.42,47.49,212.37,71.58,52.40541559511957
2025-10-12 07:34:53.117756,29.08,35.58,293.71,128.46,52.95273862969292
2025-10-12 07:34:54.117756,66.0,97.49,149.67,64.67,52.251372251641406
2025-10-12 07:34:55.117755,76.18,47.11,108.02,43.25,51.990839502865775
2025-10-12 07:34:56.117755,67.51,97.16,288.11,114.76,52.88391926192307
2025-10-12 07:34:57.117755,50.96,22.04,69.53,28.11,51.79292209514129
2025-10-12 07:34:58.117754,94.29,55.34,100.04,137.94,52.606585535781655
2025-10-12 07:34:59.117754,44.41,72.11,290.7,39.55,52.376418188708435
2025-10-12 07:35:00.117753,19.06,79.17,61.35,119.6,52.41419802062729
2025-10-12 07:35:01.117753,79.83,74.66,133.96,12.15,51.85601184347397
2025-10-12 07:35:02.117752,28.04,69.41,282.76,71.66,52.57081490695529
2025-10-12 07:35:03.117752,70.63,91.55,97.11,30.13,51.904817574559424
2025-10-12 07:35:04.117751,25.21,53.25,219.33,106.85,52.657809873227336
2025-10-12 07:35:05.117751,11.43,38.75,226.99,124.62,52.78430099484342
2025-10-12 07:35:06.117750,23.58,87.31,204.39,67.02,52.37999310802791
2025-10-12 07:35:07.117750,42.04,43.56,142.51,73.05,52.261461205212655
2025-10-12 07:35:08.117749,19.06,68.19,77.25,104.26,52.34076208058274
2025-10-12 07:35:09.117749,26.8,82.33,276.9,73.11,52.57491593188548
2025-10-12 07:35:10.117748,74.99,50.67,189.75,37.78,52.133785051042466
2025-10-12 07:35:11.117748,75.44,25.91,75.43,101.48,52.294843071351856
2025-10-12 07:35:12.117748,79.49,72.98,101.06,106.34,52.408875471484826
2025-10-12 07:35:13.117747,81.5,52.76,183.0,123.02,52.686061777201026
2025-10-12 07:35:14.117746,45.74,35.63,99.97,140.79,52.6143851874697
2025-10-12 07:35:15.117746,83.74,22.81,272.72,96.68,52.68917778820281
2025-10-12 07:35:16.117745,54.7,87.68,188.89,38.56,52.157685140536714
2025-10-12 07:35:17.117745,50.0,66.45,102.27,103.86,52.39140709460633
2025-10-12 07:35:18.117744,71.08,50.67,103.33,55.77,52.06574510353152
2025-10-12 07:35:19.117743,28.17,58.41,136.75,63.14,52.19145421430658
2025-10-12 07:35:20.117743,77.11,21.05,121.21,39.39,51.97933175780011
2025-10-12 07:35:21.117742,46.5,71.19,215.45,11.49,52.02645101623461
2025-10-12 07:35:22.117742,20.82,21.13,99.83,121.09,52.47526250209856
2025-10-12 07:35:23.117741,20.14,30.95,195.73,16.44,51.99414766242786
2025-10-12 07:35:24.117741,24.02,24.46,115.02,149.7,52.6999519492495
2025-10-12 07:35:25.117740,85.7,44.95,62.21,112.54,52.35016839043885
2025-10-12 07:35:26.117739,94.23,75.93,183.79,33.34,52.10544074072566
2025-10-12 07:35:27.117739,40.34,20.92,62.77,72.54,52.07252741871687
2025-10-12 07:35:28.117738,34.83,86.62,185.4,60.09,52.292424588277946
2025-10-12 07:35:29.117738,28.6,65.16,162.82,23.37,51.98779313276658
2025-10-12 07:35:30.117737,80.02,35.32,195.05,147.35,52.86397922643717
2025-10-12 07:35:31.117737,27.78,53.4,239.77,148.06,52.97574612960598
2025-10-12 07:35:32.117736,88.55,56.7,195.6,132.07,52.77564933373814
2025-10-12 07:35:33.117735,66.72,75.75,172.14,140.11,52.78872554061093
2025-10-12 07:35:34.117735,86.26,57.23,248.48,118.63,52.80143582387546
2025-10-12 07:35:35.117734,57.09,20.27,182.52,69.96,52.314777036696626
2025-10-12 07:35:36.117734,68.71,25.09,153.32,64.29,52.21649128810464
2025-10-12 07:35:37.117733,62.65,87.98,54.11,45.79,51.91350403946138
2025-10-12 07:35:38.117733,80.65,20.77,266.81,17.42,52.14916004726643
2025-10-12 07:35:39.117732,81.05,24.74,97.01,14.03,51.76057588037001
2025-10-12 07:35:40.117731,60.13,24.09,119.26,79.22,52.24115293958198
2025-10-12 07:35:41.117731,63.76,27.23,298.16,109.62,52.83270074602654
2025-10-12 07:35:42.117730,88.36,28.63,123.9,46.22,52.03471506563498
2025-10-12 07:35:43.117730,89.04,37.18,128.22,44.76,52.039151048685
2025-10-12 07:35:44.117729,66.46,83.51,187.96,126.93,52.73987735543746
2025-10-12 07:35:45.117728,10.66,86.76,214.29,120.33,52.75498901058905
2025-10-12 07:35:46.117728,18.87,30.53,244.57,73.9,52.481220274185496
2025-10-12 07:35:47.117728,82.93,82.85,54.41,98.27,52.25962105361479
2025-10-12 07:35:48.117727,17.2,60.2,67.13,86.52,52.19662336220407
2025-10-12 07:35:49.117727,28.15,85.52,279.78,32.82,52.31552449373519
2025-10-12 07:35:50.117726,29.6,92.63,279.55,48.5,52.42305212085001
2025-10-12 07:35:51.117726,61.02,43.34,200.84,85.23,52.46869639781858
2025-10-12 07:35:52.117725,59.01,92.15,54.08,33.94,51.83710792576752
2025-10-12 07:35:53.117725,34.6,85.29,249.65,29.65,52.22900530908361
2025-10-12 07:35:54.117724,27.65,84.83,121.93,54.64,52.11759103390208
2025-10-12 07:35:55.117724,74.99,48.85,78.7,118.68,52.428856778170356
2025-10-12 07:35:56.117723,89.51,76.75,292.73,24.27,52.281986042389306
2025-10-12 07:35:57.117723,14.49,61.55,283.95,149.22,53.083804535355625
2025-10-12 07:35:58.117722,21.32,95.02,105.0,138.76,52.64485986992851
2025-10-12 07:35:59.117722,64.58,86.01,187.91,72.38,52.379100537837665
2025-10-12 07:36:00.117722,78.38,80.34,159.14,118.89,52.62224088196293
2025-10-12 07:36:01.117721,77.25,65.1,260.8,132.03,52.92147410451333
2025-10-12 07:36:02.117721,71.17,69.86,97.43,66.96,52.13789362486793
2025-10-12 07:36:03.117720,85.43,35.49,78.1,54.74,51.99574093767058
2025-10-12 07:36:04.117720,28.47,96.75,296.12,140.84,53.07416279959763
2025-10-12 07:36:05.117719,19.12,85.51,146.72,74.32,52.30235832886465
2025-10-12 07:36:06.117719,62.31,62.96,76.56,66.73,52.087262067537196
2025-10-12 07:36:07.117718,79.89,78.36,152.14,90.59,52.41812389522581
2025-10-12 07:36:08.117718,59.47,21.46,230.75,41.99,52.23440645644046
2025-10-12 07:36:09.117717,91.85,60.83,220.04,21.17,52.09489150171816
2025-10-12 07:36:10.117717,77.62,39.14,187.97,100.21,52.537870426787535
2025-10-12 07:36:11.117716,69.57,81.96,190.71,146.6,52.8755334590406
2025-10-12 07:36:12.117716,15.12,95.48,78.49,51.19,52.0063967959654
2025-10-12 07:36:13.117715,19.16,45.6,201.87,21.54,52.04946458542134
2025-10-12 07:36:14.117715,76.71,57.58,97.84,91.48,52.29469570262722
2025-10-12 07:36:15.117715,26.85,54.38,92.36,122.82,52.48903931985086
2025-10-12 07:36:16.117714,12.45,69.93,62.28,95.45,52.25078671549329
2025-10-12 07:36:17.117714,87.41,78.86,109.13,44.73,52.02073241774774
2025-10-12 07:36:18.117713,85.72,34.24,282.79,89.45,52.669390893865895
2025-10-12 07:36:19.117713,28.57,72.37,61.39,42.35,51.89777851414072
2025-10-12 07:36:20.117712,76.32,36.77,115.45,122.7,52.52852825346575
2025-10-12 07:36:21.117712,14.08,30.68,256.14,39.07,52.27522522518542
2025-10-12 07:36:22.117711,34.23,54.09,107.56,106.01,52.41027518539279
2025-10-12 07:36:23.117711,63.01,27.99,143.64,149.62,52.76346085214576
2025-10-12 07:36:24.117710,74.87,80.56,215.83,39.12,52.215873447124814
2025-10-12 07:36:25.117710,10.88,58.84,189.67,29.91,52.085921704084825
2025-10-12 07:36:26.117709,37.73,57.13,171.62,100.94,52.5172604898325
2025-10-12 07:36:27.117709,28.22,89.78,262.43,57.72,52.4455287312699
2025-10-12 07:36:28.117708,94.9,70.34,115.45,130.45,52.59864128082621
2025-10-12 07:36:29.117708,67.03,37.48,120.14,17.77,51.84265464096134
2025-10-12 07:36:30.117708,44.48,98.78,173.36,88.74,52.46323030404381
2025-10-12 07:36:31.117707,16.43,23.69,94.81,105.65,52.36332001667195
2025-10-12 07:36:32.117707,60.89,81.07,93.8,38.24,51.945635975245864
2025-10-12 07:36:33.117706,64.54,43.65,277.4,86.73,52.64488163907165
2025-10-12 07:36:34.117706,79.39,30.23,115.36,52.21,52.056838868168285
2025-10-12 07:36:35.117705,34.53,55.18,162.75,94.48,52.454060586294986
2025-10-12 07:36:36.117705,93.42,50.39,229.42,14.36,52.0642295109945
2025-10-12 07:36:37.117704,47.35,98.4,167.1,53.1,52.21289140334961
2025-10-12 07:36:38.117704,35.16,69.24,111.22,86.98,52.30033562254187
2025-10-12 07:36:39.117703,39.62,77.01,102.91,32.64,51.925968516986764
2025-10-12 07:36:40.117703,54.16,64.66,199.09,85.1,52.475898012738604
2025-10-12 07:36:41.117703,89.62,89.75,89.68,144.69,52.64805803464967
2025-10-12 07:36:42.117702,72.49,34.57,80.28,46.76,51.94699268873105
2025-10-12 07:36:43.117702,59.05,91.13,84.67,123.98,52.50050278486709
2025-10-12 07:36:44.117701,23.84,46.04,292.77,30.65,52.30733436637979
2025-10-12 07:36:45.117701,22.7,30.39,288.98,31.27,52.29452301736709
2025-10-12 07:36:46.117700,52.69,25.14,174.57,100.96,52.50599591305155
2025-10-12 07:36:47.117700,71.94,42.69,163.28,102.92,52.504279990933476
2025-10-12 07:36:48.117699,73.84,27.34,287.57,33.44,52.30417078222667
2025-10-12 07:36:49.117699,29.2,45.51,73.44,35.62,51.86430434369495
2025-10-12 07:36:50.117698,18.51,73.24,140.25,24.09,51.948112915645254
2025-10-12 07:36:51.117698,42.68,32.75,69.61,23.77,51.77024807420312
2025-10-12 07:36:52.117697,88.04,52.48,232.46,139.29,52.90117088889672
2025-10-12 07:36:53.117697,56.36,59.6,299.0,58.61,52.51396646351858
2025-10-12 07:36:54.117696,37.21,89.43,266.47,66.88,52.51489342722487
2025-10-12 07:36:55.117696,37.51,31.47,110.24,123.92,52.5223769039081
2025-10-12 07:36:56.117696,21.23,88.82,59.92,134.89,52.51794735043116
2025-10-12 07:36:57.117695,50.22,72.16,266.48,10.43,52.13063816481937
2025-10-12 07:36:58.117695,77.27,35.16,195.46,143.04,52.83617318135995
2025-10-12 07:36:59.117694,92.33,66.48,171.85,37.22,52.10003849481178
2025-10-12 07:37:00.117694,52.64,41.46,264.6,149.79,53.0344420807227
2025-10-12 07:37:01.117693,24.21,40.84,237.45,33.94,52.206290130837274
2025-10-12 07:37:02.117693,68.05,70.38,175.28,76.36,52.369427526827174
2025-10-12 07:37:03.117692,74.33,29.35,224.43,113.92,52.70250124858108
2025-10-12 07:37:04.117692,16.09,50.44,199.59,39.61,52.16714592290597
2025-10-12 07:37:05.117691,82.26,47.66,246.88,11.9,52.084253691591705
2025-10-12 07:37:06.117691,80.49,36.06,276.16,94.29,52.688147053134905
2025-10-12 07:37:07.117691,50.17,59.9,64.74,30.06,51.81653646856582
2025-10-12 07:37:08.117690,57.64,88.26,134.5,40.95,52.055899950141196
2025-10-12 07:37:09.117690,70.64,93.4,94.58,88.44,52.28737416239033
2025-10-12 07:37:10.117689,67.52,71.15,298.77,44.39,52.42551183805856
2025-10-12 07:37:11.117689,11.41,71.08,58.52,59.51,52.00473022996993
2025-10-12 07:37:12.117688,20.41,58.9,79.19,61.85,52.058318410419815
2025-10-12 07:37:13.117688,23.82,30.46,129.71,128.89,52.597031929271395
2025-10-12 07:37:14.117687,74.23,63.99,166.76,46.15,52.14688339499
2025-10-12 07:37:15.117687,47.41,79.46,50.16,17.88,51.71495278899937
2025-10-12 07:37:16.117686,56.37,96.84,260.35,130.56,52.928398118602146
2025-10-12 07:37:17.117686,75.68,77.96,114.55,21.33,51.8766772060657
2025-10-12 07:37:18.117685,38.98,71.87,281.33,15.04,52.19328364934044
2025-10-12 07:37:19.117685,73.66,89.57,105.35,120.92,52.52417962062408
2025-10-12 07:37:20.117685,47.6,87.68,190.29,114.59,52.66534780446199
2025-10-12 07:37:21.117684,42.06,40.18,189.66,107.7,52.59182715113665
2025-10-12 07:37:22.117684,38.31,53.43,52.43,121.27,52.39161587422338
2025-10-12 07:37:23.117683,92.02,82.08,231.5,13.96,52.08371502695281
2025-10-12 07:37:24.117683,75.62,98.85,270.39,141.15,53.02158072850892
2025-10-12 07:37:25.117682,11.72,57.54,189.51,95.49,52.5201188713767
2025-10-12 07:37:26.117682,91.38,54.61,95.77,14.92,51.78040991896928
2025-10-12 07:37:27.117681,75.91,79.83,241.03,49.46,52.338754229670876
2025-10-12 07:37:28.117681,22.68,97.89,206.32,38.05,52.19778521518403
2025-10-12 07:37:29.117681,16.49,81.81,142.53,104.26,52.48992970604581
2025-10-12 07:37:30.117680,36.2,26.25,150.56,126.84,52.62630688445172
2025-10-12 07:37:31.117680,63.06,72.03,250.77,135.36,52.92567622556477
2025-10-12 07:37:32.117679,62.41,47.02,105.28,75.6,52.19955976093476
2025-10-12 07:37:33.117679,33.45,76.11,191.48,128.37,52.75295315672156
2025-10-12 07:37:34.117678,47.88,92.33,131.03,147.54,52.75809654326572
2025-10-12 07:37:35.117678,28.01,62.17,142.94,112.15,52.53226088120121
2025-10-12 07:37:36.117677,14.3,46.98,94.54,132.57,52.554363797665836
2025-10-12 07:37:37.117677,53.94,76.97,251.98,27.36,52.21423149143456
2025-10-12 07:37:38.117676,39.49,89.64,129.7,68.3,52.22778387752127
2025-10-12 07:37:39.117676,56.15,42.05,208.77,81.46,52.460156546685596
2025-10-12 07:37:40.117676,90.45,22.16,283.86,135.56,52.971032840968924
2025-10-12 07:37:41.117675,22.19,59.33,199.66,97.5,52.55647053355098
2025-10-12 07:37:42.117675,10.17,62.69,154.12,73.16,52.29801501907149
2025-10-12 07:37:43.117673,16.53,93.18,97.12,25.86,51.877405190109656
2025-10-12 07:37:44.117673,49.33,68.65,192.26,112.55,52.64549455770974
2025-10-12 07:37:45.117672,70.09,42.51,201.5,106.25,52.60918008322135
2025-10-12 07:37:46.117672,59.36,29.28,72.1,118.84,52.404716821025886
2025-10-12 07:37:47.117671,52.07,70.16,131.74,146.23,52.738608778000454
2025-10-12 07:37:48.117671,40.09,46.3,273.36,91.17,52.6670622968951
2025-10-12 07:37:49.117670,36.35,42.9,180.08,36.43,52.099528417559355
2025-10-12 07:37:50.117670,41.98,84.99,261.24,77.97,52.574686245104466
2025-10-12 07:37:51.117670,61.99,91.67,296.36,57.32,52.51751868677195
2025-10-12 07:37:52.117669,24.26,96.76,143.97,97.04,52.45344904985206
2025-10-12 07:37:53.117669,75.57,72.16,90.72,74.57,52.1751283223221
2025-10-12 07:37:54.117668,58.9,61.68,234.0,95.12,52.6164640147215
2025-10-12 07:37:55.117668,32.88,36.96,295.58,53.21,52.45811322331606
2025-10-12 07:37:56.117667,52.6,62.48,139.8,138.24,52.69878721127161
2025-10-12 07:37:57.117667,91.84,34.94,175.32,144.27,52.800531322121756
2025-10-12 07:37:58.117666,11.74,91.48,85.21,38.12,51.931998994443276
2025-10-12 07:37:59.117666,26.96,21.39,244.47,138.07,52.90182779659118
2025-10-12 07:38:00.117665,48.11,58.64,78.49,21.47,51.7886454712291
2025-10-12 07:38:01.117665,64.27,88.58,221.01,55.45,52.33995565255703
2025-10-12 07:38:02.117665,28.04,86.69,279.04,26.72,52.27408341004733
2025-10-12 07:38:03.117664,89.17,84.15,125.97,96.28,52.40234831439166
2025-10-12 07:38:04.117664,64.62,64.42,225.64,140.6,52.901715319900184
2025-10-12 07:38:05.117663,84.58,33.23,244.8,18.56,52.11591864343975
2025-10-12 07:38:06.117663,37.99,46.63,115.45,92.66,52.334631900387535
2025-10-12 07:38:07.117662,80.46,41.25,154.4,85.4,52.36793470724217
2025-10-12 07:38:08.117662,42.15,51.37,144.34,93.74,52.40709869040798
2025-10-12 07:38:09.117661,31.48,97.07,75.25,109.05,52.38428203423351
2025-10-12 07:38:10.117661,87.49,78.64,231.12,25.46,52.15730493423784
2025-10-12 07:38:11.117660,17.84,22.25,84.43,106.39,52.34491648389779
2025-10-12 07:38:12.117660,90.15,27.91,291.01,94.96,52.720269519589706
2025-10-12 07:38:13.117659,48.97,89.69,101.68,65.3,52.14712532302287
2025-10-12 07:38:14.117659,94.37,22.69,56.81,131.96,52.454967195585915
2025-10-12 07:38:15.117659,55.87,62.17,296.84,109.11,52.84588959503319
2025-10-12 07:38:16.117658,74.39,63.12,273.31,59.58,52.46664163744859
2025-10-12 07:38:17.117658,10.6,23.3,271.07,110.96,52.78065073144605
2025-10-12 07:38:18.117657,52.22,71.0,152.0,44.5,52.10781750964711
2025-10-12 07:38:19.117657,72.68,76.83,276.97,121.22,52.891323701397
2025-10-12 07:38:20.117656,76.54,29.61,129.97,140.48,52.67404812894661
2025-10-12 07:38:21.117656,23.43,65.64,260.98,122.03,52.85579294796642
2025-10-12 07:38:22.117655,45.61,66.23,112.89,128.68,52.57905449351137
2025-10-12 07:38:23.117655,45.62,86.64,213.45,75.23,52.45376272518297
2025-10-12 07:38:24.117654,18.81,75.64,273.05,135.97,52.98005797410763
2025-10-12 07:38:25.117654,47.66,76.12,229.3,26.57,52.159322824197524
2025-10-12 07:38:26.117654,78.6,95.61,99.41,93.26,52.331071025662254
2025-10-12 07:38:27.117653,35.52,91.32,203.15,23.23,52.08889144874144
2025-10-12 07:38:28.117653,46.77,77.45,162.98,65.3,52.27327468166756
2025-10-12 07:38:29.117652,91.68,72.3,68.92,116.86,52.40860953628354
2025-10-12 07:38:30.117652,12.7,86.43,178.85,134.74,52.77357884542831
2025-10-12 07:38:31.117651,60.28,54.18,160.0,142.31,52.76499673891382
2025-10-12 07:38:32.117651,73.19,76.88,256.63,145.22,53.00652722303455
2025-10-12 07:38:33.117650,74.68,87.61,206.27,125.96,52.775434071384105
2025-10-12 07:38:34.117650,70.85,33.74,272.55,82.89,52.6033623946492
2025-10-12 07:38:35.117649,71.75,41.24,274.49,82.56,52.60955213408027
2025-10-12 07:38:36.117649,15.02,64.41,104.13,122.32,52.516829215384845
2025-10-12 07:38:37.117648,55.4,26.94,217.04,118.68,52.716724889783464
2025-10-12 07:38:38.117648,76.55,20.22,273.77,99.39,52.70800122132207
2025-10-12 07:38:39.117648,18.0,49.52,135.4,70.36,52.231501213059445
2025-10-12 07:38:40.117647,11.02,75.23,189.28,90.05,52.4933544741997
2025-10-12 07:38:41.117647,79.24,59.1,194.5,71.01,52.36933130642676
2025-10-12 07:38:42.117646,70.55,88.19,224.78,46.53,52.28871194939069
2025-10-12 07:38:43.117646,45.04,88.21,236.62,44.75,52.30258957002325
2025-10-12 07:38:44.117645,89.93,87.35,272.7,113.42,52.836144226399306
2025-10-12 07:38:45.117645,75.16,70.84,292.05,125.85,52.95142992583973
2025-10-12 07:38:46.117644,92.27,91.73,184.59,63.62,52.31693967769006
2025-10-12 07:38:47.117644,88.99,52.47,225.0,10.67,52.031308457813566
2025-10-12 07:38:48.117643,50.91,28.39,154.35,121.28,52.59881496388135
2025-10-12 07:38:49.117643,74.15,35.83,278.06,56.66,52.44238243882991
2025-10-12 07:38:50.117643,66.88,65.45,178.77,129.2,52.72496423194601
2025-10-12 07:38:51.117642,78.97,35.2,296.93,92.24,52.71911207098342
2025-10-12 07:38:52.117642,76.95,70.28,227.58,81.07,52.51407067195661
2025-10-12 07:38:53.117641,23.02,58.02,111.87,72.38,52.1986007757558
2025-10-12 07:38:54.117641,29.87,36.99,218.48,115.34,52.703270723439836
2025-10-12 07:38:55.117640,32.59,73.81,117.71,117.2,52.517530647037475
2025-10-12 07:38:56.117640,79.57,71.07,78.95,127.06,52.49737956080506
2025-10-12 07:38:57.117639,78.91,95.28,50.19,75.4,52.10558998683124
2025-10-12 07:38:58.117639,52.1,60.62,89.94,57.13,52.05126418285383
2025-10-12 07:38:59.117638,59.37,81.31,155.7,128.15,52.676779644881385
2025-10-12 07:39:00.117638,80.29,24.75,58.79,113.12,52.33536294325838
2025-10-12 07:39:01.117638,36.57,50.64,214.4,51.08,52.27550840373896
2025-10-12 07:39:02.117637,14.27,21.29,280.18,137.56,52.97584141945222
2025-10-12 07:39:03.117637,51.02,72.65,171.72,134.22,52.74699697108956
2025-10-12 07:39:04.117636,87.67,40.63,156.77,109.7,52.53401417381544
2025-10-12 07:39:05.117636,77.19,74.45,229.97,111.21,52.721619391659424
2025-10-12 07:39:06.117635,41.16,54.49,167.29,100.22,52.50162141793246
2025-10-12 07:39:07.117635,15.51,56.22,101.67,66.41,52.13585180129007
2025-10-12 07:39:08.117634,64.14,62.81,185.74,14.4,51.97666317431749
2025-10-12 07:39:09.117634,80.93,24.51,82.97,10.85,51.708889188001436
2025-10-12 07:39:10.117633,66.52,42.07,93.57,52.3,52.01676068113117
2025-10-12 07:39:11.117633,46.13,92.18,263.46,39.05,52.32518141241888
2025-10-12 07:39:12.117633,20.49,73.04,195.84,47.12,52.22142982130579
2025-10-12 07:39:13.117632,87.42,52.16,79.52,143.7,52.598539340733296
2025-10-12 07:39:14.117632,33.46,24.46,166.71,76.48,52.32609087830759
2025-10-12 07:39:15.117631,29.06,74.33,117.46,75.12,52.23798442154077
2025-10-12 07:39:16.117631,79.36,27.46,121.6,142.92,52.67089251011476
2025-10-12 07:39:17.117630,93.4,81.38,284.17,65.34,52.53858490617289
2025-10-12 07:39:18.117630,66.11,34.78,61.35,78.26,52.11512245502307
2025-10-12 07:39:19.117629,63.11,87.64,295.74,126.17,52.9709030790004
2025-10-12 07:39:20.117629,37.15,97.48,147.94,91.8,52.42768151267417
2025-10-12 07:39:21.117628,11.74,76.58,189.78,143.93,52.85280213744548
2025-10-12 07:39:22.117628,26.3,85.35,147.96,87.28,52.390976929527504
2025-10-12 07:39:23.117627,59.68,25.48,115.58,70.34,52.17500603560716
2025-10-12 07:39:24.117627,22.86,33.23,69.19,102.65,52.293146229469556
2025-10-12 07:39:25.117627,85.13,64.9,219.2,134.14,52.84513782570033
2025-10-12 07:39:26.117626,25.99,28.46,273.18,15.85,52.15683393276093
2025-10-12 07:39:27.117626,54.38,96.04,157.09,62.71,52.253650541331325
2025-10-12 07:39:28.117625,53.52,62.99,56.43,129.64,52.461163287197024
2025-10-12 07:39:29.117625,61.34,47.95,200.52,89.85,52.50123068510857
2025-10-12 07:39:30.117624,37.83,86.82,270.85,24.01,52.238404990015525
2025-10-12 07:39:31.117624,84.25,42.18,74.9,87.31,52.208695314305736
2025-10-12 07:39:32.117623,47.77,81.35,200.96,132.88,52.80636380622471
2025-10-12 07:39:33.117623,69.51,57.67,163.07,134.37,52.72089762007195
2025-10-12 07:39:34.117622,64.05,74.13,199.14,15.6,52.01998935760059
2025-10-12 07:39:35.117622,19.96,54.59,163.07,49.92,52.15867294476013
2025-10-12 07:39:36.117622,62.92,94.35,93.22,112.66,52.445705743076815
2025-10-12 07:39:37.117621,56.81,83.06,166.42,17.42,51.96606777427094
2025-10-12 07:39:38.117621,86.38,32.49,52.26,46.93,51.88618914526898
2025-10-12 07:39:39.117620,84.87,42.2,125.37,129.92,52.600985753237374
2025-10-12 07:39:40.117620,22.83,51.17,254.78,19.21,52.15185912029122
2025-10-12 07:39:41.117619,16.94,55.9,97.17,77.65,52.2005154794663
2025-10-12 07:39:42.117619,35.04,73.93,163.92,58.57,52.22868703439009
2025-10-12 07:39:43.117618,93.86,35.97,218.27,12.39,52.01894837986706
2025-10-12 07:39:44.117618,11.83,88.63,139.11,108.45,52.514115572338525
2025-10-12 07:39:45.117617,67.2,76.32,161.42,73.79,52.32561226751297
2025-10-12 07:39:46.117617,61.72,92.87,82.84,28.69,51.86504299392471
2025-10-12 07:39:47.117616,64.96,36.06,78.29,65.33,52.066758047575064
2025-10-12 07:39:48.117616,28.55,41.77,186.98,111.67,52.613248466718474
2025-10-12 07:39:49.117616,29.27,85.11,72.27,52.07,51.992977726503
2025-10-12 07:39:50.117615,46.6,30.54,139.67,15.45,51.86575582189418
2025-10-12 07:39:51.117615,18.15,87.79,168.28,67.91,52.3078454199245
2025-10-12 07:39:52.117614,16.34,30.18,214.25,72.4,52.40530634760218
2025-10-12 07:39:53.117614,17.51,65.67,276.42,124.81,52.907750072855215
2025-10-12 07:39:54.117613,58.7,81.61,250.33,98.27,52.68387752053609
2025-10-12 07:39:55.117613,43.81,60.18,82.79,77.7,52.172038361593906
2025-10-12 07:39:56.117612,34.96,91.79,209.35,113.42,52.701209377804595
2025-10-12 07:39:57.117612,36.84,87.96,76.2,48.24,51.977666781775696
2025-10-12 07:39:58.117611,27.62,27.01,272.9,34.67,52.280332043237394
2025-10-12 07:39:59.117611,44.98,74.24,85.97,129.03,52.52744451644687
2025-10-12 07:40:00.117610,27.26,22.06,115.06,68.87,52.162218965626565
2025-10-12 07:40:01.117610,69.33,49.32,207.26,33.71,52.143999477358584
2025-10-12 07:40:02.117610,20.53,78.37,213.74,89.37,52.54364115403896
2025-10-12 07:40:03.117609,90.6,35.53,221.04,130.0,52.80531243010772
2025-10-12 07:40:04.117609,17.63,77.19,191.32,33.08,52.12074840663216
2025-10-12 07:40:05.117608,90.19,48.44,271.83,20.31,52.19462244130418
2025-10-12 07:40:06.117608,80.83,69.69,107.45,88.76,52.30422311612471
2025-10-12 07:40:07.117607,67.86,70.9,64.86,110.87,52.35926786306651
2025-10-12 07:40:08.117607,87.55,57.77,97.75,142.84,52.635492632236996
2025-10-12 07:40:09.117606,21.83,52.01,185.06,91.96,52.483961312008205
2025-10-12 07:40:10.117606,24.99,48.38,278.13,88.63,52.66170693287924
2025-10-12 07:40:11.117605,31.43,65.12,212.4,113.45,52.6931875486514
2025-10-12 07:40:12.117605,30.81,66.57,143.6,13.79,51.88330539061969
2025-10-12 07:40:13.117604,36.42,76.72,191.87,65.72,52.33831799988617
2025-10-12 07:40:14.117604,58.93,30.69,89.07,144.89,52.61520774318674
2025-10-12 07:40:15.117604,12.39,64.6,181.66,146.31,52.844322172989884
2025-10-12 07:40:16.117603,42.49,69.99,228.48,133.39,52.8631195789361
2025-10-12 07:40:17.117603,30.94,60.5,273.03,32.24,52.28311586810212
2025-10-12 07:40:18.117602,61.56,68.88,171.04,18.28,51.973908212287505
2025-10-12 07:40:19.117602,93.74,63.63,247.54,101.32,52.68806737666796
2025-10-12 07:40:20.117601,54.0,64.59,263.97,121.13,52.85572060888264
2025-10-12 07:40:21.117601,46.18,20.73,134.1,37.85,51.996890593610225
2025-10-12 07:40:22.117600,41.3,28.14,89.91,95.91,52.29052122545498
2025-10-12 07:40:23.117600,76.72,74.19,103.69,20.4,51.84485228220987
2025-10-12 07:40:24.117599,16.12,98.02,196.4,11.47,51.999924568022166
2025-10-12 07:40:25.117599,91.58,33.09,58.34,134.39,52.480199566948414
2025-10-12 07:40:26.117599,45.52,91.59,233.63,92.73,52.616437309915696
2025-10-12 07:40:27.117598,36.66,83.88,203.03,56.42,52.304780923826875
2025-10-12 07:40:28.117598,92.8,71.39,297.55,124.08,52.95191742987363
2025-10-12 07:40:29.117597,89.55,42.55,207.38,148.21,52.90045271806904
2025-10-12 07:40:30.117597,64.56,39.07,129.36,20.68,51.88285137192777
2025-10-12 07:40:31.117596,11.57,35.14,77.66,74.83,52.12793317397974
2025-10-12 07:40:32.117596,73.63,62.75,90.7,84.72,52.23721777767387
2025-10-12 07:40:33.117595,38.52,29.67,214.71,24.51,52.088165000207496
2025-10-12 07:40:34.117595,43.0,77.55,241.45,136.86,52.918487877825655
2025-10-12 07:40:35.117594,23.49,54.69,110.14,78.33,52.23248731046506
2025-10-12 07:40:36.117594,54.49,62.61,293.89,51.75,52.459026252743456
2025-10-12 07:40:37.117594,73.29,67.39,265.51,94.52,52.68400264138394
2025-10-12 07:40:38.117593,33.21,35.66,155.19,76.55,52.30779932923917
2025-10-12 07:40:39.117593,89.79,37.24,154.09,106.68,52.50627114355978
2025-10-12 07:40:40.117592,26.55,80.59,77.27,34.34,51.88363067128015
2025-10-12 07:40:41.117592,15.63,80.31,134.35,45.73,52.08287787748381
2025-10-12 07:40:42.117591,64.77,83.85,116.29,55.67,52.111649141124296
2025-10-12 07:40:43.117591,82.19,49.7,262.89,121.75,52.84920997418042
2025-10-12 07:40:44.117590,91.02,30.04,241.45,68.16,52.43608296650633
2025-10-12 07:40:45.117590,75.21,37.52,299.4,10.3,52.18190811849836
2025-10-12 07:40:46.117589,26.97,66.51,80.85,15.4,51.7578544987383
2025-10-12 07:40:47.117589,93.1,56.18,130.47,97.75,52.406305887209164
2025-10-12 07:40:48.117588,88.15,36.52,187.85,124.92,52.7001578020282
2025-10-12 07:40:49.117588,23.87,20.79,244.73,108.83,52.70798631268632
2025-10-12 07:40:50.117587,57.5,44.65,123.02,107.45,52.448113752752896
2025-10-12 07:40:51.117587,57.22,87.76,177.62,105.33,52.57645090518117
2025-10-12 07:40:52.117587,47.62,61.8,263.41,142.49,52.99472445357991
2025-10-12 07:40:53.117586,93.66,42.45,56.43,70.29,52.0558193859503
2025-10-12 07:40:54.117586,15.07,33.52,252.71,25.84,52.18155538312952
2025-10-12 07:40:55.117585,63.31,23.41,182.25,86.9,52.428372290494124
2025-10-12 07:40:56.117585,27.45,92.43,265.96,50.84,52.408995485479124
2025-10-12 07:40:57.117584,54.82,90.85,105.7,145.39,52.6880630304665
2025-10-12 07:40:58.117584,76.28,39.44,156.94,44.57,52.10144026587139
2025-10-12 07:40:59.117583,30.97,21.13,85.84,41.25,51.915004677834936
2025-10-12 07:41:00.117583,43.44,76.85,238.44,127.65,52.850441262422095
2025-10-12 07:41:01.117582,90.82,50.48,96.51,137.0,52.58998649327154
2025-10-12 07:41:02.117582,74.73,85.37,153.53,99.97,52.487295296642216
2025-10-12 07:41:03.117581,58.68,71.7,108.67,62.74,52.135287550451274
2025-10-12 07:41:04.117581,28.87,21.93,56.14,128.05,52.42713975685572
2025-10-12 07:41:05.117580,46.15,94.85,154.97,71.84,52.308987927772264
2025-10-12 07:41:06.117580,75.8,23.5,80.36,120.38,52.42963849453306
2025-10-12 07:41:07.117580,79.75,50.68,278.86,131.5,52.94910639950914
2025-10-12 07:41:08.117579,30.79,35.92,192.75,69.86,52.34500794980661
2025-10-12 07:41:09.117579,66.28,21.6,284.54,129.11,52.92938630120995
2025-10-12 07:41:10.117578,18.08,31.85,261.35,132.67,52.90841811253994
2025-10-12 07:41:11.117578,11.97,54.95,193.14,41.49,52.16814282263717
2025-10-12 07:41:12.117577,56.64,49.95,245.68,77.01,52.51507272982976
2025-10-12 07:41:13.117577,29.07,48.98,286.48,70.64,52.56074850367151
2025-10-12 07:41:14.117576,16.71,27.97,226.32,120.45,52.74917383080959
2025-10-12 07:41:15.117576,72.04,51.95,153.84,26.09,51.97902025362879
2025-10-12 07:41:16.117575,52.33,45.44,188.89,119.04,52.66834895280881
2025-10-12 07:41:17.117575,77.68,88.48,273.81,26.95,52.26526197190835
2025-10-12 07:41:18.117574,66.44,59.34,206.74,61.81,52.334950900549345
2025-10-12 07:41:19.117574,72.03,27.32,115.99,95.79,52.34583556127845
2025-10-12 07:41:20.117573,36.13,88.58,289.61,114.3,52.8793466266327
2025-10-12 07:41:21.117573,32.38,51.35,139.13,133.87,52.66213790533451
2025-10-12 07:41:22.117573,61.07,25.74,71.05,77.99,52.12934061627667
2025-10-12 07:41:23.117572,27.01,24.98,108.4,24.45,51.85457364947147
2025-10-12 07:41:24.117572,79.31,33.69,58.16,43.35,51.8758925043258
2025-10-12 07:41:25.117571,54.45,42.39,159.15,68.51,52.266769270303584
2025-10-12 07:41:26.117571,29.29,72.67,198.98,41.95,52.19372027658428
2025-10-12 07:41:27.117570,63.14,64.37,142.47,148.66,52.77478937090479
2025-10-12 07:41:28.117570,90.33,73.88,52.74,116.83,52.37419529070789
2025-10-12 07:41:29.117569,16.98,26.56,171.01,79.91,52.359351286816526
2025-10-12 07:41:30.117569,19.29,49.2,282.69,95.31,52.71639011150151
2025-10-12 07:41:31.117568,81.73,67.99,291.23,147.98,53.09494710030648
2025-10-12 07:41:32.117568,19.32,40.75,200.94,149.87,52.89650091652949
2025-10-12 07:41:33.117567,13.35,62.04,282.58,143.92,53.045928473751516
2025-10-12 07:41:34.117567,39.57,98.07,278.89,146.77,53.07688418504938
2025-10-12 07:41:35.117567,49.67,66.98,206.67,125.88,52.764294366132646
2025-10-12 07:41:36.117566,58.4,68.93,199.01,91.83,52.52276820115164
2025-10-12 07:41:37.117566,53.12,66.46,175.42,99.43,52.52067065260251
2025-10-12 07:41:38.117565,87.62,48.19,220.29,96.32,52.5871875656715
2025-10-12 07:41:39.117565,75.34,52.67,287.25,14.64,52.19278830114158
2025-10-12 07:41:40.117564,93.62,84.98,142.71,101.24,52.472039235237084
2025-10-12 07:41:41.117564,50.5,53.49,285.34,100.41,52.75837410586725
2025-10-12 07:41:42.117563,17.17,51.68,290.1,48.51,52.42322102511452
2025-10-12 07:41:43.117563,91.22,71.99,172.71,33.01,52.07702639006587
2025-10-12 07:41:44.117562,10.35,85.91,134.52,139.14,52.70634242288937
2025-10-12 07:41:45.117562,75.97,74.12,278.43,144.45,53.04716494465363
2025-10-12 07:41:46.117561,12.66,21.18,107.86,10.11,51.75611108222641
2025-10-12 07:41:47.117561,74.7,21.25,271.3,120.97,52.84644753899441
2025-10-12 07:41:48.117561,89.72,90.74,138.41,138.68,52.714413532966795
2025-10-12 07:41:49.117560,43.09,75.37,152.85,84.26,52.37598709691767
2025-10-12 07:41:50.117560,30.48,40.78,80.19,40.34,51.90764125382616
2025-10-12 07:41:51.117559,29.23,38.24,226.99,69.84,52.42043162945065
2025-10-12 07:41:52.117559,51.8,56.04,84.05,89.88,52.25330928267829
2025-10-12 07:41:53.117558,24.53,87.86,221.84,18.0,52.092792343236816
2025-10-12 07:41:54.117558,67.2,98.88,216.13,85.74,52.53614155303208
2025-10-12 07:41:55.117557,41.31,65.69,270.03,92.91,52.68217483916275
2025-10-12 07:41:56.117557,37.46,36.4,127.11,117.41,52.51850194201459
2025-10-12 07:41:57.117556,49.21,49.03,139.54,67.97,52.22434529959419
2025-10-12 07:41:58.117556,56.12,60.66,123.43,53.15,52.09750948054536
2025-10-12 07:41:59.117555,22.06,33.68,196.33,133.33,52.77278969564172
2025-10-12 07:42:00.117555,70.16,75.51,178.18,18.54,51.99480861150296
2025-10-12 07:42:01.117554,85.05,39.46,279.1,125.41,52.902964818685895
2025-10-12 07:42:02.117554,33.63,50.09,282.23,109.86,52.81245869951363
2025-10-12 07:42:03.117553,25.33,53.3,194.36,91.9,52.50445219808114
2025-10-12 07:42:04.117553,74.64,28.59,264.77,15.87,52.13879788548554
2025-10-12 07:42:05.117553,25.6,92.44,240.99,116.62,52.791436478905965
2025-10-12 07:42:06.117552,13.51,87.34,293.25,133.12,53.01146395436749
2025-10-12 07:42:07.117552,62.64,66.5,69.16,136.46,52.535992655538905
2025-10-12 07:42:08.117551,30.38,40.34,200.45,17.43,52.01617965569844
2025-10-12 07:42:09.117551,24.6,39.45,235.8,77.85,52.49337739306453
2025-10-12 07:42:10.117550,93.44,94.72,161.57,120.89,52.64878538466763
2025-10-12 07:42:11.117550,34.81,98.32,215.64,30.68,52.169323158345065
2025-10-12 07:42:12.117549,86.79,25.51,105.57,73.58,52.17481576802923
2025-10-12 07:42:13.117549,25.15,43.79,72.86,122.91,52.44145044563872
2025-10-12 07:42:14.117548,79.61,48.62,219.64,100.12,52.61123828445657
2025-10-12 07:42:15.117548,52.67,72.8,53.82,27.98,51.78622203067706
2025-10-12 07:42:16.117548,16.68,76.31,182.48,11.61,51.95858447759403
2025-10-12 07:42:17.117547,72.36,44.51,136.4,43.77,52.054400094176835
2025-10-12 07:42:18.117547,85.83,66.22,291.61,91.14,52.71752839180892
2025-10-12 07:42:19.117546,23.86,70.87,226.24,10.4,52.04244173585618
2025-10-12 07:42:20.117546,71.68,92.47,50.98,141.41,52.5438616762946
2025-10-12 07:42:21.117545,47.83,67.08,117.46,138.88,52.65713898442574
2025-10-12 07:42:22.117545,74.08,94.48,137.76,110.81,52.53010554945772
2025-10-12 07:42:23.117544,70.68,72.81,197.9,62.04,52.32479695012805
2025-10-12 07:42:24.117544,12.26,68.45,116.51,93.85,52.35696759148173
2025-10-12 07:42:25.117543,25.19,34.84,280.04,21.14,52.21037304610143
2025-10-12 07:42:26.117543,50.04,71.58,79.9,91.65,52.26470065111927
2025-10-12 07:42:27.117542,89.36,79.6,54.71,119.85,52.4016945084923
2025-10-12 07:42:28.117542,39.08,80.72,124.41,129.16,52.61528766353608
2025-10-12 07:42:29.117542,63.45,30.39,201.5,112.29,52.642526484599735
2025-10-12 07:42:30.117541,11.03,25.11,195.31,100.43,52.547446124147775
2025-10-12 07:42:31.117541,70.45,34.26,51.2,11.49,51.649652401816205
2025-10-12 07:42:32.117540,61.26,39.68,295.33,140.91,53.04116627909523
2025-10-12 07:42:33.117540,70.81,79.76,294.45,122.45,52.939031136155236
2025-10-12 07:42:34.117539,86.9,89.26,168.17,51.44,52.199109946823384
2025-10-12 07:42:35.117539,22.45,21.07,98.87,23.34,51.824360890566915
2025-10-12 07:42:36.117538,32.24,87.15,51.83,57.2,51.983827464098766
2025-10-12 07:42:37.117538,94.64,28.01,271.24,100.3,52.712887076103144
2025-10-12 07:42:38.117537,23.28,34.52,153.75,23.61,51.952668612940094
2025-10-12 07:42:39.117537,71.25,69.25,261.75,48.12,52.36891604230417
2025-10-12 07:42:40.117536,71.63,72.42,87.7,113.58,52.42763970144927
2025-10-12 07:42:41.117536,68.05,46.19,148.79,95.8,52.42754167395954
2025-10-12 07:42:42.117535,29.33,53.83,245.93,71.24,52.47947676344892
2025-10-12 07:42:43.117535,28.29,82.23,181.96,19.83,52.015307622265475
2025-10-12 07:42:44.117535,66.64,40.11,263.26,97.54,52.68399110676782
2025-10-12 07:42:45.117534,25.83,88.57,235.42,92.08,52.61432559903123
2025-10-12 07:42:46.117534,66.23,36.95,97.14,64.58,52.10316049532145
2025-10-12 07:42:47.117533,51.86,21.67,104.93,101.06,52.35368163311482
2025-10-12 07:42:48.117533,42.86,39.63,78.66,36.75,51.879855442441496
2025-10-12 07:42:49.117532,35.52,95.38,215.43,92.84,52.579800342471174
2025-10-12 07:42:50.117532,90.54,26.13,234.69,37.01,52.21249687778959
2025-10-12 07:42:51.117531,53.19,81.28,102.56,147.4,52.689269481777394
2025-10-12 07:42:52.117531,57.71,51.99,162.21,17.45,51.93985147271176
2025-10-12 07:42:53.117530,90.69,64.97,257.07,149.3,53.02793589017321
2025-10-12 07:42:54.117530,65.58,37.18,151.65,119.64,52.586963532581514
2025-10-12 07:42:55.117529,91.42,86.03,297.1,108.62,52.856474449577334
2025-10-12 07:42:56.117529,19.04,54.78,265.42,36.34,52.29064045472267
2025-10-12 07:42:57.117529,81.96,49.29,247.16,147.57,52.98623629074557
2025-10-12 07:42:58.117528,38.51,89.74,290.73,109.64,52.851491843843974
2025-10-12 07:42:59.117528,78.89,57.33,284.08,71.18,52.563772086718984
2025-10-12 07:43:00.117527,82.73,69.08,186.65,95.0,52.51708298541399
2025-10-12 07:43:01.117527,33.08,63.08,50.68,66.52,52.02980184740516
2025-10-12 07:43:02.117526,44.75,69.17,95.16,90.53,52.28902493678075
2025-10-12 07:43:03.117526,71.71,90.18,128.03,60.68,52.173886639778566
2025-10-12 07:43:04.117525,18.42,26.72,299.56,143.88,53.06284397857265
2025-10-12 07:43:05.117525,74.22,71.71,267.03,91.44,52.66926010669986
2025-10-12 07:43:06.117524,19.39,48.4,138.45,55.32,52.13767010547467
2025-10-12 07:43:07.117524,87.73,66.13,281.54,17.73,52.208400074183224
2025-10-12 07:43:08.117523,33.49,29.42,278.36,130.61,52.93028801948514
2025-10-12 07:43:09.117523,58.93,31.24,61.67,60.53,51.99616974732954
2025-10-12 07:43:10.117523,19.96,60.28,284.52,113.3,52.84592624210374
2025-10-12 07:43:11.117522,32.91,82.38,95.03,37.79,51.94604582372423
2025-10-12 07:43:12.117522,44.34,63.62,146.58,133.74,52.68425967253572
2025-10-12 07:43:13.117521,51.4,36.12,289.17,69.52,52.55199546946484
2025-10-12 07:43:14.117521,10.01,83.95,177.99,62.22,52.289004385455755
2025-10-12 07:43:15.117520,85.54,76.79,260.64,127.9,52.9002185070834
2025-10-12 07:43:16.117520,10.65,35.6,221.66,25.87,52.115564805319515
2025-10-12 07:43:17.117519,75.76,41.05,223.59,114.23,52.70924546372754
2025-10-12 07:43:18.117519,50.0,95.31,56.04,37.82,51.868869333634976
2025-10-12 07:43:19.117518,54.53,69.78,193.75,29.15,52.095812710089504
2025-10-12 07:43:20.117518,27.7,67.3,210.56,14.56,52.03405692727622
2025-10-12 07:43:21.117518,61.63,51.19,299.66,15.69,52.225851068031886
2025-10-12 07:43:22.117517,55.66,35.37,54.41,120.32,52.379558466109714
2025-10-12 07:43:23.117516,23.96,42.97,68.76,44.45,51.91134699071392
2025-10-12 07:43:24.117515,30.24,38.93,230.78,139.52,52.89151579260583
2025-10-12 07:43:25.117515,15.69,63.66,289.0,149.09,53.095068819070995
2025-10-12 07:43:26.117514,15.63,36.44,230.14,54.34,52.323386029942114
2025-10-12 07:43:27.117514,11.17,84.95,243.78,50.15,52.352146805805155
2025-10-12 07:43:28.117513,28.74,40.12,235.96,115.48,52.74385487194477
2025-10-12 07:43:29.117513,67.77,96.72,267.53,109.15,52.80180223969049
2025-10-12 07:43:30.117512,36.88,51.52,132.75,97.85,52.409322553379766
2025-10-12 07:43:31.117512,39.13,58.5,53.32,46.99,51.90335567058099
2025-10-12 07:43:32.117511,21.21,21.36,144.23,44.2,52.06135901187046
2025-10-12 07:43:33.117511,58.92,82.11,188.72,61.01,52.30322293762963
2025-10-12 07:43:34.117511,39.08,40.7,231.87,59.69,52.36501717456248
2025-10-12 07:43:35.117510,67.49,71.1,177.54,142.85,52.81603718295813
2025-10-12 07:43:36.117510,73.02,87.29,77.59,132.39,52.53882908001738
2025-10-12 07:43:37.117509,59.7,85.44,153.0,73.29,52.30910426042827
2025-10-12 07:43:38.117509,33.47,50.03,179.61,79.67,52.389467767218534
2025-10-12 07:43:39.117508,53.23,86.15,160.86,91.01,52.44415853169458
2025-10-12 07:43:40.117508,31.41,79.64,133.35,82.1,52.32173104058971
2025-10-12 07:43:41.117507,86.75,22.6,169.05,19.31,51.9506830263027
2025-10-12 07:43:42.117507,75.14,76.28,133.66,77.47,52.28980405756961
2025-10-12 07:43:43.117506,51.91,43.83,150.81,18.65,51.91855040475785
2025-10-12 07:43:44.117506,92.06,88.63,102.86,124.66,52.54307906595848
2025-10-12 07:43:45.117506,56.47,76.19,170.14,23.84,52.012925447911805
2025-10-12 07:43:46.117505,37.93,95.4,163.05,74.57,52.34493878322742
2025-10-12 07:43:47.117504,18.11,52.6,82.13,92.07,52.261766658238436
2025-10-12 07:43:48.117504,56.22,39.88,185.47,146.22,52.838237074856224
2025-10-12 07:43:49.117504,83.14,92.81,265.11,51.62,52.41254025873856
2025-10-12 07:43:50.117503,83.67,86.94,159.46,37.51,52.08647138931489
2025-10-12 07:43:51.117503,61.39,69.99,270.86,133.18,52.953647076876535
2025-10-12 07:43:52.117502,43.44,33.38,261.08,76.15,52.533549237383525
2025-10-12 07:43:53.117502,65.28,59.82,209.74,19.78,52.06276346335696
2025-10-12 07:43:54.117501,74.78,67.25,53.3,80.77,52.13238437056104
2025-10-12 07:43:55.117501,44.99,90.23,74.82,144.42,52.614301991307556
2025-10-12 07:43:56.117500,50.48,45.96,149.15,149.06,52.781691675367334
2025-10-12 07:43:57.117500,67.85,34.34,213.48,37.19,52.17225470308758
2025-10-12 07:43:58.117499,84.52,36.49,162.12,95.72,52.45052714139436
2025-10-12 07:43:59.117499,77.24,29.04,74.17,71.85,52.09719120546886
2025-10-12 07:44:00.117499,11.9,91.58,120.79,147.02,52.73201764120838
2025-10-12 07:44:01.117498,20.57,35.13,239.43,140.74,52.91626092445177
2025-10-12 07:44:02.117498,82.49,64.4,150.99,25.3,51.97452112479391
2025-10-12 07:44:03.117497,80.87,77.05,238.49,135.08,52.899975344217815
2025-10-12 07:44:04.117497,43.05,55.1,109.81,26.71,51.88938751433189
2025-10-12 07:44:05.117496,59.66,91.03,86.84,72.88,52.16599306815643
2025-10-12 07:44:06.117496,87.0,89.66,93.73,69.62,52.1585379464565
2025-10-12 07:44:07.117495,87.48,50.58,102.66,68.08,52.14594571763226
2025-10-12 07:44:08.117495,76.56,90.68,296.4,83.36,52.68988732798882
2025-10-12 07:44:09.117494,27.82,74.32,167.02,50.71,52.183459452926016
2025-10-12 07:44:10.117494,72.07,68.53,189.34,35.6,52.12836206999436
2025-10-12 07:44:11.117493,18.59,44.71,239.91,111.12,52.7260375418431
2025-10-12 07:44:12.117493,85.98,79.72,194.92,50.12,52.2430619883575
2025-10-12 07:44:13.117492,22.68,75.4,115.45,41.11,52.00848893535211
2025-10-12 07:44:14.117492,66.3,54.34,132.7,11.73,51.83918743766015
2025-10-12 07:44:15.117492,61.87,75.47,163.99,45.4,52.14228366828324
2025-10-12 07:44:16.117491,76.04,43.37,142.78,91.25,52.38273812063484
2025-10-12 07:44:17.117491,56.88,36.54,222.39,73.75,52.43546007108524
2025-10-12 07:44:18.117490,15.06,24.88,116.83,16.6,51.82070051196362
2025-10-12 07:44:19.117490,70.0,48.44,76.1,46.28,51.942456285375734
2025-10-12 07:44:20.117489,42.57,51.44,296.86,133.78,53.003703604606926
2025-10-12 07:44:21.117489,37.22,24.64,268.14,77.93,52.555814437226786
2025-10-12 07:44:22.117488,94.29,66.02,276.22,43.32,52.36664578957326
2025-10-12 07:44:23.117488,60.18,96.78,81.65,125.04,52.50413095310328
2025-10-12 07:44:24.117487,70.41,75.49,202.05,14.66,52.0208186780504
2025-10-12 07:44:25.117487,54.74,80.55,121.27,33.39,51.972738136857416
2025-10-12 07:44:26.117486,75.45,27.57,295.13,44.27,52.39257705150287
2025-10-12 07:44:27.117486,73.93,82.72,142.95,65.43,52.233624540862714
2025-10-12 07:44:28.117485,65.86,44.26,68.56,125.51,52.44964200807253
2025-10-12 07:44:29.117485,94.81,32.54,221.65,51.47,52.28375310475679
2025-10-12 07:44:30.117485,49.08,98.44,102.66,66.95,52.165069859327296
2025-10-12 07:44:31.117484,70.03,97.47,216.28,62.91,52.384155317590405
2025-10-12 07:44:32.117484,77.81,97.37,261.31,48.07,52.38327278602131
2025-10-12 07:44:33.117483,41.96,73.93,232.49,37.12,52.23504601356904
2025-10-12 07:44:34.117483,48.86,38.08,250.36,89.88,52.604041079906104
2025-10-12 07:44:35.117482,92.38,67.08,209.73,72.7,52.41802092893471
2025-10-12 07:44:36.117482,12.74,81.2,195.77,139.86,52.84135099944562
2025-10-12 07:44:37.117481,38.5,25.35,268.19,102.21,52.717468999162676
2025-10-12 07:44:38.117481,51.33,41.76,136.39,45.2,52.062339790959676
2025-10-12 07:44:39.117480,10.12,60.61,162.78,126.13,52.66721361325524
2025-10-12 07:44:40.117480,86.43,78.81,169.14,114.72,52.61540242724019
2025-10-12 07:44:41.117479,34.33,78.04,295.28,148.85,53.11509656758619
2025-10-12 07:44:42.117479,31.9,77.1,111.33,111.37,52.466827908534846
2025-10-12 07:44:43.117479,79.73,41.75,101.98,63.55,52.10949224386468
2025-10-12 07:44:44.117478,33.63,84.29,58.52,30.98,51.82271962543197
2025-10-12 07:44:45.117478,65.9,67.4,285.73,132.4,52.979281975218
2025-10-12 07:44:46.117477,79.83,40.97,78.31,107.86,52.35181281671622
2025-10-12 07:44:47.117477,77.36,55.9,102.48,135.92,52.59878222922781
2025-10-12 07:44:48.117476,76.47,59.11,191.05,47.15,52.20349037115552
2025-10-12 07:44:49.117476,17.53,29.33,77.29,13.69,51.71810036115807
2025-10-12 07:44:50.117475,16.79,86.51,295.6,33.82,52.35702566076346
2025-10-12 07:44:51.117475,36.08,40.2,187.99,92.22,52.48547227207672
2025-10-12 07:44:52.117474,13.06,51.8,146.3,47.52,52.104817845156255
2025-10-12 07:44:53.117474,52.54,95.39,103.48,65.59,52.156125140574886
2025-10-12 07:44:54.117473,43.56,37.44,70.95,10.99,51.69094014005246
2025-10-12 07:44:55.117473,57.35,22.02,147.24,27.18,51.95528969614712
2025-10-12 07:44:56.117472,35.4,40.47,186.9,87.63,52.45279354996231
2025-10-12 07:44:57.117472,51.29,58.87,275.52,46.68,52.383450993137025
2025-10-12 07:44:58.117472,38.45,31.89,103.0,89.86,52.28084420991566
2025-10-12 07:44:59.117471,26.59,90.07,239.29,73.26,52.49864193605293
2025-10-12 07:45:00.117471,65.2,47.83,72.62,37.69,51.87755537861525
2025-10-12 07:45:01.117470,67.24,67.34,161.06,67.36,52.27715874849363
2025-10-12 07:45:02.117470,80.48,50.23,298.34,69.58,52.58013252594144
2025-10-12 07:45:03.117469,84.35,48.15,220.96,85.79,52.51872884430686
2025-10-12 07:45:04.117469,69.88,26.3,160.13,58.67,52.194634098491704
2025-10-12 07:45:05.117468,68.44,82.82,244.91,23.42,52.17600056986127
2025-10-12 07:45:06.117468,14.82,24.67,267.93,58.82,52.42853880432101
2025-10-12 07:45:07.117467,19.33,52.11,244.93,115.59,52.77071065179328
2025-10-12 07:45:08.117467,79.07,51.7,250.71,89.2,52.60786363658774
2025-10-12 07:45:09.117466,29.8,76.97,259.25,42.93,52.33334112375383
2025-10-12 07:45:10.117466,40.22,39.91,267.81,113.4,52.79901464612431
2025-10-12 07:45:11.117466,22.35,77.95,156.86,111.39,52.566187093013234
2025-10-12 07:45:12.117465,26.59,92.28,122.84,147.76,52.74176497797124
2025-10-12 07:45:13.117465,75.91,72.66,181.68,31.52,52.086965419856426
2025-10-12 07:45:14.117464,32.26,73.55,143.17,64.01,52.21957569111615
2025-10-12 07:45:15.117464,48.17,95.81,115.04,26.74,51.92357706858879
2025-10-12 07:45:16.117463,22.89,28.62,164.79,61.33,52.22368708193363
2025-10-12 07:45:17.117463,67.62,61.31,70.3,149.07,52.619273186484705
2025-10-12 07:45:18.117462,71.9,49.68,187.76,120.18,52.675823093321505
2025-10-12 07:45:19.117462,40.74,98.06,128.66,33.02,51.996051812428796
2025-10-12 07:45:20.117461,76.7,90.29,267.93,92.44,52.68818530504807
2025-10-12 07:45:21.117461,30.39,38.06,161.94,64.89,52.24638531900758
2025-10-12 07:45:22.117461,68.81,97.81,135.54,56.59,52.16727404656506
2025-10-12 07:45:23.117460,72.05,74.08,283.5,80.9,52.63634553954755
2025-10-12 07:45:24.117460,92.34,54.6,183.13,42.2,52.15094905517444
2025-10-12 07:45:25.117459,29.75,28.49,82.24,146.31,52.6085945956001
2025-10-12 07:45:26.117459,17.97,72.05,243.16,10.94,52.08338136422638
2025-10-12 07:45:27.117458,32.36,88.77,162.48,38.67,52.10173886889514
2025-10-12 07:45:28.117458,20.44,72.8,156.67,74.37,52.31720104316012
2025-10-12 07:45:29.117457,24.42,72.96,172.37,31.32,52.06561167834233
2025-10-12 07:45:30.117457,38.4,50.75,136.48,92.64,52.38240470096872
2025-10-12 07:45:31.117456,45.19,88.36,139.95,13.52,51.885718196401875
2025-10-12 07:45:32.117456,86.82,36.27,98.38,146.28,52.647730751011636
2025-10-12 07:45:33.117455,26.63,95.03,148.02,97.4,52.46366041719376
2025-10-12 07:45:34.117455,92.6,69.4,83.65,65.58,52.09858987430805
2025-10-12 07:45:35.117455,78.86,50.57,270.52,115.55,52.82509263308156
2025-10-12 07:45:36.117454,84.93,98.93,135.12,85.58,52.35939846690472
2025-10-12 07:45:37.117454,89.0,44.26,268.5,84.2,52.60912496032486
2025-10-12 07:45:38.117453,74.03,67.55,266.14,33.27,52.27892978353439
2025-10-12 07:45:39.117453,77.05,23.85,192.08,128.32,52.724850821168104
2025-10-12 07:45:40.117452,47.21,95.83,215.9,33.93,52.19007281414544
2025-10-12 07:45:41.117452,53.39,88.09,296.12,73.22,52.62053803720669
2025-10-12 07:45:42.117451,89.26,76.36,143.36,115.69,52.56456132496494
2025-10-12 07:45:43.117451,42.15,25.77,91.99,27.32,51.83846893904244
2025-10-12 07:45:44.117450,13.57,91.18,296.91,65.76,52.574456984828316
2025-10-12 07:45:45.117450,74.83,42.09,184.53,95.46,52.500523518397024
2025-10-12 07:45:46.117449,58.72,48.28,213.05,74.06,52.42379022059479
2025-10-12 07:45:47.117449,79.26,49.25,229.61,118.13,52.752749384110246
2025-10-12 07:45:48.117449,16.42,56.16,209.92,127.22,52.77421830206398
2025-10-12 07:45:49.117448,62.8,75.53,96.3,31.28,51.90178166762056
2025-10-12 07:45:50.117448,31.06,36.61,62.24,126.83,52.44043952394639
2025-10-12 07:45:51.117447,86.78,75.44,277.93,111.02,52.824933263529374
2025-10-12 07:45:52.117447,19.34,62.93,81.31,140.25,52.585514756020814
2025-10-12 07:45:53.117446,81.66,30.25,238.12,125.65,52.810549549696226
2025-10-12 07:45:54.117446,17.53,60.24,288.35,148.95,53.09082725400056
2025-10-12 07:45:55.117445,12.13,97.46,166.42,84.61,52.42003166270784
2025-10-12 07:45:56.117445,29.98,24.31,295.35,35.06,52.33011212707138
2025-10-12 07:45:57.117444,38.31,97.46,262.33,101.11,52.737572143591805
2025-10-12 07:45:58.117444,63.25,36.5,106.13,149.99,52.689292282993925
2025-10-12 07:45:59.117443,21.2,56.98,214.51,136.39,52.84549317077134
2025-10-12 07:46:00.117443,47.17,25.3,129.0,60.42,52.13817259949117
2025-10-12 07:46:01.117443,27.36,49.76,286.71,31.93,52.304755378154134
2025-10-12 07:46:02.117442,82.7,85.74,237.94,136.69,52.91430247794685
2025-10-12 07:46:03.117442,13.82,73.12,235.49,42.52,52.276943216152695
2025-10-12 07:46:04.117441,40.25,76.35,96.97,143.65,52.64951287924025
2025-10-12 07:46:05.117441,63.67,73.33,186.19,145.61,52.854358044016045
2025-10-12 07:46:06.117440,87.61,90.63,233.39,95.02,52.63058189527876
2025-10-12 07:46:07.117440,83.78,33.46,172.8,36.11,52.07636294670145
2025-10-12 07:46:08.117439,86.09,70.27,274.17,63.37,52.497639429570256
2025-10-12 07:46:09.117439,15.34,39.59,64.86,147.37,52.58410802828027
2025-10-12 07:46:10.117438,81.48,66.67,50.21,86.49,52.16332434442265
2025-10-12 07:46:11.117438,76.29,33.06,150.22,59.6,52.18307265419253
2025-10-12 07:46:12.117438,86.71,75.42,267.69,139.06,52.988818803842065
2025-10-12 07:46:13.117437,36.48,87.95,59.08,110.52,52.35389294088248
2025-10-12 07:46:14.117437,87.5,95.0,105.1,98.87,52.38030785039344
2025-10-12 07:46:15.117436,44.22,64.85,210.92,19.1,52.06360771687406
2025-10-12 07:46:16.117436,63.9,70.69,192.3,32.07,52.1125545331885
2025-10-12 07:46:17.117435,46.06,28.16,298.29,30.71,52.30975884395639
2025-10-12 07:46:18.117435,46.35,57.75,166.69,34.69,52.06719802075412
2025-10-12 07:46:19.117434,56.46,79.91,162.91,18.17,51.961680235119914
2025-10-12 07:46:20.117434,40.25,94.81,172.49,95.5,52.50400226250294
2025-10-12 07:46:21.117433,77.38,39.23,204.12,82.6,52.45606845552329
2025-10-12 07:46:22.117433,63.86,46.17,194.32,34.61,52.12015405040393
2025-10-12 07:46:23.117433,68.63,34.86,276.68,41.56,52.338627968536436
2025-10-12 07:46:24.117432,29.64,66.41,125.76,130.11,52.616560571489806
2025-10-12 07:46:25.117432,92.41,85.31,61.39,119.41,52.41643935024123
2025-10-12 07:46:26.117431,66.11,92.06,263.34,58.69,52.455208930514445
2025-10-12 07:46:27.117431,26.76,30.91,201.44,95.72,52.532707262536576
2025-10-12 07:46:28.117430,73.79,26.42,194.23,44.1,52.17195905942155
2025-10-12 07:46:29.117430,24.77,22.99,91.02,76.81,52.16329341934459
2025-10-12 07:46:30.117429,15.39,53.74,150.42,27.7,51.98328399856675
2025-10-12 07:46:31.117429,54.84,62.39,205.5,120.24,52.72176948569477
2025-10-12 07:46:32.117428,57.05,60.2,80.32,93.4,52.270896104685725
2025-10-12 07:46:33.117428,26.06,77.88,227.0,109.72,52.70719618620484
2025-10-12 07:46:34.117427,39.61,43.24,134.93,24.38,51.921809952496986
2025-10-12 07:46:35.117427,90.39,47.86,59.96,112.94,52.349561879727595
2025-10-12 07:46:36.117427,34.23,71.44,196.95,29.41,52.10540255865017
2025-10-12 07:46:37.117426,23.22,49.26,131.84,48.38,52.077749421601155
2025-10-12 07:46:38.117426,94.37,60.03,243.04,132.14,52.88086273322313
2025-10-12 07:46:39.117425,35.7,86.31,169.71,146.15,52.82941804537786
2025-10-12 07:46:40.117425,67.82,95.85,195.73,10.67,51.99195443933434
2025-10-12 07:46:41.117424,29.68,32.98,179.64,82.82,52.40095521478471
2025-10-12 07:46:42.117424,56.76,30.88,147.77,119.34,52.573052092061914
2025-10-12 07:46:43.117423,42.83,89.2,245.9,46.18,52.332759612329276
2025-10-12 07:46:44.117423,91.73,78.66,135.15,89.69,52.37546636078545
2025-10-12 07:46:45.117422,46.79,39.18,244.65,95.5,52.629569182297615
2025-10-12 07:46:46.117422,59.65,57.14,171.28,30.16,52.046747790729015
2025-10-12 07:46:47.117421,90.31,64.61,238.65,12.12,52.07729234510758
2025-10-12 07:46:48.117421,94.08,98.82,264.88,27.88,52.25781765484856
2025-10-12 07:46:49.117421,18.64,51.11,188.35,79.26,52.40630418485449
2025-10-12 07:46:50.117420,80.92,79.4,207.33,27.75,52.121326899301074
2025-10-12 07:46:51.117420,42.48,82.38,62.62,148.76,52.612278990150536
2025-10-12 07:46:52.117419,60.56,62.27,138.83,128.44,52.63152194923677
2025-10-12 07:46:53.117419,41.88,35.25,138.89,77.93,52.28137623141214
2025-10-12 07:46:54.117418,44.09,92.18,167.13,57.13,52.236244235593865
2025-10-12 07:46:55.117418,23.5,87.83,57.94,21.16,51.7582536191525
2025-10-12 07:46:56.117417,58.69,28.75,173.66,75.7,52.338374761442104
2025-10-12 07:46:57.117417,56.47,46.27,107.86,34.5,51.931949705882666
2025-10-12 07:46:58.117416,26.1,33.99,278.67,103.8,52.75555940729349
2025-10-12 07:46:59.117416,56.05,80.78,168.83,31.54,52.06374388762582
2025-10-12 07:47:00.117416,92.71,34.94,142.66,101.4,52.445155845099656
2025-10-12 07:47:01.117415,70.72,97.76,289.46,68.49,52.58007804970468
2025-10-12 07:47:02.117415,50.88,24.08,217.82,87.22,52.50801947541199
2025-10-12 07:47:03.117414,87.87,42.3,280.53,52.18,52.42160438738404
2025-10-12 07:47:04.117414,58.9,36.8,249.84,55.46,52.37374883276854
2025-10-12 07:47:05.117413,21.48,51.13,125.51,71.41,52.217914703953845
2025-10-12 07:47:06.117413,56.54,25.65,128.39,86.61,52.3108724166171
2025-10-12 07:47:07.117412,25.38,95.18,81.44,57.09,52.0517878575021
2025-10-12 07:47:08.117412,75.24,87.03,118.48,92.58,52.363147159465406
2025-10-12 07:47:09.117411,92.21,23.77,62.96,139.68,52.52014637113864
2025-10-12 07:47:10.117411,40.67,46.57,140.09,121.69,52.580719984586096
2025-10-12 07:47:11.117411,46.97,61.39,198.94,37.11,52.155234500558784
2025-10-12 07:47:12.117410,45.83,66.1,214.05,122.34,52.75631621220311
2025-10-12 07:47:13.117410,34.25,79.14,131.7,50.37,52.107275816279774
2025-10-12 07:47:14.117409,77.51,91.27,155.83,123.56,52.652137553983266
2025-10-12 07:47:15.117409,62.51,60.27,147.95,58.88,52.18850701872267
2025-10-12 07:47:16.117408,15.44,29.09,155.1,129.08,52.652601239965286
2025-10-12 07:47:17.117408,81.3,65.04,144.72,46.69,52.10324730247637
2025-10-12 07:47:18.117407,25.9,36.83,279.62,111.71,52.81170003739476
2025-10-12 07:47:19.117407,93.23,32.6,210.86,40.76,52.1892988234553
2025-10-12 07:47:20.117406,42.02,57.52,89.34,114.67,52.43014260799846
2025-10-12 07:47:21.117406,62.4,21.01,285.52,26.0,52.246822296446176
2025-10-12 07:47:22.117405,16.62,36.5,123.07,32.24,51.94450482278723
2025-10-12 07:47:23.117405,39.3,65.94,219.49,58.71,52.34570159824148
2025-10-12 07:47:24.117404,78.2,76.81,272.61,110.69,52.81196614397475
2025-10-12 07:47:25.117404,50.56,37.69,287.02,25.43,52.255571526126275
2025-10-12 07:47:26.117404,86.89,34.85,186.85,124.07,52.69141819698782
2025-10-12 07:47:27.117403,58.89,55.41,219.09,66.48,52.39054726474876
2025-10-12 07:47:28.117403,88.93,33.56,287.3,81.16,52.62377234404079
2025-10-12 07:47:29.117402,93.52,73.28,236.7,36.04,52.23664764992339
2025-10-12 07:47:30.117402,48.58,32.27,61.72,137.5,52.507716237124626
2025-10-12 07:47:31.117401,58.04,56.99,123.69,143.88,52.6982247113947
2025-10-12 07:47:32.117401,80.97,51.75,125.55,78.3,52.2640766525258
2025-10-12 07:47:33.117400,28.83,89.18,109.59,33.85,51.95525838553936
2025-10-12 07:47:34.117400,83.24,48.38,65.47,109.03,52.33585078301033
2025-10-12 07:47:35.117399,60.31,45.6,254.25,44.38,52.314669261178096
2025-10-12 07:47:36.117399,71.67,74.99,272.15,93.65,52.696858122678904
2025-10-12 07:47:37.117398,16.79,79.06,272.33,113.72,52.83272119599095
2025-10-12 07:47:38.117398,75.13,97.26,194.69,149.08,52.909137522431976
2025-10-12 07:47:39.117397,36.42,57.43,293.93,117.81,52.89468465419211
2025-10-12 07:47:40.117397,78.44,85.25,236.7,121.27,52.80899478213325
2025-10-12 07:47:41.117397,53.28,78.39,95.29,138.23,52.611030224519865
2025-10-12 07:47:42.117396,33.34,78.2,155.17,75.23,52.322659546112945
2025-10-12 07:47:43.117396,90.98,68.47,136.15,104.94,52.47318397092819
2025-10-12 07:47:44.117395,75.03,76.48,199.29,96.87,52.561026999215024
2025-10-12 07:47:45.117395,93.78,94.14,76.97,107.36,52.375165876243656
2025-10-12 07:47:46.117394,40.98,56.41,70.91,81.77,52.17118706505718
2025-10-12 07:47:47.117394,65.18,52.4,191.56,84.92,52.4515507590898
2025-10-12 07:47:48.117393,61.99,35.37,266.33,137.87,52.955691201074146
2025-10-12 07:47:49.117393,68.44,84.53,195.86,126.43,52.7542611058171
2025-10-12 07:47:50.117392,13.26,31.07,197.38,48.8,52.212572929626496
2025-10-12 07:47:51.117392,34.8,33.22,251.68,39.54,52.27008404741521
2025-10-12 07:47:52.117391,87.29,66.65,296.83,37.92,52.37585803694393
2025-10-12 07:47:53.117391,46.02,42.74,72.99,112.0,52.36873648523842
2025-10-12 07:47:54.117390,91.65,48.39,214.0,119.39,52.72677608603741
2025-10-12 07:47:55.117390,28.15,55.85,285.78,67.79,52.54413593871246
2025-10-12 07:47:56.117390,94.78,49.17,225.13,30.31,52.160109209367434
2025-10-12 07:47:57.117389,69.29,58.92,70.11,140.17,52.55846048671223
2025-10-12 07:47:58.117389,75.99,40.47,115.64,80.78,52.252767341216675
2025-10-12 07:47:59.117388,43.73,81.91,143.17,139.02,52.7220824520837
2025-10-12 07:48:00.117388,87.1,94.32,156.18,15.63,51.93824070869757
2025-10-12 07:48:01.117387,56.36,59.55,161.19,118.18,52.61040955024399
2025-10-12 07:48:02.117387,67.88,81.11,186.83,40.62,52.163234826956206
2025-10-12 07:48:03.117386,18.06,35.51,263.47,83.31,52.587440330828876
2025-10-12 07:48:04.117386,63.69,85.56,218.81,140.52,52.898130251126894
2025-10-12 07:48:05.117385,84.72,68.95,269.29,27.84,52.250500895649665
2025-10-12 07:48:06.117385,25.15,91.17,57.26,68.81,52.07489917265775
2025-10-12 07:48:07.117384,72.71,51.95,167.96,24.26,51.997500159557674
2025-10-12 07:48:08.117384,12.16,27.73,152.02,93.82,52.411136658864656
2025-10-12 07:48:09.117383,88.73,36.48,157.86,129.32,52.66429155190143
2025-10-12 07:48:10.117383,93.55,38.01,69.35,11.53,51.69137094776477
2025-10-12 07:48:11.117383,40.11,47.59,289.93,117.78,52.8803357028777
2025-10-12 07:48:12.117382,19.1,35.53,85.28,98.27,52.30025364399947
2025-10-12 07:48:13.117382,65.98,31.8,164.32,25.64,51.987555109409826
2025-10-12 07:48:14.117381,12.54,47.57,198.11,90.44,52.49970800190077
2025-10-12 07:48:15.117381,51.01,57.74,141.98,31.17,51.99023406507861
2025-10-12 07:48:16.117380,33.1,61.87,218.44,38.82,52.20914620909867
2025-10-12 07:48:17.117380,50.23,66.55,97.57,44.33,51.98615618269797
2025-10-12 07:48:18.117379,11.55,46.67,121.24,17.65,51.84935638469628
2025-10-12 07:48:19.117379,14.39,56.65,155.39,76.09,52.31685660058978
2025-10-12 07:48:20.117378,11.36,26.35,280.56,54.66,52.42925683500918
2025-10-12 07:48:21.117378,62.63,20.46,235.04,109.81,52.693289787415424
2025-10-12 07:48:22.117378,57.61,54.22,53.89,148.64,52.57688213826434
2025-10-12 07:48:23.117377,29.82,23.15,101.07,71.89,52.152525650604154
2025-10-12 07:48:24.117377,64.96,24.96,241.69,83.91,52.53831340783372
2025-10-12 07:48:25.117376,85.16,96.35,273.82,78.52,52.61194193961863
2025-10-12 07:48:26.117376,33.57,61.76,153.27,15.14,51.91056386041918
2025-10-12 07:48:27.117375,80.72,77.51,296.42,11.4,52.2049916292189
2025-10-12 07:48:28.117375,66.31,73.43,234.99,111.8,52.735856191388606
2025-10-12 07:48:29.117374,12.87,31.29,205.81,148.94,52.895628718513805
2025-10-12 07:48:30.117374,41.89,53.45,215.36,108.52,52.66039440622384
2025-10-12 07:48:31.117373,53.16,97.57,156.5,23.56,51.99337570633451
2025-10-12 07:48:32.117373,72.19,39.26,76.56,17.13,51.744872952509375
2025-10-12 07:48:33.117373,34.41,60.44,137.3,97.31,52.42056945114492
2025-10-12 07:48:34.117372,93.53,31.75,277.29,107.84,52.778134397233146
2025-10-12 07:48:35.117372,68.19,80.18,165.43,78.62,52.36851482353013
2025-10-12 07:48:36.117371,41.69,45.67,69.51,134.07,52.50930131754242
2025-10-12 07:48:37.117371,18.25,43.59,196.87,21.81,52.039293587504844
2025-10-12 07:48:38.117370,25.42,85.65,233.09,86.06,52.56769157763973
2025-10-12 07:48:39.117370,51.45,42.91,84.7,42.48,51.932811852373696
2025-10-12 07:48:40.117369,52.05,93.16,88.78,10.8,51.759348595437324
2025-10-12 07:48:41.117369,75.26,81.98,232.94,17.14,52.10788901344273
2025-10-12 07:48:42.117368,71.73,48.75,269.12,25.87,52.225819776077785
2025-10-12 07:48:43.117368,27.11,21.57,237.84,62.1,52.38331973958207
2025-10-12 07:48:44.117368,60.57,67.74,97.74,41.33,51.96727530626087
2025-10-12 07:48:45.117367,11.75,47.3,229.22,114.22,52.724867270906785
2025-10-12 07:48:46.117367,43.88,21.74,126.73,109.03,52.45390276589738
2025-10-12 07:48:47.117366,74.95,47.22,176.07,26.88,52.02984876659639
2025-10-12 07:48:48.117366,43.96,21.9,140.55,56.59,52.1359124408943
2025-10-12 07:48:49.117365,81.03,59.7,159.2,54.52,52.18365276080217
2025-10-12 07:48:50.117365,92.97,55.94,299.12,141.54,53.06261346307879
2025-10-12 07:48:51.117364,61.61,54.79,267.29,63.65,52.47596385972852
2025-10-12 07:48:52.117364,22.33,52.84,59.21,34.08,51.82729612234471
2025-10-12 07:48:53.117363,42.27,56.33,53.24,36.94,51.8352711662231
2025-10-12 07:48:54.117363,10.81,61.67,258.89,79.44,52.56637307673256
2025-10-12 07:48:55.117362,61.23,56.77,123.99,118.71,52.53169477001863
2025-10-12 07:48:56.117362,79.83,68.63,113.34,86.55,52.30174052362167
2025-10-12 07:48:57.117362,63.54,89.69,139.47,54.98,52.16059514711346
2025-10-12 07:48:58.117361,76.82,22.27,114.98,40.32,51.97267029219778
2025-10-12 07:48:59.117361,77.99,46.86,122.03,29.47,51.929627242844624
2025-10-12 07:49:00.117360,82.34,78.29,106.97,13.55,51.808782532293485
2025-10-12 07:49:01.117360,32.67,22.95,218.54,120.28,52.72837826452507
2025-10-12 07:49:02.117359,84.06,46.97,112.05,126.35,52.55105368263914
2025-10-12 07:49:03.117358,65.6,66.61,218.45,144.4,52.912559994582836
2025-10-12 07:49:04.117357,34.63,87.11,64.65,24.4,51.793911452675275
2025-10-12 07:49:05.117357,93.92,49.85,202.2,56.63,52.2854438383627
2025-10-12 07:49:06.117356,90.77,36.25,251.7,99.6,52.670443050869764
2025-10-12 07:49:07.117356,58.83,95.65,190.8,15.25,52.01154847933476
2025-10-12 07:49:08.117355,81.67,79.69,221.15,46.97,52.27903043513298
2025-10-12 07:49:09.117355,32.23,30.27,146.5,43.15,52.06427010518974
2025-10-12 07:49:10.117354,45.36,49.85,272.88,108.18,52.780894749057204
2025-10-12 07:49:11.117354,25.64,30.8,256.65,20.35,52.152149830023234
2025-10-12 07:49:12.117354,54.21,25.38,56.57,63.98,52.004746410917505
2025-10-12 07:49:13.117353,52.16,40.48,80.27,93.05,52.257494542359105
2025-10-12 07:49:14.117353,28.09,93.68,196.32,92.1,52.5324939394775
2025-10-12 07:49:15.117352,67.19,76.31,195.37,60.61,52.31176526754088
2025-10-12 07:49:16.117352,20.01,71.79,159.09,16.26,51.936200593078304
2025-10-12 07:49:17.117351,15.24,82.73,160.97,92.62,52.453180485183445
2025-10-12 07:49:18.117351,42.72,64.76,67.23,27.71,51.80904339502983
2025-10-12 07:49:19.117350,44.84,29.83,289.51,143.26,53.038660753012174
2025-10-12 07:49:20.117350,37.18,43.31,200.9,143.5,52.85555932160887
2025-10-12 07:49:21.117349,31.93,68.11,167.99,36.23,52.086002169944706
2025-10-12 07:49:22.117349,38.8,62.38,72.41,34.6,51.86468501469019
2025-10-12 07:49:23.117349,23.89,53.91,244.72,103.61,52.69174287236198
2025-10-12 07:49:24.117348,44.29,44.76,286.04,127.52,52.93497036734596
2025-10-12 07:49:25.117348,86.89,51.63,85.5,13.77,51.74884398040603
2025-10-12 07:49:26.117347,29.08,65.89,140.15,92.68,52.39905261329443
2025-10-12 07:49:27.117347,68.18,29.34,247.94,17.68,52.11472452346372
2025-10-12 07:49:28.117346,22.05,92.66,166.03,10.89,51.927221386795665
2025-10-12 07:49:29.117346,40.08,43.23,89.22,94.02,52.28487478646368
2025-10-12 07:49:30.117345,37.3,95.09,99.54,117.28,52.49048919446884
2025-10-12 07:49:31.117345,89.65,30.82,115.11,96.0,52.3472676964472
2025-10-12 07:49:32.117344,46.38,40.16,166.12,43.58,52.11518119433055
2025-10-12 07:49:33.117344,68.69,60.72,259.78,127.74,52.88835160840284
2025-10-12 07:49:34.117344,61.21,89.68,101.32,61.79,52.12304236607888
2025-10-12 07:49:35.117343,21.99,32.71,291.99,103.96,52.78480009779221
2025-10-12 07:49:36.117343,89.86,64.82,272.98,136.59,52.978002119482255
2025-10-12 07:49:37.117342,39.4,88.1,159.92,76.51,52.34696510523066
2025-10-12 07:49:38.117342,13.8,23.79,296.02,120.57,52.8988227927368
2025-10-12 07:49:39.117341,35.54,39.0,146.12,63.05,52.20038255157575
2025-10-12 07:49:40.117341,38.53,91.13,57.18,17.76,51.735874491718945
2025-10-12 07:49:41.117340,17.88,75.74,249.59,92.28,52.63925022706977
2025-10-12 07:49:42.117340,62.7,41.71,157.53,54.17,52.16769983986624
2025-10-12 07:49:43.117339,39.47,24.59,115.26,141.68,52.64731450157567
2025-10-12 07:49:44.117339,63.48,93.05,286.17,19.39,52.24443559457726
2025-10-12 07:49:45.117338,10.57,35.07,94.32,11.8,51.74568688352175
2025-10-12 07:49:46.117338,93.47,69.64,290.99,21.57,52.256336345707574
2025-10-12 07:49:47.117337,24.49,23.88,71.52,75.61,52.11352880247989
2025-10-12 07:49:48.117337,66.04,44.8,265.35,118.54,52.83051442387067
2025-10-12 07:49:49.117337,70.84,35.52,61.93,54.12,51.956570181730726
2025-10-12 07:49:50.117336,24.59,33.92,71.6,50.68,51.95382217747023
2025-10-12 07:49:51.117336,19.5,22.99,238.09,142.49,52.918216193293894
2025-10-12 07:49:52.117335,22.97,52.43,100.79,143.57,52.64396087711902
2025-10-12 07:49:53.117335,30.98,66.69,144.51,64.96,52.22497129079851
2025-10-12 07:49:54.117334,24.3,70.61,85.04,128.87,52.52234607195921
2025-10-12 07:49:55.117334,67.29,55.97,252.12,49.04,52.34674743189191
2025-10-12 07:49:56.117333,45.77,48.44,126.21,140.89,52.67908901435798
2025-10-12 07:49:57.117333,55.71,98.41,158.08,143.32,52.792140700679084
2025-10-12 07:49:58.117332,14.02,43.23,55.03,128.37,52.43870513085293
2025-10-12 07:49:59.117332,83.21,78.75,103.23,142.73,52.658319566179436
2025-10-12 07:50:00.117331,24.5,52.71,206.51,86.08,52.49184858722767
2025-10-12 07:50:01.117331,40.61,70.26,195.47,23.59,52.06290755791759
2025-10-12 07:50:02.117331,16.11,54.3,189.23,118.22,52.66857265828787
2025-10-12 07:50:03.117330,21.63,50.54,237.96,109.76,52.71602463286044
2025-10-12 07:50:04.117330,66.59,46.38,194.1,98.0,52.5405256195386
2025-10-12 07:50:05.117329,68.87,72.89,181.47,98.57,52.531661945946205
2025-10-12 07:50:06.117329,67.54,87.94,103.74,139.61,52.643830021351796
2025-10-12 07:50:07.117328,56.93,26.22,181.41,124.97,52.68079162421409
2025-10-12 07:50:08.117328,90.96,76.0,88.4,124.82,52.505751609887
2025-10-12 07:50:09.117327,53.11,89.94,237.19,125.78,52.84260035376456
2025-10-12 07:50:10.117327,48.2,83.47,185.61,127.14,52.736151815608906
2025-10-12 07:50:11.117326,31.04,62.77,141.43,77.59,52.2999379682486
2025-10-12 07:50:12.117326,18.4,41.16,133.44,49.19,52.082089945007745
2025-10-12 07:50:13.117325,56.59,42.25,263.56,101.18,52.709991664329486
2025-10-12 07:50:14.117325,36.77,97.85,88.03,44.05,51.98101767779951
2025-10-12 07:50:15.117325,54.54,65.8,126.84,25.67,51.92537486660411
2025-10-12 07:50:16.117324,27.52,64.21,201.71,98.99,52.57352107211426
2025-10-12 07:50:17.117324,81.24,74.9,68.65,134.49,52.52648405794324
2025-10-12 07:50:18.117323,94.97,36.75,79.84,93.12,52.2549515131737
2025-10-12 07:50:19.117323,37.4,34.56,233.55,41.57,52.24497940944997
2025-10-12 07:50:20.117322,81.6,88.29,111.73,65.83,52.17166246156942
2025-10-12 07:50:21.117322,84.2,24.95,138.95,23.06,51.911593550278816
2025-10-12 07:50:22.117321,94.67,65.61,287.66,129.42,52.96269349229766
2025-10-12 07:50:23.117321,39.13,67.63,209.0,108.78,52.6562136063267
2025-10-12 07:50:24.117320,74.26,97.44,215.71,129.45,52.824541404771686
2025-10-12 07:50:25.117320,29.45,47.33,230.79,107.44,52.68328905975096
2025-10-12 07:50:26.117320,63.11,87.15,101.37,79.51,52.239354526429686
2025-10-12 07:50:27.117319,69.91,60.76,110.67,130.56,52.58367436999725
2025-10-12 07:50:28.117319,73.0,40.28,212.74,103.9,52.61672145556471
2025-10-12 07:50:29.117318,27.61,44.96,293.38,50.16,52.43754836206068
2025-10-12 07:50:30.117318,82.14,35.39,61.08,135.91,52.49751058111996
2025-10-12 07:50:31.117317,45.78,79.9,263.69,76.49,52.56734566032245
2025-10-12 07:50:32.117317,28.39,32.84,118.44,115.3,52.48371201003713
2025-10-12 07:50:33.117316,56.12,91.33,159.59,97.17,52.48517065980971
2025-10-12 07:50:34.117316,83.39,30.09,96.05,69.49,52.12956877765795
2025-10-12 07:50:35.117315,92.2,30.03,299.78,86.53,52.68451923053114
2025-10-12 07:50:36.117315,73.6,31.31,58.91,33.42,51.810287894289935
2025-10-12 07:50:37.117314,10.48,41.41,137.36,31.62,51.9741158612795
2025-10-12 07:50:38.117313,21.45,95.37,142.93,142.32,52.75095234897137
2025-10-12 07:50:39.117313,16.48,20.34,196.56,107.39,52.59369872221131
2025-10-12 07:50:40.117312,18.6,83.71,238.78,135.34,52.90603492941252
2025-10-12 07:50:41.117312,42.56,46.37,134.85,115.57,52.52862363248956
2025-10-12 07:50:42.117311,38.77,65.63,154.26,130.68,52.68172575300985
2025-10-12 07:50:43.117311,19.66,63.62,101.86,25.28,51.86739255817072
2025-10-12 07:50:44.117310,84.99,93.84,205.27,84.9,52.50420748503126
2025-10-12 07:50:45.117310,62.31,37.84,267.73,117.87,52.82735787265322
2025-10-12 07:50:46.117310,77.7,84.93,144.9,114.29,52.56337690543357
2025-10-12 07:50:47.117309,41.58,34.09,209.18,101.33,52.58849884300704
2025-10-12 07:50:48.117309,44.87,30.36,227.34,104.07,52.64399844055894
2025-10-12 07:50:49.117308,37.0,95.82,192.91,97.87,52.5645848165415
2025-10-12 07:50:50.117308,47.27,70.27,170.67,57.89,52.236778313606216
2025-10-12 07:50:51.117307,61.88,61.37,265.91,124.2,52.87851335934922
2025-10-12 07:50:52.117307,51.9,65.59,188.33,76.27,52.39447070605723
2025-10-12 07:50:53.117306,81.22,56.01,189.22,131.81,52.75970173754618
2025-10-12 07:50:54.117306,86.51,52.46,124.48,134.7,52.6364887287451
2025-10-12 07:50:55.117305,49.92,58.67,180.61,32.76,52.085092200667624
2025-10-12 07:50:56.117305,30.38,78.12,222.4,36.0,52.20805822657427
2025-10-12 07:50:57.117305,90.34,22.36,57.5,110.0,52.31052736624665
2025-10-12 07:50:58.117304,72.48,35.08,171.67,145.18,52.79873228089181
2025-10-12 07:50:59.117304,64.41,82.33,50.17,43.45,51.886284168520845
2025-10-12 07:51:00.117303,73.36,40.64,199.36,55.93,52.26951444455516
2025-10-12 07:51:01.117303,16.46,74.64,148.01,20.83,51.9440857363637
2025-10-12 07:51:02.117302,15.75,89.78,81.57,60.92,52.07448630829441
2025-10-12 07:51:03.117302,23.02,35.09,153.7,104.2,52.4877689636169
2025-10-12 07:51:04.117301,22.53,93.65,274.57,129.59,52.95102833777336
2025-10-12 07:51:05.117301,45.76,36.83,118.57,34.12,51.94740592662604
2025-10-12 07:51:06.117301,23.38,77.56,260.39,57.67,52.433974256983774
2025-10-12 07:51:07.117300,82.63,39.49,171.52,40.02,52.10289254049852
2025-10-12 07:51:08.117300,59.14,21.88,166.17,52.88,52.16684654334091
2025-10-12 07:51:09.117299,41.3,60.46,216.0,44.75,52.24242810733862
2025-10-12 07:51:10.117299,15.92,58.21,116.11,23.34,51.88241479546766
2025-10-12 07:51:11.117298,60.24,33.71,181.68,64.37,52.28332973857772
2025-10-12 07:51:12.117298,19.91,53.74,280.13,114.67,52.84185923139015
2025-10-12 07:51:13.117297,73.17,26.82,103.1,45.5,51.983814640687804
2025-10-12 07:51:14.117297,78.23,26.09,187.11,27.1,52.043500005423525
2025-10-12 07:51:15.117296,56.24,76.66,218.49,41.27,52.233743361688006
2025-10-12 07:51:16.117296,22.72,64.51,166.16,110.62,52.57377137591123
2025-10-12 07:51:17.117296,76.88,55.05,68.75,52.04,51.968421644040944
2025-10-12 07:51:18.117295,36.17,24.4,92.07,100.35,52.3225948389273
2025-10-12 07:51:19.117295,28.93,48.82,293.98,58.76,52.49807693434524
2025-10-12 07:51:20.117294,50.0,79.89,269.5,140.79,53.00671363480533
2025-10-12 07:51:21.117294,88.42,67.97,75.05,94.56,52.27148713175829
2025-10-12 07:51:22.117293,35.28,23.94,186.51,133.5,52.74720035808712
2025-10-12 07:51:23.117293,86.97,25.57,198.39,106.18,52.59254635587265
2025-10-12 07:51:24.117292,14.56,32.4,185.14,112.92,52.61234157887778
2025-10-12 07:51:25.117292,17.1,86.64,246.93,42.78,52.3110030805028
2025-10-12 07:51:26.117292,69.38,54.09,240.59,103.6,52.682818751845424
2025-10-12 07:51:27.117291,26.2,36.84,102.31,54.46,52.047144487565056
2025-10-12 07:51:28.117291,36.91,20.11,215.13,102.59,52.60199015984042
2025-10-12 07:51:29.117290,21.59,86.55,56.98,147.88,52.59652495897583
2025-10-12 07:51:30.117290,38.24,78.21,249.59,25.3,52.19606480990386
2025-10-12 07:51:31.117289,33.84,33.05,138.81,18.71,51.886924057835394
2025-10-12 07:51:32.117289,72.59,78.07,94.8,14.9,51.79122389544344
2025-10-12 07:51:33.117288,69.67,79.79,249.93,117.8,52.81162193517446
2025-10-12 07:51:34.117288,91.17,59.08,142.71,89.27,52.37818400213239
2025-10-12 07:51:35.117287,71.58,88.57,179.13,147.49,52.860000888820515
2025-10-12 07:51:36.117287,69.06,37.08,130.95,90.8,52.35059328431313
2025-10-12 07:51:37.117287,69.01,36.11,117.57,11.76,51.79642869056981
2025-10-12 07:51:38.117286,85.05,46.77,266.4,134.78,52.94167582874736
2025-10-12 07:51:39.117286,35.18,90.65,125.97,58.52,52.15534365597683
2025-10-12 07:51:40.117285,35.51,71.96,252.44,50.5,52.36602693495477
2025-10-12 07:51:41.117285,73.0,80.87,165.11,19.28,51.97435331771258
2025-10-12 07:51:42.117284,29.44,56.43,71.8,72.65,52.112597344417466
2025-10-12 07:51:43.117284,87.52,56.01,158.38,149.82,52.812346359659
2025-10-12 07:51:44.117283,55.46,74.16,283.33,93.44,52.719251768012114
2025-10-12 07:51:45.117283,35.51,58.65,210.87,127.77,52.781314459167625
2025-10-12 07:51:46.117282,75.97,29.2,56.72,130.33,52.447574822541455
2025-10-12 07:51:47.117282,36.55,52.32,204.39,27.13,52.095770630703996
2025-10-12 07:51:48.117282,91.88,93.09,278.97,97.65,52.74826824450332
2025-10-12 07:51:49.117281,93.55,40.4,211.54,149.79,52.918766410500226
2025-10-12 07:51:50.117281,66.68,51.1,239.1,24.9,52.15557624811622
2025-10-12 07:51:51.117280,19.66,34.79,261.73,108.69,52.75171783928349
2025-10-12 07:51:52.117280,32.37,65.09,90.77,99.5,52.336769104215584
2025-10-12 07:51:53.117279,53.81,25.03,122.14,46.63,52.03161626010292
2025-10-12 07:51:54.117279,82.37,63.31,77.29,105.65,52.34735983470001
2025-10-12 07:51:55.117278,25.72,46.85,133.89,53.65,52.11583319046521
2025-10-12 07:51:56.117278,18.87,95.04,277.45,83.38,52.651343365831046
2025-10-12 07:51:57.117277,16.33,74.28,230.08,65.91,52.421098381782414
2025-10-12 07:51:58.117277,53.09,23.56,286.35,77.68,52.59305144040911
2025-10-12 07:51:59.117277,85.2,23.59,97.28,132.35,52.54583492635564
2025-10-12 07:52:00.117276,13.6,56.63,162.17,65.02,52.258077377364934
2025-10-12 07:52:01.117276,28.05,42.83,155.28,28.59,51.993663184862015
2025-10-12 07:52:02.117275,68.93,30.74,281.92,106.01,52.77546884133684
2025-10-12 07:52:03.117275,80.2,23.54,104.35,91.24,52.28828661782487
2025-10-12 07:52:04.117274,78.63,73.57,82.03,135.53,52.56166780594222
2025-10-12 07:52:05.117274,76.73,73.62,136.69,62.66,52.19659943479927
2025-10-12 07:52:06.117273,21.03,73.36,271.72,122.33,52.88537351688183
2025-10-12 07:52:07.117273,43.77,85.82,65.36,134.13,52.523033445292114
2025-10-12 07:52:08.117272,93.7,25.32,131.86,66.11,52.18215265527757
2025-10-12 07:52:09.117272,94.06,44.39,186.82,88.28,52.4591148776404
2025-10-12 07:52:10.117271,61.21,45.16,243.79,34.45,52.22582961009773
2025-10-12 07:52:11.117271,70.29,55.12,230.87,75.7,52.4771314637786
2025-10-12 07:52:12.117271,90.86,26.24,185.47,11.7,51.93781348955204
2025-10-12 07:52:13.117270,48.24,26.09,278.3,121.74,52.869433487580196
2025-10-12 07:52:14.117270,21.63,79.85,231.4,53.19,52.3426348375685
2025-10-12 07:52:15.117269,66.86,56.85,276.9,127.62,52.922535203658235
2025-10-12 07:52:16.117269,91.61,25.59,136.17,112.32,52.49835602880151
2025-10-12 07:52:17.117268,69.26,72.61,240.06,94.8,52.6335644019665
2025-10-12 07:52:18.117268,78.28,81.75,297.42,53.92,52.491732909140936
2025-10-12 07:52:19.117267,45.93,48.37,180.9,133.57,52.749087226040075
2025-10-12 07:52:20.117267,18.2,97.68,219.21,117.27,52.751425279402675
2025-10-12 07:52:21.117266,24.35,79.75,195.51,120.66,52.7125462565025
2025-10-12 07:52:22.117266,93.53,87.36,210.36,90.46,52.548545623944264
2025-10-12 07:52:23.117266,51.92,36.78,59.82,121.84,52.40216555229722
2025-10-12 07:52:24.117265,11.02,79.58,98.21,94.73,52.32930755724128
2025-10-12 07:52:25.117265,91.21,91.7,236.54,90.45,52.607677420252216
2025-10-12 07:52:26.117264,52.31,32.23,244.34,80.68,52.52666730312675
2025-10-12 07:52:27.117264,81.08,37.8,267.7,107.27,52.75691626253475
2025-10-12 07:52:28.117263,56.62,31.76,125.29,52.46,52.08088725207543
2025-10-12 07:52:29.117263,18.64,70.99,167.69,19.94,51.9788336592779
2025-10-12 07:52:30.117262,62.32,50.16,59.54,98.97,52.25720873902951
2025-10-12 07:52:31.117262,94.78,71.51,203.39,52.75,52.274321900615426
2025-10-12 07:52:32.117261,12.95,85.56,273.94,66.86,52.52881009955005
2025-10-12 07:52:33.117261,81.55,70.6,244.33,102.02,52.689628354561286
2025-10-12 07:52:34.117260,30.02,55.47,198.51,126.48,52.74417488935949
2025-10-12 07:52:35.117260,43.48,83.4,277.81,142.76,53.0397657122863
2025-10-12 07:52:36.117259,41.68,31.89,239.72,137.32,52.89238832546697
2025-10-12 07:52:37.117259,86.4,70.94,70.82,55.97,52.007835107005405
2025-10-12 07:52:38.117259,52.88,20.58,276.73,53.19,52.40798315802624
2025-10-12 07:52:39.117258,48.01,77.12,116.99,15.07,51.83995337394285
2025-10-12 07:52:40.117258,79.53,55.71,264.11,66.19,52.486436778039945
2025-10-12 07:52:41.117257,14.16,24.19,58.09,146.49,52.55501640088743
2025-10-12 07:52:42.117257,17.35,48.06,240.34,47.75,52.30823460457897
2025-10-12 07:52:43.117256,11.84,78.72,167.36,18.81,51.97491800717191
2025-10-12 07:52:44.117256,68.48,61.39,185.94,92.56,52.495070358004234
2025-10-12 07:52:45.117255,54.68,73.33,290.37,132.64,52.99423777923807
2025-10-12 07:52:46.117255,84.46,22.31,59.79,113.66,52.33975865371108
2025-10-12 07:52:47.117254,52.38,30.33,185.23,130.45,52.72773532562131
2025-10-12 07:52:48.117254,28.85,74.36,221.2,48.21,52.28440396770404
2025-10-12 07:52:49.117254,78.44,78.56,240.15,147.09,52.98412858763985
2025-10-12 07:52:50.117253,35.02,47.38,86.8,139.67,52.584922520382804
2025-10-12 07:52:51.117253,89.53,71.23,248.92,128.0,52.872368810551166
2025-10-12 07:52:52.117252,31.29,76.84,263.58,78.65,52.579741162348284
2025-10-12 07:52:53.117252,24.26,39.96,191.72,60.42,52.282366184497654
2025-10-12 07:52:54.117251,51.93,38.87,82.26,33.83,51.86786036706582
2025-10-12 07:52:55.117251,14.29,47.29,57.08,130.76,52.46127298667549
2025-10-12 07:52:56.117250,13.09,44.37,196.97,129.81,52.75676167841947
2025-10-12 07:52:57.117250,52.16,50.71,56.4,44.84,51.89143262960191
2025-10-12 07:52:58.117249,28.28,66.28,208.48,66.09,52.3709927988383
2025-10-12 07:52:59.117249,10.79,76.32,94.72,77.96,52.20861851260482
2025-10-12 07:53:00.117249,35.16,41.97,144.92,53.54,52.136312222806104
2025-10-12 07:53:01.117248,50.58,20.01,82.87,104.73,52.3292690343481
2025-10-12 07:53:02.117248,43.51,49.41,62.72,147.09,52.58307079458135
2025-10-12 07:53:03.117247,21.51,90.64,195.47,64.79,52.34769732530708
2025-10-12 07:53:04.117247,59.27,77.41,149.71,43.51,52.09984556072611
2025-10-12 07:53:05.117246,70.38,42.49,239.86,75.98,52.4914630174569
2025-10-12 07:53:06.117246,67.42,84.21,169.7,126.23,52.696015174831494
2025-10-12 07:53:07.117245,43.47,23.97,223.77,110.08,52.67259003060028
2025-10-12 07:53:08.117245,21.7,36.96,210.74,138.77,52.84197566856387
2025-10-12 07:53:09.117245,52.46,51.12,199.99,86.37,52.47874712889961
2025-10-12 07:53:10.117244,85.69,82.58,179.1,64.84,52.30803928678968
2025-10-12 07:53:11.117244,49.84,32.13,101.74,148.57,52.66791464784732
2025-10-12 07:53:12.117243,26.63,30.63,183.41,118.02,52.64145431286906
2025-10-12 07:53:13.117243,17.91,98.85,109.94,11.66,51.81411747638403
2025-10-12 07:53:14.117242,90.23,30.72,217.53,58.85,52.32278697480688
2025-10-12 07:53:15.117242,73.16,89.3,134.44,87.51,52.36537625201883
2025-10-12 07:53:16.117241,36.6,68.77,102.46,66.0,52.14182551841045
2025-10-12 07:53:17.117241,35.1,90.72,239.58,74.49,52.50779628256341
2025-10-12 07:53:18.117241,86.09,64.52,200.29,94.67,52.54194088201547
2025-10-12 07:53:19.117240,25.09,28.79,205.88,134.02,52.79536283452121
2025-10-12 07:53:20.117240,55.48,59.72,197.4,80.6,52.43961696565885
2025-10-12 07:53:21.117239,70.65,82.96,136.73,75.54,52.287369067277666
2025-10-12 07:53:22.117239,43.69,27.93,115.64,112.79,52.45824810778361
2025-10-12 07:53:23.117238,13.39,45.39,196.31,66.96,52.338749734787186
2025-10-12 07:53:24.117238,29.36,28.97,57.0,23.91,51.74172367589937
2025-10-12 07:53:25.117237,86.65,58.05,80.63,96.61,52.29167786108749
2025-10-12 07:53:26.117237,54.47,76.39,162.48,65.52,52.273060705379464
2025-10-12 07:53:27.117236,79.31,38.41,87.24,102.44,52.3337840770304
2025-10-12 07:53:28.117236,57.23,39.71,96.05,72.75,52.15655757707398
2025-10-12 07:53:29.117236,90.21,27.4,188.86,139.04,52.7909923025735
2025-10-12 07:53:30.117235,87.28,75.65,275.22,145.74,53.049615635880016
2025-10-12 07:53:31.117235,51.05,43.25,89.77,98.9,52.31846837225301
2025-10-12 07:53:32.117234,37.05,40.52,176.79,26.68,52.02635582981053
2025-10-12 07:53:33.117234,61.14,60.91,133.46,40.85,52.037765884136554
2025-10-12 07:53:34.117233,67.37,69.6,192.07,79.91,52.42897281727385
2025-10-12 07:53:35.117233,52.36,72.93,180.39,38.81,52.132702803352636
2025-10-12 07:53:36.117232,79.89,31.52,151.71,29.31,51.98440704167148
2025-10-12 07:53:37.117232,25.58,36.59,80.2,16.36,51.74617209070922
2025-10-12 07:53:38.117231,38.43,65.13,281.75,44.57,52.386441636483056
2025-10-12 07:53:39.117231,68.34,25.28,220.31,43.09,52.22118827614103
2025-10-12 07:53:40.117230,30.97,71.73,269.91,120.0,52.865076239281045
2025-10-12 07:53:41.117230,47.39,93.25,64.36,121.37,52.44030708769416
2025-10-12 07:53:42.117230,91.92,47.44,60.33,100.16,52.2653073801071
2025-10-12 07:53:43.117229,63.2,40.56,233.43,28.25,52.159649423843895
2025-10-12 07:53:44.117229,90.67,43.65,218.65,17.38,52.05716453399429
2025-10-12 07:53:45.117228,71.41,89.99,54.05,123.74,52.43186156172302
2025-10-12 07:53:46.117228,71.6,58.72,119.96,113.63,52.49032159644909
2025-10-12 07:53:47.117227,60.31,96.5,272.15,127.22,52.93163468723367
2025-10-12 07:53:48.117227,22.09,38.64,140.8,27.36,51.951761756684974
2025-10-12 07:53:49.117226,54.18,30.73,292.95,60.83,52.49951854730888
2025-10-12 07:53:50.117226,31.48,42.88,192.44,126.23,52.722346163911396
2025-10-12 07:53:51.117225,94.89,77.61,268.59,124.94,52.89827194300717
2025-10-12 07:53:52.117225,32.69,96.38,61.46,137.94,52.5457366021579
2025-10-12 07:53:53.117225,29.61,43.56,99.48,23.48,51.839124200586426
2025-10-12 07:53:54.117224,63.03,30.1,107.42,104.21,52.384679108889685
2025-10-12 07:53:55.117224,53.43,75.58,269.12,78.0,52.586742196247144
2025-10-12 07:53:56.117223,11.81,71.28,53.77,70.91,52.07020288731779
2025-10-12 07:53:57.117223,21.01,78.42,140.09,111.93,52.53365886742047
2025-10-12 07:53:58.117222,78.94,41.72,114.51,71.98,52.192604427218306
2025-10-12 07:53:59.117222,51.11,28.35,137.53,34.05,51.9833477922939
2025-10-12 07:54:00.117221,22.41,29.66,240.13,134.97,52.876439660528256
2025-10-12 07:54:01.117221,49.55,33.91,262.91,105.75,52.73427433682934
2025-10-12 07:54:02.117220,31.52,20.98,157.46,118.61,52.58371704104775
2025-10-12 07:54:03.117220,29.01,83.08,186.22,143.28,52.844382299175706
2025-10-12 07:54:04.117220,91.41,21.28,157.75,81.6,52.33887026872354
2025-10-12 07:54:05.117219,40.77,81.7,134.69,25.11,51.947529573404424
2025-10-12 07:54:06.117219,13.95,74.68,222.58,88.07,52.55213384737026
2025-10-12 07:54:07.117218,92.48,48.1,298.81,81.98,52.66226828592868
2025-10-12 07:54:08.117218,77.56,84.41,255.92,103.58,52.73280324681041
2025-10-12 07:54:09.117217,31.63,81.12,85.68,118.96,52.46380623268667
2025-10-12 07:54:10.117217,44.76,45.25,255.33,49.76,52.35252517577511
2025-10-12 07:54:11.117216,83.29,96.35,292.56,87.7,52.71351806612491
2025-10-12 07:54:12.117216,40.38,44.58,141.31,111.01,52.511373850840634
2025-10-12 07:54:13.117215,58.23,78.97,50.01,83.35,52.14889215158226
2025-10-12 07:54:14.117215,55.46,92.7,54.05,27.95,51.797592006953025
2025-10-12 07:54:15.117214,44.11,51.45,169.14,141.92,52.78071401624945
2025-10-12 07:54:16.117214,64.36,57.93,279.9,33.09,52.30222869544688
2025-10-12 07:54:17.117214,50.23,54.58,252.84,76.13,52.52733751830274
2025-10-12 07:54:18.117213,11.8,58.44,123.58,141.92,52.6857838420711
2025-10-12 07:54:19.117213,79.22,87.11,133.31,89.76,52.37664071845386
2025-10-12 07:54:20.117212,19.62,89.61,102.16,71.53,52.1894716670926
2025-10-12 07:54:21.117212,49.45,82.95,227.66,96.82,52.62582827428842
2025-10-12 07:54:22.117211,59.29,38.37,190.17,149.68,52.87055597359976
2025-10-12 07:54:23.117211,69.97,21.57,274.61,43.66,52.34068316529934
2025-10-12 07:54:24.117210,44.92,76.31,92.18,121.91,52.494808555932316
2025-10-12 07:54:25.117210,72.52,24.63,232.97,134.07,52.85213814412424
2025-10-12 07:54:26.117209,21.16,37.02,239.4,48.31,52.303771122403035
2025-10-12 07:54:27.117209,65.54,42.65,125.96,110.86,52.47601080597966
2025-10-12 07:54:28.117209,80.24,83.29,212.92,96.89,52.594511274380096
2025-10-12 07:54:29.117208,85.6,69.29,113.75,130.03,52.5915822871209
2025-10-12 07:54:30.117208,59.26,24.91,61.08,90.34,52.18922356141423
2025-10-12 07:54:31.117207,36.6,78.03,60.67,98.13,52.26958832011154
2025-10-12 07:54:32.117207,23.89,35.96,279.04,43.91,52.359956093065335
2025-10-12 07:54:33.117206,39.37,40.42,102.91,45.31,51.989707049686
2025-10-12 07:54:34.117206,55.9,37.37,69.97,52.07,51.9614316566688
2025-10-12 07:54:35.117205,26.69,28.96,51.8,149.0,52.56068640747441
2025-10-12 07:54:36.117205,90.96,34.07,235.68,103.04,52.65731525471874
2025-10-12 07:54:37.117204,86.26,70.21,166.8,87.68,52.42607309021621
2025-10-12 07:54:38.117204,12.8,63.5,116.99,23.84,51.890584884119264
2025-10-12 07:54:39.117203,57.77,85.5,296.73,105.17,52.83247876240631
2025-10-12 07:54:40.117203,77.09,30.64,201.67,90.08,52.49562213700028
2025-10-12 07:54:41.117203,30.86,60.93,129.21,38.73,52.01448799350804
2025-10-12 07:54:42.117202,54.53,73.95,69.29,59.42,52.02908934119931
2025-10-12 07:54:43.117200,44.51,95.55,297.6,53.53,52.49721165933655
2025-10-12 07:54:44.117200,26.71,64.12,130.23,143.18,52.71173016071643
2025-10-12 07:54:45.117199,62.25,80.83,284.06,64.66,52.53352706347071
2025-10-12 07:54:46.117199,94.46,67.0,155.01,98.24,52.46880393477571
2025-10-12 07:54:47.117198,41.05,73.39,195.54,90.77,52.510687482790935
2025-10-12 07:54:48.117198,56.95,52.0,131.61,49.59,52.08680580733906
2025-10-12 07:54:49.117198,37.87,82.96,233.47,136.32,52.90060488703835
2025-10-12 07:54:50.117197,84.54,61.63,153.3,128.39,52.662219181042346
2025-10-12 07:54:51.117197,83.49,36.43,203.97,144.17,52.86283771307766
2025-10-12 07:54:52.117196,25.2,59.35,201.47,58.02,52.29837096978669
2025-10-12 07:54:53.117196,86.5,23.96,161.71,29.18,52.001028417444374
2025-10-12 07:54:54.117195,22.88,69.49,187.2,83.0,52.438857638689306
2025-10-12 07:54:55.117195,18.11,56.62,59.77,139.84,52.53256350037696
2025-10-12 07:54:56.117194,65.5,76.75,84.02,18.1,51.7883470312204
2025-10-12 07:54:57.117194,42.8,42.01,152.69,70.44,52.26535606821076
2025-10-12 07:54:58.117193,55.11,75.11,69.31,56.59,52.01099475270448
2025-10-12 07:54:59.117193,65.47,79.12,206.35,12.74,52.01942121019575
2025-10-12 07:55:00.117193,14.49,47.67,177.19,134.55,52.74715536392571
2025-10-12 07:55:01.117192,34.9,86.1,130.17,135.27,52.671327109298815
2025-10-12 07:55:02.117192,49.18,43.62,234.06,122.88,52.79079609603831
2025-10-12 07:55:03.117191,32.66,89.86,269.61,89.6,52.6727403433271
2025-10-12 07:55:04.117191,14.16,85.93,281.28,105.36,52.80046831775814
2025-10-12 07:55:05.117190,17.37,44.93,259.94,110.88,52.76801163855442
2025-10-12 07:55:06.117190,78.15,23.14,56.56,41.37,51.853411599230476
2025-10-12 07:55:07.117189,87.47,29.57,87.62,73.61,52.1383402685078
2025-10-12 07:55:08.117189,22.94,39.46,108.07,27.07,51.879302462955586
2025-10-12 07:55:09.117188,31.19,73.97,270.31,54.71,52.43384732923664
2025-10-12 07:55:10.117188,65.44,49.93,163.56,34.92,52.05758546348346
2025-10-12 07:55:11.117187,91.11,52.44,296.52,100.31,52.78137545845874
2025-10-12 07:55:12.117187,35.47,44.14,254.43,138.63,52.939803314602464
2025-10-12 07:55:13.117187,82.69,31.77,242.59,29.42,52.18239297370184
2025-10-12 07:55:14.117186,53.01,92.3,228.32,130.64,52.85693114323204
2025-10-12 07:55:15.117186,91.31,35.99,146.41,81.42,52.32126242431761
2025-10-12 07:55:16.117185,21.58,37.48,185.28,17.8,51.98414101712809
2025-10-12 07:55:17.117185,92.76,96.68,261.93,84.76,52.627752471525476
2025-10-12 07:55:18.117184,47.48,32.47,174.76,81.35,52.380330210601
2025-10-12 07:55:19.117184,91.0,91.08,244.09,101.5,52.6970493342034
2025-10-12 07:55:20.117183,48.99,23.02,100.64,41.15,51.94749323353158
2025-10-12 07:55:21.117183,55.06,31.9,239.74,55.17,52.34719152782564
2025-10-12 07:55:22.117182,78.41,81.81,278.03,115.28,52.85696820620972
2025-10-12 07:55:23.117182,71.42,38.64,157.14,135.32,52.70375466234685
2025-10-12 07:55:24.117181,62.67,36.08,90.13,129.89,52.520947322509166
2025-10-12 07:55:25.117181,45.44,24.98,224.18,133.31,52.82822325571236
2025-10-12 07:55:26.117181,77.36,97.11,219.78,73.85,52.464157413023614
2025-10-12 07:55:27.117180,90.6,31.29,227.99,23.95,52.11415339884783
2025-10-12 07:55:28.117180,10.83,31.75,62.1,34.91,51.827341128232966
2025-10-12 07:55:29.117179,59.97,98.95,160.7,140.09,52.77668567593388
2025-10-12 07:55:30.117179,83.61,71.16,123.71,24.23,51.91201012958548
2025-10-12 07:55:31.117178,65.51,42.94,228.33,47.26,52.276084726842086
2025-10-12 07:55:32.117178,78.07,21.64,182.68,60.17,52.250908035007456
2025-10-12 07:55:33.117177,86.08,73.81,252.22,17.08,52.14476377497954
2025-10-12 07:55:34.117177,73.83,31.41,215.79,49.01,52.25408677497337
2025-10-12 07:55:35.117176,70.95,51.78,53.23,146.12,52.5573675213221
2025-10-12 07:55:36.117176,92.0,94.66,91.36,67.5,52.142108073676816
2025-10-12 07:55:37.117175,83.41,74.34,271.2,123.9,52.89521121443589
2025-10-12 07:55:38.117175,79.31,26.26,290.77,67.11,52.53398514290881
2025-10-12 07:55:39.117175,17.34,64.2,80.59,43.82,51.94463466892932
2025-10-12 07:55:40.117174,30.32,86.2,61.11,34.66,51.853824684319974
2025-10-12 07:55:41.117174,57.32,28.49,64.01,123.36,52.41673044434023
2025-10-12 07:55:42.117173,70.31,77.51,278.34,25.26,52.25776804925855
2025-10-12 07:55:43.117173,35.77,48.1,53.52,93.06,52.20377969043428
2025-10-12 07:55:44.117172,17.93,22.29,177.71,149.92,52.836178240086966
2025-10-12 07:55:45.117172,36.44,53.47,86.92,75.39,52.16193159276559
2025-10-12 07:55:46.117171,75.54,66.98,85.39,130.78,52.53376291792262
2025-10-12 07:55:47.117171,84.58,63.61,193.99,102.08,52.57695172128916
2025-10-12 07:55:48.117170,87.6,41.87,120.4,127.37,52.57309750084869
2025-10-12 07:55:49.117170,42.2,26.58,223.49,70.37,52.40987154482347
2025-10-12 07:55:50.117169,41.67,81.53,194.27,73.09,52.39511545926279
2025-10-12 07:55:51.117169,44.57,56.24,118.82,44.08,52.02485229782149
2025-10-12 07:55:52.117169,41.94,21.82,211.55,88.43,52.50119376683584
2025-10-12 07:55:53.117168,66.63,61.52,76.48,73.41,52.13062396409039
2025-10-12 07:55:54.117168,40.46,60.08,228.97,121.11,52.77716473640928
2025-10-12 07:55:55.117167,11.73,73.62,233.43,130.51,52.85676023791707
2025-10-12 07:55:56.117167,47.32,86.31,166.09,124.89,52.68045953323998
2025-10-12 07:55:57.117166,29.05,36.58,118.28,51.53,52.06219145081904
2025-10-12 07:55:58.117166,12.45,90.59,229.74,81.78,52.534766382656045
2025-10-12 07:55:59.117165,50.02,87.0,240.58,137.38,52.92530917615718
2025-10-12 07:56:00.117165,27.51,41.33,263.81,41.71,52.31530800920197
2025-10-12 07:56:01.117164,48.48,49.66,281.82,29.4,52.277301335336745
2025-10-12 07:56:02.117164,33.61,33.54,278.46,71.13,52.538016361426074
2025-10-12 07:56:03.117164,61.32,80.26,124.99,34.89,51.9906012076234
2025-10-12 07:56:04.117163,94.22,70.04,161.09,133.78,52.71956843853267
2025-10-12 07:56:05.117163,56.51,81.88,136.03,66.57,52.22571432826363
2025-10-12 07:56:06.117162,64.99,75.8,261.35,147.09,53.02857556390366
2025-10-12 07:56:07.117162,88.14,68.81,218.77,18.93,52.08170879425726
2025-10-12 07:56:08.117161,41.79,39.56,149.75,31.7,52.00049133908812
2025-10-12 07:56:09.117161,24.16,97.86,274.16,68.43,52.5465500759324
2025-10-12 07:56:10.117160,34.04,93.89,65.92,54.26,51.998624425524355
2025-10-12 07:56:11.117160,44.24,71.95,70.05,14.93,51.73433628112814
2025-10-12 07:56:12.117159,64.83,71.41,139.42,27.06,51.96500712294699
2025-10-12 07:56:13.117159,10.39,21.9,166.6,117.09,52.59396475447805
2025-10-12 07:56:14.117159,82.54,70.95,109.88,37.69,51.97123300797558
2025-10-12 07:56:15.117158,16.47,28.47,111.9,132.13,52.57879991780425
2025-10-12 07:56:16.117158,86.56,24.89,146.07,34.05,51.9999460956247
2025-10-12 07:56:17.117157,90.7,62.83,110.25,63.57,52.139289092757345
2025-10-12 07:56:18.117157,94.16,57.62,231.05,73.69,52.465571845831064
2025-10-12 07:56:19.117156,78.81,41.91,63.39,44.77,51.901233808781704
2025-10-12 07:56:20.117156,22.06,96.3,203.84,127.04,52.78216581105856
2025-10-12 07:56:21.117155,70.02,22.36,77.11,53.66,51.979121351362366
2025-10-12 07:56:22.117155,27.28,67.73,64.5,37.32,51.868557737310965
2025-10-12 07:56:23.117154,86.26,22.8,61.66,96.6,52.23085664482164
2025-10-12 07:56:24.117154,36.91,88.69,50.01,91.23,52.20660043079095
2025-10-12 07:56:25.117153,37.78,67.21,116.85,81.15,52.27272283815938
2025-10-12 07:56:26.117153,88.0,49.76,277.98,130.97,52.943168194571314
2025-10-12 07:56:27.117152,11.12,35.7,150.11,65.27,52.22193558704755
2025-10-12 07:56:28.117152,26.49,29.11,71.06,69.7,52.07621464907235
2025-10-12 07:56:29.117152,45.86,24.93,192.77,117.4,52.65447002047153
2025-10-12 07:56:30.117151,69.56,39.7,125.32,31.83,51.94844391066178
2025-10-12 07:56:31.117151,65.04,54.2,55.96,71.47,52.069168299246925
2025-10-12 07:56:32.117150,66.9,96.89,261.66,130.67,52.93199738677237
2025-10-12 07:56:33.117150,84.8,22.78,129.95,79.89,52.26805749832112
2025-10-12 07:56:34.117149,20.29,63.69,236.68,15.4,52.094277674467584
2025-10-12 07:56:35.117149,54.38,59.65,278.16,33.35,52.30113716772882
2025-10-12 07:56:36.117148,71.67,91.27,64.55,29.7,51.8311858774831
2025-10-12 07:56:37.117148,64.07,33.51,127.9,33.11,51.959092034924986
2025-10-12 07:56:38.117148,48.11,58.1,141.93,52.64,52.1328265028807
2025-10-12 07:56:39.117147,11.45,54.54,173.85,87.03,52.428333102122416
2025-10-12 07:56:40.117147,15.14,69.29,71.53,47.84,51.95449678633253
2025-10-12 07:56:41.117146,20.11,38.12,148.35,52.52,52.13484015072008
2025-10-12 07:56:42.117146,39.17,95.05,263.78,27.0,52.24749382112125
2025-10-12 07:56:43.117145,20.0,44.59,167.94,67.4,52.27969114686808
2025-10-12 07:56:44.117145,46.22,50.07,267.39,46.45,52.35939526568657
2025-10-12 07:56:45.117144,25.18,51.23,219.42,26.29,52.12218877301348
2025-10-12 07:56:46.117144,76.23,48.47,259.28,64.78,52.462574603923755
2025-10-12 07:56:47.117143,84.08,43.65,186.01,136.49,52.77692561959586
2025-10-12 07:56:48.117143,43.12,25.56,287.97,61.25,52.48862862321145
2025-10-12 07:56:49.117143,53.46,40.52,238.55,43.85,52.27427261656253
2025-10-12 07:56:50.117142,91.05,56.41,115.79,116.63,52.49990351088014
2025-10-12 07:56:51.117142,55.52,24.13,275.07,103.36,52.739345670724475
2025-10-12 07:56:52.117141,94.58,58.04,250.33,88.96,52.608973393936864
2025-10-12 07:56:53.117141,22.08,96.1,150.22,89.54,52.416859034187155
2025-10-12 07:56:54.117140,83.29,21.16,255.31,88.98,52.59939157164181
2025-10-12 07:56:55.117140,52.26,44.62,246.9,36.8,52.247872148284586
2025-10-12 07:56:56.117139,11.93,22.02,233.86,35.55,52.19871995439492
2025-10-12 07:56:57.117139,92.64,75.5,199.55,128.32,52.76978561483665
2025-10-12 07:56:58.117138,92.03,51.13,238.35,114.02,52.74547320680591
2025-10-12 07:56:59.117138,42.58,52.78,156.65,29.66,52.00927159986426
2025-10-12 07:57:00.117138,91.1,21.56,187.12,137.48,52.77361550244542
2025-10-12 07:57:01.117137,21.99,89.28,242.71,38.66,52.27597335225927
2025-10-12 07:57:02.117137,67.81,95.05,152.41,89.91,52.42348075258587
2025-10-12 07:57:03.117136,26.31,67.41,265.88,136.13,52.960990059797496
2025-10-12 07:57:04.117136,30.97,72.81,107.94,103.56,52.40525206598305
2025-10-12 07:57:05.117135,76.24,94.47,133.68,144.62,52.74565418748375
2025-10-12 07:57:06.117135,42.08,57.51,185.58,25.28,52.04558049003899
2025-10-12 07:57:07.117134,10.61,26.72,272.11,112.76,52.79675594528923
2025-10-12 07:57:08.117134,45.21,93.25,63.7,111.33,52.37223810319104
2025-10-12 07:57:09.117133,29.39,62.16,256.21,108.5,52.75370974495431
2025-10-12 07:57:10.117133,68.08,90.94,146.15,55.44,52.178832400254535
2025-10-12 07:57:11.117132,26.53,51.76,283.22,132.08,52.96301351637312
2025-10-12 07:57:12.117132,81.59,63.11,114.86,121.97,52.537056155170845
2025-10-12 07:57:13.117131,32.7,97.66,168.08,99.46,52.52230580224266
2025-10-12 07:57:14.117131,43.41,62.67,266.18,57.67,52.43824944246743
2025-10-12 07:57:15.117131,35.33,33.45,193.5,75.86,52.38508382290473
2025-10-12 07:57:16.117130,64.73,32.28,212.6,91.14,52.52727682126441
2025-10-12 07:57:17.117130,18.6,21.86,218.35,127.92,52.7780679851262
2025-10-12 07:57:18.117129,50.64,51.1,144.87,72.37,52.2662611483534
2025-10-12 07:57:19.117129,38.43,33.91,283.02,32.24,52.289992137333606
2025-10-12 07:57:20.117128,85.15,20.53,299.02,84.85,52.6664355339714
2025-10-12 07:57:21.117128,16.24,98.53,175.98,85.63,52.44813227161992
2025-10-12 07:57:22.117127,80.52,44.16,180.34,43.51,52.14778463625434
2025-10-12 07:57:23.117127,24.25,25.83,90.69,32.89,51.87265183228323
2025-10-12 07:57:24.117126,17.53,55.97,231.73,86.6,52.55181508237059
2025-10-12 07:57:25.117126,27.2,54.25,134.97,117.69,52.547338355147645
2025-10-12 07:57:26.117126,18.73,73.54,120.39,42.21,52.02546990134193
2025-10-12 07:57:27.117125,54.28,83.77,204.91,48.01,52.252978583774045
2025-10-12 07:57:28.117125,94.0,83.83,299.58,91.44,52.74660262624292
2025-10-12 07:57:29.117124,12.92,90.65,95.01,135.29,52.597729701101755
2025-10-12 07:57:30.117124,49.2,27.34,181.3,54.11,52.210864299432785
2025-10-12 07:57:31.117123,42.82,92.26,171.28,22.31,52.01418279751008
2025-10-12 07:57:32.117123,38.87,32.6,273.67,29.53,52.25099664056648
2025-10-12 07:57:33.117122,38.21,93.43,277.61,124.53,52.923915430802595
2025-10-12 07:57:34.117122,86.08,52.83,168.09,71.25,52.310153555245726
2025-10-12 07:57:35.117121,11.61,54.99,259.45,20.31,52.17141420530409
2025-10-12 07:57:36.117121,75.87,25.97,187.01,47.6,52.1792788925783
2025-10-12 07:57:37.117121,31.5,85.55,298.74,94.33,52.764919007506386
2025-10-12 07:57:38.117120,42.58,96.03,221.98,94.67,52.60651481271324
2025-10-12 07:57:39.117120,45.71,84.03,219.82,133.25,52.851217368635
2025-10-12 07:57:40.117119,35.9,44.29,187.0,117.36,52.65245935558314
2025-10-12 07:57:41.117119,17.95,61.39,265.56,18.96,52.17926672200456
2025-10-12 07:57:42.117118,19.72,40.76,191.94,72.05,52.36047899606966
2025-10-12 07:57:43.117118,35.34,50.32,136.75,53.78,52.12482964071681
2025-10-12 07:57:44.117117,79.85,22.75,291.51,39.37,52.34952175220186
2025-10-12 07:57:45.117117,21.44,82.68,279.93,47.08,52.40891639926522
2025-10-12 07:57:46.117116,73.12,37.7,59.49,41.02,51.86554331076025
2025-10-12 07:57:47.117116,34.55,94.14,68.69,138.61,52.564619142923256
2025-10-12 07:57:48.117116,85.09,72.74,81.87,73.06,52.14623334473811
2025-10-12 07:57:49.117115,46.41,49.65,175.58,64.74,52.281422040136775
2025-10-12 07:57:50.117115,24.6,96.24,158.89,27.15,52.021647233044085
2025-10-12 07:57:51.117114,93.8,68.35,89.61,63.83,52.09931778388593
2025-10-12 07:57:52.117114,25.01,76.92,128.54,44.4,52.059562807551984
2025-10-12 07:57:53.117113,58.25,46.27,135.43,34.28,51.99028826009352
2025-10-12 07:57:54.117113,58.39,82.79,201.75,97.33,52.57292600470901
2025-10-12 07:57:55.117112,41.69,73.18,60.05,103.74,52.30278020887419
2025-10-12 07:57:56.117112,90.88,22.65,243.67,91.64,52.59262848230136
2025-10-12 07:57:57.117111,81.73,60.15,135.59,99.67,52.432362958081185
2025-10-12 07:57:58.117111,80.53,21.16,66.1,97.56,52.24594629838491
2025-10-12 07:57:59.117110,92.8,66.64,82.51,63.33,52.07964817718923
2025-10-12 07:58:00.117110,48.85,86.7,93.59,124.37,52.51997420285761
2025-10-12 07:58:01.117110,18.26,35.99,135.48,132.07,52.63372952129731
2025-10-12 07:58:02.117109,75.06,47.47,104.05,94.79,52.324510061103965
2025-10-12 07:58:03.117109,42.37,63.48,160.99,19.52,51.95733612139261
2025-10-12 07:58:04.117108,26.18,54.6,246.94,114.3,52.767893483491775
2025-10-12 07:58:05.117108,51.08,29.45,85.23,71.15,52.11676214990894
2025-10-12 07:58:06.117107,88.69,53.29,237.32,144.2,52.94475135931233
2025-10-12 07:58:07.117107,24.57,51.79,187.28,76.77,52.38783503623523
2025-10-12 07:58:08.117106,82.14,47.27,271.37,117.14,52.83565364186598
2025-10-12 07:58:09.117106,45.55,79.84,224.93,88.0,52.5596368140317
2025-10-12 07:58:10.117105,21.63,76.2,64.57,137.85,52.540658788471724
2025-10-12 07:58:11.117105,82.11,20.12,145.35,140.81,52.704318074625704
2025-10-12 07:58:12.117104,92.42,95.63,245.52,106.21,52.73394330405689
2025-10-12 07:58:13.117104,34.76,24.06,65.28,125.68,52.432418967080814
2025-10-12 07:58:14.117104,35.8,32.09,190.04,75.95,52.37741994675529
2025-10-12 07:58:15.117103,43.2,24.78,120.08,17.36,51.83273833262566
2025-10-12 07:58:16.117103,79.2,57.75,110.63,93.89,52.33852715253513
2025-10-12 07:58:17.117102,10.89,82.26,189.78,68.77,52.35711014811764
2025-10-12 07:58:18.117102,29.04,98.36,263.93,83.39,52.62393204048772
2025-10-12 07:58:19.117101,70.0,43.69,154.61,64.57,52.23149473203109
2025-10-12 07:58:20.117101,44.48,80.55,192.98,109.95,52.636419394395205
2025-10-12 07:58:21.117100,38.08,94.0,243.71,149.05,53.013448218569486
2025-10-12 07:58:22.117100,84.14,96.84,190.18,43.08,52.195578895856464
2025-10-12 07:58:23.117099,87.97,67.14,173.88,23.19,52.01168879941678
2025-10-12 07:58:24.117099,90.58,79.03,176.24,52.52,52.21809090070459
2025-10-12 07:58:25.117098,33.17,55.18,249.99,38.17,52.26954170407167
2025-10-12 07:58:26.117098,87.56,94.18,53.75,37.13,51.858694095970435
2025-10-12 07:58:27.117098,72.64,30.6,177.36,109.75,52.57342568423506
2025-10-12 07:58:28.117097,23.11,94.3,269.9,37.19,52.32798378824499
2025-10-12 07:58:29.117097,61.87,67.43,253.01,140.43,52.96162637965282
2025-10-12 07:58:30.117096,12.24,42.79,194.7,130.51,52.755605192497384
2025-10-12 07:58:31.117096,70.21,34.53,211.34,102.81,52.60325165711218
2025-10-12 07:58:32.117095,72.35,54.57,251.86,107.2,52.73142406971535
2025-10-12 07:58:33.117095,77.09,80.65,60.76,103.12,52.304360628797944
2025-10-12 07:58:34.117094,24.66,29.37,91.26,16.78,51.76893218165769
2025-10-12 07:58:35.117094,63.4,82.59,263.35,38.99,52.31920974480787
2025-10-12 07:58:36.117093,25.2,31.96,109.95,27.44,51.88166370932255
2025-10-12 07:58:37.117093,90.47,93.86,90.19,65.2,52.12385978127708
2025-10-12 07:58:38.117093,67.38,72.87,89.04,88.45,52.264003701798444
2025-10-12 07:58:39.117092,18.1,28.54,160.32,25.81,51.97819400427125
2025-10-12 07:58:40.117092,25.9,59.15,137.21,14.91,51.87275158593042
2025-10-12 07:58:41.117091,66.39,41.46,232.2,36.36,52.21130991213359
2025-10-12 07:58:42.117091,50.52,27.13,204.0,39.47,52.16281472490245
2025-10-12 07:58:43.117090,72.59,98.57,299.23,140.75,53.081323427965465
2025-10-12 07:58:44.117090,33.87,77.72,151.62,14.49,51.91154930119004
2025-10-12 07:58:45.117089,65.92,72.44,155.41,101.67,52.495463345109805
2025-10-12 07:58:46.117089,25.04,51.91,185.44,149.13,52.86417845163656
2025-10-12 07:58:47.117088,56.22,59.43,170.05,144.37,52.80338813625034
2025-10-12 07:58:48.117088,91.41,53.93,165.48,69.27,52.29196279321397
2025-10-12 07:58:49.117087,63.4,43.15,98.68,42.27,51.96187387085784
2025-10-12 07:58:50.117087,14.25,90.47,112.18,96.12,52.374891919808434
2025-10-12 07:58:51.117087,94.04,88.09,182.86,52.34,52.2362948559328
2025-10-12 07:58:52.117086,23.33,28.66,71.71,14.53,51.711199990420155
2025-10-12 07:58:53.117086,71.04,46.24,91.61,119.36,52.45991966050953
2025-10-12 07:58:54.117085,55.27,92.87,243.08,144.88,52.98377603939527
2025-10-12 07:58:55.117085,35.02,71.59,99.69,120.93,52.50196742930342
2025-10-12 07:58:56.117084,25.07,91.88,217.9,59.41,52.3613291961313
2025-10-12 07:58:57.117084,25.1,74.47,189.68,16.07,52.00277944306631
2025-10-12 07:58:58.117083,82.96,34.92,128.76,108.82,52.464243920265346
2025-10-12 07:58:59.117083,84.2,63.73,128.59,43.23,52.044568233589516
2025-10-12 07:59:00.117082,49.54,98.33,196.46,121.77,52.73230999545512
2025-10-12 07:59:01.117082,18.81,60.31,223.35,127.32,52.806320018390224
2025-10-12 07:59:02.117082,85.15,53.32,56.72,147.58,52.575484255008945
2025-10-12 07:59:03.117081,51.4,48.19,146.97,81.9,52.332449679294456
2025-10-12 07:59:04.117081,47.29,85.67,171.32,120.38,52.661513504619364
2025-10-12 07:59:05.117080,44.63,67.85,205.6,25.47,52.09601657505453
2025-10-12 07:59:06.117080,41.03,32.89,62.62,41.43,51.872377695837606
2025-10-12 07:59:07.117079,54.71,93.72,170.2,18.56,51.98776299918473
2025-10-12 07:59:08.117079,61.39,91.53,59.77,90.9,52.22715925763961
2025-10-12 07:59:09.117078,49.65,71.53,220.05,40.72,52.230622727602324
2025-10-12 07:59:10.117078,86.22,74.33,205.48,144.95,52.89237338225509
2025-10-12 07:59:11.117077,37.0,98.67,94.67,46.04,52.00908387741997
2025-10-12 07:59:12.117077,59.16,76.97,113.74,110.19,52.464150936126785
2025-10-12 07:59:13.117076,35.5,26.36,114.9,10.93,51.779704789365695
2025-10-12 07:59:14.117076,74.03,86.17,102.02,41.35,51.986943754917036
2025-10-12 07:59:15.117076,18.68,88.5,239.66,16.55,52.1221756319548
2025-10-12 07:59:16.117075,26.04,78.3,126.23,67.47,52.20844028792295
2025-10-12 07:59:17.117075,78.1,25.52,74.41,58.18,52.00502312549648
2025-10-12 07:59:18.117074,25.57,43.74,103.17,31.49,51.90039181261497
2025-10-12 07:59:19.117074,63.19,55.23,51.92,31.4,51.79502612066051
2025-10-12 07:59:20.117073,92.47,57.71,217.07,120.81,52.748044319010674
2025-10-12 07:59:21.117073,54.45,57.9,207.34,74.75,52.421336556212665
2025-10-12 07:59:22.117072,25.93,63.44,205.25,39.22,52.18406564108938
2025-10-12 07:59:23.117072,37.26,98.08,298.22,119.08,52.93503211545821
2025-10-12 07:59:24.117071,79.99,41.94,250.45,126.93,52.85229173008183
2025-10-12 07:59:25.117071,39.89,36.48,71.23,117.23,52.39614923073011
2025-10-12 07:59:26.117071,71.5,86.32,75.54,38.7,51.91200407558685
2025-10-12 07:59:27.117070,76.07,30.57,293.11,48.92,52.42072755979408
2025-10-12 07:59:28.117070,52.6,52.97,244.22,29.53,52.198451908152286
2025-10-12 07:59:29.117069,76.57,39.02,228.24,39.69,52.223465269021894
2025-10-12 07:59:30.117069,36.94,83.11,209.05,94.53,52.570353409722664
2025-10-12 07:59:31.117068,53.87,28.35,267.3,13.58,52.12895270952957
2025-10-12 07:59:32.117068,68.36,42.5,95.42,134.42,52.56605912151811
2025-10-12 07:59:33.117067,24.29,62.48,224.72,11.35,52.040782928979404
2025-10-12 07:59:34.117067,33.26,66.46,68.02,104.12,52.31885081474851
2025-10-12 07:59:35.117066,65.42,33.13,205.85,40.69,52.17826247251084
2025-10-12 07:59:36.117066,65.71,46.14,274.54,126.13,52.901569094612
2025-10-12 07:59:37.117066,51.93,61.34,206.83,75.7,52.42844936170088
2025-10-12 07:59:38.117065,77.62,26.46,108.64,83.2,52.245852846151536
2025-10-12 07:59:39.117065,50.97,89.27,196.46,122.61,52.73284522804753
2025-10-12 07:59:40.117064,84.91,73.19,226.12,77.29,52.487434170474316
2025-10-12 07:59:41.117064,72.55,86.39,236.63,145.04,52.967243302049695
2025-10-12 07:59:42.117063,36.75,47.32,241.49,110.78,52.72865980514623
2025-10-12 07:59:43.117063,43.6,96.69,106.52,80.43,52.26193802058779
2025-10-12 07:59:44.117062,66.75,49.01,214.83,106.6,52.64403148909498
2025-10-12 07:59:45.117062,86.03,40.62,254.58,147.86,52.999431839700975
2025-10-12 07:59:46.117061,25.19,90.51,102.79,133.15,52.60032287117649
2025-10-12 07:59:47.117061,53.75,27.2,162.97,47.96,52.13021028027448
2025-10-12 07:59:48.117061,20.1,71.95,242.8,118.47,52.79624270471575
2025-10-12 07:59:49.117060,33.75,45.58,290.64,72.68,52.581419940733795
2025-10-12 07:59:50.117060,68.31,81.79,98.2,136.85,52.610074015608475
2025-10-12 07:59:51.117059,16.61,81.51,283.2,87.53,52.683832718293196
2025-10-12 07:59:52.117059,66.3,94.0,103.54,73.62,52.20877872481904
2025-10-12 07:59:53.117058,86.57,89.92,225.08,28.65,52.17165194572964
2025-10-12 07:59:54.117058,92.4,90.25,244.76,130.47,52.890320426179
2025-10-12 07:59:55.117057,28.41,71.85,120.45,130.32,52.609463339923614
2025-10-12 07:59:56.117057,73.66,21.3,117.14,148.01,52.6915754353156
2025-10-12 07:59:57.117056,88.74,33.13,89.69,108.15,52.37405924361922
2025-10-12 07:59:58.117056,17.77,69.74,291.07,31.42,52.32194188451071
2025-10-12 07:59:59.117055,45.19,62.05,173.93,83.68,52.41044976926761
2025-10-12 08:00:00.117055,88.15,66.18,208.16,44.36,52.22601680387939
2025-10-12 08:00:01.117055,27.24,71.8,54.97,76.49,52.110130493506205
2025-10-12 08:00:02.117054,89.37,23.22,178.22,104.07,52.53348628532323
2025-10-12 08:00:03.117054,54.81,57.55,122.29,149.45,52.73246885319463
2025-10-12 08:00:04.117053,18.49,48.39,266.98,74.44,52.54334655883335
2025-10-12 08:00:05.117053,48.24,38.96,191.77,50.41,52.21547999782964
2025-10-12 08:00:06.117052,37.73,92.46,293.03,69.01,52.58832429352391
2025-10-12 08:00:07.117052,33.99,60.72,183.42,35.4,52.10984963085968
2025-10-12 08:00:08.117051,56.03,26.04,193.98,42.67,52.16171423169707
2025-10-12 08:00:09.117051,51.11,53.75,153.42,22.23,51.95349102900137
2025-10-12 08:00:10.117050,50.97,22.66,139.22,81.49,52.298716689314766
2025-10-12 08:00:11.117050,17.49,65.88,102.02,94.8,52.330414757523876
2025-10-12 08:00:12.117049,78.2,36.23,141.97,84.4,52.33154451730151
2025-10-12 08:00:13.117049,50.92,97.71,203.26,82.76,52.48779708968688
2025-10-12 08:00:14.117049,79.78,69.58,246.01,27.89,52.20068940022752
2025-10-12 08:00:15.117048,80.09,74.07,145.58,18.6,51.92369708218354
2025-10-12 08:00:16.117048,36.96,52.17,147.94,87.87,52.37639170044586
2025-10-12 08:00:17.117047,10.37,85.19,200.92,47.49,52.24166295283582
2025-10-12 08:00:18.117047,87.46,90.54,177.04,79.18,52.40317668803807
2025-10-12 08:00:19.117046,74.66,29.0,221.93,19.53,52.07039906741291
2025-10-12 08:00:20.117046,19.12,94.54,72.46,15.32,51.75471868102088
2025-10-12 08:00:21.117045,69.65,44.19,201.05,55.38,52.27150439935914
2025-10-12 08:00:22.117045,11.7,53.58,191.01,67.43,52.334929669503715
2025-10-12 08:00:23.117041,12.36,46.97,150.4,107.51,52.50918921557286
2025-10-12 08:00:24.117040,54.69,69.43,115.67,147.28,52.71031625649205
2025-10-12 08:00:25.117040,18.16,53.69,197.69,100.32,52.56777705014068
2025-10-12 08:00:26.117039,91.97,59.66,144.86,22.78,51.94186272190501
2025-10-12 08:00:27.117039,85.98,82.17,222.5,131.31,52.84311936406444
2025-10-12 08:00:28.117038,65.23,73.19,137.65,70.14,52.248088682417674
2025-10-12 08:00:29.117038,15.42,84.6,126.16,138.86,52.68562260375378
2025-10-12 08:00:30.117037,37.61,69.23,54.02,136.06,52.502018121439505
2025-10-12 08:00:31.117037,41.6,69.86,166.92,65.38,52.27812917026157
2025-10-12 08:00:32.117037,50.87,73.5,53.0,71.92,52.07647131297659
2025-10-12 08:00:33.117036,24.36,29.19,278.98,129.95,52.92712428874073
2025-10-12 08:00:34.117036,59.09,24.25,246.1,60.54,52.39237233940316
2025-10-12 08:00:35.117035,47.04,34.37,291.01,95.65,52.72844283719637
2025-10-12 08:00:36.117035,90.52,52.74,120.84,35.06,51.967419091879414
2025-10-12 08:00:37.117034,89.58,34.76,269.89,140.83,52.98271952931277
2025-10-12 08:00:38.117034,58.07,37.23,166.44,113.0,52.57499955079846
2025-10-12 08:00:39.117033,64.77,41.98,274.58,65.9,52.499583295477194
2025-10-12 08:00:40.117033,21.71,32.6,147.39,27.23,51.96183248082023
2025-10-12 08:00:41.117032,28.98,56.7,88.42,96.67,52.30822144021085
2025-10-12 08:00:42.117032,86.56,68.25,223.72,89.07,52.55766671711715
2025-10-12 08:00:43.117031,69.43,22.65,160.64,49.61,52.13357680319061
2025-10-12 08:00:44.117031,26.1,70.48,54.23,86.7,52.17555692507329
2025-10-12 08:00:45.117031,58.47,29.52,189.37,45.98,52.175620262109305
2025-10-12 08:00:46.117030,89.45,21.01,127.44,19.33,51.85968006878625
2025-10-12 08:00:47.117030,39.34,86.92,57.24,79.77,52.145235228598985
2025-10-12 08:00:48.117029,25.79,21.8,107.32,138.19,52.60537693741297
2025-10-12 08:00:49.117029,90.07,60.33,280.73,16.01,52.19200072425105
2025-10-12 08:00:50.117028,49.21,90.68,228.98,88.78,52.57962840490249
2025-10-12 08:00:51.117028,45.47,93.42,217.5,117.92,52.74966069683384
2025-10-12 08:00:52.117027,32.74,60.06,105.18,34.81,51.93586565256267
2025-10-12 08:00:53.117027,85.78,61.56,52.37,133.45,52.4768494565815
2025-10-12 08:00:54.117026,81.88,34.33,128.5,148.29,52.72532194184426
2025-10-12 08:00:55.117026,44.25,49.81,168.41,94.1,52.46082757733409
2025-10-12 08:00:56.117026,12.6,87.64,142.32,46.68,52.1105475998238
2025-10-12 08:00:57.117025,47.97,74.77,272.91,102.13,52.75466759316752
2025-10-12 08:00:58.117025,25.37,34.55,141.46,86.01,52.340189653621
2025-10-12 08:00:59.117024,22.13,24.71,75.13,60.73,52.02305904539476
2025-10-12 08:01:00.117024,43.41,93.92,115.05,129.49,52.60451936493513
2025-10-12 08:01:01.117023,18.42,64.76,141.76,124.75,52.61477096817354
2025-10-12 08:01:02.117023,91.38,21.2,55.94,123.32,52.39490592520489
2025-10-12 08:01:03.117022,14.04,94.11,91.73,135.19,52.59187650503465
2025-10-12 08:01:04.117022,44.12,73.61,101.25,88.4,52.290566726259975
2025-10-12 08:01:05.117021,23.83,73.64,115.01,11.53,51.81022721980983
2025-10-12 08:01:06.117021,68.55,29.05,221.39,83.73,52.49536368620749
2025-10-12 08:01:07.117020,16.7,71.39,173.65,130.36,52.72486258993357
2025-10-12 08:01:08.117020,56.48,98.4,62.79,60.88,52.038282648074734
2025-10-12 08:01:09.117020,75.71,87.21,201.35,118.71,52.71642050114655
2025-10-12 08:01:10.117019,90.76,94.43,142.99,104.16,52.49728413184962
2025-10-12 08:01:11.117019,69.37,84.65,61.72,100.9,52.293933441933675
2025-10-12 08:01:12.117018,18.46,37.45,162.19,61.08,52.2213005041393
2025-10-12 08:01:13.117018,17.52,34.26,237.16,108.56,52.69726836643482
2025-10-12 08:01:14.117017,72.19,43.35,114.27,29.48,51.91090975376394
2025-10-12 08:01:15.117017,28.3,33.75,67.12,14.68,51.70507148907037
2025-10-12 08:01:16.117016,48.02,46.16,232.7,21.39,52.115650137355615
2025-10-12 08:01:17.117016,93.01,24.48,76.78,15.42,51.725778512885775
2025-10-12 08:01:18.117015,79.69,87.69,76.19,54.54,52.019309234534376
2025-10-12 08:01:19.117015,81.96,58.31,245.04,99.04,52.664552643239944
2025-10-12 08:01:20.117015,83.17,30.85,198.36,112.09,52.63464434735434
2025-10-12 08:01:21.117014,62.66,57.82,161.71,122.82,52.64137162694259
2025-10-12 08:01:22.117014,73.23,59.15,123.64,131.26,52.61555642780936
2025-10-12 08:01:23.117013,40.51,83.88,138.27,120.04,52.58657635365035
2025-10-12 08:01:24.117013,94.87,90.54,122.65,98.9,52.416091473206734
2025-10-12 08:01:25.117012,33.77,56.08,103.4,73.94,52.189504347134516
2025-10-12 08:01:26.117012,60.15,36.65,57.92,14.02,51.682349585869325
2025-10-12 08:01:27.117011,33.98,47.1,171.3,98.99,52.49804426541134
2025-10-12 08:01:28.117011,19.53,63.44,180.5,43.12,52.156268491536814
2025-10-12 08:01:29.117010,58.24,28.26,179.98,87.45,52.429797187846695
2025-10-12 08:01:30.117010,40.03,69.93,266.7,22.08,52.20719815308646
2025-10-12 08:01:31.117009,59.57,68.65,221.76,61.48,52.37051776891924
2025-10-12 08:01:32.117009,57.49,36.17,105.91,61.16,52.099049314454916
2025-10-12 08:01:33.117008,56.09,56.13,64.61,139.39,52.53980203420554
2025-10-12 08:01:34.117008,20.48,40.87,100.81,70.28,52.15113333767364
2025-10-12 08:01:35.117008,47.42,58.8,95.69,64.11,52.10905099198265
2025-10-12 08:01:36.117007,79.02,42.13,272.69,57.36,52.438885706948064
2025-10-12 08:01:37.117007,36.79,96.07,299.05,95.84,52.78146575890925
2025-10-12 08:01:38.117006,47.73,63.11,262.16,100.83,52.71623634367347
2025-10-12 08:01:39.117006,51.98,90.17,139.54,54.33,52.15669981806104
2025-10-12 08:01:40.117005,83.33,91.51,249.0,124.07,52.85773976270937
2025-10-12 08:01:41.117005,65.73,97.03,233.19,111.39,52.74235928983163
2025-10-12 08:01:42.117004,18.52,55.96,112.44,49.99,52.05008428767093
2025-10-12 08:01:43.117004,83.54,83.14,54.94,82.8,52.15825449831304
2025-10-12 08:01:44.117003,80.73,28.12,51.97,111.66,52.31275490887679
2025-10-12 08:01:45.117003,74.06,67.36,199.44,141.97,52.85561654378533
2025-10-12 08:01:46.117003,49.61,64.19,104.6,25.19,51.87305529846341
2025-10-12 08:01:47.117002,74.39,74.14,213.68,91.13,52.55283936355814
2025-10-12 08:01:48.117002,50.69,77.88,282.18,84.22,52.6576318949368
2025-10-12 08:01:49.117001,72.61,37.18,255.88,49.04,52.344450048996265
2025-10-12 08:01:50.117001,84.81,88.84,277.94,21.71,52.23964120587691
2025-10-12 08:01:51.117000,85.7,83.18,232.32,116.47,52.7664845841281
2025-10-12 08:01:52.117000,48.64,43.23,180.57,131.89,52.73436162693836
2025-10-12 08:01:53.116999,83.04,81.41,133.67,39.75,52.042324455658836
2025-10-12 08:01:54.116999,18.62,49.77,119.23,30.74,51.9336021554117
2025-10-12 08:01:55.116998,18.65,72.17,219.36,129.56,52.81913074844085
2025-10-12 08:01:56.116998,56.6,20.63,264.4,14.37,52.1236114769636
2025-10-12 08:01:57.116997,65.41,41.1,105.23,80.86,52.23106971515294
2025-10-12 08:01:58.116997,23.0,69.93,160.15,77.21,52.342002167693536
2025-10-12 08:01:59.116997,50.14,86.47,171.8,142.67,52.81094277147953
2025-10-12 08:02:00.116996,18.02,23.07,181.18,16.47,51.95840455356792
2025-10-12 08:02:01.116996,61.18,54.17,116.97,130.32,52.59208003763392
2025-10-12 08:02:02.116995,82.68,42.3,248.69,25.89,52.17805220033156
2025-10-12 08:02:03.116995,72.7,41.29,157.15,33.61,52.03018121307787
2025-10-12 08:02:04.116994,42.15,37.45,240.32,90.47,52.58583001744862
2025-10-12 08:02:05.116994,94.47,60.12,126.98,28.95,51.94428878679764
2025-10-12 08:02:06.116993,66.35,96.07,174.91,134.93,52.77165680032826
2025-10-12 08:02:07.116993,79.3,87.77,76.18,48.51,51.9793097497812
2025-10-12 08:02:08.116993,66.92,61.75,157.49,32.56,52.03533135994786
2025-10-12 08:02:09.116992,94.1,95.97,164.95,28.08,52.04081363704822
2025-10-12 08:02:10.116992,79.82,57.07,286.11,112.62,52.8430759239686
2025-10-12 08:02:11.116991,54.15,45.27,210.83,132.0,52.80185984573635
2025-10-12 08:02:12.116991,41.18,21.72,109.39,78.78,52.21550634097096
2025-10-12 08:02:13.116990,67.98,90.74,299.82,28.3,52.33189454083148
2025-10-12 08:02:14.116990,60.17,77.63,118.41,68.14,52.195553081815106
2025-10-12 08:02:15.116989,63.49,81.99,211.61,85.99,52.51860128368854
2025-10-12 08:02:16.116989,39.16,68.76,83.63,11.16,51.73699420222724
2025-10-12 08:02:17.116988,46.44,68.79,82.61,67.99,52.111990442998575
2025-10-12 08:02:18.116988,57.44,82.94,177.17,62.84,52.290779029517026
2025-10-12 08:02:19.116988,81.34,90.61,263.79,141.21,53.00307984931425
2025-10-12 08:02:20.116987,74.85,26.47,267.72,146.76,53.012759757144906
2025-10-12 08:02:21.116987,20.09,60.16,271.49,110.87,52.80146930805244
2025-10-12 08:02:22.116986,30.87,96.23,271.17,83.01,52.635928406314235
2025-10-12 08:02:23.116986,12.27,83.43,78.9,60.52,52.06250779742495
2025-10-12 08:02:24.116985,10.68,54.08,80.71,67.44,52.096035858040594
2025-10-12 08:02:25.116985,29.07,33.71,282.39,60.52,52.47621435573561
2025-10-12 08:02:26.116984,77.94,54.6,71.16,72.88,52.11171773763664
2025-10-12 08:02:27.116984,86.9,61.65,270.5,55.79,52.43457408045026
2025-10-12 08:02:28.116983,43.3,66.74,285.87,109.95,52.830213404497165
2025-10-12 08:02:29.116983,57.87,59.78,133.0,54.32,52.12554258780435
2025-10-12 08:02:30.116983,70.01,34.19,62.29,56.46,51.97214218571121
2025-10-12 08:02:31.116982,91.0,51.08,123.55,125.03,52.56952219887101
2025-10-12 08:02:32.116982,87.6,42.14,81.12,91.22,52.24811554951954
2025-10-12 08:02:33.116981,14.86,76.88,98.38,59.55,52.09467769969054
2025-10-12 08:02:34.116981,31.09,42.78,147.91,132.85,52.66964416617286
2025-10-12 08:02:35.116980,14.18,83.87,180.01,96.45,52.52053247467961
2025-10-12 08:02:36.116980,62.41,51.73,255.5,43.73,52.31647638120613
2025-10-12 08:02:37.116979,70.39,84.72,212.15,34.05,52.17655519513878
2025-10-12 08:02:38.116979,36.2,64.11,149.05,147.4,52.78055374505757
2025-10-12 08:02:39.116978,82.58,37.04,71.56,45.43,51.92062576725901
2025-10-12 08:02:40.116978,48.49,28.61,236.01,27.25,52.15196049211735
2025-10-12 08:02:41.116978,94.86,70.16,194.82,60.28,52.30496085347603
2025-10-12 08:02:42.116977,10.03,32.61,66.03,95.25,52.23683209743008
2025-10-12 08:02:43.116977,19.31,35.43,263.13,14.13,52.127497080699875
2025-10-12 08:02:44.116976,35.65,31.96,215.58,99.62,52.58984579476701
2025-10-12 08:02:45.116976,12.17,96.02,78.59,65.98,52.105078236756114
2025-10-12 08:02:46.116975,76.5,83.84,118.32,91.88,52.35637951084954
2025-10-12 08:02:47.116975,14.49,59.1,294.33,140.08,53.04429163358368
2025-10-12 08:02:48.116974,73.66,38.97,252.44,136.0,52.91515518516045
2025-10-12 08:02:49.116974,14.47,30.09,129.02,94.82,52.3692002012317
2025-10-12 08:02:50.116973,31.48,70.41,106.36,143.44,52.665181396724
2025-10-12 08:02:51.116973,81.51,51.59,82.59,25.15,51.81804130399692
2025-10-12 08:02:52.116973,90.84,34.03,204.32,56.87,52.28283444768436
2025-10-12 08:02:53.116972,45.23,65.34,258.73,26.2,52.214703262271705
2025-10-12 08:02:54.116972,92.44,69.02,58.89,113.39,52.36199896749081
2025-10-12 08:02:55.116971,63.28,23.3,232.48,83.95,52.51767915754161
2025-10-12 08:02:56.116971,45.35,46.85,216.44,76.62,52.447338783541404
2025-10-12 08:02:57.116970,78.24,73.89,171.46,71.53,52.33103695481534
2025-10-12 08:02:58.116970,35.1,23.57,254.78,62.11,52.421241193182915
2025-10-12 08:02:59.116969,32.59,75.08,239.12,63.2,52.42316417769761
2025-10-12 08:03:00.116969,65.81,33.62,254.44,108.27,52.73246750055911
2025-10-12 08:03:01.116968,43.19,78.77,223.58,73.23,52.458082058847985
2025-10-12 08:03:02.116968,21.55,55.64,91.52,123.41,52.49183425313233
2025-10-12 08:03:03.116968,15.69,82.1,82.83,125.72,52.50303726315472
2025-10-12 08:03:04.116967,76.97,27.71,255.95,80.18,52.54601610155859
2025-10-12 08:03:05.116967,67.45,74.57,71.09,148.95,52.62756665866099
2025-10-12 08:03:06.116966,45.0,28.68,178.31,88.54,52.4336431815342
2025-10-12 08:03:07.116966,86.18,45.68,127.94,107.9,52.46234484732198
2025-10-12 08:03:08.116965,44.92,66.11,120.54,90.85,52.344495258443075
2025-10-12 08:03:09.116965,70.38,79.59,175.89,39.45,52.13089511636662
2025-10-12 08:03:10.116964,87.27,66.49,228.45,105.3,52.67466861872524
2025-10-12 08:03:11.116964,81.46,55.92,229.38,93.37,52.59162399246004
2025-10-12 08:03:12.116963,53.44,51.16,155.5,30.65,52.01244690531575
2025-10-12 08:03:13.116963,67.85,80.03,291.97,137.42,53.033161108798545
2025-10-12 08:03:14.116963,45.16,84.33,258.27,50.17,52.383363146832984
2025-10-12 08:03:15.116962,65.01,87.32,127.82,23.26,51.92347624208239
2025-10-12 08:03:16.116962,31.89,88.4,165.88,65.94,52.2899039318689
2025-10-12 08:03:17.116961,46.95,62.21,108.43,129.57,52.57305165761147
2025-10-12 08:03:18.116961,27.81,46.39,264.26,28.62,52.23221798142465
2025-10-12 08:03:19.116960,13.25,77.22,113.55,47.82,52.049915921521624
2025-10-12 08:03:20.116960,60.03,87.15,299.74,45.69,52.44514478854941
2025-10-12 08:03:21.116959,83.48,41.93,281.67,56.14,52.45015449498144
2025-10-12 08:03:22.116959,12.17,26.97,145.19,57.52,52.15496949907398
2025-10-12 08:03:23.116958,26.66,43.07,292.18,15.56,52.204247175440116
2025-10-12 08:03:24.116958,49.12,73.27,269.41,129.34,52.92683986169818
2025-10-12 08:03:25.116957,66.6,80.0,248.61,87.99,52.611020860070056
2025-10-12 08:03:26.116957,24.55,48.96,130.77,113.33,52.50634767710745
2025-10-12 08:03:27.116957,14.82,65.54,145.14,21.9,51.939900304243054
2025-10-12 08:03:28.116956,54.12,55.81,291.25,21.32,52.247547451141166
2025-10-12 08:03:29.116956,79.59,89.16,180.64,126.06,52.72136912570838
2025-10-12 08:03:30.116955,12.99,44.21,245.74,11.7,52.078534406441086
2025-10-12 08:03:31.116955,39.7,35.44,296.68,111.06,52.843615385682114
2025-10-12 08:03:32.116954,66.4,24.66,284.3,12.9,52.15925932970635
2025-10-12 08:03:33.116954,21.11,88.4,66.39,36.44,51.878314945870116
2025-10-12 08:03:34.116953,30.06,30.46,250.71,67.18,52.44989689737105
2025-10-12 08:03:35.116953,55.52,96.14,97.27,60.65,52.11028525005622
2025-10-12 08:03:36.116952,91.02,36.0,262.93,141.65,52.973755743574465
2025-10-12 08:03:37.116952,34.42,51.96,176.28,59.1,52.24679156997824
2025-10-12 08:03:38.116951,51.44,32.31,116.4,13.66,51.80438774744508
2025-10-12 08:03:39.116951,43.99,89.46,205.95,141.87,52.88136694552477
2025-10-12 08:03:40.116951,86.28,23.47,65.58,18.91,51.72408791561546
2025-10-12 08:03:41.116950,16.11,73.04,248.0,24.5,52.184430342523335
2025-10-12 08:03:42.116950,58.12,89.84,210.64,140.76,52.88438355725761
2025-10-12 08:03:43.116949,81.92,58.89,145.97,48.5,52.11455065148431
2025-10-12 08:03:44.116949,93.99,37.6,194.75,65.04,52.3182891888421
2025-10-12 08:03:45.116948,69.39,26.09,240.76,89.4,52.57336308067551
2025-10-12 08:03:46.116948,42.29,44.55,271.78,24.4,52.2194961493644
2025-10-12 08:03:47.116947,45.01,58.61,98.58,30.53,51.89233656629198
2025-10-12 08:03:48.116947,39.89,30.59,58.47,81.66,52.12911140006354
2025-10-12 08:03:49.116946,61.31,50.16,257.51,43.49,52.31836972098706
2025-10-12 08:03:50.116946,72.85,69.85,121.97,56.12,52.119167578268126
2025-10-12 08:03:51.116945,79.65,32.62,115.16,66.29,52.151186347196706
2025-10-12 08:03:52.116945,45.41,26.39,225.47,36.04,52.186205450876955
2025-10-12 08:03:53.116944,70.92,48.88,204.34,24.67,52.07742102965808
2025-10-12 08:03:54.116944,87.88,22.55,99.92,121.78,52.48082731195527
2025-10-12 08:03:55.116944,88.27,56.25,234.3,134.62,52.87626332292751
2025-10-12 08:03:56.116943,69.84,79.23,51.05,71.1,52.06998686113518
2025-10-12 08:03:57.116943,64.14,56.76,116.17,69.32,52.186916631336786
2025-10-12 08:03:58.116942,55.18,88.59,177.71,45.25,52.17834503570896
2025-10-12 08:03:59.116942,25.57,52.92,220.0,101.41,52.622973160083006
2025-10-12 08:04:00.116941,20.51,71.72,294.14,145.76,53.08859922247852
2025-10-12 08:04:01.116941,51.29,48.11,79.43,110.45,52.375404343826474
2025-10-12 08:04:02.116940,23.55,64.64,260.92,58.21,52.43152059877568
2025-10-12 08:04:03.116940,59.04,25.94,137.17,52.54,52.10394806834514
2025-10-12 08:04:04.116939,64.88,87.76,215.31,59.61,52.35474705478093
2025-10-12 08:04:05.116939,54.68,37.45,272.39,21.93,52.200475670441904
2025-10-12 08:04:06.116939,13.1,43.84,101.34,140.7,52.62132650435098
2025-10-12 08:04:07.116938,14.91,91.57,53.16,92.11,52.220875569856936
2025-10-12 08:04:08.116938,19.63,64.29,151.29,91.26,52.41290014554822
2025-10-12 08:04:09.116937,23.06,22.11,113.28,23.37,51.85639353136687
2025-10-12 08:04:10.116937,94.14,43.88,210.47,77.03,52.435459042951955
2025-10-12 08:04:11.116936,39.28,26.13,283.82,87.07,52.651316877906694
2025-10-12 08:04:12.116936,34.82,22.43,177.94,11.33,51.91690584279238
2025-10-12 08:04:13.116935,14.44,29.92,78.07,128.63,52.48299980956146
2025-10-12 08:04:14.116935,64.0,81.89,110.75,14.12,51.82276712755786
2025-10-12 08:04:15.116934,65.44,54.8,97.08,119.28,52.47601486374695
2025-10-12 08:04:16.116934,24.91,79.86,82.21,105.3,52.3649148361812
2025-10-12 08:04:17.116933,88.14,26.1,171.41,139.34,52.75441160600098
2025-10-12 08:04:18.116933,78.04,28.5,168.12,126.39,52.662659067278106
2025-10-12 08:04:19.116933,29.58,24.57,229.55,63.88,52.37882199698449
2025-10-12 08:04:20.116932,51.3,59.93,277.42,113.05,52.82867249291315
2025-10-12 08:04:21.116932,48.96,61.15,231.19,53.11,52.33124570056871
2025-10-12 08:04:22.116931,39.62,71.99,156.04,117.38,52.60084983593311
2025-10-12 08:04:23.116931,79.5,41.62,245.49,148.72,52.98598010733894
2025-10-12 08:04:24.116930,19.29,56.21,173.75,94.44,52.478226843646105
2025-10-12 08:04:25.116930,45.3,28.99,291.23,107.65,52.80557352205652
2025-10-12 08:04:26.116929,46.38,87.86,295.54,124.12,52.956985413704146
2025-10-12 08:04:27.116929,49.84,50.17,239.36,136.14,52.89394463340933
2025-10-12 08:04:28.116929,83.21,47.18,183.32,138.28,52.784935363829725
2025-10-12 08:04:29.116928,28.54,83.27,100.14,52.33,52.0541292500759
2025-10-12 08:04:30.116928,18.75,64.63,63.0,84.29,52.17532890865715
2025-10-12 08:04:31.116927,62.51,87.0,58.7,73.78,52.10868963014127
2025-10-12 08:04:32.116927,24.78,35.32,108.23,11.39,51.77327519702224
2025-10-12 08:04:33.116926,16.37,27.51,164.22,64.49,52.242806821924525
2025-10-12 08:04:34.116926,46.27,88.72,128.81,69.13,52.23085057082742
2025-10-12 08:04:35.116925,28.67,85.11,58.13,33.63,51.839918456187895
2025-10-12 08:04:36.116925,40.7,29.29,226.62,143.05,52.90055948489924
2025-10-12 08:04:37.116924,32.08,37.37,277.51,125.7,52.90027827801037
2025-10-12 08:04:38.116924,17.87,40.53,216.98,135.17,52.83360215035798
2025-10-12 08:04:39.116923,57.63,31.34,279.94,13.55,52.157832797539186
2025-10-12 08:04:40.116923,12.3,64.42,151.92,96.18,52.44699392971196
2025-10-12 08:04:41.116923,92.14,69.49,272.94,59.45,52.468519865046275
2025-10-12 08:04:42.116922,39.01,68.81,296.12,29.81,52.32169198637263
2025-10-12 08:04:43.116922,69.09,30.75,266.38,137.33,52.94964549074507
2025-10-12 08:04:44.116921,78.88,61.38,136.6,116.45,52.54661003355345
2025-10-12 08:04:45.116921,33.72,62.84,261.72,140.51,52.97849577420972
2025-10-12 08:04:46.116920,73.64,72.83,194.35,63.61,52.32752860168374
2025-10-12 08:04:47.116920,80.76,62.03,110.51,66.29,52.15746116897208
2025-10-12 08:04:48.116919,30.51,98.64,86.74,12.83,51.77144587400332
2025-10-12 08:04:49.116919,94.36,61.96,290.44,108.03,52.82472313821913
2025-10-12 08:04:50.116918,11.76,27.3,130.58,79.75,52.271009190741566
2025-10-12 08:04:51.116918,28.45,86.59,96.26,81.72,52.24262772780245
2025-10-12 08:04:52.116917,76.3,20.58,214.72,80.15,52.45242363379626
2025-10-12 08:04:53.116917,26.5,80.26,247.88,106.78,52.73429507502712
2025-10-12 08:04:54.116917,69.35,43.3,133.15,130.67,52.623450225971524
2025-10-12 08:04:55.116916,82.72,59.7,207.1,133.69,52.81301372435494
2025-10-12 08:04:56.116916,91.53,83.88,58.73,93.19,52.23584706122323
2025-10-12 08:04:57.116915,50.31,56.03,204.25,99.26,52.57627184547292
2025-10-12 08:04:58.116915,92.54,63.2,223.81,113.61,52.7179294627875
2025-10-12 08:04:59.116914,44.99,72.53,58.46,52.85,51.96120298329491
2025-10-12 08:05:00.116914,28.54,21.31,119.24,23.56,51.87013667648554
2025-10-12 08:05:01.116913,53.68,32.29,292.32,95.93,52.73198552516227
2025-10-12 08:05:02.116913,65.23,45.71,97.47,27.58,51.8631730913711
2025-10-12 08:05:03.116912,48.93,89.05,241.69,141.19,52.95414486346313
2025-10-12 08:05:04.116912,58.19,95.79,297.69,147.38,53.12044132365786
2025-10-12 08:05:05.116911,45.39,25.46,245.0,73.63,52.477540487133254
2025-10-12 08:05:06.116911,54.6,78.24,198.8,95.57,52.552314918904315
2025-10-12 08:05:07.116911,90.97,84.65,250.16,39.81,52.29718938305439
2025-10-12 08:05:08.116910,52.49,57.67,145.04,28.6,51.97977460233092
2025-10-12 08:05:09.116910,31.52,51.96,239.98,47.43,52.307499411249566
2025-10-12 08:05:10.116909,74.49,48.16,216.68,60.83,52.34378674008264
2025-10-12 08:05:11.116909,38.69,46.47,170.51,137.12,52.749056632578714
2025-10-12 08:05:12.116908,79.38,83.49,294.9,108.61,52.8502233411163
2025-10-12 08:05:13.116908,14.83,86.46,235.11,93.96,52.62495736835186
2025-10-12 08:05:14.116907,38.24,22.49,234.77,42.92,52.249871324947485
2025-10-12 08:05:15.116907,18.02,65.68,283.22,52.88,52.445091103683254
2025-10-12 08:05:16.116906,17.25,59.2,169.5,43.62,52.13336964488835
2025-10-12 08:05:17.116906,65.96,48.9,259.79,105.52,52.734319397925624
2025-10-12 08:05:18.116905,42.75,56.49,177.52,31.93,52.0716684651408
2025-10-12 08:05:19.116905,84.08,27.32,74.98,10.05,51.6878124748545
2025-10-12 08:05:20.116904,53.89,90.58,102.67,34.98,51.9485278968877
2025-10-12 08:05:21.116904,35.1,86.14,294.74,55.19,52.49679141250396
2025-10-12 08:05:22.116904,71.28,88.53,242.44,16.79,52.12981500830129
2025-10-12 08:05:23.116903,63.04,74.46,198.12,145.51,52.88019884884033
2025-10-12 08:05:24.116903,77.97,47.69,263.04,22.57,52.19013996597185
2025-10-12 08:05:25.116902,64.71,35.98,104.08,38.89,51.94716400916611
2025-10-12 08:05:26.116902,24.2,54.66,220.15,49.58,52.280260531700065
2025-10-12 08:05:27.116901,66.98,59.57,131.79,99.37,52.421807030776556
2025-10-12 08:05:28.116901,43.28,32.36,294.26,88.46,52.686652421783265
2025-10-12 08:05:29.116900,49.37,28.82,90.99,135.18,52.553884730705775
2025-10-12 08:05:30.116900,88.33,65.95,250.22,35.9,52.260965405435535
2025-10-12 08:05:31.116899,40.6,22.36,142.44,29.46,51.9602005481927
2025-10-12 08:05:32.116899,62.02,95.56,67.39,32.68,51.859511119956
2025-10-12 08:05:33.116898,40.9,92.96,64.78,67.67,52.08463925054348
2025-10-12 08:05:34.116898,18.05,76.28,198.0,45.29,52.2157711329732
2025-10-12 08:05:35.116898,48.55,25.73,241.68,120.04,52.77852199402871
2025-10-12 08:05:36.116897,60.75,89.55,180.98,57.69,52.26853836822803
2025-10-12 08:05:37.116897,44.64,76.08,106.15,15.44,51.818318865261865
2025-10-12 08:05:38.116896,43.21,51.97,76.51,83.6,52.19300947525606
2025-10-12 08:05:39.116896,79.73,87.27,106.32,90.97,52.326220003740524
2025-10-12 08:05:40.116895,12.52,59.49,186.33,15.78,51.98525531144559
2025-10-12 08:05:41.116895,35.12,29.78,282.67,121.28,52.87791153352773
2025-10-12 08:05:42.116894,79.0,47.07,56.67,87.87,52.175591938294666
2025-10-12 08:05:43.116894,88.25,59.07,197.0,124.67,52.730889059245875
2025-10-12 08:05:44.116893,45.05,49.2,286.31,24.5,52.25426188846387
2025-10-12 08:05:45.116893,85.55,50.72,75.39,62.37,52.04897715928413
2025-10-12 08:05:46.116893,26.91,57.81,63.84,132.27,52.49180964947904
2025-10-12 08:05:47.116892,28.82,35.46,291.59,42.24,52.37581450785331
2025-10-12 08:05:48.116892,81.93,33.77,211.06,19.31,52.04801560438715
2025-10-12 08:05:49.116891,86.78,43.67,235.73,129.03,52.835264866837264
2025-10-12 08:05:50.116891,28.94,88.69,292.6,108.14,52.84500793057892
2025-10-12 08:05:51.116890,15.04,86.39,104.49,61.21,52.12423825027466
2025-10-12 08:05:52.116890,17.68,41.72,181.43,82.31,52.406314715062166
2025-10-12 08:05:53.116889,32.22,38.94,124.75,64.95,52.16660877766317
2025-10-12 08:05:54.116889,74.72,63.58,207.23,55.33,52.29536334449979
2025-10-12 08:05:55.116888,53.35,53.98,189.88,16.87,51.997124556537976
2025-10-12 08:05:56.116888,48.73,24.23,80.18,90.69,52.232595790848386
2025-10-12 08:05:57.116888,59.65,48.59,151.55,17.73,51.91669718136897
2025-10-12 08:05:58.116887,85.67,97.24,193.41,108.42,52.63648167079895
2025-10-12 08:05:59.116887,17.69,64.29,134.57,111.08,52.50818407096192
2025-10-12 08:06:00.116886,69.05,67.2,135.6,62.81,52.19165942787502
2025-10-12 08:06:01.116886,88.78,75.79,108.84,144.48,52.68045600377155
2025-10-12 08:06:02.116885,28.13,73.46,114.32,117.04,52.50892115586264
2025-10-12 08:06:03.116883,81.21,85.03,203.7,138.43,52.851190408722005
2025-10-12 08:06:04.116883,69.33,53.5,240.68,32.37,52.2099181991235
2025-10-12 08:06:05.116882,11.23,51.47,189.01,95.01,52.51247183010107
2025-10-12 08:06:06.116882,29.69,96.58,207.2,17.27,52.061044217352425
2025-10-12 08:06:07.116881,61.5,23.21,163.57,71.51,52.28559805026628
2025-10-12 08:06:08.116881,52.7,59.39,238.96,68.73,52.450792606633534
2025-10-12 08:06:09.116880,54.87,31.23,223.48,54.85,52.30942731796936
2025-10-12 08:06:10.116880,29.71,81.44,130.34,88.56,52.35908003548474
2025-10-12 08:06:11.116879,67.38,26.3,251.37,130.39,52.86855147249541
2025-10-12 08:06:12.116879,32.65,33.48,152.55,105.6,52.49367108279949
2025-10-12 08:06:13.116879,43.1,54.79,150.1,103.7,52.4876010110011
2025-10-12 08:06:14.116878,41.36,24.73,243.41,66.0,52.42304390381848
2025-10-12 08:06:15.116878,67.12,81.05,58.43,34.46,51.84381947446621
2025-10-12 08:06:16.116877,17.67,51.6,181.57,121.51,52.67229267066618
2025-10-12 08:06:17.116877,27.47,39.67,269.31,97.84,52.698859817046795
2025-10-12 08:06:18.116876,27.04,46.55,228.95,82.02,52.51014668111017
2025-10-12 08:06:19.116876,19.22,26.49,202.23,147.11,52.87304749924595
2025-10-12 08:06:20.116875,27.65,49.48,273.78,102.88,52.74746385684898
2025-10-12 08:06:21.116875,61.6,70.22,238.47,137.59,52.91279184935397
2025-10-12 08:06:22.116874,72.23,52.9,141.27,141.72,52.71974377030131
2025-10-12 08:06:23.116874,66.13,75.05,237.56,85.51,52.56783974929431
2025-10-12 08:06:24.116873,50.39,52.2,181.32,140.78,52.7999829894664
2025-10-12 08:06:25.116873,14.46,93.38,229.72,95.15,52.62501438501788
2025-10-12 08:06:26.116873,91.52,40.59,280.74,11.09,52.14838618412213
2025-10-12 08:06:27.116872,24.29,25.49,246.18,77.59,52.506399870999374
2025-10-12 08:06:28.116872,66.82,55.77,54.41,98.92,52.24887082213408
2025-10-12 08:06:29.116871,87.6,21.07,101.29,85.87,52.24463375199124
2025-10-12 08:06:30.116871,69.31,88.23,285.92,79.63,52.641036770666084
2025-10-12 08:06:31.116870,28.53,65.32,91.94,94.64,52.307177978613204
2025-10-12 08:06:32.116870,36.84,55.49,93.55,112.85,52.42606503442097
2025-10-12 08:06:33.116869,12.57,62.38,172.34,124.69,52.679376122324435
2025-10-12 08:06:34.116869,62.08,33.83,92.92,99.72,52.325502877800346
2025-10-12 08:06:35.116868,62.1,89.42,52.32,98.08,52.2574816649116
2025-10-12 08:06:36.116868,71.67,56.52,217.42,10.84,52.01824891012184
2025-10-12 08:06:37.116868,10.93,22.05,278.58,17.75,52.17759125419642
2025-10-12 08:06:38.116867,79.52,73.6,273.37,135.26,52.97490479995034
2025-10-12 08:06:39.116867,72.79,37.3,118.86,44.92,52.01997811648648
2025-10-12 08:06:40.116866,21.98,26.68,134.99,129.82,52.61255394223594
2025-10-12 08:06:41.116866,39.55,47.51,59.57,20.74,51.736571704824854
2025-10-12 08:06:42.116865,64.27,98.99,162.19,81.54,52.39133181658252
2025-10-12 08:06:43.116865,52.14,97.39,251.21,67.76,52.49206363941867
2025-10-12 08:06:44.116864,19.78,70.16,74.65,30.88,51.84918111156262
2025-10-12 08:06:45.116864,17.42,89.8,117.72,131.05,52.61837263858557
2025-10-12 08:06:46.116864,76.42,26.23,279.86,39.97,52.330171369804106
2025-10-12 08:06:47.116863,23.26,48.6,208.66,18.56,52.04608198067888
2025-10-12 08:06:48.116863,24.63,62.15,248.15,13.56,52.10608672442579
2025-10-12 08:06:49.116862,80.63,38.97,283.83,42.79,52.364586280796814
2025-10-12 08:06:50.116862,62.03,22.46,157.01,37.65,52.046216838477704
2025-10-12 08:06:51.116861,61.4,33.15,175.75,34.88,52.07442523012801
2025-10-12 08:06:52.116861,50.74,24.92,150.31,65.93,52.22075309621637
2025-10-12 08:06:53.116860,58.36,84.1,173.99,41.81,52.1449467229247
2025-10-12 08:06:54.116860,61.15,56.23,195.03,61.68,52.30695925588433
2025-10-12 08:06:55.116859,92.27,29.07,257.81,66.79,52.461934890922386
2025-10-12 08:06:56.116859,28.95,46.03,140.18,117.88,52.55532707365339
2025-10-12 08:06:57.116858,28.24,94.96,150.37,49.99,52.15404906262584
2025-10-12 08:06:58.116858,14.86,93.51,198.14,21.6,52.0684245164341
2025-10-12 08:06:59.116858,65.95,40.42,275.92,38.68,52.32095740535924
2025-10-12 08:07:00.116857,56.67,87.43,54.79,113.52,52.364210342041055
2025-10-12 08:07:01.116857,19.46,76.49,120.62,145.81,52.715223447730914
2025-10-12 08:07:02.116856,40.99,41.07,250.46,10.85,52.081383608041484
2025-10-12 08:07:03.116856,25.19,52.53,181.26,149.7,52.859240225342035
2025-10-12 08:07:04.116855,38.18,23.39,135.31,22.91,51.901835072133885
2025-10-12 08:07:05.116855,90.86,48.25,164.81,27.07,52.007260117604766
2025-10-12 08:07:06.116854,68.08,88.87,217.22,19.02,52.09010345928327
2025-10-12 08:07:07.116854,10.64,24.22,273.16,125.06,52.87928016476162
2025-10-12 08:07:08.116853,31.46,93.05,284.96,69.77,52.576193119479356
2025-10-12 08:07:09.116853,10.88,30.72,254.56,110.85,52.74823849726763
2025-10-12 08:07:10.116853,70.76,79.62,297.45,107.36,52.84530488675509
2025-10-12 08:07:11.116852,49.9,89.36,119.4,34.46,51.980684887666115
2025-10-12 08:07:12.116852,94.49,65.26,84.26,24.93,51.82780783761197
2025-10-12 08:07:13.116851,72.35,66.82,53.16,119.04,52.3858470399164
2025-10-12 08:07:14.116851,54.02,32.75,106.77,95.07,52.324079467518565
2025-10-12 08:07:15.116850,78.4,52.37,183.02,47.38,52.18385061542365
2025-10-12 08:07:16.116850,69.91,81.65,280.38,134.61,52.99027331842158
2025-10-12 08:07:17.116849,30.72,44.6,133.53,85.63,52.32605826197987
2025-10-12 08:07:18.116849,55.07,31.27,66.77,100.6,52.27320071352827
2025-10-12 08:07:19.116848,57.26,47.41,157.42,126.48,52.65056784217801
2025-10-12 08:07:20.116848,48.35,60.05,213.36,116.41,52.71209546677948
2025-10-12 08:07:21.116847,25.23,21.95,106.57,123.18,52.50420931927822
2025-10-12 08:07:22.116847,28.99,30.15,195.72,71.28,52.35766482626529
2025-10-12 08:07:23.116846,33.89,80.47,86.58,121.83,52.48444547863404
2025-10-12 08:07:24.116846,10.87,64.57,161.96,64.17,52.25639723935514
2025-10-12 08:07:25.116846,87.94,28.22,290.53,103.27,52.774555968415065
2025-10-12 08:07:26.116845,68.32,80.35,197.47,114.67,52.677374419567386
2025-10-12 08:07:27.116845,68.62,76.19,74.94,81.62,52.18993594088964
2025-10-12 08:07:28.116844,58.65,95.47,85.41,144.36,52.63978821630214
2025-10-12 08:07:29.116844,68.59,31.16,180.09,46.31,52.15859473678273
2025-10-12 08:07:30.116843,93.46,74.17,102.82,147.16,52.68428524693646
2025-10-12 08:07:31.116843,42.74,73.1,254.54,51.04,52.37480005006825
2025-10-12 08:07:32.116842,70.56,46.11,124.62,138.77,52.66027331844217
2025-10-12 08:07:33.116842,40.56,88.51,280.66,110.73,52.83620053487887
2025-10-12 08:07:34.116841,82.61,94.4,106.11,54.93,52.09052630329321
2025-10-12 08:07:35.116841,82.93,91.9,62.22,41.85,51.90712456655239
2025-10-12 08:07:36.116840,86.69,32.19,230.12,15.91,52.06591092209146
2025-10-12 08:07:37.116840,10.46,37.34,173.62,78.39,52.36092061777669
2025-10-12 08:07:38.116839,35.35,42.04,232.27,100.08,52.63470658841676
2025-10-12 08:07:39.116839,21.38,87.8,282.19,55.49,52.47248533738802
2025-10-12 08:07:40.116839,48.59,53.7,268.47,144.07,53.01168028438887
2025-10-12 08:07:41.116838,52.11,83.25,73.91,80.08,52.181408036832714
2025-10-12 08:07:42.116838,31.75,36.72,226.02,98.45,52.607372363671885
2025-10-12 08:07:43.116837,71.49,37.63,162.47,80.21,52.348977530974835
2025-10-12 08:07:44.116837,32.93,37.02,115.09,38.61,51.9697645919313
2025-10-12 08:07:45.116836,82.58,33.17,278.75,141.34,53.004437143852826
2025-10-12 08:07:46.116836,25.1,27.29,231.58,120.7,52.761863677933334
2025-10-12 08:07:47.116835,41.22,84.66,279.67,43.74,52.38728568638911
2025-10-12 08:07:48.116835,62.89,64.21,168.35,116.19,52.61532373874254
2025-10-12 08:07:49.116834,61.45,34.12,141.46,140.95,52.70459805529521
2025-10-12 08:07:50.116834,16.63,34.96,53.04,17.39,51.69319219002551
2025-10-12 08:07:51.116833,81.93,85.09,168.97,84.91,52.42067237484555
2025-10-12 08:07:52.116833,60.84,61.13,234.81,28.87,52.17820061970033
2025-10-12 08:07:53.116833,83.94,70.65,271.75,12.37,52.15410484175267
2025-10-12 08:07:54.116832,83.75,92.8,140.82,50.65,52.136514275419145
2025-10-12 08:07:55.116832,56.4,63.42,106.95,44.77,52.00768037132473
2025-10-12 08:07:56.116831,87.42,75.48,234.23,10.3,52.061672664360046
2025-10-12 08:07:57.116831,82.11,62.15,98.11,10.11,51.7577548585985
2025-10-12 08:07:58.116830,91.44,83.91,125.24,115.6,52.52886209739091
2025-10-12 08:07:59.116830,82.29,51.48,64.1,20.82,51.749136635747355
2025-10-12 08:08:00.116829,79.8,66.8,256.9,49.41,52.36559556334518
2025-10-12 08:08:01.116829,49.9,82.41,216.67,24.07,52.11883471473559
2025-10-12 08:08:02.116828,28.02,38.66,239.49,137.74,52.89844318557868
2025-10-12 08:08:03.116828,87.41,52.1,295.18,66.18,52.55175235134622
2025-10-12 08:08:04.116827,71.42,72.48,59.11,18.35,51.73360170541904
2025-10-12 08:08:05.116827,33.95,54.02,195.02,38.65,52.152853510208224
2025-10-12 08:08:06.116827,38.98,97.68,235.7,109.14,52.73323132279901
2025-10-12 08:08:07.116826,68.32,65.19,235.07,136.0,52.892066026168735
2025-10-12 08:08:08.116826,50.61,69.79,52.59,74.77,52.09243419710083
2025-10-12 08:08:09.116825,16.93,60.27,298.85,128.52,52.97802028080957
2025-10-12 08:08:10.116825,22.02,33.82,231.8,89.58,52.55942387218834
2025-10-12 08:08:11.116824,73.38,52.55,232.19,114.56,52.73648632140225
2025-10-12 08:08:12.116824,37.93,79.16,231.38,107.93,52.70552778412306
2025-10-12 08:08:13.116823,53.15,83.84,154.07,18.67,51.9480112944014
2025-10-12 08:08:14.116823,75.16,20.29,142.21,107.89,52.47910552399765
2025-10-12 08:08:15.116822,73.85,36.31,231.78,97.55,52.613664122470816
2025-10-12 08:08:16.116822,24.2,32.42,239.07,55.49,52.348151487555185
2025-10-12 08:08:17.116821,18.36,74.72,143.84,14.02,51.88988628727914
2025-10-12 08:08:18.116821,60.25,82.24,76.29,122.65,52.4685538296466
2025-10-12 08:08:19.116821,73.04,47.69,85.25,90.28,52.25392189067213
2025-10-12 08:08:20.116820,22.67,84.55,222.35,149.75,52.966507908359986
2025-10-12 08:08:21.116820,41.62,39.07,246.2,141.29,52.936787161083636
2025-10-12 08:08:22.116819,83.97,26.7,189.05,120.01,52.66470914307977
2025-10-12 08:08:23.116819,90.26,94.88,211.28,140.75,52.888509047350325
2025-10-12 08:08:24.116818,48.6,64.8,278.99,91.52,52.69188808207601
2025-10-12 08:08:25.116818,16.76,97.13,155.5,144.82,52.79578847692872
2025-10-12 08:08:26.116817,31.9,64.49,247.81,55.72,52.38647522583401
2025-10-12 08:08:27.116817,29.8,67.97,294.7,46.02,52.42573371558693
2025-10-12 08:08:28.116816,30.31,84.83,84.13,78.75,52.19562646776255
2025-10-12 08:08:29.116816,51.98,96.99,94.65,79.29,52.22879272882825
2025-10-12 08:08:30.116815,59.57,90.87,223.72,131.07,52.84901233808905
2025-10-12 08:08:31.116815,20.41,76.2,150.84,146.64,52.786117527014106
2025-10-12 08:08:32.116814,85.6,35.76,203.75,64.45,52.332870470380406
2025-10-12 08:08:33.116814,62.7,23.31,169.28,10.04,51.89005004232945
2025-10-12 08:08:34.116814,60.77,85.82,276.71,138.05,53.00746486630151
2025-10-12 08:08:35.116813,93.92,70.99,103.07,26.78,51.88407269587834
2025-10-12 08:08:36.116813,63.39,46.04,126.7,141.15,52.680542382300054
2025-10-12 08:08:37.116812,88.96,53.25,234.9,107.62,52.696691510406794
2025-10-12 08:08:38.116812,34.33,47.95,166.62,13.63,51.9218151521067
2025-10-12 08:08:39.116811,30.41,26.17,216.09,91.93,52.53669099282964
2025-10-12 08:08:40.116811,53.9,81.14,274.1,97.35,52.729066460820505
2025-10-12 08:08:41.116810,53.23,78.16,87.38,51.84,52.020358201383424
2025-10-12 08:08:42.116810,29.25,26.76,197.76,47.59,52.20296851093695
2025-10-12 08:08:43.116809,69.47,70.67,66.22,71.0,52.0974646789055
2025-10-12 08:08:44.116809,12.52,68.27,272.91,75.24,52.57257746034636
2025-10-12 08:08:45.116808,68.7,70.86,100.97,65.3,52.135110354466946
2025-10-12 08:08:46.116808,48.86,58.1,252.48,86.42,52.59681159472258
2025-10-12 08:08:47.116808,68.57,87.68,294.82,54.48,52.49310921180172
2025-10-12 08:08:48.116807,50.55,96.2,137.91,105.2,52.494153044265964
2025-10-12 08:08:49.116807,93.07,80.21,283.29,55.78,52.47257373839555
2025-10-12 08:08:50.116806,38.45,75.64,209.55,90.81,52.54259201846997
2025-10-12 08:08:51.116806,93.52,96.98,114.64,132.25,52.62365100371786
2025-10-12 08:08:52.116805,15.52,43.65,267.97,109.2,52.77356599009846
2025-10-12 08:08:53.116805,68.12,63.65,240.68,85.03,52.565079369497155
2025-10-12 08:08:54.116804,48.61,90.08,230.55,54.02,52.35199095496522
2025-10-12 08:08:55.116804,79.88,55.46,198.31,130.52,52.77054980693301
2025-10-12 08:08:56.116803,77.12,65.15,163.04,71.8,52.309704199705834
2025-10-12 08:08:57.116803,78.02,25.71,278.73,23.66,52.21917846744079
2025-10-12 08:08:58.116802,18.05,55.73,184.8,43.23,52.162036173168985
2025-10-12 08:08:59.116802,79.9,25.9,51.26,129.99,52.43163978655201
2025-10-12 08:09:00.116802,28.19,80.23,117.17,64.35,52.169154932860195
2025-10-12 08:09:01.116801,12.18,43.58,258.71,73.12,52.51397223792816
2025-10-12 08:09:02.116801,28.51,59.7,145.42,123.37,52.61073525588336
2025-10-12 08:09:03.116800,50.74,92.58,256.34,54.86,52.41489488838181
2025-10-12 08:09:04.116800,73.08,41.43,229.0,47.67,52.27941919108867
2025-10-12 08:09:05.116799,28.58,35.29,298.22,42.62,52.39262240049709
2025-10-12 08:09:06.116799,19.61,21.67,63.33,116.78,52.367788865127686
2025-10-12 08:09:07.116798,64.91,94.65,223.4,111.05,52.717544366281366
2025-10-12 08:09:08.116798,93.63,73.49,55.11,65.64,52.03936069704438
2025-10-12 08:09:09.116797,61.07,33.38,186.84,146.23,52.837659044053964
2025-10-12 08:09:10.116797,68.74,48.72,115.62,12.7,51.80545300019557
2025-10-12 08:09:11.116796,57.7,26.19,220.39,22.81,52.08726566410196
2025-10-12 08:09:12.116796,76.5,84.06,132.66,19.17,51.90501444742582
2025-10-12 08:09:13.116796,92.94,82.94,150.06,12.61,51.89859161272466
2025-10-12 08:09:14.116795,56.25,55.78,174.37,90.05,52.45019510922836
2025-10-12 08:09:15.116795,45.43,28.51,230.29,105.41,52.65826162953787
2025-10-12 08:09:16.116794,83.13,32.24,238.92,27.0,52.15863226325535
2025-10-12 08:09:17.116794,92.43,44.95,197.29,35.24,52.13009867350314
2025-10-12 08:09:18.116793,20.98,61.34,191.61,149.05,52.88227591458615
2025-10-12 08:09:19.116793,59.14,44.88,156.36,99.63,52.46865256251556
2025-10-12 08:09:20.116792,77.36,54.81,124.36,112.87,52.49264572719107
2025-10-12 08:09:21.116792,55.33,72.6,82.89,64.68,52.09274811029297
2025-10-12 08:09:22.116791,44.78,22.49,54.9,52.28,51.921861324712744
2025-10-12 08:09:23.116791,65.69,29.36,191.08,115.6,52.64132186923773
2025-10-12 08:09:24.116790,32.96,33.17,255.51,133.49,52.90192808616044
2025-10-12 08:09:25.116790,39.68,96.31,55.83,32.9,51.83631513133348
2025-10-12 08:09:26.116789,94.34,29.64,132.56,105.66,52.44857526974349
2025-10-12 08:09:27.116789,64.1,46.71,164.95,66.41,52.26781441678833
2025-10-12 08:09:28.116789,84.2,30.93,61.72,35.42,51.82944572679649
2025-10-12 08:09:29.116788,78.66,32.32,126.2,92.99,52.35217814416183
2025-10-12 08:09:30.116788,65.44,31.72,86.6,20.12,51.78230026816943
2025-10-12 08:09:31.116787,81.46,69.79,233.14,117.04,52.76459758797512
2025-10-12 08:09:32.116787,34.41,26.16,115.95,27.49,51.89178294188727
2025-10-12 08:09:33.116786,64.15,96.94,193.16,88.62,52.50435603613654
2025-10-12 08:09:34.116786,60.2,62.97,163.83,45.64,52.13657589876266
2025-10-12 08:09:35.116785,62.91,32.51,197.39,138.81,52.8108097902636
2025-10-12 08:09:36.116785,24.33,74.56,245.48,16.77,52.128504548331065
2025-10-12 08:09:37.116784,33.57,52.97,154.69,11.92,51.88738222141415
2025-10-12 08:09:38.116784,34.37,95.69,261.99,149.11,53.05443551245567
2025-10-12 08:09:39.116783,61.17,33.73,295.74,94.47,52.73051418559701
2025-10-12 08:09:40.116783,92.67,55.74,184.04,117.39,52.65260784789711
2025-10-12 08:09:41.116782,91.1,87.37,222.34,62.19,52.386901987985325
2025-10-12 08:09:42.116782,29.31,36.85,230.39,27.52,52.14614672893511
2025-10-12 08:09:43.116782,35.91,46.69,179.56,118.84,52.64748030990409
2025-10-12 08:09:44.116781,13.07,23.3,116.65,18.05,51.82905508894122
2025-10-12 08:09:45.116781,43.9,75.15,110.19,102.34,52.40333661239687
2025-10-12 08:09:46.116780,80.95,47.06,203.42,88.18,52.49594150305827
2025-10-12 08:09:47.116780,87.84,70.82,288.67,76.38,52.61574551305536
2025-10-12 08:09:48.116779,30.1,23.29,128.55,146.16,52.70515168824915
2025-10-12 08:09:49.116779,32.59,31.31,96.67,115.36,52.43604045164592
2025-10-12 08:09:50.116778,28.77,68.48,223.75,124.09,52.790294375570426
2025-10-12 08:09:51.116778,39.76,34.2,76.7,94.35,52.2548861263629
2025-10-12 08:09:52.116777,78.4,87.96,212.06,102.93,52.63533251069689
2025-10-12 08:09:53.116777,64.98,72.75,136.3,140.98,52.715094833748275
2025-10-12 08:09:54.116776,76.8,52.96,212.27,40.65,52.20295311330619
2025-10-12 08:09:55.116776,59.56,55.6,79.74,14.04,51.74035118988803
2025-10-12 08:09:56.116776,31.91,41.91,220.06,74.87,52.44082730432956
2025-10-12 08:09:57.116775,29.38,57.46,294.74,39.53,52.3768984281319
2025-10-12 08:09:58.116775,10.77,70.34,275.14,60.97,52.48385300623156
2025-10-12 08:09:59.116774,76.38,78.06,191.86,34.58,52.132359425402775
2025-10-12 08:10:00.116774,82.01,67.34,218.01,69.76,52.41661134772939
2025-10-12 08:10:01.116773,75.3,64.43,148.37,93.86,52.42390132169741
2025-10-12 08:10:02.116773,16.32,76.14,214.31,112.78,52.69901372244849
2025-10-12 08:10:03.116772,74.79,51.78,171.79,124.94,52.673945779514284
2025-10-12 08:10:04.116772,13.89,40.02,168.88,58.52,52.22024941840648
2025-10-12 08:10:05.116771,18.98,62.0,70.63,62.26,52.04419771290624
2025-10-12 08:10:06.116771,47.44,97.86,175.53,129.94,52.740877717724196
2025-10-12 08:10:07.116770,50.47,53.3,124.4,131.42,52.615012490010386
2025-10-12 08:10:08.116770,79.37,72.47,63.48,63.39,52.04201393508006
2025-10-12 08:10:09.116769,67.76,78.07,247.27,86.55,52.597483219924996
2025-10-12 08:10:10.116769,23.03,90.93,200.44,27.99,52.11438962087642
2025-10-12 08:10:11.116769,29.22,75.5,152.35,133.84,52.70404715696561
2025-10-12 08:10:12.116768,34.28,27.5,177.2,44.0,52.13495843190499
2025-10-12 08:10:13.116768,20.51,26.16,133.25,32.34,51.96149667597931
2025-10-12 08:10:14.116767,34.45,93.47,284.38,40.04,52.37784488573239
2025-10-12 08:10:15.116767,71.93,53.37,208.68,149.51,52.91791983465787
2025-10-12 08:10:16.116766,30.52,75.44,168.59,73.55,52.33908137846069
2025-10-12 08:10:17.116766,81.01,57.54,236.53,12.96,52.07433636596818
2025-10-12 08:10:18.116765,49.91,48.73,58.97,149.47,52.59035537509523
2025-10-12 08:10:19.116765,37.45,95.27,217.22,106.79,52.676210521065926
2025-10-12 08:10:20.116764,45.06,58.69,52.12,130.9,52.45778579900378
2025-10-12 08:10:21.116764,70.31,47.68,80.4,74.86,52.14105120298508
2025-10-12 08:10:22.116764,53.93,56.56,195.4,123.91,52.72097812886634
2025-10-12 08:10:23.116763,10.62,43.31,265.56,30.63,52.24666503773357
2025-10-12 08:10:24.116763,88.4,68.72,228.7,131.59,52.850943307582085
2025-10-12 08:10:25.116762,15.61,80.93,106.33,95.74,52.354374227115436
2025-10-12 08:10:26.116762,89.78,69.63,174.26,65.76,52.29644366007943
2025-10-12 08:10:27.116761,12.39,44.81,58.26,137.86,52.509576874393694
2025-10-12 08:10:28.116761,75.53,26.31,173.05,33.97,52.05872409591017
2025-10-12 08:10:29.116760,55.45,22.71,75.89,86.56,52.195033684004386
2025-10-12 08:10:30.116760,52.99,62.1,74.94,82.44,52.18754027665264
2025-10-12 08:10:31.116759,16.19,98.8,86.52,96.78,52.328250400466196
2025-10-12 08:10:32.116759,30.29,25.71,157.89,67.2,52.24606266495549
2025-10-12 08:10:33.116758,76.09,58.75,206.1,64.51,52.35115497365424
2025-10-12 08:10:34.116758,85.76,95.12,161.96,20.98,51.986731443131056
2025-10-12 08:10:35.116757,54.98,96.07,59.46,106.16,52.33029607115077
2025-10-12 08:10:36.116757,40.03,89.19,126.65,101.61,52.4420031960332
2025-10-12 08:10:37.116757,15.1,35.01,254.14,124.0,52.83699316409808
2025-10-12 08:10:38.116756,67.99,56.72,284.86,149.37,53.084086991039655
2025-10-12 08:10:39.116756,33.67,96.51,140.04,32.48,52.01628844759703
2025-10-12 08:10:40.116755,14.68,57.59,209.42,132.95,52.811960450811256
2025-10-12 08:10:41.116755,66.6,83.39,56.37,88.4,52.19866351443919
2025-10-12 08:10:42.116754,51.29,75.69,240.18,117.43,52.78573783120076
2025-10-12 08:10:43.116754,11.02,28.86,135.22,122.16,52.563424596008176
2025-10-12 08:10:44.116753,19.43,42.74,139.58,46.62,52.07922881923024
2025-10-12 08:10:45.116753,69.43,53.33,297.34,55.13,52.483780557364554
2025-10-12 08:10:46.116752,15.41,59.77,150.76,84.33,52.36324036762183
2025-10-12 08:10:47.116752,83.61,54.51,290.38,119.82,52.89870117157043
2025-10-12 08:10:48.116752,36.46,64.7,55.28,101.84,52.27510614380181
2025-10-12 08:10:49.116751,17.54,81.08,114.48,130.7,52.60417125583352
2025-10-12 08:10:50.116751,74.58,77.15,52.66,47.22,51.91382556119658
2025-10-12 08:10:51.116750,54.58,61.97,55.57,99.93,52.261539421746654
2025-10-12 08:10:52.116750,36.06,65.24,70.23,121.77,52.44011210848408
2025-10-12 08:10:53.116749,44.52,27.25,166.95,93.51,52.44119495639607
2025-10-12 08:10:54.116749,11.82,64.88,202.23,111.18,52.65592908953803
2025-10-12 08:10:55.116748,66.33,64.77,257.75,92.13,52.6498509799211
2025-10-12 08:10:56.116748,41.09,38.65,247.75,105.51,52.70243652326202
2025-10-12 08:10:57.116747,70.69,47.28,216.31,35.75,52.17603377757932
2025-10-12 08:10:58.116747,63.39,97.76,169.72,109.88,52.59507814985982
2025-10-12 08:10:59.116746,65.36,60.16,185.92,37.37,52.12803583140748
2025-10-12 08:11:00.116746,77.4,20.52,278.7,12.87,52.1446108818508
2025-10-12 08:11:01.116746,63.65,96.88,208.26,42.44,52.230568472930095
2025-10-12 08:11:02.116745,45.59,46.98,254.3,14.7,52.11855338485534
2025-10-12 08:11:03.116745,43.14,28.12,218.2,72.74,52.41498449652029
2025-10-12 08:11:04.116744,20.16,44.79,57.29,135.98,52.49498390887009
2025-10-12 08:11:05.116744,76.25,26.49,289.73,125.41,52.918805942381965
2025-10-12 08:11:06.116743,74.69,64.72,247.15,122.38,52.82760720473223
2025-10-12 08:11:07.116743,30.94,62.91,214.14,109.24,52.6677895644205
2025-10-12 08:11:08.116742,83.33,26.66,235.22,120.37,52.76721802020257
2025-10-12 08:11:09.116742,60.07,21.51,260.29,44.77,52.31695730420111
2025-10-12 08:11:10.116741,50.69,52.79,285.34,62.95,52.5093552982679
2025-10-12 08:11:11.116741,11.49,46.35,180.21,91.45,52.46690817835058
2025-10-12 08:11:12.116740,42.53,81.52,60.28,52.76,51.96955424890657
2025-10-12 08:11:13.116740,64.46,33.96,232.31,109.24,52.69109522682127
2025-10-12 08:11:14.116740,17.63,67.28,101.16,132.1,52.57689569704474
2025-10-12 08:11:15.116739,49.06,51.66,124.48,18.37,51.86393855814703
2025-10-12 08:11:16.116739,94.44,60.55,69.51,50.29,51.961514583332985
2025-10-12 08:11:17.116738,70.91,47.1,158.32,116.25,52.584448945933566
2025-10-12 08:11:18.116738,56.48,45.75,291.21,112.77,52.84883605921087
2025-10-12 08:11:19.116737,55.31,38.56,229.98,71.6,52.43877635576452
2025-10-12 08:11:20.116737,13.72,61.76,143.95,92.9,52.40645742564744
2025-10-12 08:11:21.116736,91.37,73.66,145.61,30.4,52.001852997028976
2025-10-12 08:11:22.116736,88.9,36.59,219.96,43.7,52.23076949568225
2025-10-12 08:11:23.116735,68.0,48.52,85.77,48.54,51.978474876411134
2025-10-12 08:11:24.116735,18.42,34.31,281.4,86.38,52.64603875919576
2025-10-12 08:11:25.116735,27.67,85.44,171.34,40.79,52.13317442122644
2025-10-12 08:11:26.116734,25.63,46.41,121.38,11.98,51.811882498109725
2025-10-12 08:11:27.116734,54.16,25.35,274.96,52.43,52.40175331303395
2025-10-12 08:11:28.116733,27.66,47.0,295.93,124.39,52.936893233884156
2025-10-12 08:11:29.116733,69.14,60.9,119.6,91.96,52.346925421805565
2025-10-12 08:11:30.116732,56.34,88.21,241.96,44.49,52.31244624403505
2025-10-12 08:11:31.116732,11.5,95.28,122.36,77.65,52.277058859453554
2025-10-12 08:11:32.116731,73.24,71.26,208.01,75.08,52.43241211893571
2025-10-12 08:11:33.116731,26.05,28.96,112.06,69.79,52.16565667186756
2025-10-12 08:11:34.116730,80.12,30.92,198.74,34.5,52.12052737823226
2025-10-12 08:11:35.116730,40.18,30.89,240.81,140.35,52.91430692637718
2025-10-12 08:11:36.116729,38.78,68.35,154.44,74.78,52.31260996883
2025-10-12 08:11:37.116729,11.0,57.23,234.01,21.55,52.125711612263274
2025-10-12 08:11:38.116729,93.96,20.52,143.08,57.6,52.14733584148753
2025-10-12 08:11:39.116728,62.02,31.69,144.34,146.62,52.747125829299684
2025-10-12 08:11:40.116728,45.93,73.63,228.43,114.12,52.73713724814186
2025-10-12 08:11:41.116727,18.21,60.3,113.75,83.42,52.2772214587545
2025-10-12 08:11:42.116727,69.43,89.89,207.39,92.62,52.55784752429389
2025-10-12 08:11:43.116724,34.03,87.18,242.12,136.89,52.92549730920366
2025-10-12 08:11:44.116723,94.0,40.59,273.59,113.57,52.8130579445438
2025-10-12 08:11:45.116723,90.8,50.77,257.39,65.77,52.46632553313346
2025-10-12 08:11:46.116722,72.5,21.55,116.93,135.74,52.609820614859046
2025-10-12 08:11:47.116722,92.54,32.54,209.51,35.67,52.152553991756925
2025-10-12 08:11:48.116721,18.98,88.43,259.02,77.27,52.567138722155256
2025-10-12 08:11:49.116721,33.79,38.57,153.84,121.76,52.60655770035296
2025-10-12 08:11:50.116721,31.53,96.93,260.74,128.6,52.91628518029836
2025-10-12 08:11:51.116720,16.12,52.74,219.76,16.62,52.05958453210094
2025-10-12 08:11:52.116720,92.64,70.07,178.8,91.28,52.47591686085091
2025-10-12 08:11:53.116719,15.1,36.07,219.37,85.33,52.50550704054301
2025-10-12 08:11:54.116719,82.82,64.42,212.14,34.78,52.170085914963295
2025-10-12 08:11:55.116718,75.29,41.57,259.58,35.41,52.26445239876893
2025-10-12 08:11:56.116718,41.95,96.95,174.99,122.73,52.691346051912724
2025-10-12 08:11:57.116717,11.6,34.75,135.37,88.16,52.34136180677113
2025-10-12 08:11:58.116717,10.52,24.79,222.73,17.81,52.058376278469446
2025-10-12 08:11:59.116716,27.34,79.34,67.53,108.54,52.35428947790212
2025-10-12 08:12:00.116716,51.98,42.17,90.18,86.6,52.23711933310987
2025-10-12 08:12:01.116716,48.92,78.32,259.46,36.16,52.28961378031609
2025-10-12 08:12:02.116715,59.75,44.29,196.19,63.43,52.31444822956991
2025-10-12 08:12:03.116715,75.62,23.92,166.57,49.56,52.14681347779339
2025-10-12 08:12:04.116714,42.08,57.08,215.11,49.63,52.27100696848088
2025-10-12 08:12:05.116714,23.63,65.2,157.29,64.78,52.25066726440128
2025-10-12 08:12:06.116713,78.0,20.04,139.63,108.12,52.474897041560666
2025-10-12 08:12:07.116713,38.28,69.33,107.28,72.36,52.194804092246734
2025-10-12 08:12:08.116713,34.38,32.35,273.5,82.7,52.60338860976942
2025-10-12 08:12:09.116712,74.97,33.58,75.99,128.82,52.48178543342583
2025-10-12 08:12:10.116712,89.4,77.67,209.4,145.45,52.90605239458212
2025-10-12 08:12:11.116711,87.77,27.36,94.24,138.06,52.579236850941804
2025-10-12 08:12:12.116711,21.68,47.94,251.32,79.65,52.54370982035823
2025-10-12 08:12:13.116710,52.77,92.93,117.54,62.05,52.16175682044713
2025-10-12 08:12:14.116710,17.89,44.1,276.03,131.97,52.942427266188844
2025-10-12 08:12:15.116709,91.68,30.88,58.08,106.73,52.29482135416298
2025-10-12 08:12:16.116709,28.29,69.13,129.86,67.31,52.21015052322247
2025-10-12 08:12:17.116708,26.78,96.62,50.14,138.01,52.52178187947764
2025-10-12 08:12:18.116708,85.56,21.29,74.56,44.44,51.91180026575977
2025-10-12 08:12:19.116708,92.27,61.29,290.63,112.83,52.85662107393157
2025-10-12 08:12:20.116707,69.3,60.35,229.92,44.94,52.273820163456925
2025-10-12 08:12:21.116707,20.29,68.54,245.08,80.44,52.54687841224351
2025-10-12 08:12:22.116706,51.3,38.99,53.07,50.71,51.916650526160836
2025-10-12 08:12:23.116706,79.41,69.91,170.4,142.62,52.798362132599344
2025-10-12 08:12:24.116705,58.66,62.08,108.06,118.03,52.49558356318975
2025-10-12 08:12:25.116705,21.27,57.14,219.9,107.71,52.66691815954029
2025-10-12 08:12:26.116704,24.61,72.08,92.89,83.6,52.23972439190127
2025-10-12 08:12:27.116704,83.45,91.58,217.87,31.29,52.17445925703407
2025-10-12 08:12:28.116703,54.8,51.64,141.76,88.6,52.36753773191697
2025-10-12 08:12:29.116703,70.0,55.02,139.77,109.34,52.502757201856056
2025-10-12 08:12:30.116703,41.71,22.55,289.49,20.17,52.21759497310388
2025-10-12 08:12:31.116702,55.26,82.92,269.19,120.07,52.870204095211136
2025-10-12 08:12:32.116702,93.05,33.45,230.77,58.32,52.34950521525006
2025-10-12 08:12:33.116701,38.02,61.23,98.33,26.84,51.868760551628114
2025-10-12 08:12:34.116701,67.36,36.22,98.41,86.99,52.254248590839936
2025-10-12 08:12:35.116700,24.66,45.13,87.27,12.91,51.74335917954867
2025-10-12 08:12:36.116700,20.35,93.59,87.25,43.21,51.97138082159706
2025-10-12 08:12:37.116699,76.61,66.96,141.53,80.25,52.32014067725162
2025-10-12 08:12:38.116699,81.75,26.3,153.29,75.54,52.29176780021469
2025-10-12 08:12:39.116699,66.81,28.11,252.06,79.22,52.531429583079195
2025-10-12 08:12:40.116698,23.45,46.2,52.14,41.27,51.85598910694448
2025-10-12 08:12:41.116698,30.45,21.18,81.19,33.58,51.85403944079115
2025-10-12 08:12:42.116697,87.45,39.19,57.99,142.48,52.53652873505414
2025-10-12 08:12:43.116697,34.54,89.85,125.99,115.67,52.53425781442491
2025-10-12 08:12:44.116696,79.6,66.65,265.35,82.18,52.601340936164924
2025-10-12 08:12:45.116696,34.3,70.01,222.27,100.23,52.629571893054674
2025-10-12 08:12:46.116695,89.85,42.13,150.14,79.14,52.317635542742195
2025-10-12 08:12:47.116695,87.73,24.8,209.08,78.59,52.43218412324803
2025-10-12 08:12:48.116694,13.68,52.06,221.59,38.95,52.211384094460605
2025-10-12 08:12:49.116694,75.49,73.16,102.56,50.05,52.03862124831477
2025-10-12 08:12:50.116693,24.4,75.86,99.31,114.24,52.45911573934644
2025-10-12 08:12:51.116693,28.3,75.04,133.12,55.78,52.14398220140579
2025-10-12 08:12:52.116693,49.09,85.05,190.87,111.13,52.64217805998297
2025-10-12 08:12:53.116692,58.99,76.65,194.6,50.45,52.24285037131086
2025-10-12 08:12:54.116692,37.69,84.67,291.61,119.38,52.91522643989498
2025-10-12 08:12:55.116691,58.91,57.11,64.68,76.59,52.12368305302801
2025-10-12 08:12:56.116691,24.51,32.14,213.81,49.11,52.25086201098723
2025-10-12 08:12:57.116690,11.9,36.09,161.09,117.32,52.59143403333169
2025-10-12 08:12:58.116690,58.55,93.96,165.04,104.47,52.546906181502514
2025-10-12 08:12:59.116689,53.98,78.29,146.61,35.85,52.04277033538744
2025-10-12 08:13:00.116689,68.62,86.39,268.71,65.23,52.50710943373406
2025-10-12 08:13:01.116688,65.23,20.07,111.07,97.88,52.34500280594875
2025-10-12 08:13:02.116688,86.29,45.64,204.52,15.19,52.01308842873088
2025-10-12 08:13:03.116687,49.05,92.79,286.6,25.99,52.28902911993337
2025-10-12 08:13:04.116687,10.71,22.73,158.54,77.96,52.31723098896575
2025-10-12 08:13:05.116687,63.61,96.59,137.49,138.05,52.71149095157619
2025-10-12 08:13:06.116686,67.39,37.52,200.44,70.33,52.36569694570256
2025-10-12 08:13:07.116686,54.33,29.57,180.14,48.54,52.17261962961239
2025-10-12 08:13:08.116685,68.59,22.12,95.75,101.68,52.33813580433612
2025-10-12 08:13:09.116685,37.5,92.26,54.55,72.72,52.09557904064909
2025-10-12 08:13:10.116684,22.65,39.26,96.02,12.15,51.75402803288824
2025-10-12 08:13:11.116684,66.49,44.02,160.2,64.93,52.24619228949137
2025-10-12 08:13:12.116683,30.84,45.02,189.66,71.95,52.3572398127708
2025-10-12 08:13:13.116683,48.79,69.03,165.8,97.71,52.48981877289069
2025-10-12 08:13:14.116682,51.79,89.31,59.6,17.98,51.74157115014143
2025-10-12 08:13:15.116682,50.56,25.35,281.09,102.27,52.74584705378886
2025-10-12 08:13:16.116681,60.87,74.82,277.33,23.59,52.242996834150226
2025-10-12 08:13:17.116681,12.5,33.86,286.05,109.58,52.809857149767055
2025-10-12 08:13:18.116681,94.12,56.45,136.88,132.18,52.64887793400279
2025-10-12 08:13:19.116680,70.89,84.16,241.23,41.07,52.28591068978356
2025-10-12 08:13:20.116680,46.16,71.94,146.47,122.24,52.612321674744635
2025-10-12 08:13:21.116679,26.26,34.53,227.11,75.76,52.45792026722238
2025-10-12 08:13:22.116679,16.82,84.97,227.88,128.01,52.834443337990635
2025-10-12 08:13:23.116678,67.14,90.07,118.42,144.12,52.70678928844378
2025-10-12 08:13:24.116678,36.94,64.65,113.34,64.04,52.150123171919866
2025-10-12 08:13:25.116677,29.51,56.28,127.56,18.95,51.87703865910104
2025-10-12 08:13:26.116677,42.3,78.7,133.53,61.03,52.18175279899027
2025-10-12 08:13:27.116676,60.4,58.28,292.24,75.35,52.60967654137884
2025-10-12 08:13:28.116676,67.09,81.37,127.16,10.08,51.831256516464606
2025-10-12 08:13:29.116675,64.84,93.58,55.06,132.6,52.49485488737667
2025-10-12 08:13:30.116675,83.38,32.15,84.56,79.0,52.168912922001496
2025-10-12 08:13:31.116675,28.59,64.49,144.53,101.28,52.464853824116794
2025-10-12 08:13:32.116674,64.12,36.82,89.6,54.75,52.02149043197777
2025-10-12 08:13:33.116674,18.59,64.69,260.78,76.52,52.55277183496383
2025-10-12 08:13:34.116673,56.57,76.24,283.81,30.68,52.3048994780103
2025-10-12 08:13:35.116673,59.64,39.96,284.99,48.4,52.40488770138287
2025-10-12 08:13:36.116672,28.38,62.69,254.35,65.02,52.46138495106962
2025-10-12 08:13:37.116672,43.29,33.38,190.81,54.38,52.23664333692768
2025-10-12 08:13:38.116671,80.31,61.47,215.1,105.2,52.64225644592598
2025-10-12 08:13:39.116671,22.61,70.73,193.34,135.66,52.80237976809313
2025-10-12 08:13:40.116670,46.93,48.66,76.03,37.11,51.88156374407487
2025-10-12 08:13:41.116670,89.28,71.37,173.15,41.23,52.132193599061615
2025-10-12 08:13:42.116669,52.85,59.52,223.15,91.28,52.56624216858858
2025-10-12 08:13:43.116669,71.64,75.37,179.28,90.68,52.47592400423778
2025-10-12 08:13:44.116669,80.28,55.94,193.13,128.92,52.748962003467796
2025-10-12 08:13:45.116668,27.32,83.2,118.82,10.23,51.81518083110054
2025-10-12 08:13:46.116668,28.55,31.6,243.19,51.67,52.331277426064176
2025-10-12 08:13:47.116667,74.48,67.74,143.24,33.2,52.0120034162826
2025-10-12 08:13:48.116667,74.03,50.24,239.79,133.95,52.88038077306115
2025-10-12 08:13:49.116666,15.12,70.5,245.46,64.39,52.44226594486894
2025-10-12 08:13:50.116666,37.41,94.6,115.16,110.37,52.47823302351571
2025-10-12 08:13:51.116665,43.88,50.55,165.94,134.72,52.72548480249577
2025-10-12 08:13:52.116665,80.47,78.49,275.79,93.32,52.70450995429738
2025-10-12 08:13:53.116664,45.86,78.99,82.52,21.7,51.81023356885981
2025-10-12 08:13:54.116664,88.7,94.19,102.98,14.63,51.816141536726434
2025-10-12 08:13:55.116663,94.71,94.29,106.99,138.55,52.647376232020946
2025-10-12 08:13:56.116663,76.36,59.61,67.68,145.0,52.5856313728724
2025-10-12 08:13:57.116662,66.64,64.64,133.45,32.86,51.986787961901484
2025-10-12 08:13:58.116662,43.31,80.8,167.99,148.25,52.836560342764415
2025-10-12 08:13:59.116662,15.7,77.15,217.69,10.62,52.0288506718521
2025-10-12 08:14:00.116661,58.72,60.64,68.07,134.97,52.52047916938266
2025-10-12 08:14:01.116661,40.74,22.45,176.99,136.82,52.74775830065899
2025-10-12 08:14:02.116660,39.83,72.95,295.27,146.19,53.094588403110656
2025-10-12 08:14:03.116660,68.46,69.61,128.59,77.13,52.272840216394194
2025-10-12 08:14:04.116659,49.41,88.46,203.45,33.83,52.15830543387823
2025-10-12 08:14:05.116659,73.93,25.77,50.67,88.91,52.15763171510812
2025-10-12 08:14:06.116658,43.84,78.54,122.56,86.3,52.325592068082315
2025-10-12 08:14:07.116658,22.82,59.35,77.3,103.74,52.33250155849219
2025-10-12 08:14:08.116657,49.21,20.09,248.41,51.93,52.33792223477076
2025-10-12 08:14:09.116657,90.84,34.4,187.39,47.81,52.186186464277576
2025-10-12 08:14:10.116656,78.13,44.89,78.98,36.25,51.880157017261695
2025-10-12 08:14:11.116656,27.49,57.06,78.38,85.03,52.209388187354755
2025-10-12 08:14:12.116656,43.26,76.45,117.38,83.29,52.293216144184946
2025-10-12 08:14:13.116655,88.86,51.76,258.78,126.59,52.87356546957595
2025-10-12 08:14:14.116655,20.51,87.71,270.75,30.74,52.28335152912457
2025-10-12 08:14:15.116654,31.59,49.95,265.29,21.07,52.18632159377756
2025-10-12 08:14:16.116654,32.29,39.03,88.81,132.68,52.53824311454836
2025-10-12 08:14:17.116653,58.53,65.24,212.73,145.79,52.90861702027295
2025-10-12 08:14:18.116653,44.91,83.35,154.98,134.58,52.719029994932825
2025-10-12 08:14:19.116652,16.79,65.17,155.18,55.99,52.187733068621796
2025-10-12 08:14:20.116652,63.48,40.61,54.04,135.98,52.48560942471669
2025-10-12 08:14:21.116651,18.42,43.44,297.65,62.11,52.525278840327005
2025-10-12 08:14:22.116651,61.55,59.98,104.8,81.28,52.24342748562021
2025-10-12 08:14:23.116650,53.1,48.92,175.35,24.58,52.01396724657853
2025-10-12 08:14:24.116650,51.96,68.52,75.84,111.9,52.38859558320486
2025-10-12 08:14:25.116649,15.74,31.14,253.83,70.2,52.477086724627945
2025-10-12 08:14:26.116649,64.33,45.0,236.01,21.63,52.123777083856766
2025-10-12 08:14:27.116649,46.66,21.66,179.26,71.18,52.316576794206924
2025-10-12 08:14:28.116648,44.94,89.52,101.48,34.06,51.93925092075506
2025-10-12 08:14:29.116648,60.7,43.62,110.41,115.15,52.47129636963234
2025-10-12 08:14:30.116647,61.53,93.14,54.04,130.7,52.47978708600121
2025-10-12 08:14:31.116647,11.28,67.47,268.39,104.07,52.753679035039454
2025-10-12 08:14:32.116646,20.64,86.45,68.78,100.39,52.30686278679275
2025-10-12 08:14:33.116646,30.1,78.28,112.74,46.28,52.038527435813464
2025-10-12 08:14:34.116645,67.63,86.21,208.9,133.14,52.82801474995703
2025-10-12 08:14:35.116645,59.02,49.24,219.62,86.86,52.52353057315146
2025-10-12 08:14:36.116644,74.4,74.8,138.83,104.67,52.480726123682615
2025-10-12 08:14:37.116644,72.95,56.18,268.36,73.72,52.54589448835454
2025-10-12 08:14:38.116644,82.52,44.7,201.6,41.36,52.17992754381448
2025-10-12 08:14:39.116643,42.03,46.49,53.83,56.16,51.95864387007171
2025-10-12 08:14:40.116643,39.33,31.63,232.75,95.53,52.59975744312458
2025-10-12 08:14:41.116642,80.64,76.37,191.5,65.9,52.33851547082405
2025-10-12 08:14:42.116642,30.2,36.27,93.79,108.03,52.38390235132451
2025-10-12 08:14:43.116641,49.2,28.54,185.31,110.09,52.59177974720011
2025-10-12 08:14:44.116641,26.52,26.71,155.68,108.66,52.51700370621096
2025-10-12 08:14:45.116640,87.68,93.39,188.92,146.35,52.87635011517442
2025-10-12 08:14:46.116640,44.66,47.74,75.55,121.11,52.43753539973241
2025-10-12 08:14:47.116639,28.06,55.52,57.3,81.48,52.13924737974886
2025-10-12 08:14:48.116639,68.82,89.41,172.84,128.96,52.72383803805464
2025-10-12 08:14:49.116638,30.79,65.31,89.64,106.26,52.37930799518012
2025-10-12 08:14:50.116638,90.2,30.16,67.34,79.08,52.13098706508279
2025-10-12 08:14:51.116637,41.25,55.09,82.34,47.94,51.97070780569934
2025-10-12 08:14:52.116637,66.49,66.56,107.33,100.72,52.381602519254095
2025-10-12 08:14:53.116637,39.35,28.78,62.22,128.75,52.44878378998458
2025-10-12 08:14:54.116636,78.62,43.92,253.88,73.24,52.504481674925124
2025-10-12 08:14:55.116636,86.24,41.0,265.3,101.43,52.714729620184166
2025-10-12 08:14:56.116635,76.97,30.92,217.95,38.42,52.18821126799712
2025-10-12 08:14:57.116635,82.12,67.14,162.9,34.65,52.06393569389722
2025-10-12 08:14:58.116634,18.66,27.0,259.59,37.1,52.26758576522293
2025-10-12 08:14:59.116634,88.55,43.23,208.01,13.65,52.00909621453557
2025-10-12 08:15:00.116633,63.07,48.51,248.0,91.05,52.61248994532151
2025-10-12 08:15:01.116633,83.88,57.32,209.5,112.93,52.6791070844847
2025-10-12 08:15:02.116632,68.18,38.9,225.08,92.5,52.56705491959256
2025-10-12 08:15:03.116632,27.16,35.94,154.93,110.34,52.531662046156406
2025-10-12 08:15:04.116631,61.81,89.93,143.25,15.11,51.90430234857654
2025-10-12 08:15:05.116631,17.73,50.34,250.12,142.83,52.96178026044175
2025-10-12 08:15:06.116630,69.14,21.99,136.71,52.96,52.10354060436192
2025-10-12 08:15:07.116630,44.77,42.69,143.65,65.98,52.21652488260495
2025-10-12 08:15:08.116630,22.9,48.8,130.01,115.72,52.520473147608946
2025-10-12 08:15:09.116629,93.23,42.99,259.95,108.89,52.75374609807787
2025-10-12 08:15:10.116629,86.59,49.66,265.87,96.68,52.68925674763154
2025-10-12 08:15:11.116628,85.95,42.17,205.43,105.31,52.611276063958044
2025-10-12 08:15:12.116628,77.05,73.53,65.91,38.8,51.88466554705092
2025-10-12 08:15:13.116627,68.82,35.35,138.32,30.58,51.965924261194274
2025-10-12 08:15:14.116627,65.68,23.99,203.91,139.81,52.82684911240849
2025-10-12 08:15:15.116626,19.02,84.53,224.99,109.56,52.70547393512066
2025-10-12 08:15:16.116626,86.55,90.14,230.77,130.77,52.86190638371364
2025-10-12 08:15:17.116625,84.9,89.06,175.71,89.06,52.46504414039546
2025-10-12 08:15:18.116625,73.57,66.24,285.79,59.02,52.49172929251049
2025-10-12 08:15:19.116624,88.82,34.74,236.85,137.82,52.891067390217216
2025-10-12 08:15:20.116624,57.01,77.04,298.57,36.97,52.37910660473456
2025-10-12 08:15:21.116624,48.05,58.95,52.47,26.13,51.763310439521995
2025-10-12 08:15:22.116623,92.28,39.61,223.01,147.03,52.92488645876011
2025-10-12 08:15:23.116623,49.45,24.04,244.34,70.17,52.45235432361266
2025-10-12 08:15:24.116622,64.51,22.5,143.79,126.64,52.608209362433854
2025-10-12 08:15:25.116622,41.71,52.56,50.48,108.75,52.30380468392725
2025-10-12 08:15:26.116621,64.09,75.13,253.94,44.69,52.332481735927736
2025-10-12 08:15:27.116621,71.21,29.75,188.79,99.02,52.52652713505592
2025-10-12 08:15:28.116620,63.1,87.78,288.18,41.73,52.39413856099312
2025-10-12 08:15:29.116620,53.74,74.36,259.16,125.85,52.88205037331745
2025-10-12 08:15:30.116619,35.51,43.92,168.67,54.18,52.19315803959136
2025-10-12 08:15:31.116619,64.73,84.24,261.74,98.87,52.71407093372138
2025-10-12 08:15:32.116618,87.22,54.65,51.69,83.86,52.14239196459499
2025-10-12 08:15:33.116618,10.59,42.11,128.43,144.81,52.70640062565384
2025-10-12 08:15:34.116618,21.38,31.02,100.21,101.32,52.35037106365324
2025-10-12 08:15:35.116617,20.18,49.81,213.89,69.54,52.39646315975764
2025-10-12 08:15:36.116617,88.47,91.9,281.11,41.83,52.3817595290442
2025-10-12 08:15:37.116616,66.33,45.6,192.06,125.51,52.71825628665131
2025-10-12 08:15:38.116616,90.9,56.16,127.4,76.02,52.255409704768624
2025-10-12 08:15:39.116615,59.54,74.56,74.91,144.23,52.604519023428985
2025-10-12 08:15:40.116615,49.25,60.6,188.09,52.28,52.231947892085046
2025-10-12 08:15:41.116614,77.35,50.73,178.6,74.1,52.35069731615933
2025-10-12 08:15:42.116614,23.68,36.1,67.69,92.74,52.22571469903224
2025-10-12 08:15:43.116613,42.41,36.34,122.06,78.35,52.248266305007846
2025-10-12 08:15:44.116613,49.63,61.7,208.54,103.82,52.61899656226705
2025-10-12 08:15:45.116612,35.37,43.39,117.05,120.28,52.51961926062302
2025-10-12 08:15:46.116612,41.56,72.01,232.15,108.32,52.70580891077083
2025-10-12 08:15:47.116611,16.64,35.5,298.83,88.75,52.70023620019195
2025-10-12 08:15:48.116611,26.83,61.83,192.51,51.11,52.23445349669244
2025-10-12 08:15:49.116611,38.52,30.8,212.53,115.74,52.68957672756736
2025-10-12 08:15:50.116610,77.65,82.99,74.2,101.03,52.32094168329828
2025-10-12 08:15:51.116610,25.51,50.83,162.78,107.82,52.54024599093065
2025-10-12 08:15:52.116609,39.46,33.36,50.22,129.98,52.43346762137096
2025-10-12 08:15:53.116609,15.52,97.34,240.87,50.64,52.355979772953006
2025-10-12 08:15:54.116608,57.35,22.57,111.91,41.68,51.975205004042046
2025-10-12 08:15:55.116608,61.96,73.87,75.64,41.4,51.923215559937674
2025-10-12 08:15:56.116607,83.57,71.43,78.17,43.83,51.94347410999493
2025-10-12 08:15:57.116607,79.62,81.22,147.61,149.71,52.80228051141707
2025-10-12 08:15:58.116606,34.26,29.74,136.69,24.39,51.91818377356984
2025-10-12 08:15:59.116606,21.64,41.53,287.89,134.7,52.98484122681796
2025-10-12 08:16:00.116605,23.27,25.16,250.25,132.32,52.87829783311156
2025-10-12 08:16:01.116605,92.36,41.29,280.1,105.79,52.775930006345554
2025-10-12 08:16:02.116605,67.22,49.76,271.82,113.83,52.81604572898413
2025-10-12 08:16:03.116604,13.62,51.58,291.11,101.52,52.77719388135157
2025-10-12 08:16:04.116604,21.63,62.87,169.68,54.5,52.20801435990495
2025-10-12 08:16:05.116603,51.29,33.91,194.76,143.99,52.840264867602144
2025-10-12 08:16:06.116603,27.67,93.76,281.03,121.39,52.910676115111656
2025-10-12 08:16:07.116602,78.31,98.49,96.76,62.89,52.125353680603425
2025-10-12 08:16:08.116602,58.72,29.32,169.99,93.67,52.45000212874329
2025-10-12 08:16:09.116601,62.07,92.86,101.54,114.85,52.47745822959736
2025-10-12 08:16:10.116601,49.34,71.39,281.75,30.36,52.29560945903037
2025-10-12 08:16:11.116600,31.77,76.46,149.72,99.84,52.473212083860204
2025-10-12 08:16:12.116600,60.1,51.68,295.41,104.66,52.80741691706597
2025-10-12 08:16:13.116599,70.94,76.77,167.88,79.72,52.37923277915374
2025-10-12 08:16:14.116599,41.53,28.76,93.89,128.19,52.513747383229855
2025-10-12 08:16:15.116599,52.92,30.7,165.9,112.79,52.56880189889652
2025-10-12 08:16:16.116598,81.37,64.63,151.98,59.23,52.20199645780101
2025-10-12 08:16:17.116598,22.64,68.5,279.34,63.93,52.511585240548314
2025-10-12 08:16:18.116597,56.34,58.06,176.55,125.18,52.689356563442985
2025-10-12 08:16:19.116597,39.62,75.17,202.32,85.64,52.49233453729971
2025-10-12 08:16:20.116596,69.74,96.66,254.4,81.2,52.58778051587014
2025-10-12 08:16:21.116596,11.6,81.28,111.46,110.3,52.4623333788558
2025-10-12 08:16:22.116595,66.99,94.65,134.02,101.22,52.45843741960407
2025-10-12 08:16:23.116595,18.75,69.13,281.17,120.75,52.893030473799676
2025-10-12 08:16:24.116594,15.51,38.81,243.47,111.57,52.73346371638921
2025-10-12 08:16:25.116594,71.59,71.85,178.37,129.18,52.72752417065179
2025-10-12 08:16:26.116593,64.43,44.54,87.68,96.89,52.30131205877087
2025-10-12 08:16:27.116593,86.07,67.53,197.57,94.33,52.53545905484639
2025-10-12 08:16:28.116592,54.17,69.77,243.33,110.23,52.741489041037
2025-10-12 08:16:29.116592,55.05,97.63,200.58,24.88,52.097778756846864
2025-10-12 08:16:30.116592,70.1,39.41,108.49,132.09,52.5772240566538
2025-10-12 08:16:31.116591,37.49,94.82,55.35,131.38,52.4880763138048
2025-10-12 08:16:32.116591,13.14,41.73,142.79,110.06,52.50669316727298
2025-10-12 08:16:33.116590,29.55,29.5,176.14,85.7,52.410543018568845
2025-10-12 08:16:34.116590,30.23,20.19,224.13,82.43,52.487749576734515
2025-10-12 08:16:35.116589,38.53,97.11,83.77,124.62,52.50612514140527
2025-10-12 08:16:36.116589,90.19,71.0,71.78,42.5,51.92054765927539
2025-10-12 08:16:37.116588,78.41,60.62,248.9,77.88,52.533766846493535
2025-10-12 08:16:38.116588,89.56,93.12,287.29,136.36,53.02325673348074
2025-10-12 08:16:39.116587,94.88,73.2,249.62,30.36,52.226927069453716
2025-10-12 08:16:40.116587,46.87,44.36,248.97,80.12,52.53974067518548
2025-10-12 08:16:41.116586,29.3,95.03,242.1,20.02,52.15413160551054
2025-10-12 08:16:42.116586,57.6,81.69,224.29,88.47,52.56239729213007
2025-10-12 08:16:43.116585,84.9,67.33,131.2,19.08,51.89194361217221
2025-10-12 08:16:44.116585,49.59,88.97,243.51,98.86,52.67709534852328
2025-10-12 08:16:45.116585,52.96,24.38,115.81,53.27,52.06159602440287
2025-10-12 08:16:46.116584,21.43,71.31,222.88,21.21,52.107146837334966
2025-10-12 08:16:47.116584,45.74,36.41,299.76,110.37,52.84625577754892
2025-10-12 08:16:48.116583,42.89,91.48,139.09,61.48,52.20390848044935
2025-10-12 08:16:49.116583,39.89,36.85,224.01,112.31,52.69507658646178
2025-10-12 08:16:50.116582,85.42,85.62,196.27,87.19,52.495313132753715
2025-10-12 08:16:51.116582,15.04,50.12,187.7,49.42,52.20628965805578
2025-10-12 08:16:52.116581,92.63,64.57,142.19,129.91,52.64984587023158
2025-10-12 08:16:53.116581,10.7,53.22,102.39,15.88,51.80036701889328
2025-10-12 08:16:54.116580,90.38,71.68,242.83,68.47,52.464297720998715
2025-10-12 08:16:55.116580,56.58,65.14,98.65,17.25,51.80797900968129
2025-10-12 08:16:56.116579,69.71,54.86,129.18,103.75,52.44259678088708
2025-10-12 08:16:57.116579,25.91,92.36,230.2,73.92,52.48458038201347
2025-10-12 08:16:58.116578,65.61,45.73,295.15,98.14,52.76026851540712
2025-10-12 08:16:59.116578,84.97,81.41,193.22,134.22,52.798503134200615
2025-10-12 08:17:00.116577,21.86,57.77,238.4,139.25,52.91673192239438
2025-10-12 08:17:01.116577,20.8,20.66,210.48,149.0,52.900242687305045
2025-10-12 08:17:02.116577,35.84,69.22,181.83,132.26,52.75400835319118
2025-10-12 08:17:03.116576,23.75,44.22,271.54,142.16,53.00038834605704
2025-10-12 08:17:04.116576,19.4,75.5,100.36,97.24,52.34836055100465
2025-10-12 08:17:05.116575,67.66,97.56,275.43,111.45,52.83467000918702
2025-10-12 08:17:06.116575,28.18,95.07,183.7,25.98,52.0670432067362
2025-10-12 08:17:07.116574,66.7,29.71,59.49,139.22,52.5128712844006
2025-10-12 08:17:08.116574,83.26,82.74,183.93,98.27,52.54048595824428
2025-10-12 08:17:09.116573,65.42,43.67,268.06,18.79,52.173703335998574
2025-10-12 08:17:10.116573,20.15,29.91,101.76,87.85,52.26371245064501
2025-10-12 08:17:11.116572,58.75,78.11,168.65,103.19,52.5374233404601
2025-10-12 08:17:12.116572,43.46,25.18,156.4,133.87,52.68503798111609
2025-10-12 08:17:13.116572,39.19,27.79,260.28,40.97,52.29520778442477
2025-10-12 08:17:14.116571,37.08,40.29,147.36,93.59,52.40648970149873
2025-10-12 08:17:15.116571,89.0,53.42,134.9,56.07,52.13774071952777
2025-10-12 08:17:16.116570,73.11,47.48,263.52,39.31,52.30217093328797
2025-10-12 08:17:17.116570,21.38,24.47,119.75,31.78,51.92755850083911
2025-10-12 08:17:18.116569,50.46,50.59,258.14,81.27,52.5707286890529
2025-10-12 08:17:19.116569,37.05,88.43,263.42,127.43,52.909604033150536
2025-10-12 08:17:20.116568,93.12,94.67,222.75,27.54,52.16187332793629
2025-10-12 08:17:21.116568,93.13,82.41,61.35,122.95,52.43823501958487
2025-10-12 08:17:22.116567,37.16,38.05,204.91,121.48,52.71517974549801
2025-10-12 08:17:23.116566,39.93,30.23,60.94,61.6,52.00112633814296
2025-10-12 08:17:24.116565,60.95,55.6,279.44,90.32,52.67978159196018
2025-10-12 08:17:25.116565,50.74,20.45,119.14,83.65,52.26827053935881
2025-10-12 08:17:26.116564,28.11,58.34,213.21,105.84,52.640663686141544
2025-10-12 08:17:27.116564,66.14,97.73,185.99,72.2,52.380261155478564
2025-10-12 08:17:28.116563,38.4,33.75,286.57,31.83,52.29488175339607
2025-10-12 08:17:29.116563,65.57,44.22,195.86,142.89,52.84108520615758
2025-10-12 08:17:30.116562,42.61,38.5,62.38,47.75,51.91692502926553
2025-10-12 08:17:31.116562,69.52,59.38,99.1,13.61,51.781591405992714
2025-10-12 08:17:32.116562,66.76,80.77,269.23,73.89,52.56258906362285
2025-10-12 08:17:33.116561,53.25,89.5,223.22,78.8,52.500239436286
2025-10-12 08:17:34.116561,69.9,66.06,165.36,113.08,52.589225951791164
2025-10-12 08:17:35.116560,49.18,82.14,213.99,101.2,52.624798664059654
2025-10-12 08:17:36.116560,19.87,54.21,52.26,125.91,52.422477650728695
2025-10-12 08:17:37.116559,25.48,92.54,138.12,17.84,51.9127469611022
2025-10-12 08:17:38.116559,30.91,69.02,251.45,39.12,52.28671284256262
2025-10-12 08:17:39.116558,15.37,81.73,241.18,22.9,52.1638525783563
2025-10-12 08:17:40.116558,70.47,65.98,136.63,149.84,52.77085006039215
2025-10-12 08:17:41.116557,41.23,20.41,180.67,23.35,52.00148255153593
2025-10-12 08:17:42.116557,17.95,24.59,283.57,30.82,52.27657560657282
2025-10-12 08:17:43.116556,79.7,84.11,290.15,76.14,52.624755805539735
2025-10-12 08:17:44.116556,68.11,40.33,89.78,107.24,52.37221991065087
2025-10-12 08:17:45.116556,48.44,80.13,282.52,128.6,52.954179812897216
2025-10-12 08:17:46.116555,31.03,75.56,63.48,40.44,51.89140920690486
2025-10-12 08:17:47.116555,22.9,84.7,199.93,101.39,52.59698800325074
2025-10-12 08:17:48.116554,48.96,45.68,199.81,124.21,52.72648201733862
2025-10-12 08:17:49.116554,85.25,71.66,155.52,80.44,52.35436033033301
2025-10-12 08:17:50.116553,26.01,55.36,78.98,80.46,52.17941188601012
2025-10-12 08:17:51.116553,58.34,88.94,69.94,43.23,51.93138178588459
2025-10-12 08:17:52.116552,91.74,97.76,255.32,76.28,52.55773288856897
2025-10-12 08:17:53.116552,64.15,24.0,288.19,113.84,52.837288176132404
2025-10-12 08:17:54.116551,47.4,78.48,162.2,117.12,52.616095412730466
2025-10-12 08:17:55.116551,70.89,69.59,123.13,76.15,52.254482014725106
2025-10-12 08:17:56.116550,80.09,44.39,169.33,140.6,52.768437594707095
2025-10-12 08:17:57.116550,60.19,36.89,211.78,19.51,52.05264034193203
2025-10-12 08:17:58.116550,84.11,69.99,215.93,35.39,52.18545358475264
2025-10-12 08:17:59.116549,53.74,68.58,85.8,27.08,51.84726493040702
2025-10-12 08:18:00.116549,80.55,33.09,51.89,94.61,52.20218195569673
2025-10-12 08:18:01.116548,90.92,93.41,159.25,97.25,52.48612127194907
2025-10-12 08:18:02.116548,52.61,80.87,148.48,106.2,52.51518837527484
2025-10-12 08:18:03.116547,61.43,31.7,212.54,94.63,52.54998785052769
2025-10-12 08:18:04.116547,61.8,47.21,105.65,149.14,52.688567451899125
2025-10-12 08:18:05.116546,76.42,66.22,198.77,98.98,52.56819605188844
2025-10-12 08:18:06.116546,79.95,69.1,177.56,84.94,52.43060789397177
2025-10-12 08:18:07.116545,12.31,62.64,147.21,127.47,52.64346573634093
2025-10-12 08:18:08.116545,72.34,46.22,110.1,40.24,51.97487791434836
2025-10-12 08:18:09.116545,76.62,89.08,108.99,14.66,51.8265335571809
2025-10-12 08:18:10.116544,69.54,72.27,276.12,67.13,52.527937384331025
2025-10-12 08:18:11.116544,70.66,48.11,93.51,57.94,52.05742434258953
2025-10-12 08:18:12.116543,13.52,52.67,57.99,121.3,52.403451728117346
2025-10-12 08:18:13.116543,47.57,49.25,83.1,131.85,52.52603468629669
2025-10-12 08:18:14.116542,79.55,88.78,265.4,30.91,52.27347105090852
2025-10-12 08:18:15.116542,89.39,95.61,81.53,101.1,52.34432531498135
2025-10-12 08:18:16.116541,29.5,27.1,56.95,128.86,52.437148792967896
2025-10-12 08:18:17.116541,59.23,70.42,68.21,97.06,52.274607228849135
2025-10-12 08:18:18.116540,78.37,51.76,165.24,90.46,52.43087728908016
2025-10-12 08:18:19.116540,73.95,48.46,129.65,106.39,52.45757812702729
2025-10-12 08:18:20.116540,62.61,77.93,64.14,102.36,52.30513438991451
2025-10-12 08:18:21.116539,11.59,60.13,125.13,86.77,52.32404447465724
2025-10-12 08:18:22.116539,71.53,76.41,109.54,69.36,52.18373294561272
2025-10-12 08:18:23.116538,75.73,85.42,103.83,126.31,52.55434865034297
2025-10-12 08:18:24.116538,71.44,34.29,196.56,122.42,52.70121607917484
2025-10-12 08:18:25.116537,75.09,66.33,294.1,41.6,52.39418359715949
2025-10-12 08:18:26.116537,46.63,61.14,59.43,116.16,52.37717166437273
2025-10-12 08:18:27.116536,94.47,60.13,189.55,45.87,52.19230870980229
2025-10-12 08:18:28.116536,75.52,95.63,278.37,24.63,52.26373171036331
2025-10-12 08:18:29.116535,59.19,61.67,180.57,110.76,52.60437569224594
2025-10-12 08:18:30.116535,89.41,53.29,155.44,77.06,52.32153398680584
2025-10-12 08:18:31.116534,87.2,36.41,197.13,37.33,52.13887263815068
2025-10-12 08:18:32.116534,79.24,40.27,239.46,140.88,52.92011454649643
2025-10-12 08:18:33.116534,57.91,97.14,109.63,107.4,52.44793908078201
2025-10-12 08:18:34.116533,54.8,56.04,183.64,104.59,52.56695102171184
2025-10-12 08:18:35.116533,37.94,63.79,125.05,28.55,51.939489374089646
2025-10-12 08:18:36.116532,31.32,49.88,247.88,127.33,52.85378929913462
2025-10-12 08:18:37.116532,53.55,71.98,111.59,15.34,51.82717358809307
2025-10-12 08:18:38.116531,59.11,80.06,219.87,70.52,52.432765962220685
2025-10-12 08:18:39.116531,30.78,69.44,66.5,136.99,52.53537638804288
2025-10-12 08:18:40.116530,88.42,20.84,201.22,92.77,52.50704848717354
2025-10-12 08:18:41.116530,57.37,96.45,170.09,21.49,52.00849007839381
2025-10-12 08:18:42.116529,54.75,73.3,288.63,67.82,52.56022395310342
2025-10-12 08:18:43.116529,47.03,98.91,190.95,57.24,52.29238324610508
2025-10-12 08:18:44.116528,14.94,47.64,236.54,137.3,52.89411984178309
2025-10-12 08:18:45.116528,85.0,35.39,120.33,46.33,52.03146244349442
2025-10-12 08:18:46.116528,36.94,82.83,284.83,99.34,52.766487757307914
2025-10-12 08:18:47.116527,64.61,37.41,262.92,85.15,52.59951679163423
2025-10-12 08:18:48.116527,61.63,46.03,271.24,141.59,52.99696134017315
2025-10-12 08:18:49.116526,59.68,66.84,61.57,33.05,51.83336669812869
2025-10-12 08:18:50.116526,54.69,95.43,83.15,119.29,52.46846954235178
2025-10-12 08:18:51.116525,25.42,51.89,143.97,103.73,52.47289103945673
2025-10-12 08:18:52.116525,33.85,47.53,94.65,11.22,51.74948448066923
2025-10-12 08:18:53.116524,54.56,36.18,80.13,132.18,52.51451234798758
2025-10-12 08:18:54.116524,77.09,31.27,219.78,89.39,52.53067313633944
2025-10-12 08:18:55.116523,46.72,20.61,289.27,108.04,52.799249097197865
2025-10-12 08:18:56.116523,27.33,55.53,184.87,100.0,52.538870421344555
2025-10-12 08:18:57.116523,17.48,71.97,232.58,80.51,52.52213886901723
2025-10-12 08:18:58.116522,66.36,48.53,138.61,94.63,52.39899767732653
2025-10-12 08:18:59.116522,45.98,90.88,295.06,93.48,52.75426058979901
2025-10-12 08:19:00.116521,20.66,77.04,241.26,14.66,52.10672657936747
2025-10-12 08:19:01.116521,67.33,51.69,212.47,148.14,52.91611273127877
2025-10-12 08:19:02.116520,27.64,36.42,282.13,94.01,52.69943770508292
2025-10-12 08:19:03.116520,53.27,42.08,120.01,115.15,52.49126187240121
2025-10-12 08:19:04.116519,36.03,20.4,142.24,80.09,52.29471770673326
2025-10-12 08:19:05.116519,89.19,70.4,229.93,63.77,52.404411017109915
2025-10-12 08:19:06.116518,29.4,55.14,263.35,84.28,52.60453816264438
2025-10-12 08:19:07.116518,45.69,64.38,283.75,21.65,52.23823781681249
2025-10-12 08:19:08.116517,91.56,52.95,182.41,131.23,52.7393791635436
2025-10-12 08:19:09.116517,37.09,46.04,298.73,35.61,52.3531819758276
2025-10-12 08:19:10.116517,64.79,98.63,50.82,30.55,51.811141735195065
2025-10-12 08:19:11.116516,36.92,75.97,206.3,31.87,52.144530019029695
2025-10-12 08:19:12.116516,19.41,91.39,225.47,13.93,52.07561605677478
2025-10-12 08:19:13.116515,63.34,23.44,129.77,10.94,51.81039949676972
2025-10-12 08:19:14.116515,87.86,80.93,250.07,37.55,52.27992470029427
2025-10-12 08:19:15.116514,48.47,38.02,247.38,132.79,52.882346273083975
2025-10-12 08:19:16.116514,63.23,96.39,250.31,121.78,52.84809665221076
2025-10-12 08:19:17.116513,61.76,54.76,68.58,132.29,52.50052665846332
2025-10-12 08:19:18.116513,45.28,51.89,76.8,144.82,52.59992318084965
2025-10-12 08:19:19.116512,62.27,78.59,160.05,21.37,51.9759816807098
2025-10-12 08:19:20.116512,32.04,87.89,297.05,95.15,52.76799766062762
2025-10-12 08:19:21.116511,42.13,61.09,101.79,28.12,51.884682948546505
2025-10-12 08:19:22.116511,47.6,36.57,296.87,144.2,53.06461281372503
2025-10-12 08:19:23.116511,83.44,37.6,177.3,65.34,52.28243167293641
2025-10-12 08:19:24.116510,39.61,89.7,63.23,48.99,51.95548097779658
2025-10-12 08:19:25.116510,63.99,54.7,184.36,39.69,52.137013163354595
2025-10-12 08:19:26.116509,28.14,21.84,245.82,13.96,52.08126371972567
2025-10-12 08:19:27.116509,31.47,94.7,217.81,129.45,52.827572017317785
2025-10-12 08:19:28.116508,65.12,70.88,280.85,122.77,52.90671705121407
2025-10-12 08:19:29.116508,74.8,98.1,69.25,89.87,52.244539704769814
2025-10-12 08:19:30.116507,49.28,33.99,264.07,48.6,52.35751904219424
2025-10-12 08:19:31.116507,38.48,32.69,241.36,71.49,52.459463800692085
2025-10-12 08:19:32.116506,87.37,92.74,126.26,90.06,52.366472507650386
2025-10-12 08:19:33.116506,21.54,81.1,244.82,32.06,52.23219392091679
2025-10-12 08:19:34.116506,71.26,37.86,221.45,33.76,52.1687340265696
2025-10-12 08:19:35.116505,68.66,85.03,279.31,112.27,52.841557798375746
2025-10-12 08:19:36.116505,68.67,94.52,278.15,142.11,53.04237496304363
2025-10-12 08:19:37.116504,89.51,56.86,119.25,142.68,52.68055749223966
2025-10-12 08:19:38.116504,71.9,54.47,219.02,81.3,52.488235781730346
2025-10-12 08:19:39.116503,35.63,42.24,264.65,119.68,52.835138433963074
2025-10-12 08:19:40.116503,40.04,81.79,83.92,137.6,52.58407890027108
2025-10-12 08:19:41.116502,43.24,88.3,267.83,14.71,52.17095205543862
2025-10-12 08:19:42.116502,12.62,87.96,58.86,39.15,51.87972457292307
2025-10-12 08:19:43.116501,87.65,72.44,116.92,119.74,52.53191351343268
2025-10-12 08:19:44.116501,16.25,98.89,136.02,109.19,52.518032518916364
2025-10-12 08:19:45.116501,69.48,37.24,50.73,19.69,51.704715750578956
2025-10-12 08:19:46.116500,72.06,83.72,130.07,21.85,51.91699534169639
2025-10-12 08:19:47.116500,81.72,67.01,283.68,24.28,52.25700486675591
2025-10-12 08:19:48.116499,57.04,78.77,93.01,122.5,52.50189323471315
2025-10-12 08:19:49.116499,71.65,52.14,206.08,126.55,52.75920620539621
2025-10-12 08:19:50.116498,35.73,86.3,246.95,23.92,52.185679783581136
2025-10-12 08:19:51.116498,73.37,24.15,52.05,131.15,52.44007891575322
2025-10-12 08:19:52.116497,39.19,91.46,129.43,29.17,51.9684971845078
2025-10-12 08:19:53.116497,86.74,36.32,129.22,19.2,51.871194858000656
2025-10-12 08:19:54.116496,23.89,69.15,194.08,15.83,52.007770543412896
2025-10-12 08:19:55.116496,36.84,87.2,238.5,77.47,52.523274482341144
2025-10-12 08:19:56.116495,52.4,27.68,181.39,75.37,52.352355456983254
2025-10-12 08:19:57.116495,75.95,78.44,84.38,126.48,52.50940741790534
2025-10-12 08:19:58.116495,73.65,20.12,221.76,135.23,52.83301416299968
2025-10-12 08:19:59.116494,27.91,90.35,280.63,19.23,52.2298555114737
2025-10-12 08:20:00.116494,22.26,26.34,99.87,111.02,52.411410972236766
2025-10-12 08:20:01.116493,35.84,82.39,196.88,72.32,52.3961442632524
2025-10-12 08:20:02.116493,51.12,34.51,239.08,141.16,52.91794450319756
2025-10-12 08:20:03.116492,55.82,53.99,197.53,15.14,52.00224045413217
2025-10-12 08:20:04.116492,46.48,86.75,183.56,108.75,52.61147199580636
2025-10-12 08:20:05.116491,66.36,28.95,286.24,100.45,52.74694024859258
2025-10-12 08:20:06.116491,46.34,62.92,60.71,111.14,52.347619428745794
2025-10-12 08:20:07.116490,90.44,66.47,245.22,47.86,52.32979066222298
2025-10-12 08:20:08.116490,32.18,88.43,89.54,114.39,52.44591299960423
2025-10-12 08:20:09.116489,63.33,47.61,188.53,70.81,52.348663260786545
2025-10-12 08:20:10.116489,61.97,73.55,80.31,32.27,51.872569066542496
2025-10-12 08:20:11.116489,33.93,80.79,267.05,103.73,52.75592577719734
2025-10-12 08:20:12.116488,44.99,50.79,158.4,57.62,52.197536319909574
2025-10-12 08:20:13.116488,41.07,81.6,146.37,64.67,52.235375129632764
2025-10-12 08:20:14.116487,24.66,44.4,131.15,37.76,52.00306221032786
2025-10-12 08:20:15.116487,50.57,94.02,171.34,128.13,52.717640206613595
2025-10-12 08:20:16.116486,42.87,64.89,237.64,85.41,52.56169761280955
2025-10-12 08:20:17.116486,25.16,33.84,97.03,123.81,52.49431302007419
2025-10-12 08:20:18.116485,48.24,76.97,142.54,148.26,52.779295610108555
2025-10-12 08:20:19.116485,45.86,20.08,98.87,90.4,52.26890059687379
2025-10-12 08:20:20.116484,21.17,97.56,215.09,147.66,52.94412675206363
2025-10-12 08:20:21.116484,21.15,26.18,130.3,31.52,51.94966681362033
2025-10-12 08:20:22.116483,65.04,31.27,180.96,76.49,52.360853548179136
2025-10-12 08:20:23.116483,70.06,90.06,166.29,13.36,51.9427328366632
2025-10-12 08:20:24.116482,90.0,22.1,259.65,50.13,52.35147274706773
2025-10-12 08:20:25.116482,17.4,86.99,137.1,71.91,52.266320423992994
2025-10-12 08:20:26.116482,20.02,49.54,271.96,93.03,52.67817330228673
2025-10-12 08:20:27.116481,14.4,75.79,286.54,104.9,52.8031832248717
2025-10-12 08:20:28.116481,55.24,40.36,57.52,91.01,52.19454364403504
2025-10-12 08:20:29.116480,62.93,55.9,133.84,48.3,52.08525018718723
2025-10-12 08:20:30.116480,44.3,21.74,206.55,45.73,52.206896055526286
2025-10-12 08:20:31.116479,77.82,27.26,96.34,88.78,52.256655004421326
2025-10-12 08:20:32.116479,68.37,50.35,86.16,68.13,52.11036148469392
2025-10-12 08:20:33.116478,93.8,93.64,155.21,36.39,52.07354673180845
2025-10-12 08:20:34.116478,21.72,73.79,85.1,119.47,52.46185556928551
2025-10-12 08:20:35.116477,14.96,52.4,69.45,130.84,52.49147688294551
2025-10-12 08:20:36.116477,33.36,22.86,203.74,26.64,52.0747201816061
2025-10-12 08:20:37.116476,11.62,73.13,155.16,101.5,52.49417661902448
2025-10-12 08:20:38.116476,89.27,20.94,104.23,131.75,52.55545283278937
2025-10-12 08:20:39.116475,35.84,64.5,178.2,12.48,51.94850579281187
2025-10-12 08:20:40.116475,56.96,51.56,266.37,91.87,52.65947327529078
2025-10-12 08:20:41.116474,37.04,53.45,123.17,24.34,51.90171702701449
2025-10-12 08:20:42.116474,30.89,98.12,99.23,41.57,51.98900018743356
2025-10-12 08:20:43.116474,22.95,25.65,155.13,39.99,52.05944477414118
2025-10-12 08:20:44.116473,37.23,59.06,163.1,147.87,52.81133809703091
2025-10-12 08:20:45.116473,62.31,98.69,84.03,67.07,52.12559732650848
2025-10-12 08:20:46.116472,92.59,21.28,214.17,13.18,52.007127012127164
2025-10-12 08:20:47.116472,57.44,69.12,114.33,47.82,52.04710175291362
2025-10-12 08:20:48.116471,55.28,30.47,197.72,59.04,52.28094150472951
2025-10-12 08:20:49.116471,13.0,55.75,103.23,98.2,52.349970445322754
2025-10-12 08:20:50.116470,81.41,80.8,62.59,18.08,51.74398606369592
2025-10-12 08:20:51.116470,13.81,40.94,279.96,103.15,52.757909446574914
2025-10-12 08:20:52.116469,87.03,33.3,67.43,118.89,52.39715584836906
2025-10-12 08:20:53.116469,55.79,32.02,157.1,83.45,52.35571383218295
2025-10-12 08:20:54.116468,24.32,96.62,217.04,21.07,52.107630566525536
2025-10-12 08:20:55.116468,48.4,76.3,73.75,20.85,51.7840735821062
2025-10-12 08:20:56.116467,94.57,43.89,238.54,40.17,52.25170074832776
2025-10-12 08:20:57.116467,35.93,53.39,178.39,102.25,52.538558667382844
2025-10-12 08:20:58.116466,32.9,75.21,280.85,11.24,52.16887920877091
2025-10-12 08:20:59.116466,20.03,22.31,277.51,59.63,52.45338089704169
2025-10-12 08:21:00.116466,60.76,53.57,264.37,34.34,52.27441551881195
2025-10-12 08:21:01.116465,17.58,79.7,96.34,50.14,52.02936570475597
2025-10-12 08:21:02.116465,75.11,43.25,98.6,88.84,52.27085024988464
2025-10-12 08:21:03.116464,88.13,80.38,226.16,85.32,52.5448173675493
2025-10-12 08:21:04.116464,89.21,53.96,161.75,96.75,52.46627936791417
2025-10-12 08:21:05.116463,19.17,60.41,88.38,53.56,52.024068961306824
2025-10-12 08:21:06.116463,57.45,38.57,267.2,71.21,52.51692279203817
2025-10-12 08:21:07.116462,18.25,69.07,278.11,19.41,52.21374646987542
2025-10-12 08:21:08.116462,58.62,86.93,244.09,20.18,52.15500385243457
2025-10-12 08:21:09.116461,79.27,30.57,80.84,37.03,51.881402217824565
2025-10-12 08:21:10.116461,55.71,30.36,167.17,101.69,52.497694474457
2025-10-12 08:21:11.116460,84.12,24.91,55.63,90.33,52.177336256554476
2025-10-12 08:21:12.116460,78.14,95.57,127.23,110.09,52.5030937830059
2025-10-12 08:21:13.116459,33.51,75.6,81.78,42.69,51.9460574588129
2025-10-12 08:21:14.116459,63.56,52.26,87.8,107.16,52.374030930781416
2025-10-12 08:21:15.116459,10.63,46.81,223.3,48.65,52.27655332208543
2025-10-12 08:21:16.116458,43.66,60.94,71.78,136.0,52.53552928050001
2025-10-12 08:21:17.116458,30.23,26.1,238.31,143.68,52.92832170376411
2025-10-12 08:21:18.116457,89.65,30.89,53.46,84.53,52.13746046118617
2025-10-12 08:21:19.116457,44.46,23.13,259.17,116.04,52.788462278544415
2025-10-12 08:21:20.116456,65.6,34.52,140.11,121.7,52.57412640763846
2025-10-12 08:21:21.116456,72.22,83.91,176.65,21.06,52.012888670715505
2025-10-12 08:21:22.116455,75.72,34.27,237.47,96.02,52.61471586131575
2025-10-12 08:21:23.116455,72.54,84.77,232.96,145.62,52.962231530848726
2025-10-12 08:21:24.116454,34.58,84.76,89.23,70.38,52.15109597811354
2025-10-12 08:21:25.116454,68.32,49.39,54.34,63.12,52.00755818997085
2025-10-12 08:21:26.116454,56.67,34.64,100.52,12.35,51.76254580277574
2025-10-12 08:21:27.116453,60.78,55.86,248.81,141.0,52.94986356430449
2025-10-12 08:21:28.116453,10.07,44.76,239.55,108.88,52.710417202760226
2025-10-12 08:21:29.116452,31.95,24.72,180.24,115.53,52.61476433968716
2025-10-12 08:21:30.116452,89.11,61.57,62.25,129.54,52.47233308662199
2025-10-12 08:21:31.116451,34.66,59.97,283.91,61.23,52.49883186247032
2025-10-12 08:21:32.116451,47.23,47.66,109.03,142.26,52.650485015126186
2025-10-12 08:21:33.116450,25.87,40.58,50.14,120.22,52.372531493752106
2025-10-12 08:21:34.116450,21.78,86.27,59.57,25.54,51.78999216053778
2025-10-12 08:21:35.116449,27.74,65.82,280.37,103.11,52.772373805258965
2025-10-12 08:21:36.116449,57.06,31.79,214.14,73.02,52.410078453596846
2025-10-12 08:21:37.116448,88.12,61.07,114.74,100.01,52.38990819251379
2025-10-12 08:21:38.116448,37.73,89.12,115.47,41.94,52.02167352599806
2025-10-12 08:21:39.116447,37.49,92.16,198.94,46.16,52.232418264225736
2025-10-12 08:21:40.116447,57.95,32.56,91.31,104.72,52.35449031591533
2025-10-12 08:21:41.116446,40.32,40.27,97.24,69.6,52.138543014679826
2025-10-12 08:21:42.116446,87.39,74.42,137.5,58.56,52.17158883362139
2025-10-12 08:21:43.116446,42.12,57.85,230.68,31.38,52.18407746266652
2025-10-12 08:21:44.116445,51.69,84.58,82.66,81.97,52.21367077074344
2025-10-12 08:21:45.116445,55.34,26.23,94.88,33.42,51.88548008382816
2025-10-12 08:21:46.116444,76.48,62.13,157.59,14.96,51.91894498045907
2025-10-12 08:21:47.116444,57.93,40.88,231.13,59.0,52.35893259718616
2025-10-12 08:21:48.116443,30.33,76.54,299.58,71.81,52.61225907289583
2025-10-12 08:21:49.116443,20.54,37.14,98.91,63.53,52.10013622598891
2025-10-12 08:21:50.116442,89.71,54.91,84.81,132.47,52.537007319106294
2025-10-12 08:21:51.116442,78.13,94.67,165.95,38.55,52.11175088832299
2025-10-12 08:21:52.116441,11.95,97.84,114.38,39.8,52.00995661106457
2025-10-12 08:21:53.116441,79.83,69.97,276.85,50.78,52.41972309289559
2025-10-12 08:21:54.116440,60.2,58.33,266.78,70.31,52.52103068982684
2025-10-12 08:21:55.116440,54.11,67.06,120.9,94.92,52.372817961003385
2025-10-12 08:21:56.116439,11.04,97.56,200.99,50.53,52.26887320264677
2025-10-12 08:21:57.116439,76.37,71.88,211.56,10.4,52.01116298705277
2025-10-12 08:21:58.116438,26.84,31.13,243.23,18.48,52.11081415648657
2025-10-12 08:21:59.116438,71.88,76.93,149.74,33.64,52.03413447434583
2025-10-12 08:22:00.116437,11.35,20.7,173.79,78.35,52.351767143705075
2025-10-12 08:22:01.116437,77.69,72.64,252.13,142.87,52.978810725033746
2025-10-12 08:22:02.116436,11.96,73.7,180.33,31.15,52.08216008047937
2025-10-12 08:22:03.116436,30.05,53.89,202.43,96.64,52.55374438159523
2025-10-12 08:22:04.116436,32.8,33.54,96.84,142.44,52.617385007915196
2025-10-12 08:22:05.116435,23.39,22.87,126.32,94.12,52.354681487128865
2025-10-12 08:22:06.116435,50.89,24.92,109.17,118.6,52.48110249045863
2025-10-12 08:22:07.116434,34.11,98.56,243.46,52.91,52.377342541911666
2025-10-12 08:22:08.116434,94.43,34.44,74.21,29.18,51.81707274642794
2025-10-12 08:22:09.116433,59.3,22.44,157.28,120.32,52.59548841944094
2025-10-12 08:22:10.116433,58.15,86.24,71.95,48.81,51.97127500178506
2025-10-12 08:22:11.116432,28.77,90.0,110.24,104.98,52.42922821000069
2025-10-12 08:22:12.116432,44.74,61.83,124.89,49.38,52.07630481878022
2025-10-12 08:22:13.116431,20.54,40.35,253.35,48.27,52.33561533985123
2025-10-12 08:22:14.116431,74.81,33.89,258.03,146.41,52.99354702911726
2025-10-12 08:22:15.116430,38.15,86.72,156.79,68.42,52.2857135940175
2025-10-12 08:22:16.116430,73.92,74.46,276.32,72.07,52.56237721488683
2025-10-12 08:22:17.116429,41.59,38.1,104.42,39.08,51.95034187008509
2025-10-12 08:22:18.116429,94.04,70.84,244.1,88.19,52.59747056416115
2025-10-12 08:22:19.116428,24.55,89.24,56.79,138.37,52.534489536513256
2025-10-12 08:22:20.116428,10.13,61.84,193.82,17.88,52.01674636249543
2025-10-12 08:22:21.116427,60.56,44.3,182.99,135.53,52.76436518562683
2025-10-12 08:22:22.116427,91.0,35.22,151.35,89.4,52.38451366539381
2025-10-12 08:22:23.116427,65.0,91.92,170.44,74.27,52.35704047628925
2025-10-12 08:22:24.116426,17.29,82.62,295.56,85.71,52.69917907904314
2025-10-12 08:22:25.116426,55.94,98.38,226.41,129.88,52.851126384843134
2025-10-12 08:22:26.116425,87.31,80.23,170.98,102.13,52.536620972267166
2025-10-12 08:22:27.116425,10.55,45.4,209.77,141.05,52.85969968015655
2025-10-12 08:22:28.116424,24.19,60.65,183.48,92.08,52.48613715957959
2025-10-12 08:22:29.116424,79.24,90.45,249.63,47.36,52.34937716075849
2025-10-12 08:22:30.116423,85.98,24.08,233.82,51.57,52.30610705569002
2025-10-12 08:22:31.116423,70.11,31.06,239.22,124.55,52.80608510645561
2025-10-12 08:22:32.116422,94.28,21.99,262.93,34.87,52.257242176931854
2025-10-12 08:22:33.116422,17.67,52.96,70.2,95.93,52.26171059073852
2025-10-12 08:22:34.116422,56.38,77.72,122.22,110.88,52.48754075950711
2025-10-12 08:22:35.116421,68.22,38.3,80.36,90.67,52.24068050302526
2025-10-12 08:22:36.116421,69.72,29.37,198.67,52.26,52.23738991600909
2025-10-12 08:22:37.116420,77.45,40.34,243.14,149.47,52.98514885083611
2025-10-12 08:22:38.116420,88.0,39.4,96.19,110.24,52.40551730182854
2025-10-12 08:22:39.116419,40.74,57.84,296.19,84.89,52.68131809780437
2025-10-12 08:22:40.116419,13.65,51.44,233.53,80.62,52.51350879867453
2025-10-12 08:22:41.116418,40.81,64.95,128.09,13.8,51.84882971150407
2025-10-12 08:22:42.116418,67.09,91.67,177.05,35.59,52.11451156798388
2025-10-12 08:22:43.116417,28.14,27.77,285.71,96.3,52.71758989657012
2025-10-12 08:22:44.116417,78.85,77.06,208.61,124.07,52.76209628936223
2025-10-12 08:22:45.116416,28.68,45.23,243.28,125.72,52.83053934906553
2025-10-12 08:22:46.116416,10.86,96.3,147.6,26.06,51.98995829839841
2025-10-12 08:22:47.116416,53.19,35.18,217.33,22.56,52.08397036304353
2025-10-12 08:22:48.116415,71.75,74.08,247.14,54.83,52.38444975297967
2025-10-12 08:22:49.116415,39.72,48.04,175.07,126.63,52.69019635694915
2025-10-12 08:22:50.116414,73.66,53.69,179.92,25.74,52.03423214374464
2025-10-12 08:22:51.116414,47.26,78.84,203.43,90.41,52.52844312817211
2025-10-12 08:22:52.116413,24.6,91.86,146.74,42.94,52.09765892346874
2025-10-12 08:22:53.116413,17.7,47.38,74.43,93.54,52.25191835488228
2025-10-12 08:22:54.116412,70.4,24.26,238.8,121.06,52.7782275264904
2025-10-12 08:22:55.116412,42.79,44.37,153.7,108.41,52.52087396070012
2025-10-12 08:22:56.116411,87.59,41.84,101.86,59.28,52.0809412012646
2025-10-12 08:22:57.116411,55.92,68.31,212.88,104.16,52.63434367155966
2025-10-12 08:22:58.116411,39.62,41.67,210.35,65.34,52.35638052452921
2025-10-12 08:22:59.116410,39.66,20.25,142.93,88.18,52.34982578236221
2025-10-12 08:23:00.116410,21.17,60.45,234.64,82.38,52.53261002999767
2025-10-12 08:23:01.116409,60.47,63.18,204.93,20.37,52.05811576687019
2025-10-12 08:23:02.116409,59.48,55.79,112.22,12.03,51.79756454145383
2025-10-12 08:23:03.116407,78.0,20.67,198.93,15.32,51.98793604273941
2025-10-12 08:23:04.116406,27.1,80.19,144.77,127.35,52.64713990412485
2025-10-12 08:23:05.116406,34.72,45.47,245.42,49.93,52.33228130664801
2025-10-12 08:23:06.116406,18.27,97.86,75.21,41.98,51.93947793825124
2025-10-12 08:23:07.116405,35.1,47.45,188.99,65.17,52.31213819251822
2025-10-12 08:23:08.116405,46.39,95.82,213.57,94.64,52.58795776602482
2025-10-12 08:23:09.116404,91.94,22.42,145.63,78.23,52.29084906881652
2025-10-12 08:23:10.116404,65.51,95.95,190.93,41.49,52.186157385772354
2025-10-12 08:23:11.116403,76.54,80.45,235.9,37.62,52.24938785802471
2025-10-12 08:23:12.116403,37.67,82.93,164.08,133.49,52.7312995115875
2025-10-12 08:23:13.116402,22.28,91.3,139.67,92.61,52.41168230038557
2025-10-12 08:23:14.116402,31.82,69.81,106.37,62.17,52.12546430410756
2025-10-12 08:23:15.116401,31.8,43.98,66.48,85.28,52.17796033224124
2025-10-12 08:23:16.116401,59.56,44.3,120.84,10.0,51.79639582164302
2025-10-12 08:23:17.116400,39.03,25.11,136.82,116.22,52.525383912893076
2025-10-12 08:23:18.116400,82.88,43.47,133.2,110.07,52.486926984824166
2025-10-12 08:23:19.116400,94.03,74.95,171.88,59.75,52.2543514145752
2025-10-12 08:23:20.116399,39.18,83.1,176.01,102.21,52.549658470342834
2025-10-12 08:23:21.116399,69.93,46.31,100.13,36.5,51.92848014786022
2025-10-12 08:23:22.116398,65.89,34.97,192.43,130.28,52.74480484608991
2025-10-12 08:23:23.116398,26.53,81.7,274.32,69.34,52.543947269855785
2025-10-12 08:23:24.116397,88.03,25.34,264.04,95.92,52.66671420577621
2025-10-12 08:23:25.116397,26.95,37.74,92.46,144.71,52.62528774925257
2025-10-12 08:23:26.116396,72.64,48.24,292.42,16.5,52.21388272942103
2025-10-12 08:23:27.116396,39.55,42.47,116.92,39.32,51.981478028407196
2025-10-12 08:23:28.116396,41.2,80.25,182.27,91.88,52.49308859544884
2025-10-12 08:23:29.116395,48.71,50.65,204.12,18.94,52.03989735340839
2025-10-12 08:23:30.116395,83.48,52.15,297.17,36.45,52.35877256403077
2025-10-12 08:23:31.116394,21.92,61.57,295.66,106.6,52.82633706002562
2025-10-12 08:23:32.116394,14.64,64.61,262.46,108.59,52.76922612580042
2025-10-12 08:23:33.116393,44.17,48.24,64.96,148.96,52.5996900023875
2025-10-12 08:23:34.116393,14.72,26.48,215.16,53.48,52.27964606585381
2025-10-12 08:23:35.116392,68.45,70.16,219.68,37.52,52.20781905373202
2025-10-12 08:23:36.116392,74.63,92.94,65.74,30.65,51.84100130814873
2025-10-12 08:23:37.116391,82.65,35.21,234.33,106.4,52.677322289732956
2025-10-12 08:23:38.116391,73.23,40.07,238.14,22.61,52.132158937619636
2025-10-12 08:23:39.116391,87.89,67.82,171.3,59.75,52.24912703922725
2025-10-12 08:23:40.116390,73.61,84.21,204.36,105.68,52.63479757004974
2025-10-12 08:23:41.116390,89.57,69.54,114.27,37.61,51.97943947499858
2025-10-12 08:23:42.116389,26.41,74.58,81.43,104.16,52.35271940217764
2025-10-12 08:23:43.116389,52.49,78.86,187.7,52.02,52.23953422612944
2025-10-12 08:23:44.116388,94.48,73.05,189.83,32.74,52.11295692936497
2025-10-12 08:23:45.116388,67.93,20.75,50.39,45.94,51.86903145262834
2025-10-12 08:23:46.116387,84.68,24.85,173.57,40.05,52.099393935465855
2025-10-12 08:23:47.116387,12.58,67.16,281.71,26.9,52.27020487936106
2025-10-12 08:23:48.116386,84.1,45.45,268.59,81.96,52.59511483538779
2025-10-12 08:23:49.116386,69.31,24.19,144.43,43.75,52.06038037756911
2025-10-12 08:23:50.116386,24.51,20.82,182.22,88.98,52.44067179266017
2025-10-12 08:23:51.116385,12.18,72.35,170.28,53.36,52.20702299828019
2025-10-12 08:23:52.116385,32.09,79.91,102.51,35.04,51.942643447754435
2025-10-12 08:23:53.116384,87.84,96.14,82.29,144.09,52.6316016763237
2025-10-12 08:23:54.116384,66.79,73.4,187.75,120.92,52.69390819508126
2025-10-12 08:23:55.116383,88.15,81.31,247.08,117.19,52.80223722128446
2025-10-12 08:23:56.116383,47.92,80.57,57.59,103.05,52.29697585969448
2025-10-12 08:23:57.116382,89.61,70.92,129.1,36.98,52.00819167625953
2025-10-12 08:23:58.116382,49.35,27.52,130.98,120.63,52.54332778320604
2025-10-12 08:23:59.116381,27.36,20.51,149.03,30.05,51.97738092114418
2025-10-12 08:24:00.116381,22.87,27.77,273.51,118.01,52.83522190733846
2025-10-12 08:24:01.116380,94.47,63.49,222.16,108.23,52.678803852869564
2025-10-12 08:24:02.116380,38.38,70.17,61.32,68.5,52.06996554508715
2025-10-12 08:24:03.116380,23.6,22.56,183.26,62.51,52.26820887310696
2025-10-12 08:24:04.116379,10.71,27.77,290.94,139.33,53.01453224454819
2025-10-12 08:24:05.116379,34.27,91.92,244.13,100.32,52.68977148675855
2025-10-12 08:24:06.116378,85.57,53.62,82.39,82.26,52.197787107971614
2025-10-12 08:24:07.116378,55.39,73.79,160.18,129.35,52.69027798309902
2025-10-12 08:24:08.116377,63.76,95.19,114.7,139.55,52.671236916965206
2025-10-12 08:24:09.116377,88.4,78.3,278.66,16.54,52.20102523517112
2025-10-12 08:24:10.116376,53.59,70.03,294.15,126.26,52.95825543433254
2025-10-12 08:24:11.116376,81.25,66.47,122.61,141.1,52.68270446265866
2025-10-12 08:24:12.116375,37.53,25.23,62.53,100.74,52.2615734435931
2025-10-12 08:24:13.116375,93.05,39.19,298.12,140.41,53.043626547120745
2025-10-12 08:24:14.116375,16.7,78.87,85.53,98.68,52.327626870276696
2025-10-12 08:24:15.116374,71.61,59.29,150.25,45.47,52.103945689489734
2025-10-12 08:24:16.116374,66.15,33.65,126.75,41.0,52.009043075594285
2025-10-12 08:24:17.116373,26.29,77.9,74.7,50.77,51.98560911684544
2025-10-12 08:24:18.116373,43.05,27.0,267.09,70.91,52.508256737343046
2025-10-12 08:24:19.116372,36.59,65.73,195.77,79.32,52.430929238274075
2025-10-12 08:24:20.116372,18.03,62.78,252.02,128.41,52.877113220406045
2025-10-12 08:24:21.116371,59.71,46.66,193.46,97.22,52.5341162215583
2025-10-12 08:24:22.116371,94.46,25.97,194.97,64.02,52.305526737588856
2025-10-12 08:24:23.116370,57.56,35.2,153.93,143.1,52.74651598730528
2025-10-12 08:24:24.116370,56.35,47.17,160.34,29.19,52.01103484522108
2025-10-12 08:24:25.116370,13.43,27.42,194.39,60.09,52.278991170116726
2025-10-12 08:24:26.116369,21.83,27.18,153.58,93.41,52.41149305348872
2025-10-12 08:24:27.116369,53.62,78.32,204.19,30.65,52.13316338206057
2025-10-12 08:24:28.116368,93.74,30.82,117.7,17.91,51.8345866307985
2025-10-12 08:24:29.116368,84.51,91.92,226.4,97.8,52.63458976110336
2025-10-12 08:24:30.116367,38.92,70.61,110.34,64.85,52.15230787123063
2025-10-12 08:24:31.116367,56.16,98.3,73.05,108.94,52.37946442999825
2025-10-12 08:24:32.116366,56.98,70.02,298.43,44.56,52.42527409798089
2025-10-12 08:24:33.116366,68.26,38.08,155.45,55.49,52.16993012176881
2025-10-12 08:24:34.116365,68.46,23.47,221.04,99.3,52.594841588328194
2025-10-12 08:24:35.116365,77.13,31.1,78.4,69.71,52.093308346032345
2025-10-12 08:24:36.116365,12.12,47.73,267.85,116.51,52.82409329804163
2025-10-12 08:24:37.116364,90.21,51.56,237.36,131.6,52.86024704866237
2025-10-12 08:24:38.116364,15.96,26.15,201.56,71.82,52.371690575914585
2025-10-12 08:24:39.116363,50.47,36.28,71.25,101.15,52.289355222686346
2025-10-12 08:24:40.116363,88.16,62.88,85.42,125.5,52.49650278612982
2025-10-12 08:24:41.116362,51.45,40.5,268.26,23.17,52.201444606670854
2025-10-12 08:24:42.116362,15.41,56.32,112.98,120.13,52.51698880468906
2025-10-12 08:24:43.116361,29.49,35.58,238.43,95.45,52.61374362194633
2025-10-12 08:24:44.116361,59.19,81.53,218.43,22.17,52.10955190478167
2025-10-12 08:24:45.116360,17.47,35.09,283.97,44.29,52.37268731726471
2025-10-12 08:24:46.116359,46.01,84.25,208.37,17.4,52.05758566735313
2025-10-12 08:24:47.116358,37.97,72.35,123.41,83.77,52.307200138644596
2025-10-12 08:24:48.116358,79.29,80.62,232.92,71.24,52.46616143767613
2025-10-12 08:24:49.116357,19.36,84.85,185.5,17.49,52.008912252219375
2025-10-12 08:24:50.116357,68.04,66.76,189.75,149.07,52.88138946558378
2025-10-12 08:24:51.116356,44.56,41.35,205.54,121.35,52.71751913264808
2025-10-12 08:24:52.116356,59.96,43.27,73.47,77.0,52.13777053231142
2025-10-12 08:24:53.116355,27.47,57.99,65.27,149.94,52.61229069386595
2025-10-12 08:24:54.116355,61.82,43.23,178.18,95.99,52.490902393115555
2025-10-12 08:24:55.116354,67.29,32.17,50.9,129.05,52.42810794501778
2025-10-12 08:24:56.116354,15.97,63.6,246.38,65.8,52.449781432520446
2025-10-12 08:24:57.116353,80.07,50.66,297.66,59.51,52.512060251868554
2025-10-12 08:24:58.116353,83.21,51.85,107.64,148.68,52.692411807168334
2025-10-12 08:24:59.116353,15.4,27.14,274.42,10.58,52.1238111309795
2025-10-12 08:25:00.116352,61.27,21.57,168.62,144.13,52.777632323489996
2025-10-12 08:25:01.116352,60.49,70.06,224.02,81.28,52.50762053542114
2025-10-12 08:25:02.116351,11.06,45.1,202.87,92.61,52.52306101401372
2025-10-12 08:25:03.116351,39.1,34.37,254.56,33.71,52.23827558329507
2025-10-12 08:25:04.116350,92.36,47.47,84.76,121.97,52.4630694822529
2025-10-12 08:25:05.116350,57.21,63.09,190.19,51.7,52.23403834177655
2025-10-12 08:25:06.116349,89.32,56.48,144.32,107.24,52.499500127734116
2025-10-12 08:25:07.116349,67.43,46.18,62.03,27.18,51.783911071708864
2025-10-12 08:25:08.116348,12.41,26.13,189.08,73.73,52.357287644654946
2025-10-12 08:25:09.116348,16.61,43.44,254.75,103.95,52.70992998800987
2025-10-12 08:25:10.116348,71.39,40.89,55.92,31.31,51.7951274479223
2025-10-12 08:25:11.116347,57.14,40.33,255.94,18.01,52.14038028469287
2025-10-12 08:25:12.116347,20.81,23.04,299.33,90.38,52.705207912143436
2025-10-12 08:25:13.116346,62.2,56.7,201.66,122.53,52.725474483373986
2025-10-12 08:25:14.116346,78.87,53.41,71.2,20.04,51.76043301460192
2025-10-12 08:25:15.116345,74.0,26.9,159.64,10.97,51.87731077398702
2025-10-12 08:25:16.116345,30.92,61.73,181.55,114.59,52.6319551335739
2025-10-12 08:25:17.116344,31.95,27.53,140.74,106.78,52.472577396847775
2025-10-12 08:25:18.116344,92.27,57.56,61.26,52.01,51.95337317405545
2025-10-12 08:25:19.116343,85.43,65.84,146.63,57.78,52.181441601309885
2025-10-12 08:25:20.116343,37.06,88.17,267.91,30.38,52.27505813389987
2025-10-12 08:25:21.116342,80.04,20.74,118.36,119.03,52.501564093735695
2025-10-12 08:25:22.116342,23.75,79.81,82.99,23.34,51.8225941520848
2025-10-12 08:25:23.116342,26.73,20.41,207.75,69.96,52.36957824554256
2025-10-12 08:25:24.116341,25.4,63.76,183.31,80.23,52.40884771850422
2025-10-12 08:25:25.116341,17.46,71.98,259.68,117.99,52.82968589617993
2025-10-12 08:25:26.116340,82.65,88.98,191.53,112.54,52.65515426446892
2025-10-12 08:25:27.116340,59.2,71.14,281.85,90.2,52.69285715695653
2025-10-12 08:25:28.116339,32.01,45.17,272.15,12.1,52.13900604887588
2025-10-12 08:25:29.116339,82.14,88.97,238.01,80.27,52.541780472987526
2025-10-12 08:25:30.116338,78.22,20.03,108.23,37.62,51.93886315920877
2025-10-12 08:25:31.116338,18.58,81.38,81.35,143.09,52.61471475740985
2025-10-12 08:25:32.116337,64.75,60.17,91.49,61.62,52.0841767826679
2025-10-12 08:25:33.116337,71.36,32.04,260.67,83.44,52.58029969052884
2025-10-12 08:25:34.116336,70.85,71.39,112.5,78.31,52.24676344591579
2025-10-12 08:25:35.116336,71.47,91.38,165.25,38.91,52.11079179093376
2025-10-12 08:25:36.116336,24.4,24.28,171.76,67.81,52.27939958839866
2025-10-12 08:25:37.116335,36.78,69.89,241.78,113.31,52.758636446489355
2025-10-12 08:25:38.116335,81.76,68.72,260.75,68.35,52.500722725530274
2025-10-12 08:25:39.116334,86.36,69.16,224.91,146.25,52.940268957059665
2025-10-12 08:25:40.116334,33.73,40.88,239.05,44.85,52.28219456831404
2025-10-12 08:25:41.116333,11.96,67.31,186.86,117.57,52.66635537070941
2025-10-12 08:25:42.116333,83.08,30.45,146.41,109.9,52.507207934935835
2025-10-12 08:25:43.116332,42.05,44.28,146.51,135.84,52.68728725475723
2025-10-12 08:25:44.116332,38.0,50.06,145.38,147.28,52.763981216139925
2025-10-12 08:25:45.116331,39.49,75.94,156.63,20.55,51.96164709661921
2025-10-12 08:25:46.116331,45.33,41.33,195.69,112.27,52.635877818962726
2025-10-12 08:25:47.116330,42.15,95.99,109.32,121.97,52.54333092215838
2025-10-12 08:25:48.116330,58.15,71.05,249.33,102.81,52.705966964582615
2025-10-12 08:25:49.116330,16.71,91.82,158.82,58.47,52.22691360283342
2025-10-12 08:25:50.116329,92.58,58.98,122.35,105.36,52.44076047137211
2025-10-12 08:25:51.116329,89.6,66.77,85.35,51.98,52.01054820736878
2025-10-12 08:25:52.116328,89.42,29.59,182.8,34.31,52.08395292385854
2025-10-12 08:25:53.116328,84.74,77.54,131.53,128.49,52.624514857326254
2025-10-12 08:25:54.116327,66.13,46.05,102.35,130.04,52.55399405890633
2025-10-12 08:25:55.116327,28.79,87.96,165.23,69.9,52.31453262743285
2025-10-12 08:25:56.116326,14.21,93.21,155.05,40.33,52.099111045829744
2025-10-12 08:25:57.116326,18.44,37.94,108.81,140.34,52.631857255243
2025-10-12 08:25:58.116325,37.54,30.82,264.48,77.92,52.551247493534575
2025-10-12 08:25:59.116325,52.83,57.78,127.22,79.72,52.28047811220274
2025-10-12 08:26:00.116324,94.43,92.14,255.88,15.56,52.15281054417283
2025-10-12 08:26:01.116324,47.01,26.17,226.93,109.49,52.67675190062543
2025-10-12 08:26:02.116324,54.59,21.1,270.23,68.47,52.495590441352405
2025-10-12 08:26:03.116323,69.09,69.49,149.39,20.68,51.94321843912157
2025-10-12 08:26:04.116323,25.36,52.85,95.8,78.99,52.20474112988977
2025-10-12 08:26:05.116322,89.29,55.94,76.32,37.44,51.88843283461398
2025-10-12 08:26:06.116322,54.97,77.33,299.05,70.86,52.60524364838671
2025-10-12 08:26:07.116321,33.48,55.14,224.19,43.01,52.24568384062436
2025-10-12 08:26:08.116321,89.48,55.61,180.97,139.81,52.794682724337854
2025-10-12 08:26:09.116320,63.16,90.9,166.81,65.47,52.2901923313087
2025-10-12 08:26:10.116320,51.11,89.64,173.33,32.94,52.08772512123177
2025-10-12 08:26:11.116319,59.31,89.66,74.72,51.0,51.993721055314815
2025-10-12 08:26:12.116319,73.61,22.7,179.82,24.67,52.009673930506096
2025-10-12 08:26:13.116318,23.14,68.81,96.55,29.25,51.88511211442098
2025-10-12 08:26:14.116318,83.51,48.24,195.69,76.09,52.3995880119911
2025-10-12 08:26:15.116318,91.56,31.44,228.31,139.64,52.8827882461049
2025-10-12 08:26:16.116317,58.19,47.4,193.79,14.67,51.987343022182586
2025-10-12 08:26:17.116317,67.99,64.83,143.67,80.5,52.32525668682883
2025-10-12 08:26:18.116316,83.09,96.07,56.75,12.83,51.70496853588738
2025-10-12 08:26:19.116316,41.86,63.2,253.96,125.85,52.86456345717812
2025-10-12 08:26:20.116315,94.39,22.48,297.45,122.12,52.91148334388789
2025-10-12 08:26:21.116315,67.84,22.97,116.55,57.87,52.09294780219345
2025-10-12 08:26:22.116314,46.04,43.04,223.89,61.55,52.36135563780834
2025-10-12 08:26:23.116314,67.57,74.02,158.15,145.33,52.79206531341081
2025-10-12 08:26:24.116313,54.34,65.84,132.86,62.92,52.185689960195624
2025-10-12 08:26:25.116313,19.49,89.34,282.0,103.46,52.791316266352545
2025-10-12 08:26:26.116312,77.65,22.26,179.5,142.53,52.79099513641555
2025-10-12 08:26:27.116312,57.97,65.49,281.09,85.12,52.65434871768351
2025-10-12 08:26:28.116312,77.65,68.38,216.2,109.81,52.67908378421928
2025-10-12 08:26:29.116311,23.17,94.11,204.29,138.04,52.85493273799403
2025-10-12 08:26:30.116311,55.76,56.96,265.43,69.29,52.510570506649906
2025-10-12 08:26:31.116310,75.16,29.43,76.65,147.27,52.60336463016792
2025-10-12 08:26:32.116310,94.01,23.0,180.95,38.92,52.10687182246363
2025-10-12 08:26:33.116309,85.17,69.85,69.54,92.85,52.249232283654266
2025-10-12 08:26:34.116309,83.47,24.87,120.27,106.27,52.423313697298774
2025-10-12 08:26:35.116308,31.03,95.67,246.32,32.47,52.24627382588396
2025-10-12 08:26:36.116308,81.23,89.5,115.83,52.82,52.09487845376688
2025-10-12 08:26:37.116307,24.39,56.05,126.58,142.41,52.69421346433429
2025-10-12 08:26:38.116307,26.84,46.9,69.27,43.71,51.90972787470065
2025-10-12 08:26:39.116307,19.36,65.6,274.02,114.43,52.83361147823696
2025-10-12 08:26:40.116306,82.9,79.23,243.51,136.93,52.92435514929411
2025-10-12 08:26:41.116306,19.2,94.21,132.13,12.15,51.86291813744095
2025-10-12 08:26:42.116305,21.74,43.15,203.19,23.55,52.0643054857775
2025-10-12 08:26:43.116305,30.9,43.69,197.21,33.78,52.11953391853109
2025-10-12 08:26:44.116304,58.68,50.57,246.08,134.28,52.896397499567236
2025-10-12 08:26:45.116304,84.82,57.06,285.32,37.57,52.34323522714589
2025-10-12 08:26:46.116303,45.55,71.01,89.73,45.07,51.976543982985376
2025-10-12 08:26:47.116303,56.43,57.64,150.35,24.63,51.96492551703515
2025-10-12 08:26:48.116302,24.15,48.95,231.92,13.4,52.06247918641511
2025-10-12 08:26:49.116302,32.61,28.62,60.43,68.93,52.04777518225873
2025-10-12 08:26:50.116301,21.38,68.33,99.2,107.56,52.4103517902749
2025-10-12 08:26:51.116301,44.84,47.63,166.39,32.66,52.04744413378292
2025-10-12 08:26:52.116300,60.18,64.55,138.32,114.62,52.53995805417825
2025-10-12 08:26:53.116300,34.14,25.02,73.18,119.32,52.407875365001146
2025-10-12 08:26:54.116300,81.91,37.23,285.63,96.17,52.72181607275197
2025-10-12 08:26:55.116299,93.41,41.09,143.84,64.03,52.20310438570274
2025-10-12 08:26:56.116299,20.21,38.17,143.59,147.0,52.75162600778409
2025-10-12 08:26:57.116298,11.52,39.65,235.48,128.25,52.8273093113478
2025-10-12 08:26:58.116298,77.13,22.46,252.28,145.33,52.967548802888274
2025-10-12 08:26:59.116297,26.2,73.96,202.97,18.69,52.04871091449889
2025-10-12 08:27:00.116297,40.02,28.59,262.52,37.06,52.27455988996392
2025-10-12 08:27:01.116296,43.51,74.0,232.99,127.74,52.83763224273155
2025-10-12 08:27:02.116296,87.91,29.07,283.42,112.26,52.81927578184533
2025-10-12 08:27:03.116295,66.0,67.22,221.16,36.8,52.20461485913896
2025-10-12 08:27:04.116295,13.45,38.84,173.83,98.32,52.49448988030382
2025-10-12 08:27:05.116294,11.26,47.78,181.77,114.08,52.62128705348769
2025-10-12 08:27:06.116294,26.96,56.59,70.83,96.46,52.26861410459234
2025-10-12 08:27:07.116294,37.04,43.21,80.37,62.62,52.05726021245964
2025-10-12 08:27:08.116293,51.18,33.57,208.93,102.5,52.59543284669623
2025-10-12 08:27:09.116293,81.22,41.24,59.03,131.4,52.46638472933986
2025-10-12 08:27:10.116292,36.76,74.19,67.15,42.47,51.91208074695149
2025-10-12 08:27:11.116292,42.01,65.88,67.05,129.05,52.48188957896595
2025-10-12 08:27:12.116291,37.99,71.56,299.89,129.54,52.993326505428584
2025-10-12 08:27:13.116291,10.76,77.4,106.27,146.94,52.692104865254954
2025-10-12 08:27:14.116290,91.19,32.54,198.87,22.3,52.04073673542958
2025-10-12 08:27:15.116290,21.81,48.6,272.35,55.73,52.430928837562846
2025-10-12 08:27:16.116289,34.45,26.21,160.84,35.17,52.0401498754961
2025-10-12 08:27:17.116289,20.99,94.22,86.79,97.4,52.33040326573558
2025-10-12 08:27:18.116289,51.7,21.03,268.09,35.22,52.27022308392266
2025-10-12 08:27:19.116288,89.23,55.02,220.79,66.1,52.39149543912818
2025-10-12 08:27:20.116288,18.56,64.49,262.2,145.78,53.01543279566214
2025-10-12 08:27:21.116287,47.48,59.14,87.8,64.22,52.09285698276291
2025-10-12 08:27:22.116287,11.9,28.36,182.29,54.12,52.21364537880726
2025-10-12 08:27:23.116286,75.53,52.51,271.17,15.9,52.166184988142675
2025-10-12 08:27:24.116286,64.5,96.28,136.53,60.18,52.192397744794086
2025-10-12 08:27:25.116285,69.47,70.55,205.5,105.14,52.626087159199905
2025-10-12 08:27:26.116285,50.15,75.83,295.24,54.69,52.48882192423895
2025-10-12 08:27:27.116284,87.15,50.48,105.22,58.02,52.08467247071326
2025-10-12 08:27:28.116284,44.81,20.21,290.59,27.91,52.27005102966737
2025-10-12 08:27:29.116283,53.7,37.01,83.49,61.83,52.05533502423493
2025-10-12 08:27:30.116283,69.1,56.23,278.53,34.35,52.306674365411794
2025-10-12 08:27:31.116283,54.25,24.33,74.88,68.79,52.075801217961526
2025-10-12 08:27:32.116282,26.09,38.58,160.36,59.86,52.209862503912284
2025-10-12 08:27:33.116282,36.95,87.82,280.17,74.05,52.591301504459544
2025-10-12 08:27:34.116281,17.85,56.72,174.11,30.81,52.05696653503469
2025-10-12 08:27:35.116281,46.77,72.35,128.83,119.96,52.55915616451122
2025-10-12 08:27:36.116280,61.8,96.07,177.02,69.64,52.3428907476207
2025-10-12 08:27:37.116280,20.08,35.55,189.92,113.36,52.62738198526417
2025-10-12 08:27:38.116279,63.6,70.84,124.39,85.7,52.32129552579175
2025-10-12 08:27:39.116279,85.89,98.95,193.48,132.65,52.7984040452717
2025-10-12 08:27:40.116278,38.71,27.45,84.78,64.08,52.06774854058026
2025-10-12 08:27:41.116278,28.87,92.59,160.05,115.1,52.605874262527394
2025-10-12 08:27:42.116278,85.91,90.04,159.7,100.08,52.504005873210815
2025-10-12 08:27:43.116277,68.82,31.06,151.29,147.47,52.76749138299741
2025-10-12 08:27:44.116277,18.96,91.03,78.68,91.59,52.27247616087153
2025-10-12 08:27:45.116276,44.69,62.25,53.11,34.02,51.818901837040514
2025-10-12 08:27:46.116276,67.3,33.9,288.17,134.44,52.979478355338934
2025-10-12 08:27:47.116275,58.82,64.55,258.68,139.7,52.96747721062236
2025-10-12 08:27:48.116275,62.58,41.74,262.64,19.63,52.16644907286853
2025-10-12 08:27:49.116274,58.21,77.16,253.58,30.0,52.23532975298102
2025-10-12 08:27:50.116274,77.84,60.43,222.14,43.44,52.247034218440966
2025-10-12 08:27:51.116273,37.24,75.51,191.98,69.29,52.36157826678587
2025-10-12 08:27:52.116273,70.22,45.81,99.2,139.49,52.609749778725465
2025-10-12 08:27:53.116272,94.24,93.94,263.98,64.08,52.49341739952712
2025-10-12 08:27:54.116272,43.15,26.49,220.14,55.35,52.30286470031046
2025-10-12 08:27:55.116272,77.24,97.59,133.29,51.07,52.12563413261033
2025-10-12 08:27:56.116271,30.92,90.02,82.04,17.34,51.78639018971605
2025-10-12 08:27:57.116271,33.96,24.19,282.02,115.21,52.83310423435083
2025-10-12 08:27:58.116270,89.46,85.42,206.61,142.41,52.88413513477046
2025-10-12 08:27:59.116270,12.2,67.64,143.26,57.79,52.175199842773296
2025-10-12 08:28:00.116269,28.48,29.68,200.6,72.92,52.378872986988405
2025-10-12 08:28:01.116269,51.05,31.95,276.68,107.79,52.77659071905111
2025-10-12 08:28:02.116268,44.16,73.92,196.77,18.36,52.033050720976846
2025-10-12 08:28:03.116268,63.48,71.47,235.18,22.37,52.14161342849365
2025-10-12 08:28:04.116267,26.38,48.98,139.73,29.13,51.96694085627479
2025-10-12 08:28:05.116267,16.0,25.93,206.62,91.83,52.515353536338544
2025-10-12 08:28:06.116267,41.39,97.66,74.58,121.16,52.46353348803624
2025-10-12 08:28:07.116266,54.57,88.45,193.42,136.15,52.815663021725065
2025-10-12 08:28:08.116266,57.77,32.0,90.05,112.8,52.40507443141913
2025-10-12 08:28:09.116265,61.13,94.26,234.47,57.96,52.38896921121753
2025-10-12 08:28:10.116265,56.64,71.45,243.92,112.7,52.76009718708573
2025-10-12 08:28:11.116264,30.89,91.79,164.86,27.55,52.03477541053939
2025-10-12 08:28:12.116264,74.99,84.89,90.01,118.35,52.47124644335735
2025-10-12 08:28:13.116263,17.46,56.01,296.65,104.21,52.80952845964778
2025-10-12 08:28:14.116263,26.86,48.18,110.7,116.41,52.482824936983924
2025-10-12 08:28:15.116262,72.85,63.58,165.72,32.16,52.051545190129104
2025-10-12 08:28:16.116262,33.78,25.22,183.93,61.84,52.26669490556897
2025-10-12 08:28:17.116262,51.95,75.49,282.3,81.99,52.641761683028
2025-10-12 08:28:18.116261,37.81,33.66,62.83,97.45,52.24507730723067
2025-10-12 08:28:19.116261,53.09,92.81,216.33,33.88,52.18899361073315
2025-10-12 08:28:20.116260,39.47,64.28,177.9,111.91,52.60766922052372
2025-10-12 08:28:21.116260,94.51,43.38,293.39,122.55,52.91715780582605
2025-10-12 08:28:22.116259,40.39,83.88,214.05,39.98,52.219567547027424
2025-10-12 08:28:23.116259,63.3,44.75,129.38,125.39,52.58103540098867
2025-10-12 08:28:24.116258,85.51,86.42,75.42,19.38,51.783568779857724
2025-10-12 08:28:25.116258,64.22,95.77,216.75,48.89,52.29117553663121
2025-10-12 08:28:26.116257,58.1,65.76,130.08,104.67,52.456718674606385
2025-10-12 08:28:27.116257,58.38,81.0,299.8,103.31,52.824289022175265
2025-10-12 08:28:28.116257,52.2,44.16,183.17,111.52,52.605318618868054
2025-10-12 08:28:29.116256,78.64,45.79,157.44,112.21,52.55499722504413
2025-10-12 08:28:30.116256,14.29,67.27,253.76,135.34,52.929380773547024
2025-10-12 08:28:31.116255,85.24,96.39,65.53,94.3,52.26492262704823
2025-10-12 08:28:32.116255,59.83,51.6,254.54,148.96,53.01275409251934
2025-10-12 08:28:33.116254,82.15,98.02,62.95,52.02,51.97961272723405
2025-10-12 08:28:34.116254,10.88,69.51,66.04,50.94,51.96328678967232
2025-10-12 08:28:35.116253,83.89,88.67,68.94,97.73,52.290789849183064
2025-10-12 08:28:36.116253,20.21,66.98,249.21,142.57,52.96733753129061
2025-10-12 08:28:37.116252,71.3,49.3,227.38,71.09,52.43572662601674
2025-10-12 08:28:38.116252,45.4,36.05,164.3,90.1,52.41770969811804
2025-10-12 08:28:39.116252,67.89,54.5,77.25,117.24,52.41929724996943
2025-10-12 08:28:40.116251,63.4,76.46,265.5,104.55,52.75559761419657
2025-10-12 08:28:41.116251,23.89,38.04,241.26,40.24,52.254810660674565
2025-10-12 08:28:42.116250,53.74,95.02,206.29,70.05,52.40851389200037
2025-10-12 08:28:43.116246,33.56,32.61,245.55,85.75,52.563153747594484
2025-10-12 08:28:44.116246,57.64,41.06,188.89,116.21,52.64712912251741
2025-10-12 08:28:45.116245,72.73,93.12,86.43,57.57,52.064650951663644
2025-10-12 08:28:46.116245,16.91,54.58,206.84,143.71,52.876106285443996
2025-10-12 08:28:47.116244,53.84,79.75,194.34,111.82,52.65133572945466
2025-10-12 08:28:48.116244,62.5,95.13,214.67,141.18,52.898854952454755
2025-10-12 08:28:49.116243,35.11,95.02,97.07,84.55,52.26785741661193
2025-10-12 08:28:50.116243,91.01,87.05,96.16,124.65,52.52760159530245
2025-10-12 08:28:51.116242,54.23,36.37,276.48,108.25,52.78166884827287
2025-10-12 08:28:52.116242,25.51,53.65,134.79,57.98,52.15030712566344
2025-10-12 08:28:53.116241,19.16,77.34,200.58,106.25,52.62656030193334
2025-10-12 08:28:54.116241,56.04,21.75,170.19,142.9,52.772974000052464
2025-10-12 08:28:55.116240,41.9,58.34,107.27,59.9,52.10596926874332
2025-10-12 08:28:56.116240,26.37,74.29,141.46,62.22,52.20439781177477
2025-10-12 08:28:57.116240,12.61,92.24,180.5,80.85,52.42271117060772
2025-10-12 08:28:58.116239,58.16,86.21,141.19,29.83,51.99546438457038
2025-10-12 08:28:59.116239,60.88,91.69,159.89,71.52,52.315777513671115
2025-10-12 08:29:00.116238,22.05,96.94,69.3,70.86,52.117829737528545
2025-10-12 08:29:01.116238,61.15,79.38,57.89,124.37,52.43846960654165
2025-10-12 08:29:02.116237,90.92,56.14,68.58,87.46,52.203748797449705
2025-10-12 08:29:03.116237,93.16,61.6,252.8,132.84,52.9075513811822
2025-10-12 08:29:04.116236,85.52,44.56,115.73,82.25,52.26499446662705
2025-10-12 08:29:05.116236,78.6,34.7,212.29,117.52,52.70303992552782
2025-10-12 08:29:06.116235,27.8,70.32,109.02,55.28,52.08576551861949
2025-10-12 08:29:07.116235,23.3,88.86,125.01,149.89,52.758706369675984
2025-10-12 08:29:08.116235,47.82,51.39,155.11,128.09,52.65845743454119
2025-10-12 08:29:09.116234,62.67,29.5,207.22,68.57,52.36425968472943
2025-10-12 08:29:10.116234,82.31,31.12,250.29,22.36,52.15187390652245
2025-10-12 08:29:11.116233,29.72,75.48,114.23,148.63,52.7195187150583
2025-10-12 08:29:12.116233,50.77,53.88,112.42,29.55,51.91321951071415
2025-10-12 08:29:13.116232,65.03,98.45,164.11,108.5,52.574134690484534
2025-10-12 08:29:14.116232,47.88,96.34,238.39,105.79,52.7160858323972
2025-10-12 08:29:15.116231,48.61,51.03,222.28,98.72,52.609012977512975
2025-10-12 08:29:16.116231,29.13,85.36,52.25,38.97,51.86274656815241
2025-10-12 08:29:17.116230,93.87,65.17,93.33,53.45,52.03672326708731
2025-10-12 08:29:18.116230,50.39,48.92,202.91,44.83,52.20814753523629
2025-10-12 08:29:19.116229,55.28,90.2,255.0,80.16,52.57858556639244
2025-10-12 08:29:20.116229,28.58,60.97,65.63,133.62,52.50641022238655
2025-10-12 08:29:21.116229,53.7,38.28,132.77,142.19,52.69629393454156
2025-10-12 08:29:22.116228,31.7,48.6,298.3,60.45,52.518541400160956
2025-10-12 08:29:23.116228,27.2,76.17,215.83,145.36,52.91856713944439
2025-10-12 08:29:24.116227,33.44,62.67,69.97,98.39,52.28294083378653
2025-10-12 08:29:25.116227,10.23,50.91,89.57,120.6,52.46632295619743
2025-10-12 08:29:26.116226,58.46,70.76,151.57,77.14,52.32338945130837
2025-10-12 08:29:27.116226,42.94,60.82,256.12,46.66,52.34232483706803
2025-10-12 08:29:28.116225,86.39,67.42,130.95,72.85,52.24833352090137
2025-10-12 08:29:29.116225,13.46,86.0,89.08,26.34,51.85915827502165
2025-10-12 08:29:30.116224,13.67,91.46,138.24,79.26,52.3200630869442
2025-10-12 08:29:31.116224,85.3,84.83,275.23,115.99,52.85728748062215
2025-10-12 08:29:32.116223,20.76,97.1,134.2,127.7,52.63594373183087
2025-10-12 08:29:33.116223,10.18,70.64,249.54,79.91,52.55420255687666
2025-10-12 08:29:34.116223,25.21,93.66,141.97,62.6,52.21880151764197
2025-10-12 08:29:35.116222,80.03,95.76,207.21,38.39,52.20078734935879
2025-10-12 08:29:36.116222,78.23,92.21,223.34,118.39,52.764773899657094
2025-10-12 08:29:37.116221,38.91,38.21,258.54,93.21,52.643957508475886
2025-10-12 08:29:38.116221,66.78,77.29,257.61,24.05,52.20465173182271
2025-10-12 08:29:39.116220,53.12,73.86,151.53,111.51,52.55314766355891
2025-10-12 08:29:40.116220,86.9,46.45,223.09,111.38,52.6922489440245
2025-10-12 08:29:41.116219,14.8,74.05,213.92,42.59,52.2311403057734
2025-10-12 08:29:42.116219,79.12,94.63,126.26,67.86,52.22017812590059
2025-10-12 08:29:43.116218,24.5,85.96,204.07,17.46,52.049608552300775
2025-10-12 08:29:44.116218,43.29,74.69,70.84,132.04,52.51485616654508
2025-10-12 08:29:45.116217,26.32,27.99,144.68,61.5,52.1808467830893
2025-10-12 08:29:46.116217,69.72,86.17,200.33,51.84,52.26980022977706
2025-10-12 08:29:47.116217,67.66,35.06,90.7,111.88,52.40208030216911
2025-10-12 08:29:48.116216,56.57,78.94,272.08,105.79,52.779479223378424
2025-10-12 08:29:49.116216,69.34,33.98,254.76,92.49,52.628626869172486
2025-10-12 08:29:50.116215,64.36,69.96,156.73,30.38,52.0237810107015
2025-10-12 08:29:51.116215,76.0,57.2,230.87,101.64,52.65045744510633
2025-10-12 08:29:52.116214,30.35,47.49,254.6,42.24,52.302276195336546
2025-10-12 08:29:53.116214,46.46,75.67,92.03,21.12,51.82516408803535
2025-10-12 08:29:54.116213,22.89,54.21,163.87,82.79,52.37836140432438
2025-10-12 08:29:55.116213,46.52,20.88,92.99,117.55,52.436791938209176
2025-10-12 08:29:56.116212,69.64,51.17,90.16,53.29,52.02099755418336
2025-10-12 08:29:57.116212,68.77,45.41,66.48,78.37,52.13289279915046
2025-10-12 08:29:58.116212,70.3,68.18,151.71,26.69,51.98741128012586
2025-10-12 08:29:59.116211,36.25,60.39,118.14,25.14,51.89997749493986
2025-10-12 08:30:00.116211,66.29,44.02,265.26,143.64,52.99647895411795
2025-10-12 08:30:01.116210,41.23,22.58,187.49,41.9,52.140602146244746
2025-10-12 08:30:02.116210,90.28,97.98,228.58,113.57,52.74735786670701
2025-10-12 08:30:03.116209,39.19,49.05,178.58,13.17,51.94531494655284
2025-10-12 08:30:04.116209,61.26,85.31,134.84,78.69,52.30548415682167
2025-10-12 08:30:05.116208,73.76,40.69,171.31,79.81,52.367198678217626
2025-10-12 08:30:06.116208,87.04,67.0,82.45,113.84,52.41496312841567
2025-10-12 08:30:07.116207,47.22,83.84,188.83,106.73,52.607876562353105
2025-10-12 08:30:08.116207,40.64,40.37,227.5,69.95,52.42345280387841
2025-10-12 08:30:09.116207,46.55,51.23,248.18,99.74,52.67207072055283
2025-10-12 08:30:10.116206,37.51,35.15,209.66,95.62,52.55223122775451
2025-10-12 08:30:11.116206,65.58,73.24,263.23,85.4,52.62178044600634
2025-10-12 08:30:12.116205,89.28,76.29,67.23,58.49,52.01975037738083
2025-10-12 08:30:13.116205,20.72,53.8,299.54,18.43,52.245228634872134
2025-10-12 08:30:14.116204,57.68,37.4,178.54,16.61,51.9615793340079
2025-10-12 08:30:15.116204,86.3,48.3,277.6,50.97,52.41055602880142
2025-10-12 08:30:16.116203,18.51,30.28,224.84,145.7,52.91483800530336
2025-10-12 08:30:17.116203,51.98,21.17,51.95,126.2,52.40535013974947
2025-10-12 08:30:18.116202,83.54,45.79,280.26,130.02,52.93959964585394
2025-10-12 08:30:19.116202,86.54,52.5,168.3,20.91,51.97630896308429
2025-10-12 08:30:20.116202,53.72,58.59,237.15,48.8,52.31414238346208
2025-10-12 08:30:21.116201,12.12,72.39,256.18,37.93,52.29094855320321
2025-10-12 08:30:22.116201,18.98,92.7,64.64,55.41,52.002818921215024
2025-10-12 08:30:23.116200,59.87,38.94,126.22,146.78,52.712919013149516
2025-10-12 08:30:24.116200,20.53,51.01,287.42,117.22,52.873077257894906
2025-10-12 08:30:25.116199,22.7,26.2,211.0,112.03,52.65907524230188
2025-10-12 08:30:26.116199,75.63,96.29,224.86,120.66,52.78540685907522
2025-10-12 08:30:27.116198,73.81,88.0,206.89,41.65,52.217413706428395
2025-10-12 08:30:28.116198,81.64,62.21,274.63,73.29,52.55999443458706
2025-10-12 08:30:29.116197,18.99,45.22,90.5,69.11,52.123425522403586
2025-10-12 08:30:30.116197,26.84,43.05,55.84,120.66,52.38918908125125
2025-10-12 08:30:31.116196,80.8,32.33,243.79,138.81,52.91135026050033
2025-10-12 08:30:32.116196,71.29,38.16,215.68,146.33,52.90353518372303
2025-10-12 08:30:33.116196,78.51,63.33,275.61,73.89,52.56672539973581
2025-10-12 08:30:34.116195,94.13,96.5,168.12,107.2,52.57311916711207
2025-10-12 08:30:35.116195,83.48,47.95,208.35,128.13,52.77228569108612
2025-10-12 08:30:36.116194,54.24,25.71,53.45,84.97,52.13747754130545
2025-10-12 08:30:37.116194,36.42,79.37,226.2,116.14,52.74890068495319
2025-10-12 08:30:38.116193,58.42,96.95,267.57,72.29,52.55736986180293
2025-10-12 08:30:39.116193,64.28,50.35,284.24,10.19,52.15543354947042
2025-10-12 08:30:40.116192,38.5,67.93,203.27,60.08,52.32072074949412
2025-10-12 08:30:41.116192,75.53,20.44,111.76,79.89,52.227302053992396
2025-10-12 08:30:42.116191,17.88,66.58,105.5,110.69,52.44381726932379
2025-10-12 08:30:43.116191,76.25,71.92,84.65,122.76,52.48167563977455
2025-10-12 08:30:44.116190,12.72,88.91,56.67,103.94,52.305526986989186
2025-10-12 08:30:45.116190,52.33,54.4,95.82,147.8,52.66235229442167
2025-10-12 08:30:46.116190,83.22,73.97,87.04,67.71,52.12262219943399
2025-10-12 08:30:47.116189,17.35,98.64,252.26,114.14,52.802869633462215
2025-10-12 08:30:48.116189,54.01,98.31,196.08,10.34,51.99189178711575
2025-10-12 08:30:49.116188,23.55,47.94,295.43,27.72,52.294713818135186
2025-10-12 08:30:50.116188,86.06,57.86,166.36,53.93,52.194243121878884
2025-10-12 08:30:51.116187,80.75,64.06,62.87,128.57,52.46862494125484
2025-10-12 08:30:52.116187,89.38,40.3,181.01,71.37,52.33200287222437
2025-10-12 08:30:53.116186,84.37,54.9,213.24,145.15,52.899723325417206
2025-10-12 08:30:54.116186,72.61,94.85,243.85,37.39,52.27311529848172
2025-10-12 08:30:55.116185,25.72,96.96,275.47,46.78,52.405195457457516
2025-10-12 08:30:56.116185,35.71,73.84,139.72,37.72,52.037762128929764
2025-10-12 08:30:57.116184,52.23,95.17,211.97,124.15,52.77998949590982
2025-10-12 08:30:58.116184,60.06,77.52,226.58,111.1,52.71524428178518
2025-10-12 08:30:59.116184,76.49,53.49,117.6,94.47,52.35512469965252
2025-10-12 08:31:00.116183,29.29,91.66,132.36,31.54,51.99069370719142
2025-10-12 08:31:01.116183,20.9,26.31,160.57,136.73,52.713693616046754
2025-10-12 08:31:02.116182,51.02,88.52,190.72,80.4,52.439821983018774
2025-10-12 08:31:03.116182,23.42,53.88,283.67,86.39,52.66191536288807
2025-10-12 08:31:04.116181,68.97,41.99,258.77,52.64,52.37728807485122
2025-10-12 08:31:05.116181,58.93,83.94,130.77,29.39,51.968680477059976
2025-10-12 08:31:06.116180,72.99,39.42,73.08,79.79,52.153300683186195
2025-10-12 08:31:07.116180,15.39,81.24,153.21,138.89,52.74262344453125
2025-10-12 08:31:08.116179,92.0,88.59,259.4,43.44,52.3435155636173
2025-10-12 08:31:09.116179,10.0,94.3,177.5,76.03,52.38535890835639
2025-10-12 08:31:10.116179,37.66,35.52,268.54,119.6,52.83930649685262
2025-10-12 08:31:11.116178,67.77,36.97,244.88,56.55,52.37031981394728
2025-10-12 08:31:12.116178,13.84,43.2,221.63,98.79,52.60371197249037
2025-10-12 08:31:13.116177,17.08,70.31,134.32,133.59,52.66039401538989
2025-10-12 08:31:14.116177,16.52,88.8,64.51,137.83,52.54740519535944
2025-10-12 08:31:15.116176,59.43,51.53,179.59,107.28,52.573511838264025
2025-10-12 08:31:16.116176,86.15,61.35,186.01,35.59,52.11707881712731
2025-10-12 08:31:17.116175,57.21,32.77,226.57,144.45,52.91167901090177
2025-10-12 08:31:18.116175,61.3,96.19,130.98,128.77,52.63555519543214
2025-10-12 08:31:19.116174,39.41,61.7,274.03,62.5,52.48679398164597
2025-10-12 08:31:20.116174,11.59,86.55,252.73,70.14,52.50512680163171
2025-10-12 08:31:21.116173,11.84,54.32,289.47,120.32,52.89994030402894
2025-10-12 08:31:22.116173,85.51,81.64,114.1,143.17,52.686424415568915
2025-10-12 08:31:23.116172,18.72,96.69,167.95,78.89,52.384957087060066
2025-10-12 08:31:24.116172,94.98,73.91,59.4,28.54,51.80265924616836
2025-10-12 08:31:25.116172,23.98,38.04,177.59,76.73,52.35890312028956
2025-10-12 08:31:26.116171,67.34,57.48,250.23,50.52,52.35331111634262
2025-10-12 08:31:27.116171,90.66,68.06,85.32,37.36,51.914164934439285
2025-10-12 08:31:28.116170,40.79,48.46,153.34,56.5,52.17783146563828
2025-10-12 08:31:29.116170,72.43,77.58,282.55,34.51,52.3283324622824
2025-10-12 08:31:30.116169,39.82,90.23,93.16,17.98,51.81487385839021
2025-10-12 08:31:31.116169,35.92,59.14,103.86,110.46,52.434594770650556
2025-10-12 08:31:32.116168,27.15,50.72,284.38,15.45,52.19085469144764
2025-10-12 08:31:33.116168,79.78,20.71,165.81,148.87,52.8025193962065
2025-10-12 08:31:34.116167,31.88,27.64,112.4,80.13,52.234288435847745
2025-10-12 08:31:35.116167,34.07,96.93,292.67,19.53,52.26162157863883
2025-10-12 08:31:36.116166,94.91,40.17,264.33,26.06,52.21191844405075
2025-10-12 08:31:37.116166,37.82,97.39,59.33,58.58,52.01495057339079
2025-10-12 08:31:38.116166,45.94,76.45,217.74,61.64,52.367199510835874
2025-10-12 08:31:39.116165,94.15,59.62,112.45,71.33,52.193779794871396
2025-10-12 08:31:40.116165,41.39,30.23,195.14,69.51,52.34470348332216
2025-10-12 08:31:41.116164,41.12,51.82,108.1,88.46,52.29370084032849
2025-10-12 08:31:42.116164,80.36,29.05,169.38,60.97,52.23149250826649
2025-10-12 08:31:43.116163,36.51,98.55,69.33,126.68,52.4892787793428
2025-10-12 08:31:44.116163,29.87,32.12,84.82,103.21,52.33014670894197
2025-10-12 08:31:45.116162,45.97,46.17,112.46,24.39,51.874769315273596
2025-10-12 08:31:46.116162,69.55,63.31,133.37,15.5,51.87065283285654
2025-10-12 08:31:47.116161,13.68,80.83,97.95,31.37,51.90890618185152
2025-10-12 08:31:48.116161,41.78,88.82,186.78,46.66,52.20750406604223
2025-10-12 08:31:49.116160,39.43,80.63,290.79,143.34,53.070227696561965
2025-10-12 08:31:50.116160,30.81,77.06,142.47,51.69,52.138239725930106
2025-10-12 08:31:51.116160,65.61,68.22,294.63,26.47,52.29596375737804
2025-10-12 08:31:52.116159,34.65,74.69,242.81,79.99,52.54238929318269
2025-10-12 08:31:53.116159,61.57,45.45,286.9,21.67,52.2346722199714
2025-10-12 08:31:54.116158,52.87,96.48,51.85,31.35,51.81748951116195
2025-10-12 08:31:55.116158,28.46,91.77,91.21,137.16,52.602522189256284
2025-10-12 08:31:56.116157,32.66,38.66,164.09,74.31,52.31390479499582
2025-10-12 08:31:57.116157,24.5,42.62,88.54,36.71,51.90268277778792
2025-10-12 08:31:58.116156,14.81,55.41,272.44,63.13,52.48402765813104
2025-10-12 08:31:59.116156,62.63,86.34,97.94,46.62,52.01316692098141
2025-10-12 08:32:00.116155,67.19,85.06,176.03,113.62,52.626522602526784
2025-10-12 08:32:01.116155,24.11,88.26,130.31,142.97,52.7239387763007
2025-10-12 08:32:02.116155,62.31,82.43,110.55,78.05,52.24694973931688
2025-10-12 08:32:03.116154,93.48,53.58,254.61,49.05,52.35088502051561
2025-10-12 08:32:04.116154,16.32,66.03,214.83,101.18,52.61752598472744
2025-10-12 08:32:05.116153,51.68,45.55,99.04,42.89,51.96810486808133
2025-10-12 08:32:06.116153,72.31,33.06,280.13,57.86,52.4532959297323
2025-10-12 08:32:07.116152,13.91,23.45,119.98,143.38,52.668201141371895
2025-10-12 08:32:08.116152,76.15,43.99,126.59,143.95,52.69774754620606
2025-10-12 08:32:09.116151,93.26,54.78,267.11,55.97,52.42459420709215
2025-10-12 08:32:10.116151,17.52,43.74,141.97,81.26,52.31488147755261
2025-10-12 08:32:11.116150,79.89,86.35,76.85,31.97,51.87019378987198
2025-10-12 08:32:12.116150,42.18,31.15,111.52,23.72,51.859928035262854
2025-10-12 08:32:13.116149,22.25,49.99,256.6,21.58,52.17088039273433
2025-10-12 08:32:14.116149,51.92,63.06,58.98,117.71,52.387551361732406
2025-10-12 08:32:15.116149,16.08,26.38,181.74,38.3,52.10635052303192
2025-10-12 08:32:16.116148,54.38,91.53,76.7,27.97,51.846201251585256
2025-10-12 08:32:17.116148,11.65,55.04,77.94,33.42,51.864764384001944
2025-10-12 08:32:18.116147,71.93,71.7,86.34,132.81,52.551922659695016
2025-10-12 08:32:19.116147,51.48,52.41,101.74,29.23,51.88711316669683
2025-10-12 08:32:20.116146,49.01,69.23,233.3,50.33,52.321865683336206
2025-10-12 08:32:21.116146,26.68,44.86,101.29,23.24,51.842180305060246
2025-10-12 08:32:22.116145,40.71,33.23,163.76,77.16,52.32908437374951
2025-10-12 08:32:23.116145,25.46,98.1,228.59,120.96,52.79649519805341
2025-10-12 08:32:24.116144,72.51,59.36,139.31,69.44,52.239349619081594
2025-10-12 08:32:25.116144,26.92,20.83,277.6,71.52,52.53166906501697
2025-10-12 08:32:26.116143,62.42,81.75,113.8,40.84,52.00665053700714
2025-10-12 08:32:27.116143,33.77,88.88,168.28,35.67,52.09446854523282
2025-10-12 08:32:28.116143,65.84,28.21,80.04,96.8,52.275059453443
2025-10-12 08:32:29.116142,55.94,44.86,225.49,137.37,52.86907073898267
2025-10-12 08:32:30.116142,45.99,78.14,134.38,102.64,52.45945867725349
2025-10-12 08:32:31.116141,67.21,77.73,276.11,68.84,52.542302660353755
2025-10-12 08:32:32.116141,45.34,36.3,149.12,65.97,52.22476811196946
2025-10-12 08:32:33.116140,79.82,33.68,61.36,84.15,52.153625313507966
2025-10-12 08:32:34.116140,72.02,35.27,117.32,135.41,52.61610857894129
2025-10-12 08:32:35.116139,55.95,89.73,222.05,105.54,52.675308328701
2025-10-12 08:32:36.116139,84.55,25.42,175.46,132.15,52.715096242848716
2025-10-12 08:32:37.116138,80.45,51.76,257.49,20.91,52.16934849985856
2025-10-12 08:32:38.116138,55.21,96.91,119.66,91.94,52.3669549210458
2025-10-12 08:32:39.116137,15.82,36.09,211.65,106.95,52.63226985316311
2025-10-12 08:32:40.116137,58.11,66.4,80.54,61.89,52.06568421544864
2025-10-12 08:32:41.116137,40.2,88.18,211.41,77.85,52.467584156312974
2025-10-12 08:32:42.116136,55.91,93.0,136.35,71.09,52.26259450835544
2025-10-12 08:32:43.116136,65.01,84.8,201.15,132.21,52.80424820032939
2025-10-12 08:32:44.116135,64.81,87.03,297.38,23.03,52.28956035828555
2025-10-12 08:32:45.116135,67.25,36.5,73.84,134.99,52.51969801064679
2025-10-12 08:32:46.116134,67.74,42.39,213.2,125.2,52.76026526134026
2025-10-12 08:32:47.116134,19.29,85.25,243.71,108.61,52.740172406464964
2025-10-12 08:32:48.116133,26.3,52.14,74.79,37.7,51.88472605601346
2025-10-12 08:32:49.116133,63.6,72.99,203.73,119.13,52.71645980886871
2025-10-12 08:32:50.116133,44.69,59.13,287.34,64.24,52.525782136007685
2025-10-12 08:32:51.116132,74.84,42.79,238.51,105.18,52.68250793905457
2025-10-12 08:32:52.116132,20.62,87.53,234.64,58.63,52.39004100892539
2025-10-12 08:32:53.116131,26.28,60.81,263.81,138.57,52.96902350253773
2025-10-12 08:32:54.116131,57.47,64.07,119.98,79.94,52.26973397297725
2025-10-12 08:32:55.116130,52.56,39.56,145.94,90.24,52.380769048034274
2025-10-12 08:32:56.116130,32.64,23.73,193.06,11.66,51.9526142535931
2025-10-12 08:32:57.116129,44.71,85.06,72.49,92.93,52.26462295983219
2025-10-12 08:32:58.116129,12.97,90.86,78.54,107.86,52.3800651305955
2025-10-12 08:32:59.116128,13.15,74.29,76.15,144.81,52.61090793202849
2025-10-12 08:33:00.116128,18.07,96.43,109.23,53.38,52.08813513520138
2025-10-12 08:33:01.116127,59.03,80.75,89.24,116.67,52.45612278653112
2025-10-12 08:33:02.116127,83.42,51.81,276.06,29.75,52.268327067651605
2025-10-12 08:33:03.116126,32.12,87.72,232.05,28.79,52.18647508934226
2025-10-12 08:33:04.116126,12.88,80.34,214.91,128.23,52.80519623429155
2025-10-12 08:33:05.116126,70.23,22.6,171.92,92.09,52.43996319812952
2025-10-12 08:33:06.116125,82.7,67.62,157.08,28.07,52.007906502725014
2025-10-12 08:33:07.116125,21.74,46.43,106.76,133.46,52.586469859429265
2025-10-12 08:33:08.116124,42.79,93.48,202.69,53.64,52.290932474327995
2025-10-12 08:33:09.116124,23.49,61.25,191.03,109.92,52.621254318946626
2025-10-12 08:33:10.116123,19.04,97.36,194.59,63.07,52.338110932993466
2025-10-12 08:33:11.116123,65.09,29.68,69.14,93.65,52.23132816730876
2025-10-12 08:33:12.116122,92.24,44.02,253.82,100.19,52.683279626808314
2025-10-12 08:33:13.116122,67.64,21.82,107.5,18.23,51.80958031765875
2025-10-12 08:33:14.116121,93.71,55.52,120.83,61.38,52.14363492328696
2025-10-12 08:33:15.116121,46.92,64.55,251.44,106.05,52.72843212444813
2025-10-12 08:33:16.116120,86.32,70.24,172.33,110.31,52.58828400009601
2025-10-12 08:33:17.116120,27.43,61.46,66.12,80.52,52.15531044037992
2025-10-12 08:33:18.116120,20.02,68.08,110.1,89.51,52.31405317554974
2025-10-12 08:33:19.116119,69.71,37.43,210.05,44.73,52.21657851759293
2025-10-12 08:33:20.116119,41.57,84.72,180.57,125.85,52.71735354570208
2025-10-12 08:33:21.116118,37.0,66.71,169.47,66.49,52.289275031840525
2025-10-12 08:33:22.116118,67.06,23.84,141.61,97.01,52.40756627217112
2025-10-12 08:33:23.116117,38.35,39.79,232.98,94.51,52.598025716576856
2025-10-12 08:33:24.116117,58.67,61.22,282.77,66.17,52.529842346569005
2025-10-12 08:33:25.116116,35.45,75.21,275.52,26.8,52.260593339871534
2025-10-12 08:33:26.116116,76.62,25.01,244.16,104.12,52.67783635238991
2025-10-12 08:33:27.116115,36.55,28.61,269.98,57.96,52.42946901449439
2025-10-12 08:33:28.116115,55.47,72.81,201.77,58.57,52.3101598231001
2025-10-12 08:33:29.116114,11.97,38.04,221.85,120.1,52.74275734658788
2025-10-12 08:33:30.116114,77.3,74.74,175.24,138.15,52.781878611971244
2025-10-12 08:33:31.116114,62.73,96.6,297.04,12.46,52.223991454747164
2025-10-12 08:33:32.116113,26.34,85.37,252.61,64.3,52.46544886773349
2025-10-12 08:33:33.116113,28.31,79.97,65.12,149.3,52.61994485715545
2025-10-12 08:33:34.116112,32.31,81.75,62.04,79.98,52.154164102959456
2025-10-12 08:33:35.116112,59.01,86.74,238.17,81.17,52.54686045393157
2025-10-12 08:33:36.116111,56.61,53.9,255.01,131.15,52.89684450590867
2025-10-12 08:33:37.116111,33.28,91.47,153.23,114.08,52.583688840096436
2025-10-12 08:33:38.116110,69.0,24.21,164.06,101.77,52.488058726205004
2025-10-12 08:33:39.116110,85.57,72.18,140.56,145.04,52.75096461544617
2025-10-12 08:33:40.116109,13.7,30.46,196.59,95.95,52.52346394031383
2025-10-12 08:33:41.116109,45.46,67.79,154.89,23.45,51.97258715905323
2025-10-12 08:33:42.116109,60.45,55.08,188.41,62.08,52.29461576022501
2025-10-12 08:33:43.116108,59.85,26.14,69.75,138.3,52.527032817247516
2025-10-12 08:33:44.116108,11.66,21.99,154.66,102.32,52.47008581652702
2025-10-12 08:33:45.116107,27.9,32.64,164.32,31.89,52.02950487713051
2025-10-12 08:33:46.116107,15.26,94.53,97.33,23.8,51.86493904491974
2025-10-12 08:33:47.116106,58.36,51.14,268.85,84.71,52.61709636792086
2025-10-12 08:33:48.116106,64.86,65.16,113.24,44.69,52.02176021990503
2025-10-12 08:33:49.116105,23.58,49.15,276.78,143.21,53.021465373998495
2025-10-12 08:33:50.116105,38.31,77.14,123.44,63.49,52.175327493824014
2025-10-12 08:33:51.116104,38.03,67.05,270.57,125.06,52.897488531924104
2025-10-12 08:33:52.116104,79.68,50.85,123.47,102.29,52.41829087163721
2025-10-12 08:33:53.116103,26.55,38.24,130.57,37.14,51.9942623768262
2025-10-12 08:33:54.116103,56.61,20.63,56.62,74.73,52.0735623375574
2025-10-12 08:33:55.116103,76.55,28.9,169.85,112.68,52.575637945261896
2025-10-12 08:33:56.116102,80.51,80.63,295.37,76.64,52.63746057289528
2025-10-12 08:33:57.116102,66.66,28.96,203.19,23.69,52.05734089824389
2025-10-12 08:33:58.116101,35.46,56.38,114.41,37.99,51.97494445336112
2025-10-12 08:33:59.116101,79.96,93.46,288.31,22.53,52.27014608748071
2025-10-12 08:34:00.116100,73.08,75.9,190.88,51.94,52.244253975281254
2025-10-12 08:34:01.116100,69.88,80.3,136.43,101.49,52.457473899052864
2025-10-12 08:34:02.116099,15.72,57.41,222.45,61.29,52.364500565343135
2025-10-12 08:34:03.116099,13.68,72.98,226.76,70.62,52.44443539070445
2025-10-12 08:34:04.116098,69.11,83.2,279.37,43.07,52.38137588327371
2025-10-12 08:34:05.116098,90.31,43.47,188.75,91.82,52.486284894437034
2025-10-12 08:34:06.116097,75.77,33.66,105.22,100.23,52.35547171422608
2025-10-12 08:34:07.116097,80.68,86.99,293.67,61.94,52.539744534685404
2025-10-12 08:34:08.116097,56.32,97.58,128.08,145.61,52.74180880359964
2025-10-12 08:34:09.116096,35.89,71.43,191.59,110.77,52.63377362534546
2025-10-12 08:34:10.116096,67.61,80.97,137.87,71.75,52.263579703133956
2025-10-12 08:34:11.116095,70.52,71.25,170.53,40.88,52.12412110124432
2025-10-12 08:34:12.116095,67.41,70.22,65.93,61.5,52.03353197110576
2025-10-12 08:34:13.116094,90.47,40.77,274.17,67.27,52.50711385997431
2025-10-12 08:34:14.116094,41.21,26.28,296.74,71.78,52.577940780844884
2025-10-12 08:34:15.116093,13.37,51.62,225.38,113.53,52.71436191242153
2025-10-12 08:34:16.116093,87.22,58.54,245.73,24.97,52.17455999803017
2025-10-12 08:34:17.116092,23.64,25.99,62.84,121.4,52.39979310115269
2025-10-12 08:34:18.116092,69.27,58.69,97.16,81.35,52.22660347584756
2025-10-12 08:34:19.116091,84.22,46.89,191.2,142.83,52.83206483629919
2025-10-12 08:34:20.116091,36.36,40.54,159.66,112.33,52.557688283681465
2025-10-12 08:34:21.116090,80.59,73.92,246.98,112.76,52.768506536423416
2025-10-12 08:34:22.116090,38.22,45.6,263.76,122.63,52.85465691835161
2025-10-12 08:34:23.116089,77.51,33.81,88.18,136.2,52.557335743284604
2025-10-12 08:34:24.116088,15.94,25.86,208.31,81.24,52.44869225244644
2025-10-12 08:34:25.116088,65.7,21.5,219.95,25.26,52.09996343307454
2025-10-12 08:34:26.116087,67.56,39.72,103.03,129.69,52.54962461176161
2025-10-12 08:34:27.116087,51.77,73.75,297.37,127.02,52.97235322421406
2025-10-12 08:34:28.116087,68.4,88.33,73.79,76.57,52.16067716518858
2025-10-12 08:34:29.116086,88.47,68.09,202.71,71.16,52.39313527202765
2025-10-12 08:34:30.116086,72.38,97.97,288.55,110.04,52.85399663943432
2025-10-12 08:34:31.116085,91.71,81.65,159.6,41.17,52.10812439859895
2025-10-12 08:34:32.116085,48.13,69.23,149.64,61.68,52.21574112790501
2025-10-12 08:34:33.116084,54.9,26.71,158.07,46.41,52.10902204661054
2025-10-12 08:34:34.116084,32.42,70.77,296.06,16.81,52.236368619547555
2025-10-12 08:34:35.116083,93.78,71.41,72.57,30.11,51.84025436053224
2025-10-12 08:34:36.116083,14.69,58.25,173.1,31.89,52.06279516760005
2025-10-12 08:34:37.116082,40.48,79.37,246.11,117.69,52.802372702596145
2025-10-12 08:34:38.116082,35.3,33.34,222.5,138.2,52.86168587351543
2025-10-12 08:34:39.116081,42.85,70.49,107.48,114.7,52.47690211199738
2025-10-12 08:34:40.116081,88.01,79.21,153.0,75.02,52.317120907104474
2025-10-12 08:34:41.116080,41.28,91.86,72.33,32.74,51.86856582219242
2025-10-12 08:34:42.116080,87.94,98.42,266.26,34.51,52.304592944708325
2025-10-12 08:34:43.116080,45.98,83.05,90.9,141.5,52.62580436784983
2025-10-12 08:34:44.116079,82.66,80.37,295.28,54.64,52.4911023929311
2025-10-12 08:34:45.116078,54.35,76.23,226.51,147.71,52.957362620657456
2025-10-12 08:34:46.116078,36.46,94.3,241.21,28.16,52.205821905109
2025-10-12 08:34:47.116078,48.19,87.38,249.46,93.11,52.65095238187204
2025-10-12 08:34:48.116077,46.07,43.84,102.46,113.71,52.44461781108909
2025-10-12 08:34:49.116077,32.09,38.72,94.54,79.07,52.1946787751758
2025-10-12 08:34:50.116076,34.62,32.17,224.04,11.38,52.02264590411033
2025-10-12 08:34:51.116076,25.85,63.5,133.41,141.62,52.70792858338981
2025-10-12 08:34:52.116075,38.56,27.8,51.72,45.58,51.87344866748556
2025-10-12 08:34:53.116075,63.07,38.31,213.45,61.62,52.33654484089984
2025-10-12 08:34:54.116074,42.86,27.11,275.28,134.8,52.95013238501944
2025-10-12 08:34:55.116074,70.55,85.24,149.23,91.1,52.419024432873556
2025-10-12 08:34:56.116073,93.89,44.23,237.39,87.49,52.56346772843411
2025-10-12 08:34:57.116073,42.05,56.35,81.52,111.44,52.39109218686746
2025-10-12 08:34:58.116073,49.32,57.01,202.55,142.03,52.85700266808804
2025-10-12 08:34:59.116072,23.95,52.87,69.64,76.68,52.13267985262392
2025-10-12 08:35:00.116072,43.34,75.61,99.13,125.09,52.53059983832951
2025-10-12 08:35:01.116071,71.78,63.5,106.84,135.58,52.61021015396853
2025-10-12 08:35:02.116071,28.48,58.97,215.3,85.56,52.510944958921286
2025-10-12 08:35:03.116070,25.47,38.63,181.39,116.42,52.630903803512105
2025-10-12 08:35:04.116070,41.99,85.95,173.53,100.14,52.5321258402165
2025-10-12 08:35:05.116069,79.59,79.66,142.01,91.06,52.399994806196474
2025-10-12 08:35:06.116069,63.01,73.16,122.24,26.65,51.92599633374863
2025-10-12 08:35:07.116068,91.39,90.25,240.29,41.7,52.29144110742075
2025-10-12 08:35:08.116068,86.89,40.63,89.17,56.87,52.03674810467441
2025-10-12 08:35:09.116067,22.85,32.34,147.25,128.8,52.63552429513278
2025-10-12 08:35:10.116067,13.62,59.06,254.71,110.18,52.759882260537495
2025-10-12 08:35:11.116066,43.92,38.7,77.02,74.92,52.129122777910915
2025-10-12 08:35:12.116066,54.38,54.96,138.36,33.54,51.996566025904876
2025-10-12 08:35:13.116065,53.82,84.17,103.7,48.2,52.034939853174954
2025-10-12 08:35:14.116065,21.4,21.47,55.99,105.14,52.27450033027372
2025-10-12 08:35:15.116065,20.61,41.85,250.89,141.76,52.951625646972744
2025-10-12 08:35:16.116064,13.98,87.79,198.49,94.58,52.55038430689334
2025-10-12 08:35:17.116064,82.32,93.73,61.21,43.54,51.917168777182866
2025-10-12 08:35:18.116063,90.56,50.7,237.1,47.45,52.30068456812337
2025-10-12 08:35:19.116063,19.83,73.42,145.73,48.0,52.11879443278524
2025-10-12 08:35:20.116062,28.12,95.72,71.39,29.67,51.84829807764279
2025-10-12 08:35:21.116062,17.64,86.01,82.52,36.15,51.9100462422698
2025-10-12 08:35:22.116061,84.59,97.89,98.41,108.03,52.42820179565636
2025-10-12 08:35:23.116061,91.49,45.65,146.27,20.12,51.91947237495606
2025-10-12 08:35:24.116060,32.25,52.59,53.43,34.3,51.816080536699374
2025-10-12 08:35:25.116060,35.8,96.59,127.88,109.38,52.50035862778862
2025-10-12 08:35:26.116060,40.83,22.82,280.09,106.36,52.769416790498994
2025-10-12 08:35:27.116059,52.71,77.54,136.33,33.4,52.00379488382481
2025-10-12 08:35:28.116059,68.01,93.85,85.69,71.82,52.15803205971711
2025-10-12 08:35:29.116058,52.87,41.71,66.2,100.21,52.27518358596274
2025-10-12 08:35:30.116058,90.84,91.92,128.62,144.38,52.7316676822225
2025-10-12 08:35:31.116057,18.49,84.74,54.41,61.16,52.01436606339896
2025-10-12 08:35:32.116057,77.88,82.9,209.08,32.67,52.1597246462035
2025-10-12 08:35:33.116056,38.43,49.53,89.81,133.68,52.552890364757
2025-10-12 08:35:34.116056,42.09,36.6,231.07,47.46,52.27982827089744
2025-10-12 08:35:35.116055,70.25,60.07,109.82,14.57,51.81159840688174
2025-10-12 08:35:36.116055,89.0,54.12,89.48,39.16,51.92738011787281
2025-10-12 08:35:37.116054,70.88,68.02,129.25,108.12,52.47907397414303
2025-10-12 08:35:38.116054,75.95,66.0,237.77,83.57,52.550384622419394
2025-10-12 08:35:39.116053,73.82,55.16,132.33,118.82,52.549618511044095
2025-10-12 08:35:40.116053,37.28,58.38,257.62,47.42,52.349265220134235
2025-10-12 08:35:41.116053,74.34,76.14,244.21,90.48,52.61585668506051
2025-10-12 08:35:42.116052,76.68,22.41,118.46,90.86,52.31574015884764
2025-10-12 08:35:43.116052,55.34,85.23,135.41,111.57,52.52490701114522
2025-10-12 08:35:44.116051,55.62,47.02,129.79,71.72,52.22696909958612
2025-10-12 08:35:45.116051,74.58,49.78,292.95,107.9,52.822528792107796
2025-10-12 08:35:46.116050,79.45,75.08,115.11,119.06,52.52494298135838
2025-10-12 08:35:47.116050,38.66,87.17,65.46,110.58,52.367695347212056
2025-10-12 08:35:48.116049,78.13,35.69,254.09,52.38,52.361906939405436
2025-10-12 08:35:49.116049,79.21,85.38,223.69,103.28,52.661445514289184
2025-10-12 08:35:50.116048,29.9,54.47,113.7,95.91,52.356768414216496
2025-10-12 08:35:51.116048,70.94,79.05,88.58,79.34,52.20597899591382
2025-10-12 08:35:52.116048,25.86,66.61,83.67,121.99,52.471485484203704
2025-10-12 08:35:53.116047,17.91,67.51,57.34,25.87,51.776909560177934
2025-10-12 08:35:54.116047,58.84,27.25,100.85,44.53,51.97273556378147
2025-10-12 08:35:55.116046,87.24,36.5,245.07,93.57,52.61617949814842
2025-10-12 08:35:56.116046,13.01,63.5,136.54,123.51,52.59451784700882
2025-10-12 08:35:57.116045,80.25,42.08,216.48,74.67,52.431829491621016
2025-10-12 08:35:58.116045,53.05,25.01,169.39,37.91,52.07621301038645
2025-10-12 08:35:59.116044,83.18,75.07,104.19,31.04,51.9170460860814
2025-10-12 08:36:00.116044,81.7,42.03,267.36,92.07,52.657646532852766
2025-10-12 08:36:01.116043,84.4,76.87,296.65,130.9,52.998279517957236
2025-10-12 08:36:02.116043,75.35,94.22,208.92,131.98,52.824814886407516
2025-10-12 08:36:03.116043,81.65,78.5,125.56,17.79,51.87736237993907
2025-10-12 08:36:04.116042,24.96,26.15,262.38,21.55,52.16995595177577
2025-10-12 08:36:05.116041,35.83,66.04,282.89,59.6,52.48917757056886
2025-10-12 08:36:06.116041,30.61,24.25,96.92,112.91,52.41639413611363
2025-10-12 08:36:07.116041,73.11,56.54,80.7,100.49,52.31674201209539
2025-10-12 08:36:08.116040,23.06,86.97,195.08,83.63,52.46985462202704
2025-10-12 08:36:09.116040,25.49,34.26,287.13,59.88,52.482553468801235
2025-10-12 08:36:10.116039,84.71,65.75,61.93,52.59,51.96323200216585
2025-10-12 08:36:11.116039,70.0,59.59,166.48,41.44,52.11256719434809
2025-10-12 08:36:12.116038,84.41,93.28,51.83,95.23,52.2396501440499
2025-10-12 08:36:13.116038,21.85,67.77,292.57,146.21,53.08598330825968
2025-10-12 08:36:14.116037,43.91,29.24,284.96,92.92,52.69434718700152
2025-10-12 08:36:15.116037,34.07,40.11,209.74,33.96,52.14591438645967
2025-10-12 08:36:16.116036,10.82,93.86,129.22,141.86,52.71732254075943
2025-10-12 08:36:17.116036,34.18,75.84,154.66,31.45,52.02966402784339
2025-10-12 08:36:18.116036,42.26,82.7,156.62,21.53,51.971890399440205
2025-10-12 08:36:19.116035,17.84,52.75,267.27,24.01,52.21168715054442
2025-10-12 08:36:20.116035,58.15,38.57,206.75,115.08,52.67698187691295
2025-10-12 08:36:21.116034,42.57,44.14,193.05,108.46,52.60642717764211
2025-10-12 08:36:22.116034,13.95,43.49,256.69,147.08,53.00042793103339
2025-10-12 08:36:23.116033,69.84,42.07,67.33,122.35,52.42478234045242
2025-10-12 08:36:24.116033,71.99,75.13,69.19,75.96,52.139308108583265
2025-10-12 08:36:25.116032,80.93,75.95,59.47,139.8,52.54240045916315
2025-10-12 08:36:26.116032,51.27,93.11,268.32,89.12,52.668564458115526
2025-10-12 08:36:27.116031,92.34,42.45,296.92,119.76,52.90577916779547
2025-10-12 08:36:28.116031,87.7,69.09,138.83,143.61,52.7360021459804
2025-10-12 08:36:29.116031,56.86,28.91,62.43,88.69,52.183425478505264
2025-10-12 08:36:30.116030,47.82,34.98,55.89,18.69,51.70801326084465
2025-10-12 08:36:31.116030,10.26,67.84,159.38,29.84,52.02476537655453
2025-10-12 08:36:32.116029,70.43,54.96,62.28,61.48,52.01699342715341
2025-10-12 08:36:33.116029,58.02,88.14,185.6,24.37,52.05662326936233
2025-10-12 08:36:34.116028,89.69,60.78,194.25,147.62,52.87819930205286
2025-10-12 08:36:35.116028,60.51,46.06,189.18,149.51,52.8715582531602
2025-10-12 08:36:36.116027,94.39,31.66,115.32,16.64,51.82146250761804
2025-10-12 08:36:37.116027,82.57,52.0,130.6,138.61,52.67545842312306
2025-10-12 08:36:38.116026,91.06,80.17,153.33,67.95,52.27144572776403
2025-10-12 08:36:39.116026,37.85,93.97,275.0,38.49,52.347490358228306
2025-10-12 08:36:40.116026,22.69,92.65,253.16,141.18,52.98095932917621
2025-10-12 08:36:41.116025,77.73,58.09,269.27,117.85,52.841830285237585
2025-10-12 08:36:42.116025,76.83,28.08,249.28,22.64,52.14985052323332
2025-10-12 08:36:43.116024,27.97,20.12,80.23,116.65,52.40271951248357
2025-10-12 08:36:44.116024,75.0,87.94,116.17,125.12,52.57461743856032
2025-10-12 08:36:45.116023,59.47,88.06,269.95,122.46,52.89057476499985
2025-10-12 08:36:46.116023,19.31,36.79,105.49,54.14,52.051890121525666
2025-10-12 08:36:47.116022,52.65,95.23,70.45,78.64,52.17101019537783
2025-10-12 08:36:48.116022,89.15,44.89,179.31,64.32,52.28407675338562
2025-10-12 08:36:49.116021,53.05,28.19,228.41,51.89,52.29878314850003
2025-10-12 08:36:50.116021,77.04,30.59,227.01,84.01,52.51026845156968
2025-10-12 08:36:51.116021,12.46,78.51,66.55,124.77,52.4594238645314
2025-10-12 08:36:52.116020,71.89,82.02,53.44,56.04,51.97676658871974
2025-10-12 08:36:53.116020,90.48,22.58,295.5,72.75,52.57963104522179
2025-10-12 08:36:54.116019,52.46,79.19,90.07,83.34,52.235837443212056
2025-10-12 08:36:55.116019,38.71,66.84,285.48,15.74,52.204132795232475
2025-10-12 08:36:56.116018,64.97,31.22,98.37,31.23,51.88129025840342
2025-10-12 08:36:57.116018,87.88,70.26,246.41,130.74,52.884570990450484
2025-10-12 08:36:58.116017,25.03,71.09,175.19,50.7,52.19931680958542
2025-10-12 08:36:59.116017,44.31,76.86,261.55,98.76,52.70882329510903
2025-10-12 08:37:00.116016,23.28,81.84,275.07,147.6,53.065078928232204
2025-10-12 08:37:01.116016,52.22,21.96,63.2,135.77,52.493708595392455
2025-10-12 08:37:02.116015,55.94,98.1,221.92,101.27,52.65134170087068
2025-10-12 08:37:03.116015,90.26,23.53,52.04,106.86,52.27849480734085
2025-10-12 08:37:04.116015,45.06,87.11,55.63,111.38,52.35165066853665
2025-10-12 08:37:05.116014,58.19,20.6,197.55,79.1,52.408224341671975
2025-10-12 08:37:06.116014,85.25,48.42,120.12,50.8,52.067923724408416
2025-10-12 08:37:07.116013,37.32,73.69,253.48,42.59,52.31674483028217
2025-10-12 08:37:08.116013,67.3,95.77,250.47,42.9,52.32455668153638
2025-10-12 08:37:09.116012,74.36,47.78,219.91,15.67,52.050845329261136
2025-10-12 08:37:10.116012,38.09,33.12,297.86,15.61,52.21136371967544
2025-10-12 08:37:11.116011,23.97,51.92,179.35,114.67,52.622257124044054
2025-10-12 08:37:12.116011,52.75,21.0,60.58,133.03,52.469305910584104
2025-10-12 08:37:13.116010,40.33,69.11,89.53,135.02,52.57206910828927
2025-10-12 08:37:14.116010,32.65,35.93,125.93,116.38,52.50884477675242
2025-10-12 08:37:15.116009,92.74,21.57,157.84,11.27,51.872432731055966
2025-10-12 08:37:16.116009,52.68,75.75,81.55,31.99,51.87462402891998
2025-10-12 08:37:17.116009,82.8,84.68,251.02,65.06,52.46666061963456
2025-10-12 08:37:18.116008,26.6,52.11,256.26,59.08,52.420217171328204
2025-10-12 08:37:19.116008,89.85,62.38,178.57,68.88,52.32246688940567
2025-10-12 08:37:20.116007,77.53,27.62,255.77,13.71,52.104401129150645
2025-10-12 08:37:21.116007,78.74,66.04,249.46,65.09,52.45310683089199
2025-10-12 08:37:22.116006,43.13,83.63,164.11,120.95,52.64852353453139
2025-10-12 08:37:23.116006,51.28,22.84,72.13,79.24,52.13836636023977
2025-10-12 08:37:24.116005,60.44,29.28,155.11,21.03,51.93557948086896
2025-10-12 08:37:25.116005,77.13,94.91,83.41,29.71,51.87418409005232
2025-10-12 08:37:26.116004,82.17,51.03,157.19,63.66,52.235134036551834
2025-10-12 08:37:27.116004,16.63,98.43,103.15,85.46,52.288981613824646
2025-10-12 08:37:28.116004,86.85,32.21,77.96,79.81,52.16000717102827
2025-10-12 08:37:29.116003,89.69,58.51,215.27,36.01,52.18175087954372
2025-10-12 08:37:30.116003,60.4,95.78,66.59,101.87,52.317125987547314
2025-10-12 08:37:31.116002,25.87,56.15,278.5,57.41,52.45961855730058
2025-10-12 08:37:32.116002,79.57,48.37,201.29,64.11,52.332292988702505
2025-10-12 08:37:33.116001,56.63,41.28,149.55,92.37,52.403693113893986
2025-10-12 08:37:34.116001,79.46,57.38,282.07,75.11,52.58552443907668
2025-10-12 08:37:35.116000,79.26,90.02,133.49,67.92,52.2336935624621
2025-10-12 08:37:36.116000,17.37,48.44,97.6,125.13,52.51243231315306
2025-10-12 08:37:37.115999,61.6,65.22,128.15,133.29,52.64218872839138
2025-10-12 08:37:38.115999,51.07,70.27,114.58,40.76,52.00142512289896
2025-10-12 08:37:39.115998,90.42,59.39,238.59,113.41,52.74654005012825
2025-10-12 08:37:40.115998,35.21,91.0,220.19,102.4,52.6511397217195
2025-10-12 08:37:41.115998,27.51,80.92,231.4,55.29,52.35716818475503
2025-10-12 08:37:42.115997,86.25,64.51,219.13,109.2,52.679237347823864
2025-10-12 08:37:43.115997,22.64,45.29,88.55,14.01,51.75352539568323
2025-10-12 08:37:44.115996,68.35,31.97,121.94,86.41,52.2990708364268
2025-10-12 08:37:45.115996,35.5,53.66,84.37,94.24,52.281617558158665
2025-10-12 08:37:46.115995,58.27,93.17,84.03,38.3,51.93157443014074
2025-10-12 08:37:47.115995,62.38,79.79,158.83,145.94,52.800798718592795
2025-10-12 08:37:48.115994,45.48,70.64,212.68,145.06,52.90666739871024
2025-10-12 08:37:49.115994,92.87,56.99,175.86,103.65,52.544365881814755
2025-10-12 08:37:50.115993,21.21,41.19,158.28,39.82,52.0737935233822
2025-10-12 08:37:51.115993,43.27,89.61,102.68,144.59,52.6755131545993
2025-10-12 08:37:52.115992,46.58,45.84,103.9,33.46,51.9162186600999
2025-10-12 08:37:53.115992,63.64,69.33,167.29,94.61,52.4726421277707
2025-10-12 08:37:54.115992,44.62,38.3,51.9,131.75,52.4516074306366
2025-10-12 08:37:55.115991,18.25,35.64,294.56,139.56,53.02828852658753
2025-10-12 08:37:56.115991,90.53,29.67,168.87,136.7,52.73336616565908
2025-10-12 08:37:57.115990,45.37,59.42,269.55,81.29,52.60052154341961
2025-10-12 08:37:58.115990,39.13,69.17,208.43,15.05,52.03372949719012
2025-10-12 08:37:59.115989,47.97,77.47,180.87,148.74,52.865896557472134
2025-10-12 08:38:00.115989,28.41,32.64,178.31,126.14,52.685404711320054
2025-10-12 08:38:01.115988,18.52,96.87,153.29,123.08,52.646557733760524
2025-10-12 08:38:02.115988,22.63,52.77,289.5,77.68,52.61613303601188
2025-10-12 08:38:03.115987,24.17,65.94,162.2,40.37,52.099714624853085
2025-10-12 08:38:04.115987,26.8,66.87,270.38,87.51,52.647749542937035
2025-10-12 08:38:05.115987,45.7,32.41,230.83,55.62,52.33113637731072
2025-10-12 08:38:06.115986,63.03,35.24,198.76,49.59,52.223129246728114
2025-10-12 08:38:07.115986,63.46,87.94,139.43,31.55,52.004025347947405
2025-10-12 08:38:08.115985,10.01,55.5,225.72,111.92,52.706571893960444
2025-10-12 08:38:09.115985,88.28,41.42,99.11,30.48,51.88359159146244
2025-10-12 08:38:10.115984,79.94,28.57,279.05,125.78,52.89925410386325
2025-10-12 08:38:11.115984,91.93,94.84,226.83,17.72,52.10564005471595
2025-10-12 08:38:12.115983,40.6,75.8,157.24,12.26,51.90786992872148
2025-10-12 08:38:13.115983,66.51,52.56,120.45,88.17,52.31897459448241
2025-10-12 08:38:14.115982,24.28,59.5,231.54,140.41,52.91051426499664
2025-10-12 08:38:15.115982,79.45,80.6,198.83,87.82,52.502254561944696
2025-10-12 08:38:16.115981,23.72,95.6,260.64,141.72,53.00240843868817
2025-10-12 08:38:17.115981,37.71,62.68,54.36,85.79,52.16545995893585
2025-10-12 08:38:18.115980,51.72,64.29,77.99,137.62,52.561614477276954
2025-10-12 08:38:19.115980,60.54,91.46,91.04,96.66,52.33317453038613
2025-10-12 08:38:20.115979,57.57,33.34,101.41,145.97,52.65061528684286
2025-10-12 08:38:21.115979,18.68,52.74,193.67,142.32,52.83729155571299
2025-10-12 08:38:22.115979,45.84,84.87,235.72,74.83,52.49842635951467
2025-10-12 08:38:23.115978,88.45,67.44,192.43,67.26,52.34459151398077
2025-10-12 08:38:24.115978,84.15,92.94,230.88,126.12,52.83283962482471
2025-10-12 08:38:25.115977,60.22,26.19,212.15,149.07,52.90740578451338
2025-10-12 08:38:26.115977,58.65,66.02,149.7,11.25,51.87937171790616
2025-10-12 08:38:27.115976,19.49,75.1,53.93,28.45,51.79085957442852
2025-10-12 08:38:28.115976,27.02,24.98,243.26,24.94,52.150334318133204
2025-10-12 08:38:29.115975,31.47,40.73,210.42,46.42,52.23043366901594
2025-10-12 08:38:30.115975,51.5,28.75,244.06,81.38,52.5287701280838
2025-10-12 08:38:31.115974,72.17,84.18,180.99,49.43,52.21074951768374
2025-10-12 08:38:32.115974,49.16,26.92,217.95,90.16,52.52939467364496
2025-10-12 08:38:33.115973,20.72,23.06,269.51,59.33,52.43445512943923
2025-10-12 08:38:34.115973,47.34,61.73,91.67,44.56,51.97220443341172
2025-10-12 08:38:35.115973,23.82,78.42,238.0,93.81,52.62575754241082
2025-10-12 08:38:36.115972,73.85,93.16,114.17,76.9,52.25313768685255
2025-10-12 08:38:37.115972,24.15,86.08,159.55,84.96,52.40112318701146
2025-10-12 08:38:38.115971,51.02,86.28,146.42,43.57,52.09804217056637
2025-10-12 08:38:39.115971,68.94,32.55,197.35,65.4,52.32350864517728
2025-10-12 08:38:40.115970,29.4,29.66,191.02,37.32,52.12179883093388
2025-10-12 08:38:41.115970,16.46,68.3,183.01,139.91,52.806830516103695
2025-10-12 08:38:42.115969,57.88,75.2,272.91,17.41,52.19260346244447
2025-10-12 08:38:43.115969,14.61,27.72,251.45,11.16,52.078161918707465
2025-10-12 08:38:44.115968,59.96,96.8,162.4,143.33,52.800681428379356
2025-10-12 08:38:45.115968,74.05,85.27,126.23,38.64,52.02096725706016
2025-10-12 08:38:46.115967,37.99,49.73,217.38,105.46,52.64239651045931
2025-10-12 08:38:47.115967,51.51,81.29,241.2,105.32,52.71068897243688
2025-10-12 08:38:48.115967,88.94,42.65,204.96,36.68,52.15501282899619
2025-10-12 08:38:49.115966,50.04,81.7,252.93,15.73,52.1417326840194
2025-10-12 08:38:50.115966,94.71,39.54,168.92,24.2,51.992280553200025
2025-10-12 08:38:51.115965,23.35,64.29,260.11,59.2,52.436139848803364
2025-10-12 08:38:52.115965,70.26,78.33,275.53,30.95,52.289895031139935
2025-10-12 08:38:53.115964,65.47,63.01,282.77,124.97,52.921105299034664
2025-10-12 08:38:54.115964,84.15,73.56,184.64,71.16,52.356984752049506
2025-10-12 08:38:55.115963,17.86,32.79,122.35,110.69,52.461567422837184
2025-10-12 08:38:56.115963,33.82,65.06,116.63,71.25,52.20534138222829
2025-10-12 08:38:57.115963,21.24,76.42,135.18,70.13,52.24446175933355
2025-10-12 08:38:58.115962,89.31,76.72,164.69,81.51,52.38416650583386
2025-10-12 08:38:59.115962,46.26,90.02,124.93,75.74,52.26702998756895
2025-10-12 08:39:00.115961,87.36,20.86,139.81,15.66,51.86206837576891
2025-10-12 08:39:01.115961,35.02,95.02,234.57,129.54,52.86469945861427
2025-10-12 08:39:02.115960,20.74,33.04,118.98,48.26,52.0400368247399
2025-10-12 08:39:03.115960,35.21,43.37,73.82,123.68,52.448409663777085
2025-10-12 08:39:04.115959,60.76,28.71,55.63,38.56,51.8358424764301
2025-10-12 08:39:05.115959,81.84,53.59,154.28,67.81,52.25779078658642
2025-10-12 08:39:06.115958,42.76,47.78,280.93,126.94,52.9217173171628
2025-10-12 08:39:07.115958,87.76,74.45,239.74,120.21,52.80254508544101
2025-10-12 08:39:08.115957,30.76,57.73,290.95,32.68,52.32336339863453
2025-10-12 08:39:09.115957,68.95,92.28,182.33,109.45,52.6165264894912
2025-10-12 08:39:10.115956,72.54,23.52,74.94,148.69,52.605792806196796
2025-10-12 08:39:11.115956,33.29,29.91,295.78,123.1,52.91849885856924
2025-10-12 08:39:12.115955,12.29,27.73,221.74,26.84,52.11779838026985
2025-10-12 08:39:13.115955,41.05,56.99,78.2,133.17,52.52847349816681
2025-10-12 08:39:14.115955,13.84,58.51,290.14,107.55,52.81896737983591
2025-10-12 08:39:15.115954,86.56,23.58,160.04,149.97,52.79890186737726
2025-10-12 08:39:16.115954,91.05,77.59,248.79,126.37,52.86480623444314
2025-10-12 08:39:17.115953,72.51,61.69,163.74,95.64,52.467528489897
2025-10-12 08:39:18.115953,71.77,56.68,195.01,23.28,52.052297840203074
2025-10-12 08:39:19.115952,30.48,65.15,126.89,122.71,52.56919532986046
2025-10-12 08:39:20.115952,16.28,53.38,234.35,88.48,52.56853493817668
2025-10-12 08:39:21.115951,78.18,84.62,120.05,148.48,52.73623110681518
2025-10-12 08:39:22.115951,57.53,79.73,66.27,104.35,52.32396366341128
2025-10-12 08:39:23.115950,67.94,22.08,132.59,15.66,51.847087028155364
2025-10-12 08:39:24.115950,76.27,37.22,136.51,64.35,52.187176823061534
2025-10-12 08:39:25.115949,44.8,90.18,284.21,128.01,52.95952018315212
2025-10-12 08:39:26.115949,22.29,27.06,236.98,145.01,52.93479847556801
2025-10-12 08:39:27.115948,77.58,79.62,69.85,12.0,51.71872226391504
2025-10-12 08:39:28.115948,48.57,34.05,170.27,143.1,52.78131735944328
2025-10-12 08:39:29.115947,80.29,80.51,296.18,87.25,52.709571351372404
2025-10-12 08:39:30.115947,47.2,72.8,198.03,43.99,52.20527194710846
2025-10-12 08:39:31.115946,28.45,38.31,115.09,143.02,52.6634719568153
2025-10-12 08:39:32.115946,24.54,29.78,82.25,58.34,52.02545967597722
2025-10-12 08:39:33.115946,73.23,70.58,211.65,71.33,52.41503943254957
2025-10-12 08:39:34.115945,58.87,39.35,123.35,112.27,52.47787245363904
2025-10-12 08:39:35.115945,44.39,72.52,242.92,40.91,52.28203906350335
2025-10-12 08:39:36.115944,51.83,77.47,64.03,120.69,52.42629973006109
2025-10-12 08:39:37.115944,56.72,42.09,260.28,124.96,52.86062095452724
2025-10-12 08:39:38.115943,30.35,83.31,236.21,70.42,52.469351303061465
2025-10-12 08:39:39.115943,42.14,48.61,201.49,132.42,52.78624722723138
2025-10-12 08:39:40.115942,34.85,43.75,80.29,24.32,51.80318244412956
2025-10-12 08:39:41.115942,43.02,55.74,275.8,84.71,52.63472971555234
2025-10-12 08:39:42.115941,52.55,55.04,88.98,105.82,52.369242975379144
2025-10-12 08:39:43.115941,24.74,64.68,296.8,125.41,52.95538544328005
2025-10-12 08:39:44.115940,43.45,86.58,205.84,41.65,52.214346343185774
2025-10-12 08:39:45.115940,42.77,65.86,211.54,104.85,52.634653988928726
2025-10-12 08:39:46.115940,34.31,81.61,274.15,36.42,52.32503194927421
2025-10-12 08:39:47.115939,94.87,43.49,184.48,13.57,51.95767381052142
2025-10-12 08:39:48.115939,16.26,30.77,117.33,43.83,52.005792442427335
2025-10-12 08:39:49.115938,64.65,43.74,92.46,124.24,52.49276208194436
2025-10-12 08:39:50.115938,24.83,80.03,261.89,67.19,52.501787884222004
2025-10-12 08:39:51.115937,81.36,74.44,89.15,37.72,51.92841066128376
2025-10-12 08:39:52.115937,87.71,80.74,144.82,33.55,52.0249852279775
2025-10-12 08:39:53.115936,44.13,84.69,132.8,73.88,52.2687896211531
2025-10-12 08:39:54.115936,80.0,63.3,73.34,38.91,51.89582027351682
2025-10-12 08:39:55.115935,31.24,83.34,75.76,95.58,52.28834726817663
2025-10-12 08:39:56.115935,21.91,71.88,98.9,112.34,52.44340173827808
2025-10-12 08:39:57.115935,36.85,92.85,68.22,137.27,52.55398826119663
2025-10-12 08:39:58.115934,39.04,26.43,142.67,91.25,52.373075932616956
2025-10-12 08:39:59.115934,43.78,92.11,51.24,118.58,52.39269813595088
2025-10-12 08:40:00.115933,41.7,70.77,137.69,88.4,52.36802443161695
2025-10-12 08:40:01.115933,44.95,39.98,212.47,111.5,52.666411641329994
2025-10-12 08:40:02.115932,70.35,31.75,169.21,85.31,52.39417514946768
2025-10-12 08:40:03.115931,30.87,26.02,117.03,95.03,52.34232384848286
2025-10-12 08:40:04.115930,11.58,98.33,77.95,142.91,52.615574698305316
2025-10-12 08:40:05.115930,51.62,53.85,225.72,118.83,52.75151704263069
2025-10-12 08:40:06.115929,48.1,33.43,148.41,93.99,52.407605839018565
2025-10-12 08:40:07.115929,15.11,35.41,122.73,148.42,52.71427056769827
2025-10-12 08:40:08.115928,21.37,66.53,170.34,95.16,52.48135035072782
2025-10-12 08:40:09.115928,53.34,78.36,231.64,140.66,52.92288214471508
2025-10-12 08:40:10.115927,29.95,90.92,238.24,124.34,52.83586538437059
2025-10-12 08:40:11.115927,84.6,38.45,236.94,124.01,52.80166675297005
2025-10-12 08:40:12.115926,24.73,44.04,288.08,32.81,52.31038561721176
2025-10-12 08:40:13.115926,11.71,60.12,253.53,132.38,52.90525831146433
2025-10-12 08:40:14.115926,48.04,61.57,87.55,122.68,52.48167707099857
2025-10-12 08:40:15.115925,93.82,32.52,171.53,149.9,52.82833208449796
2025-10-12 08:40:16.115925,63.88,59.3,178.28,109.44,52.589329217323275
2025-10-12 08:40:17.115924,40.09,26.4,273.6,67.98,52.50259602431702
2025-10-12 08:40:18.115924,11.43,29.49,228.67,32.26,52.16978208489526
2025-10-12 08:40:19.115923,51.22,41.1,226.72,29.67,52.154820796007215
2025-10-12 08:40:20.115923,27.55,47.17,70.16,119.05,52.41185489266116
2025-10-12 08:40:21.115922,65.06,63.53,115.47,54.07,52.08794719330099
2025-10-12 08:40:22.115922,59.56,58.58,159.97,89.04,52.41381586950615
2025-10-12 08:40:23.115922,32.54,86.05,281.32,28.42,52.28995588868524
2025-10-12 08:40:24.115921,15.86,94.98,189.27,100.33,52.57254995360678
2025-10-12 08:40:25.115921,74.18,66.79,166.21,110.99,52.57760393538755
2025-10-12 08:40:26.115920,59.76,61.13,259.51,65.55,52.47522677784249
2025-10-12 08:40:27.115920,81.58,27.04,204.04,33.6,52.123891070828186
2025-10-12 08:40:28.115919,32.08,21.42,173.92,90.6,52.43375530597511
2025-10-12 08:40:29.115919,65.49,46.23,266.02,96.94,52.689399681274374
2025-10-12 08:40:30.115918,20.09,68.82,215.11,63.03,52.36647628707006
2025-10-12 08:40:31.115918,34.8,34.67,152.79,79.32,52.32042808683077
2025-10-12 08:40:32.115917,65.81,62.69,297.81,86.2,52.69622459134855
2025-10-12 08:40:33.115917,80.17,26.62,170.74,59.57,52.223798451575995
2025-10-12 08:40:34.115917,37.28,20.46,282.79,30.61,52.271192502597586
2025-10-12 08:40:35.115916,77.9,33.74,282.03,15.14,52.174254208755784
2025-10-12 08:40:36.115916,67.61,60.86,283.64,33.35,52.31369628428609
2025-10-12 08:40:37.115915,39.64,98.18,267.5,111.93,52.821000765736265
2025-10-12 08:40:38.115915,84.49,91.81,290.26,123.03,52.94049601898627
2025-10-12 08:40:39.115914,53.28,84.64,126.67,53.87,52.12265565466001
2025-10-12 08:40:40.115914,65.1,28.33,109.12,108.69,52.41711637698647
2025-10-12 08:40:41.115913,52.13,86.32,204.12,11.89,52.012948078904984
2025-10-12 08:40:42.115913,48.48,25.66,78.74,108.31,52.34721537307841
2025-10-12 08:40:43.115912,82.08,87.43,232.13,57.15,52.37471819190015
2025-10-12 08:40:44.115912,35.05,74.83,72.02,107.83,52.356806900871774
2025-10-12 08:40:45.115911,13.11,77.85,68.75,73.63,52.12440220531333
2025-10-12 08:40:46.115911,84.78,57.99,294.55,84.3,52.673928470690896
2025-10-12 08:40:47.115911,80.13,83.14,109.06,62.85,52.14322753361776
2025-10-12 08:40:48.115910,41.16,75.73,260.5,21.97,52.19624689299457
2025-10-12 08:40:49.115910,25.76,26.58,228.53,44.78,52.250957323239874
2025-10-12 08:40:50.115909,67.42,39.1,167.91,58.31,52.21623990846827
2025-10-12 08:40:51.115909,16.69,38.24,94.82,73.25,52.15639058159832
2025-10-12 08:40:52.115908,46.02,81.71,121.49,110.98,52.48884073325591
2025-10-12 08:40:53.115908,17.3,28.43,201.57,74.0,52.387449702965625
2025-10-12 08:40:54.115907,60.82,53.83,106.45,33.06,51.92353945610963
2025-10-12 08:40:55.115907,12.31,35.77,210.66,120.87,52.7223343340905
2025-10-12 08:40:56.115906,63.49,42.96,88.44,104.69,52.35385167700887
2025-10-12 08:40:57.115906,67.22,39.43,78.79,104.95,52.33268299195464
2025-10-12 08:40:58.115905,51.41,71.64,163.09,69.97,52.30127691838056
2025-10-12 08:40:59.115905,24.88,76.1,278.97,54.36,52.45149256787814
2025-10-12 08:41:00.115905,18.62,78.69,91.51,25.0,51.85146854819882
2025-10-12 08:41:01.115904,36.63,47.49,163.84,54.62,52.18758820546466
2025-10-12 08:41:02.115904,49.54,43.4,250.27,20.23,52.14452457300877
2025-10-12 08:41:03.115903,64.59,42.28,101.64,49.7,52.01712444680463
2025-10-12 08:41:04.115903,10.11,92.69,86.98,61.15,52.08936584947939
2025-10-12 08:41:05.115902,70.44,70.62,219.03,20.45,52.09336815823759
2025-10-12 08:41:06.115902,70.58,22.56,118.21,106.07,52.41623312573289
2025-10-12 08:41:07.115901,47.79,22.13,79.59,117.39,52.4073610406449
2025-10-12 08:41:08.115901,39.19,49.59,75.44,113.2,52.38582572490979
2025-10-12 08:41:09.115900,81.6,20.22,216.59,97.43,52.570970123743905
2025-10-12 08:41:10.115900,76.69,76.03,175.52,116.76,52.64123389814733
2025-10-12 08:41:11.115899,93.58,78.07,83.42,94.67,52.29599013106876
2025-10-12 08:41:12.115899,41.61,86.74,101.91,96.77,52.3548557163741
2025-10-12 08:41:13.115898,87.08,83.24,120.13,83.73,52.305878430059636
2025-10-12 08:41:14.115898,17.43,41.37,57.7,93.26,52.210429609346484
2025-10-12 08:41:15.115898,44.97,52.81,216.15,68.28,52.394671061334996
2025-10-12 08:41:16.115897,49.56,30.27,203.49,22.23,52.049030027655334
2025-10-12 08:41:17.115897,47.47,83.19,179.86,38.6,52.13586699769431
2025-10-12 08:41:18.115896,63.13,23.79,167.17,44.19,52.11240079851298
2025-10-12 08:41:19.115896,24.47,43.39,177.05,131.24,52.72250165132622
2025-10-12 08:41:20.115895,83.65,35.16,165.52,26.62,51.99853148063986
2025-10-12 08:41:21.115895,56.9,83.19,76.59,139.57,52.58203437597699
2025-10-12 08:41:22.115894,86.86,71.21,145.18,109.19,52.522502176808615
2025-10-12 08:41:23.115894,10.22,52.27,179.12,101.57,52.53500567972275
2025-10-12 08:41:24.115894,63.55,63.54,122.04,17.51,51.859547019798576
2025-10-12 08:41:25.115893,45.06,58.02,207.89,41.7,52.20323688603145
2025-10-12 08:41:26.115893,52.93,89.99,125.5,81.32,52.30528517624362
2025-10-12 08:41:27.115892,73.22,93.34,281.73,52.72,52.456184433586756
2025-10-12 08:41:28.115892,29.31,75.29,101.52,114.35,52.46432218662843
2025-10-12 08:41:29.115891,27.42,94.46,218.02,20.1,52.10211649180665
2025-10-12 08:41:30.115891,69.76,27.13,73.65,77.3,52.13117354144252
2025-10-12 08:41:31.115890,54.32,34.06,59.66,57.0,51.969949540581986
2025-10-12 08:41:32.115890,29.86,88.39,114.77,62.47,52.15601080333762
2025-10-12 08:41:33.115889,51.14,59.39,155.77,131.73,52.68849870029602
2025-10-12 08:41:34.115889,49.06,26.64,69.43,139.1,52.53192664819826
2025-10-12 08:41:35.115889,68.77,58.35,159.21,42.32,52.101949650900785
2025-10-12 08:41:36.115888,10.23,37.38,298.0,39.7,52.3739272617454
2025-10-12 08:41:37.115888,59.87,81.74,176.3,46.83,52.18196294157279
2025-10-12 08:41:38.115887,61.48,28.86,88.17,38.17,51.90391597426373
2025-10-12 08:41:39.115887,73.37,51.86,136.72,90.35,52.368343559528746
2025-10-12 08:41:40.115886,85.58,84.49,290.44,112.49,52.86685831444584
2025-10-12 08:41:41.115886,47.42,33.96,189.9,52.67,52.2236426093108
2025-10-12 08:41:42.115885,39.11,56.97,150.23,47.97,52.11920470327616
2025-10-12 08:41:43.115885,18.7,64.6,108.9,145.53,52.68133028275356
2025-10-12 08:41:44.115884,38.63,70.36,116.92,33.47,51.9581654322555
2025-10-12 08:41:45.115884,15.82,93.52,52.66,146.05,52.57888626210818
2025-10-12 08:41:46.115883,78.24,37.27,74.7,30.57,51.82893555852259
2025-10-12 08:41:47.115883,78.6,92.14,246.48,24.01,52.18850646149036
2025-10-12 08:41:48.115883,45.47,30.22,248.9,102.9,52.68291821569318
2025-10-12 08:41:49.115882,32.07,85.56,156.61,135.43,52.729436454558744
2025-10-12 08:41:50.115882,20.03,35.02,241.39,84.52,52.547307710274744
2025-10-12 08:41:51.115881,82.36,52.37,210.28,79.29,52.45476992848322
2025-10-12 08:41:52.115881,84.59,74.77,64.24,132.39,52.50290843077136
2025-10-12 08:41:53.115880,32.63,33.46,199.92,45.33,52.19638060101927
2025-10-12 08:41:54.115880,62.85,66.23,288.5,95.18,52.7376027077697
2025-10-12 08:41:55.115879,31.99,90.65,88.64,48.42,52.00733999762362
2025-10-12 08:41:56.115879,29.14,77.16,239.29,66.77,52.4483847866879
2025-10-12 08:41:57.115878,11.8,38.75,137.35,116.75,52.5376390200303
2025-10-12 08:41:58.115878,59.06,37.07,125.76,107.49,52.45010554217783
2025-10-12 08:41:59.115877,22.75,69.06,177.52,144.62,52.826606804865776
2025-10-12 08:42:00.115877,11.05,58.45,122.18,116.34,52.51297333377095
2025-10-12 08:42:01.115876,18.91,66.78,206.99,12.0,52.00903317719724
2025-10-12 08:42:02.115876,36.67,40.67,147.34,10.16,51.85291636079789
2025-10-12 08:42:03.115876,66.88,30.49,123.62,102.81,52.410741439067515
2025-10-12 08:42:04.115875,27.22,33.65,111.25,32.26,51.91741480618132
2025-10-12 08:42:05.115875,85.45,65.12,140.17,61.86,52.19410923338051
2025-10-12 08:42:06.115874,34.52,72.16,241.71,143.99,52.96337660911741
2025-10-12 08:42:07.115874,38.15,56.41,180.22,40.82,52.136484885739954
2025-10-12 08:42:08.115873,28.53,72.98,211.07,129.86,52.80359167288736
2025-10-12 08:42:09.115873,31.57,91.15,191.59,45.29,52.210140054955865
2025-10-12 08:42:10.115872,16.3,72.02,162.8,23.04,51.98937564690945
2025-10-12 08:42:11.115872,35.06,46.55,220.61,30.7,52.15143644616562
2025-10-12 08:42:12.115871,83.07,25.47,89.1,132.26,52.52854116489524
2025-10-12 08:42:13.115871,68.52,77.87,208.29,79.77,52.46782498276961
2025-10-12 08:42:14.115871,84.4,47.02,275.05,54.07,52.42488838973476
2025-10-12 08:42:15.115870,18.91,85.91,278.48,93.13,52.713211131777825
2025-10-12 08:42:16.115870,48.73,95.23,198.46,66.71,52.3694793734979
2025-10-12 08:42:17.115869,29.49,73.36,152.22,127.08,52.657707270860655
2025-10-12 08:42:18.115869,71.3,92.14,122.41,67.37,52.20719016293772
2025-10-12 08:42:19.115868,92.47,69.27,220.17,112.81,52.708101320761884
2025-10-12 08:42:20.115868,79.31,40.58,133.6,59.64,52.15147304122191
2025-10-12 08:42:21.115867,13.0,52.86,152.14,12.79,51.88756449545875
2025-10-12 08:42:22.115867,36.92,72.74,273.34,131.44,52.94900722592281
2025-10-12 08:42:23.115866,12.43,42.98,195.22,129.59,52.750732535645604
2025-10-12 08:42:24.115866,13.41,22.36,107.24,90.79,52.29091180150934
2025-10-12 08:42:25.115865,16.76,60.48,288.22,76.16,52.60755722160204
2025-10-12 08:42:26.115865,33.49,77.01,56.63,86.01,52.17981539963486
2025-10-12 08:42:27.115865,35.86,32.19,194.98,54.04,52.24276934185778
2025-10-12 08:42:28.115864,44.04,73.52,167.84,45.09,52.14749193345831
2025-10-12 08:42:29.115864,44.42,89.04,299.69,86.85,52.71927476487654
2025-10-12 08:42:30.115863,75.57,74.16,75.66,52.86,51.999482542965175
2025-10-12 08:42:31.115863,22.02,38.08,134.93,48.88,52.0815508100078
2025-10-12 08:42:32.115862,23.41,72.35,261.46,85.02,52.614924118539726
2025-10-12 08:42:33.115862,63.26,67.19,84.12,143.62,52.61634674721503
2025-10-12 08:42:34.115861,58.6,34.71,192.75,104.12,52.571725207461846
2025-10-12 08:42:35.115861,23.09,93.09,253.74,82.96,52.5960444915439
2025-10-12 08:42:36.115860,82.44,32.45,68.43,76.9,52.12015607258497
2025-10-12 08:42:37.115860,37.97,51.61,237.95,93.6,52.609341071577106
2025-10-12 08:42:38.115859,41.19,87.05,294.01,54.41,52.4905372709346
2025-10-12 08:42:39.115859,45.74,39.47,97.94,45.94,51.98258018246361
2025-10-12 08:42:40.115858,37.43,48.18,285.4,93.25,52.70802799860602
2025-10-12 08:42:41.115858,57.38,94.88,270.73,128.7,52.937476595056296
2025-10-12 08:42:42.115858,43.04,88.13,266.07,136.3,52.97405687646196
2025-10-12 08:42:43.115857,32.05,81.38,283.27,107.83,52.81864732945073
2025-10-12 08:42:44.115857,86.88,71.42,137.47,99.15,52.43925871529011
2025-10-12 08:42:45.115856,36.21,95.24,113.51,70.64,52.21131439637957
2025-10-12 08:42:46.115856,69.37,36.08,108.78,93.36,52.3189419624127
2025-10-12 08:42:47.115855,39.51,93.84,50.03,49.88,51.93506061912053
2025-10-12 08:42:48.115855,46.99,77.56,274.05,83.74,52.63663423133529
2025-10-12 08:42:49.115854,30.06,59.8,242.05,61.06,52.406815528685996
2025-10-12 08:42:50.115854,73.95,63.39,179.18,137.71,52.78119009707795
2025-10-12 08:42:51.115853,72.66,82.53,164.16,136.03,52.74810899332394
2025-10-12 08:42:52.115853,11.89,25.56,143.74,17.53,51.88561859611702
2025-10-12 08:42:53.115852,15.12,53.7,206.65,109.35,52.64715055016838
2025-10-12 08:42:54.115852,88.4,20.28,196.32,31.34,52.08838595184881
2025-10-12 08:42:55.115852,85.55,59.18,132.55,106.38,52.469765251777744
2025-10-12 08:42:56.115851,53.02,70.37,67.23,34.84,51.85948741293554
2025-10-12 08:42:57.115851,51.94,54.62,273.23,10.86,52.138375388444096
2025-10-12 08:42:58.115850,79.06,37.03,134.6,93.8,52.37839383248057
2025-10-12 08:42:59.115850,21.77,65.67,178.55,77.43,52.38100174825117
2025-10-12 08:43:00.115849,65.56,45.15,273.5,120.89,52.86398371436703
2025-10-12 08:43:01.115849,50.46,81.78,157.78,46.32,52.1384307407374
2025-10-12 08:43:02.115848,73.18,51.08,147.4,78.56,52.312821788058216
2025-10-12 08:43:03.115848,12.56,50.57,117.87,40.31,51.99461535494992
2025-10-12 08:43:04.115847,60.38,42.61,147.81,71.07,52.259286662926414
2025-10-12 08:43:05.115847,57.32,42.56,262.66,111.22,52.7748494931287
2025-10-12 08:43:06.115847,81.47,48.83,69.54,33.78,51.845479777036104
2025-10-12 08:43:07.115846,67.53,52.27,168.87,54.64,52.20128999100293
2025-10-12 08:43:08.115846,84.81,53.72,196.95,81.75,52.442935945047
2025-10-12 08:43:09.115845,85.42,59.55,127.4,54.22,52.11260464108187
2025-10-12 08:43:10.115845,44.69,36.65,182.56,110.41,52.59245049413388
2025-10-12 08:43:11.115844,21.68,65.04,151.8,109.38,52.5346895552982
2025-10-12 08:43:12.115844,63.57,83.28,263.25,51.87,52.40486378739612
2025-10-12 08:43:13.115843,84.27,58.8,253.6,27.95,52.21155334234992
2025-10-12 08:43:14.115843,16.37,81.56,153.92,16.18,51.929890979263845
2025-10-12 08:43:15.115842,57.42,91.01,177.94,94.88,52.50959422048373
2025-10-12 08:43:16.115842,19.77,75.14,216.0,54.12,52.3127850225872
2025-10-12 08:43:17.115841,12.29,37.24,70.13,75.09,52.11449465195058
2025-10-12 08:43:18.115841,67.77,42.7,191.31,65.43,52.31625350300827
2025-10-12 08:43:19.115841,67.96,52.75,294.22,142.05,53.05359586478438
2025-10-12 08:43:20.115840,61.06,40.27,74.72,112.59,52.375030721074076
2025-10-12 08:43:21.115840,83.03,81.29,274.25,131.33,52.95500720830611
2025-10-12 08:43:22.115839,16.87,49.88,277.52,52.51,52.42148273668062
2025-10-12 08:43:23.115839,18.95,89.74,268.42,99.33,52.73467243135016
2025-10-12 08:43:24.115838,83.49,30.67,129.25,79.12,52.265817721965966
2025-10-12 08:43:25.115838,52.78,97.98,230.39,31.17,52.20437867840343
2025-10-12 08:43:26.115837,33.21,98.56,114.25,24.99,51.91177828593089
2025-10-12 08:43:27.115837,72.74,33.68,255.45,15.9,52.121613652125625
2025-10-12 08:43:28.115836,86.02,58.13,126.54,61.03,52.15514869587275
2025-10-12 08:43:29.115836,68.62,93.98,249.98,144.91,52.99955859206955
2025-10-12 08:43:30.115835,77.31,97.52,274.79,134.86,52.98863639487455
2025-10-12 08:43:31.115835,34.01,95.07,246.27,136.94,52.939219580236184
2025-10-12 08:43:32.115835,34.55,74.1,291.96,119.08,52.90811440813589
2025-10-12 08:43:33.115834,83.45,38.45,294.38,137.58,53.01631964306258
2025-10-12 08:43:34.115834,62.26,50.13,108.07,137.66,52.6192457324529
2025-10-12 08:43:35.115833,29.9,62.03,275.78,127.21,52.92026629373311
2025-10-12 08:43:36.115833,54.55,64.88,221.52,75.08,52.45816587043357
2025-10-12 08:43:37.115832,68.3,85.76,213.96,49.04,52.28055117501093
2025-10-12 08:43:38.115832,28.58,88.51,185.72,103.1,52.57963590125281
2025-10-12 08:43:39.115831,65.67,80.96,135.82,32.08,51.99583012608452
2025-10-12 08:43:40.115831,13.58,41.06,151.23,48.37,52.11517794184365
2025-10-12 08:43:41.115830,35.81,91.46,66.18,31.74,51.84836689013679
2025-10-12 08:43:42.115830,67.29,25.57,117.56,63.17,52.131761976349104
2025-10-12 08:43:43.115829,22.69,77.36,268.97,73.07,52.55468566908565
2025-10-12 08:43:44.115829,28.89,96.71,166.57,46.5,52.166996209142084
2025-10-12 08:43:45.115829,84.72,55.7,50.59,137.31,52.49534837963131
2025-10-12 08:43:46.115828,67.32,65.04,176.34,35.33,52.096431844186135
2025-10-12 08:43:47.115828,52.41,73.22,251.88,134.12,52.920515655789885
2025-10-12 08:43:48.115827,27.93,21.59,177.7,78.33,52.36061020635472
2025-10-12 08:43:49.115827,39.02,94.24,250.27,40.86,52.309731875774816
2025-10-12 08:43:50.115826,58.82,52.55,286.51,98.69,52.748972916496605
2025-10-12 08:43:51.115826,23.2,57.01,148.2,26.26,51.97073037999867
2025-10-12 08:43:52.115825,50.95,84.32,208.36,32.94,52.160744960692014
2025-10-12 08:43:53.115825,44.76,65.37,179.31,98.78,52.524187441736515
2025-10-12 08:43:54.115824,50.52,36.73,288.95,98.29,52.74280979281067
2025-10-12 08:43:55.115824,18.97,24.98,63.13,29.66,51.790963789033206
2025-10-12 08:43:56.115824,19.05,68.16,176.37,60.36,52.264361590059686
2025-10-12 08:43:57.115823,91.95,28.54,207.64,109.35,52.635301511527764
2025-10-12 08:43:58.115823,93.25,66.96,209.25,121.25,52.739148982355104
2025-10-12 08:43:59.115822,46.22,62.69,127.5,78.27,52.27419288816905
2025-10-12 08:44:00.115822,77.06,94.48,180.46,20.61,52.02404575527325
2025-10-12 08:44:01.115821,65.74,38.65,204.39,144.56,52.86757216097568
2025-10-12 08:44:02.115821,19.94,98.12,285.97,55.99,52.489743616611456
2025-10-12 08:44:03.115820,35.22,69.84,59.82,114.05,52.36885282769259
2025-10-12 08:44:04.115820,36.66,43.92,216.87,147.95,52.920072774068814
2025-10-12 08:44:05.115819,60.64,96.31,278.67,67.61,52.55002741354256
2025-10-12 08:44:06.115819,59.3,50.81,231.66,127.17,52.81806386846465
2025-10-12 08:44:07.115819,88.5,29.08,162.41,138.8,52.73296446557756
2025-10-12 08:44:08.115818,77.15,81.71,65.27,149.17,52.62037531781969
2025-10-12 08:44:09.115818,82.83,32.52,244.63,133.88,52.88055651648064
2025-10-12 08:44:10.115817,85.75,97.15,205.17,141.04,52.87844416049974
2025-10-12 08:44:11.115817,78.11,88.24,278.24,133.97,52.98504986796313
2025-10-12 08:44:12.115816,38.29,23.77,78.59,125.21,52.458007263526305
2025-10-12 08:44:13.115816,28.28,57.43,84.32,82.6,52.206349359153165
2025-10-12 08:44:14.115815,58.6,81.64,73.71,146.32,52.61972654428267
2025-10-12 08:44:15.115815,68.61,81.0,240.16,137.77,52.92364895511971
2025-10-12 08:44:16.115814,42.86,57.38,241.54,27.68,52.18281348248145
2025-10-12 08:44:17.115814,82.11,66.53,181.62,133.41,52.75968921665845
2025-10-12 08:44:18.115814,91.65,20.22,125.89,95.43,52.360969378569216
2025-10-12 08:44:19.115813,58.4,37.69,53.1,21.33,51.72099156463261
2025-10-12 08:44:20.115813,48.81,75.51,218.96,102.92,52.64330624484012
2025-10-12 08:44:21.115812,81.65,42.16,137.91,84.83,52.32889127571474
2025-10-12 08:44:22.115812,12.06,98.64,134.83,88.07,52.37513475894807
2025-10-12 08:44:23.115811,20.97,79.15,158.83,126.85,52.673738598926256
2025-10-12 08:44:24.115811,81.88,79.23,131.84,78.89,52.29692240035304
2025-10-12 08:44:25.115810,72.22,46.44,191.55,124.68,52.712108520003085
2025-10-12 08:44:26.115810,45.37,64.99,211.51,124.45,52.764194007591655
2025-10-12 08:44:27.115809,85.55,76.14,55.63,66.21,52.045745944180894
2025-10-12 08:44:28.115809,39.87,56.66,295.93,75.34,52.616712505746904
2025-10-12 08:44:29.115808,63.88,50.56,144.86,30.34,51.98697766716365
2025-10-12 08:44:30.115808,63.92,39.4,240.69,32.84,52.20521564276534
2025-10-12 08:44:31.115808,25.67,69.15,272.69,40.27,52.34048704086078
2025-10-12 08:44:32.115807,34.21,91.58,184.79,24.55,52.05797473954526
2025-10-12 08:44:33.115807,87.86,66.14,144.07,114.25,52.55085842328585
2025-10-12 08:44:34.115806,25.59,44.99,88.92,81.23,52.20031341761852
2025-10-12 08:44:35.115806,24.75,94.11,189.99,117.46,52.68732282936538
2025-10-12 08:44:36.115805,50.77,75.55,280.83,75.61,52.596261344813215
2025-10-12 08:44:37.115805,17.84,85.68,232.5,141.39,52.933664683550795
2025-10-12 08:44:38.115804,86.04,98.78,151.13,125.09,52.656276025593826
2025-10-12 08:44:39.115804,18.51,75.32,235.62,86.52,52.570485699094135
2025-10-12 08:44:40.115803,62.41,85.65,136.75,53.27,52.141098495559
2025-10-12 08:44:41.115803,38.88,71.77,236.95,131.84,52.87219337267688
2025-10-12 08:44:42.115803,78.36,96.84,86.18,133.64,52.571069698220526
2025-10-12 08:44:43.115802,60.13,53.03,154.73,88.39,52.395048818848
2025-10-12 08:44:44.115802,43.01,51.54,101.78,38.71,51.949636579403794
2025-10-12 08:44:45.115801,93.63,42.88,297.53,105.23,52.810902977024966
2025-10-12 08:44:46.115801,15.63,31.99,129.29,76.5,52.249249331279515
2025-10-12 08:44:47.115800,59.11,74.38,273.69,140.79,53.012736481327785
2025-10-12 08:44:48.115800,94.11,70.96,158.47,32.18,52.04005828087694
2025-10-12 08:44:49.115799,68.73,29.74,120.73,134.0,52.611070048485075
2025-10-12 08:44:50.115799,72.88,50.92,170.39,140.47,52.77350646842787
2025-10-12 08:44:51.115798,12.73,77.02,165.6,112.52,52.59212664558324
2025-10-12 08:44:52.115798,11.82,83.45,289.03,19.91,52.248749804524415
2025-10-12 08:44:53.115797,13.07,78.04,83.58,89.5,52.2620061699413
2025-10-12 08:44:54.115797,94.3,23.66,266.3,109.49,52.7607482896526
2025-10-12 08:44:55.115796,93.26,28.85,89.9,101.14,52.325607044302046
2025-10-12 08:44:56.115796,38.43,27.36,249.37,137.15,52.90967063812408
2025-10-12 08:44:57.115795,34.73,23.04,174.27,31.18,52.041033392317196
2025-10-12 08:44:58.115795,22.41,80.56,286.66,64.26,52.53636132970755
2025-10-12 08:44:59.115795,37.98,52.2,210.46,93.81,52.551437876440566
2025-10-12 08:45:00.115794,41.46,86.67,138.81,69.3,52.252528279166086
2025-10-12 08:45:01.115794,73.6,41.38,157.21,91.94,52.417509123831444
2025-10-12 08:45:02.115793,83.63,25.19,242.19,67.09,52.427888189549094
2025-10-12 08:45:03.115793,73.47,70.98,209.58,143.93,52.89263267218224
2025-10-12 08:45:04.115792,64.95,48.43,101.98,141.45,52.63024593245538
2025-10-12 08:45:05.115792,75.1,85.32,116.99,26.75,51.92203743696899
2025-10-12 08:45:06.115791,72.77,95.2,153.02,135.27,52.72595053295973
2025-10-12 08:45:07.115791,50.44,73.44,120.31,11.43,51.82094782764987
2025-10-12 08:45:08.115790,38.55,20.13,163.53,104.11,52.5001705340533
2025-10-12 08:45:09.115790,34.04,39.47,217.4,69.18,52.39593481561956
2025-10-12 08:45:10.115790,67.75,72.64,207.81,123.69,52.75538015739515
2025-10-12 08:45:11.115789,91.54,44.59,198.23,119.21,52.68926268671451
2025-10-12 08:45:12.115789,59.39,91.28,262.91,82.51,52.61194039580505
2025-10-12 08:45:13.115788,87.56,66.24,211.8,106.73,52.64790724512442
2025-10-12 08:45:14.115788,11.21,55.45,183.69,20.91,52.01133060620075
2025-10-12 08:45:15.115787,77.53,83.03,51.0,80.1,52.131727098649954
2025-10-12 08:45:16.115787,82.56,55.51,234.69,69.97,52.447602776623825
2025-10-12 08:45:17.115786,63.63,96.44,51.93,64.06,52.03474349422394
2025-10-12 08:45:18.115786,89.4,96.04,257.17,103.88,52.74397531457815
2025-10-12 08:45:19.115785,60.14,92.76,181.4,32.39,52.10331395302773
2025-10-12 08:45:20.115785,30.45,97.53,261.9,14.35,52.16083520464964
2025-10-12 08:45:21.115784,28.34,61.45,259.63,59.32,52.43431533115675
2025-10-12 08:45:22.115784,57.25,86.75,186.19,121.8,52.703791831189044
2025-10-12 08:45:23.115784,87.05,61.69,90.66,138.43,52.59302520332194
2025-10-12 08:45:24.115783,16.15,20.16,130.87,28.08,51.92472229063584
2025-10-12 08:45:25.115783,61.37,59.12,250.19,71.52,52.493517816112536
2025-10-12 08:45:26.115782,75.43,34.08,277.07,127.66,52.91050263036254
2025-10-12 08:45:27.115782,19.81,64.32,78.05,17.1,51.761846312664616
2025-10-12 08:45:28.115781,19.93,45.1,232.63,75.92,52.476834995254116
2025-10-12 08:45:29.115781,41.12,35.06,53.8,40.45,51.84795000764628
2025-10-12 08:45:30.115780,33.28,97.15,103.26,110.97,52.45782304416684
2025-10-12 08:45:31.115780,26.86,65.85,71.94,11.22,51.710418263141825
2025-10-12 08:45:32.115779,26.89,24.4,94.14,66.6,52.103079222989294
2025-10-12 08:45:33.115779,21.11,77.13,172.93,78.68,52.38348370109
2025-10-12 08:45:34.115779,61.92,77.61,189.59,116.15,52.6685816782451
2025-10-12 08:45:35.115778,68.49,75.48,150.56,107.47,52.52513067256789
2025-10-12 08:45:36.115778,69.75,35.72,55.4,11.13,51.65718490813474
2025-10-12 08:45:37.115777,55.25,28.09,60.75,46.73,51.900828645006754
2025-10-12 08:45:38.115777,91.0,71.45,57.68,69.47,52.069220599282666
2025-10-12 08:45:39.115776,84.85,92.54,127.62,35.26,52.005592659866366
2025-10-12 08:45:40.115776,91.4,62.13,281.21,120.99,52.89081611049494
2025-10-12 08:45:41.115775,43.05,44.65,278.96,144.5,53.032252413694685
2025-10-12 08:45:42.115775,84.61,92.98,112.01,100.4,52.40432669194457
2025-10-12 08:45:43.115774,74.84,44.39,277.43,115.38,52.83551406146247
2025-10-12 08:45:44.115773,38.9,92.45,141.43,24.27,51.96255339084797
2025-10-12 08:45:45.115773,19.06,42.99,137.94,81.56,52.30771443365891
2025-10-12 08:45:46.115772,68.02,81.0,254.76,113.27,52.792704712925726
2025-10-12 08:45:47.115772,21.6,29.81,292.44,87.72,52.676374808359924
2025-10-12 08:45:48.115771,34.97,63.69,82.28,49.15,51.98339279371318
2025-10-12 08:45:49.115771,52.53,25.16,292.43,42.97,52.37675178761917
2025-10-12 08:45:50.115770,67.79,81.28,167.7,74.71,52.34809888627082
2025-10-12 08:45:51.115770,88.73,46.95,154.26,148.43,52.78914445129419
2025-10-12 08:45:52.115770,60.43,73.52,72.74,120.88,52.44425524370201
2025-10-12 08:45:53.115769,67.07,38.08,171.02,147.71,52.815783431934044
2025-10-12 08:45:54.115769,36.35,79.78,254.21,95.52,52.67302284932926
2025-10-12 08:45:55.115768,68.42,20.94,255.8,149.78,53.00387356916917
2025-10-12 08:45:56.115768,47.21,23.63,159.66,25.8,51.97396470873338
2025-10-12 08:45:57.115767,82.84,63.48,271.3,62.32,52.480668176055225
2025-10-12 08:45:58.115767,43.36,56.8,207.45,77.01,52.435963287147544
2025-10-12 08:45:59.115766,49.8,38.58,126.76,122.48,52.55260610708117
2025-10-12 08:46:00.115766,46.77,48.48,226.7,142.61,52.90848789569291
2025-10-12 08:46:01.115765,78.95,27.74,90.08,50.56,51.98967054708591
2025-10-12 08:46:02.115765,91.06,93.4,127.61,101.57,52.446161920296134
2025-10-12 08:46:03.115764,37.82,79.51,164.61,25.95,52.01678237474569
2025-10-12 08:46:04.115764,50.38,31.93,155.76,110.98,52.535479370241724
2025-10-12 08:46:05.115763,70.0,86.94,58.82,86.65,52.19433725641582
2025-10-12 08:46:06.115763,86.11,72.47,174.68,55.25,52.2291775613519
2025-10-12 08:46:07.115762,51.96,33.48,224.68,30.73,52.15319255745506
2025-10-12 08:46:08.115762,19.26,96.18,92.15,31.63,51.9065908725211
2025-10-12 08:46:09.115761,41.34,98.22,156.6,13.33,51.926055668388486
2025-10-12 08:46:10.115761,56.78,85.52,248.89,134.5,52.92339494662412
2025-10-12 08:46:11.115761,45.49,34.79,92.1,128.77,52.51706893170882
2025-10-12 08:46:12.115760,25.86,64.99,252.92,100.09,52.69232928688849
2025-10-12 08:46:13.115760,13.14,64.06,218.05,67.13,52.39741763809721
2025-10-12 08:46:14.115759,68.43,33.15,283.38,122.2,52.887432436390405
2025-10-12 08:46:15.115759,94.38,85.79,173.87,109.2,52.59290729160595
2025-10-12 08:46:16.115758,88.13,31.28,266.55,126.89,52.881016714769544
2025-10-12 08:46:17.115758,68.08,53.95,61.83,21.93,51.75295438655173
2025-10-12 08:46:18.115757,81.53,89.23,297.61,44.34,52.43272173732806
2025-10-12 08:46:19.115757,31.74,97.2,50.24,44.13,51.89922136527409
2025-10-12 08:46:20.115756,62.91,64.41,105.4,55.4,52.07542258948668
2025-10-12 08:46:21.115756,15.15,21.41,171.99,66.65,52.27060274444808
2025-10-12 08:46:22.115755,70.11,82.73,176.46,110.33,52.60432272262083
2025-10-12 08:46:23.115755,92.44,52.69,292.03,44.03,52.39823436647164
2025-10-12 08:46:24.115755,83.17,25.54,239.97,93.01,52.59530390805948
2025-10-12 08:46:25.115754,55.43,70.58,206.16,45.94,52.234613306653465
2025-10-12 08:46:26.115754,77.04,54.67,275.31,47.44,52.38570334758385
2025-10-12 08:46:27.115753,90.23,30.24,188.53,106.9,52.57853689711708
2025-10-12 08:46:28.115753,28.36,45.66,93.5,126.74,52.51267889451273
2025-10-12 08:46:29.115752,77.43,48.55,115.07,42.47,52.00175484931265
2025-10-12 08:46:30.115752,32.94,87.71,62.52,92.01,52.238366198731086
2025-10-12 08:46:31.115751,84.54,23.41,183.51,42.93,52.139267647801795
2025-10-12 08:46:32.115751,18.36,94.78,183.18,69.5,52.354604829923126
2025-10-12 08:46:33.115750,25.15,25.23,254.92,74.88,52.50722530297118
2025-10-12 08:46:34.115750,71.25,57.27,72.57,14.43,51.72831712983064
2025-10-12 08:46:35.115749,24.86,62.92,238.39,33.95,52.22067828808877
2025-10-12 08:46:36.115749,23.43,75.93,121.06,136.09,52.65135271867682
2025-10-12 08:46:37.115748,57.21,49.61,118.06,146.18,52.697173474641836
2025-10-12 08:46:38.115748,80.97,41.26,74.34,107.85,52.343296924971824
2025-10-12 08:46:39.115747,32.82,29.24,176.59,46.24,52.14947062598043
2025-10-12 08:46:40.115747,81.5,77.06,293.3,96.14,52.76041016507053
2025-10-12 08:46:41.115746,78.68,35.94,217.42,127.68,52.7822905107256
2025-10-12 08:46:42.115746,59.22,77.06,201.94,33.06,52.143577896418485
2025-10-12 08:46:43.115745,64.96,39.12,166.79,38.16,52.08008225722518
2025-10-12 08:46:44.115745,13.44,33.33,260.96,89.53,52.62206684225438
2025-10-12 08:46:45.115744,41.21,48.95,166.5,102.01,52.50870664545545
2025-10-12 08:46:46.115744,32.39,30.09,184.36,82.73,52.40898775937123
2025-10-12 08:46:47.115743,22.75,24.87,109.12,27.42,51.87578659711789
2025-10-12 08:46:48.115743,43.12,68.84,285.03,10.79,52.1714152149964
2025-10-12 08:46:49.115742,40.17,71.32,218.51,46.7,52.26685611774161
2025-10-12 08:46:50.115742,71.96,73.14,235.01,112.44,52.7399860521722
2025-10-12 08:46:51.115741,60.84,51.58,104.58,107.15,52.40998173911947
2025-10-12 08:46:52.115741,87.61,28.12,178.76,61.65,52.25583346839791
2025-10-12 08:46:53.115740,22.36,50.32,189.87,32.73,52.10033278072156
2025-10-12 08:46:54.115740,15.08,35.15,79.48,91.66,52.24359030465934
2025-10-12 08:46:55.115739,55.44,96.6,252.52,57.92,52.42915551067141
2025-10-12 08:46:56.115739,10.09,21.82,245.32,104.42,52.68056895248975
2025-10-12 08:46:57.115738,76.96,47.64,171.61,71.88,52.319082634028454
2025-10-12 08:46:58.115738,53.01,76.86,288.06,90.55,52.71183152742651
2025-10-12 08:46:59.115738,51.49,61.59,140.32,94.8,52.411100138322745
2025-10-12 08:47:00.115737,40.81,37.99,193.64,23.98,52.04357526478045
2025-10-12 08:47:01.115737,41.87,54.64,256.34,21.36,52.171443036579596
2025-10-12 08:47:02.115736,46.65,28.59,55.36,115.4,52.345192320737276
2025-10-12 08:47:03.115736,11.36,64.72,122.47,134.27,52.63609523717303
2025-10-12 08:47:04.115735,17.1,20.26,239.62,33.51,52.196694313214536
2025-10-12 08:47:05.115735,52.93,37.29,75.29,57.37,52.00810326345072
2025-10-12 08:47:06.115734,22.76,21.07,223.72,81.34,52.48011528840943
2025-10-12 08:47:07.115734,76.19,58.86,149.91,79.98,52.33201870212113
2025-10-12 08:47:08.115733,33.33,86.71,167.23,115.91,52.62355265609127
2025-10-12 08:47:09.115733,18.32,62.74,87.46,24.55,51.830824576051036
2025-10-12 08:47:10.115732,29.99,20.44,215.91,87.92,52.50649785854361
2025-10-12 08:47:11.115732,40.35,79.21,171.7,98.42,52.51299121695096
2025-10-12 08:47:12.115731,13.0,91.82,198.49,96.27,52.56384303002608
2025-10-12 08:47:13.115731,22.04,59.12,220.31,99.67,52.61554583599002
2025-10-12 08:47:14.115730,37.53,34.09,119.7,122.61,52.5356581996441
2025-10-12 08:47:15.115730,36.39,62.47,103.62,90.74,52.3050411444786
2025-10-12 08:47:16.115729,78.03,87.23,118.29,132.06,52.62488285283924
2025-10-12 08:47:17.115729,81.68,56.79,282.89,11.63,52.165645518039994
2025-10-12 08:47:18.115728,26.44,51.83,285.05,100.32,52.756224308279364
2025-10-12 08:47:19.115728,20.53,97.64,195.69,38.31,52.17631557164
2025-10-12 08:47:20.115728,63.9,73.68,228.0,27.55,52.161650250788526
2025-10-12 08:47:21.115727,78.39,25.89,96.63,72.89,52.15105682542082
2025-10-12 08:47:22.115727,91.92,45.02,94.71,40.44,51.94215722308405
2025-10-12 08:47:23.115726,10.58,23.01,92.06,73.63,52.14445399613812
2025-10-12 08:47:24.115726,45.16,58.23,155.91,116.21,52.585147758930766
2025-10-12 08:47:25.115725,72.39,79.7,259.21,86.18,52.62183181773305
2025-10-12 08:47:26.115724,80.43,30.11,79.16,108.59,52.352460262287636
2025-10-12 08:47:27.115724,15.29,66.07,205.1,70.86,52.39520426004894
2025-10-12 08:47:28.115723,67.85,59.97,194.35,88.73,52.48710106666538
2025-10-12 08:47:29.115723,34.56,20.18,84.31,12.45,51.72000638662215
2025-10-12 08:47:30.115722,16.34,47.37,53.48,90.42,52.185764637242976
2025-10-12 08:47:31.115721,51.57,86.38,257.97,92.26,52.66321247866807
2025-10-12 08:47:32.115721,23.44,36.3,52.45,92.35,52.19018221821626
2025-10-12 08:47:33.115720,72.65,25.41,220.38,69.04,52.39364768693515
2025-10-12 08:47:34.115720,73.01,73.43,207.48,120.52,52.7340639510703
2025-10-12 08:47:35.115719,81.58,71.74,268.47,89.62,52.66032042585538
2025-10-12 08:47:36.115719,42.09,38.29,131.25,69.03,52.20742531174331
2025-10-12 08:47:37.115718,11.13,44.66,228.67,34.65,52.19408394800604
2025-10-12 08:47:38.115718,32.08,95.88,67.88,89.88,52.24039960611773
2025-10-12 08:47:39.115717,49.76,22.87,83.53,138.48,52.55629695909017
2025-10-12 08:47:40.115717,68.99,22.6,189.01,25.56,52.03545831914826
2025-10-12 08:47:41.115716,42.47,90.99,133.6,49.06,52.10929421720153
2025-10-12 08:47:42.115716,55.56,91.86,82.6,74.95,52.17099732026386
2025-10-12 08:47:43.115715,54.56,59.93,158.1,30.85,52.02429237689929
2025-10-12 08:47:44.115715,24.02,28.08,81.79,22.77,51.78743114792344
2025-10-12 08:47:45.115714,62.96,47.28,197.01,121.3,52.701984702515354
2025-10-12 08:47:46.115714,47.34,23.11,260.12,55.16,52.38643912403058
2025-10-12 08:47:47.115713,78.67,97.93,233.95,56.09,52.37747137850316
2025-10-12 08:47:48.115713,68.7,74.35,107.4,75.14,52.21630836751074
2025-10-12 08:47:49.115713,19.47,50.71,197.46,69.66,52.36212396999805
2025-10-12 08:47:50.115712,51.54,76.81,238.4,14.53,52.09953251785474
2025-10-12 08:47:51.115712,69.71,68.56,121.65,79.85,52.27525657411928
2025-10-12 08:47:52.115711,17.4,25.32,181.61,121.11,52.655105175648224
2025-10-12 08:47:53.115711,77.36,67.12,257.23,145.07,53.001403612650144
2025-10-12 08:47:54.115710,28.87,86.39,99.71,120.47,52.507190831962184
2025-10-12 08:47:55.115710,52.76,46.84,246.41,135.63,52.90399850631343
2025-10-12 08:47:56.115709,89.95,85.94,220.84,139.93,52.89882872250023
2025-10-12 08:47:57.115709,58.56,70.35,141.89,113.37,52.542631309474565
2025-10-12 08:47:58.115708,46.04,31.61,152.39,138.91,52.71336881340502
2025-10-12 08:47:59.115708,10.58,38.12,248.0,52.14,52.34845672452387
2025-10-12 08:48:00.115707,21.34,59.75,157.66,124.43,52.644346796413046
2025-10-12 08:48:01.115707,59.19,89.74,156.63,25.24,52.00045239185021
2025-10-12 08:48:02.115706,51.98,20.18,161.78,89.98,52.40261904155534
2025-10-12 08:48:03.115706,40.93,75.74,186.86,19.95,52.023121740216666
2025-10-12 08:48:04.115705,88.47,69.33,186.85,31.35,52.09519826016573
2025-10-12 08:48:05.115705,38.26,29.8,117.72,50.62,52.05116530818556
2025-10-12 08:48:06.115705,55.66,22.68,210.75,44.61,52.209095019797125
2025-10-12 08:48:07.115704,58.34,77.19,213.08,135.82,52.84985100706891
2025-10-12 08:48:08.115704,54.83,26.28,263.96,53.47,52.38531458669149
2025-10-12 08:48:09.115703,50.59,64.37,257.92,22.86,52.19023854739326
2025-10-12 08:48:10.115703,38.65,21.42,218.13,22.83,52.07984299985261
2025-10-12 08:48:11.115702,87.24,53.33,190.29,10.45,51.95504144213938
2025-10-12 08:48:12.115702,48.32,51.72,202.37,12.28,51.9924931417767
2025-10-12 08:48:13.115701,54.92,90.55,78.97,123.64,52.48556031050696
2025-10-12 08:48:14.115701,65.8,48.13,89.83,69.23,52.124387582558406
2025-10-12 08:48:15.115700,15.75,60.68,133.25,143.47,52.718291615672136
2025-10-12 08:48:16.115700,76.41,30.82,92.77,36.59,51.904496837959414
2025-10-12 08:48:17.115699,53.56,44.51,121.9,19.63,51.86272796824027
2025-10-12 08:48:18.115699,65.86,41.58,200.92,125.94,52.73809113387081
2025-10-12 08:48:19.115698,75.62,50.65,161.49,80.04,52.35296654105439
2025-10-12 08:48:20.115698,84.3,87.74,183.61,20.08,52.0236109095216
2025-10-12 08:48:21.115697,43.34,91.5,123.97,110.6,52.497143771788565
2025-10-12 08:48:22.115697,78.97,39.1,153.49,71.63,52.27337070343755
2025-10-12 08:48:23.115697,32.0,90.21,258.01,24.71,52.217087176542975
2025-10-12 08:48:24.115696,66.13,34.94,148.2,105.6,52.48504821379157
2025-10-12 08:48:25.115696,18.73,43.67,196.81,49.12,52.2204698044805
2025-10-12 08:48:26.115695,11.7,78.01,217.38,127.03,52.80129281244719
2025-10-12 08:48:27.115695,18.14,27.78,95.31,13.09,51.7523407818194
2025-10-12 08:48:28.115694,37.15,75.99,81.19,149.06,52.65099336911363
2025-10-12 08:48:29.115694,12.64,73.15,243.0,114.55,52.77132623924841
2025-10-12 08:48:30.115693,63.59,81.95,125.64,120.61,52.561891712239046
2025-10-12 08:48:31.115693,36.91,38.62,298.47,149.29,53.10300691276441
2025-10-12 08:48:32.115692,72.59,89.47,149.34,80.9,52.35391672892294
2025-10-12 08:48:33.115692,13.9,44.71,159.1,104.12,52.504302008748375
2025-10-12 08:48:34.115691,28.42,83.01,262.58,20.71,52.19644531171215
2025-10-12 08:48:35.115691,44.68,38.29,264.9,43.79,52.32978643553188
2025-10-12 08:48:36.115691,42.53,22.73,194.98,52.46,52.22702004038781
2025-10-12 08:48:37.115690,21.13,37.73,137.64,107.46,52.47604104424644
2025-10-12 08:48:38.115690,94.5,84.4,95.57,28.46,51.88641573485984
2025-10-12 08:48:39.115689,34.18,71.26,211.01,60.6,52.34281244074938
2025-10-12 08:48:40.115689,71.29,94.92,94.02,42.74,51.98368519294524
2025-10-12 08:48:41.115688,28.7,48.66,92.2,69.07,52.128760945293315
2025-10-12 08:48:42.115688,84.62,74.32,180.34,26.65,52.052659284952306
2025-10-12 08:48:43.115687,42.96,70.85,200.09,32.2,52.13040271826664
2025-10-12 08:48:44.115687,86.58,42.69,284.27,113.14,52.83453685522797
2025-10-12 08:48:45.115686,39.06,99.0,165.85,66.01,52.29620017020791
2025-10-12 08:48:46.115686,10.73,79.19,99.79,84.23,52.2628270197475
2025-10-12 08:48:47.115685,53.95,33.49,87.05,117.25,52.42893189919364
2025-10-12 08:48:48.115685,54.61,68.02,227.15,30.19,52.17418020198052
2025-10-12 08:48:49.115684,20.19,25.92,254.7,48.88,52.334564845659216
2025-10-12 08:48:50.115684,29.97,34.61,232.13,55.52,52.334516173873354
2025-10-12 08:48:51.115684,76.6,39.4,295.49,18.85,52.23122127805613
2025-10-12 08:48:52.115683,13.12,58.69,217.32,17.17,52.06125262520922
2025-10-12 08:48:53.115683,51.61,29.43,192.36,33.32,52.098028526469996
2025-10-12 08:48:54.115682,55.08,80.69,191.69,69.99,52.36847689778452
2025-10-12 08:48:55.115681,68.54,22.01,272.83,63.27,52.46722258713257
2025-10-12 08:48:56.115681,13.18,81.61,281.03,93.06,52.715885364058394
2025-10-12 08:48:57.115680,59.78,57.44,278.22,140.88,53.01373570134157
2025-10-12 08:48:58.115680,10.26,40.74,55.05,103.06,52.26937588319951
2025-10-12 08:48:59.115679,32.54,48.45,188.35,27.08,52.05849550230591
2025-10-12 08:49:00.115679,52.47,25.5,266.18,30.4,52.23657567394685
2025-10-12 08:49:01.115678,87.46,91.46,147.05,122.16,52.62390754237386
2025-10-12 08:49:02.115677,20.76,46.8,293.37,51.83,52.4496343701895
2025-10-12 08:49:03.115677,24.39,35.97,73.33,142.64,52.569071554074526
2025-10-12 08:49:04.115676,66.89,73.91,193.63,116.87,52.680064849893895
2025-10-12 08:49:05.115676,41.86,24.18,90.31,133.7,52.54000557495132
2025-10-12 08:49:06.115675,62.99,32.54,155.3,40.11,52.06444282167199
2025-10-12 08:49:07.115674,94.78,89.99,191.93,139.54,52.835788032788294
2025-10-12 08:49:08.115674,93.88,97.27,118.77,93.99,52.37883104960024
2025-10-12 08:49:09.115673,40.07,37.0,102.36,44.24,51.97950978918213
2025-10-12 08:49:10.115673,52.83,62.7,149.58,147.23,52.77979060728805
2025-10-12 08:49:11.115672,86.9,76.76,164.51,80.32,52.37590007688912
2025-10-12 08:49:12.115672,17.83,77.87,206.42,68.5,52.38896778185864
2025-10-12 08:49:13.115671,48.45,46.69,173.75,35.0,52.078415941545586
2025-10-12 08:49:14.115670,42.09,57.88,158.5,48.84,52.14342274349477
2025-10-12 08:49:15.115670,35.07,62.0,226.44,34.79,52.19982245102595
2025-10-12 08:49:16.115669,94.51,59.96,295.52,21.5,52.26031230006635
2025-10-12 08:49:17.115669,72.35,63.35,169.73,59.84,52.2438324617928
2025-10-12 08:49:18.115668,43.04,51.4,176.3,86.94,52.43130299228214
2025-10-12 08:49:19.115667,80.47,58.88,78.52,148.26,52.63037426866203
2025-10-12 08:49:20.115667,51.62,27.56,56.42,104.97,52.2776924908078
2025-10-12 08:49:21.115666,84.19,91.72,240.26,36.92,52.2604679864683
2025-10-12 08:49:22.115666,32.64,53.72,220.56,142.22,52.895496835149714
2025-10-12 08:49:23.115665,29.01,52.37,277.29,47.93,52.39197067811892
2025-10-12 08:49:24.115664,31.02,55.09,296.78,141.81,53.058857247675455
2025-10-12 08:49:25.115664,55.77,88.16,238.71,143.02,52.95933227754459
2025-10-12 08:49:26.115663,34.76,38.09,60.37,64.55,52.02384221334812
2025-10-12 08:49:27.115663,22.51,59.64,73.83,57.03,52.015113052357556
2025-10-12 08:49:28.115663,94.54,82.2,179.95,106.8,52.58816831673868
2025-10-12 08:49:29.115662,86.54,53.02,143.68,52.16,52.13061039314889
2025-10-12 08:49:30.115662,63.98,22.1,259.55,141.19,52.955639015341056
2025-10-12 08:49:31.115661,85.78,98.84,249.17,114.35,52.79767255981193
2025-10-12 08:49:32.115661,89.51,55.82,77.75,69.04,52.10120314648211
2025-10-12 08:49:33.115660,67.47,33.42,262.84,25.13,52.198759096244366
2025-10-12 08:49:34.115660,54.09,44.25,268.0,66.42,52.49002554405454
2025-10-12 08:49:35.115659,84.97,84.7,84.77,47.17,51.98733961215015
2025-10-12 08:49:36.115659,58.26,79.88,294.64,149.08,53.1162585554571
2025-10-12 08:49:37.115658,20.78,65.14,138.7,127.26,52.62500464987082
2025-10-12 08:49:38.115658,41.18,81.21,129.14,84.5,52.32940229377623
2025-10-12 08:49:39.115658,47.9,36.6,259.16,125.02,52.855535882833614
2025-10-12 08:49:40.115657,89.51,29.71,299.21,48.6,52.43135601382424
2025-10-12 08:49:41.115657,66.03,73.88,176.94,80.92,52.40524067471467
2025-10-12 08:49:42.115656,84.4,22.29,239.4,79.91,52.50531235688989
2025-10-12 08:49:43.115656,74.4,51.07,111.9,23.22,51.86851500154429
2025-10-12 08:49:44.115655,36.34,40.71,220.45,52.04,52.28947844522303
2025-10-12 08:49:45.115655,71.09,41.95,115.98,70.27,52.18457116597213
2025-10-12 08:49:46.115654,26.6,88.5,104.47,15.5,51.82198237001928
2025-10-12 08:49:47.115654,44.69,33.31,100.65,148.26,52.66414935570302
2025-10-12 08:49:48.115653,78.52,74.88,185.98,122.94,52.70429955459207
2025-10-12 08:49:49.115653,62.01,60.02,212.32,98.67,52.59207916413962
2025-10-12 08:49:50.115653,80.16,91.4,261.33,10.18,52.128511700082946
2025-10-12 08:49:51.115652,31.65,36.03,193.1,110.44,52.615165742011165
2025-10-12 08:49:52.115652,73.73,33.59,132.82,47.73,52.06684373394113
2025-10-12 08:49:53.115651,27.2,70.03,190.06,60.58,52.296555356817564
2025-10-12 08:49:54.115651,56.35,83.29,175.96,71.45,52.34549553486571
2025-10-12 08:49:55.115650,46.85,70.26,183.04,35.77,52.116788215453774
2025-10-12 08:49:56.115650,57.3,78.6,100.82,19.58,51.835638063614425
2025-10-12 08:49:57.115649,21.52,57.36,125.86,108.69,52.46957425785599
2025-10-12 08:49:58.115649,40.7,74.62,161.88,53.26,52.18940264377645
2025-10-12 08:49:59.115648,66.69,21.19,96.55,77.97,52.18198569205038
2025-10-12 08:50:00.115648,57.48,46.54,97.01,27.13,51.85965034561073
2025-10-12 08:50:01.115647,56.66,29.05,254.2,67.42,52.45827518679915
2025-10-12 08:50:02.115647,53.42,52.45,104.34,50.17,52.03175766939989
2025-10-12 08:50:03.115646,90.23,21.93,244.89,132.62,52.86686644160208
2025-10-12 08:50:04.115646,89.44,29.26,165.81,61.02,52.22419793632594
2025-10-12 08:50:05.115645,40.61,87.91,195.92,112.1,52.661160480102055
2025-10-12 08:50:06.115645,39.91,82.57,65.09,114.48,52.39021894680063
2025-10-12 08:50:07.115645,57.17,22.23,99.85,10.25,51.74025087940032
2025-10-12 08:50:08.115644,18.13,28.72,126.03,79.72,52.26173115840607
2025-10-12 08:50:09.115644,35.76,38.6,284.0,82.62,52.62910873850519
2025-10-12 08:50:10.115643,29.62,98.87,297.49,95.96,52.78043623597835
2025-10-12 08:50:11.115643,28.99,22.43,109.64,119.3,52.48538277919191
2025-10-12 08:50:12.115642,64.27,58.41,232.82,46.41,52.288787672776834
2025-10-12 08:50:13.115642,42.67,98.58,296.46,45.97,52.44624738115327
2025-10-12 08:50:14.115641,24.55,51.3,297.71,141.12,53.0541863819158
2025-10-12 08:50:15.115641,85.44,60.94,109.9,28.68,51.905906750718486
2025-10-12 08:50:16.115640,84.3,36.77,71.39,117.92,52.40123725819532
2025-10-12 08:50:17.115640,83.31,63.49,222.53,11.66,52.038652252882414
2025-10-12 08:50:18.115639,43.21,47.64,198.64,20.96,52.03974404787601
2025-10-12 08:50:19.115639,14.84,24.41,212.65,14.64,52.015261669055036
2025-10-12 08:50:20.115638,19.07,40.69,83.78,114.68,52.408787051272704
2025-10-12 08:50:21.115638,33.46,65.81,259.19,82.0,52.58631804708887
2025-10-12 08:50:22.115638,28.7,97.0,122.21,13.55,51.85224600348643
2025-10-12 08:50:23.115637,84.29,52.2,54.87,119.55,52.384807962644665
2025-10-12 08:50:24.115637,93.84,98.03,74.88,133.82,52.54841692496893
2025-10-12 08:50:25.115636,79.42,40.28,144.77,107.0,52.48987129707083
2025-10-12 08:50:26.115636,72.04,24.76,239.38,15.38,52.07834469300027
2025-10-12 08:50:27.115635,60.03,93.43,245.59,149.24,53.01846987870902
2025-10-12 08:50:28.115635,75.44,52.76,224.52,24.46,52.1219556207821
2025-10-12 08:50:29.115634,90.5,23.96,169.69,120.96,52.62749881399026
2025-10-12 08:50:30.115634,61.11,52.56,283.07,53.32,52.44038756181503
2025-10-12 08:50:31.115633,23.14,88.0,212.9,134.99,52.8499652427513
2025-10-12 08:50:32.115633,23.93,41.74,184.81,77.71,52.383125881719245
2025-10-12 08:50:33.115632,59.63,68.56,107.85,22.75,51.86634071737701
2025-10-12 08:50:34.115632,38.34,40.11,281.55,134.01,52.96572030126292
2025-10-12 08:50:35.115632,87.37,42.85,89.33,142.92,52.60946092005071
2025-10-12 08:50:36.115631,61.99,94.62,59.41,46.81,51.93546335092442
2025-10-12 08:50:37.115631,67.5,44.49,93.49,33.23,51.89136204315644
2025-10-12 08:50:38.115630,10.49,31.12,72.17,11.36,51.69252628613003
2025-10-12 08:50:39.115630,52.4,65.58,115.25,34.02,51.955534616852376
2025-10-12 08:50:40.115629,46.65,67.32,80.31,117.3,52.433464230000716
2025-10-12 08:50:41.115629,70.0,33.37,202.82,23.44,52.057332328263506
2025-10-12 08:50:42.115628,42.52,43.6,192.59,145.51,52.85103720122559
2025-10-12 08:50:43.115628,93.01,20.78,89.02,38.64,51.904384242635665
2025-10-12 08:50:44.115627,66.97,85.37,177.39,110.02,52.60575095458836
2025-10-12 08:50:45.115627,66.09,57.21,134.34,52.83,52.117129922811515
2025-10-12 08:50:46.115626,88.14,94.46,190.44,35.02,52.14132304488985
2025-10-12 08:50:47.115626,94.59,44.14,221.67,40.54,52.21770491695965
2025-10-12 08:50:48.115626,26.81,45.1,234.46,76.94,52.487574166952406
2025-10-12 08:50:49.115625,78.9,58.94,102.43,138.35,52.61649329938188
2025-10-12 08:50:50.115625,23.8,30.46,191.88,119.33,52.66842571925902
2025-10-12 08:50:51.115624,48.85,42.58,74.6,61.47,52.036761965327685
2025-10-12 08:50:52.115624,18.52,40.04,283.79,114.05,52.83806141891064
2025-10-12 08:50:53.115623,62.99,53.85,150.18,43.97,52.09081183242932
2025-10-12 08:50:54.115623,49.82,32.38,194.27,81.77,52.425384537784765
2025-10-12 08:50:55.115622,63.44,30.68,240.92,30.05,52.18234585457328
2025-10-12 08:50:56.115622,67.63,59.15,64.48,52.52,51.96462676095896
2025-10-12 08:50:57.115621,62.65,86.77,94.38,60.61,52.098538950544736
2025-10-12 08:50:58.115621,34.99,49.27,200.53,140.19,52.83610318243501
2025-10-12 08:50:59.115621,81.14,29.48,60.33,141.34,52.52863613681177
2025-10-12 08:51:00.115620,56.89,89.14,51.56,75.66,52.106871520714456
2025-10-12 08:51:01.115620,51.64,82.87,130.89,71.12,52.24531575532073
2025-10-12 08:51:02.115619,93.9,47.41,209.7,22.32,52.07263159089614
2025-10-12 08:51:03.115619,34.1,23.18,229.53,52.48,52.30234132367911
2025-10-12 08:51:04.115618,54.88,98.24,114.61,11.81,51.82490284697526
2025-10-12 08:51:05.115618,68.0,79.12,281.97,33.06,52.31830720992306
2025-10-12 08:51:06.115617,20.64,22.76,153.23,36.75,52.03221151017735
2025-10-12 08:51:07.115617,40.11,91.75,275.24,145.73,53.0585489578917
2025-10-12 08:51:08.115616,78.14,64.24,254.6,129.58,52.891286893068305
2025-10-12 08:51:09.115616,30.12,48.89,57.08,120.46,52.39379992526228
2025-10-12 08:51:10.115615,51.93,23.59,246.33,42.17,52.27057874083567
2025-10-12 08:51:11.115615,63.6,92.39,132.33,147.55,52.76101596487102
2025-10-12 08:51:12.115615,67.05,90.96,204.15,78.76,52.45942371570216
2025-10-12 08:51:13.115614,71.91,85.07,265.24,47.81,52.38322879863773
2025-10-12 08:51:14.115614,83.61,43.81,291.67,135.26,52.99802514358829
2025-10-12 08:51:15.115613,43.39,40.54,132.75,36.99,51.99927464390721
2025-10-12 08:51:16.115613,70.06,26.48,193.84,77.66,52.39389086938327
2025-10-12 08:51:17.115612,72.23,72.39,91.37,76.95,52.19246263475439
2025-10-12 08:51:18.115612,35.52,20.31,61.66,78.06,52.10641784183105
2025-10-12 08:51:19.115611,92.29,60.27,122.93,80.34,52.27667342570053
2025-10-12 08:51:20.115611,83.54,44.71,110.54,12.23,51.78908437251751
2025-10-12 08:51:21.115610,34.64,53.24,213.89,45.11,52.236224519462745
2025-10-12 08:51:22.115610,67.38,47.08,158.65,117.31,52.59218901189106
2025-10-12 08:51:23.115606,71.01,88.03,97.14,86.42,52.276532316831506
2025-10-12 08:51:24.115605,46.68,32.22,75.02,144.69,52.58425728369641
2025-10-12 08:51:25.115605,83.42,60.84,51.91,38.73,51.84677588819715
2025-10-12 08:51:26.115604,68.67,21.87,202.68,52.66,52.24457020251846
2025-10-12 08:51:27.115604,65.94,82.19,61.89,67.53,52.07145042137508
2025-10-12 08:51:28.115603,28.77,89.85,92.45,99.56,52.354585030179074
2025-10-12 08:51:29.115603,44.67,57.26,257.16,17.12,52.146537370529174
2025-10-12 08:51:30.115602,46.88,46.13,223.01,91.49,52.55988356211546
2025-10-12 08:51:31.115602,72.36,98.01,228.62,122.23,52.804939441346775
2025-10-12 08:51:32.115601,62.56,37.83,170.54,59.02,52.22595023999887
2025-10-12 08:51:33.115601,17.3,20.73,205.15,132.69,52.78046828795662
2025-10-12 08:51:34.115600,36.15,78.24,225.73,143.6,52.92951008598809
2025-10-12 08:51:35.115600,50.21,68.74,100.07,66.03,52.13682408689519
2025-10-12 08:51:36.115600,72.62,29.75,223.94,98.48,52.59918264332005
2025-10-12 08:51:37.115599,73.2,65.91,220.49,138.89,52.880024349860335
2025-10-12 08:51:38.115599,51.7,87.74,224.99,88.22,52.565621849383085
2025-10-12 08:51:39.115598,19.94,50.17,227.13,45.24,52.26409681161917
2025-10-12 08:51:40.115598,34.9,20.52,166.66,38.04,52.06865677990518
2025-10-12 08:51:41.115597,31.65,68.14,282.44,140.6,53.02698270865944
2025-10-12 08:51:42.115597,76.39,94.37,144.57,92.54,52.42355351025681
2025-10-12 08:51:43.115596,25.3,96.28,203.43,56.16,52.31082087496661
2025-10-12 08:51:44.115596,49.52,44.9,67.14,132.28,52.49185191022414
2025-10-12 08:51:45.115595,67.01,75.8,211.7,17.93,52.06362540591534
2025-10-12 08:51:46.115595,92.01,29.28,178.06,20.37,51.980976987640304
2025-10-12 08:51:47.115594,94.94,68.99,281.05,65.97,52.52910665932913
2025-10-12 08:51:48.115594,91.0,81.95,199.49,139.5,52.847447428175876
2025-10-12 08:51:49.115594,71.05,98.83,112.71,131.92,52.61830374187192
2025-10-12 08:51:50.115593,73.45,37.5,138.95,121.29,52.57054689436746
2025-10-12 08:51:51.115593,74.53,26.78,188.25,78.64,52.38843762048749
2025-10-12 08:51:52.115592,83.32,36.67,167.89,60.86,52.231769589898434
2025-10-12 08:51:53.115592,90.9,21.48,249.4,82.89,52.546330392121554
2025-10-12 08:51:54.115591,47.89,51.27,229.66,23.33,52.12477526132902
2025-10-12 08:51:55.115591,45.4,68.27,189.75,37.49,52.14165101753241
2025-10-12 08:51:56.115590,49.14,51.1,96.45,35.9,51.91918063129977
2025-10-12 08:51:57.115590,66.08,23.99,69.51,21.64,51.751020821462305
2025-10-12 08:51:58.115589,75.91,68.06,187.06,143.46,52.83904341843403
2025-10-12 08:51:59.115589,84.0,85.6,128.66,33.95,51.995292997168264
2025-10-12 08:52:00.115589,48.78,76.56,111.55,133.3,52.612558417653425
2025-10-12 08:52:01.115588,40.89,92.69,154.08,57.53,52.210877654186355
2025-10-12 08:52:02.115588,93.58,97.59,236.06,11.03,52.08278668316936
2025-10-12 08:52:03.115587,29.71,30.07,198.67,31.55,52.100322969452264
2025-10-12 08:52:04.115587,28.87,95.12,138.09,125.23,52.626885721668515
2025-10-12 08:52:05.115586,70.81,98.09,142.12,142.22,52.75004487314097
2025-10-12 08:52:06.115586,25.27,69.01,226.0,30.24,52.17256846643847
2025-10-12 08:52:07.115585,43.95,31.97,289.67,38.69,52.346146557531995
2025-10-12 08:52:08.115585,34.85,62.53,58.26,131.93,52.480075804489694
2025-10-12 08:52:09.115584,24.34,89.21,125.55,67.47,52.21303453720812
2025-10-12 08:52:10.115584,59.28,35.08,285.75,114.74,52.84413307038863
2025-10-12 08:52:11.115583,41.75,22.98,206.77,126.85,52.7464724610436
2025-10-12 08:52:12.115583,49.29,27.44,59.12,21.27,51.7279485820369
2025-10-12 08:52:13.115582,26.65,59.87,161.04,112.94,52.5754833044695
2025-10-12 08:52:14.115582,75.27,83.77,129.12,19.29,51.89797140222593
2025-10-12 08:52:15.115581,36.75,41.04,186.53,121.09,52.674388729124765
2025-10-12 08:52:16.115581,39.13,30.09,118.63,11.63,51.79451608939159
2025-10-12 08:52:17.115581,31.43,65.7,214.68,100.57,52.61296837110094
2025-10-12 08:52:18.115580,46.92,76.73,126.38,86.94,52.337118482123124
2025-10-12 08:52:19.115580,49.4,31.08,113.8,79.48,52.23492447496502
2025-10-12 08:52:20.115579,55.02,92.86,229.37,133.54,52.87876796618154
2025-10-12 08:52:21.115579,92.24,89.09,198.3,75.45,52.423725801498406
2025-10-12 08:52:22.115578,86.9,69.26,67.03,137.19,52.537753253362425
2025-10-12 08:52:23.115578,61.8,49.96,69.28,62.05,52.03317801496809
2025-10-12 08:52:24.115577,13.31,82.52,296.13,76.74,52.640824109703225
2025-10-12 08:52:25.115577,62.04,89.15,151.99,31.14,52.02921958156487
2025-10-12 08:52:26.115576,17.62,49.86,51.59,132.92,52.465131312888374
2025-10-12 08:52:27.115576,70.38,77.68,228.43,19.28,52.10991846297773
2025-10-12 08:52:28.115575,43.16,56.11,75.12,134.54,52.53039646666841
2025-10-12 08:52:29.115575,81.2,96.61,257.96,111.38,52.79578487261181
2025-10-12 08:52:30.115574,90.11,78.84,169.63,92.23,52.467211353161495
2025-10-12 08:52:31.115574,45.45,34.9,298.73,51.9,52.455104814242425
2025-10-12 08:52:32.115574,49.15,44.46,61.2,116.8,52.37597959822161
2025-10-12 08:52:33.115573,60.16,58.59,298.51,144.23,53.08061862230711
2025-10-12 08:52:34.115573,26.76,49.18,140.93,120.11,52.57350707941107
2025-10-12 08:52:35.115572,88.82,83.64,68.5,131.73,52.51270204647745
2025-10-12 08:52:36.115572,46.8,45.55,293.73,138.21,53.02304092021701
2025-10-12 08:52:37.115571,24.18,72.61,216.52,16.31,52.06155304897411
2025-10-12 08:52:38.115571,74.83,20.81,56.48,93.82,52.20006290553479
2025-10-12 08:52:39.115570,28.63,54.03,123.97,21.31,51.88366415250679
2025-10-12 08:52:40.115570,22.2,90.29,106.4,103.82,52.413361508820564
2025-10-12 08:52:41.115569,57.84,81.4,97.73,79.02,52.225008534359006
2025-10-12 08:52:42.115569,67.08,62.93,223.18,27.05,52.14189702800002
2025-10-12 08:52:43.115568,58.41,21.67,139.1,72.76,52.23996295149064
2025-10-12 08:52:44.115568,65.8,36.61,270.68,38.92,52.309065409610376
2025-10-12 08:52:45.115568,19.82,54.48,50.24,121.73,52.39050302940126
2025-10-12 08:52:46.115567,50.46,47.38,172.69,27.57,52.027186292063384
2025-10-12 08:52:47.115567,40.35,72.36,264.85,131.06,52.927859072195865
2025-10-12 08:52:48.115566,92.74,54.26,268.44,16.72,52.16667969084753
2025-10-12 08:52:49.115566,14.22,98.73,242.2,90.88,52.6267185719022
2025-10-12 08:52:50.115565,35.36,35.02,299.48,80.37,52.645759304138465
2025-10-12 08:52:51.115565,90.06,44.89,76.57,147.71,52.61471176560932
2025-10-12 08:52:52.115564,93.6,79.03,122.23,107.05,52.46287072807004
2025-10-12 08:52:53.115564,80.12,22.8,80.86,135.85,52.53301101764542
2025-10-12 08:52:54.115563,16.46,41.11,154.27,123.91,52.62317331859989
2025-10-12 08:52:55.115563,57.72,92.2,223.23,40.87,52.250014231434236
2025-10-12 08:52:56.115562,44.01,72.28,226.81,68.87,52.432539339765206
2025-10-12 08:52:57.115562,78.55,32.04,230.67,72.29,52.44122558773241
2025-10-12 08:52:58.115562,14.68,80.12,187.44,145.32,52.85892170825458
2025-10-12 08:52:59.115561,26.76,70.07,84.55,67.72,52.115118272910095
2025-10-12 08:53:00.115561,51.58,87.95,236.03,72.29,52.48395364415712
2025-10-12 08:53:01.115560,23.4,84.84,116.28,58.88,52.1334835838591
2025-10-12 08:53:02.115560,68.88,98.19,99.5,125.61,52.547414794750544
2025-10-12 08:53:03.115559,79.77,94.59,146.35,80.57,52.34808942737804
2025-10-12 08:53:04.115559,69.88,54.22,144.7,139.28,52.71172291224407
2025-10-12 08:53:05.115558,47.42,92.63,158.18,26.56,52.014183094940925
2025-10-12 08:53:06.115558,84.66,75.65,132.15,137.51,52.684675748236074
2025-10-12 08:53:07.115557,21.7,98.18,114.4,79.72,52.27514603763605
2025-10-12 08:53:08.115557,32.13,53.52,202.23,100.94,52.581644704994176
2025-10-12 08:53:09.115556,51.61,42.75,74.03,88.33,52.213895330930114
2025-10-12 08:53:10.115556,15.21,48.65,266.15,62.44,52.46204457783938
2025-10-12 08:53:11.115556,18.13,38.82,281.85,71.66,52.55182413912633
2025-10-12 08:53:12.115555,43.78,53.39,148.35,64.53,52.2230474790246
2025-10-12 08:53:13.115555,90.23,64.26,279.0,101.56,52.75824683242336
2025-10-12 08:53:14.115554,87.22,39.9,92.43,73.04,52.15073635765069
2025-10-12 08:53:15.115554,49.61,80.14,93.38,124.71,52.518126083474044
2025-10-12 08:53:16.115553,22.08,47.74,53.82,135.64,52.48684197024798
2025-10-12 08:53:17.115553,25.14,40.8,118.31,86.47,52.29650774186024
2025-10-12 08:53:18.115552,42.09,48.09,61.96,147.72,52.58486949854973
2025-10-12 08:53:19.115552,27.86,96.61,257.96,87.06,52.63436823962095
2025-10-12 08:53:20.115551,17.05,55.44,131.99,59.45,52.15498642968744
2025-10-12 08:53:21.115551,67.27,83.19,149.39,11.32,51.888715486093474
2025-10-12 08:53:22.115550,59.42,49.3,178.36,138.37,52.7759539189285
2025-10-12 08:53:23.115550,34.76,20.44,227.74,134.5,52.841317514333895
2025-10-12 08:53:24.115550,76.21,25.29,252.06,149.86,52.998712439071475
2025-10-12 08:53:25.115549,75.96,46.05,219.82,122.88,52.76126163358536
2025-10-12 08:53:26.115549,51.74,83.69,231.36,146.97,52.967120585041954
2025-10-12 08:53:27.115548,18.21,98.68,236.45,131.18,52.88169817315141
2025-10-12 08:53:28.115548,88.07,32.8,279.52,66.44,52.508775367655026
2025-10-12 08:53:29.115547,66.84,94.46,166.08,34.91,52.0877566366652
2025-10-12 08:53:30.115547,31.0,36.15,58.66,132.26,52.46845866632246
2025-10-12 08:53:31.115546,61.89,87.23,142.7,32.13,52.01457251408465
2025-10-12 08:53:32.115546,44.43,57.4,181.08,39.82,52.13226374007226
2025-10-12 08:53:33.115545,64.0,69.35,262.76,17.22,52.16607295010441
2025-10-12 08:53:34.115545,50.28,59.14,137.35,87.14,52.35245442509788
2025-10-12 08:53:35.115544,51.27,43.7,267.37,46.68,52.35733485617733
2025-10-12 08:53:36.115544,72.55,62.72,288.25,127.5,52.949622084973925
2025-10-12 08:53:37.115543,62.17,61.68,280.9,71.37,52.56055567626668
2025-10-12 08:53:38.115543,16.8,98.07,251.99,53.85,52.40181031039005
2025-10-12 08:53:39.115543,15.56,39.47,251.71,11.82,52.08964284383595
2025-10-12 08:53:40.115542,35.93,96.29,287.3,146.2,53.0903518907766
2025-10-12 08:53:41.115542,46.57,40.58,224.42,130.9,52.82142633359379
2025-10-12 08:53:42.115541,33.39,40.58,280.98,49.55,52.40416777574186
2025-10-12 08:53:43.115541,65.37,60.46,286.0,127.1,52.9408297827158
2025-10-12 08:53:44.115540,26.58,69.2,148.19,103.18,52.48802309910735
2025-10-12 08:53:45.115540,69.85,24.76,189.91,45.22,52.16909928689845
2025-10-12 08:53:46.115539,75.72,83.18,273.83,120.31,52.8820057189382
2025-10-12 08:53:47.115539,20.57,62.88,50.42,41.14,51.86067459253209
2025-10-12 08:53:48.115538,65.32,79.21,80.85,45.59,51.96529639741212
2025-10-12 08:53:49.115538,91.72,60.39,89.4,90.28,52.269988070317915
2025-10-12 08:53:50.115537,26.39,96.74,205.2,54.14,52.30150872352783
2025-10-12 08:53:51.115537,87.29,77.83,94.07,133.38,52.575882140916946
2025-10-12 08:53:52.115536,61.51,29.15,245.87,16.09,52.09957589895097
2025-10-12 08:53:53.115536,60.23,72.95,69.5,53.72,51.99115651050891
2025-10-12 08:53:54.115535,14.41,82.37,166.24,103.01,52.5333712141883
2025-10-12 08:53:55.115535,73.61,63.94,86.48,126.22,52.504170355639886
2025-10-12 08:53:56.115535,50.65,59.44,274.95,65.75,52.50910311061282
2025-10-12 08:53:57.115534,71.3,95.1,51.37,120.3,52.40605939766908
2025-10-12 08:53:58.115534,78.78,70.89,186.02,149.75,52.88010995909879
2025-10-12 08:53:59.115533,54.52,23.04,156.6,142.08,52.738772698210845
2025-10-12 08:54:00.115533,32.41,23.1,115.94,52.99,52.05930752161652
2025-10-12 08:54:01.115532,22.03,56.14,296.99,28.13,52.3053802765456
2025-10-12 08:54:02.115532,23.64,88.01,296.57,74.43,52.62950058257838
2025-10-12 08:54:03.115531,83.69,79.86,216.06,69.54,52.417886442388244
2025-10-12 08:54:04.115531,20.5,82.14,151.49,81.36,52.3575555170048
2025-10-12 08:54:05.115530,42.7,58.16,236.36,132.91,52.87044433094192
2025-10-12 08:54:06.115530,38.41,65.84,165.6,54.48,52.20068437331277
2025-10-12 08:54:07.115529,83.56,33.09,222.25,127.99,52.79323877349333
2025-10-12 08:54:08.115529,50.6,70.74,203.49,61.1,52.32953104861451
2025-10-12 08:54:09.115528,94.7,43.36,134.78,120.92,52.56230636698278
2025-10-12 08:54:10.115528,72.65,39.37,86.45,144.21,52.60984034715458
2025-10-12 08:54:11.115528,82.33,69.74,275.86,103.59,52.76795823462645
2025-10-12 08:54:12.115527,18.39,28.54,217.96,115.27,52.69697757648374
2025-10-12 08:54:13.115527,31.51,33.77,178.63,90.17,52.44798741635575
2025-10-12 08:54:14.115526,21.51,35.74,159.34,11.26,51.883502496121196
2025-10-12 08:54:15.115526,49.41,69.19,158.96,80.2,52.35885464584715
2025-10-12 08:54:16.115525,71.05,70.01,183.23,117.48,52.659386621590315
2025-10-12 08:54:17.115525,24.37,81.19,230.14,78.57,52.509099418919256
2025-10-12 08:54:18.115524,21.06,24.31,156.93,59.58,52.19262619388409
2025-10-12 08:54:19.115524,62.24,77.49,273.08,18.89,52.204069151029444
2025-10-12 08:54:20.115523,29.58,77.12,184.42,66.69,52.32881970826982
2025-10-12 08:54:21.115523,50.74,82.8,246.06,102.15,52.70103029541878
2025-10-12 08:54:22.115522,14.35,74.42,292.04,99.4,52.777845901580775
2025-10-12 08:54:23.115522,67.85,55.21,264.37,78.44,52.56802823027533
2025-10-12 08:54:24.115521,56.01,60.53,212.46,111.0,52.67450317046885
2025-10-12 08:54:25.115521,65.03,98.67,62.81,18.02,51.75400595984847
2025-10-12 08:54:26.115520,33.41,63.62,121.18,123.58,52.561733696002676
2025-10-12 08:54:27.115520,33.68,93.9,230.53,24.89,52.160731063023114
2025-10-12 08:54:28.115519,78.12,32.09,190.52,38.77,52.13169006899848
2025-10-12 08:54:29.115519,71.08,20.33,65.32,99.97,52.259788417067945
2025-10-12 08:54:30.115518,59.28,71.91,263.74,29.08,52.2483398160381
2025-10-12 08:54:31.115518,63.39,61.11,271.29,80.24,52.598266643962674
2025-10-12 08:54:32.115518,17.99,62.29,162.53,128.56,52.6837343294709
2025-10-12 08:54:33.115517,82.77,81.32,129.78,89.98,52.3672234722336
2025-10-12 08:54:34.115517,75.44,80.54,136.63,94.66,52.41270914897429
2025-10-12 08:54:35.115516,60.19,88.87,163.01,96.14,52.48438377298845
2025-10-12 08:54:36.115516,88.08,53.56,237.76,56.96,52.36682683564099
2025-10-12 08:54:37.115515,24.33,38.63,235.38,10.65,52.045990618186146
2025-10-12 08:54:38.115515,68.37,57.62,175.58,41.18,52.12948333070736
2025-10-12 08:54:39.115514,91.85,96.19,210.64,90.28,52.55287030805933
2025-10-12 08:54:40.115514,36.35,90.12,221.77,140.87,52.9094101417618
2025-10-12 08:54:41.115513,11.3,86.86,119.91,32.57,51.9678560321739
2025-10-12 08:54:42.115513,72.46,85.86,173.51,144.9,52.829113335602884
2025-10-12 08:54:43.115512,10.59,20.37,209.89,99.52,52.57039315353604
2025-10-12 08:54:44.115512,84.17,83.36,158.47,122.93,52.64928194688247
2025-10-12 08:54:45.115511,14.79,84.15,77.1,32.05,51.87004316606093
2025-10-12 08:54:46.115511,65.49,68.84,135.4,125.56,52.60862206918209
2025-10-12 08:54:47.115511,42.06,45.13,218.1,19.81,52.072923298092306
2025-10-12 08:54:48.115510,27.28,64.88,198.7,79.19,52.43594866079549
2025-10-12 08:54:49.115510,86.35,71.19,187.63,20.05,52.02292444104482
2025-10-12 08:54:50.115509,73.43,34.47,252.42,126.3,52.84822767621925
2025-10-12 08:54:51.115509,38.94,29.29,95.17,47.81,51.98332060961203
2025-10-12 08:54:52.115508,34.15,91.31,163.09,28.6,52.03763835495394
2025-10-12 08:54:53.115508,72.56,22.19,193.73,144.44,52.83449780656329
2025-10-12 08:54:54.115507,81.11,31.75,117.35,69.3,52.1754303985949
2025-10-12 08:54:55.115507,70.85,88.26,292.12,47.51,52.441314356006906
2025-10-12 08:54:56.115507,64.4,83.71,77.27,140.45,52.58963928706229
2025-10-12 08:54:57.115506,29.37,33.16,166.64,14.13,51.916949559399825
2025-10-12 08:54:58.115506,82.49,49.34,258.76,11.09,52.105579598614796
2025-10-12 08:54:59.115505,73.72,21.41,198.38,42.78,52.16941219306797
2025-10-12 08:55:00.115505,53.97,93.42,116.81,89.95,52.34562384815371
2025-10-12 08:55:01.115504,53.48,97.1,254.37,76.63,52.55762822469928
2025-10-12 08:55:02.115504,58.38,26.63,66.61,139.42,52.52792846893263
2025-10-12 08:55:03.115503,80.4,92.56,284.77,13.17,52.19984307533977
2025-10-12 08:55:04.115503,73.09,71.58,220.2,73.41,52.447945861572386
2025-10-12 08:55:05.115502,82.78,85.45,231.21,131.36,52.86416766720734
2025-10-12 08:55:06.115502,53.12,60.67,168.51,107.9,52.55867913492437
2025-10-12 08:55:07.115502,63.1,27.14,180.69,96.74,52.49237367550612
2025-10-12 08:55:08.115501,82.64,84.35,222.17,91.85,52.58171252271922
2025-10-12 08:55:09.115501,29.75,85.16,286.79,140.94,53.048142516
2025-10-12 08:55:10.115500,47.74,83.88,255.29,103.13,52.72815521646699
2025-10-12 08:55:11.115500,62.76,51.06,133.83,50.76,52.098863544967564
2025-10-12 08:55:12.115499,87.79,21.99,72.33,64.25,52.03883572281213
2025-10-12 08:55:13.115499,11.35,43.98,166.91,117.39,52.60891124242042
2025-10-12 08:55:14.115498,28.07,75.99,160.04,12.18,51.91351778842384
2025-10-12 08:55:15.115498,29.93,67.34,62.87,73.1,52.10228425966693
2025-10-12 08:55:16.115497,37.76,50.39,70.37,63.97,52.048524825852766
2025-10-12 08:55:17.115497,33.95,60.9,95.62,107.4,52.39739164001273
2025-10-12 08:55:18.115497,60.16,75.26,120.97,74.59,52.24259717398763
2025-10-12 08:55:19.115496,85.28,84.91,178.24,28.32,52.06507969017217
2025-10-12 08:55:20.115496,64.14,90.46,295.64,19.51,52.264331486327556
2025-10-12 08:55:21.115495,30.53,71.23,210.07,85.89,52.5086116263224
2025-10-12 08:55:22.115495,83.42,84.52,240.76,86.99,52.58987162522201
2025-10-12 08:55:23.115494,63.72,69.37,224.67,42.76,52.2529816978776
2025-10-12 08:55:24.115494,28.61,56.38,247.42,72.12,52.48996782155462
2025-10-12 08:55:25.115493,40.74,58.7,265.27,104.86,52.74727651973922
2025-10-12 08:55:26.115493,77.15,65.04,242.24,24.76,52.16921235497151
2025-10-12 08:55:27.115492,72.81,52.85,105.65,133.32,52.586704485598496
2025-10-12 08:55:28.115492,59.01,63.65,222.8,138.43,52.8807243577909
2025-10-12 08:55:29.115492,22.31,28.52,175.28,106.48,52.54605348541143
2025-10-12 08:55:30.115491,78.28,27.67,100.67,14.25,51.77160446304507
2025-10-12 08:55:31.115491,36.14,35.09,66.23,42.08,51.88574573057251
2025-10-12 08:55:32.115490,75.59,37.1,76.58,95.7,52.265199314179625
2025-10-12 08:55:33.115490,65.04,26.3,106.92,85.29,52.255904938157705
2025-10-12 08:55:34.115489,32.45,20.65,224.22,137.38,52.85291465905595
2025-10-12 08:55:35.115489,28.05,21.16,217.2,43.53,52.2150711932638
2025-10-12 08:55:36.115488,21.13,37.62,255.6,70.93,52.489375747939995
2025-10-12 08:55:37.115488,30.57,37.71,237.88,103.01,52.66391279739927
2025-10-12 08:55:38.115487,23.42,67.22,238.97,23.82,52.15709354833172
2025-10-12 08:55:39.115487,62.45,23.82,290.32,34.45,52.31488089145632
2025-10-12 08:55:40.115487,60.9,26.51,64.09,16.53,51.7067507387568
2025-10-12 08:55:41.115486,59.82,29.96,191.23,75.87,52.378285151709875
2025-10-12 08:55:42.115486,64.56,34.69,85.44,49.01,51.973185066420555
2025-10-12 08:55:43.115485,79.26,59.43,139.54,114.3,52.53763208565524
2025-10-12 08:55:44.115485,87.65,20.57,101.36,49.5,52.003112576269274
2025-10-12 08:55:45.115484,29.58,38.24,74.89,29.86,51.825174858548884
2025-10-12 08:55:46.115484,59.96,43.54,256.76,112.26,52.76950037183712
2025-10-12 08:55:47.115483,16.66,40.42,93.61,125.77,52.50356442660107
2025-10-12 08:55:48.115483,20.21,77.47,259.51,96.21,52.68781306501113
2025-10-12 08:55:49.115482,65.62,93.58,230.38,86.21,52.567220627502614
2025-10-12 08:55:50.115482,51.36,81.31,274.29,58.87,52.47417379287052
2025-10-12 08:55:51.115482,74.46,64.94,225.11,67.69,52.41693699443713
2025-10-12 08:55:52.115481,46.18,84.32,117.39,96.95,52.388279970584236
2025-10-12 08:55:53.115481,20.85,65.29,122.24,103.67,52.432815228368476
2025-10-12 08:55:54.115480,84.12,84.62,108.29,21.18,51.86580873120566
2025-10-12 08:55:55.115480,17.05,62.99,235.45,13.54,52.0788752393545
2025-10-12 08:55:56.115479,26.06,89.18,112.4,14.66,51.83398540318798
2025-10-12 08:55:57.115479,33.54,54.88,98.99,15.68,51.7925884986196
2025-10-12 08:55:58.115478,94.6,49.83,119.93,83.06,52.28241196917607
2025-10-12 08:55:59.115478,45.43,66.75,157.37,107.12,52.53272196093056
2025-10-12 08:56:00.115478,52.65,68.72,275.22,43.27,52.36564694182324
2025-10-12 08:56:01.115477,75.42,64.72,62.82,58.07,52.000961251435626
2025-10-12 08:56:02.115477,64.1,78.15,72.06,149.11,52.63272404764809
2025-10-12 08:56:03.115476,81.52,88.94,246.06,48.59,52.34895765772111
2025-10-12 08:56:04.115476,51.35,46.72,64.03,104.66,52.30279945663063
2025-10-12 08:56:05.115475,92.64,57.1,115.41,109.31,52.45087885846473
2025-10-12 08:56:06.115475,77.73,41.31,153.59,128.83,52.6544646814107
2025-10-12 08:56:07.115474,44.12,80.36,159.88,141.73,52.775450633230164
2025-10-12 08:56:08.115474,42.41,25.69,236.41,11.79,52.04859264162563
2025-10-12 08:56:09.115474,89.01,79.74,133.21,125.09,52.60681611535863
2025-10-12 08:56:10.115473,68.18,22.56,258.43,141.71,52.95691699658712
2025-10-12 08:56:11.115473,62.82,72.11,259.23,138.34,52.96384913449874
2025-10-12 08:56:12.115472,74.42,58.42,58.09,147.0,52.57744327464874
2025-10-12 08:56:13.115472,57.67,28.2,88.17,48.46,51.971845578957534
2025-10-12 08:56:14.115471,23.53,34.96,177.82,19.44,51.977443582734104
2025-10-12 08:56:15.115471,37.13,97.78,86.42,68.26,52.1381732232102
2025-10-12 08:56:16.115470,57.43,90.44,256.42,99.21,52.70823763053418
2025-10-12 08:56:17.115470,11.54,62.02,76.81,106.42,52.35071174902752
2025-10-12 08:56:18.115469,47.17,98.88,165.85,99.13,52.5159573823662
2025-10-12 08:56:19.115469,74.24,23.37,267.68,12.47,52.11963929435822
2025-10-12 08:56:20.115469,23.96,38.42,198.03,131.9,52.76962259525678
2025-10-12 08:56:21.115468,15.49,41.47,125.13,28.11,51.92432606989867
2025-10-12 08:56:22.115468,81.06,79.43,68.29,103.48,52.322403750698996
2025-10-12 08:56:23.115467,62.47,63.82,186.52,44.69,52.17995753286523
2025-10-12 08:56:24.115467,25.01,31.27,60.72,56.55,51.96770986214875
2025-10-12 08:56:25.115466,78.54,23.63,68.36,17.1,51.7181933560142
2025-10-12 08:56:26.115466,65.94,96.14,188.57,122.68,52.72001832306334
2025-10-12 08:56:27.115465,38.4,42.69,197.01,86.47,52.4682577441647
2025-10-12 08:56:28.115465,41.98,80.67,205.66,143.17,52.88447648406725
2025-10-12 08:56:29.115464,23.25,63.37,184.27,21.81,52.022967930249195
2025-10-12 08:56:30.115464,81.0,59.46,221.55,29.69,52.15395345723005
2025-10-12 08:56:31.115464,53.27,43.14,240.34,79.34,52.51516669966547
2025-10-12 08:56:32.115463,57.35,84.98,227.18,10.82,52.05511749013009
2025-10-12 08:56:33.115463,85.1,72.14,241.0,143.89,52.96116178880965
2025-10-12 08:56:34.115462,11.35,29.21,207.01,37.29,52.15603134965482
2025-10-12 08:56:35.115462,15.69,90.81,128.97,46.72,52.08362067281678
2025-10-12 08:56:36.115461,23.73,92.93,202.53,71.3,52.40749237715139
2025-10-12 08:56:37.115461,12.55,97.38,217.78,108.38,52.68915207024158
2025-10-12 08:56:38.115460,65.94,83.9,263.05,20.65,52.19756160039822
2025-10-12 08:56:39.115460,63.88,73.11,122.82,79.73,52.279528947662286
2025-10-12 08:56:40.115460,27.92,54.94,239.24,10.23,52.060648388372336
2025-10-12 08:56:41.115459,22.7,51.11,284.88,37.26,52.33691340322307
2025-10-12 08:56:42.115459,22.38,72.58,163.05,123.87,52.65945799711515
2025-10-12 08:56:43.115458,91.03,47.68,147.25,48.55,52.111422761314
2025-10-12 08:56:44.115458,68.95,65.44,128.11,133.71,52.64501197644515
2025-10-12 08:56:45.115457,59.76,60.29,151.8,65.94,52.24372732323558
2025-10-12 08:56:46.115457,37.41,26.51,257.36,133.69,52.90356322563775
2025-10-12 08:56:47.115456,46.81,48.35,297.63,34.59,52.345311194858546
2025-10-12 08:56:48.115456,17.6,84.59,167.59,30.13,52.05381538203479
2025-10-12 08:56:49.115455,94.84,46.97,169.11,85.59,52.40428344352906
2025-10-12 08:56:50.115455,74.18,41.49,57.5,78.93,52.11495153462312
2025-10-12 08:56:51.115454,62.82,73.32,119.35,100.69,52.411235064520234
2025-10-12 08:56:52.115454,59.96,81.86,91.55,123.6,52.50774638769003
2025-10-12 08:56:53.115454,52.87,31.06,52.54,42.49,51.85653180548259
2025-10-12 08:56:54.115453,31.88,65.21,190.27,30.41,52.094085274999436
2025-10-12 08:56:55.115453,29.24,51.42,238.72,30.16,52.189841706626304
2025-10-12 08:56:56.115452,56.71,84.09,112.9,133.25,52.61934356372965
2025-10-12 08:56:57.115452,15.97,75.62,228.88,125.91,52.81747286476096
2025-10-12 08:56:58.115451,16.33,48.42,171.01,26.5,52.0170191518213
2025-10-12 08:56:59.115451,57.67,49.45,91.88,133.4,52.55547723166818
2025-10-12 08:57:00.115450,88.18,93.11,223.51,58.67,52.369269879912146
2025-10-12 08:57:01.115450,87.71,73.48,226.68,116.57,52.74951922466976
2025-10-12 08:57:02.115449,10.92,29.88,75.2,100.68,52.29124293112791
2025-10-12 08:57:03.115448,19.13,91.57,200.2,51.65,52.27126117635673
2025-10-12 08:57:04.115447,59.56,38.29,156.9,140.36,52.736490878301105
2025-10-12 08:57:05.115447,82.12,76.17,154.47,72.74,52.303485365999094
2025-10-12 08:57:06.115446,91.13,81.89,80.72,115.43,52.430047139047204
2025-10-12 08:57:07.115446,83.15,83.63,164.38,34.07,52.072469476400364
2025-10-12 08:57:08.115445,67.6,72.74,260.41,140.66,52.982157290845684
2025-10-12 08:57:09.115445,27.04,64.06,253.32,39.2,52.28854059575562
2025-10-12 08:57:10.115444,16.17,64.43,237.72,114.17,52.75250102442002
2025-10-12 08:57:11.115444,14.04,41.93,272.7,90.81,52.66081038050229
2025-10-12 08:57:12.115443,62.03,98.43,169.99,41.24,52.14045928266177
2025-10-12 08:57:13.115443,13.08,29.06,133.8,106.13,52.45406163588977
2025-10-12 08:57:14.115442,72.84,43.31,296.78,134.05,53.00079946890587
2025-10-12 08:57:15.115442,70.56,80.81,122.67,100.64,52.42227084655175
2025-10-12 08:57:16.115441,16.77,74.34,252.92,55.13,52.39912224403492
2025-10-12 08:57:17.115441,87.06,84.13,292.3,69.76,52.5870849178246
2025-10-12 08:57:18.115441,54.36,22.6,97.47,138.77,52.58830710763543
2025-10-12 08:57:19.115440,86.88,49.08,114.17,60.33,52.11863794369968
2025-10-12 08:57:20.115440,86.64,43.76,75.92,53.88,51.98990511665268
2025-10-12 08:57:21.115439,26.75,32.78,88.16,83.12,52.20441696109123
2025-10-12 08:57:22.115439,42.35,33.12,204.85,117.66,52.68695299033514
2025-10-12 08:57:23.115438,21.44,63.23,62.23,30.48,51.81573241036779
2025-10-12 08:57:24.115438,75.87,66.07,266.16,25.68,52.22777352389124
2025-10-12 08:57:25.115437,52.85,65.42,97.77,11.74,51.76965511466875
2025-10-12 08:57:26.115437,88.95,44.45,75.93,144.06,52.588853081177945
2025-10-12 08:57:27.115436,27.7,78.69,221.52,83.29,52.52033966231514
2025-10-12 08:57:28.115436,68.51,21.39,127.2,127.47,52.57711739746986
2025-10-12 08:57:29.115435,94.09,28.91,111.72,15.7,51.80588541446364
2025-10-12 08:57:30.115435,66.56,72.5,236.29,69.81,52.45946260573239
2025-10-12 08:57:31.115434,15.85,59.27,59.32,96.3,52.24407807514875
2025-10-12 08:57:32.115434,60.02,55.6,174.48,96.1,52.49048860649224
2025-10-12 08:57:33.115433,25.29,35.06,197.99,106.76,52.60080755764233
2025-10-12 08:57:34.115433,12.59,44.5,194.38,14.19,51.98382361572616
2025-10-12 08:57:35.115432,38.47,40.69,245.11,110.35,52.729969291213386
2025-10-12 08:57:36.115432,32.62,30.16,220.45,132.11,52.81504992617823
2025-10-12 08:57:37.115431,77.05,77.04,289.34,133.91,53.002496818027424
2025-10-12 08:57:38.115431,41.76,21.96,255.12,110.27,52.740730425818896
2025-10-12 08:57:39.115430,72.3,74.89,97.76,122.55,52.510369326353825
2025-10-12 08:57:40.115430,11.38,95.55,184.59,92.27,52.50922041261309
2025-10-12 08:57:41.115430,11.26,58.96,126.93,37.61,52.00101316491479
2025-10-12 08:57:42.115429,12.49,34.27,280.22,27.76,52.25438461999681
2025-10-12 08:57:43.115429,28.65,24.41,261.39,96.8,52.66628979382752
2025-10-12 08:57:44.115428,41.79,64.25,257.22,12.48,52.11975940160392
2025-10-12 08:57:45.115428,61.67,67.2,130.13,31.6,51.97264819454229
2025-10-12 08:57:46.115427,93.8,72.91,54.57,52.67,51.95178235268167
2025-10-12 08:57:47.115427,40.12,96.09,70.61,33.5,51.872232567564495
2025-10-12 08:57:48.115426,14.73,94.09,218.61,114.43,52.729277161361736
2025-10-12 08:57:49.115426,26.57,77.44,237.25,25.58,52.17072968477964
2025-10-12 08:57:50.115425,86.32,77.56,133.34,13.49,51.86517417006403
2025-10-12 08:57:51.115425,69.45,56.16,110.88,28.86,51.906567965451785
2025-10-12 08:57:52.115424,77.17,33.23,260.8,136.59,52.93401067100542
2025-10-12 08:57:53.115424,20.55,90.75,154.01,28.46,52.01670329849661
2025-10-12 08:57:54.115423,21.47,67.96,52.84,76.72,52.10490096017342
2025-10-12 08:57:55.115423,19.54,61.38,120.27,133.02,52.62116897007601
2025-10-12 08:57:56.115423,82.86,60.53,172.86,68.61,52.30726083717383
2025-10-12 08:57:57.115422,27.85,36.87,253.77,55.26,52.38098441940106
2025-10-12 08:57:58.115422,64.67,45.02,167.11,142.94,52.77950396805576
2025-10-12 08:57:59.115421,53.87,70.61,59.74,20.47,51.74799875211691
2025-10-12 08:58:00.115421,56.27,22.93,263.21,92.1,52.638219195067315
2025-10-12 08:58:01.115420,26.61,78.05,145.11,129.39,52.660226772226316
2025-10-12 08:58:02.115420,64.0,74.88,99.52,12.19,51.78170009583361
2025-10-12 08:58:03.115419,13.66,49.3,296.15,94.01,52.73701183534723
2025-10-12 08:58:04.115419,94.45,79.27,206.23,130.34,52.79977875333087
2025-10-12 08:58:05.115418,12.27,88.86,227.93,105.75,52.68897175898289
2025-10-12 08:58:06.115418,14.26,54.27,52.74,58.43,51.97567407901057
2025-10-12 08:58:07.115418,37.6,44.41,95.53,83.77,52.23118619632886
2025-10-12 08:58:08.115417,80.69,95.95,82.42,16.35,51.78394239286747
2025-10-12 08:58:09.115417,31.86,61.41,136.67,148.99,52.762752943824125
2025-10-12 08:58:10.115416,50.11,88.88,67.84,52.61,51.989050462053136
2025-10-12 08:58:11.115416,11.53,83.83,235.04,47.54,52.31524380127412
2025-10-12 08:58:12.115415,16.7,60.86,194.71,35.54,52.13534448684327
2025-10-12 08:58:13.115415,61.68,50.85,118.08,112.26,52.472772932348725
2025-10-12 08:58:14.115414,26.52,60.55,113.75,21.2,51.8643941296286
2025-10-12 08:58:15.115414,69.01,30.42,231.8,131.69,52.837024845646084
2025-10-12 08:58:16.115413,76.76,29.66,285.3,110.63,52.812863042970804
2025-10-12 08:58:17.115413,82.28,62.92,123.12,145.67,52.712167792842976
2025-10-12 08:58:18.115412,21.37,76.61,262.56,133.94,52.944371483482726
2025-10-12 08:58:19.115412,48.72,85.45,232.81,25.69,52.16628541735966
2025-10-12 08:58:20.115412,90.5,84.18,149.11,86.05,52.38465663980718
2025-10-12 08:58:21.115411,75.63,88.16,143.95,44.06,52.09698285071449
2025-10-12 08:58:22.115411,19.94,85.54,249.26,10.12,52.098674021692574
2025-10-12 08:58:23.115410,52.71,22.74,276.51,18.52,52.178595952475135
2025-10-12 08:58:24.115410,88.4,57.05,239.07,106.06,52.69749603607401
2025-10-12 08:58:25.115409,47.4,29.45,124.43,18.35,51.85134210173349
2025-10-12 08:58:26.115409,81.18,52.11,123.64,114.58,52.50093167905407
2025-10-12 08:58:27.115408,52.15,67.96,210.24,37.17,52.183797033397774
2025-10-12 08:58:28.115408,19.08,56.79,153.54,53.82,52.16511149236155
2025-10-12 08:58:29.115408,22.57,58.11,162.9,141.9,52.77075175658007
2025-10-12 08:58:30.115407,13.97,33.49,81.89,108.04,52.3566113849643
2025-10-12 08:58:31.115407,26.6,43.51,226.31,25.14,52.12520567774176
2025-10-12 08:58:32.115406,85.96,57.66,237.42,129.01,52.8465802331412
2025-10-12 08:58:33.115406,65.27,93.26,245.09,66.27,52.46660257792811
2025-10-12 08:58:34.115405,72.8,58.98,153.05,43.99,52.10002332686947
2025-10-12 08:58:35.115405,62.84,98.94,110.08,120.56,52.537261961765076
2025-10-12 08:58:36.115404,42.86,40.25,100.15,104.54,52.37674728227531
2025-10-12 08:58:37.115404,28.43,37.94,161.83,46.7,52.12534936134367
2025-10-12 08:58:38.115403,88.68,85.2,209.74,104.7,52.64051295119669
2025-10-12 08:58:39.115403,53.76,50.76,131.62,109.59,52.484369518839564
2025-10-12 08:58:40.115403,50.89,56.59,275.77,81.08,52.61104446969335
2025-10-12 08:58:41.115402,94.67,63.32,105.72,113.73,52.46265800912495
2025-10-12 08:58:42.115402,42.63,62.62,271.51,21.59,52.210312212639735
2025-10-12 08:58:43.115401,82.6,34.18,53.29,110.6,52.31195366610031
2025-10-12 08:58:44.115401,83.3,88.93,190.09,98.23,52.5570248305531
2025-10-12 08:58:45.115400,29.78,47.05,132.36,42.72,52.04008134781962
2025-10-12 08:58:46.115400,18.06,88.25,74.79,71.99,52.13240327764728
2025-10-12 08:58:47.115399,92.93,93.97,201.18,105.77,52.63392698404907
2025-10-12 08:58:48.115399,46.2,70.35,142.88,133.13,52.67592961250625
2025-10-12 08:58:49.115398,10.19,83.37,207.82,82.44,52.48758648958678
2025-10-12 08:58:50.115398,52.42,77.09,201.98,44.86,52.22200026989013
2025-10-12 08:58:51.115397,62.64,25.94,245.49,40.5,52.25897996789035
2025-10-12 08:58:52.115397,75.97,95.93,54.71,115.48,52.381774219012755
2025-10-12 08:58:53.115396,90.15,61.09,281.15,42.17,52.366963553388125
2025-10-12 08:58:54.115395,87.79,23.37,251.4,108.21,52.7197735726471
2025-10-12 08:58:55.115394,89.91,87.87,203.71,91.35,52.540312731581146
2025-10-12 08:58:56.115394,12.73,37.57,96.84,134.39,52.56619743148662
2025-10-12 08:58:57.115393,70.5,28.81,226.02,116.88,52.72529562964903
2025-10-12 08:58:58.115393,29.2,82.7,96.98,121.94,52.50897347982492
2025-10-12 08:58:59.115392,25.94,95.9,281.47,144.37,53.065343721196356
2025-10-12 08:59:00.115392,78.03,90.31,289.6,58.55,52.51026358620523
2025-10-12 08:59:01.115392,45.46,31.07,279.14,131.79,52.940729598433
2025-10-12 08:59:02.115391,87.91,49.82,146.12,85.79,52.35733150149916
2025-10-12 08:59:03.115391,13.61,69.1,161.97,31.12,52.039579572116594
2025-10-12 08:59:04.115390,78.19,65.02,71.95,17.17,51.7494695525131
2025-10-12 08:59:05.115390,21.63,31.39,78.84,90.18,52.23028744572751
2025-10-12 08:59:06.115389,25.01,30.07,96.64,121.02,52.472852114667006
2025-10-12 08:59:07.115389,50.57,29.38,175.03,73.22,52.32523647772125
2025-10-12 08:59:08.115388,43.63,35.26,257.62,41.36,52.296182315815
2025-10-12 08:59:09.115388,51.32,68.98,159.52,122.66,52.64176784034737
2025-10-12 08:59:10.115387,89.9,61.61,194.2,148.32,52.88319861412455
2025-10-12 08:59:11.115387,65.88,51.26,118.53,126.51,52.56855711112855
2025-10-12 08:59:12.115387,34.68,93.73,189.17,56.44,52.28033110987912
2025-10-12 08:59:13.115386,24.7,34.85,287.94,51.63,52.42988167824813
2025-10-12 08:59:14.115386,45.7,41.17,292.02,104.16,52.79089884382619
2025-10-12 08:59:15.115385,48.39,35.88,222.65,13.78,52.037624143336096
2025-10-12 08:59:16.115385,61.11,93.59,267.11,123.64,52.8953230578793
2025-10-12 08:59:17.115384,32.61,57.14,100.67,60.86,52.09735816837813
2025-10-12 08:59:18.115384,75.24,43.87,179.42,87.49,52.437531778693476
2025-10-12 08:59:19.115383,18.37,34.86,225.37,60.3,52.351718754382624
2025-10-12 08:59:20.115383,57.64,95.91,89.78,89.25,52.28373549014878
2025-10-12 08:59:21.115382,63.0,85.34,110.67,13.98,51.82358361191689
2025-10-12 08:59:22.115382,27.58,52.2,166.24,101.72,52.50802587555621
2025-10-12 08:59:23.115382,80.21,80.61,193.81,83.15,52.46037614237939
2025-10-12 08:59:24.115381,62.31,23.57,119.82,119.71,52.51081840505977
2025-10-12 08:59:25.115381,64.89,52.65,256.66,120.83,52.831232080559396
2025-10-12 08:59:26.115380,52.31,82.76,114.28,140.38,52.66892009980634
2025-10-12 08:59:27.115380,87.32,77.23,269.8,121.16,52.87559641077131
2025-10-12 08:59:28.115379,68.98,91.37,74.37,48.07,51.974466186113965
2025-10-12 08:59:29.115379,42.46,95.29,194.85,27.58,52.10196921689092
2025-10-12 08:59:30.115378,30.28,78.43,104.19,132.04,52.58927213506058
2025-10-12 08:59:31.115378,16.04,47.43,71.83,86.12,52.1970588230576
2025-10-12 08:59:32.115378,24.06,91.31,295.04,71.92,52.61135844709219
2025-10-12 08:59:33.115377,94.38,65.23,287.93,146.34,53.075369099821245
2025-10-12 08:59:34.115377,44.58,98.4,162.44,57.31,52.23072656319264
2025-10-12 08:59:35.115376,86.39,95.4,297.61,12.76,52.226551380238156
2025-10-12 08:59:36.115376,24.5,87.23,182.04,119.53,52.679991153547164
2025-10-12 08:59:37.115375,46.16,53.15,56.81,114.03,52.35290693125424
2025-10-12 08:59:38.115375,91.64,70.54,193.36,126.11,52.73893221991138
2025-10-12 08:59:39.115374,17.75,22.58,244.89,75.28,52.486651151355886
2025-10-12 08:59:40.115374,60.49,72.19,144.43,103.52,52.48378770244421
2025-10-12 08:59:41.115373,88.13,64.38,146.94,83.12,52.349488371143075
2025-10-12 08:59:42.115373,90.72,71.85,292.33,65.11,52.54945574491952
2025-10-12 08:59:43.115372,81.91,22.42,113.84,104.24,52.39453073798493
2025-10-12 08:59:44.115372,82.75,40.9,182.75,56.02,52.234229695345846
2025-10-12 08:59:45.115372,65.44,87.97,108.29,77.11,52.23889074485129
2025-10-12 08:59:46.115371,28.74,26.83,89.72,90.63,52.254335975359176
2025-10-12 08:59:47.115371,72.11,88.88,243.51,44.68,52.3174419443633
2025-10-12 08:59:48.115370,93.16,87.96,87.49,91.53,52.289478810775734
2025-10-12 08:59:49.115370,54.7,66.68,83.41,97.91,52.31113678459649
2025-10-12 08:59:50.115369,32.16,36.43,276.72,26.01,52.236379692807944
2025-10-12 08:59:51.115369,58.75,70.26,149.78,146.25,52.777925523575796
2025-10-12 08:59:52.115368,68.7,26.08,102.55,38.7,51.93707710567361
2025-10-12 08:59:53.115368,27.7,98.03,72.4,83.31,52.207793033738106
2025-10-12 08:59:54.115368,71.13,55.16,257.54,45.31,52.33329595313159
2025-10-12 08:59:55.115367,59.93,30.0,85.1,128.49,52.49736302433337
2025-10-12 08:59:56.115367,62.05,41.84,211.23,30.7,52.128471288540354
2025-10-12 08:59:57.115366,36.01,63.33,206.23,38.47,52.18115215001045
2025-10-12 08:59:58.115366,23.2,66.5,146.63,114.94,52.56119093967667
2025-10-12 08:59:59.115365,62.99,67.11,275.12,134.89,52.97263440902026
2025-10-12 09:00:00.115365,59.83,30.24,258.07,48.94,52.34467572005372
2025-10-12 09:00:01.115364,38.73,25.54,153.74,11.24,51.865549285743384
2025-10-12 09:00:02.115364,35.15,89.21,50.86,86.59,52.177936740340456
2025-10-12 09:00:03.115363,39.52,95.51,217.9,69.95,52.43330459629569
2025-10-12 09:00:04.115363,51.64,65.34,273.55,104.28,52.765079871838886
2025-10-12 09:00:05.115362,92.86,33.87,215.98,149.38,52.92204283217068
2025-10-12 09:00:06.115362,74.9,48.89,245.78,114.79,52.76545326298163
2025-10-12 09:00:07.115362,82.4,25.24,168.6,141.44,52.761776478425716
2025-10-12 09:00:08.115361,52.98,81.6,268.83,149.37,53.06315883087401
2025-10-12 09:00:09.115361,54.72,92.96,228.73,107.35,52.703607257685235
2025-10-12 09:00:10.115360,27.37,61.18,180.43,39.41,52.13023544009875
2025-10-12 09:00:11.115360,71.29,80.59,52.26,72.41,52.082062611545524
2025-10-12 09:00:12.115359,45.83,54.85,112.86,71.9,52.19579876164249
2025-10-12 09:00:13.115359,73.11,55.03,230.7,88.07,52.55881479896002
2025-10-12 09:00:14.115358,44.77,48.29,220.16,14.38,52.04310929899411
2025-10-12 09:00:15.115358,19.22,25.15,223.41,102.73,52.62368222532482
2025-10-12 09:00:16.115358,24.71,44.22,99.81,103.04,52.36826251645893
2025-10-12 09:00:17.115357,78.98,81.93,160.58,129.13,52.69421361470606
2025-10-12 09:00:18.115357,31.98,70.57,184.11,105.26,52.580500298339956
2025-10-12 09:00:19.115356,32.47,71.63,231.8,116.28,52.7576704657784
2025-10-12 09:00:20.115356,89.0,20.02,140.95,90.53,52.361000670698736
2025-10-12 09:00:21.115355,65.9,36.24,209.64,142.44,52.86354777465449
2025-10-12 09:00:22.115355,19.72,42.77,269.89,35.23,52.286287423135235
2025-10-12 09:00:23.115354,22.2,51.8,223.86,45.73,52.26116323575275
2025-10-12 09:00:24.115354,33.15,33.2,277.56,31.87,52.27529878383721
2025-10-12 09:00:25.115353,60.49,74.38,83.97,40.92,51.93838100568044
2025-10-12 09:00:26.115353,73.99,29.83,209.58,108.87,52.637041092980645
2025-10-12 09:00:27.115353,33.33,92.1,283.45,21.65,52.25300756024703
2025-10-12 09:00:28.115352,84.0,41.75,244.4,86.82,52.572845739562446
2025-10-12 09:00:29.115352,19.28,59.12,213.39,145.49,52.90465287490433
2025-10-12 09:00:30.115351,27.65,36.34,137.89,79.18,52.28811010842517
2025-10-12 09:00:31.115351,92.49,48.73,185.94,125.89,52.709245469578576
2025-10-12 09:00:32.115350,21.45,63.66,289.12,99.7,52.76751793270052
2025-10-12 09:00:33.115350,85.49,86.27,129.74,39.96,52.03789776460286
2025-10-12 09:00:34.115349,69.83,50.14,268.39,27.86,52.23821769097453
2025-10-12 09:00:35.115349,16.21,53.15,186.42,13.84,51.96904746069319
2025-10-12 09:00:36.115349,51.12,82.92,249.36,26.6,52.20681444023564
2025-10-12 09:00:37.115348,54.11,60.84,167.02,96.31,52.47861681256169
2025-10-12 09:00:38.115348,89.23,76.98,242.47,121.33,52.8173074783441
2025-10-12 09:00:39.115347,45.79,28.03,231.44,123.27,52.779029274125115
2025-10-12 09:00:40.115347,47.97,84.38,176.51,59.86,52.27036971806196
2025-10-12 09:00:41.115346,19.56,77.88,182.65,15.21,51.9837204931582
2025-10-12 09:00:42.115346,64.33,42.27,133.04,140.3,52.68655486461246
2025-10-12 09:00:43.115345,27.93,73.08,111.41,13.77,51.81697469464772
2025-10-12 09:00:44.115345,16.59,67.65,246.39,94.45,52.64221180457734
2025-10-12 09:00:45.115344,94.74,26.73,191.6,110.05,52.604150244150354
2025-10-12 09:00:46.115344,32.92,98.27,65.31,93.99,52.26343375118358
2025-10-12 09:00:47.115343,21.99,91.1,76.23,90.6,52.260630278905815
2025-10-12 09:00:48.115343,69.46,50.34,227.21,38.59,52.22022753909618
2025-10-12 09:00:49.115343,79.84,30.24,60.15,116.25,52.362141228480716
2025-10-12 09:00:50.115342,15.45,38.82,65.84,42.12,51.88724028905711
2025-10-12 09:00:51.115342,18.96,53.28,225.61,102.55,52.64290779962071
2025-10-12 09:00:52.115341,17.66,58.98,66.23,15.82,51.72474277073104
2025-10-12 09:00:53.115341,13.99,42.56,176.83,45.5,52.15248947535477
2025-10-12 09:00:54.115340,66.05,29.36,221.7,43.28,52.227733898425775
2025-10-12 09:00:55.115340,60.01,82.88,92.17,78.14,52.20793159377772
2025-10-12 09:00:56.115339,66.34,58.43,255.32,42.73,52.31317592989207
2025-10-12 09:00:57.115339,52.98,84.58,289.75,68.61,52.57417157774672
2025-10-12 09:00:58.115339,79.49,90.21,216.14,115.2,52.72687201004545
2025-10-12 09:00:59.115338,56.47,60.05,281.31,20.64,52.223833192279486
2025-10-12 09:01:00.115338,88.09,54.73,246.27,20.01,52.14069127326201
2025-10-12 09:01:01.115337,51.28,21.6,164.06,89.95,52.408155132454986
2025-10-12 09:01:02.115337,77.21,86.92,95.21,48.03,52.01692670736345
2025-10-12 09:01:03.115336,44.63,67.11,236.77,114.24,52.7523959633888
2025-10-12 09:01:04.115336,46.99,42.81,77.05,105.78,52.33629811265456
2025-10-12 09:01:05.115335,82.16,42.47,146.42,87.04,52.362189939171266
2025-10-12 09:01:06.115335,19.15,80.07,160.02,135.66,52.73530517902691
2025-10-12 09:01:07.115334,58.02,29.38,205.64,52.04,52.25105307580644
2025-10-12 09:01:08.115334,71.74,61.47,159.61,42.02,52.1025617167818
2025-10-12 09:01:09.115334,73.79,44.13,170.33,59.62,52.23298171752955
2025-10-12 09:01:10.115333,60.28,92.4,86.77,136.15,52.58653882009017
2025-10-12 09:01:11.115333,48.09,75.39,297.58,74.63,52.62599827489484
2025-10-12 09:01:12.115332,32.17,91.01,153.69,32.29,52.04157432632345
2025-10-12 09:01:13.115332,87.3,85.53,219.94,51.54,52.30998671186289
2025-10-12 09:01:14.115331,41.43,55.22,266.94,40.03,52.31867332812759
2025-10-12 09:01:15.115331,77.91,82.34,218.53,134.59,52.85637309557547
2025-10-12 09:01:16.115330,12.69,77.06,249.61,79.91,52.55792578528097
2025-10-12 09:01:17.115330,29.73,64.21,208.9,11.11,52.005839148204224
2025-10-12 09:01:18.115329,39.37,30.08,107.78,62.07,52.10575733033718
2025-10-12 09:01:19.115329,67.08,94.15,215.75,148.75,52.95089586418044
2025-10-12 09:01:20.115328,37.14,56.57,66.18,113.33,52.37048674339961
2025-10-12 09:01:21.115328,13.52,93.46,166.18,119.09,52.64613649190834
2025-10-12 09:01:22.115328,24.78,85.54,122.61,122.09,52.5671398502533
2025-10-12 09:01:23.115327,32.03,55.35,105.46,147.11,52.67921005946904
2025-10-12 09:01:24.115327,24.96,72.95,277.23,57.54,52.467072509597806
2025-10-12 09:01:25.115326,27.32,53.98,81.01,62.23,52.06205112552412
2025-10-12 09:01:26.115326,75.36,77.63,126.21,33.26,51.98096568004869
2025-10-12 09:01:27.115325,45.02,55.54,242.63,147.4,52.97875932471276
2025-10-12 09:01:28.115325,44.44,58.76,285.37,81.99,52.63911366816977
2025-10-12 09:01:29.115324,92.16,92.8,175.37,56.49,52.250213713948014
2025-10-12 09:01:30.115324,47.97,80.92,197.32,74.44,52.410351721161284
2025-10-12 09:01:31.115323,88.85,62.87,129.82,48.18,52.07961179088027
2025-10-12 09:01:32.115323,35.42,75.86,125.41,115.16,52.52183229981649
2025-10-12 09:01:33.115322,44.05,62.0,198.23,91.1,52.51237613479692
2025-10-12 09:01:34.115322,43.68,64.69,64.29,89.36,52.21181085770322
2025-10-12 09:01:35.115322,56.42,41.64,219.57,16.38,52.051404648575385
2025-10-12 09:01:36.115321,59.66,67.19,201.47,84.92,52.4812729069583
2025-10-12 09:01:37.115321,31.09,39.69,200.01,96.41,52.53906954021534
2025-10-12 09:01:38.115320,77.45,72.69,261.18,86.21,52.622404208640916
2025-10-12 09:01:39.115320,52.2,24.1,253.68,133.41,52.89238230383437
2025-10-12 09:01:40.115319,10.6,30.83,82.65,138.77,52.560741136005376
2025-10-12 09:01:41.115319,60.26,62.44,202.78,112.53,52.66472488929542
2025-10-12 09:01:42.115318,77.84,47.5,266.95,59.9,52.446281543321284
2025-10-12 09:01:43.115318,31.29,53.99,64.72,102.32,52.29280925944205
2025-10-12 09:01:44.115317,13.22,64.13,177.88,123.54,52.684732999073304
2025-10-12 09:01:45.115317,78.61,55.7,60.65,66.12,52.04466624331876
2025-10-12 09:01:46.115317,92.98,62.43,220.58,137.41,52.86846060723185
2025-10-12 09:01:47.115316,16.51,50.7,176.39,13.32,51.94247834632823
2025-10-12 09:01:48.115316,89.73,75.1,162.48,108.62,52.55840628179816
2025-10-12 09:01:49.115315,40.54,93.11,59.05,123.46,52.44258367269961
2025-10-12 09:01:50.115315,90.02,38.27,110.73,12.25,51.786046696611436
2025-10-12 09:01:51.115314,65.15,44.22,116.35,76.43,52.22752160673845
2025-10-12 09:01:52.115314,85.67,66.03,118.11,110.58,52.47013203562658
2025-10-12 09:01:53.115313,76.8,66.55,224.8,146.06,52.93731737771627
2025-10-12 09:01:54.115313,12.38,58.89,129.18,119.17,52.54718421993118
2025-10-12 09:01:55.115312,15.56,61.45,207.29,72.56,52.40866748519466
2025-10-12 09:01:56.115312,54.69,71.61,215.53,72.83,52.43398384640068
2025-10-12 09:01:57.115312,21.02,28.85,217.28,111.08,52.66786526610405
2025-10-12 09:01:58.115311,49.19,77.81,221.67,112.84,52.71630464513013
2025-10-12 09:01:59.115311,91.14,60.19,114.91,111.6,52.466712495338335
2025-10-12 09:02:00.115310,35.05,32.97,86.52,73.77,52.138907739267886
2025-10-12 09:02:01.115310,51.56,75.1,189.21,71.59,52.3706076695364
2025-10-12 09:02:02.115309,42.66,53.84,116.78,66.43,52.16743383363086
2025-10-12 09:02:03.115309,63.54,31.21,182.33,73.88,52.34646858679161
2025-10-12 09:02:04.115308,26.48,55.19,70.04,110.34,52.358246097092575
2025-10-12 09:02:05.115308,32.09,88.5,101.45,73.58,52.20092046133281
2025-10-12 09:02:06.115308,83.0,28.9,118.87,23.65,51.87415376468205
2025-10-12 09:02:07.115307,78.96,38.0,158.21,28.18,51.99461014677483
2025-10-12 09:02:08.115307,77.08,64.8,242.04,75.91,52.50813767964527
2025-10-12 09:02:09.115306,75.53,81.27,164.7,142.18,52.7893980748096
2025-10-12 09:02:10.115306,49.05,88.95,88.97,111.25,52.4241251552874
2025-10-12 09:02:11.115305,71.96,70.14,50.31,94.62,52.21943199062359
2025-10-12 09:02:12.115305,42.91,28.9,264.09,32.79,52.24979680546922
2025-10-12 09:02:13.115304,18.56,93.04,221.51,38.18,52.228896814217606
2025-10-12 09:02:14.115304,43.44,62.28,66.82,109.85,52.351953875813805
2025-10-12 09:02:15.115303,23.49,29.67,278.97,84.61,52.62643910389251
2025-10-12 09:02:16.115303,43.22,47.89,71.69,140.71,52.55933564937246
2025-10-12 09:02:17.115303,35.28,87.16,295.38,28.75,52.3232594866276
2025-10-12 09:02:18.115302,60.93,25.68,173.75,44.16,52.12752495463879
2025-10-12 09:02:19.115302,40.73,33.23,298.16,53.35,52.46256342324659
2025-10-12 09:02:20.115301,69.98,42.22,67.74,83.5,52.16789995899892
2025-10-12 09:02:21.115301,53.53,58.03,176.9,144.88,52.820851799617735
2025-10-12 09:02:22.115300,88.16,30.41,276.55,131.93,52.93567399841722
2025-10-12 09:02:23.115300,17.74,70.24,126.97,52.95,52.10918951028256
2025-10-12 09:02:24.115299,68.46,31.5,164.0,88.29,52.40251454551543
2025-10-12 09:02:25.115299,67.15,83.28,187.55,114.07,52.65350577244732
2025-10-12 09:02:26.115298,90.8,64.62,147.11,30.12,51.99821916251556
2025-10-12 09:02:27.115298,41.58,35.13,132.19,121.71,52.55735380841692
2025-10-12 09:02:28.115297,35.96,79.53,108.96,61.88,52.13456433751628
2025-10-12 09:02:29.115297,24.65,20.39,230.13,20.39,52.08910299951243
2025-10-12 09:02:30.115297,32.55,89.7,107.49,15.65,51.83019581607151
2025-10-12 09:02:31.115296,52.66,68.43,70.4,46.84,51.9449302317083
2025-10-12 09:02:32.115296,81.21,38.65,288.49,90.93,52.694030374400505
2025-10-12 09:02:33.115295,34.16,75.21,86.53,63.06,52.091342857067595
2025-10-12 09:02:34.115295,23.41,44.48,176.15,44.63,52.14630829072262
2025-10-12 09:02:35.115294,33.13,36.94,233.79,146.99,52.9465172574023
2025-10-12 09:02:36.115294,18.58,67.0,288.55,48.72,52.42977532582034
2025-10-12 09:02:37.115293,88.77,80.04,136.46,84.7,52.345955793298025
2025-10-12 09:02:38.115293,84.17,32.52,133.34,91.43,52.3574218818546
2025-10-12 09:02:39.115292,36.22,66.71,106.4,86.19,52.283230339585735
2025-10-12 09:02:40.115292,30.99,73.18,200.08,147.34,52.895884062569706
2025-10-12 09:02:41.115292,86.96,83.32,155.91,85.57,52.39574142726272
2025-10-12 09:02:42.115291,10.15,84.89,193.15,19.0,52.035549357138095
2025-10-12 09:02:43.115289,61.05,24.29,95.93,120.6,52.4653091446467
2025-10-12 09:02:44.115289,87.86,40.35,169.88,25.83,52.005632000996755
2025-10-12 09:02:45.115288,53.23,54.86,277.58,53.94,52.43387440546281
2025-10-12 09:02:46.115288,10.25,52.89,89.02,135.63,52.56598854991649
2025-10-12 09:02:47.115287,28.6,47.6,138.23,101.76,52.44497932835082
2025-10-12 09:02:48.115287,88.41,92.19,139.09,25.61,51.96622718908464
2025-10-12 09:02:49.115286,11.45,24.13,271.82,85.84,52.61601279771595
2025-10-12 09:02:50.115286,43.56,48.37,140.63,44.45,52.07023545758368
2025-10-12 09:02:51.115285,77.13,98.43,92.12,144.73,52.65844445178464
2025-10-12 09:02:52.115285,81.24,47.78,55.22,63.2,52.009102235386365
2025-10-12 09:02:53.115284,50.6,46.99,97.4,146.87,52.65548455738469
2025-10-12 09:02:54.115284,29.76,31.96,51.41,46.97,51.88431616622228
2025-10-12 09:02:55.115284,60.97,58.31,290.93,143.24,53.05745117808897
2025-10-12 09:02:56.115283,32.42,65.51,170.14,41.35,52.12320156146199
2025-10-12 09:02:57.115283,31.7,75.88,91.48,73.61,52.17247444608679
2025-10-12 09:02:58.115282,78.65,32.16,278.97,34.81,52.297291858421126
2025-10-12 09:02:59.115282,23.11,28.57,112.75,103.93,52.39353022115919
2025-10-12 09:03:00.115281,10.47,96.69,108.11,42.78,52.0154962263513
2025-10-12 09:03:01.115281,38.63,50.13,298.18,119.22,52.90920032315943
2025-10-12 09:03:02.115280,51.73,78.27,113.02,133.88,52.62054765109549
2025-10-12 09:03:03.115280,69.93,85.96,251.55,62.42,52.45100003276442
2025-10-12 09:03:04.115279,76.39,22.77,162.61,105.15,52.50654637183241
2025-10-12 09:03:05.115279,66.4,39.16,210.84,77.18,52.43463144244992
2025-10-12 09:03:06.115279,63.25,63.0,193.91,42.21,52.17906987519509
2025-10-12 09:03:07.115278,66.59,77.89,285.95,115.26,52.87183310422415
2025-10-12 09:03:08.115278,33.08,49.93,124.33,66.83,52.184289395297846
2025-10-12 09:03:09.115277,42.5,56.22,271.53,87.29,52.6428591663281
2025-10-12 09:03:10.115277,62.4,27.45,221.58,147.3,52.91681234200105
2025-10-12 09:03:11.115276,15.57,63.86,67.19,50.39,51.958987602130094
2025-10-12 09:03:12.115276,35.1,29.29,243.79,127.08,52.83180480857466
2025-10-12 09:03:13.115275,44.55,97.66,155.58,73.69,52.32415300208881
2025-10-12 09:03:14.115275,55.34,94.77,72.17,146.69,52.626146205029244
2025-10-12 09:03:15.115275,51.35,65.21,62.45,16.27,51.722996474915355
2025-10-12 09:03:16.115274,71.04,56.13,290.92,147.69,53.08575229696183
2025-10-12 09:03:17.115274,50.24,46.75,184.76,93.14,52.488216410772786
2025-10-12 09:03:18.115273,86.85,71.8,161.72,122.32,52.645851691820106
2025-10-12 09:03:19.115273,42.33,87.5,52.36,139.04,52.52835993424211
2025-10-12 09:03:20.115272,54.66,44.92,202.63,87.77,52.49031629259495
2025-10-12 09:03:21.115272,10.27,65.09,268.21,73.7,52.550392966668056
2025-10-12 09:03:22.115271,36.39,65.07,181.5,38.01,52.12542815026628
2025-10-12 09:03:23.115271,83.66,26.21,216.61,86.56,52.50219936504781
2025-10-12 09:03:24.115270,38.35,84.8,229.85,107.51,52.70255911573481
2025-10-12 09:03:25.115270,31.52,74.41,211.86,70.99,52.4153688725328
2025-10-12 09:03:26.115270,56.2,73.44,257.03,130.94,52.91070199283077
2025-10-12 09:03:27.115269,16.69,49.33,270.22,101.93,52.73335351219791
2025-10-12 09:03:28.115269,55.19,42.07,263.04,26.48,52.21296504090352
2025-10-12 09:03:29.115268,35.81,64.44,181.09,119.93,52.66790758941079
2025-10-12 09:03:30.115268,42.56,46.39,191.47,128.2,52.73527012080348
2025-10-12 09:03:31.115267,77.27,34.35,291.23,108.85,52.81651988807139
2025-10-12 09:03:32.115267,66.27,40.01,253.92,120.65,52.81706284270996
2025-10-12 09:03:33.115266,47.92,39.01,213.04,101.53,52.600935500155906
2025-10-12 09:03:34.115266,59.09,92.06,160.54,12.36,51.924736598781784
2025-10-12 09:03:35.115266,75.18,69.41,144.18,51.07,52.133577976917564
2025-10-12 09:03:36.115265,73.39,29.09,67.12,93.65,52.226618617950884
2025-10-12 09:03:37.115265,25.75,22.55,168.01,144.76,52.7810358477226
2025-10-12 09:03:38.115264,35.58,40.35,122.06,105.53,52.43089605585888
2025-10-12 09:03:39.115264,39.6,52.26,108.63,64.16,52.133811278731535
2025-10-12 09:03:40.115263,25.94,61.09,86.42,95.83,52.300750363122596
2025-10-12 09:03:41.115263,11.03,85.28,180.9,71.66,52.35871112281359
2025-10-12 09:03:42.115262,24.79,38.91,271.18,134.33,52.94468434577714
2025-10-12 09:03:43.115262,78.7,83.23,261.61,64.25,52.48344734784892
2025-10-12 09:03:44.115261,56.4,86.0,251.45,144.47,52.99538740705782
2025-10-12 09:03:45.115261,39.04,20.71,217.74,131.25,52.798207037767426
2025-10-12 09:03:46.115261,61.71,79.14,116.26,110.49,52.4728150765212
2025-10-12 09:03:47.115260,72.89,97.71,222.82,148.43,52.9660870416342
2025-10-12 09:03:48.115260,40.13,84.99,272.77,29.09,52.275268374063785
2025-10-12 09:03:49.115259,49.62,30.05,71.57,13.43,51.70436866366096
2025-10-12 09:03:50.115259,15.46,26.04,137.0,89.59,52.34954312310222
2025-10-12 09:03:51.115258,60.75,96.97,51.2,45.91,51.912989848099386
2025-10-12 09:03:52.115258,40.29,59.32,186.74,57.57,52.263418488838134
2025-10-12 09:03:53.115257,46.85,26.17,161.87,104.11,52.49993003836047
2025-10-12 09:03:54.115257,45.92,67.02,156.29,126.35,52.65816296305202
2025-10-12 09:03:55.115256,63.75,81.87,168.67,70.51,52.322654780454464
2025-10-12 09:03:56.115256,58.66,75.03,55.29,60.17,52.00430233609149
2025-10-12 09:03:57.115256,45.88,26.76,267.88,117.55,52.81939559191165
2025-10-12 09:03:58.115255,11.44,64.62,86.53,51.11,52.00613721098846
2025-10-12 09:03:59.115255,62.78,92.57,281.39,89.97,52.70225422665893
2025-10-12 09:04:00.115254,84.76,39.39,231.95,127.87,52.81698604617753
2025-10-12 09:04:01.115254,75.41,26.94,287.7,11.83,52.16080040340147
2025-10-12 09:04:02.115253,93.44,49.36,247.32,99.85,52.66989522313697
2025-10-12 09:04:03.115253,21.82,70.45,227.47,117.35,52.75472416417007
2025-10-12 09:04:04.115252,28.91,92.58,136.13,39.62,52.053011097983784
2025-10-12 09:04:05.115252,55.84,80.29,149.36,121.89,52.62091204871779
2025-10-12 09:04:06.115251,30.05,97.34,256.67,37.27,52.30151030847591
2025-10-12 09:04:07.115251,12.94,31.45,277.88,138.68,52.98393836466275
2025-10-12 09:04:08.115251,44.19,41.91,158.89,56.96,52.189278689060124
2025-10-12 09:04:09.115250,34.45,27.09,79.92,96.34,52.27112301740558
2025-10-12 09:04:10.115250,32.42,72.22,126.5,119.99,52.554229242424604
2025-10-12 09:04:11.115249,91.02,86.12,259.19,141.85,52.99485259952695
2025-10-12 09:04:12.115249,30.27,31.87,251.21,149.59,52.99873717088463
2025-10-12 09:04:13.115248,21.0,41.86,297.31,105.83,52.813840701323464
2025-10-12 09:04:14.115248,20.65,74.26,68.93,57.69,52.01699860876071
2025-10-12 09:04:15.115247,78.54,65.63,269.53,19.37,52.19295749905854
2025-10-12 09:04:16.115247,70.76,21.39,175.91,132.09,52.71343219128701
2025-10-12 09:04:17.115246,21.01,20.64,157.3,98.54,52.449972319526914
2025-10-12 09:04:18.115246,28.68,33.57,280.25,75.52,52.57105281692885
2025-10-12 09:04:19.115246,73.52,69.98,247.35,66.79,52.46200531498191
2025-10-12 09:04:20.115245,33.34,80.75,232.7,14.49,52.089095646167955
2025-10-12 09:04:21.115245,93.43,29.85,140.5,86.93,52.34159907930654
2025-10-12 09:04:22.115244,55.95,44.24,110.08,55.85,52.07733972141544
2025-10-12 09:04:23.115244,26.32,66.39,286.42,46.12,52.40755935056119
2025-10-12 09:04:24.115243,83.0,74.51,163.79,38.09,52.09279792081671
2025-10-12 09:04:25.115243,37.16,44.32,284.23,59.84,52.4815942490096
2025-10-12 09:04:26.115242,34.55,69.03,136.89,27.31,51.95985492966924
2025-10-12 09:04:27.115242,37.83,52.29,249.51,53.23,52.366849096162454
2025-10-12 09:04:28.115241,75.3,89.5,141.13,96.19,52.43760884748273
2025-10-12 09:04:29.115241,24.72,70.45,131.01,127.71,52.61426585867927
2025-10-12 09:04:30.115241,42.45,49.69,218.79,37.09,52.191647354073645
2025-10-12 09:04:31.115240,12.62,81.11,211.19,149.53,52.938928277508396
2025-10-12 09:04:32.115240,80.26,41.59,129.41,60.89,52.151243373356856
2025-10-12 09:04:33.115239,38.96,44.01,56.52,39.66,51.85358506424953
2025-10-12 09:04:34.115239,31.09,57.07,269.36,45.54,52.36152235375615
2025-10-12 09:04:35.115238,59.29,45.71,260.22,16.35,52.14163862094495
2025-10-12 09:04:36.115238,69.92,59.21,91.63,17.91,51.79383451417548
2025-10-12 09:04:37.115237,79.1,98.96,107.61,73.86,52.221958607051405
2025-10-12 09:04:38.115237,39.56,72.38,162.97,97.74,52.48574326056403
2025-10-12 09:04:39.115236,79.05,37.56,192.32,81.9,52.42489946211821
2025-10-12 09:04:40.115236,49.51,51.25,270.76,107.75,52.774221329816726
2025-10-12 09:04:41.115235,18.6,77.43,192.08,37.38,52.151070288022964
2025-10-12 09:04:42.115235,81.94,77.74,289.16,107.01,52.82395520541194
2025-10-12 09:04:43.115235,56.55,26.0,275.6,46.61,52.36487456260801
2025-10-12 09:04:44.115234,61.21,94.64,92.32,73.57,52.18446695346858
2025-10-12 09:04:45.115234,89.69,24.22,260.82,28.62,52.212423683510764
2025-10-12 09:04:46.115233,57.53,78.99,180.54,137.74,52.79301719176825
2025-10-12 09:04:47.115233,10.47,40.57,247.05,147.13,52.97822646299803
2025-10-12 09:04:48.115232,84.0,80.6,281.76,35.09,52.33214854788298
2025-10-12 09:04:49.115232,34.2,77.5,77.0,27.41,51.83533032650032
2025-10-12 09:04:50.115231,52.65,66.33,85.06,91.45,52.271644603515426
2025-10-12 09:04:51.115231,27.42,65.18,100.35,43.39,51.98518485654091
2025-10-12 09:04:52.115230,35.24,59.15,125.44,122.91,52.564039993510676
2025-10-12 09:04:53.115230,68.37,54.5,50.42,44.54,51.87857932876789
2025-10-12 09:04:54.115230,46.51,59.65,171.45,63.75,52.27145626198027
2025-10-12 09:04:55.115229,63.31,21.91,267.11,43.66,52.324604966020345
2025-10-12 09:04:56.115229,80.0,96.36,148.88,64.93,52.250755818970674
2025-10-12 09:04:57.115228,38.97,55.18,114.26,10.42,51.79096403169803
2025-10-12 09:04:58.115228,58.31,61.09,255.99,67.41,52.47991490833756
2025-10-12 09:04:59.115227,76.09,20.4,74.17,102.63,52.29667776162761
2025-10-12 09:05:00.115227,70.79,86.99,148.79,106.69,52.52251749724508
2025-10-12 09:05:01.115226,55.89,33.19,149.48,63.43,52.206960392977756
2025-10-12 09:05:02.115226,42.59,54.44,295.26,23.33,52.26882369994018
2025-10-12 09:05:03.115225,44.64,81.54,173.35,59.86,52.261935874354265
2025-10-12 09:05:04.115225,46.82,56.44,112.15,31.51,51.92706690241404
2025-10-12 09:05:05.115224,39.65,39.87,109.9,132.3,52.58193202243968
2025-10-12 09:05:06.115224,69.42,56.89,263.38,132.68,52.926817083118316
2025-10-12 09:05:07.115224,20.66,44.48,205.62,95.9,52.55051718176611
2025-10-12 09:05:08.115223,92.23,62.8,285.8,36.03,52.33724817411845
2025-10-12 09:05:09.115223,76.21,94.76,171.78,44.84,52.166194069034816
2025-10-12 09:05:10.115222,35.34,49.22,270.73,111.24,52.796190803845434
2025-10-12 09:05:11.115222,13.62,33.14,164.82,30.14,52.01925241790632
2025-10-12 09:05:12.115221,70.46,96.91,124.13,25.34,51.93461292945085
2025-10-12 09:05:13.115221,72.42,37.39,100.66,91.27,52.288186858594806
2025-10-12 09:05:14.115220,91.91,23.77,86.95,105.82,52.34744467249901
2025-10-12 09:05:15.115220,31.56,22.27,116.13,99.67,52.36908226419712
2025-10-12 09:05:16.115219,17.03,80.66,291.26,95.41,52.75314294919233
2025-10-12 09:05:17.115219,87.79,95.4,127.7,43.4,52.061383959847284
2025-10-12 09:05:18.115219,31.99,64.55,157.17,63.82,52.243673687449444
2025-10-12 09:05:19.115218,71.33,25.68,191.02,146.66,52.8452959142586
2025-10-12 09:05:20.115218,15.16,87.99,57.51,32.55,51.83300763998742
2025-10-12 09:05:21.115217,74.65,78.56,101.14,69.15,52.165315744291675
2025-10-12 09:05:22.115217,20.8,37.02,59.79,54.52,51.95541788577866
2025-10-12 09:05:23.115216,69.12,80.68,125.67,80.01,52.29178008825541
2025-10-12 09:05:24.115216,55.25,96.98,70.42,78.06,52.16806906415207
2025-10-12 09:05:25.115215,91.22,84.51,65.66,13.26,51.720717384164864
2025-10-12 09:05:26.115215,13.14,31.89,215.12,114.1,52.6849157378757
2025-10-12 09:05:27.115214,34.82,82.13,210.88,42.64,52.22937331694249
2025-10-12 09:05:28.115214,15.91,43.31,198.97,69.24,52.35849493790437
2025-10-12 09:05:29.115214,84.73,36.23,104.38,52.29,52.036892216799686
2025-10-12 09:05:30.115213,60.48,89.62,116.18,46.76,52.05548293707835
2025-10-12 09:05:31.115213,55.47,66.86,94.42,29.38,51.88027025481117
2025-10-12 09:05:32.115212,21.17,28.11,161.74,70.76,52.27937675660076
2025-10-12 09:05:33.115212,51.57,80.71,134.53,147.16,52.75670171059051
2025-10-12 09:05:34.115211,43.89,87.95,161.11,11.35,51.916982983989634
2025-10-12 09:05:35.115211,36.84,96.47,58.16,40.82,51.89402445899243
2025-10-12 09:05:36.115210,75.64,60.73,221.82,109.74,52.68655319958174
2025-10-12 09:05:37.115210,15.21,41.09,177.09,133.02,52.73312314778201
2025-10-12 09:05:38.115209,64.97,28.55,101.12,121.05,52.48192268922461
2025-10-12 09:05:39.115209,79.95,77.49,94.11,129.8,52.55201859495122
2025-10-12 09:05:40.115208,87.12,47.67,271.34,45.84,52.362578937819464
2025-10-12 09:05:41.115208,73.4,55.54,116.59,46.27,52.034161532371556
2025-10-12 09:05:42.115208,34.01,76.23,294.13,111.17,52.8615057663098
2025-10-12 09:05:43.115207,61.04,42.79,287.71,51.89,52.435525449427146
2025-10-12 09:05:44.115207,22.02,87.15,265.42,35.14,52.300683016830426
2025-10-12 09:05:45.115206,19.95,25.02,209.73,149.69,52.90562105610457
2025-10-12 09:05:46.115206,64.28,24.22,79.04,144.14,52.584875776354366
2025-10-12 09:05:47.115205,82.34,47.69,112.08,119.26,52.50446155552662
2025-10-12 09:05:48.115205,15.72,35.85,179.26,148.27,52.836132112245636
2025-10-12 09:05:49.115204,19.01,47.04,296.05,116.09,52.882087027252595
2025-10-12 09:05:50.115204,58.08,64.63,165.31,23.91,51.99648314048918
2025-10-12 09:05:51.115203,28.55,61.06,111.3,94.42,52.345339411826814
2025-10-12 09:05:52.115203,62.0,63.8,80.13,26.28,51.826997984898675
2025-10-12 09:05:53.115203,28.24,39.32,211.68,84.63,52.485989509498694
2025-10-12 09:05:54.115202,19.9,84.26,109.6,40.15,51.9943574562523
2025-10-12 09:05:55.115202,56.37,50.88,156.03,11.83,51.88852865288752
2025-10-12 09:05:56.115201,83.29,22.13,72.59,18.07,51.73297177705569
2025-10-12 09:05:57.115201,68.24,74.5,150.07,90.54,52.411154959564854
2025-10-12 09:05:58.115200,79.59,76.91,164.27,89.5,52.436392435165786
2025-10-12 09:05:59.115200,32.64,58.34,167.74,36.41,52.08121963993359
2025-10-12 09:06:00.115199,85.31,77.52,229.82,122.41,52.79733847114044
2025-10-12 09:06:01.115199,42.05,94.86,285.8,116.54,52.88944365887628
2025-10-12 09:06:02.115198,82.46,68.45,247.89,129.21,52.87661927710977
2025-10-12 09:06:03.115198,50.05,82.99,125.71,28.98,51.95445571680811
2025-10-12 09:06:04.115198,32.77,80.41,126.69,74.71,52.258665102750655
2025-10-12 09:06:05.115197,32.12,80.4,139.65,52.23,52.13756531097126
2025-10-12 09:06:06.115197,58.25,84.41,66.62,100.19,52.29971551643726
2025-10-12 09:06:07.115196,16.72,98.7,299.08,125.75,52.98151244305215
2025-10-12 09:06:08.115196,89.05,73.39,60.19,98.66,52.269483726190664
2025-10-12 09:06:09.115195,33.07,35.87,217.76,95.75,52.57106332015084
2025-10-12 09:06:10.115195,38.53,62.94,101.99,59.52,52.09455387428582
2025-10-12 09:06:11.115194,29.83,51.2,267.71,56.25,52.425762481083765
2025-10-12 09:06:12.115194,10.26,47.84,168.58,26.43,52.0109612804062
2025-10-12 09:06:13.115193,68.87,87.93,117.4,149.24,52.73736891277636
2025-10-12 09:06:14.115193,60.2,44.92,199.42,132.92,52.783023319744046
2025-10-12 09:06:15.115192,78.82,35.06,75.2,97.51,52.27308461319453
2025-10-12 09:06:16.115192,13.49,46.48,96.59,85.33,52.24499086713515
2025-10-12 09:06:17.115192,88.94,21.27,223.65,92.52,52.55427858183455
2025-10-12 09:06:18.115191,38.13,39.39,67.09,109.53,52.33768205428192
2025-10-12 09:06:19.115191,87.61,78.74,50.9,19.83,51.72909983657362
2025-10-12 09:06:20.115190,19.11,27.81,183.82,15.1,51.957674524808816
2025-10-12 09:06:21.115190,73.23,31.69,190.61,97.52,52.52159808839899
2025-10-12 09:06:22.115189,59.25,43.82,89.7,38.63,51.918609762640315
2025-10-12 09:06:23.115189,40.45,73.45,239.69,28.37,52.192320163847725
2025-10-12 09:06:24.115188,16.73,81.77,115.17,10.77,51.81005264722252
2025-10-12 09:06:25.115188,61.4,51.21,88.64,117.1,52.44124250424695
2025-10-12 09:06:26.115187,12.25,58.47,132.26,67.74,52.212279984927136
2025-10-12 09:06:27.115187,52.61,49.5,50.59,26.27,51.754905000356146
2025-10-12 09:06:28.115187,61.36,97.01,155.16,68.36,52.28750418034292
2025-10-12 09:06:29.115186,72.26,90.02,177.36,90.99,52.48196678641245
2025-10-12 09:06:30.115186,94.26,44.84,51.77,77.78,52.096754092057765
2025-10-12 09:06:31.115185,32.11,31.13,195.78,102.62,52.566349888434196
2025-10-12 09:06:32.115185,37.4,42.92,119.67,119.65,52.52085909253753
2025-10-12 09:06:33.115184,39.0,84.19,155.41,127.13,52.6709828234146
2025-10-12 09:06:34.115184,72.18,71.43,246.04,115.74,52.78486137479805
2025-10-12 09:06:35.115183,89.2,52.74,242.42,144.47,52.95729923188248
2025-10-12 09:06:36.115183,92.82,43.31,162.66,48.34,52.14102190916679
2025-10-12 09:06:37.115182,90.39,82.1,142.78,11.24,51.873241203190005
2025-10-12 09:06:38.115182,84.75,90.61,262.51,31.06,52.269216298433406
2025-10-12 09:06:39.115182,94.23,63.89,82.46,77.13,52.16960324271387
2025-10-12 09:06:40.115181,41.96,84.01,78.77,137.05,52.57049317260335
2025-10-12 09:06:41.115181,90.61,86.18,71.75,37.02,51.89255527493772
2025-10-12 09:06:42.115180,74.69,70.05,93.74,14.04,51.77875532031051
2025-10-12 09:06:43.115180,24.32,76.88,232.51,116.4,52.762927441479704
2025-10-12 09:06:44.115179,13.86,49.16,123.07,49.56,52.06650374332584
2025-10-12 09:06:45.115179,28.23,23.62,262.88,136.46,52.93231333668307
2025-10-12 09:06:46.115178,76.19,58.66,124.93,27.64,51.93033546515537
2025-10-12 09:06:47.115178,63.69,57.34,142.21,115.92,52.55301286555638
2025-10-12 09:06:48.115177,29.07,43.62,244.52,68.6,52.4532165537569
2025-10-12 09:06:49.115177,73.06,90.84,165.48,65.99,52.290725554800574
2025-10-12 09:06:50.115176,22.01,55.8,196.24,76.1,52.40505289586737
2025-10-12 09:06:51.115176,79.86,59.49,128.58,135.01,52.65134981026715
2025-10-12 09:06:52.115176,77.5,90.17,115.4,130.63,52.61075881400829
2025-10-12 09:06:53.115175,92.67,20.84,58.86,125.68,52.41670286215303
2025-10-12 09:06:54.115175,22.77,45.11,292.19,87.78,52.68474207571255
2025-10-12 09:06:55.115174,87.06,46.7,274.97,138.57,52.98538001102949
2025-10-12 09:06:56.115174,38.99,75.8,139.99,49.4,52.11696054895331
2025-10-12 09:06:57.115173,45.37,98.36,190.42,81.01,52.44869390103925
2025-10-12 09:06:58.115173,49.82,98.11,293.32,54.46,52.49552513421176
2025-10-12 09:06:59.115172,63.29,43.69,162.74,115.83,52.589351249663366
2025-10-12 09:07:00.115172,94.55,50.88,157.21,144.14,52.76925559321478
2025-10-12 09:07:01.115171,61.0,31.93,89.6,148.68,52.642202081829566
2025-10-12 09:07:02.115171,88.77,94.92,226.17,104.36,52.67929978735379
2025-10-12 09:07:03.115170,31.68,55.08,139.52,141.7,52.71702803231316
2025-10-12 09:07:04.115170,43.86,64.03,103.66,99.23,52.362345523630296
2025-10-12 09:07:05.115170,52.88,24.54,269.46,79.62,52.56983872264578
2025-10-12 09:07:06.115169,37.45,30.62,216.91,104.46,52.62410913767621
2025-10-12 09:07:07.115169,93.03,70.44,199.22,126.68,52.7553700070438
2025-10-12 09:07:08.115168,71.68,54.06,234.38,69.71,52.44439809745441
2025-10-12 09:07:09.115168,50.7,32.67,94.87,36.32,51.908288791340574
2025-10-12 09:07:10.115167,73.86,43.76,231.32,105.46,52.669311002773675
2025-10-12 09:07:11.115167,49.73,59.99,142.38,83.87,52.342133601457135
2025-10-12 09:07:12.115166,11.46,43.16,239.25,28.87,52.17783430230558
2025-10-12 09:07:13.115166,56.17,49.13,93.67,91.16,52.27882648483324
2025-10-12 09:07:14.115165,63.14,88.92,152.29,61.62,52.232044094774636
2025-10-12 09:07:15.115165,93.4,33.18,266.37,130.18,52.90351963339056
2025-10-12 09:07:16.115165,13.47,59.61,201.28,136.61,52.81972081853702
2025-10-12 09:07:17.115164,53.53,52.16,134.29,61.46,52.17149120594397
2025-10-12 09:07:18.115164,18.34,83.96,113.99,135.6,52.637232845379266
2025-10-12 09:07:19.115163,22.66,82.97,168.4,145.54,52.82066997528762
2025-10-12 09:07:20.115163,61.89,38.63,283.38,105.65,52.78063530936991
2025-10-12 09:07:21.115162,29.68,77.21,283.95,138.51,53.02143170019768
2025-10-12 09:07:22.115162,73.68,32.35,58.86,126.47,52.42834917821193
2025-10-12 09:07:23.115161,53.71,52.34,51.33,118.92,52.37302622554748
2025-10-12 09:07:24.115161,28.55,65.34,148.98,84.84,52.3658631073928
2025-10-12 09:07:25.115160,51.97,52.13,66.42,149.98,52.611790631108725
2025-10-12 09:07:26.115160,10.07,76.18,179.23,19.23,52.00203842111546
2025-10-12 09:07:27.115160,83.33,91.13,77.02,136.17,52.564817531660154
2025-10-12 09:07:28.115159,11.08,36.88,68.64,101.18,52.28422708037551
2025-10-12 09:07:29.115159,10.6,98.75,178.38,149.46,52.877112494098824
2025-10-12 09:07:30.115158,61.98,80.59,200.72,97.6,52.57126015584818
2025-10-12 09:07:31.115158,92.75,86.77,211.09,94.12,52.574092906807245
2025-10-12 09:07:32.115157,82.75,90.37,82.22,64.65,52.10098110220042
2025-10-12 09:07:33.115157,31.42,61.77,117.48,33.72,51.95626080416285
2025-10-12 09:07:34.115156,26.72,40.88,296.77,133.28,52.99431534581484
2025-10-12 09:07:35.115156,63.22,33.56,211.92,149.04,52.91080768163137
2025-10-12 09:07:36.115155,79.92,70.65,229.27,56.34,52.353804190191326
2025-10-12 09:07:37.115155,40.78,61.03,132.84,64.07,52.19060358880038
2025-10-12 09:07:38.115154,46.75,70.13,264.25,72.27,52.53511633575289
2025-10-12 09:07:39.115154,19.82,41.49,284.97,31.3,52.29219937975651
2025-10-12 09:07:40.115154,22.99,28.96,297.68,50.14,52.437841540589346
2025-10-12 09:07:41.115153,58.31,70.6,67.53,18.14,51.7494248625982
2025-10-12 09:07:42.115153,18.73,98.75,289.2,123.02,52.94199120196826
2025-10-12 09:07:43.115152,27.17,63.83,149.52,81.18,52.34190221231638
2025-10-12 09:07:44.115152,29.95,24.8,133.57,146.76,52.72086228078535
2025-10-12 09:07:45.115151,47.73,93.12,200.23,135.83,52.83090774979668
2025-10-12 09:07:46.115151,13.88,85.02,231.84,91.23,52.59894419892778
2025-10-12 09:07:47.115150,52.48,35.86,122.13,103.69,52.41633768696244
2025-10-12 09:07:48.115150,88.94,43.92,143.31,141.36,52.716783585987045
2025-10-12 09:07:49.115149,12.08,72.44,60.64,100.55,52.28247559082295
2025-10-12 09:07:50.115149,63.63,31.05,54.41,115.16,52.34290734419064
2025-10-12 09:07:51.115149,81.05,74.46,56.75,104.58,52.30190988014326
2025-10-12 09:07:52.115148,36.56,67.31,63.37,73.59,52.10660428670749
2025-10-12 09:07:53.115148,21.18,87.7,215.41,110.75,52.69435683374512
2025-10-12 09:07:54.115147,13.68,74.63,177.85,143.44,52.822589226230946
2025-10-12 09:07:55.115147,64.73,32.21,99.36,98.4,52.329808804900594
2025-10-12 09:07:56.115146,56.94,24.58,83.79,89.87,52.23517800415719
2025-10-12 09:07:57.115146,29.49,85.83,216.86,83.85,52.517920983554724
2025-10-12 09:07:58.115145,80.69,44.96,87.95,46.53,51.967882080994016
2025-10-12 09:07:59.115145,72.52,79.31,115.83,73.64,52.227396273134694
2025-10-12 09:08:00.115144,33.5,45.16,247.17,105.87,52.70718937293644
2025-10-12 09:08:01.115144,74.04,86.02,205.23,146.58,52.90915283194115
2025-10-12 09:08:02.115144,30.82,52.81,97.07,67.13,52.12875632351548
2025-10-12 09:08:03.115143,67.4,83.51,253.42,75.51,52.540574014950835
2025-10-12 09:08:04.115143,20.08,33.52,299.69,52.89,52.462990174630626
2025-10-12 09:08:05.115142,68.84,89.2,143.36,107.33,52.51621715719131
2025-10-12 09:08:06.115142,30.3,62.75,111.11,138.95,52.64142182675849
2025-10-12 09:08:07.115141,58.66,88.32,63.3,98.62,52.284269213291054
2025-10-12 09:08:08.115141,24.66,97.71,297.74,74.35,52.63690335203087
2025-10-12 09:08:09.115140,71.71,90.49,220.84,89.43,52.566181402283206
2025-10-12 09:08:10.115140,15.17,24.58,207.7,144.43,52.86606160424274
2025-10-12 09:08:11.115139,24.06,40.9,118.34,114.16,52.480412427648844
2025-10-12 09:08:12.115139,25.65,71.59,156.84,33.12,52.04311227563522
2025-10-12 09:08:13.115138,13.51,22.21,149.42,20.99,51.91903951501208
2025-10-12 09:08:14.115138,73.33,61.79,228.24,102.28,52.651554221798534
2025-10-12 09:08:15.115137,93.38,61.78,258.88,36.19,52.279353805438355
2025-10-12 09:08:16.115137,76.16,76.99,242.14,93.79,52.63380887077428
2025-10-12 09:08:17.115137,83.15,61.42,84.94,34.14,51.8882751636775
2025-10-12 09:08:18.115136,10.51,97.44,74.9,111.78,52.401848268127026
2025-10-12 09:08:19.115136,20.02,57.93,243.78,109.61,52.7317635121812
2025-10-12 09:08:20.115135,57.52,96.98,119.58,28.99,51.949008787062695
2025-10-12 09:08:21.115135,93.12,71.21,250.51,85.26,52.592132557319964
2025-10-12 09:08:22.115134,66.16,22.64,283.51,92.72,52.68620319612726
2025-10-12 09:08:23.115133,41.8,22.03,175.44,104.73,52.53117508667699
2025-10-12 09:08:24.115132,22.42,40.0,197.44,17.98,52.013112349213216
2025-10-12 09:08:25.115132,22.99,74.16,189.93,71.09,52.36832782027334
2025-10-12 09:08:26.115132,40.83,86.89,224.97,146.48,52.95178872280871
2025-10-12 09:08:27.115131,70.67,63.34,174.73,107.73,52.57252715959482
2025-10-12 09:08:28.115131,12.7,93.86,63.39,99.53,52.29358613292644
2025-10-12 09:08:29.115130,82.44,62.21,256.19,70.01,52.49822846440758
2025-10-12 09:08:30.115130,90.03,45.17,167.45,14.07,51.92498927694537
2025-10-12 09:08:31.115129,85.55,62.25,250.49,44.99,52.319824867656514
2025-10-12 09:08:32.115129,87.61,27.77,220.16,10.93,52.0087958403879
2025-10-12 09:08:33.115128,11.3,33.55,291.97,30.03,52.29453602405092
2025-10-12 09:08:34.115128,93.11,73.61,295.79,53.43,52.480417024037514
2025-10-12 09:08:35.115127,41.14,73.82,146.56,137.01,52.71159411418829
2025-10-12 09:08:36.115127,83.89,46.41,297.93,39.32,52.37627662252945
2025-10-12 09:08:37.115126,25.88,83.32,88.6,24.21,51.84248907079585
2025-10-12 09:08:38.115126,47.95,61.42,299.45,143.79,53.081311404075244
2025-10-12 09:08:39.115125,13.75,55.9,224.85,40.69,52.23213985175968
2025-10-12 09:08:40.115125,13.41,73.62,201.96,96.72,52.5642315948123
2025-10-12 09:08:41.115125,90.18,75.94,130.57,76.66,52.27753664477436
2025-10-12 09:08:42.115124,78.9,51.91,110.85,24.11,51.872611965477695
2025-10-12 09:08:43.115124,55.04,77.7,289.96,66.27,52.55526872746049
2025-10-12 09:08:44.115123,54.66,79.49,269.23,127.13,52.91524138136315
2025-10-12 09:08:45.115123,73.64,41.46,187.8,26.52,52.04969724694328
2025-10-12 09:08:46.115122,39.04,74.63,109.06,132.03,52.597654775723505
2025-10-12 09:08:47.115122,74.76,67.37,137.62,133.04,52.66226568519182
2025-10-12 09:08:48.115121,51.23,84.61,78.32,44.26,51.95398539089218
2025-10-12 09:08:49.115121,64.22,24.91,205.27,39.35,52.16353789390091
2025-10-12 09:08:50.115120,92.01,60.59,95.79,46.19,51.99132508230529
2025-10-12 09:08:51.115120,50.06,27.51,239.86,84.95,52.5426654088133
2025-10-12 09:08:52.115119,45.56,81.96,62.47,22.74,51.77530042434026
2025-10-12 09:08:53.115119,86.99,34.35,130.47,31.49,51.95438133639953
2025-10-12 09:08:54.115119,86.72,85.97,90.77,103.43,52.37446868283573
2025-10-12 09:08:55.115118,94.36,92.89,272.94,144.22,53.044172313539114
2025-10-12 09:08:56.115118,56.82,98.78,87.63,44.27,51.98212762207565
2025-10-12 09:08:57.115117,39.26,46.91,298.83,64.47,52.54543235616777
2025-10-12 09:08:58.115117,30.43,35.65,285.38,35.78,52.319574553793174
2025-10-12 09:08:59.115116,12.9,60.44,210.45,59.82,52.330401710740944
2025-10-12 09:09:00.115116,71.77,42.3,96.09,58.83,52.065695351263294
2025-10-12 09:09:01.115115,29.85,72.1,186.69,11.81,51.96670132376959
2025-10-12 09:09:02.115115,61.56,67.02,115.3,38.31,51.984917702913805
2025-10-12 09:09:03.115114,87.91,30.38,69.4,124.48,52.436906292679325
2025-10-12 09:09:04.115114,90.77,93.26,77.65,147.98,52.64575418934786
2025-10-12 09:09:05.115113,10.37,53.11,124.72,58.99,52.13486868297815
2025-10-12 09:09:06.115113,36.95,83.58,59.11,12.88,51.70347108769933
2025-10-12 09:09:07.115112,81.18,71.64,228.08,69.96,52.44217245988734
2025-10-12 09:09:08.115112,55.6,37.34,110.68,126.77,52.54551270498902
2025-10-12 09:09:09.115112,78.64,84.32,132.14,70.57,52.2451831446562
2025-10-12 09:09:10.115111,82.53,90.54,241.2,57.09,52.39572266584894
2025-10-12 09:09:11.115111,47.62,34.74,222.42,98.32,52.59759974562436
2025-10-12 09:09:12.115110,40.51,44.4,58.97,66.67,52.03838670893997
2025-10-12 09:09:13.115110,48.71,74.1,82.87,119.81,52.459447844986016
2025-10-12 09:09:14.115109,65.49,30.89,116.02,96.88,52.35512114082091
2025-10-12 09:09:15.115109,41.21,66.06,240.79,118.76,52.790531280346876
2025-10-12 09:09:16.115108,75.87,43.53,120.16,124.09,52.551730385665024
2025-10-12 09:09:17.115108,86.84,97.39,128.11,134.83,52.670219192794335
2025-10-12 09:09:18.115108,34.0,84.16,220.87,79.98,52.50000362567588
2025-10-12 09:09:19.115107,92.02,40.0,54.37,29.95,51.782243842589644
2025-10-12 09:09:20.115107,62.93,40.24,288.32,67.32,52.537841930574416
2025-10-12 09:09:21.115106,84.64,90.9,218.03,84.6,52.52825699082425
2025-10-12 09:09:22.115106,18.83,31.67,248.76,40.35,52.26826450592393
2025-10-12 09:09:23.115105,31.38,49.87,199.06,53.72,52.25933012818884
2025-10-12 09:09:24.115105,37.29,20.17,135.39,58.74,52.13802809891652
2025-10-12 09:09:25.115104,35.74,95.83,101.8,109.23,52.44237330609689
2025-10-12 09:09:26.115104,24.61,62.01,178.92,73.46,52.35341856616853
2025-10-12 09:09:27.115103,83.8,79.15,279.2,106.47,52.79955246588885
2025-10-12 09:09:28.115103,45.58,93.84,262.82,95.67,52.70051481093547
2025-10-12 09:09:29.115102,91.87,65.29,235.21,27.44,52.17189119741416
2025-10-12 09:09:30.115102,59.6,86.24,255.57,62.82,52.46252996720346
2025-10-12 09:09:31.115102,21.76,63.87,68.32,14.36,51.72230589997636
2025-10-12 09:09:32.115101,56.4,53.32,229.58,119.01,52.760789159965476
2025-10-12 09:09:33.115101,94.45,27.25,64.86,147.36,52.57717700290281
2025-10-12 09:09:34.115100,58.04,69.31,84.57,99.22,52.32381057796346
2025-10-12 09:09:35.115100,10.16,50.41,145.3,60.01,52.184774211155734
2025-10-12 09:09:36.115099,89.31,46.19,277.56,94.23,52.69642063749957
2025-10-12 09:09:37.115099,29.97,27.7,247.21,61.19,52.401013293884525
2025-10-12 09:09:38.115098,68.52,53.91,223.37,65.54,52.392757088292626
2025-10-12 09:09:39.115098,53.78,59.38,171.17,15.7,51.95178142923102
2025-10-12 09:09:40.115097,37.66,30.3,53.67,85.12,52.14150368018679
2025-10-12 09:09:41.115097,34.02,86.85,232.77,76.96,52.507266562470775
2025-10-12 09:09:42.115097,88.94,49.16,212.94,144.05,52.88857859428499
2025-10-12 09:09:43.115096,87.51,84.09,136.33,125.58,52.61925542865432
2025-10-12 09:09:44.115096,53.62,77.63,221.49,75.29,52.46658734592818
2025-10-12 09:09:45.115095,31.97,95.81,150.45,83.99,52.38036013053167
2025-10-12 09:09:46.115095,18.7,80.55,280.04,32.49,52.3111333777932
2025-10-12 09:09:47.115094,23.31,90.24,51.09,113.32,52.35642086495759
2025-10-12 09:09:48.115094,54.39,73.54,160.79,149.93,52.82805550269688
2025-10-12 09:09:49.115093,36.17,38.38,242.5,137.77,52.90501516482162
2025-10-12 09:09:50.115093,13.58,92.56,167.38,71.2,52.33038323441229
2025-10-12 09:09:51.115092,48.69,42.3,254.58,111.32,52.75784323032855
2025-10-12 09:09:52.115092,73.43,81.49,118.35,79.2,52.27097763309926
2025-10-12 09:09:53.115092,85.79,98.56,159.28,55.41,52.21135092349445
2025-10-12 09:09:54.115091,59.75,65.12,219.24,26.19,52.12886154445199
2025-10-12 09:09:55.115091,71.48,98.5,54.78,67.18,52.06277910108317
2025-10-12 09:09:56.115090,40.95,89.27,84.19,131.79,52.550263479731555
2025-10-12 09:09:57.115090,52.18,46.67,75.86,92.35,52.24672676172595
2025-10-12 09:09:58.115089,72.02,71.12,192.95,24.85,52.06628301221484
2025-10-12 09:09:59.115089,71.85,42.98,140.72,84.59,52.33384933814638
2025-10-12 09:10:00.115088,46.08,21.59,60.32,82.45,52.13336076061789
2025-10-12 09:10:01.115088,56.21,63.63,57.84,146.78,52.578339132258684
2025-10-12 09:10:02.115087,88.53,68.13,292.23,33.26,52.33577471077069
2025-10-12 09:10:03.115087,63.72,34.88,189.78,39.69,52.13774330318317
2025-10-12 09:10:04.115087,64.62,92.8,210.17,48.93,52.275516956229914
2025-10-12 09:10:05.115086,76.69,97.36,179.53,82.01,52.43115462930605
2025-10-12 09:10:06.115086,19.79,30.51,168.0,19.99,51.957319169091164
2025-10-12 09:10:07.115085,54.45,80.05,272.75,40.74,52.349800253944125
2025-10-12 09:10:08.115085,91.55,94.21,298.23,142.52,53.088476851587735
2025-10-12 09:10:09.115084,40.74,30.88,72.64,132.98,52.5006281046495
2025-10-12 09:10:10.115084,35.07,84.81,93.47,92.93,52.3099890558032
2025-10-12 09:10:11.115083,61.1,23.79,288.21,91.83,52.691130026474745
2025-10-12 09:10:12.115083,28.8,31.46,229.79,120.45,52.75864164818933
2025-10-12 09:10:13.115082,57.26,79.12,258.68,41.77,52.32560168695346
2025-10-12 09:10:14.115082,23.23,33.32,227.26,113.58,52.70859129325994
2025-10-12 09:10:15.115082,59.28,22.11,168.9,108.82,52.544180606693985
2025-10-12 09:10:16.115081,61.2,34.44,192.38,141.07,52.816016918464925
2025-10-12 09:10:17.115081,45.56,27.07,179.68,84.3,52.407577335033935
2025-10-12 09:10:18.115080,42.53,24.0,68.87,105.15,52.30391056631186
2025-10-12 09:10:19.115080,30.86,62.37,255.96,84.1,52.59133671306143
2025-10-12 09:10:20.115079,38.13,46.43,200.43,58.91,52.29483503429325
2025-10-12 09:10:21.115079,52.36,43.26,211.8,79.45,52.45406089975789
2025-10-12 09:10:22.115078,31.05,40.33,192.07,36.98,52.12775525576013
2025-10-12 09:10:23.115078,76.54,78.4,98.83,117.72,52.48258505926437
2025-10-12 09:10:24.115077,70.27,79.25,113.99,50.94,52.07270760138296
2025-10-12 09:10:25.115077,32.89,25.47,287.09,10.01,52.14657987737698
2025-10-12 09:10:26.115076,18.28,65.7,169.23,79.02,52.37135670066398
2025-10-12 09:10:27.115076,10.02,51.51,228.95,20.79,52.10651031627889
2025-10-12 09:10:28.115076,60.72,60.32,280.74,41.12,52.3586768697922
2025-10-12 09:10:29.115075,27.97,87.74,95.41,115.05,52.46264161149482
2025-10-12 09:10:30.115075,11.07,93.41,148.31,79.19,52.342524867761995
2025-10-12 09:10:31.115074,40.52,36.42,94.85,132.56,52.549095356847744
2025-10-12 09:10:32.115074,91.77,96.85,281.34,91.31,52.71342055509316
2025-10-12 09:10:33.115073,68.65,67.08,101.8,97.05,52.34553882706654
2025-10-12 09:10:34.115073,82.91,90.06,133.62,58.4,52.170811665177794
2025-10-12 09:10:35.115072,22.3,93.78,268.53,106.95,52.787733883733075
2025-10-12 09:10:36.115072,16.23,85.63,149.12,23.86,51.972717667763575
2025-10-12 09:10:37.115072,10.98,26.98,216.33,87.99,52.51151158836112
2025-10-12 09:10:38.115071,91.23,47.18,233.07,126.64,52.81558507077477
2025-10-12 09:10:39.115071,35.52,67.24,243.16,143.82,52.96265634377826
2025-10-12 09:10:40.115070,49.06,40.78,172.08,48.99,52.164360444013255
2025-10-12 09:10:41.115070,43.53,31.26,176.66,31.87,52.05536964393123
2025-10-12 09:10:42.115069,72.09,32.74,152.37,82.26,52.33795683012785
2025-10-12 09:10:43.115069,36.35,80.39,95.32,46.28,52.001917607990606
2025-10-12 09:10:44.115068,55.51,88.08,185.58,142.71,52.84199241469565
2025-10-12 09:10:45.115068,94.62,69.68,151.99,85.34,52.37812464209479
2025-10-12 09:10:46.115067,47.75,96.79,109.3,101.4,52.40720543290461
2025-10-12 09:10:47.115067,56.86,21.96,239.01,126.19,52.81145235951191
2025-10-12 09:10:48.115067,52.71,45.87,268.89,23.03,52.20486914798883
2025-10-12 09:10:49.115066,78.27,27.43,235.43,131.53,52.84217297057714
2025-10-12 09:10:50.115066,32.68,65.62,99.24,42.34,51.97605300229974
2025-10-12 09:10:51.115065,24.49,66.19,177.04,91.52,52.47153396982544
2025-10-12 09:10:52.115065,74.1,59.88,123.19,58.24,52.13033835044075
2025-10-12 09:10:53.115064,45.33,65.01,155.37,105.19,52.51460626403437
2025-10-12 09:10:54.115064,87.67,72.03,232.28,143.47,52.93939948120337
2025-10-12 09:10:55.115063,64.75,38.21,136.91,114.95,52.5244373166176
2025-10-12 09:10:56.115063,57.97,73.23,276.23,142.04,53.025902446354124
2025-10-12 09:10:57.115062,15.99,71.25,109.38,137.8,52.63476520626635
2025-10-12 09:10:58.115062,72.09,80.14,173.15,109.93,52.593047726509454
2025-10-12 09:10:59.115061,68.31,95.94,251.16,122.27,52.85294217874575
2025-10-12 09:11:00.115061,64.41,82.97,284.86,75.22,52.60654151408334
2025-10-12 09:11:01.115061,32.77,77.91,52.71,136.52,52.507058491929165
2025-10-12 09:11:02.115060,90.47,33.22,68.9,120.76,52.41271130189566
2025-10-12 09:11:03.115060,37.34,93.8,105.09,61.81,52.133644085430745
2025-10-12 09:11:04.115059,22.94,35.08,50.82,25.07,51.739417486444005
2025-10-12 09:11:05.115059,93.91,85.19,284.76,58.1,52.49393077228068
2025-10-12 09:11:06.115058,73.43,50.1,104.31,75.84,52.20076216096519
2025-10-12 09:11:07.115058,45.26,27.95,264.45,55.66,52.401841856778375
2025-10-12 09:11:08.115057,89.55,63.29,111.0,142.82,52.66716958994578
2025-10-12 09:11:09.115057,17.74,32.75,84.95,115.12,52.40982815785087
2025-10-12 09:11:10.115056,17.45,71.24,157.56,143.26,52.775500124091465
2025-10-12 09:11:11.115056,68.01,91.61,146.49,75.71,52.31447855395434
2025-10-12 09:11:12.115056,25.13,25.4,296.71,113.77,52.856082079205656
2025-10-12 09:11:13.115055,87.96,61.22,271.15,133.02,52.948335441075116
2025-10-12 09:11:14.115055,81.43,77.7,237.34,14.19,52.09547185423539
2025-10-12 09:11:15.115054,36.04,49.61,242.13,108.29,52.71479524122326
2025-10-12 09:11:16.115054,85.55,67.5,121.06,111.95,52.486441232682424
2025-10-12 09:11:17.115053,13.65,61.37,241.77,25.27,52.16953631093017
2025-10-12 09:11:18.115053,56.63,46.39,60.1,99.91,52.26256510831768
2025-10-12 09:11:19.115052,89.52,45.06,269.47,107.84,52.768577242714066
2025-10-12 09:11:20.115052,82.71,34.02,164.18,15.2,51.91919408496254
2025-10-12 09:11:21.115051,40.27,52.45,194.63,91.22,52.50005167936722
2025-10-12 09:11:22.115051,25.54,86.1,287.17,131.96,52.98988761330551
2025-10-12 09:11:23.115051,27.9,67.95,254.22,82.65,52.581042868623854
2025-10-12 09:11:24.115050,53.73,94.21,288.33,122.47,52.93392816286323
2025-10-12 09:11:25.115050,60.73,81.84,296.21,62.9,52.54876054127593
2025-10-12 09:11:26.115049,12.79,48.92,242.27,90.06,52.59371895339632
2025-10-12 09:11:27.115049,45.15,96.06,210.95,93.81,52.57689967902445
2025-10-12 09:11:28.115048,80.58,89.07,55.04,22.55,51.76187908850756
2025-10-12 09:11:29.115048,47.77,72.88,150.63,91.5,52.417840102359
2025-10-12 09:11:30.115047,24.38,67.8,126.53,137.53,52.66825193429973
2025-10-12 09:11:31.115047,91.16,45.05,200.74,89.82,52.4998954952889
2025-10-12 09:11:32.115046,32.63,47.53,150.21,90.65,52.39718549086274
2025-10-12 09:11:33.115046,77.87,27.43,299.4,85.56,52.67581057619521
2025-10-12 09:11:34.115045,26.47,23.01,50.31,17.21,51.67942848400743
2025-10-12 09:11:35.115045,45.97,57.95,67.59,73.73,52.11147968281707
2025-10-12 09:11:36.115045,51.69,35.54,174.35,96.89,52.48429079099711
2025-10-12 09:11:37.115044,52.55,77.91,166.35,26.29,52.02192297585036
2025-10-12 09:11:38.115044,53.9,73.54,284.27,76.45,52.60817972787148
2025-10-12 09:11:39.115043,29.12,23.73,90.39,24.85,51.81746985928143
2025-10-12 09:11:40.115043,53.85,79.07,158.71,93.52,52.45221603939559
2025-10-12 09:11:41.115042,50.95,32.54,128.94,55.11,52.10682650430593
2025-10-12 09:11:42.115042,27.74,68.3,289.58,47.86,52.42702456486526
2025-10-12 09:11:43.115041,94.0,81.25,199.32,119.27,52.71241879992166
2025-10-12 09:11:44.115041,83.57,48.22,56.53,132.4,52.471482404028784
2025-10-12 09:11:45.115040,85.44,91.89,116.77,46.12,52.053777612971786
2025-10-12 09:11:46.115040,68.27,86.98,66.7,97.66,52.28452659865429
2025-10-12 09:11:47.115039,23.59,75.49,149.74,114.76,52.57174283983125
2025-10-12 09:11:48.115039,58.29,34.55,118.38,135.94,52.62152487978538
2025-10-12 09:11:49.115039,79.82,24.75,248.13,58.13,52.381057867228975
2025-10-12 09:11:50.115038,13.29,61.55,123.59,109.87,52.474813436107475
2025-10-12 09:11:51.115038,52.15,82.12,282.78,101.73,52.77750928447793
2025-10-12 09:11:52.115037,43.67,87.81,112.32,97.74,52.38446809716714
2025-10-12 09:11:53.115037,28.03,51.39,189.26,49.33,52.20978240867907
2025-10-12 09:11:54.115036,42.15,96.53,202.7,55.48,52.30486329984365
2025-10-12 09:11:55.115036,93.6,85.58,260.05,108.51,52.77513337226949
2025-10-12 09:11:56.115035,71.48,77.74,194.0,113.98,52.66381647388445
2025-10-12 09:11:57.115035,35.46,21.56,200.43,59.57,52.285380581916954
2025-10-12 09:11:58.115034,61.46,54.54,127.51,50.19,52.0833082974535
2025-10-12 09:11:59.115034,30.97,68.79,112.58,19.41,51.85455969483833
2025-10-12 09:12:00.115034,61.92,35.19,149.17,49.87,52.11740020287266
2025-10-12 09:12:01.115033,86.17,93.76,185.69,52.77,52.24844124015851
2025-10-12 09:12:02.115033,57.33,61.13,123.2,21.83,51.889395060560986
2025-10-12 09:12:03.115032,72.33,74.06,282.45,26.37,52.27213062946962
2025-10-12 09:12:04.115032,48.53,83.67,241.54,38.66,52.27031484467677
2025-10-12 09:12:05.115031,54.55,91.82,181.23,42.66,52.17058632544315
2025-10-12 09:12:06.115031,69.08,32.12,65.5,139.42,52.5285749503699
2025-10-12 09:12:07.115030,79.05,88.39,218.3,53.42,52.320498515081475
2025-10-12 09:12:08.115030,66.05,42.98,210.04,50.35,52.25694530055316
2025-10-12 09:12:09.115029,93.09,85.0,233.03,87.41,52.576160064653905
2025-10-12 09:12:10.115029,79.68,62.66,215.28,127.58,52.791849321169884
2025-10-12 09:12:11.115029,76.06,74.56,169.11,84.21,52.41047223047973
2025-10-12 09:12:12.115028,81.83,21.17,53.4,119.51,52.36409231012484
2025-10-12 09:12:13.115028,33.9,62.88,285.57,146.18,53.067881070872225
2025-10-12 09:12:14.115027,46.72,89.08,53.81,87.08,52.18751513545269
2025-10-12 09:12:15.115027,57.98,56.3,298.03,41.08,52.3936767232379
2025-10-12 09:12:16.115026,49.3,66.6,110.21,32.84,51.93733849127563
2025-10-12 09:12:17.115026,82.03,59.16,82.43,99.11,52.31279250014006
2025-10-12 09:12:18.115025,12.3,75.57,266.55,15.27,52.16481098570181
2025-10-12 09:12:19.115025,27.78,58.99,285.8,14.71,52.19362365672161
2025-10-12 09:12:20.115024,84.95,97.24,177.64,94.8,52.51187825543636
2025-10-12 09:12:21.115024,15.02,91.35,132.98,20.47,51.9183922514163
2025-10-12 09:12:22.115024,29.29,26.05,201.35,138.05,52.81076102376778
2025-10-12 09:12:23.115023,39.86,46.82,88.63,136.56,52.56793854416025
2025-10-12 09:12:24.115023,73.81,49.4,247.09,66.96,52.45112119782379
2025-10-12 09:12:25.115022,57.62,81.87,111.16,46.96,52.04161083500556
2025-10-12 09:12:26.115022,91.14,53.82,112.07,147.46,52.6950188983941
2025-10-12 09:12:27.115021,29.37,83.1,202.29,88.02,52.51247739906293
2025-10-12 09:12:28.115021,84.13,55.69,280.88,138.83,53.004925417732224
2025-10-12 09:12:29.115020,34.05,37.07,130.4,105.09,52.444240329479754
2025-10-12 09:12:30.115020,30.87,76.39,290.37,138.59,53.035431357896506
2025-10-12 09:12:31.115019,52.36,81.91,278.54,93.65,52.71456744168769
2025-10-12 09:12:32.115019,16.05,56.69,53.52,123.16,52.40833787787806
2025-10-12 09:12:33.115018,42.67,50.09,207.29,94.41,52.547370754954954
2025-10-12 09:12:34.115018,40.23,70.51,285.85,148.85,53.09045421528114
2025-10-12 09:12:35.115017,23.61,39.24,208.65,147.11,52.8940650747544
2025-10-12 09:12:36.115017,83.17,26.57,85.77,94.86,52.27369921775377
2025-10-12 09:12:37.115017,42.8,83.01,215.92,119.09,52.748208223106325
2025-10-12 09:12:38.115016,93.46,60.33,156.11,96.35,52.45493503554336
2025-10-12 09:12:39.115016,86.48,63.07,152.84,65.35,52.24361360865183
2025-10-12 09:12:40.115015,26.56,38.48,232.15,119.07,52.758506281107195
2025-10-12 09:12:41.115015,52.94,88.42,253.86,26.89,52.22155924120521
2025-10-12 09:12:42.115014,61.15,20.99,169.89,58.17,52.209530815348536
2025-10-12 09:12:43.115014,79.61,56.56,150.35,24.22,51.96160346998597
2025-10-12 09:12:44.115013,85.28,60.7,234.24,106.68,52.69316540084739
2025-10-12 09:12:45.115013,63.04,91.11,224.63,98.72,52.63640629326668
2025-10-12 09:12:46.115012,12.99,82.61,284.43,87.58,52.68744434381934
2025-10-12 09:12:47.115012,50.91,74.9,56.22,103.11,52.291248410665204
2025-10-12 09:12:48.115011,85.21,66.0,71.9,148.13,52.61911360017686
2025-10-12 09:12:49.115011,70.7,62.53,248.55,102.23,52.695685972205105
2025-10-12 09:12:50.115011,83.96,47.79,161.15,24.16,51.9797515180509
2025-10-12 09:12:51.115010,67.3,71.72,267.82,57.1,52.443057814917715
2025-10-12 09:12:52.115010,13.74,28.27,172.87,24.35,51.99557417779482
2025-10-12 09:12:53.115009,92.28,95.97,80.42,50.72,52.007736025347455
2025-10-12 09:12:54.115009,88.03,27.36,66.1,49.28,51.928951438840016
2025-10-12 09:12:55.115008,20.76,34.31,203.06,21.02,52.042313781423594
2025-10-12 09:12:56.115008,19.58,58.05,245.75,147.87,52.99004231527687
2025-10-12 09:12:57.115007,55.82,22.98,282.03,41.09,52.34050376223734
2025-10-12 09:12:58.115007,74.35,67.89,129.05,57.25,52.1409336449034
2025-10-12 09:12:59.115006,42.48,89.99,155.41,57.76,52.21378696031969
2025-10-12 09:13:00.115006,21.59,98.54,130.49,73.22,52.26710338628387
2025-10-12 09:13:01.115005,53.4,22.56,131.78,80.55,52.27628489465
2025-10-12 09:13:02.115005,38.69,82.72,197.71,94.27,52.5438145679587
2025-10-12 09:13:03.115005,39.9,34.33,291.76,23.01,52.24792132346043
2025-10-12 09:13:04.115004,64.82,78.88,123.02,116.45,52.52689042972525
2025-10-12 09:13:05.115004,85.28,47.98,213.34,136.48,52.838546178264096
2025-10-12 09:13:06.115003,57.48,88.28,243.04,115.46,52.78586955810812
2025-10-12 09:13:07.115003,68.45,86.34,81.19,21.04,51.807057029597935
2025-10-12 09:13:08.115002,66.1,84.42,121.99,122.88,52.57041542131028
2025-10-12 09:13:09.115002,56.85,32.13,140.8,136.01,52.66927175318813
2025-10-12 09:13:10.115001,36.41,53.47,131.53,140.43,52.6903730222713
2025-10-12 09:13:11.115001,42.11,44.51,76.86,146.66,52.60816032117165
2025-10-12 09:13:12.115000,36.83,97.96,260.68,66.3,52.503230645095435
2025-10-12 09:13:13.115000,87.99,49.37,163.58,25.61,51.99552501425733
2025-10-12 09:13:14.114999,80.26,36.72,293.3,47.44,52.41473781487951
2025-10-12 09:13:15.114999,59.24,45.87,238.55,30.33,52.18751387862841
2025-10-12 09:13:16.114998,87.54,63.01,287.83,93.73,52.72473429351808
2025-10-12 09:13:17.114998,85.34,42.85,88.09,25.52,51.82756444947877
2025-10-12 09:13:18.114998,88.85,90.05,209.79,74.74,52.44446899577908
2025-10-12 09:13:19.114997,28.85,80.68,238.93,108.31,52.7252712718645
2025-10-12 09:13:20.114997,70.99,51.28,72.79,103.76,52.318362926283335
2025-10-12 09:13:21.114996,61.78,38.66,266.44,32.11,52.25581002888666
2025-10-12 09:13:22.114996,72.38,54.39,103.2,26.64,51.87419099467106
2025-10-12 09:13:23.114995,32.39,63.98,294.01,53.98,52.47484960081802
2025-10-12 09:13:24.114995,69.06,25.5,235.08,121.26,52.77217616894038
2025-10-12 09:13:25.114994,44.84,34.06,139.72,94.9,52.39514772957159
2025-10-12 09:13:26.114994,80.9,38.02,106.37,127.9,52.54404271942213
2025-10-12 09:13:27.114994,77.61,46.03,200.93,144.8,52.86576586364064
2025-10-12 09:13:28.114993,27.97,20.55,266.79,50.16,52.36629611568193
2025-10-12 09:13:29.114993,25.63,25.37,281.23,13.09,52.15425660102322
2025-10-12 09:13:30.114992,71.01,89.61,90.6,54.98,52.05455266381937
2025-10-12 09:13:31.114992,56.79,67.74,235.53,97.19,52.636892684293564
2025-10-12 09:13:32.114991,57.36,90.77,227.49,113.02,52.73733235049831
2025-10-12 09:13:33.114991,73.96,91.32,118.56,112.57,52.498384743580395
2025-10-12 09:13:34.114990,82.67,44.72,109.61,103.87,52.39530552586082
2025-10-12 09:13:35.114990,30.31,78.0,276.26,39.17,52.34585256882207
2025-10-12 09:13:36.114989,57.22,88.43,69.67,15.33,51.745334653809856
2025-10-12 09:13:37.114989,80.46,59.5,261.29,126.29,52.88132415294807
2025-10-12 09:13:38.114989,84.19,48.24,153.19,22.57,51.952183637509236
2025-10-12 09:13:39.114988,34.43,87.9,145.02,124.65,52.634050734283306
2025-10-12 09:13:40.114988,18.85,82.63,254.94,89.57,52.63670031555435
2025-10-12 09:13:41.114987,29.79,71.82,271.46,66.41,52.5128008307993
2025-10-12 09:13:42.114987,90.37,91.06,170.3,87.14,52.44167913389424
2025-10-12 09:13:43.114986,49.31,65.86,67.23,35.26,51.85976615508817
2025-10-12 09:13:44.114986,45.58,60.21,230.77,115.71,52.74530035156392
2025-10-12 09:13:45.114985,11.11,54.48,203.16,45.28,52.21476950663306
2025-10-12 09:13:46.114985,14.34,62.51,275.23,13.61,52.165354787792985
2025-10-12 09:13:47.114984,66.84,51.49,295.37,145.58,53.07881856681203
2025-10-12 09:13:48.114984,60.14,49.98,249.29,134.48,52.90435914724177
2025-10-12 09:13:49.114984,58.92,66.71,149.34,149.05,52.793580485341984
2025-10-12 09:13:50.114983,19.38,59.08,186.8,40.93,52.152972157857086
2025-10-12 09:13:51.114983,39.93,95.37,251.01,46.78,52.3512577374757
2025-10-12 09:13:52.114982,79.05,42.05,127.23,28.89,51.93438058833185
2025-10-12 09:13:53.114982,24.87,30.81,202.95,104.04,52.59114827051463
2025-10-12 09:13:54.114981,85.03,88.24,241.19,48.86,52.33979737060618
2025-10-12 09:13:55.114981,20.33,28.45,84.37,73.64,52.13086715629795
2025-10-12 09:13:56.114980,24.38,81.55,80.52,40.37,51.9312361909448
2025-10-12 09:13:57.114980,50.61,38.37,139.11,15.44,51.8688305947424
2025-10-12 09:13:58.114980,90.35,29.14,75.77,97.21,52.26903651832398
2025-10-12 09:13:59.114979,38.01,91.67,174.57,123.41,52.69201114885938
2025-10-12 09:14:00.114979,65.95,79.02,240.13,125.43,52.84057941400963
2025-10-12 09:14:01.114978,60.04,24.6,119.36,71.67,52.191542708816044
2025-10-12 09:14:02.114978,22.72,64.75,104.34,71.11,52.177582977953456
2025-10-12 09:14:03.114976,31.09,59.05,197.18,56.89,52.281399131424514
2025-10-12 09:14:04.114976,89.06,92.36,90.03,31.28,51.897544580523316
2025-10-12 09:14:05.114976,25.71,47.28,145.37,124.47,52.61101856691371
2025-10-12 09:14:06.114975,69.08,34.28,60.73,76.26,52.10022514777505
2025-10-12 09:14:07.114975,92.0,29.59,288.48,41.98,52.36407787458383
2025-10-12 09:14:08.114974,20.16,47.54,112.47,140.26,52.64460515190764
2025-10-12 09:14:09.114974,43.93,39.81,272.63,79.49,52.58434614027867
2025-10-12 09:14:10.114973,29.03,45.83,64.11,114.98,52.370973748169035
2025-10-12 09:14:11.114973,28.83,79.46,116.72,146.75,52.71465558646785
2025-10-12 09:14:12.114972,20.11,21.66,73.63,72.97,52.099348176786066
2025-10-12 09:14:13.114972,65.21,73.44,278.97,38.17,52.34255660824655
2025-10-12 09:14:14.114971,73.44,31.61,92.14,46.36,51.96841526829904
2025-10-12 09:14:15.114971,67.53,24.6,85.59,81.29,52.18214614038647
2025-10-12 09:14:16.114970,88.6,57.34,89.99,108.65,52.39149638490047
2025-10-12 09:14:17.114970,22.38,93.52,283.4,72.05,52.588203779969646
2025-10-12 09:14:18.114970,37.19,23.97,75.83,50.74,51.95786007483434
2025-10-12 09:14:19.114969,39.29,75.9,257.03,79.79,52.57257784251647
2025-10-12 09:14:20.114969,29.73,42.31,103.26,89.35,52.283819745008834
2025-10-12 09:14:21.114968,22.09,46.17,172.66,66.44,52.28443595890307
2025-10-12 09:14:22.114968,51.37,83.15,197.36,138.38,52.836061394600804
2025-10-12 09:14:23.114967,80.93,60.38,193.57,32.0,52.10910915312202
2025-10-12 09:14:24.114967,91.14,22.23,140.87,11.12,51.83499673941144
2025-10-12 09:14:25.114966,20.99,79.13,151.92,69.1,52.27544170017127
2025-10-12 09:14:26.114966,79.97,25.2,108.9,63.77,52.116755112341984
2025-10-12 09:14:27.114965,80.09,98.65,172.12,123.22,52.689319007948434
2025-10-12 09:14:28.114965,43.06,41.75,64.73,57.09,51.985821501164395
2025-10-12 09:14:29.114964,19.35,46.78,95.24,131.68,52.54986371865853
2025-10-12 09:14:30.114964,94.15,58.45,176.24,131.65,52.7318437994134
2025-10-12 09:14:31.114964,65.73,95.91,106.68,92.81,52.34401964860265
2025-10-12 09:14:32.114963,93.49,89.3,222.02,90.02,52.57199475474782
2025-10-12 09:14:33.114963,51.11,98.32,162.34,44.97,52.148562149945946
2025-10-12 09:14:34.114962,43.59,25.62,112.54,30.24,51.90233861900971
2025-10-12 09:14:35.114962,31.01,60.31,172.68,112.52,52.59818736041347
2025-10-12 09:14:36.114961,93.6,55.65,129.99,50.42,52.09083140452196
2025-10-12 09:14:37.114961,31.53,29.26,75.94,36.9,51.86918264390161
2025-10-12 09:14:38.114960,12.02,30.49,270.5,52.99,52.398655844334606
2025-10-12 09:14:39.114960,53.56,55.36,184.99,106.25,52.580518610737805
2025-10-12 09:14:40.114960,42.05,38.41,275.12,60.08,52.460140091496996
2025-10-12 09:14:41.114959,32.22,79.43,155.7,122.51,52.63830002284617
2025-10-12 09:14:42.114959,63.94,79.57,87.39,107.35,52.389595073968444
2025-10-12 09:14:43.114958,40.96,92.81,269.35,92.07,52.69021134952306
2025-10-12 09:14:44.114958,44.19,50.51,247.9,111.42,52.74858533763561
2025-10-12 09:14:45.114957,11.96,43.45,95.82,99.67,52.33681259256489
2025-10-12 09:14:46.114957,60.07,41.29,226.12,56.13,52.32924533927862
2025-10-12 09:14:47.114956,20.38,79.06,76.56,138.66,52.57363196792941
2025-10-12 09:14:48.114956,28.17,65.01,140.96,27.56,51.96810567434309
2025-10-12 09:14:49.114955,70.96,84.81,232.3,21.0,52.133694756607255
2025-10-12 09:14:50.114955,36.63,65.61,57.67,38.8,51.8623873249748
2025-10-12 09:14:51.114955,23.87,52.71,247.89,18.46,52.13279365147899
2025-10-12 09:14:52.114954,59.08,65.22,228.26,116.9,52.75054150705631
2025-10-12 09:14:53.114954,28.27,43.34,90.59,73.03,52.14859271252129
2025-10-12 09:14:54.114953,33.03,40.12,202.12,119.76,52.698863842611026
2025-10-12 09:14:55.114953,62.81,64.34,294.5,149.14,53.107708339857574
2025-10-12 09:14:56.114952,72.89,32.9,227.79,80.84,52.492205376480214
2025-10-12 09:14:57.114952,72.87,42.76,84.68,104.13,52.3418682288757
2025-10-12 09:14:58.114951,50.99,23.79,75.86,51.03,51.959749798635244
2025-10-12 09:14:59.114951,48.62,46.98,130.95,28.06,51.93968283842466
2025-10-12 09:15:00.114950,76.95,59.49,122.83,148.87,52.73086973535648
2025-10-12 09:15:01.114950,26.41,58.17,194.5,144.24,52.8548558962878
2025-10-12 09:15:02.114950,22.94,36.81,268.83,41.53,52.32248714230716
2025-10-12 09:15:03.114949,66.5,66.19,81.26,10.7,51.727370939948486
2025-10-12 09:15:04.114949,44.81,43.4,122.77,125.26,52.56508462209782
2025-10-12 09:15:05.114948,70.35,26.12,293.59,50.48,52.429647193873016
2025-10-12 09:15:06.114948,31.81,67.96,263.12,20.82,52.18997444483672
2025-10-12 09:15:07.114947,37.61,76.93,62.34,14.91,51.72025105110784
2025-10-12 09:15:08.114947,86.22,30.84,108.84,144.64,52.65651259301676
2025-10-12 09:15:09.114946,45.84,44.76,181.09,40.04,52.126714071962176
2025-10-12 09:15:10.114946,60.23,31.18,176.06,76.44,52.34984362726377
2025-10-12 09:15:11.114945,19.07,23.36,240.75,112.46,52.72487647615985
2025-10-12 09:15:12.114945,25.2,64.36,292.52,147.98,53.095725739647705
2025-10-12 09:15:13.114945,13.05,53.13,178.37,112.32,52.605207226277024
2025-10-12 09:15:14.114944,46.07,59.48,284.76,25.6,52.26391957875507
2025-10-12 09:15:15.114944,94.06,47.38,102.03,72.27,52.170608979909936
2025-10-12 09:15:16.114943,84.28,84.61,217.3,102.36,52.64105117481352
2025-10-12 09:15:17.114943,63.8,54.41,255.63,112.34,52.7736273048456
2025-10-12 09:15:18.114942,83.19,77.22,216.36,73.51,52.44341819530374
2025-10-12 09:15:19.114942,60.5,37.55,111.97,13.77,51.79842423869706
2025-10-12 09:15:20.114941,41.35,81.28,63.11,50.75,51.962218181686595
2025-10-12 09:15:21.114941,24.75,73.13,244.21,139.52,52.939670388484195
2025-10-12 09:15:22.114941,65.51,66.15,277.49,89.95,52.67896521020033
2025-10-12 09:15:23.114940,26.41,98.51,251.22,96.12,52.680939286357834
2025-10-12 09:15:24.114940,45.48,46.78,294.26,26.0,52.280114834626545
2025-10-12 09:15:25.114939,80.19,36.48,202.81,147.01,52.879199152352896
2025-10-12 09:15:26.114939,20.98,64.57,154.77,118.47,52.60120208531152
2025-10-12 09:15:27.114938,20.97,46.36,159.18,17.47,51.930280283182626
2025-10-12 09:15:28.114938,29.07,28.87,97.41,15.29,51.77210382944501
2025-10-12 09:15:29.114937,56.91,47.49,197.53,31.22,52.10535067984791
2025-10-12 09:15:30.114937,31.4,75.85,153.2,79.62,52.34621666549848
2025-10-12 09:15:31.114936,52.77,21.7,72.51,28.09,51.79906376760564
2025-10-12 09:15:32.114936,35.67,64.66,153.26,49.07,52.13735551674565
2025-10-12 09:15:33.114935,53.03,68.19,157.3,67.7,52.27173288519433
2025-10-12 09:15:34.114935,33.6,26.76,230.3,51.14,52.29710912134353
2025-10-12 09:15:35.114935,93.3,27.66,264.31,143.87,52.986844029314625
2025-10-12 09:15:36.114934,51.88,56.7,144.66,123.81,52.61033832046783
2025-10-12 09:15:37.114934,73.21,34.94,101.35,119.63,52.476551445552275
2025-10-12 09:15:38.114933,69.55,25.89,276.13,131.86,52.9317839800974
2025-10-12 09:15:39.114933,51.7,63.54,191.92,137.1,52.804857637021605
2025-10-12 09:15:40.114932,30.3,57.52,68.44,15.22,51.724741707475715
2025-10-12 09:15:41.114932,53.41,82.23,196.46,95.47,52.548795397833175
2025-10-12 09:15:42.114931,67.88,54.88,172.98,38.09,52.10181080527044
2025-10-12 09:15:43.114931,49.09,20.2,276.51,89.12,52.64576908257399
2025-10-12 09:15:44.114930,16.96,71.85,284.12,26.47,52.27518713615863
2025-10-12 09:15:45.114930,11.53,79.52,287.97,58.87,52.5028496547621
2025-10-12 09:15:46.114930,37.87,22.29,232.54,146.46,52.93213862998778
2025-10-12 09:15:47.114929,22.77,23.7,130.35,22.6,51.889191858395215
2025-10-12 09:15:48.114929,87.03,83.46,153.25,42.99,52.107437973740794
2025-10-12 09:15:49.114928,24.95,92.68,188.93,30.84,52.1093142023211
2025-10-12 09:15:50.114928,43.51,31.3,78.67,144.27,52.588874643095565
2025-10-12 09:15:51.114927,70.53,32.17,177.81,66.59,52.28881367831161
2025-10-12 09:15:52.114927,79.31,20.08,180.72,46.13,52.15260277331803
2025-10-12 09:15:53.114926,50.61,98.0,240.45,59.53,52.41444063728282
2025-10-12 09:15:54.114926,25.4,80.65,265.83,72.08,52.543134454829286
2025-10-12 09:15:55.114925,33.03,76.52,219.21,58.93,52.352440045658184
2025-10-12 09:15:56.114925,45.61,82.22,187.33,28.55,52.08482583248477
2025-10-12 09:15:57.114925,40.99,25.64,93.52,91.99,52.2709426932763
2025-10-12 09:15:58.114924,39.64,24.56,70.41,113.77,52.36477495603095
2025-10-12 09:15:59.114924,21.21,71.24,140.88,93.55,52.4093864956582
2025-10-12 09:16:00.114923,87.63,22.32,181.42,106.56,52.55645297375194
2025-10-12 09:16:01.114923,12.53,60.44,255.79,106.35,52.73757197660542
2025-10-12 09:16:02.114922,47.4,69.04,119.89,122.5,52.55478264796376
2025-10-12 09:16:03.114922,93.33,94.04,278.09,136.38,53.00394666450938
2025-10-12 09:16:04.114921,66.08,52.03,249.15,82.02,52.55700853170429
2025-10-12 09:16:05.114921,40.21,79.13,296.63,140.69,53.06447151957696
2025-10-12 09:16:06.114920,22.42,31.59,244.35,102.28,52.66969642243933
2025-10-12 09:16:07.114920,91.93,63.57,124.49,60.56,52.150609040240255
2025-10-12 09:16:08.114920,11.19,77.56,204.62,90.85,52.53323252450595
2025-10-12 09:16:09.114919,67.92,74.49,63.52,23.02,51.77528075958988
2025-10-12 09:16:10.114919,84.81,58.65,83.68,136.92,52.56617243554418
2025-10-12 09:16:11.114918,12.14,85.08,139.57,79.71,52.32238541885525
2025-10-12 09:16:12.114918,71.64,93.9,255.96,35.71,52.28770265898445
2025-10-12 09:16:13.114917,94.9,73.75,161.89,32.0,52.04783354888221
2025-10-12 09:16:14.114917,64.37,44.29,246.22,105.18,52.700065202610986
2025-10-12 09:16:15.114916,45.25,62.22,169.31,62.72,52.261408007521574
2025-10-12 09:16:16.114916,84.32,92.22,246.36,127.57,52.8756388171218
2025-10-12 09:16:17.114915,57.11,79.5,297.33,29.51,52.328272061500364
2025-10-12 09:16:18.114915,73.7,59.91,160.74,62.14,52.23768525095382
2025-10-12 09:16:19.114914,59.96,21.86,173.08,65.62,52.26638094980253
2025-10-12 09:16:20.114914,13.25,66.48,109.29,137.88,52.63244745721228
2025-10-12 09:16:21.114914,28.12,96.89,176.82,142.33,52.825370967792196
2025-10-12 09:16:22.114913,16.69,39.68,245.43,32.85,52.21571873487154
2025-10-12 09:16:23.114913,19.07,81.76,137.29,85.56,52.35442085860324
2025-10-12 09:16:24.114912,11.31,41.4,72.13,29.81,51.8206145033157
2025-10-12 09:16:25.114912,45.8,97.14,225.89,113.73,52.74211798007395
2025-10-12 09:16:26.114911,25.19,56.05,231.05,64.77,52.405494668147135
2025-10-12 09:16:27.114911,82.73,47.75,135.91,97.14,52.409366891616095
2025-10-12 09:16:28.114910,73.75,24.19,131.94,122.05,52.55298236733849
2025-10-12 09:16:29.114910,58.72,68.53,195.11,113.32,52.65672003308147
2025-10-12 09:16:30.114909,51.57,78.9,201.67,81.41,52.46492432983875
2025-10-12 09:16:31.114909,31.75,34.09,64.68,110.77,52.337736588498736
2025-10-12 09:16:32.114909,50.37,54.42,212.99,11.13,52.00939690754478
2025-10-12 09:16:33.114908,64.5,64.41,204.57,135.81,52.82421720571551
2025-10-12 09:16:34.114908,76.49,45.65,139.73,59.98,52.16984593110674
2025-10-12 09:16:35.114907,16.94,55.49,168.42,149.77,52.83350177179607
2025-10-12 09:16:36.114907,70.22,81.5,172.31,15.64,51.96616103010207
2025-10-12 09:16:37.114906,73.13,50.11,176.95,37.09,52.10113093612736
2025-10-12 09:16:38.114906,57.51,44.56,112.14,48.43,52.032737828517014
2025-10-12 09:16:39.114905,28.22,68.93,62.7,60.93,52.02202535043852
2025-10-12 09:16:40.114905,55.83,37.3,271.73,31.0,52.25916007821862
2025-10-12 09:16:41.114904,52.73,70.85,258.09,125.35,52.87445837996935
2025-10-12 09:16:42.114904,50.44,92.06,140.45,19.39,51.92782131595497
2025-10-12 09:16:43.114904,49.15,37.07,278.58,57.88,52.452297491191466
2025-10-12 09:16:44.114903,19.42,45.47,181.87,64.19,52.2890891525912
2025-10-12 09:16:45.114903,25.55,62.07,254.75,26.29,52.20484899800874
2025-10-12 09:16:46.114902,18.27,47.43,136.29,58.6,52.15421551427641
2025-10-12 09:16:47.114902,30.61,83.43,84.21,99.87,52.33519877842877
2025-10-12 09:16:48.114901,32.4,45.08,294.57,56.43,52.48181142732108
2025-10-12 09:16:49.114901,30.83,36.27,125.14,137.11,52.64490951876005
2025-10-12 09:16:50.114900,27.93,93.04,255.88,17.17,52.16399709501055
2025-10-12 09:16:51.114900,72.51,52.79,262.4,111.99,52.78508707602253
2025-10-12 09:16:52.114899,79.58,29.68,241.1,89.94,52.57968171101891
2025-10-12 09:16:53.114899,37.8,30.76,289.17,103.49,52.774479324761174
2025-10-12 09:16:54.114898,35.94,32.79,199.42,94.69,52.52253544345305
2025-10-12 09:16:55.114898,81.74,77.01,254.03,82.79,52.586599983252825
2025-10-12 09:16:56.114898,63.03,54.56,215.05,43.68,52.22998364923488
2025-10-12 09:16:57.114897,34.94,27.05,247.79,80.81,52.53213151780176
2025-10-12 09:16:58.114897,70.66,84.58,73.74,142.9,52.59872790051635
2025-10-12 09:16:59.114896,39.29,96.77,110.3,129.1,52.593213644681924
2025-10-12 09:17:00.114896,59.86,54.63,175.18,91.18,52.45881227777977
2025-10-12 09:17:01.114895,94.37,71.41,172.23,23.93,52.0153968810559
2025-10-12 09:17:02.114895,35.64,37.34,96.5,63.86,52.09721052137623
2025-10-12 09:17:03.114894,89.09,74.04,111.59,98.71,52.38166267188121
2025-10-12 09:17:04.114894,37.26,97.77,229.61,113.88,52.75153262417663
2025-10-12 09:17:05.114893,55.92,28.65,269.66,86.63,52.61908563337325
2025-10-12 09:17:06.114893,49.1,65.74,162.23,30.92,52.036946923236265
2025-10-12 09:17:07.114892,76.57,72.82,177.87,31.82,52.080781777702086
2025-10-12 09:17:08.114892,15.19,62.0,95.55,82.33,52.23145720281859
2025-10-12 09:17:09.114892,63.31,44.75,67.18,30.26,51.81472837931785
2025-10-12 09:17:10.114891,74.66,87.49,161.5,110.43,52.575186477619546
2025-10-12 09:17:11.114891,50.13,43.66,103.09,109.18,52.415817632070386
2025-10-12 09:17:12.114890,18.95,62.16,261.68,137.26,52.95645984544051
2025-10-12 09:17:13.114890,30.81,31.43,203.67,24.47,52.06493306491907
2025-10-12 09:17:14.114889,67.77,67.51,228.18,86.74,52.55146403539531
2025-10-12 09:17:15.114889,86.11,77.83,161.14,93.55,52.45699596999392
2025-10-12 09:17:16.114888,45.84,95.61,225.62,100.06,52.64995074377365
2025-10-12 09:17:17.114888,57.64,87.76,191.55,138.4,52.82615688329237
2025-10-12 09:17:18.114887,29.41,96.5,287.25,107.04,52.83044762568208
2025-10-12 09:17:19.114887,45.04,20.81,151.45,43.34,52.07100508618484
2025-10-12 09:17:20.114887,38.63,72.69,141.56,69.21,52.25011864870363
2025-10-12 09:17:21.114886,65.72,72.14,256.95,59.04,52.43259082381545
2025-10-12 09:17:22.114886,93.7,76.41,76.72,26.01,51.824824577430235
2025-10-12 09:17:23.114885,79.13,97.8,167.94,129.78,52.723319841718066
2025-10-12 09:17:24.114885,26.33,95.91,289.47,111.62,52.86533290784135
2025-10-12 09:17:25.114884,59.1,53.09,252.96,35.56,52.257497833877025
2025-10-12 09:17:26.114884,15.64,48.0,96.36,83.81,52.2352490276029
2025-10-12 09:17:27.114883,30.99,94.2,277.9,60.53,52.50019216690905
2025-10-12 09:17:28.114883,24.64,57.41,138.42,91.59,52.383348372532694
2025-10-12 09:17:29.114882,38.52,26.69,178.15,56.51,52.21959969977993
2025-10-12 09:17:30.114882,67.7,43.13,281.31,65.12,52.50964324388232
2025-10-12 09:17:31.114881,52.45,78.44,298.81,114.95,52.89797459784153
2025-10-12 09:17:32.114881,89.3,57.74,181.22,136.37,52.7735779147178
2025-10-12 09:17:33.114881,28.08,34.42,57.97,59.48,51.98294448107152
2025-10-12 09:17:34.114880,40.96,29.68,104.75,90.05,52.28467158262282
2025-10-12 09:17:35.114880,38.04,95.38,68.82,53.65,52.0016946492922
2025-10-12 09:17:36.114879,30.06,58.04,123.55,21.75,51.88790428245791
2025-10-12 09:17:37.114879,94.42,43.38,84.37,58.95,52.04167218300169
2025-10-12 09:17:38.114878,42.91,38.77,113.5,57.99,52.09591830794835
2025-10-12 09:17:39.114878,89.94,98.16,52.69,46.49,51.920733188844956
2025-10-12 09:17:40.114877,43.19,56.24,113.36,149.65,52.713698570905855
2025-10-12 09:17:41.114877,27.35,73.77,85.66,32.07,51.882968046584764
2025-10-12 09:17:42.114876,20.13,56.49,237.62,90.4,52.59010098697625
2025-10-12 09:17:43.114876,82.72,77.46,235.17,52.27,52.343376125402614
2025-10-12 09:17:44.114875,12.73,28.36,98.8,65.29,52.10669485424861
2025-10-12 09:17:45.114875,91.97,28.65,273.71,41.62,52.329129755765244
2025-10-12 09:17:46.114874,45.55,91.69,114.34,107.43,52.455322289612205
2025-10-12 09:17:47.114874,31.03,49.15,65.09,14.94,51.71096104337021
2025-10-12 09:17:48.114873,62.48,48.58,264.1,115.95,52.81271564715525
2025-10-12 09:17:49.114873,21.3,30.87,265.29,96.06,52.673430935805236
2025-10-12 09:17:50.114873,16.13,75.25,54.6,45.14,51.90317105322328
2025-10-12 09:17:51.114872,80.36,76.16,179.81,56.05,52.24766689928941
2025-10-12 09:17:52.114872,46.1,50.34,273.44,11.93,52.14355174153507
2025-10-12 09:17:53.114871,54.05,32.62,232.47,46.73,52.27580564151917
2025-10-12 09:17:54.114871,25.02,67.01,265.52,72.43,52.53719725639524
2025-10-12 09:17:55.114870,15.22,82.97,123.87,119.39,52.55052265851246
2025-10-12 09:17:56.114870,41.26,45.64,249.74,90.92,52.61380457191627
2025-10-12 09:17:57.114869,53.02,85.56,175.24,49.16,52.19725353212209
2025-10-12 09:17:58.114869,75.06,24.06,113.98,52.86,52.054727529220905
2025-10-12 09:17:59.114868,52.59,24.9,205.31,24.35,52.064061133909924
2025-10-12 09:18:00.114868,76.51,97.73,64.47,114.87,52.399896086145496
2025-10-12 09:18:01.114867,19.81,93.31,156.97,16.54,51.945432195315995
2025-10-12 09:18:02.114867,15.44,91.63,179.67,61.73,52.29366837164866
2025-10-12 09:18:03.114866,23.5,60.57,249.87,62.98,52.43694870451366
2025-10-12 09:18:04.114866,75.62,49.33,187.38,85.16,52.44236953725065
2025-10-12 09:18:05.114866,74.54,61.95,162.16,40.5,52.0982710929787
2025-10-12 09:18:06.114865,22.02,54.29,91.0,74.97,52.1684495624327
2025-10-12 09:18:07.114865,12.63,86.85,181.25,40.95,52.15651532268765
2025-10-12 09:18:08.114864,68.25,90.85,76.72,102.28,52.33907646706833
2025-10-12 09:18:09.114864,82.7,58.86,108.25,53.92,52.06869370141186
2025-10-12 09:18:10.114863,74.1,88.08,168.13,40.86,52.12814521704587
2025-10-12 09:18:11.114863,27.24,21.65,215.32,74.65,52.41781567028019
2025-10-12 09:18:12.114862,59.62,70.41,83.63,94.75,52.29271538931656
2025-10-12 09:18:13.114862,74.38,86.28,277.42,69.49,52.55421450392271
2025-10-12 09:18:14.114861,31.75,56.99,210.97,26.24,52.106733291382184
2025-10-12 09:18:15.114861,54.86,65.82,198.56,142.24,52.85464319496288
2025-10-12 09:18:16.114860,36.73,27.18,100.63,53.27,52.03022855049253
2025-10-12 09:18:17.114860,29.17,26.74,103.59,60.41,52.08379354519893
2025-10-12 09:18:18.114859,92.42,93.08,168.6,50.15,52.19360566192478
2025-10-12 09:18:19.114859,87.57,73.83,225.17,22.83,52.1242679153048
2025-10-12 09:18:20.114859,47.88,33.89,204.19,71.23,52.37778474955485
2025-10-12 09:18:21.114858,21.63,45.1,165.95,49.83,52.159043036268855
2025-10-12 09:18:22.114858,71.87,88.39,178.94,147.56,52.859953253991186
2025-10-12 09:18:23.114857,31.73,85.89,201.8,23.52,52.084867444887806
2025-10-12 09:18:24.114857,24.32,71.99,154.07,13.02,51.90391906097363
2025-10-12 09:18:25.114856,42.43,42.0,61.38,19.07,51.72634826336542
2025-10-12 09:18:26.114856,55.04,61.76,140.55,88.95,52.37286597024069
2025-10-12 09:18:27.114855,18.28,38.13,195.25,143.12,52.83790086131619
2025-10-12 09:18:28.114855,58.6,76.02,176.73,57.55,52.25086436009871
2025-10-12 09:18:29.114854,11.3,24.62,245.25,103.52,52.67600126651952
2025-10-12 09:18:30.114854,85.81,64.68,76.98,68.04,52.0978245903387
2025-10-12 09:18:31.114853,88.26,68.32,105.89,26.07,51.883991503523376
2025-10-12 09:18:32.114853,72.31,21.53,215.15,15.21,52.022865194346664
2025-10-12 09:18:33.114853,49.66,33.9,161.86,103.35,52.49916422229791
2025-10-12 09:18:34.114852,31.67,90.53,179.32,91.11,52.487298157283604
2025-10-12 09:18:35.114852,73.25,48.45,298.53,108.52,52.83800688494156
2025-10-12 09:18:36.114851,89.2,59.9,285.63,51.72,52.4394038207802
2025-10-12 09:18:37.114851,23.48,37.62,74.16,40.9,51.89652125845211
2025-10-12 09:18:38.114850,49.59,92.55,283.21,12.32,52.19081228841508
2025-10-12 09:18:39.114850,36.8,76.77,257.3,42.41,52.32554901461011
2025-10-12 09:18:40.114849,40.32,66.2,99.99,125.52,52.5300844391519
2025-10-12 09:18:41.114849,44.49,33.64,200.94,84.74,52.460265028740274
2025-10-12 09:18:42.114848,90.9,20.6,68.08,18.59,51.7257898984339
2025-10-12 09:18:43.114848,31.98,86.61,272.66,19.83,52.214470535834124
2025-10-12 09:18:44.114847,51.88,71.23,254.0,34.44,52.26241106256574
2025-10-12 09:18:45.114847,90.88,29.31,53.52,146.24,52.54629308906041
2025-10-12 09:18:46.114846,50.46,95.39,258.29,30.51,52.25907183040241
2025-10-12 09:18:47.114846,83.41,78.67,256.55,34.93,52.2753330029255
2025-10-12 09:18:48.114846,15.0,25.56,61.75,21.16,51.731877073341145
2025-10-12 09:18:49.114845,91.01,79.32,261.13,56.65,52.42978843542495
2025-10-12 09:18:50.114845,25.94,23.23,264.01,116.16,52.79981222747289
2025-10-12 09:18:51.114844,93.29,60.65,211.96,109.02,52.660343786132636
2025-10-12 09:18:52.114844,24.92,58.2,148.99,31.15,52.005561755201754
2025-10-12 09:18:53.114843,47.77,55.71,234.98,97.6,52.631728794282736
2025-10-12 09:18:54.114843,36.23,94.88,165.8,85.37,52.42229593033429
2025-10-12 09:18:55.114842,46.82,56.1,185.71,81.69,52.41948237166341
2025-10-12 09:18:56.114842,31.29,84.54,265.54,137.91,52.9815961139238
2025-10-12 09:18:57.114841,92.05,24.81,265.92,119.12,52.824480022444355
2025-10-12 09:18:58.114841,35.99,93.63,275.99,121.09,52.89768098622177
2025-10-12 09:18:59.114840,65.53,50.38,189.81,80.48,52.41716218016042
2025-10-12 09:19:00.114840,21.68,44.49,156.42,38.12,52.06031175462211
2025-10-12 09:19:01.114840,80.07,56.64,287.04,107.7,52.81219885843697
2025-10-12 09:19:02.114839,56.11,26.47,120.85,23.08,51.87331334824541
2025-10-12 09:19:03.114839,93.25,30.5,126.51,119.29,52.5263963577766
2025-10-12 09:19:04.114838,45.99,97.28,270.45,68.83,52.54083539464999
2025-10-12 09:19:05.114838,26.61,24.35,140.59,142.38,52.706767254957086
2025-10-12 09:19:06.114837,39.41,49.07,299.68,84.8,52.683411797036115
2025-10-12 09:19:07.114837,72.64,20.91,125.93,84.01,52.28564318909985
2025-10-12 09:19:08.114836,66.02,27.35,232.74,19.91,52.09544997686118
2025-10-12 09:19:09.114836,76.16,25.11,140.46,70.59,52.23042369190552
2025-10-12 09:19:10.114835,16.24,76.24,299.28,66.7,52.577525414416215
2025-10-12 09:19:11.114835,59.33,23.42,244.91,82.11,52.53249387295333
2025-10-12 09:19:12.114835,89.23,89.2,185.2,68.14,52.34685546454858
2025-10-12 09:19:13.114834,19.17,31.89,117.29,136.85,52.62372080364769
2025-10-12 09:19:14.114834,18.02,72.49,201.66,85.22,52.486624523948976
2025-10-12 09:19:15.114833,70.91,65.62,58.65,13.89,51.699185907576314
2025-10-12 09:19:16.114833,36.79,42.61,152.42,118.75,52.58574721065022
2025-10-12 09:19:17.114832,65.98,72.0,145.11,76.08,52.30303222431513
2025-10-12 09:19:18.114832,56.36,81.83,261.21,105.76,52.757310997295114
2025-10-12 09:19:19.114831,93.82,39.2,207.69,52.3,52.26268794849501
2025-10-12 09:19:20.114831,85.57,51.5,212.82,143.31,52.884708516224514
2025-10-12 09:19:21.114830,67.64,48.82,247.59,61.48,52.4155111972441
2025-10-12 09:19:22.114830,32.24,26.18,72.17,124.79,52.442635464405015
2025-10-12 09:19:23.114829,32.26,92.29,148.12,84.08,52.37394560760791
2025-10-12 09:19:24.114829,84.99,41.59,150.16,37.02,52.037819783170576
2025-10-12 09:19:25.114828,59.75,67.49,150.24,65.48,52.241295914408965
2025-10-12 09:19:26.114828,77.09,35.23,53.01,96.85,52.22066899972572
2025-10-12 09:19:27.114828,48.24,95.36,168.28,26.24,52.03548455424411
2025-10-12 09:19:28.114827,18.76,84.86,88.17,118.52,52.46836715761478
2025-10-12 09:19:29.114827,38.28,44.45,247.39,38.98,52.2633094676107
2025-10-12 09:19:30.114826,23.7,30.9,179.82,67.97,52.30162616520868
2025-10-12 09:19:31.114826,76.46,71.23,145.4,12.75,51.88289919152155
2025-10-12 09:19:32.114825,69.54,52.36,267.16,122.32,52.863734453664144
2025-10-12 09:19:33.114825,17.52,82.49,62.72,41.8,51.90264248051205
2025-10-12 09:19:34.114824,62.82,87.01,202.16,53.23,52.28346245036437
2025-10-12 09:19:35.114824,84.3,55.12,227.29,16.18,52.07432055049212
2025-10-12 09:19:36.114823,69.28,47.34,144.14,148.43,52.76741134295549
2025-10-12 09:19:37.114823,53.44,81.82,238.64,135.75,52.90740112979276
2025-10-12 09:19:38.114822,36.51,88.05,285.72,31.52,52.32118729072682
2025-10-12 09:19:39.114822,85.4,51.36,232.04,87.59,52.5564937809155
2025-10-12 09:19:40.114822,45.94,72.77,76.68,32.0,51.86246972293314
2025-10-12 09:19:41.114821,82.71,54.18,81.53,122.0,52.45999552239888
2025-10-12 09:19:42.114821,76.55,32.72,79.79,115.19,52.39908414374132
2025-10-12 09:19:43.114819,79.38,44.53,142.49,100.14,52.4417590985815
2025-10-12 09:19:44.114819,94.13,27.65,108.87,53.31,52.04862787893813
2025-10-12 09:19:45.114818,73.64,71.0,101.17,74.44,52.19628601247736
2025-10-12 09:19:46.114818,12.89,96.44,190.81,83.66,52.46606029270578
2025-10-12 09:19:47.114817,27.46,35.47,228.83,84.75,52.5218422272651
2025-10-12 09:19:48.114817,12.99,72.55,247.83,120.13,52.81850418947531
2025-10-12 09:19:49.114817,26.14,46.6,62.99,137.78,52.52030093113672
2025-10-12 09:19:50.114816,15.22,42.33,288.39,33.23,52.312894362600794
2025-10-12 09:19:51.114816,52.64,90.93,136.82,35.78,52.0281029732148
2025-10-12 09:19:52.114815,12.4,74.11,205.84,146.22,52.901461070390646
2025-10-12 09:19:53.114815,50.17,48.11,190.76,94.18,52.50888952504268
2025-10-12 09:19:54.114814,86.4,23.94,247.07,76.28,52.49877327982775
2025-10-12 09:19:55.114814,73.63,26.42,101.25,142.04,52.62033451943692
2025-10-12 09:19:56.114813,90.24,32.06,204.87,84.28,52.464857060977884
2025-10-12 09:19:57.114813,29.26,77.31,142.01,83.4,52.34784658843353
2025-10-12 09:19:58.114812,55.14,70.61,145.92,73.31,52.28563081397675
2025-10-12 09:19:59.114812,37.08,40.03,124.63,80.38,52.26936681036399
2025-10-12 09:20:00.114812,51.97,56.03,64.2,89.52,52.207860105343286
2025-10-12 09:20:01.114811,57.35,61.07,106.97,109.08,52.43325460699518
2025-10-12 09:20:02.114811,13.08,67.89,210.08,98.32,52.58927565779368
2025-10-12 09:20:03.114810,29.83,76.3,227.17,135.61,52.878523002302025
2025-10-12 09:20:04.114810,69.91,63.6,159.99,81.13,52.36415161013148
2025-10-12 09:20:05.114809,75.7,80.44,296.49,84.48,52.6918197583014
2025-10-12 09:20:06.114809,58.4,61.79,264.0,61.78,52.46031041162938
2025-10-12 09:20:07.114808,33.02,27.67,214.81,123.64,52.745214658979236
2025-10-12 09:20:08.114808,44.43,48.39,266.65,102.97,52.731990028623045
2025-10-12 09:20:09.114807,18.16,38.64,223.92,74.5,52.44492472094169
2025-10-12 09:20:10.114807,91.02,28.74,73.45,53.59,51.97426743440947
2025-10-12 09:20:11.114806,83.84,28.28,270.55,109.95,52.775589631815706
2025-10-12 09:20:12.114806,15.58,65.13,162.04,78.15,52.34967029679706
2025-10-12 09:20:13.114806,24.15,43.18,97.17,109.87,52.407289924712366
2025-10-12 09:20:14.114805,59.39,39.65,149.2,127.84,52.63744859455252
2025-10-12 09:20:15.114805,29.76,41.34,102.02,37.85,51.93877495798713
2025-10-12 09:20:16.114804,89.42,67.05,55.55,51.99,51.94613478167969
2025-10-12 09:20:17.114804,74.23,31.38,224.23,13.89,52.039277903370596
2025-10-12 09:20:18.114803,33.23,70.93,167.72,46.19,52.15309177441969
2025-10-12 09:20:19.114803,10.52,84.97,151.86,25.67,51.990306842339294
2025-10-12 09:20:20.114802,77.95,26.08,215.05,93.67,52.545933911743155
2025-10-12 09:20:21.114802,46.05,27.44,146.16,57.63,52.15806495753488
2025-10-12 09:20:22.114801,64.6,89.98,212.22,93.51,52.574280862260814
2025-10-12 09:20:23.114801,34.39,50.95,113.74,139.24,52.6424867721141
2025-10-12 09:20:24.114800,22.14,80.9,134.9,110.77,52.5160823265267
2025-10-12 09:20:25.114800,67.4,59.85,229.77,83.12,52.52662485479251
2025-10-12 09:20:26.114800,48.28,64.94,211.36,114.55,52.69813259507973
2025-10-12 09:20:27.114799,29.99,21.53,54.12,31.98,51.784900379637385
2025-10-12 09:20:28.114799,21.7,37.83,61.4,46.53,51.90632933369634
2025-10-12 09:20:29.114798,59.34,50.41,165.79,37.02,52.07662741998699
2025-10-12 09:20:30.114798,71.67,85.34,203.69,27.31,52.113815830157655
2025-10-12 09:20:31.114797,34.13,39.11,167.93,111.69,52.570582431108654
2025-10-12 09:20:32.114797,72.49,42.54,219.5,115.83,52.71182273324565
2025-10-12 09:20:33.114796,25.57,62.32,230.95,126.71,52.81987371342995
2025-10-12 09:20:34.114796,38.77,39.64,92.99,64.94,52.09804505313414
2025-10-12 09:20:35.114796,73.31,52.41,211.85,149.44,52.92379685163664
2025-10-12 09:20:36.114795,66.11,30.77,225.06,73.61,52.43711222654526
2025-10-12 09:20:37.114795,32.99,94.94,297.31,94.11,52.765580774462734
2025-10-12 09:20:38.114794,20.38,63.23,141.84,66.54,52.22774211639952
2025-10-12 09:20:39.114794,13.61,20.52,102.06,58.35,52.063342240746366
2025-10-12 09:20:40.114793,81.22,68.43,180.55,144.88,52.83455401652019
2025-10-12 09:20:41.114793,16.39,51.79,259.55,132.43,52.91401350276307
2025-10-12 09:20:42.114792,19.76,57.47,127.14,135.1,52.64770011744979
2025-10-12 09:20:43.114792,30.21,96.86,270.2,27.66,52.26680610324488
2025-10-12 09:20:44.114791,47.88,73.13,162.33,20.35,51.97111965189406
2025-10-12 09:20:45.114791,77.13,97.21,154.16,99.31,52.490867710028006
2025-10-12 09:20:46.114790,31.04,62.96,70.85,69.71,52.094656047534244
2025-10-12 09:20:47.114790,56.2,38.11,103.48,134.2,52.57963877948244
2025-10-12 09:20:48.114790,17.68,42.61,275.61,89.1,52.6561507800823
2025-10-12 09:20:49.114789,49.48,37.41,233.49,55.81,52.34094839170036
2025-10-12 09:20:50.114789,25.1,33.36,205.82,113.86,52.66396906086366
2025-10-12 09:20:51.114788,27.95,61.8,229.43,118.61,52.76252629747563
2025-10-12 09:20:52.114788,41.18,38.38,240.15,84.76,52.54808024809678
2025-10-12 09:20:53.114787,74.71,52.54,223.78,97.19,52.60295153590701
2025-10-12 09:20:54.114787,73.24,37.81,261.78,20.11,52.16558337516184
2025-10-12 09:20:55.114786,45.27,72.55,213.23,148.6,52.93241853384308
2025-10-12 09:20:56.114786,20.09,87.43,152.74,82.82,52.37289983690275
2025-10-12 09:20:57.114786,33.86,94.48,228.73,134.3,52.88332528408443
2025-10-12 09:20:58.114785,52.96,98.1,147.48,108.58,52.53840085111359
2025-10-12 09:20:59.114785,83.9,49.95,172.55,139.67,52.77234210031302
2025-10-12 09:21:00.114784,92.3,65.41,76.53,25.97,51.818027762602796
2025-10-12 09:21:01.114784,64.19,25.65,56.4,118.72,52.36784805180312
2025-10-12 09:21:02.114783,39.81,43.93,79.16,77.85,52.15612079082299
2025-10-12 09:21:03.114783,68.94,76.47,213.96,30.99,52.155581807409305
2025-10-12 09:21:04.114782,38.58,41.13,226.85,70.56,52.4265144406084
2025-10-12 09:21:05.114782,63.17,86.85,75.33,11.81,51.733369195807306
2025-10-12 09:21:06.114781,30.72,46.04,167.03,118.78,52.61954318699384
2025-10-12 09:21:07.114781,32.69,55.27,208.92,80.96,52.46451748601107
2025-10-12 09:21:08.114781,16.39,46.1,52.65,26.83,51.76119853086507
2025-10-12 09:21:09.114780,45.71,39.49,294.76,32.33,52.31915740673774
2025-10-12 09:21:10.114780,62.54,39.28,195.96,93.95,52.513729592369025
2025-10-12 09:21:11.114779,77.05,28.12,192.72,35.45,52.112217844920046
2025-10-12 09:21:12.114779,78.88,37.21,213.18,86.21,52.49855597080149
2025-10-12 09:21:13.114778,94.36,86.31,255.06,139.59,52.97100034850812
2025-10-12 09:21:14.114778,17.46,33.84,160.74,25.34,51.978933844567855
2025-10-12 09:21:15.114777,51.92,58.79,289.69,149.55,53.09690937886449
2025-10-12 09:21:16.114777,54.32,25.7,171.44,131.09,52.699497282316294
2025-10-12 09:21:17.114776,78.39,88.18,60.67,62.38,52.03795489662327
2025-10-12 09:21:18.114776,32.64,48.33,152.55,121.21,52.605538677608116
2025-10-12 09:21:19.114775,15.9,44.85,132.33,97.27,52.40085153498467
2025-10-12 09:21:20.114775,36.67,78.34,297.29,101.19,52.80329428939786
2025-10-12 09:21:21.114775,93.63,32.0,141.79,69.83,52.23209702107935
2025-10-12 09:21:22.114774,86.45,95.21,279.19,82.76,52.651096896031234
2025-10-12 09:21:23.114774,43.6,97.05,192.78,41.08,52.18806066731887
2025-10-12 09:21:24.114773,84.48,46.63,248.42,29.22,52.201977190323866
2025-10-12 09:21:25.114773,12.78,53.14,231.99,113.35,52.72834972999702
2025-10-12 09:21:26.114772,36.71,86.21,298.05,83.4,52.69124500150814
2025-10-12 09:21:27.114772,71.78,51.65,146.72,101.33,52.46279294709453
2025-10-12 09:21:28.114771,28.82,87.08,223.08,112.73,52.72378964760016
2025-10-12 09:21:29.114771,26.86,55.62,220.34,10.19,52.019767485735386
2025-10-12 09:21:30.114770,83.25,47.18,297.8,143.56,53.06828442443656
2025-10-12 09:21:31.114770,62.36,21.7,111.88,126.16,52.53536636926941
2025-10-12 09:21:32.114770,94.07,40.42,233.95,99.21,52.631674916487256
2025-10-12 09:21:33.114769,21.45,95.16,282.84,132.74,52.99071296302724
2025-10-12 09:21:34.114769,40.27,38.92,93.96,59.33,52.06251375583965
2025-10-12 09:21:35.114768,36.45,88.65,189.09,47.4,52.21733136246419
2025-10-12 09:21:36.114768,84.81,25.43,219.07,19.56,52.06240893941209
2025-10-12 09:21:37.114767,31.7,57.85,76.94,74.01,52.133562417802175
2025-10-12 09:21:38.114767,40.04,54.9,71.86,77.54,52.14433224883486
2025-10-12 09:21:39.114766,22.14,21.32,111.75,143.68,52.65115670363643
2025-10-12 09:21:40.114766,75.91,94.41,227.26,49.77,52.31905567598405
2025-10-12 09:21:41.114765,30.2,45.61,185.45,87.69,52.45290610804318
2025-10-12 09:21:42.114765,15.81,37.34,67.74,115.49,52.377509184630334
2025-10-12 09:21:43.114764,46.98,52.07,65.8,25.04,51.78116108365999
2025-10-12 09:21:44.114764,43.27,85.01,96.55,95.12,52.331316229789145
2025-10-12 09:21:45.114764,25.1,35.23,217.24,70.48,52.40185745370247
2025-10-12 09:21:46.114763,21.36,56.29,134.95,148.35,52.751926275410945
2025-10-12 09:21:47.114763,86.21,66.1,212.43,131.89,52.81618769913017
2025-10-12 09:21:48.114762,15.77,40.51,58.51,54.75,51.95610961055611
2025-10-12 09:21:49.114762,18.44,77.44,206.52,33.14,52.154254185040486
2025-10-12 09:21:50.114761,30.83,83.1,76.08,112.71,52.402603017007536
2025-10-12 09:21:51.114761,90.99,73.67,88.18,129.29,52.5336465432909
2025-10-12 09:21:52.114760,17.26,68.28,202.07,104.95,52.61612371075657
2025-10-12 09:21:53.114760,79.36,48.07,128.29,147.22,52.72540811883651
2025-10-12 09:21:54.114759,85.82,59.52,285.51,125.96,52.931677663322205
2025-10-12 09:21:55.114759,42.12,79.18,276.14,92.44,52.699812205392135
2025-10-12 09:21:56.114759,34.98,38.63,108.54,18.53,51.823178496749925
2025-10-12 09:21:57.114758,67.58,29.02,162.7,29.75,52.009773750179136
2025-10-12 09:21:58.114758,69.72,41.81,282.3,61.32,52.48583487718088
2025-10-12 09:21:59.114757,76.3,70.53,142.68,131.8,52.66676847739494
2025-10-12 09:22:00.114757,80.6,25.67,176.89,95.52,52.47521642627733
2025-10-12 09:22:01.114756,32.81,59.03,245.25,106.84,52.717178796783955
2025-10-12 09:22:02.114756,68.39,31.83,293.07,145.87,53.064817986534585
2025-10-12 09:22:03.114755,21.47,82.7,285.52,122.51,52.92169589076294
2025-10-12 09:22:04.114755,53.41,55.19,220.11,84.54,52.5125050176789
2025-10-12 09:22:05.114754,62.1,50.31,213.05,33.27,52.154188226118656
2025-10-12 09:22:06.114754,23.75,68.02,136.43,139.42,52.70239150846805
2025-10-12 09:22:07.114753,16.5,25.58,99.66,80.89,52.21055395617871
2025-10-12 09:22:08.114753,26.55,78.81,277.09,138.56,53.00777443597422
2025-10-12 09:22:09.114753,45.75,85.94,215.59,64.85,52.389120828530984
2025-10-12 09:22:10.114752,85.47,73.63,270.56,104.76,52.76639214817039
2025-10-12 09:22:11.114752,55.21,69.19,245.63,75.18,52.513521284116436
2025-10-12 09:22:12.114751,73.62,65.69,177.63,96.91,52.5083100129994
2025-10-12 09:22:13.114751,24.8,39.48,299.82,10.64,52.186166070409016
2025-10-12 09:22:14.114750,19.01,64.36,176.64,114.13,52.619715388542666
2025-10-12 09:22:15.114750,30.37,26.96,189.05,132.29,52.746358559358185
2025-10-12 09:22:16.114749,36.68,94.04,97.96,119.6,52.501876398184734
2025-10-12 09:22:17.114749,56.59,33.16,88.66,80.84,52.19058003227605
2025-10-12 09:22:18.114748,84.91,96.61,297.64,66.68,52.58516723047174
2025-10-12 09:22:19.114748,46.22,36.29,169.49,102.88,52.51392358555606
2025-10-12 09:22:20.114748,54.1,21.39,248.31,146.49,52.96604187349166
2025-10-12 09:22:21.114747,10.39,23.68,100.71,137.94,52.59042652068315
2025-10-12 09:22:22.114747,12.83,97.92,131.45,38.33,52.0372688979776
2025-10-12 09:22:23.114746,17.12,24.48,222.44,75.55,52.44080658333833
2025-10-12 09:22:24.114746,69.41,36.23,113.25,122.4,52.52146494349273
2025-10-12 09:22:25.114745,51.33,73.19,76.51,90.44,52.250212436938654
2025-10-12 09:22:26.114745,26.4,63.85,105.44,126.47,52.54690342113856
2025-10-12 09:22:27.114744,60.37,77.4,273.57,66.0,52.51776023859532
2025-10-12 09:22:28.114744,56.29,51.28,127.53,17.29,51.86317437848934
2025-10-12 09:22:29.114743,17.55,63.95,227.06,35.51,52.20703077060122
2025-10-12 09:22:30.114743,64.44,55.9,102.08,144.36,52.653932581180136
2025-10-12 09:22:31.114742,75.21,38.82,225.86,16.2,52.062284082185556
2025-10-12 09:22:32.114742,34.36,97.51,251.99,82.37,52.59079164713825
2025-10-12 09:22:33.114741,68.44,70.2,101.11,47.93,52.01975874491361
2025-10-12 09:22:34.114741,26.98,32.69,208.19,58.06,52.29838122667057
2025-10-12 09:22:35.114741,74.32,51.29,274.46,50.8,52.40428042830465
2025-10-12 09:22:36.114740,87.5,97.73,74.41,78.31,52.17879980729942
2025-10-12 09:22:37.114740,47.56,84.02,75.76,37.47,51.903038024963294
2025-10-12 09:22:38.114739,30.79,22.92,186.78,105.49,52.56131067339138
2025-10-12 09:22:39.114739,43.93,74.61,57.72,15.88,51.71537785220755
2025-10-12 09:22:40.114738,31.26,59.74,263.96,132.69,52.929726897164734
2025-10-12 09:22:41.114738,10.11,76.31,232.4,45.05,52.28880775526222
2025-10-12 09:22:42.114737,65.29,61.71,155.14,10.52,51.88392818508449
2025-10-12 09:22:43.114737,13.61,32.29,82.39,92.36,52.25295707261762
2025-10-12 09:22:44.114737,27.88,23.67,118.66,79.49,52.24140995270193
2025-10-12 09:22:45.114736,71.41,83.68,108.92,21.92,51.87156379825601
2025-10-12 09:22:46.114736,66.59,49.35,63.41,18.43,51.73059223584458
2025-10-12 09:22:47.114735,16.23,93.43,201.19,77.76,52.44774038549418
2025-10-12 09:22:48.114735,66.1,85.0,228.71,45.62,52.28942161150098
2025-10-12 09:22:49.114734,89.1,26.26,221.09,108.02,52.65437845276285
2025-10-12 09:22:50.114734,16.33,89.33,83.6,38.16,51.92757639735822
2025-10-12 09:22:51.114733,45.33,84.71,53.18,52.75,51.95586270360029
2025-10-12 09:22:52.114733,72.0,86.08,90.71,21.96,51.83366729021007
2025-10-12 09:22:53.114732,66.76,92.67,200.61,31.42,52.13849188271647
2025-10-12 09:22:54.114732,29.25,89.42,96.97,114.73,52.464835886846124
2025-10-12 09:22:55.114731,23.86,21.28,118.57,133.05,52.595373480410935
2025-10-12 09:22:56.114731,76.66,47.08,243.01,98.25,52.648659062792
2025-10-12 09:22:57.114731,91.28,83.99,150.87,108.25,52.53571412153271
2025-10-12 09:22:58.114730,75.24,85.18,156.18,117.08,52.60649983610489
2025-10-12 09:22:59.114730,91.87,55.15,144.58,37.71,52.03783987970829
2025-10-12 09:23:00.114729,61.42,52.83,289.72,97.62,52.74898929863321
2025-10-12 09:23:01.114729,88.97,31.63,73.56,44.49,51.91571521486743
2025-10-12 09:23:02.114728,68.69,25.46,178.37,51.6,52.186803997219265
2025-10-12 09:23:03.114728,87.26,25.84,85.53,50.27,51.97681995134505
2025-10-12 09:23:04.114727,23.74,92.72,164.14,144.08,52.80716367409173
2025-10-12 09:23:05.114727,79.32,80.69,83.34,23.94,51.82782515049419
2025-10-12 09:23:06.114726,26.72,56.41,106.97,111.97,52.449843782012834
2025-10-12 09:23:07.114726,12.33,43.12,99.48,87.48,52.26366004487919
2025-10-12 09:23:08.114725,53.99,78.85,269.36,107.76,52.78660481372068
2025-10-12 09:23:09.114725,37.05,45.08,56.48,124.99,52.420445565281995
2025-10-12 09:23:10.114725,13.7,71.96,210.63,58.71,52.329833331407755
2025-10-12 09:23:11.114724,93.33,91.79,285.22,74.8,52.60944122625189
2025-10-12 09:23:12.114724,66.65,49.32,163.91,135.94,52.72849491638543
2025-10-12 09:23:13.114723,86.65,90.31,249.05,62.39,52.44779834434245
2025-10-12 09:23:14.114723,94.92,81.66,189.4,56.84,52.27677039942382
2025-10-12 09:23:15.114722,43.32,97.09,147.1,54.96,52.1811282760891
2025-10-12 09:23:16.114722,31.65,46.22,232.74,116.77,52.74882613157635
2025-10-12 09:23:17.114721,25.63,91.35,172.02,95.18,52.498934166377346
2025-10-12 09:23:18.114721,53.79,57.73,237.61,111.89,52.73340246554257
2025-10-12 09:23:19.114720,61.52,51.82,200.02,116.92,52.681967974030016
2025-10-12 09:23:20.114720,50.16,83.89,245.22,96.32,52.66111985366576
2025-10-12 09:23:21.114720,42.92,57.86,203.85,31.96,52.129738906431434
2025-10-12 09:23:22.114719,24.3,97.42,200.88,63.1,52.351986301313914
2025-10-12 09:23:23.114719,47.56,30.13,257.15,71.25,52.49069493447228
2025-10-12 09:23:24.114718,17.25,43.52,106.72,83.59,52.25376726979036
2025-10-12 09:23:25.114718,83.53,46.99,283.02,105.94,52.78642987223948
2025-10-12 09:23:26.114717,13.99,49.08,162.71,96.19,52.4619300479558
2025-10-12 09:23:27.114717,42.35,91.0,52.24,15.87,51.71254311732269
2025-10-12 09:23:28.114716,18.51,52.2,216.44,81.79,52.48462925903653
2025-10-12 09:23:29.114716,75.87,51.99,134.58,125.17,52.594881465913446
2025-10-12 09:23:30.114716,36.58,63.27,296.56,117.84,52.903836933662895
2025-10-12 09:23:31.114715,19.61,61.8,100.64,126.14,52.53316164896346
2025-10-12 09:23:32.114715,55.18,60.62,260.88,26.95,52.221718761768685
2025-10-12 09:23:33.114714,87.88,22.14,263.24,87.59,52.607911034262585
2025-10-12 09:23:34.114714,87.23,81.75,186.01,55.29,52.25917997314856
2025-10-12 09:23:35.114713,31.22,63.11,240.7,54.86,52.36457811503412
2025-10-12 09:23:36.114713,71.17,50.62,85.94,99.8,52.32023454001335
2025-10-12 09:23:37.114712,12.57,51.93,143.36,131.39,52.65517508551618
2025-10-12 09:23:38.114712,21.21,29.95,202.51,130.51,52.76540211485705
2025-10-12 09:23:39.114711,52.46,54.08,136.96,30.13,51.97040707626275
2025-10-12 09:23:40.114711,29.44,81.16,105.82,106.85,52.4271352549844
2025-10-12 09:23:41.114711,77.85,30.12,272.2,147.62,53.030215239161784
2025-10-12 09:23:42.114710,89.14,21.94,136.36,52.9,52.102355415416966
2025-10-12 09:23:43.114710,10.37,41.42,272.07,30.04,52.25581774813663
2025-10-12 09:23:44.114709,29.8,67.65,281.56,76.48,52.59922434730353
2025-10-12 09:23:45.114709,47.36,71.54,67.26,70.15,52.09456277379348
2025-10-12 09:23:46.114708,57.86,38.51,78.89,39.73,51.899510106839124
2025-10-12 09:23:47.114708,87.85,31.57,213.24,90.81,52.526079724572796
2025-10-12 09:23:48.114707,85.81,92.05,175.39,14.43,51.97067936470887
2025-10-12 09:23:49.114707,64.16,82.06,260.18,23.38,52.20843260130856
2025-10-12 09:23:50.114706,31.88,68.25,76.07,41.08,51.91889795198007
2025-10-12 09:23:51.114706,76.58,55.32,220.26,135.37,52.850271410109734
2025-10-12 09:23:52.114705,27.23,97.19,166.71,28.38,52.04730087559411
2025-10-12 09:23:53.114705,92.04,35.99,164.88,110.34,52.553271196989186
2025-10-12 09:23:54.114704,10.5,68.36,134.51,149.66,52.76638110738595
2025-10-12 09:23:55.114704,58.43,96.58,137.29,131.18,52.665454049004545
2025-10-12 09:23:56.114704,17.51,44.85,155.15,34.64,52.03465997148849
2025-10-12 09:23:57.114703,44.65,51.6,286.09,118.41,52.87841899376394
2025-10-12 09:23:58.114703,63.97,34.47,222.39,109.86,52.673977731513126
2025-10-12 09:23:59.114702,68.62,28.38,196.2,34.92,52.11639281182173
2025-10-12 09:24:00.114702,76.77,57.08,267.49,10.68,52.12609923665107
2025-10-12 09:24:01.114701,60.43,98.35,109.44,22.01,51.88144983049808
2025-10-12 09:24:02.114701,31.36,64.44,299.03,102.06,52.805110203261215
2025-10-12 09:24:03.114700,85.59,52.86,288.43,16.84,52.210055224997824
2025-10-12 09:24:04.114700,78.94,20.95,78.08,71.94,52.101768850268
2025-10-12 09:24:05.114700,23.6,29.23,249.2,41.51,52.27556065059979
2025-10-12 09:24:06.114699,80.25,49.03,52.02,147.67,52.56350090754048
2025-10-12 09:24:07.114699,92.67,67.27,76.58,102.59,52.327712956460935
2025-10-12 09:24:08.114698,64.16,72.01,249.28,133.17,52.9078978601202
2025-10-12 09:24:09.114698,33.95,42.56,136.62,134.92,52.65877301231089
2025-10-12 09:24:10.114697,61.56,93.33,105.11,102.31,52.40223248912404
2025-10-12 09:24:11.114697,39.12,27.93,265.63,104.51,52.72861720293437
2025-10-12 09:24:12.114696,67.46,23.73,253.82,126.76,52.848342771898935
2025-10-12 09:24:13.114696,56.31,26.86,155.02,126.16,52.631806573220096
2025-10-12 09:24:14.114695,89.01,51.71,290.79,87.63,52.6843814588503
2025-10-12 09:24:15.114695,62.52,61.96,226.59,125.87,52.804641456155984
2025-10-12 09:24:16.114695,28.19,24.68,256.03,71.84,52.489149828943994
2025-10-12 09:24:17.114694,71.63,36.96,100.41,21.8,51.82631932689137
2025-10-12 09:24:18.114694,35.57,81.24,295.84,133.86,53.01859974834636
2025-10-12 09:24:19.114693,33.15,90.97,297.53,108.06,52.8564383665064
2025-10-12 09:24:20.114693,43.3,42.07,76.04,101.06,52.302368217451814
2025-10-12 09:24:21.114692,11.02,82.34,67.68,89.7,52.231238910149514
2025-10-12 09:24:22.114692,92.38,51.21,200.1,83.15,52.45766400829147
2025-10-12 09:24:23.114691,55.25,59.39,269.41,70.29,52.52719202976097
2025-10-12 09:24:24.114691,75.75,74.17,265.05,110.89,52.7954274927956
2025-10-12 09:24:25.114690,31.92,24.85,105.5,34.03,51.91179564174923
2025-10-12 09:24:26.114690,73.46,37.96,120.11,91.87,52.33467289580392
2025-10-12 09:24:27.114690,58.21,93.8,199.56,121.31,52.73346071170711
2025-10-12 09:24:28.114689,46.05,30.47,165.75,43.17,52.106266944046354
2025-10-12 09:24:29.114689,92.51,68.75,129.25,81.81,52.30485541272161
2025-10-12 09:24:30.114688,51.98,42.95,288.42,47.1,52.40536225700754
2025-10-12 09:24:31.114688,65.88,57.97,277.43,76.55,52.585346155341924
2025-10-12 09:24:32.114687,11.3,47.6,261.18,120.03,52.83291682702404
2025-10-12 09:24:33.114687,35.62,37.61,284.14,141.28,53.01819964632989
2025-10-12 09:24:34.114686,85.54,57.8,253.43,48.03,52.34390324055303
2025-10-12 09:24:35.114686,74.51,27.95,71.15,18.08,51.7331524441857
2025-10-12 09:24:36.114685,55.62,88.8,141.79,71.92,52.27756619518918
2025-10-12 09:24:37.114685,86.51,59.18,271.86,72.39,52.546327319490835
2025-10-12 09:24:38.114684,51.33,49.52,139.07,121.24,52.577161951638914
2025-10-12 09:24:39.114684,58.15,53.24,71.03,79.67,52.15574578036872
2025-10-12 09:24:40.114684,42.48,64.73,275.26,100.04,52.74030777085325
2025-10-12 09:24:41.114683,62.7,82.67,148.42,57.56,52.193226297659564
2025-10-12 09:24:42.114683,37.12,72.14,257.29,55.98,52.41301845344398
2025-10-12 09:24:43.114682,42.77,98.17,216.64,78.54,52.48906494519286
2025-10-12 09:24:44.114682,92.14,81.48,187.0,16.65,52.00471576763405
2025-10-12 09:24:45.114681,19.46,90.52,161.52,71.93,52.32138333684799
2025-10-12 09:24:46.114681,18.95,28.3,166.22,135.61,52.719621706621275
2025-10-12 09:24:47.114680,13.68,81.82,166.07,51.41,52.190217157450796
2025-10-12 09:24:48.114680,37.2,83.85,206.32,45.32,52.23822728675546
2025-10-12 09:24:49.114680,43.85,72.01,201.5,96.02,52.55769219529952
2025-10-12 09:24:50.114679,18.03,32.51,179.76,36.16,52.09126241881753
2025-10-12 09:24:51.114679,56.68,22.08,144.23,13.77,51.859789635550335
2025-10-12 09:24:52.114678,59.58,87.12,177.14,33.31,52.09704283437315
2025-10-12 09:24:53.114678,73.84,43.78,62.23,131.86,52.477791554998724
2025-10-12 09:24:54.114677,92.96,55.4,51.13,50.03,51.91705817902018
2025-10-12 09:24:55.114677,62.64,27.97,83.94,34.63,51.87075041688477
2025-10-12 09:24:56.114676,19.49,38.55,260.83,43.23,52.317386498757564
2025-10-12 09:24:57.114676,17.52,57.94,110.96,123.26,52.534283089325875
2025-10-12 09:24:58.114675,76.09,22.71,196.07,52.69,52.230899656437636
2025-10-12 09:24:59.114675,65.28,81.14,210.36,37.15,52.19125650625357
2025-10-12 09:25:00.114674,23.76,35.43,295.5,76.8,52.61366005614185
2025-10-12 09:25:01.114674,31.54,59.8,198.29,105.38,52.606061603607706
2025-10-12 09:25:02.114674,73.77,26.7,212.32,49.92,52.24998012969546
2025-10-12 09:25:03.114673,58.12,45.36,99.8,30.77,51.88920476750211
2025-10-12 09:25:04.114673,59.73,93.1,234.05,89.61,52.597480228159505
2025-10-12 09:25:05.114672,27.85,56.03,190.62,130.2,52.752063546019876
2025-10-12 09:25:06.114672,63.47,34.79,96.78,60.93,52.07695230122186
2025-10-12 09:25:07.114671,75.5,34.86,276.49,38.6,52.31856975926176
2025-10-12 09:25:08.114671,85.25,79.04,114.17,45.83,52.03906511894283
2025-10-12 09:25:09.114670,72.62,70.68,259.08,70.63,52.51332367468702
2025-10-12 09:25:10.114670,58.99,94.37,218.62,136.18,52.87381364963134
2025-10-12 09:25:11.114669,67.23,59.75,277.32,17.34,52.19310932980676
2025-10-12 09:25:12.114669,51.23,88.99,142.17,79.63,52.32966889214803
2025-10-12 09:25:13.114668,29.29,27.11,113.09,129.82,52.56529251874185
2025-10-12 09:25:14.114668,84.99,68.12,156.52,31.77,52.03152765036556
2025-10-12 09:25:15.114668,55.27,93.44,233.93,34.93,52.234487153950894
2025-10-12 09:25:16.114667,60.52,87.65,57.01,10.28,51.68392363219612
2025-10-12 09:25:17.114667,94.16,33.26,172.39,69.3,52.295650978039895
2025-10-12 09:25:18.114666,93.73,79.99,270.2,95.61,52.70841898496143
2025-10-12 09:25:19.114666,59.84,34.99,136.58,45.65,52.06197253316729
2025-10-12 09:25:20.114665,12.89,69.54,197.26,27.67,52.093469262710016
2025-10-12 09:25:21.114665,43.67,45.26,108.85,104.81,52.400196465570446
2025-10-12 09:25:22.114664,89.67,26.92,195.86,43.77,52.173582365769526
2025-10-12 09:25:23.114663,34.51,20.79,285.3,59.2,52.46657767981623
2025-10-12 09:25:24.114663,94.94,32.64,264.35,83.82,52.591137442034885
2025-10-12 09:25:25.114662,17.17,22.43,163.84,12.18,51.891964863295115
2025-10-12 09:25:26.114662,58.29,44.03,91.06,137.66,52.578958021762425
2025-10-12 09:25:27.114661,53.81,36.43,290.29,92.34,52.706058013542915
2025-10-12 09:25:28.114661,31.7,54.27,289.69,56.25,52.47514444773103
2025-10-12 09:25:29.114660,90.63,51.08,230.0,140.61,52.903817491954854
2025-10-12 09:25:30.114660,62.63,43.95,82.28,22.27,51.79400371591759
2025-10-12 09:25:31.114659,29.57,49.44,279.45,97.59,52.724628940743344
2025-10-12 09:25:32.114659,42.64,78.76,215.82,46.88,52.26635507960503
2025-10-12 09:25:33.114658,71.3,95.74,172.61,30.76,52.07508775327433
2025-10-12 09:25:34.114658,35.3,74.4,116.86,105.61,52.43909011390697
2025-10-12 09:25:35.114658,84.77,56.17,175.35,58.06,52.240213727773785
2025-10-12 09:25:36.114657,24.08,26.48,251.64,130.47,52.86976820516771
2025-10-12 09:25:37.114657,32.48,79.79,58.33,96.72,52.25613353787529
2025-10-12 09:25:38.114656,22.32,73.55,211.42,148.53,52.928584371761865
2025-10-12 09:25:39.114656,18.86,98.35,129.9,121.04,52.58310875770197
2025-10-12 09:25:40.114655,35.53,54.07,252.26,136.99,52.92973561572937
2025-10-12 09:25:41.114655,94.93,75.71,105.32,22.29,51.86177758475297
2025-10-12 09:25:42.114654,18.02,57.33,141.63,93.73,52.40446989188138
2025-10-12 09:25:43.114654,28.11,85.42,270.97,26.17,52.25222280318131
2025-10-12 09:25:44.114653,33.09,41.28,158.87,25.37,51.97921578924886
2025-10-12 09:25:45.114653,62.63,71.25,166.85,78.76,52.36755628571973
2025-10-12 09:25:46.114652,73.35,55.79,154.75,145.96,52.778731002511236
2025-10-12 09:25:47.114652,73.91,59.16,86.34,76.24,52.16948050889639
2025-10-12 09:25:48.114651,10.73,63.48,55.77,63.33,52.019891806472245
2025-10-12 09:25:49.114651,65.41,93.42,163.34,132.02,52.72577329946938
2025-10-12 09:25:50.114651,63.61,62.9,146.53,16.48,51.90547296315311
2025-10-12 09:25:51.114650,54.0,59.06,243.81,59.86,52.40225663768312
2025-10-12 09:25:52.114650,42.23,31.34,261.8,107.08,52.73926457024896
2025-10-12 09:25:53.114649,77.78,34.58,51.47,36.6,51.817076058401206
2025-10-12 09:25:54.114649,39.23,58.0,283.81,55.65,52.460483508054885
2025-10-12 09:25:55.114648,29.55,23.35,218.66,129.47,52.78985690024192
2025-10-12 09:25:56.114648,36.36,85.81,158.45,134.8,52.72938501406496
2025-10-12 09:25:57.114647,47.37,58.28,211.03,109.24,52.658468405489465
2025-10-12 09:25:58.114647,28.19,44.5,259.88,138.63,52.95182451290684
2025-10-12 09:25:59.114646,61.64,57.9,208.85,95.81,52.56439108427474
2025-10-12 09:26:00.114646,85.16,72.87,211.6,57.04,52.321359347906956
2025-10-12 09:26:01.114645,60.61,41.34,179.74,58.47,52.24420697171314
2025-10-12 09:26:02.114645,47.97,65.76,88.05,132.61,52.550999794179454
2025-10-12 09:26:03.114645,77.73,88.61,215.82,19.69,52.091369175277215
2025-10-12 09:26:04.114644,73.58,33.35,128.44,124.66,52.56780966916382
2025-10-12 09:26:05.114644,41.2,93.03,195.85,72.88,52.40354600136181
2025-10-12 09:26:06.114643,61.35,36.28,272.27,138.02,52.970076739462655
2025-10-12 09:26:07.114643,72.04,94.8,195.11,56.37,52.293345471761285
2025-10-12 09:26:08.114642,30.86,90.05,120.27,78.9,52.27791277926237
2025-10-12 09:26:09.114642,41.13,60.21,233.02,62.77,52.39880733978867
2025-10-12 09:26:10.114641,18.99,56.86,153.4,62.09,52.21973639572074
2025-10-12 09:26:11.114641,93.95,69.08,59.58,75.37,52.11118270724332
2025-10-12 09:26:12.114640,17.3,61.85,86.12,108.79,52.38654052627236
2025-10-12 09:26:13.114640,24.33,82.7,263.4,32.96,52.27935708755002
2025-10-12 09:26:14.114640,50.79,47.99,189.67,10.68,51.95225262712836
2025-10-12 09:26:15.114639,83.55,86.0,288.96,52.98,52.46950863016397
2025-10-12 09:26:16.114639,40.25,33.0,249.79,107.34,52.71586425564615
2025-10-12 09:26:17.114638,75.33,84.49,138.92,22.4,51.94026960539125
2025-10-12 09:26:18.114638,67.46,45.96,264.34,140.13,52.97226614020763
2025-10-12 09:26:19.114637,64.29,86.65,197.75,79.08,52.44526853423579
2025-10-12 09:26:20.114637,81.83,87.15,272.2,134.74,52.97645352032953
2025-10-12 09:26:21.114636,11.2,29.07,56.83,95.67,52.217695841310764
2025-10-12 09:26:22.114636,88.98,81.89,291.06,51.97,52.46507355249477
2025-10-12 09:26:23.114635,80.48,90.01,98.44,94.27,52.33255544576132
2025-10-12 09:26:24.114635,89.72,67.01,175.07,25.98,52.032715345632866
2025-10-12 09:26:25.114634,77.45,87.54,204.53,114.97,52.69867831236467
2025-10-12 09:26:26.114634,84.68,65.18,139.4,63.6,52.20402122041529
2025-10-12 09:26:27.114634,27.26,94.33,72.51,35.46,51.888383457649695
2025-10-12 09:26:28.114633,37.13,66.07,134.37,78.42,52.291969619840444
2025-10-12 09:26:29.114633,36.79,96.13,74.7,122.29,52.47044267014272
2025-10-12 09:26:30.114632,19.28,50.23,169.61,87.66,52.42092044533625
2025-10-12 09:26:31.114632,72.01,53.66,226.9,81.66,52.50726612616697
2025-10-12 09:26:32.114631,21.57,23.4,171.42,96.6,52.469257501961934
2025-10-12 09:26:33.114631,14.46,31.95,241.02,97.87,52.63340395028693
2025-10-12 09:26:34.114630,75.91,37.85,161.34,138.3,52.73220374806688
2025-10-12 09:26:35.114630,86.9,36.91,131.55,48.96,52.074099775804406
2025-10-12 09:26:36.114629,74.95,24.64,60.02,15.44,51.68964818382202
2025-10-12 09:26:37.114629,80.15,85.35,299.24,131.45,53.01226499381575
2025-10-12 09:26:38.114629,60.63,40.93,187.7,71.62,52.348523102214926
2025-10-12 09:26:39.114628,85.46,78.19,277.45,114.55,52.84885126479365
2025-10-12 09:26:40.114628,52.22,46.07,214.34,132.12,52.810714458218676
2025-10-12 09:26:41.114627,94.01,29.98,85.08,108.35,52.36363536971117
2025-10-12 09:26:42.114627,18.79,66.22,299.72,135.64,53.0304740776087
2025-10-12 09:26:43.114626,78.78,26.61,87.44,27.16,51.82800542125055
2025-10-12 09:26:44.114626,64.52,89.97,82.04,60.95,52.07581053974325
2025-10-12 09:26:45.114625,59.35,69.8,138.84,95.6,52.41776697184698
2025-10-12 09:26:46.114625,71.69,75.87,291.9,135.86,53.02034107472374
2025-10-12 09:26:47.114624,81.42,93.87,271.88,74.47,52.579473866935814
2025-10-12 09:26:48.114624,83.35,23.05,221.06,59.55,52.330822740975165
2025-10-12 09:26:49.114623,24.91,81.58,243.4,128.15,52.867149259422014
2025-10-12 09:26:50.114623,26.75,31.71,128.39,105.18,52.43749630088978
2025-10-12 09:26:51.114623,11.37,45.72,232.72,94.46,52.60042873873617
2025-10-12 09:26:52.114622,21.21,68.72,279.68,99.48,52.74839743386453
2025-10-12 09:26:53.114622,32.43,90.67,52.98,138.58,52.5284150385039
2025-10-12 09:26:54.114621,71.29,88.26,262.36,95.51,52.69535101534809
2025-10-12 09:26:55.114621,50.44,97.47,141.18,77.24,52.316376065518696
2025-10-12 09:26:56.114620,74.42,31.89,81.88,56.25,52.011959189881765
2025-10-12 09:26:57.114620,51.36,82.92,268.42,97.66,52.71979439518946
2025-10-12 09:26:58.114619,57.23,32.52,93.79,84.84,52.2278996529569
2025-10-12 09:26:59.114619,19.44,81.39,64.18,68.16,52.08015378207098
2025-10-12 09:27:00.114618,76.01,42.79,210.45,144.26,52.881028063910165
2025-10-12 09:27:01.114618,74.44,22.25,120.81,38.59,51.973821960116005
2025-10-12 09:27:02.114618,36.14,55.26,149.89,111.53,52.53937623627743
2025-10-12 09:27:03.114617,37.93,44.68,230.74,74.01,52.45982493645906
2025-10-12 09:27:04.114617,28.67,24.12,143.92,74.29,52.26193525686049
2025-10-12 09:27:05.114616,79.18,84.86,146.26,96.75,52.44987133892509
2025-10-12 09:27:06.114616,73.5,64.87,204.06,99.9,52.58502517422146
2025-10-12 09:27:07.114615,61.78,25.67,143.73,69.23,52.228801187589355
2025-10-12 09:27:08.114615,30.3,48.36,59.78,67.73,52.049381930009226
2025-10-12 09:27:09.114614,24.61,72.72,107.89,58.28,52.10456126691141
2025-10-12 09:27:10.114614,14.27,36.65,107.67,127.69,52.54470645893627
2025-10-12 09:27:11.114613,13.88,67.93,114.41,111.91,52.47199124360906
2025-10-12 09:27:12.114613,25.91,32.28,271.11,103.89,52.73880801675872
2025-10-12 09:27:13.114612,18.55,31.76,176.72,18.65,51.96803418365179
2025-10-12 09:27:14.114612,57.27,97.34,96.09,25.46,51.87483044154433
2025-10-12 09:27:15.114612,40.44,88.27,194.25,75.73,52.41634369359542
2025-10-12 09:27:16.114611,47.82,38.01,288.33,10.58,52.160028525038044
2025-10-12 09:27:17.114611,60.5,39.61,299.94,116.98,52.8922982034073
2025-10-12 09:27:18.114610,66.02,32.08,150.44,138.78,52.708537927312406
2025-10-12 09:27:19.114610,65.1,22.28,177.55,65.08,52.27272584031133
2025-10-12 09:27:20.114609,32.17,46.74,244.58,142.03,52.942451707668276
2025-10-12 09:27:21.114609,78.82,69.09,52.04,39.48,51.856625168984095
2025-10-12 09:27:22.114608,88.01,29.34,61.53,79.76,52.122442433831246
2025-10-12 09:27:23.114608,36.85,30.42,55.15,97.77,52.22874106658737
2025-10-12 09:27:24.114607,11.45,92.98,224.64,36.93,52.227355843039824
2025-10-12 09:27:25.114607,86.43,75.94,140.07,105.51,52.48962507640007
2025-10-12 09:27:26.114606,88.5,57.4,282.65,139.15,53.011839673486946
2025-10-12 09:27:27.114606,14.33,85.53,138.22,52.7,52.140436936497046
2025-10-12 09:27:28.114605,10.42,28.87,259.19,129.04,52.877982340947916
2025-10-12 09:27:29.114605,79.39,66.33,95.86,12.37,51.77020002633865
2025-10-12 09:27:30.114605,35.62,40.35,193.85,116.84,52.6616737221935
2025-10-12 09:27:31.114604,87.74,33.09,103.68,107.1,52.397411944351326
2025-10-12 09:27:32.114604,28.42,51.3,170.08,19.13,51.967687982647625
2025-10-12 09:27:33.114603,83.2,93.75,107.92,134.08,52.61942471296515
2025-10-12 09:27:34.114603,15.83,80.16,91.8,47.51,52.00231860868922
2025-10-12 09:27:35.114602,32.15,33.18,94.13,60.52,52.067587625921654
2025-10-12 09:27:36.114602,92.72,30.13,281.21,91.63,52.67814663395941
2025-10-12 09:27:37.114601,29.65,41.61,70.94,88.59,52.20828468475418
2025-10-12 09:27:38.114601,21.31,74.75,138.53,100.42,52.45183952789714
2025-10-12 09:27:39.114600,82.85,87.91,272.98,62.28,52.49763680567989
2025-10-12 09:27:40.114600,20.01,39.13,136.03,58.52,52.14850337368566
2025-10-12 09:27:41.114600,18.28,53.54,249.52,32.12,52.22745492161
2025-10-12 09:27:42.114599,37.49,58.77,244.14,60.88,52.409581016695824
2025-10-12 09:27:43.114599,64.0,57.69,246.11,96.54,52.64993555599816
2025-10-12 09:27:44.114598,70.41,31.4,234.43,35.3,52.20351499953412
2025-10-12 09:27:45.114598,84.91,22.65,214.78,146.39,52.8933532332392
2025-10-12 09:27:46.114597,55.98,51.92,65.47,138.43,52.532953653753744
2025-10-12 09:27:47.114597,43.44,74.81,151.04,36.47,52.05455807336834
2025-10-12 09:27:48.114596,40.5,20.44,73.07,118.98,52.402832309239066
2025-10-12 09:27:49.114596,81.99,42.19,244.15,52.3,52.34343222056653
2025-10-12 09:27:50.114596,71.52,27.57,105.45,143.84,52.64203092067432
2025-10-12 09:27:51.114595,86.96,44.88,225.85,134.23,52.84902189827143
2025-10-12 09:27:52.114595,91.94,30.71,204.49,148.8,52.89151380945112
2025-10-12 09:27:53.114594,35.5,34.72,145.62,109.72,52.506675116781246
2025-10-12 09:27:54.114594,55.02,66.8,128.35,100.96,52.428920885146944
2025-10-12 09:27:55.114593,63.7,62.82,247.05,24.2,52.17469334118621
2025-10-12 09:27:56.114593,23.93,86.37,274.03,122.36,52.89782034275282
2025-10-12 09:27:57.114592,14.53,60.08,171.65,114.8,52.610958174540535
2025-10-12 09:27:58.114592,83.76,72.54,117.33,45.69,52.04137398011454
2025-10-12 09:27:59.114591,55.52,93.61,180.07,18.72,52.01017157641811
2025-10-12 09:28:00.114591,58.52,39.11,281.68,101.33,52.74854237506734
2025-10-12 09:28:01.114590,57.17,85.99,94.13,96.17,52.3335815256892
2025-10-12 09:28:02.114590,74.17,73.1,146.65,39.71,52.06558951551844
2025-10-12 09:28:03.114590,22.37,48.27,274.85,10.83,52.13815755830966
2025-10-12 09:28:04.114589,62.19,38.85,280.47,93.78,52.69566243697914
2025-10-12 09:28:05.114589,49.91,72.95,140.45,112.15,52.53285696131346
2025-10-12 09:28:06.114588,86.24,79.26,173.09,122.26,52.674264690115656
2025-10-12 09:28:07.114588,54.17,69.18,137.88,42.77,52.0646967291791
2025-10-12 09:28:08.114587,90.15,63.02,170.46,29.92,52.04664730283548
2025-10-12 09:28:09.114587,40.03,57.05,287.43,86.79,52.67448904916569
2025-10-12 09:28:10.114586,92.19,22.52,203.68,25.72,52.06829468202258
2025-10-12 09:28:11.114586,84.39,65.59,272.55,134.63,52.96448889791687
2025-10-12 09:28:12.114585,59.66,77.92,78.52,91.69,52.265499845139125
2025-10-12 09:28:13.114585,40.07,76.98,218.15,140.23,52.89000094575482
2025-10-12 09:28:14.114584,41.95,21.98,153.43,34.9,52.0199325828812
2025-10-12 09:28:15.114584,75.68,89.66,151.6,138.68,52.74242156329027
2025-10-12 09:28:16.114584,59.35,52.53,165.84,44.1,52.12490656502026
2025-10-12 09:28:17.114583,44.13,29.4,295.18,12.9,52.185494643883835
2025-10-12 09:28:18.114583,64.06,84.9,197.46,35.98,52.157602823873944
2025-10-12 09:28:19.114582,72.32,82.75,278.02,83.43,52.646074704671115
2025-10-12 09:28:20.114582,11.95,33.1,158.66,29.5,52.00162145242988
2025-10-12 09:28:21.114581,17.64,96.8,117.77,120.86,52.55474209900821
2025-10-12 09:28:22.114581,18.03,28.54,220.26,36.92,52.18194183582578
2025-10-12 09:28:23.114580,29.71,74.93,132.45,121.81,52.58072191679934
2025-10-12 09:28:24.114580,46.29,89.84,259.9,54.16,52.416446171598885
2025-10-12 09:28:25.114579,78.31,97.07,129.84,26.62,51.95558241586683
2025-10-12 09:28:26.114579,39.84,49.54,63.87,13.3,51.69764684057439
2025-10-12 09:28:27.114579,11.49,91.27,106.24,136.2,52.62847208068032
2025-10-12 09:28:28.114578,51.09,72.03,111.05,30.05,51.92366332338774
2025-10-12 09:28:29.114578,94.71,70.18,295.73,87.29,52.70311429408815
2025-10-12 09:28:30.114577,39.67,73.74,269.09,124.35,52.89328763276984
2025-10-12 09:28:31.114577,91.71,75.03,135.19,144.36,52.73638934136243
2025-10-12 09:28:32.114576,18.61,35.73,93.78,110.48,52.39984139626277
2025-10-12 09:28:33.114576,24.71,47.0,83.56,61.81,52.060911474067304
2025-10-12 09:28:34.114575,71.55,69.01,53.68,44.0,51.890137921120264
2025-10-12 09:28:35.114575,52.6,79.2,215.96,100.63,52.623652848499376
2025-10-12 09:28:36.114574,75.04,74.45,279.59,10.85,52.16313500644115
2025-10-12 09:28:37.114574,83.4,81.78,293.84,119.19,52.91719450827926
2025-10-12 09:28:38.114573,31.34,25.09,299.9,129.58,52.96776275572191
2025-10-12 09:28:39.114573,68.04,63.55,157.66,65.75,52.256989984464376
2025-10-12 09:28:40.114573,61.65,51.85,102.87,81.81,52.2382364109133
2025-10-12 09:28:41.114572,83.23,57.0,155.5,43.2,52.09899247874498
2025-10-12 09:28:42.114572,46.56,87.59,164.47,22.63,51.99893806943847
2025-10-12 09:28:43.114571,14.41,38.57,239.34,140.15,52.91406341741138
2025-10-12 09:28:44.114571,58.81,32.42,137.75,123.54,52.58005184605503
2025-10-12 09:28:45.114570,91.5,26.94,94.57,72.73,52.14611088561548
2025-10-12 09:28:46.114570,11.24,27.24,140.49,140.83,52.69787038788322
2025-10-12 09:28:47.114569,30.42,23.45,82.99,127.44,52.482173704764215
2025-10-12 09:28:48.114569,36.87,93.92,285.67,53.55,52.47056173233553
2025-10-12 09:28:49.114568,75.1,21.15,131.15,125.62,52.57327253771586
2025-10-12 09:28:50.114568,37.48,65.94,194.39,46.45,52.20988820139351
2025-10-12 09:28:51.114568,30.32,46.47,215.84,109.18,52.66193314209437
2025-10-12 09:28:52.114567,65.13,52.36,209.34,91.01,52.53051347553412
2025-10-12 09:28:53.114567,13.94,20.35,200.4,146.04,52.85856082977493
2025-10-12 09:28:54.114566,24.5,50.6,291.4,58.0,52.48842690122474
2025-10-12 09:28:55.114566,44.68,76.18,165.26,123.54,52.6640638187439
2025-10-12 09:28:56.114565,40.23,29.32,251.75,76.13,52.51092137507566
2025-10-12 09:28:57.114565,39.51,60.03,116.5,40.93,52.0010214466618
2025-10-12 09:28:58.114564,19.23,74.02,169.59,133.27,52.736833830797636
2025-10-12 09:28:59.114564,40.67,82.2,220.53,63.88,52.39131696606196
2025-10-12 09:29:00.114564,77.83,64.42,87.06,97.77,52.31686712679845
2025-10-12 09:29:01.114563,45.18,68.51,171.48,39.76,52.11722372777208
2025-10-12 09:29:02.114563,59.82,66.33,135.34,129.45,52.63291433213362
2025-10-12 09:29:03.114562,23.9,91.07,265.74,75.23,52.569642988756954
2025-10-12 09:29:04.114562,15.93,75.68,254.52,59.58,52.43287356904031
2025-10-12 09:29:05.114561,84.8,75.18,55.21,28.57,51.794476833998814
2025-10-12 09:29:06.114561,38.17,60.22,201.8,103.63,52.60229326627818
2025-10-12 09:29:07.114560,39.78,82.76,211.9,17.82,52.067200907970495
2025-10-12 09:29:08.114560,84.6,27.4,259.22,88.64,52.60908689781619
2025-10-12 09:29:09.114559,70.16,25.54,57.68,128.02,52.432289084933885
2025-10-12 09:29:10.114559,74.28,35.69,188.24,60.93,52.27582773944361
2025-10-12 09:29:11.114559,67.97,71.23,129.6,24.59,51.92721374446592
2025-10-12 09:29:12.114558,18.99,25.22,78.95,139.03,52.551320784029045
2025-10-12 09:29:13.114558,91.43,75.83,293.67,66.05,52.560815186806785
2025-10-12 09:29:14.114557,87.28,45.83,104.29,68.96,52.15267949513895
2025-10-12 09:29:15.114557,30.08,40.51,54.68,132.98,52.46703035044149
2025-10-12 09:29:16.114556,78.34,96.15,147.02,28.24,52.003085936573385
2025-10-12 09:29:17.114556,44.8,28.21,75.64,62.45,52.03752822828594
2025-10-12 09:29:18.114555,68.12,43.94,190.57,100.37,52.54724192798994
2025-10-12 09:29:19.114555,24.08,57.08,51.29,98.05,52.23705799131271
2025-10-12 09:29:20.114554,55.78,74.55,174.76,123.0,52.68017827088441
2025-10-12 09:29:21.114554,20.76,28.65,251.25,88.47,52.591367181599836
2025-10-12 09:29:22.114553,55.57,77.92,153.68,67.12,52.26544433782013
2025-10-12 09:29:23.114553,30.71,52.78,153.44,53.34,52.15947800570112
2025-10-12 09:29:24.114553,48.46,44.74,76.79,96.37,52.2743517988605
2025-10-12 09:29:25.114552,66.78,56.21,137.76,19.18,51.90064985475173
2025-10-12 09:29:26.114552,84.55,97.95,162.29,18.93,51.97541526070789
2025-10-12 09:29:27.114551,24.05,61.4,297.94,55.43,52.4915623866582
2025-10-12 09:29:28.114551,85.93,68.4,138.76,83.45,52.33617269909252
2025-10-12 09:29:29.114550,43.15,22.13,108.51,44.32,51.98510790855284
2025-10-12 09:29:30.114550,81.72,81.89,68.35,33.37,51.85856848245451
2025-10-12 09:29:31.114549,53.57,70.44,254.58,36.87,52.27935798767916
2025-10-12 09:29:32.114549,83.29,37.17,112.38,123.62,52.528198227876786
2025-10-12 09:29:33.114548,66.34,88.77,78.63,49.88,51.994272999955484
2025-10-12 09:29:34.114548,53.24,44.72,253.43,53.03,52.36981291586019
2025-10-12 09:29:35.114548,36.57,42.75,103.48,24.84,51.85637610547774
2025-10-12 09:29:36.114547,92.36,32.01,81.41,130.27,52.50229185299734
2025-10-12 09:29:37.114547,78.08,36.53,200.18,115.5,52.66438447351045
2025-10-12 09:29:38.114546,42.4,87.93,81.7,11.29,51.744335042691624
2025-10-12 09:29:39.114546,24.17,44.12,209.06,109.81,52.65010161381685
2025-10-12 09:29:40.114545,76.26,26.99,228.32,123.0,52.769891473423385
2025-10-12 09:29:41.114545,94.15,89.02,258.37,24.68,52.217006904438236
2025-10-12 09:29:42.114544,33.71,30.45,255.81,31.48,52.22400518908896
2025-10-12 09:29:43.114544,87.85,89.93,99.81,148.21,52.69349285340361
2025-10-12 09:29:44.114543,20.66,35.45,84.97,128.63,52.50104206059054
2025-10-12 09:29:45.114543,90.94,82.0,78.78,122.56,52.47322372812665
2025-10-12 09:29:46.114543,73.35,60.13,200.64,35.44,52.147136715950765
2025-10-12 09:29:47.114542,39.46,81.19,277.24,56.74,52.4663682945608
2025-10-12 09:29:48.114542,35.89,20.97,144.04,93.72,52.38940395116549
2025-10-12 09:29:49.114541,64.69,59.01,209.88,91.75,52.540295597027054
2025-10-12 09:29:50.114541,60.45,54.49,148.65,140.24,52.72681228562399
2025-10-12 09:29:51.114540,88.11,96.41,174.58,142.28,52.819913575517994
2025-10-12 09:29:52.114540,75.13,59.25,259.08,40.29,52.30559268833338
2025-10-12 09:29:53.114539,55.93,46.18,92.26,82.79,52.21857382174941
2025-10-12 09:29:54.114539,88.84,63.48,239.37,117.68,52.778847922536336
2025-10-12 09:29:55.114538,60.38,60.48,87.79,15.23,51.76842444039765
2025-10-12 09:29:56.114538,82.22,93.21,204.79,30.33,52.14062406620123
2025-10-12 09:29:57.114538,81.48,47.64,220.46,33.74,52.17189453768721
2025-10-12 09:29:58.114537,88.13,25.37,279.59,114.45,52.8234457723147
2025-10-12 09:29:59.114537,15.75,96.89,97.74,29.25,51.903313901253426
2025-10-12 09:30:00.114536,59.62,92.03,71.46,144.58,52.60907750211811
2025-10-12 09:30:01.114536,49.81,68.18,274.98,118.17,52.86195205016548
2025-10-12 09:30:02.114535,51.7,28.51,71.61,11.4,51.69012522178481
2025-10-12 09:30:03.114535,49.09,22.23,74.76,51.08,51.95682796532615
2025-10-12 09:30:04.114534,81.18,95.65,291.75,54.65,52.49201242505482
2025-10-12 09:30:05.114534,37.07,56.66,122.86,61.18,52.14734468406526
2025-10-12 09:30:06.114533,49.33,49.2,199.62,127.68,52.751059136018384
2025-10-12 09:30:07.114533,27.06,26.44,66.31,82.24,52.14765715069642
2025-10-12 09:30:08.114533,31.4,85.44,211.15,127.79,52.796957601757384
2025-10-12 09:30:09.114532,66.14,50.22,57.41,141.09,52.532180933387465
2025-10-12 09:30:10.114532,19.94,46.39,120.5,66.77,52.173614699188036
2025-10-12 09:30:11.114531,25.96,68.85,155.99,87.99,52.40392740536317
2025-10-12 09:30:12.114531,54.88,60.55,157.78,130.74,52.68693282166713
2025-10-12 09:30:13.114530,13.72,32.65,287.1,73.76,52.57371706347806
2025-10-12 09:30:14.114530,20.79,69.96,266.63,130.11,52.92407941395102
2025-10-12 09:30:15.114529,83.38,66.4,262.14,52.87,52.39970319551596
2025-10-12 09:30:16.114529,81.92,44.28,286.04,105.41,52.78795491934847
2025-10-12 09:30:17.114528,39.56,35.88,228.47,64.77,52.38867827739462
2025-10-12 09:30:18.114528,39.58,98.8,274.57,23.26,52.24816008026024
2025-10-12 09:30:19.114527,89.6,68.75,240.86,55.14,52.36992105828685
2025-10-12 09:30:20.114527,12.2,78.81,132.26,107.1,52.4848350579762
2025-10-12 09:30:21.114527,59.33,27.72,54.76,89.76,52.17322922573953
2025-10-12 09:30:22.114526,60.78,95.03,294.7,129.11,52.992271704708536
2025-10-12 09:30:23.114526,76.97,73.07,186.16,10.76,51.95912231226016
2025-10-12 09:30:24.114525,90.9,23.24,290.57,39.46,52.34835284362016
2025-10-12 09:30:25.114525,40.25,53.22,223.49,91.28,52.56347497651256
2025-10-12 09:30:26.114524,47.22,36.0,253.17,103.08,52.69658982191601
2025-10-12 09:30:27.114524,67.06,73.25,166.25,145.13,52.807878254467916
2025-10-12 09:30:28.114523,92.22,59.47,142.94,36.36,52.0277257238759
2025-10-12 09:30:29.114523,85.72,54.69,90.48,15.5,51.772830100374385
2025-10-12 09:30:30.114522,66.7,94.39,146.58,45.36,52.1147813246772
2025-10-12 09:30:31.114522,82.82,36.23,97.89,104.67,52.37047192932026
2025-10-12 09:30:32.114522,17.24,46.07,87.68,119.44,52.45183198094532
2025-10-12 09:30:33.114521,42.06,23.15,167.95,101.0,52.49079574047401
2025-10-12 09:30:34.114521,11.11,47.53,191.53,107.52,52.59877719771083
2025-10-12 09:30:35.114520,25.09,81.85,207.35,95.26,52.57081037116727
2025-10-12 09:30:36.114520,63.59,45.61,266.84,129.05,52.90395374035094
2025-10-12 09:30:37.114519,85.27,38.57,232.67,141.64,52.90948575438764
2025-10-12 09:30:38.114519,63.79,38.02,80.21,93.7,52.260310101411775
2025-10-12 09:30:39.114518,66.45,95.49,284.43,52.62,52.462572985424785
2025-10-12 09:30:40.114518,18.82,35.08,245.71,71.61,52.47102486070908
2025-10-12 09:30:41.114517,66.51,46.6,188.81,19.16,52.00589748982782
2025-10-12 09:30:42.114517,48.62,59.05,132.37,116.57,52.53693555582635
2025-10-12 09:30:43.114517,65.37,20.63,186.6,33.89,52.08442303575653
2025-10-12 09:30:44.114516,37.72,60.88,73.87,73.32,52.12400955503234
2025-10-12 09:30:45.114516,59.43,79.69,284.31,57.85,52.48823582216684
2025-10-12 09:30:46.114515,46.05,53.09,69.36,23.1,51.77657390350319
2025-10-12 09:30:47.114515,57.48,21.36,202.31,102.37,52.573419037988145
2025-10-12 09:30:48.114514,22.5,29.83,271.35,106.53,52.755487854482745
2025-10-12 09:30:49.114514,43.65,53.35,195.46,19.65,52.02732840003945
2025-10-12 09:30:50.114513,41.81,43.75,294.7,31.25,52.31422890259631
2025-10-12 09:30:51.114513,72.59,84.98,288.79,123.07,52.93377362849228
2025-10-12 09:30:52.114512,70.04,65.48,230.15,125.78,52.81372382264917
2025-10-12 09:30:53.114512,87.25,67.81,123.18,50.67,52.08448448082605
2025-10-12 09:30:54.114511,63.72,20.83,268.95,68.77,52.49465510891988
2025-10-12 09:30:55.114511,36.74,46.68,250.8,22.89,52.165153716305056
2025-10-12 09:30:56.114511,76.57,98.87,128.89,66.51,52.219281004887655
2025-10-12 09:30:57.114510,52.24,95.35,260.62,12.97,52.147686861834934
2025-10-12 09:30:58.114510,26.45,88.94,139.31,80.54,52.32947764830643
2025-10-12 09:30:59.114509,73.53,65.35,129.8,109.11,52.4853524356028
2025-10-12 09:31:00.114509,21.27,57.4,131.5,40.94,52.032159446190335
2025-10-12 09:31:01.114508,25.14,26.83,265.08,83.29,52.585971020608035
2025-10-12 09:31:02.114508,74.49,87.68,56.13,46.86,51.92482028908472
2025-10-12 09:31:03.114506,75.46,41.64,268.74,99.11,52.707148636443634
2025-10-12 09:31:04.114506,77.22,29.68,159.63,122.04,52.616029057942896
2025-10-12 09:31:05.114506,34.93,92.14,193.54,133.56,52.800785679216865
2025-10-12 09:31:06.114505,83.66,90.04,238.97,53.2,52.36478900071541
2025-10-12 09:31:07.114505,71.43,63.01,105.18,120.32,52.50505343871284
2025-10-12 09:31:08.114504,80.89,50.58,58.62,32.38,51.81347596821178
2025-10-12 09:31:09.114504,70.23,93.41,144.31,72.79,52.29137089240167
2025-10-12 09:31:10.114503,59.27,72.28,258.48,52.85,52.394902992006756
2025-10-12 09:31:11.114503,19.3,48.54,288.9,97.2,52.74203661727937
2025-10-12 09:31:12.114502,70.43,35.74,79.91,94.58,52.26423179365779
2025-10-12 09:31:13.114502,68.69,51.91,234.41,66.69,52.42322280206314
2025-10-12 09:31:14.114501,36.56,81.6,156.82,75.45,52.329589939605114
2025-10-12 09:31:15.114501,72.54,82.72,120.02,136.03,52.65247597745193
2025-10-12 09:31:16.114500,56.79,85.69,176.57,69.9,52.33786605905306
2025-10-12 09:31:17.114500,57.55,94.19,199.26,128.27,52.779221864031946
2025-10-12 09:31:18.114500,41.25,67.77,249.21,81.57,52.56290798072572
2025-10-12 09:31:19.114499,19.93,53.17,93.36,11.16,51.749425758072675
2025-10-12 09:31:20.114499,28.44,80.74,216.45,144.73,52.91827273015144
2025-10-12 09:31:21.114498,75.35,60.49,143.38,31.48,51.99685797134666
2025-10-12 09:31:22.114498,33.07,21.99,114.92,144.75,52.66550688258429
2025-10-12 09:31:23.114497,10.19,92.92,154.27,30.11,52.0294257635128
2025-10-12 09:31:24.114497,94.75,20.5,288.96,99.99,52.74508608515322
2025-10-12 09:31:25.114496,27.91,38.5,50.11,142.92,52.521973709050734
2025-10-12 09:31:26.114496,65.71,45.07,183.27,37.04,52.1117033046515
2025-10-12 09:31:27.114495,88.79,94.72,279.74,139.5,53.02861181306205
2025-10-12 09:31:28.114495,60.98,94.6,225.49,70.27,52.45138481979864
2025-10-12 09:31:29.114495,77.92,45.61,124.77,26.56,51.91556063443755
2025-10-12 09:31:30.114494,92.99,57.79,250.65,134.02,52.908600494290006
2025-10-12 09:31:31.114494,83.13,63.67,285.62,39.85,52.36269582558672
2025-10-12 09:31:32.114493,57.42,85.37,167.97,136.35,52.76007657612992
2025-10-12 09:31:33.114493,40.91,24.18,264.82,29.17,52.22472780423899
2025-10-12 09:31:34.114492,51.01,66.29,50.09,48.33,51.90957723514835
2025-10-12 09:31:35.114492,81.56,47.44,157.46,54.6,52.17358956397716
2025-10-12 09:31:36.114491,82.54,34.38,121.97,53.22,52.08018800038751
2025-10-12 09:31:37.114491,81.9,96.6,145.12,86.09,52.383177060260884
2025-10-12 09:31:38.114490,60.76,39.23,168.23,31.03,52.035943563310404
2025-10-12 09:31:39.114490,50.54,40.33,133.09,149.36,52.74571711101277
2025-10-12 09:31:40.114490,36.46,54.09,112.08,121.57,52.523353754834
2025-10-12 09:31:41.114489,10.29,66.03,253.29,22.57,52.17919483581293
2025-10-12 09:31:42.114489,74.98,29.63,189.79,87.77,52.45396089127674
2025-10-12 09:31:43.114488,33.54,26.33,251.7,107.07,52.71450448827826
2025-10-12 09:31:44.114488,38.02,56.3,278.01,148.34,53.06215953225699
2025-10-12 09:31:45.114487,81.7,92.12,211.4,142.23,52.89705700826549
2025-10-12 09:31:46.114487,14.44,21.95,168.21,16.51,51.929915342194825
2025-10-12 09:31:47.114486,88.85,23.74,116.07,68.45,52.162556583088396
2025-10-12 09:31:48.114486,10.12,43.79,62.17,72.48,52.08355021659298
2025-10-12 09:31:49.114485,89.83,96.04,81.27,92.82,52.28904459465698
2025-10-12 09:31:50.114485,48.65,27.4,133.38,11.75,51.825808558401775
2025-10-12 09:31:51.114485,18.68,32.31,208.67,134.11,52.80396978303481
2025-10-12 09:31:52.114484,67.3,44.24,77.01,88.08,52.21952846392777
2025-10-12 09:31:53.114484,86.15,61.94,154.94,132.6,52.69389135628369
2025-10-12 09:31:54.114483,47.24,29.33,275.44,96.83,52.699700018507315
2025-10-12 09:31:55.114483,68.77,32.74,175.96,40.33,52.110825359646185
2025-10-12 09:31:56.114482,93.25,28.74,207.29,109.0,52.63233060863471
2025-10-12 09:31:57.114482,30.46,97.71,212.54,94.89,52.58843441085879
2025-10-12 09:31:58.114481,79.74,55.86,167.86,124.85,52.667094020934144
2025-10-12 09:31:59.114481,35.1,62.52,254.28,110.46,52.762732788119315
2025-10-12 09:32:00.114480,46.24,81.75,79.14,147.85,52.641720201344384
2025-10-12 09:32:01.114480,33.95,72.11,74.43,52.57,51.993749511960175
2025-10-12 09:32:02.114480,47.91,48.76,70.05,46.04,51.92791905178309
2025-10-12 09:32:03.114479,10.43,46.85,227.05,79.11,52.48687826628064
2025-10-12 09:32:04.114479,35.79,50.06,136.5,128.38,52.619277662139645
2025-10-12 09:32:05.114478,47.85,20.36,233.48,115.18,52.72549229997582
2025-10-12 09:32:06.114478,63.74,26.32,265.55,29.23,52.22789985701353
2025-10-12 09:32:07.114477,64.18,56.74,77.1,145.3,52.606457749181764
2025-10-12 09:32:08.114477,59.62,53.96,103.34,95.48,52.331160092751915
2025-10-12 09:32:09.114476,34.91,36.3,52.45,140.27,52.50823670230022
2025-10-12 09:32:10.114476,90.53,60.22,135.04,76.41,52.27682775631134
2025-10-12 09:32:11.114475,43.32,28.91,96.06,33.89,51.89264982585902
2025-10-12 09:32:12.114475,28.44,85.53,245.36,55.35,52.390409866506786
2025-10-12 09:32:13.114475,57.13,75.21,54.67,114.34,52.36259466795725
2025-10-12 09:32:14.114474,73.66,59.06,54.98,106.62,52.303043760783325
2025-10-12 09:32:15.114474,11.04,54.61,233.65,51.45,52.32192548550745
2025-10-12 09:32:16.114473,33.49,34.55,146.89,63.16,52.200307253656774
2025-10-12 09:32:17.114473,80.12,48.71,218.17,26.77,52.12126154656431
2025-10-12 09:32:18.114472,53.1,34.55,262.1,27.41,52.2129154723759
2025-10-12 09:32:19.114472,44.72,47.54,162.25,121.23,52.62627104178524
2025-10-12 09:32:20.114471,89.13,57.51,296.05,73.15,52.60291017046018
2025-10-12 09:32:21.114471,17.61,65.41,245.6,23.96,52.1713961934504
2025-10-12 09:32:22.114470,62.32,92.1,227.13,59.31,52.38080753250712
2025-10-12 09:32:23.114470,39.09,70.98,150.85,88.32,52.396154034557284
2025-10-12 09:32:24.114470,16.02,65.78,50.54,105.3,52.288390683800024
2025-10-12 09:32:25.114469,28.17,90.8,219.89,22.18,52.11794181982691
2025-10-12 09:32:26.114469,63.37,36.69,205.76,145.38,52.87489582921409
2025-10-12 09:32:27.114468,12.4,77.09,162.51,104.72,52.53369330525374
2025-10-12 09:32:28.114468,60.34,28.18,280.29,31.91,52.278692993097856
2025-10-12 09:32:29.114467,91.33,49.34,217.13,55.55,52.31037480535773
2025-10-12 09:32:30.114467,77.58,24.96,294.68,45.43,52.397848235523774
2025-10-12 09:32:31.114466,39.38,56.29,141.2,141.38,52.71922112746017
2025-10-12 09:32:32.114466,21.75,96.11,279.92,44.63,52.40010458921473
2025-10-12 09:32:33.114465,49.53,24.57,94.3,35.03,51.89398451750825
2025-10-12 09:32:34.114465,43.4,72.47,107.98,148.14,52.70103593140054
2025-10-12 09:32:35.114465,92.6,43.81,134.55,107.75,52.474645948147916
2025-10-12 09:32:36.114464,94.14,85.13,170.22,88.65,52.44822896677805
2025-10-12 09:32:37.114464,44.9,64.71,132.61,100.62,52.434741434604526
2025-10-12 09:32:38.114463,22.65,52.12,132.8,95.95,52.397154103545326
2025-10-12 09:32:39.114463,87.4,70.79,94.23,90.42,52.28717888945545
2025-10-12 09:32:40.114462,77.45,70.19,99.61,107.14,52.409488153337406
2025-10-12 09:32:41.114462,53.46,27.36,273.93,137.99,52.968515995919645
2025-10-12 09:32:42.114461,41.06,47.32,164.96,81.88,52.370852884024984
2025-10-12 09:32:43.114461,48.09,78.43,211.06,120.78,52.74633602948634
2025-10-12 09:32:44.114460,86.66,41.37,232.35,19.32,52.09848735430961
2025-10-12 09:32:45.114460,25.69,28.14,137.99,124.0,52.581244578282416
2025-10-12 09:32:46.114460,78.58,41.6,110.24,37.6,51.95508929821689
2025-10-12 09:32:47.114459,11.55,55.65,148.97,74.5,52.29182232236627
2025-10-12 09:32:48.114459,88.25,72.04,90.09,146.49,52.65104232473039
2025-10-12 09:32:49.114458,52.53,35.51,272.14,65.89,52.490625401388236
2025-10-12 09:32:50.114458,29.27,29.73,225.71,39.45,52.21121686578424
2025-10-12 09:32:51.114457,10.24,79.69,125.9,24.71,51.92469122488472
2025-10-12 09:32:52.114457,57.56,89.52,161.74,74.63,52.339224651416515
2025-10-12 09:32:53.114456,30.78,26.53,247.76,108.29,52.71416735194402
2025-10-12 09:32:54.114456,63.66,51.99,179.01,108.98,52.58379296046108
2025-10-12 09:32:55.114455,33.9,40.37,258.08,145.77,52.993012449389234
2025-10-12 09:32:56.114455,17.48,24.98,282.38,48.04,52.388504010065226
2025-10-12 09:32:57.114455,52.93,39.4,127.12,11.41,51.81664961975869
2025-10-12 09:32:58.114454,57.98,84.29,129.45,22.03,51.917162357401324
2025-10-12 09:32:59.114454,48.47,87.48,119.21,118.15,52.534693974889386
2025-10-12 09:33:00.114453,48.93,65.87,164.84,123.4,52.65648826119697
2025-10-12 09:33:01.114453,60.12,98.43,238.07,95.1,52.64560277448106
2025-10-12 09:33:02.114448,54.74,62.77,69.08,107.21,52.339606150440666
2025-10-12 09:33:03.114448,21.27,34.77,138.54,41.14,52.036167587797976
2025-10-12 09:33:04.114447,26.75,87.97,96.87,103.68,52.39047133666863
2025-10-12 09:33:05.114447,22.05,26.75,119.78,46.12,52.024069323955814
2025-10-12 09:33:06.114446,68.93,84.17,265.2,83.1,52.61686806091952
2025-10-12 09:33:07.114446,54.93,45.66,262.54,128.51,52.8910708609682
2025-10-12 09:33:08.114445,46.54,24.06,194.89,80.62,52.414468171552095
2025-10-12 09:33:09.114445,77.86,91.02,280.02,137.68,53.01508114492299
2025-10-12 09:33:10.114444,37.69,20.68,277.06,29.0,52.24820075284675
2025-10-12 09:33:11.114444,58.29,22.5,246.9,108.35,52.71045840218157
2025-10-12 09:33:12.114443,16.32,91.84,290.22,127.49,52.970027847608186
2025-10-12 09:33:13.114443,73.27,76.65,204.13,129.8,52.790182324842846
2025-10-12 09:33:14.114443,69.09,50.17,180.82,123.21,52.68115367308524
2025-10-12 09:33:15.114442,78.2,22.65,219.91,104.12,52.62392577242366
2025-10-12 09:33:16.114442,85.18,56.67,129.34,50.22,52.088661547750334
2025-10-12 09:33:17.114441,74.43,97.18,236.42,146.0,52.97916192529391
2025-10-12 09:33:18.114441,81.78,77.84,74.94,113.57,52.402912270756595
2025-10-12 09:33:19.114440,39.38,90.57,142.99,100.32,52.46965000477393
2025-10-12 09:33:20.114440,39.18,59.26,140.72,16.0,51.887660437534315
2025-10-12 09:33:21.114439,90.27,52.6,217.68,110.97,52.68121472032005
2025-10-12 09:33:22.114439,87.74,88.79,133.48,128.73,52.63659558695555
2025-10-12 09:33:23.114438,56.62,59.28,154.41,146.91,52.78624034898748
2025-10-12 09:33:24.114438,41.16,72.66,136.2,98.45,52.432547877721646
2025-10-12 09:33:25.114438,83.61,87.53,106.82,61.78,52.133709346358245
2025-10-12 09:33:26.114437,37.49,51.09,229.85,65.33,52.403849511907616
2025-10-12 09:33:27.114437,23.06,53.95,63.14,17.37,51.72553012971632
2025-10-12 09:33:28.114436,64.36,77.17,231.87,43.77,52.27964099621407
2025-10-12 09:33:29.114436,13.62,81.78,128.42,149.6,52.760239246077624
2025-10-12 09:33:30.114435,42.22,79.43,53.17,135.93,52.5049858408546
2025-10-12 09:33:31.114435,78.65,52.19,235.81,82.89,52.53393772666885
2025-10-12 09:33:32.114434,35.09,30.25,278.0,14.19,52.15726642618327
2025-10-12 09:33:33.114434,89.16,34.95,266.64,85.09,52.6058186795343
2025-10-12 09:33:34.114433,91.25,97.03,229.83,60.76,52.399030233860856
2025-10-12 09:33:35.114433,79.34,65.1,256.41,43.32,52.323166535860835
2025-10-12 09:33:36.114433,93.95,31.81,108.11,55.58,52.06436007077515
2025-10-12 09:33:37.114432,55.11,66.13,285.39,110.84,52.834740061592335
2025-10-12 09:33:38.114432,58.38,77.09,262.46,133.67,52.9426295629738
2025-10-12 09:33:39.114431,81.07,50.08,290.27,25.09,52.26725652732983
2025-10-12 09:33:40.114431,51.89,80.3,227.29,102.98,52.66443671027853
2025-10-12 09:33:41.114430,44.57,91.13,142.74,86.58,52.37822419624338
2025-10-12 09:33:42.114430,62.25,83.38,94.1,80.49,52.22799328185419
2025-10-12 09:33:43.114429,65.9,27.71,236.53,66.83,52.41528795783983
2025-10-12 09:33:44.114429,73.83,28.21,238.72,18.78,52.10139884748646
2025-10-12 09:33:45.114428,66.8,57.27,67.61,28.22,51.80908594414863
2025-10-12 09:33:46.114428,73.39,52.02,108.78,135.8,52.60949191405803
2025-10-12 09:33:47.114427,67.34,26.89,128.18,145.4,52.70130755057314
2025-10-12 09:33:48.114427,50.84,93.74,269.31,63.02,52.4978313675255
2025-10-12 09:33:49.114427,21.47,93.97,263.65,53.07,52.419642785549684
2025-10-12 09:33:50.114426,76.76,53.43,76.0,116.92,52.413866890446016
2025-10-12 09:33:51.114426,12.62,27.92,208.29,99.43,52.57052545097585
2025-10-12 09:33:52.114425,94.36,81.88,265.15,97.94,52.71398170610509
2025-10-12 09:33:53.114425,80.42,55.72,113.17,134.33,52.611315333452985
2025-10-12 09:33:54.114424,67.03,31.74,297.88,43.36,52.394821634129194
2025-10-12 09:33:55.114424,92.16,59.7,198.8,64.99,52.33903576329669
2025-10-12 09:33:56.114423,62.06,54.84,257.71,40.16,52.299305100812866
2025-10-12 09:33:57.114423,14.8,62.89,92.54,20.46,51.81478029475566
2025-10-12 09:33:58.114423,57.55,82.88,159.94,103.65,52.52423816503424
2025-10-12 09:33:59.114422,33.56,23.37,179.75,58.0,52.23111259688371
2025-10-12 09:34:00.114422,41.41,36.96,143.58,65.27,52.20847308631993
2025-10-12 09:34:01.114421,49.06,83.78,110.04,136.0,52.63122012638229
2025-10-12 09:34:02.114421,75.84,47.61,64.26,35.48,51.84463212828934
2025-10-12 09:34:03.114420,52.75,56.3,225.35,59.51,52.35835890719348
2025-10-12 09:34:04.114420,50.35,95.88,111.04,110.63,52.471734558098646
2025-10-12 09:34:05.114419,35.67,39.51,67.16,38.02,51.863274674709956
2025-10-12 09:34:06.114419,55.89,43.22,171.13,128.97,52.694500291385154
2025-10-12 09:34:07.114418,31.11,52.58,266.77,79.13,52.57635039457057
2025-10-12 09:34:08.114418,32.18,75.6,119.52,86.47,52.318491196017604
2025-10-12 09:34:09.114418,74.37,20.37,183.61,143.81,52.80735385693045
2025-10-12 09:34:10.114417,39.12,61.39,72.6,126.51,52.47457117435766
2025-10-12 09:34:11.114417,14.37,81.49,207.8,127.84,52.78782602695557
2025-10-12 09:34:12.114416,39.21,54.26,197.77,142.45,52.84789276831889
2025-10-12 09:34:13.114416,64.28,81.88,291.36,90.93,52.724303881365316
2025-10-12 09:34:14.114415,79.19,43.6,212.08,46.45,52.23582984965305
2025-10-12 09:34:15.114415,91.76,57.32,95.85,50.93,52.02109645765274
2025-10-12 09:34:16.114414,73.43,60.57,52.31,15.85,51.695634211344924
2025-10-12 09:34:17.114414,46.45,80.41,287.56,137.64,53.02526748819129
2025-10-12 09:34:18.114413,35.43,44.61,174.02,98.0,52.495987892730454
2025-10-12 09:34:19.114413,21.02,22.83,237.68,95.74,52.60694894175267
2025-10-12 09:34:20.114413,63.35,86.83,188.16,114.52,52.65979042753884
2025-10-12 09:34:21.114412,53.34,42.49,159.03,23.64,51.96875358917493
2025-10-12 09:34:22.114412,67.6,60.5,241.91,84.9,52.565132055061156
2025-10-12 09:34:23.114411,30.16,79.85,122.03,46.04,52.05795769861662
2025-10-12 09:34:24.114411,37.51,38.0,263.24,116.13,52.80615944306726
2025-10-12 09:34:25.114410,34.83,25.89,76.93,101.28,52.296757973847
2025-10-12 09:34:26.114410,77.8,80.62,198.6,42.48,52.2008363071264
2025-10-12 09:34:27.114409,24.55,77.52,76.25,108.23,52.37013298649601
2025-10-12 09:34:28.114409,61.72,92.38,59.52,37.47,51.872464421913264
2025-10-12 09:34:29.114408,14.37,83.39,157.34,65.17,52.263483186595536
2025-10-12 09:34:30.114408,56.71,90.45,113.3,34.25,51.966666666532184
2025-10-12 09:34:31.114407,15.43,26.07,178.58,32.8,52.06281951621925
2025-10-12 09:34:32.114407,24.95,27.09,253.49,111.39,52.74748243374448
2025-10-12 09:34:33.114407,19.61,49.6,137.15,54.26,52.12848255588915
2025-10-12 09:34:34.114406,39.47,50.95,82.61,24.05,51.81042773937371
2025-10-12 09:34:35.114406,39.22,34.61,78.65,144.15,52.58987612911201
2025-10-12 09:34:36.114405,80.25,43.57,148.42,138.69,52.709951047490605
2025-10-12 09:34:37.114405,29.18,98.31,91.8,12.37,51.779184217984984
2025-10-12 09:34:38.114404,17.34,84.37,159.3,118.27,52.62071471640224
2025-10-12 09:34:39.114404,61.3,41.55,221.45,24.89,52.11191480897623
2025-10-12 09:34:40.114403,68.43,68.24,115.45,42.71,52.0151253940847
2025-10-12 09:34:41.114403,35.06,27.06,118.4,84.86,52.278373599271596
2025-10-12 09:34:42.114402,61.24,41.3,191.48,64.02,52.30648497152327
2025-10-12 09:34:43.114402,75.96,45.5,149.65,117.89,52.57563883693537
2025-10-12 09:34:44.114401,39.54,71.48,261.18,79.25,52.57553620264964
2025-10-12 09:34:45.114401,54.66,83.94,108.83,117.31,52.50463545580515
2025-10-12 09:34:46.114401,22.46,64.43,256.83,147.03,53.01204849983516
2025-10-12 09:34:47.114400,12.01,21.49,165.8,91.18,52.420031715263804
2025-10-12 09:34:48.114400,93.42,21.32,286.16,108.14,52.79356226163705
2025-10-12 09:34:49.114399,35.48,51.42,82.88,23.43,51.807159759007845
2025-10-12 09:34:50.114399,33.71,38.16,97.41,95.26,52.30804844025362
2025-10-12 09:34:51.114398,92.73,72.32,217.66,67.67,52.40475080159941
2025-10-12 09:34:52.114398,71.9,39.07,102.8,67.1,52.13334199111976
2025-10-12 09:34:53.114397,59.75,80.01,170.53,54.23,52.217600807373984
2025-10-12 09:34:54.114397,69.44,77.47,72.03,12.44,51.725174974221545
2025-10-12 09:34:55.114396,70.34,32.18,196.65,99.21,52.54618816515754
2025-10-12 09:34:56.114396,74.88,75.79,241.71,120.99,52.81274041921135
2025-10-12 09:34:57.114395,15.71,59.42,176.59,46.79,52.16991000170137
2025-10-12 09:34:58.114395,45.09,52.52,240.69,69.26,52.45424092223357
2025-10-12 09:34:59.114395,35.09,31.95,143.15,131.93,52.64718895589571
2025-10-12 09:35:00.114394,16.0,32.86,200.54,116.95,52.67274764688925
2025-10-12 09:35:01.114394,45.07,82.34,286.16,26.25,52.283987180653405
2025-10-12 09:35:02.114393,62.37,67.78,164.13,101.74,52.512249116983575
2025-10-12 09:35:03.114393,25.17,59.64,224.49,57.25,52.34335153829302
2025-10-12 09:35:04.114392,35.93,90.37,71.23,135.36,52.54646023389856
2025-10-12 09:35:05.114392,64.33,74.84,175.29,149.08,52.85458725426566
2025-10-12 09:35:06.114391,59.24,25.24,98.86,125.76,52.506440666799605
2025-10-12 09:35:07.114391,83.85,60.14,73.87,29.88,51.83527805718047
2025-10-12 09:35:08.114390,77.25,50.52,90.58,26.07,51.84088243030139
2025-10-12 09:35:09.114390,92.08,55.39,99.6,27.97,51.875766436966146
2025-10-12 09:35:10.114390,60.76,41.89,205.02,66.55,52.35297326194927
2025-10-12 09:35:11.114389,69.37,41.26,270.39,55.9,52.42372277388001
2025-10-12 09:35:12.114389,83.14,28.31,84.12,95.09,52.27261490804577
2025-10-12 09:35:13.114388,81.4,23.57,246.77,115.57,52.758692231212294
2025-10-12 09:35:14.114388,71.09,91.48,238.0,58.77,52.400455340957556
2025-10-12 09:35:15.114387,52.52,85.87,200.06,44.48,52.22019794722231
2025-10-12 09:35:16.114387,33.22,26.35,176.08,108.68,52.56118334637651
2025-10-12 09:35:17.114386,84.56,41.43,203.16,65.12,52.339191875395244
2025-10-12 09:35:18.114386,76.02,49.09,244.04,119.04,52.78999858652626
2025-10-12 09:35:19.114385,81.22,85.7,196.1,141.45,52.85512322340491
2025-10-12 09:35:20.114385,21.97,55.08,141.82,66.92,52.22568708523157
2025-10-12 09:35:21.114384,36.76,91.89,185.29,96.77,52.53857005270874
2025-10-12 09:35:22.114384,46.12,22.87,107.12,111.86,52.430780975906615
2025-10-12 09:35:23.114384,81.26,22.42,95.46,59.41,52.05711936783317
2025-10-12 09:35:24.114383,85.9,97.92,157.49,69.45,52.300298671559474
2025-10-12 09:35:25.114383,34.22,54.14,229.87,133.59,52.85864465727636
2025-10-12 09:35:26.114382,68.35,54.1,119.51,97.1,52.377062615551495
2025-10-12 09:35:27.114382,16.61,71.44,151.05,76.6,52.31905577517699
2025-10-12 09:35:28.114381,44.81,23.28,178.67,68.73,52.2999371584079
2025-10-12 09:35:29.114381,51.37,40.86,163.8,89.65,52.41631423864334
2025-10-12 09:35:30.114380,75.08,97.23,65.62,101.07,52.31051894531669
2025-10-12 09:35:31.114380,85.82,90.39,251.24,25.77,52.20953875363128
2025-10-12 09:35:32.114379,38.67,86.07,235.88,38.57,52.258776181332664
2025-10-12 09:35:33.114379,54.86,25.24,197.35,119.7,52.67984194611416
2025-10-12 09:35:34.114379,65.03,87.87,264.16,29.67,52.26204516670772
2025-10-12 09:35:35.114378,37.94,55.34,193.68,138.29,52.81201170259849
2025-10-12 09:35:36.114378,93.77,34.34,144.54,85.41,52.34277096769668
2025-10-12 09:35:37.114377,84.44,93.91,270.42,74.07,52.573674531189425
2025-10-12 09:35:38.114377,35.19,82.62,171.46,25.78,52.03224162471961
2025-10-12 09:35:39.114376,53.18,89.74,107.51,148.78,52.71387149464376
2025-10-12 09:35:40.114376,29.62,97.39,294.16,28.44,52.324246677303535
2025-10-12 09:35:41.114375,53.73,64.67,67.24,33.52,51.84757713349715
2025-10-12 09:35:42.114375,68.08,57.06,76.04,73.37,52.12692305968198
2025-10-12 09:35:43.114374,17.27,27.92,100.51,17.61,51.793697481877885
2025-10-12 09:35:44.114374,83.96,23.84,88.02,55.52,52.01595340686913
2025-10-12 09:35:45.114373,60.47,93.19,298.28,116.68,52.91651270928349
2025-10-12 09:35:46.114373,94.12,97.43,214.3,86.02,52.53322411294815
2025-10-12 09:35:47.114372,12.18,63.18,140.79,114.76,52.545482517529194
2025-10-12 09:35:48.114372,80.68,58.96,87.26,58.85,52.0559438533381
2025-10-12 09:35:49.114371,77.32,27.64,243.81,33.47,52.2096222863118
2025-10-12 09:35:50.114371,21.29,53.46,221.05,10.08,52.01937577630732
2025-10-12 09:35:51.114371,38.5,94.7,95.79,114.31,52.46242609552155
2025-10-12 09:35:52.114370,85.21,71.69,185.2,59.53,52.27996851039857
2025-10-12 09:35:53.114370,54.07,25.73,293.47,101.43,52.76733515348858
2025-10-12 09:35:54.114369,44.11,57.68,216.14,72.25,52.42370818999484
2025-10-12 09:35:55.114369,86.97,60.37,231.23,54.56,52.34052248707539
2025-10-12 09:35:56.114368,17.93,88.41,131.64,51.99,52.12305477128632
2025-10-12 09:35:57.114368,50.22,81.0,84.02,56.27,52.044053088259965
2025-10-12 09:35:58.114367,65.45,95.31,172.35,27.25,52.05098805119685
2025-10-12 09:35:59.114367,61.73,86.39,212.96,100.32,52.61908812724968
2025-10-12 09:36:00.114366,32.46,93.98,202.56,148.36,52.91960396096987
2025-10-12 09:36:01.114366,57.88,35.81,273.05,145.19,53.01909578814126
2025-10-12 09:36:02.114365,70.23,94.63,238.06,44.32,52.30643030424414
2025-10-12 09:36:03.114365,59.72,71.7,86.61,123.74,52.49230890637562
2025-10-12 09:36:04.114365,68.18,79.31,238.3,41.18,52.27758765424292
2025-10-12 09:36:05.114364,31.77,82.33,59.76,20.28,51.75330081609976
2025-10-12 09:36:06.114363,80.79,33.65,209.1,34.62,52.14531313866379
2025-10-12 09:36:07.114363,48.22,77.91,105.21,113.43,52.467676983212996
2025-10-12 09:36:08.114363,93.91,37.45,276.12,34.52,52.29212827153059
2025-10-12 09:36:09.114362,11.98,86.2,254.1,107.36,52.754940075031215
2025-10-12 09:36:10.114362,42.33,95.53,118.18,96.62,52.39403923109137
2025-10-12 09:36:11.114361,25.34,44.72,58.13,124.86,52.422961278790495
2025-10-12 09:36:12.114361,57.23,26.7,167.48,26.6,51.99794369731867
2025-10-12 09:36:13.114360,30.67,90.69,115.57,64.84,52.17475561671459
2025-10-12 09:36:14.114360,72.69,42.69,282.92,106.55,52.7878696054785
2025-10-12 09:36:15.114359,84.96,52.16,55.75,111.55,52.33359683538043
2025-10-12 09:36:16.114359,27.93,20.39,252.64,13.76,52.09392208916972
2025-10-12 09:36:17.114358,23.66,33.57,155.19,125.68,52.63272216979506
2025-10-12 09:36:18.114358,84.41,95.21,248.97,45.54,52.33851389008099
2025-10-12 09:36:19.114357,40.71,92.25,286.32,78.84,52.63889727351636
2025-10-12 09:36:20.114357,46.94,33.82,288.49,125.01,52.9175391565706
2025-10-12 09:36:21.114356,28.78,63.9,234.44,137.51,52.900004119558844
2025-10-12 09:36:22.114356,46.15,20.86,179.17,38.47,52.09883383539048
2025-10-12 09:36:23.114355,29.66,57.26,127.07,129.8,52.61225432293649
2025-10-12 09:36:24.114355,66.6,30.24,180.23,33.0,52.07004551124171
2025-10-12 09:36:25.114354,52.4,49.08,78.86,126.98,52.48442049784678
2025-10-12 09:36:26.114354,76.99,25.31,277.29,43.42,52.34698363556071
2025-10-12 09:36:27.114353,36.58,34.35,225.93,27.11,52.13236110191829
2025-10-12 09:36:28.114353,52.98,70.34,139.8,50.03,52.117692518395934
2025-10-12 09:36:29.114352,32.06,80.72,208.45,73.92,52.430929850951046
2025-10-12 09:36:30.114352,89.43,37.44,184.6,139.74,52.79198367198886
2025-10-12 09:36:31.114352,54.36,60.09,122.59,110.08,52.47322608146445
2025-10-12 09:36:32.114351,24.74,73.43,52.88,148.27,52.58292209213224
2025-10-12 09:36:33.114351,33.19,51.67,124.31,15.96,51.84757974976492
2025-10-12 09:36:34.114350,17.05,47.0,61.23,60.91,52.0065047065281
2025-10-12 09:36:35.114350,12.36,28.19,65.49,56.18,51.973886744842474
2025-10-12 09:36:36.114349,54.7,87.29,266.85,83.93,52.62769138264085
2025-10-12 09:36:37.114349,38.66,83.92,121.0,62.45,52.16690416661588
2025-10-12 09:36:38.114348,91.92,27.34,77.84,79.47,52.154781100563085
2025-10-12 09:36:39.114348,24.56,34.95,298.0,61.49,52.51719999456917
2025-10-12 09:36:40.114347,77.48,24.34,163.73,25.4,51.9805325403467
2025-10-12 09:36:41.114347,36.86,56.96,274.94,77.1,52.58303400149298
2025-10-12 09:36:42.114346,29.0,42.98,64.9,75.59,52.109662613664774
2025-10-12 09:36:43.114345,92.42,72.25,138.27,90.31,52.38278279895151
2025-10-12 09:36:44.114345,78.22,44.56,149.63,25.34,51.96079995233972
2025-10-12 09:36:45.114344,63.6,53.54,292.3,104.75,52.80230344627808
2025-10-12 09:36:46.114344,69.26,76.4,283.97,112.59,52.84898833426399
2025-10-12 09:36:47.114343,94.27,72.87,264.36,41.97,52.33577209418717
2025-10-12 09:36:48.114343,60.42,21.76,234.5,105.65,52.66523097983222
2025-10-12 09:36:49.114342,18.66,20.09,63.17,54.21,51.95127346460007
2025-10-12 09:36:50.114342,15.51,78.33,172.83,40.78,52.1323845852834
2025-10-12 09:36:51.114342,66.66,42.96,258.06,71.83,52.503655516113255
2025-10-12 09:36:52.114341,65.9,97.09,64.09,106.69,52.34442357478966
2025-10-12 09:36:53.114341,73.59,86.74,208.52,146.83,52.91834860134567
2025-10-12 09:36:54.114340,19.25,91.13,93.7,20.42,51.83274053120084
2025-10-12 09:36:55.114340,90.32,58.23,154.21,102.8,52.49245568261512
2025-10-12 09:36:56.114339,56.85,86.19,210.39,25.13,52.114351745448936
2025-10-12 09:36:57.114339,65.21,38.35,169.02,83.37,52.38455841383104
2025-10-12 09:36:58.114338,12.96,20.14,100.25,37.13,51.9183636763261
2025-10-12 09:36:59.114338,91.68,80.9,218.87,22.5,52.11234606588631
2025-10-12 09:37:00.114337,57.82,78.96,283.58,34.03,52.32814833964346
2025-10-12 09:37:01.114337,57.89,90.07,58.55,57.61,52.00274862553677
2025-10-12 09:37:02.114336,90.2,96.22,176.94,126.12,52.71766956435347
2025-10-12 09:37:03.114336,88.99,33.7,180.42,123.8,52.67503988520198
2025-10-12 09:37:04.114335,28.73,58.2,174.99,18.37,51.97713181782167
2025-10-12 09:37:05.114335,89.14,86.07,114.26,44.98,52.03752944801978
2025-10-12 09:37:06.114334,72.61,86.63,160.79,136.13,52.74374405601203
2025-10-12 09:37:07.114334,11.61,95.13,127.49,123.12,52.58989562653309
2025-10-12 09:37:08.114334,30.39,72.64,202.3,71.37,52.39617093455858
2025-10-12 09:37:09.114333,45.1,55.57,233.78,45.47,52.28305105528209
2025-10-12 09:37:10.114333,59.54,94.38,166.96,22.49,52.007186846593584
2025-10-12 09:37:11.114332,69.61,32.54,83.63,137.43,52.554924151582675
2025-10-12 09:37:12.114332,27.87,92.58,279.42,104.62,52.79522183914419
2025-10-12 09:37:13.114331,81.12,91.07,270.7,23.69,52.238319984660805
2025-10-12 09:37:14.114331,81.89,21.76,94.96,106.24,52.3664876645822
2025-10-12 09:37:15.114330,63.97,82.54,58.09,54.61,51.97765041924132
2025-10-12 09:37:16.114330,88.29,77.02,79.62,87.37,52.23871236657693
2025-10-12 09:37:17.114329,79.1,83.96,121.56,70.09,52.21884923198812
2025-10-12 09:37:18.114329,28.84,39.49,244.17,58.7,52.38445167083442
2025-10-12 09:37:19.114328,77.89,72.65,119.42,117.63,52.52344829536509
2025-10-12 09:37:20.114328,91.02,56.18,193.35,62.71,52.310123870336206
2025-10-12 09:37:21.114327,21.7,57.4,254.36,106.6,52.73443850642896
2025-10-12 09:37:22.114327,93.19,95.46,243.79,22.73,52.17602318919563
2025-10-12 09:37:23.114327,12.12,91.11,245.07,73.95,52.51633684236956
2025-10-12 09:37:24.114326,54.38,64.26,244.52,87.51,52.59020783436174
2025-10-12 09:37:25.114326,75.78,47.43,208.86,20.99,52.061993302686005
2025-10-12 09:37:26.114325,77.19,92.03,125.85,82.85,52.317334067609565
2025-10-12 09:37:27.114325,72.45,91.86,68.29,130.01,52.50540330899765
2025-10-12 09:37:28.114324,54.99,43.88,232.55,63.38,52.392752348346086
2025-10-12 09:37:29.114324,65.33,77.83,242.97,95.59,52.64802336365274
2025-10-12 09:37:30.114323,69.49,80.11,65.44,63.43,52.050780697995926
2025-10-12 09:37:31.114323,52.04,71.54,145.06,11.95,51.877024431937784
2025-10-12 09:37:32.114322,60.63,90.03,167.46,94.79,52.485720810979316
2025-10-12 09:37:33.114322,81.94,42.49,184.94,21.99,52.0140004472316
2025-10-12 09:37:34.114321,36.59,52.53,269.36,38.68,52.31346561238018
2025-10-12 09:37:35.114321,54.47,63.68,105.03,127.04,52.549702772504965
2025-10-12 09:37:36.114321,10.72,48.98,235.19,54.39,52.341647143251166
2025-10-12 09:37:37.114320,68.43,27.45,142.43,18.47,51.89006759295305
2025-10-12 09:37:38.114320,26.61,65.2,129.91,135.77,52.662455253474555
2025-10-12 09:37:39.114319,50.89,26.48,242.97,31.22,52.19222135125951
2025-10-12 09:37:40.114319,27.87,97.34,50.87,111.59,52.34841101776276
2025-10-12 09:37:41.114318,12.0,79.06,192.78,36.49,52.147588224877424
2025-10-12 09:37:42.114318,51.07,65.54,53.45,11.7,51.67332725428397
2025-10-12 09:37:43.114317,46.11,28.17,160.59,149.33,52.798400383474096
2025-10-12 09:37:44.114317,46.14,55.19,219.92,67.58,52.3995260492812
2025-10-12 09:37:45.114316,27.75,73.39,143.16,106.5,52.50147949841812
2025-10-12 09:37:46.114316,90.51,98.11,243.68,52.4,52.37418441490405
2025-10-12 09:37:47.114315,10.3,28.91,251.6,96.24,52.64384198152559
2025-10-12 09:37:48.114315,85.78,35.75,155.09,21.34,51.94119284694311
2025-10-12 09:37:49.114314,72.64,51.66,210.97,23.81,52.08763986174326
2025-10-12 09:37:50.114314,24.63,42.27,96.14,111.11,52.412779774757965
2025-10-12 09:37:51.114313,50.14,32.75,191.34,134.74,52.77080758842808
2025-10-12 09:37:52.114313,94.05,67.12,71.5,74.25,52.1285129364449
2025-10-12 09:37:53.114313,64.71,76.85,199.95,117.58,52.70012070490768
2025-10-12 09:37:54.114312,20.83,34.36,222.95,139.26,52.870264761427784
2025-10-12 09:37:55.114312,48.9,72.96,111.02,101.47,52.39814422182463
2025-10-12 09:37:56.114311,49.8,66.6,179.22,81.9,52.41264058712579
2025-10-12 09:37:57.114311,78.19,81.64,59.7,87.77,52.20073126628662
2025-10-12 09:37:58.114310,87.87,38.67,126.24,82.93,52.28902716008637
2025-10-12 09:37:59.114310,16.99,83.99,215.45,123.8,52.77899516841785
2025-10-12 09:38:00.114309,36.69,74.88,112.13,18.82,51.8530555315084
2025-10-12 09:38:01.114309,35.37,40.32,228.1,141.21,52.897693040280636
2025-10-12 09:38:02.114308,94.66,43.1,84.25,56.22,52.02313659556151
2025-10-12 09:38:03.114308,57.53,72.6,131.17,97.74,52.41689212831143
2025-10-12 09:38:04.114307,84.79,80.06,189.61,83.79,52.45520827771009
2025-10-12 09:38:05.114307,46.21,28.64,90.74,25.96,51.82832768826891
2025-10-12 09:38:06.114306,71.43,86.09,203.05,13.38,52.02038874819821
2025-10-12 09:38:07.114306,34.36,29.96,110.46,87.89,52.28287586622133
2025-10-12 09:38:08.114306,87.5,27.24,181.64,36.78,52.096523497444565
2025-10-12 09:38:09.114305,48.69,60.63,73.52,140.71,52.57039205058384
2025-10-12 09:38:10.114305,78.32,40.87,285.75,106.22,52.79080508669667
2025-10-12 09:38:11.114304,31.74,43.17,175.29,23.96,52.006523361959424
2025-10-12 09:38:12.114304,68.96,82.07,201.84,125.08,52.75690290092021
2025-10-12 09:38:13.114303,44.44,50.47,63.37,23.66,51.765841065392756
2025-10-12 09:38:14.114303,12.67,39.18,171.92,120.51,52.63781567411542
2025-10-12 09:38:15.114302,45.11,38.77,169.64,123.38,52.65169107867243
2025-10-12 09:38:16.114302,56.75,70.43,152.41,81.23,52.352173952685504
2025-10-12 09:38:17.114301,22.9,45.54,123.65,112.41,52.48289580734353
2025-10-12 09:38:18.114301,25.63,83.26,64.0,21.11,51.76852351088929
2025-10-12 09:38:19.114300,49.51,78.99,279.12,95.46,52.72621440090343
2025-10-12 09:38:20.114300,39.13,90.5,147.37,49.52,52.14194157848289
2025-10-12 09:38:21.114299,47.46,63.24,272.55,12.28,52.15112054702392
2025-10-12 09:38:22.114299,49.17,36.62,116.93,29.14,51.91067873891499
2025-10-12 09:38:23.114299,21.91,73.09,149.11,48.6,52.12992432177222
2025-10-12 09:38:24.114298,25.4,32.5,252.02,71.7,52.48387322737809
2025-10-12 09:38:25.114298,82.09,93.48,138.59,33.1,52.015572923698215
2025-10-12 09:38:26.114297,23.83,47.16,150.34,137.46,52.70794882505056
2025-10-12 09:38:27.114297,66.6,87.31,279.63,51.9,52.44283263139789
2025-10-12 09:38:28.114296,45.57,35.49,92.69,58.18,52.05021829211272
2025-10-12 09:38:29.114296,92.3,35.01,201.83,10.97,51.973331512172436
2025-10-12 09:38:30.114295,15.62,48.5,80.63,99.59,52.30614411194945
2025-10-12 09:38:31.114295,80.58,42.78,135.08,114.4,52.51935988573732
2025-10-12 09:38:32.114294,51.77,71.49,89.24,139.57,52.602963328148974
2025-10-12 09:38:33.114294,10.45,42.64,127.75,144.49,52.70309665239513
2025-10-12 09:38:34.114293,32.41,91.55,289.65,22.59,52.27238823122383
2025-10-12 09:38:35.114293,44.65,49.1,236.7,133.38,52.86926125330864
2025-10-12 09:38:36.114292,36.71,52.2,180.45,123.55,52.683737072469064
2025-10-12 09:38:37.114292,40.81,45.16,198.17,66.83,52.341793251849836
2025-10-12 09:38:38.114292,87.92,96.07,261.98,108.75,52.78674793978487
2025-10-12 09:38:39.114291,40.68,92.77,242.43,112.99,52.77065035919249
2025-10-12 09:38:40.114291,45.6,50.26,64.86,24.69,51.77579233487553
2025-10-12 09:38:41.114290,74.7,98.29,238.16,57.33,52.39503316783246
2025-10-12 09:38:42.114290,77.48,75.93,288.73,107.69,52.82652894866109
2025-10-12 09:38:43.114289,17.15,73.05,192.79,106.31,52.60767569495121
2025-10-12 09:38:44.114289,69.85,80.75,153.04,129.07,52.676804859374414
2025-10-12 09:38:45.114288,51.02,64.08,232.42,37.11,52.22934832881914
2025-10-12 09:38:46.114288,21.38,24.58,68.18,24.82,51.76957057952096
2025-10-12 09:38:47.114287,32.5,98.6,135.06,111.19,52.52906336878755
2025-10-12 09:38:48.114287,13.83,51.79,292.59,92.79,52.722578060530985
2025-10-12 09:38:49.114286,40.62,37.63,172.73,16.41,51.94777807678743
2025-10-12 09:38:50.114286,31.71,82.93,73.03,45.81,51.951864578100775
2025-10-12 09:38:51.114285,42.48,95.36,151.08,40.58,52.093355529972584
2025-10-12 09:38:52.114285,59.33,70.85,190.06,42.62,52.1778074573698
2025-10-12 09:38:53.114285,72.25,70.9,98.53,144.06,52.652585940648976
2025-10-12 09:38:54.114284,61.45,38.66,179.8,43.62,52.144283869023326
2025-10-12 09:38:55.114284,67.66,36.73,99.74,142.1,52.623192972689786
2025-10-12 09:38:56.114283,83.58,86.18,175.83,126.48,52.71206620923513
2025-10-12 09:38:57.114283,84.28,35.96,222.53,111.59,52.6865926157563
2025-10-12 09:38:58.114282,83.16,94.4,204.21,123.35,52.75742011952269
2025-10-12 09:38:59.114282,23.02,57.68,120.52,126.58,52.576909382071
2025-10-12 09:39:00.114281,31.34,29.22,103.69,11.66,51.76182669158474
2025-10-12 09:39:01.114281,52.7,56.13,107.3,101.88,52.38343446439255
2025-10-12 09:39:02.114280,40.49,43.8,80.51,78.76,52.165016443090146
2025-10-12 09:39:03.114280,21.19,51.45,186.56,75.07,52.37480099711139
2025-10-12 09:39:04.114279,34.46,34.0,184.08,95.06,52.492392190315705
2025-10-12 09:39:05.114279,92.91,49.24,156.42,87.77,52.39249098055288
2025-10-12 09:39:06.114278,39.49,22.95,155.16,49.2,52.1191364379896
2025-10-12 09:39:07.114278,45.61,72.5,209.73,136.56,52.84488744156518
2025-10-12 09:39:08.114278,10.54,32.68,65.0,18.53,51.72543123006624
2025-10-12 09:39:09.114277,71.15,84.3,256.11,11.46,52.12173556548785
2025-10-12 09:39:10.114277,45.15,46.07,257.67,13.08,52.114604356703154
2025-10-12 09:39:11.114276,18.77,64.93,75.54,121.06,52.44674452368004
2025-10-12 09:39:12.114276,92.33,38.03,237.04,91.0,52.58255613221862
2025-10-12 09:39:13.114275,76.08,68.65,248.35,32.45,52.23551307630757
2025-10-12 09:39:14.114275,71.72,25.05,263.97,107.96,52.746312905208214
2025-10-12 09:39:15.114274,91.42,58.41,233.5,75.85,52.48566166020638
2025-10-12 09:39:16.114274,44.64,70.99,148.42,73.29,52.291131907586326
2025-10-12 09:39:17.114273,71.08,80.3,241.28,47.13,52.3240932627276
2025-10-12 09:39:18.114273,27.53,29.49,115.78,95.11,52.34207393719722
2025-10-12 09:39:19.114272,69.26,50.55,138.44,148.56,52.75769670101328
2025-10-12 09:39:20.114272,11.2,36.61,66.99,146.81,52.58335336953984
2025-10-12 09:39:21.114271,20.74,77.86,133.29,119.7,52.570169310874405
2025-10-12 09:39:22.114271,46.15,46.04,70.61,51.66,51.964921610868345
2025-10-12 09:39:23.114271,11.03,44.85,295.42,138.09,53.025520625277764
2025-10-12 09:39:24.114270,49.27,48.91,268.49,25.11,52.21949805668573
2025-10-12 09:39:25.114270,54.44,84.4,62.04,87.38,52.20475353732775
2025-10-12 09:39:26.114269,62.84,73.64,205.66,141.75,52.871140925684266
2025-10-12 09:39:27.114269,18.53,72.41,79.95,137.84,52.571842956221175
2025-10-12 09:39:28.114268,25.39,81.36,175.86,40.5,52.13878374223802
2025-10-12 09:39:29.114268,62.13,63.9,207.3,126.5,52.76806250289721
2025-10-12 09:39:30.114267,65.95,66.89,94.55,98.1,52.33667709415478
2025-10-12 09:39:31.114267,12.2,80.11,134.17,10.67,51.84967607315519
2025-10-12 09:39:32.114266,55.93,62.68,120.66,19.71,51.87067725120311
2025-10-12 09:39:33.114266,76.72,47.02,110.73,10.04,51.77624605324473
2025-10-12 09:39:34.114265,15.87,90.06,247.74,116.39,52.8032265516186
2025-10-12 09:39:35.114265,45.12,98.39,177.22,44.62,52.17855247171991
2025-10-12 09:39:36.114265,37.75,36.72,175.26,42.73,52.12745039310663
2025-10-12 09:39:37.114264,87.66,21.88,101.19,37.41,51.9232288808175
2025-10-12 09:39:38.114264,25.79,48.4,159.96,74.03,52.308506790632904
2025-10-12 09:39:39.114263,37.06,76.81,282.18,64.25,52.524491835926796
2025-10-12 09:39:40.114263,86.37,71.92,75.33,79.58,52.174866590121454
2025-10-12 09:39:41.114262,38.11,46.59,182.98,26.67,52.043092132248624
2025-10-12 09:39:42.114262,55.16,83.93,186.45,87.49,52.475064788025676
2025-10-12 09:39:43.114261,12.81,91.26,158.24,76.34,52.34395078314052
2025-10-12 09:39:44.114261,93.72,44.07,198.39,52.94,52.24947340050372
2025-10-12 09:39:45.114260,80.12,21.45,274.99,17.56,52.16820977820167
2025-10-12 09:39:46.114260,63.92,94.49,213.83,24.54,52.12251431566326
2025-10-12 09:39:47.114259,15.16,89.51,149.88,44.87,52.11597201823191
2025-10-12 09:39:48.114259,16.36,50.33,105.48,82.5,52.24763154572691
2025-10-12 09:39:49.114258,56.32,51.6,202.32,101.24,52.58276298996868
2025-10-12 09:39:50.114258,34.23,77.2,93.79,76.3,52.196073153117915
2025-10-12 09:39:51.114257,62.94,49.22,79.09,125.05,52.472187453534545
2025-10-12 09:39:52.114257,60.85,51.53,279.37,139.64,53.004712211680626
2025-10-12 09:39:53.114256,81.29,28.47,155.66,105.0,52.49364726069145
2025-10-12 09:39:54.114256,33.92,49.87,202.12,18.91,52.03492637207242
2025-10-12 09:39:55.114255,59.12,62.07,289.22,135.39,53.0037318887598
2025-10-12 09:39:56.114255,76.08,75.79,74.93,62.73,52.06431508113098
2025-10-12 09:39:57.114255,51.72,27.3,103.78,148.51,52.669254237862766
2025-10-12 09:39:58.114254,80.6,83.89,242.74,29.69,52.21350434550185
2025-10-12 09:39:59.114254,21.16,80.99,128.99,56.79,52.145037831486135
2025-10-12 09:40:00.114253,72.38,97.68,264.84,119.97,52.86831620100968
2025-10-12 09:40:01.114253,90.15,30.57,271.1,31.74,52.2589612969127
2025-10-12 09:40:02.114252,38.21,41.33,241.38,85.42,52.556769705560036
2025-10-12 09:40:03.114252,41.14,75.02,140.68,87.82,52.37302434754822
2025-10-12 09:40:04.114251,17.1,40.22,154.07,58.31,52.18684429382498
2025-10-12 09:40:05.114251,64.53,66.21,207.26,88.33,52.51591896762056
2025-10-12 09:40:06.114250,56.96,30.69,132.41,35.21,51.98124349612716
2025-10-12 09:40:07.114250,13.43,46.78,250.15,102.26,52.69059384181126
2025-10-12 09:40:08.114250,73.94,31.53,201.7,126.68,52.739103720101916
2025-10-12 09:40:09.114249,80.49,84.59,162.22,66.36,52.282633617643015
2025-10-12 09:40:10.114249,87.11,27.13,276.63,58.94,52.449573861361486
2025-10-12 09:40:11.114248,56.39,43.3,252.99,40.78,52.28676296527707
2025-10-12 09:40:12.114248,48.47,67.84,142.47,93.39,52.40988182436885
2025-10-12 09:40:13.114247,84.47,80.57,219.69,142.96,52.913457811917965
2025-10-12 09:40:14.114247,43.89,74.52,80.07,146.49,52.630688766237995
2025-10-12 09:40:15.114246,65.71,85.41,112.13,115.2,52.49860634950095
2025-10-12 09:40:16.114246,62.31,51.11,165.57,48.98,52.15592052676824
2025-10-12 09:40:17.114245,41.63,34.96,152.14,127.99,52.64221195761026
2025-10-12 09:40:18.114245,17.39,91.66,258.2,83.69,52.60976779084128
2025-10-12 09:40:19.114244,11.82,91.11,82.46,118.67,52.460454700003794
2025-10-12 09:40:20.114244,46.4,93.51,241.15,137.34,52.929901472288
2025-10-12 09:40:21.114244,50.9,74.1,192.61,67.52,52.350412511539176
2025-10-12 09:40:22.114243,79.93,41.15,280.4,78.28,52.593913527227436
2025-10-12 09:40:23.114243,45.22,70.23,120.85,94.57,52.37214994134114
2025-10-12 09:40:24.114242,33.9,81.71,290.32,86.57,52.69301539466386
2025-10-12 09:40:25.114242,49.28,86.24,162.63,117.11,52.62127853380785
2025-10-12 09:40:26.114241,30.23,89.47,94.99,64.54,52.12744820257787
2025-10-12 09:40:27.114241,17.77,41.09,265.41,139.29,52.9663025556313
2025-10-12 09:40:28.114240,19.61,40.01,231.18,64.51,52.39512802726979
2025-10-12 09:40:29.114240,37.13,95.11,187.7,79.23,52.42917211701748
2025-10-12 09:40:30.114239,11.08,53.43,115.06,78.39,52.2428559876136
2025-10-12 09:40:31.114239,28.72,54.01,233.11,46.82,52.289690238937325
2025-10-12 09:40:32.114238,76.94,81.35,85.04,105.7,52.374536800504245
2025-10-12 09:40:33.114238,29.94,30.96,271.45,65.44,52.483610935195145
2025-10-12 09:40:34.114237,19.41,46.32,275.14,28.21,52.253056276331975
2025-10-12 09:40:35.114237,90.67,58.44,252.7,11.91,52.102940355107265
2025-10-12 09:40:36.114237,62.91,21.07,277.43,128.8,52.91161249770172
2025-10-12 09:40:37.114236,15.1,76.59,125.96,130.59,52.62584328270474
2025-10-12 09:40:38.114236,15.29,50.66,227.39,11.58,52.04152527579426
2025-10-12 09:40:39.114235,62.03,64.1,105.64,35.39,51.942960379979965
2025-10-12 09:40:40.114235,55.91,79.56,63.27,134.32,52.516278954590646
2025-10-12 09:40:41.114234,15.81,84.65,214.55,22.05,52.10207543810691
2025-10-12 09:40:42.114234,29.07,95.28,151.09,123.74,52.64528202552284
2025-10-12 09:40:43.114233,88.97,62.3,185.05,105.81,52.581589054908434
2025-10-12 09:40:44.114233,58.62,84.54,190.47,48.1,52.22268422727372
2025-10-12 09:40:45.114232,47.43,64.92,285.41,111.26,52.83689794962329
2025-10-12 09:40:46.114232,31.26,72.49,63.55,134.2,52.512156814682406
2025-10-12 09:40:47.114231,21.36,91.59,74.88,144.44,52.61532143219593
2025-10-12 09:40:48.114231,44.22,51.3,178.54,37.43,52.10749824742485
2025-10-12 09:40:49.114231,88.4,35.98,259.95,39.54,52.2895568678922
2025-10-12 09:40:50.114230,14.14,87.8,220.57,54.23,52.33047001317391
2025-10-12 09:40:51.114230,94.23,61.71,228.03,70.99,52.44337633624545
2025-10-12 09:40:52.114229,27.66,24.95,147.74,68.97,52.23537258934969
2025-10-12 09:40:53.114229,44.75,41.14,206.64,30.6,52.11746255248902
2025-10-12 09:40:54.114228,13.83,70.36,200.08,64.05,52.341503172004295
2025-10-12 09:40:55.114228,59.71,57.84,65.14,13.32,51.70515141763719
2025-10-12 09:40:56.114227,51.1,31.27,271.01,89.74,52.64411292447364
2025-10-12 09:40:57.114227,66.67,68.86,51.12,111.42,52.33198171935531
2025-10-12 09:40:58.114226,56.13,84.57,225.77,34.07,52.20614598248711
2025-10-12 09:40:59.114226,43.85,91.56,147.4,64.45,52.24168967063575
2025-10-12 09:41:00.114225,72.71,50.39,237.22,67.19,52.43179066513385
2025-10-12 09:41:01.114225,12.13,84.14,185.15,97.59,52.53939762796294
2025-10-12 09:41:02.114224,55.99,67.67,115.92,12.85,51.817641022262194
2025-10-12 09:41:03.114224,19.68,88.89,96.82,71.78,52.179148090279135
2025-10-12 09:41:04.114224,47.06,90.42,70.5,12.0,51.72614006241054
2025-10-12 09:41:05.114223,77.25,91.3,147.37,124.97,52.64316313244172
2025-10-12 09:41:06.114223,22.11,68.36,241.04,59.38,52.39823623583903
2025-10-12 09:41:07.114222,89.54,78.65,279.85,103.19,52.77891414908805
2025-10-12 09:41:08.114222,85.52,96.0,148.84,99.99,52.483168924047156
2025-10-12 09:41:09.114221,45.27,22.03,145.93,55.61,52.141149410215505
2025-10-12 09:41:10.114221,10.51,72.18,134.04,61.7,52.18367887088444
2025-10-12 09:41:11.114220,77.13,52.67,244.33,146.93,52.97773054515978
2025-10-12 09:41:12.114220,84.88,79.3,170.19,97.63,52.50452274005873
2025-10-12 09:41:13.114219,24.85,48.02,55.18,38.8,51.84720137776557
2025-10-12 09:41:14.114219,87.88,29.88,67.37,30.67,51.809589661795094
2025-10-12 09:41:15.114219,87.7,50.26,142.48,13.07,51.8670242168842
2025-10-12 09:41:16.114218,50.06,84.46,65.31,132.84,52.51360645389698
2025-10-12 09:41:17.114218,77.83,37.7,284.12,47.97,52.39888947355853
2025-10-12 09:41:18.114217,47.82,26.72,118.44,39.39,51.976477867615614
2025-10-12 09:41:19.114217,57.94,39.64,76.04,69.67,52.09267480954968
2025-10-12 09:41:20.114216,37.19,57.1,143.18,25.7,51.9561753438587
2025-10-12 09:41:21.114216,23.55,20.03,105.49,17.9,51.80203463166475
2025-10-12 09:41:22.114215,73.46,87.75,254.72,137.93,52.96004621032269
2025-10-12 09:41:23.114215,10.12,68.01,241.15,137.98,52.9199638114931
2025-10-12 09:41:24.114214,59.26,79.62,239.77,125.05,52.837610222547305
2025-10-12 09:41:25.114214,83.5,61.04,199.69,37.45,52.15892317896263
2025-10-12 09:41:26.114213,28.81,85.55,60.8,89.21,52.214849811373725
2025-10-12 09:41:27.114213,38.3,72.21,125.96,46.23,52.063492774463306
2025-10-12 09:41:28.114212,59.94,72.75,77.99,10.4,51.721936501994435
2025-10-12 09:41:29.114212,30.98,42.93,280.04,137.16,52.98492106026708
2025-10-12 09:41:30.114211,82.04,23.08,115.33,82.87,52.25629276762481
2025-10-12 09:41:31.114211,41.16,49.51,129.84,25.71,51.92308527997434
2025-10-12 09:41:32.114210,59.44,42.52,83.87,80.01,52.179888652429426
2025-10-12 09:41:33.114210,29.22,39.86,112.71,10.6,51.78027440446713
2025-10-12 09:41:34.114210,13.52,31.63,77.04,97.2,52.273109918186464
2025-10-12 09:41:35.114209,24.76,57.62,141.8,31.71,51.99336098023134
2025-10-12 09:41:36.114209,13.93,67.16,246.47,26.38,52.190318734125846
2025-10-12 09:41:37.114208,49.83,74.29,273.5,100.86,52.747251029643664
2025-10-12 09:41:38.114208,59.86,69.77,81.92,38.74,51.91690100019338
2025-10-12 09:41:39.114207,13.8,57.21,102.89,107.35,52.41077553343087
2025-10-12 09:41:40.114207,17.69,57.43,143.84,70.25,52.25347757623089
2025-10-12 09:41:41.114206,51.27,45.49,96.19,62.91,52.09476658729958
2025-10-12 09:41:42.114206,77.93,71.38,70.61,92.92,52.25286882247301
2025-10-12 09:41:43.114205,63.38,62.58,227.05,73.92,52.46118169950294
2025-10-12 09:41:44.114205,18.9,61.85,286.76,71.98,52.57740915034388
2025-10-12 09:41:45.114204,85.44,62.45,122.82,17.44,51.86016786006762
2025-10-12 09:41:46.114204,87.98,30.91,280.21,112.04,52.81187675625498
2025-10-12 09:41:47.114204,37.62,40.17,227.59,144.63,52.9192026313309
2025-10-12 09:41:48.114203,62.36,53.86,254.7,60.17,52.42504162210345
2025-10-12 09:41:49.114203,51.85,55.23,264.64,125.31,52.87971040747965
2025-10-12 09:41:50.114202,90.07,29.5,59.24,38.62,51.844510192010574
2025-10-12 09:41:51.114202,53.24,80.18,133.21,28.66,51.967035969754455
2025-10-12 09:41:52.114201,91.6,98.39,93.3,28.14,51.887150787133244
2025-10-12 09:41:53.114201,26.94,73.64,284.87,135.93,53.004317226591844
2025-10-12 09:41:54.114200,39.37,95.73,137.48,15.03,51.894482865157116
2025-10-12 09:41:55.114200,76.41,97.43,146.56,53.33,52.169327536011025
2025-10-12 09:41:56.114199,76.61,75.68,272.17,68.21,52.52843505057468
2025-10-12 09:41:57.114199,72.24,78.82,79.61,93.09,52.27765677116779
2025-10-12 09:41:58.114198,83.07,21.24,292.01,93.57,52.70950232104629
2025-10-12 09:41:59.114198,69.72,73.33,146.37,143.05,52.75099809515345
2025-10-12 09:42:00.114198,64.07,93.12,68.01,136.42,52.54804135725256
2025-10-12 09:42:01.114197,49.01,86.64,226.85,105.53,52.68393410877075
2025-10-12 09:42:02.114197,49.7,37.62,89.09,42.84,51.941780269967914
2025-10-12 09:42:03.114196,44.52,55.45,81.46,44.1,51.943512533236415
2025-10-12 09:42:04.114196,62.72,66.38,267.81,46.96,52.372764343077
2025-10-12 09:42:05.114195,44.57,73.31,81.11,118.26,52.44490331600272
2025-10-12 09:42:06.114195,22.54,91.43,70.81,29.7,51.844852689817856
2025-10-12 09:42:07.114194,19.06,29.4,224.97,94.68,52.57600063979509
2025-10-12 09:42:08.114194,88.58,77.58,251.18,147.49,53.01016213249214
2025-10-12 09:42:09.114193,12.1,49.14,285.79,94.73,52.719230993012125
2025-10-12 09:42:10.114193,18.96,44.03,194.96,76.7,52.39971135512159
2025-10-12 09:42:11.114192,47.85,57.73,134.65,28.05,51.95362183476912
2025-10-12 09:42:12.114192,32.35,84.95,294.14,27.6,52.31170776949719
2025-10-12 09:42:13.114191,44.5,21.93,200.42,77.58,52.405100639890165
2025-10-12 09:42:14.114191,19.98,43.8,123.58,21.21,51.87646365562408
2025-10-12 09:42:15.114191,21.13,80.86,113.15,32.87,51.95184713963482
2025-10-12 09:42:16.114190,78.06,80.5,66.34,43.1,51.91801551621574
2025-10-12 09:42:17.114190,74.52,25.91,255.91,92.0,52.62337968482913
2025-10-12 09:42:18.114189,18.86,86.15,219.81,83.91,52.524895715691756
2025-10-12 09:42:19.114189,66.76,76.08,60.82,96.33,52.25688194114367
2025-10-12 09:42:20.114188,61.79,53.02,87.66,56.92,52.04069727502339
2025-10-12 09:42:21.114188,70.64,85.47,219.11,32.87,52.18423661264127
2025-10-12 09:42:22.114187,50.33,97.61,127.31,70.08,52.23884788346149
2025-10-12 09:42:23.114186,32.95,69.32,232.28,69.25,52.44527916036579
2025-10-12 09:42:24.114186,66.41,31.91,225.4,106.02,52.653595410424586
2025-10-12 09:42:25.114185,41.57,65.21,274.79,68.87,52.5326739385163
2025-10-12 09:42:26.114185,28.61,79.68,255.18,43.17,52.32761386205425
2025-10-12 09:42:27.114184,44.73,21.24,116.69,118.29,52.49330852019206
2025-10-12 09:42:28.114184,74.88,37.78,148.11,101.74,52.46081329660649
2025-10-12 09:42:29.114183,50.44,74.5,243.68,88.73,52.602179711333065
2025-10-12 09:42:30.114183,35.49,60.43,229.39,36.67,52.21782548841797
2025-10-12 09:42:31.114183,80.71,96.38,250.01,103.71,52.72750624448952
2025-10-12 09:42:32.114182,84.94,59.52,200.06,23.53,52.066490352567996
2025-10-12 09:42:33.114182,46.83,27.0,153.41,11.82,51.869495284659166
2025-10-12 09:42:34.114181,41.85,41.96,247.73,75.5,52.505052188550806
2025-10-12 09:42:35.114181,62.08,44.78,223.19,13.45,52.04155612279963
2025-10-12 09:42:36.114180,14.93,66.48,104.32,123.5,52.52622473999545
2025-10-12 09:42:37.114180,68.76,44.39,223.9,35.55,52.189561198815696
2025-10-12 09:42:38.114179,76.49,97.84,275.9,40.36,52.364006850644735
2025-10-12 09:42:39.114179,43.78,56.64,134.98,112.86,52.51663192287664
2025-10-12 09:42:40.114178,24.84,68.08,215.15,120.65,52.74858668528532
2025-10-12 09:42:41.114178,12.45,97.7,52.62,28.53,51.80112140609096
2025-10-12 09:42:42.114177,64.17,27.79,281.59,57.79,52.45306637139905
2025-10-12 09:42:43.114177,32.86,21.59,64.12,16.6,51.704543451230236
2025-10-12 09:42:44.114177,49.43,35.61,164.92,11.0,51.893807406909126
2025-10-12 09:42:45.114176,42.84,21.52,144.61,104.63,52.46335805011369
2025-10-12 09:42:46.114176,24.87,20.81,175.08,59.2,52.22752399410934
2025-10-12 09:42:47.114175,53.21,98.42,108.86,94.72,52.36282136316124
2025-10-12 09:42:48.114175,49.07,58.88,177.47,34.61,52.090677244231514
2025-10-12 09:42:49.114174,63.05,79.33,205.22,77.41,52.446314621147415
2025-10-12 09:42:50.114174,31.41,40.9,280.89,120.51,52.875126086190555
2025-10-12 09:42:51.114173,28.24,30.65,287.97,137.14,52.9951570400861
2025-10-12 09:42:52.114173,79.22,65.21,128.23,42.39,52.03903546915246
2025-10-12 09:42:53.114172,69.69,29.34,70.04,37.98,51.86359834695466
2025-10-12 09:42:54.114172,75.64,52.46,260.42,53.56,52.39279749654145
2025-10-12 09:42:55.114171,20.48,41.51,216.91,22.77,52.087974537010076
2025-10-12 09:42:56.114171,29.04,52.79,299.15,39.18,52.3815427169182
2025-10-12 09:42:57.114170,58.92,62.93,234.99,79.19,52.51357611998607
2025-10-12 09:42:58.114170,82.86,94.1,139.14,68.8,52.254058699192186
2025-10-12 09:42:59.114170,85.83,84.96,295.31,144.38,53.089342912311785
2025-10-12 09:43:00.114169,80.71,64.55,273.05,61.11,52.47702811330178
2025-10-12 09:43:01.114169,13.69,86.99,220.11,10.29,52.03738324616909
2025-10-12 09:43:02.114168,79.77,88.95,114.46,51.99,52.08609211857788
2025-10-12 09:43:03.114168,86.42,43.95,94.81,93.01,52.290696338124114
2025-10-12 09:43:04.114167,14.82,29.05,153.95,12.5,51.87632022735235
2025-10-12 09:43:05.114167,45.38,46.37,79.87,118.43,52.428355577563856
2025-10-12 09:43:06.114166,55.61,76.63,101.99,132.66,52.58761411744736
2025-10-12 09:43:07.114166,29.78,73.67,77.25,49.85,51.98268067210527
2025-10-12 09:43:08.114165,53.92,40.3,152.9,36.81,52.04165135516726
2025-10-12 09:43:09.114165,85.31,66.8,167.51,115.85,52.61268594819086
2025-10-12 09:43:10.114164,83.69,44.8,235.53,85.76,52.548268164361275
2025-10-12 09:43:11.114164,89.89,39.32,120.94,138.36,52.64579299846398
2025-10-12 09:43:12.114164,51.15,95.07,101.36,106.19,52.420819093884184
2025-10-12 09:43:13.114163,44.9,31.69,281.56,130.6,52.93842516345473
2025-10-12 09:43:14.114163,66.59,73.91,117.12,143.5,52.6908648622073
2025-10-12 09:43:15.114162,45.42,28.09,117.71,96.16,52.352450312710204
2025-10-12 09:43:16.114162,13.57,66.84,62.26,39.79,51.87959800162245
2025-10-12 09:43:17.114161,71.19,37.74,97.01,137.95,52.5902891492187
2025-10-12 09:43:18.114161,33.88,61.43,85.89,94.9,52.293617350785794
2025-10-12 09:43:19.114160,14.17,30.79,125.22,73.84,52.222099093118615
2025-10-12 09:43:20.114160,11.75,41.56,61.45,89.75,52.195372412649846
2025-10-12 09:43:21.114159,89.17,49.68,153.98,31.21,52.012043574968295
2025-10-12 09:43:22.114159,31.43,83.46,253.13,144.5,52.99781742310552
2025-10-12 09:43:23.114158,48.07,69.96,225.28,117.28,52.74923691395165
2025-10-12 09:43:24.114158,90.8,62.0,66.64,140.64,52.55576699579177
2025-10-12 09:43:25.114158,49.74,93.75,268.51,141.17,53.01479869946322
2025-10-12 09:43:26.114157,16.68,32.85,215.93,66.54,52.37154155844293
2025-10-12 09:43:27.114157,56.91,90.46,109.76,116.82,52.50702740844231
2025-10-12 09:43:28.114156,17.5,74.58,142.92,49.25,52.12164139918948
2025-10-12 09:43:29.114156,18.08,32.36,194.08,120.25,52.68036064965784
2025-10-12 09:43:30.114155,82.38,54.47,143.93,127.35,52.631010110828214
2025-10-12 09:43:31.114155,34.6,80.76,134.41,43.04,52.06540428781802
2025-10-12 09:43:32.114154,67.69,93.51,238.96,38.01,52.265878623369424
2025-10-12 09:43:33.114154,53.26,81.14,165.57,98.86,52.503689390533154
2025-10-12 09:43:34.114153,28.9,45.27,97.03,29.86,51.87710678132775
2025-10-12 09:43:35.114153,54.01,82.16,258.23,129.64,52.909527284236525
2025-10-12 09:43:36.114152,15.86,84.83,135.09,62.3,52.196975720750956
2025-10-12 09:43:37.114152,39.51,82.35,272.7,82.75,52.62979992784589
2025-10-12 09:43:38.114152,54.44,55.22,223.76,131.19,52.830063721823436
2025-10-12 09:43:39.114151,29.41,98.55,262.31,33.06,52.286473861887345
2025-10-12 09:43:40.114151,66.12,81.71,246.8,22.78,52.17523464808621
2025-10-12 09:43:41.114150,14.4,20.11,289.98,107.32,52.795732143633124
2025-10-12 09:43:42.114150,51.21,53.99,118.71,131.62,52.604382283740904
2025-10-12 09:43:43.114149,70.77,53.75,110.08,35.61,51.94829319723612
2025-10-12 09:43:44.114149,46.55,73.24,284.52,74.77,52.59740459355846
2025-10-12 09:43:45.114148,84.34,68.14,50.7,81.64,52.133014488500685
2025-10-12 09:43:46.114148,63.74,46.88,240.99,126.19,52.82960975405541
2025-10-12 09:43:47.114147,91.47,64.1,286.72,108.55,52.82129634727335
2025-10-12 09:43:48.114147,34.15,57.15,128.23,97.08,52.39754005733515
2025-10-12 09:43:49.114146,89.8,27.05,225.55,123.52,52.767368122996835
2025-10-12 09:43:50.114146,61.58,24.82,168.23,14.09,51.91549326522616
2025-10-12 09:43:51.114145,73.34,41.71,210.98,111.4,52.66347853021919
2025-10-12 09:43:52.114145,86.68,30.23,185.95,62.56,52.278642051091815
2025-10-12 09:43:53.114145,56.85,59.19,87.53,81.75,52.20864923802197
2025-10-12 09:43:54.114144,83.29,80.02,252.03,113.42,52.7872338141865
2025-10-12 09:43:55.114144,56.04,81.42,210.62,46.34,52.25297204382359
2025-10-12 09:43:56.114143,60.93,25.13,101.93,37.62,51.928035687970095
2025-10-12 09:43:57.114143,47.83,43.76,62.85,60.01,52.00224258560605
2025-10-12 09:43:58.114142,22.38,51.61,177.71,21.97,52.00325937917437
2025-10-12 09:43:59.114142,57.05,45.96,159.61,123.12,52.63221029833926
2025-10-12 09:44:00.114141,93.08,57.88,231.14,68.42,52.43093366141775
2025-10-12 09:44:01.114141,76.91,68.74,153.05,98.65,52.46824193720351
2025-10-12 09:44:02.114140,73.54,33.23,240.63,37.06,52.22966214902982
2025-10-12 09:44:03.114140,64.68,96.83,67.72,84.47,52.20467381153148
2025-10-12 09:44:04.114139,39.57,22.89,132.57,91.49,52.35079290036264
2025-10-12 09:44:05.114139,24.42,50.57,227.54,136.89,52.873507722339056
2025-10-12 09:44:06.114138,29.09,75.93,241.82,101.28,52.68223773339147
2025-10-12 09:44:07.114138,10.54,61.17,173.82,139.1,52.77755510613474
2025-10-12 09:44:08.114137,67.25,26.2,210.67,141.34,52.85289572581415
2025-10-12 09:44:09.114137,79.01,35.46,105.28,138.72,52.61206889563145
2025-10-12 09:44:10.114137,32.86,21.82,94.83,79.7,52.19008786443598
2025-10-12 09:44:11.114136,17.81,79.81,112.36,138.9,52.65329154556421
2025-10-12 09:44:12.114136,38.54,21.54,116.72,76.82,52.21829591447703
2025-10-12 09:44:13.114135,34.82,50.01,82.89,38.81,51.908477167009586
2025-10-12 09:44:14.114135,48.32,58.69,129.05,37.44,52.00433287679446
2025-10-12 09:44:15.114134,32.45,65.59,128.47,109.51,52.48525608329123
2025-10-12 09:44:16.114134,38.88,54.45,144.94,21.82,51.932766245393424
2025-10-12 09:44:17.114133,87.14,51.08,285.99,81.19,52.63087634832038
2025-10-12 09:44:18.114133,38.46,71.99,252.05,115.9,52.799270411165956
2025-10-12 09:44:19.114132,76.77,74.91,177.61,136.3,52.77483484622516
2025-10-12 09:44:20.114132,63.2,68.29,212.21,26.48,52.11730186090919
2025-10-12 09:44:21.114131,38.69,89.07,214.84,142.2,52.90262248533051
2025-10-12 09:44:22.114131,79.51,60.15,57.92,40.25,51.869516146568365
2025-10-12 09:44:23.114130,60.58,58.4,144.92,143.68,52.74372905865986
2025-10-12 09:44:24.114130,10.73,67.94,291.37,95.22,52.74504442470488
2025-10-12 09:44:25.114129,15.84,36.2,68.24,36.71,51.855081114091234
2025-10-12 09:44:26.114129,73.97,93.01,100.76,92.29,52.32611470415163
2025-10-12 09:44:27.114129,47.95,39.9,240.66,14.31,52.0824414579239
2025-10-12 09:44:28.114128,44.47,27.31,298.68,140.1,53.03617488528328
2025-10-12 09:44:29.114128,22.4,44.47,272.84,78.27,52.57929656987244
2025-10-12 09:44:30.114127,23.37,21.1,160.42,26.9,51.981506628354325
2025-10-12 09:44:31.114127,77.81,47.16,117.29,126.77,52.56531244845024
2025-10-12 09:44:32.114126,80.47,51.76,101.39,63.61,52.114179269502145
2025-10-12 09:44:33.114126,57.6,67.63,228.43,115.6,52.74362254289676
2025-10-12 09:44:34.114125,35.09,93.03,206.31,13.81,52.03417428506617
2025-10-12 09:44:35.114125,89.28,74.82,244.48,71.65,52.490729581714966
2025-10-12 09:44:36.114124,63.04,46.62,272.19,68.62,52.515033811580096
2025-10-12 09:44:37.114124,77.71,92.98,238.48,102.05,52.689588779505904
2025-10-12 09:44:38.114123,10.28,37.56,279.14,87.0,52.647059881616045
2025-10-12 09:44:39.114123,48.28,30.73,164.85,40.17,52.08454790827851
2025-10-12 09:44:40.114123,84.03,49.51,147.9,100.08,52.45586537875194
2025-10-12 09:44:41.114122,38.75,67.63,150.72,47.33,52.12194977808356
2025-10-12 09:44:42.114122,71.76,75.59,144.57,40.14,52.065317204081914
2025-10-12 09:44:43.114121,65.9,83.07,250.69,27.39,52.21502601127271
2025-10-12 09:44:44.114121,22.94,34.6,53.12,95.28,52.21013672346907
2025-10-12 09:44:45.114120,75.87,80.06,217.13,126.32,52.79717855817461
2025-10-12 09:44:46.114120,19.56,24.46,119.57,78.84,52.239509016373766
2025-10-12 09:44:47.114119,71.87,91.41,60.32,42.73,51.90857165732857
2025-10-12 09:44:48.114119,94.23,38.35,273.62,93.83,52.680858647617455
2025-10-12 09:44:49.114118,91.43,27.63,295.6,122.15,52.91053475757987
2025-10-12 09:44:50.114118,78.02,29.76,57.0,133.69,52.47079464269382
2025-10-12 09:44:51.114117,55.43,83.56,121.67,103.14,52.43822466599731
2025-10-12 09:44:52.114117,67.36,38.5,105.89,28.33,51.882402917013266
2025-10-12 09:44:53.114116,71.89,62.29,195.59,46.03,52.20767288403857
2025-10-12 09:44:54.114116,10.71,67.69,280.18,114.15,52.84627662268191
2025-10-12 09:44:55.114116,18.7,30.73,128.56,27.17,51.919552116044876
2025-10-12 09:44:56.114115,60.75,63.8,56.69,35.33,51.83622376215959
2025-10-12 09:44:57.114115,10.56,95.29,84.18,85.34,52.245292868350624
2025-10-12 09:44:58.114114,87.26,59.86,245.62,53.24,52.36268927837483
2025-10-12 09:44:59.114114,51.62,42.9,192.45,116.81,52.65985658305729
2025-10-12 09:45:00.114113,31.91,60.74,279.26,49.9,52.413975014943794
2025-10-12 09:45:01.114113,43.47,91.06,250.83,108.12,52.75559536818711
2025-10-12 09:45:02.114112,82.32,47.84,75.4,17.32,51.74839099728207
2025-10-12 09:45:03.114112,88.81,57.24,57.68,87.57,52.181448945453326
2025-10-12 09:45:04.114111,19.88,43.61,129.1,128.07,52.59758160136484
2025-10-12 09:45:05.114111,76.13,65.64,151.71,136.74,52.71642183503925
2025-10-12 09:45:06.114111,59.15,22.91,113.04,149.78,52.6953260936907
2025-10-12 09:45:07.114110,59.77,71.1,63.82,142.24,52.56533225638483
2025-10-12 09:45:08.114110,76.25,65.05,246.66,131.94,52.89017958597916
2025-10-12 09:45:09.114109,28.94,73.59,250.32,127.67,52.874527956487825
2025-10-12 09:45:10.114109,55.14,62.28,154.19,77.44,52.32634597101418
2025-10-12 09:45:11.114108,37.14,25.86,200.12,87.95,52.475463910843594
2025-10-12 09:45:12.114108,18.03,33.15,58.37,39.17,51.84830410789481
2025-10-12 09:45:13.114107,18.93,42.01,128.3,52.89,52.09597187355177
2025-10-12 09:45:14.114107,21.6,53.54,258.26,48.02,52.351943227377994
2025-10-12 09:45:15.114106,62.27,62.43,192.85,67.47,52.34410926931115
2025-10-12 09:45:16.114106,19.0,65.4,164.82,141.59,52.776914038890176
2025-10-12 09:45:17.114105,58.46,89.88,268.0,78.79,52.59751131334248
2025-10-12 09:45:18.114105,60.01,35.78,186.44,67.23,52.313787986081714
2025-10-12 09:45:19.114104,86.83,61.66,216.74,22.19,52.09496553669239
2025-10-12 09:45:20.114104,63.24,38.01,223.54,123.49,52.768906329590024
2025-10-12 09:45:21.114103,93.77,38.72,81.68,142.25,52.58612382304297
2025-10-12 09:45:22.114103,12.63,44.7,296.08,62.56,52.52556121170368
2025-10-12 09:45:23.114103,69.85,21.61,156.3,120.47,52.59389667702034
2025-10-12 09:45:24.114102,12.25,60.03,62.64,27.65,51.79605828679455
2025-10-12 09:45:25.114102,72.0,48.27,133.15,144.04,52.71495432625258
2025-10-12 09:45:26.114101,42.8,37.42,136.96,30.46,51.963329512907414
2025-10-12 09:45:27.114101,61.96,88.1,297.34,29.08,52.33022387479847
2025-10-12 09:45:28.114100,36.31,65.98,92.48,137.15,52.590863628151155
2025-10-12 09:45:29.114100,23.52,81.04,285.77,98.35,52.76096000785059
2025-10-12 09:45:30.114099,71.5,63.93,53.21,103.87,52.28366152288346
2025-10-12 09:45:31.114099,86.89,39.95,156.17,116.82,52.57959135080151
2025-10-12 09:45:32.114098,25.6,53.85,186.99,89.56,52.4732417463333
2025-10-12 09:45:33.114098,88.26,87.51,195.31,79.28,52.44178207790895
2025-10-12 09:45:34.114097,21.92,89.96,202.54,103.23,52.61778758003052
2025-10-12 09:45:35.114097,72.53,68.48,218.54,27.78,52.13976554672866
2025-10-12 09:45:36.114097,91.55,29.52,167.44,92.41,52.436219623781426
2025-10-12 09:45:37.114096,22.53,85.52,296.17,127.14,52.9770944801485
2025-10-12 09:45:38.114096,46.98,94.31,163.28,118.03,52.63328387421682
2025-10-12 09:45:39.114095,38.68,65.74,68.35,144.25,52.5855167656556
2025-10-12 09:45:40.114095,43.02,58.16,293.65,55.78,52.482778099082076
2025-10-12 09:45:41.114094,74.02,56.2,55.43,41.91,51.87293578058579
2025-10-12 09:45:42.114094,66.2,66.92,244.41,109.46,52.73713546153909
2025-10-12 09:45:43.114093,92.34,59.99,262.4,140.12,52.975796738197594
2025-10-12 09:45:44.114093,25.77,84.4,141.65,41.6,52.07357503431458
2025-10-12 09:45:45.114092,56.18,38.73,210.17,92.54,52.534886368086305
2025-10-12 09:45:46.114092,48.18,58.57,188.32,83.97,52.44165025818891
2025-10-12 09:45:47.114091,88.1,50.59,205.5,56.45,52.29181842866426
2025-10-12 09:45:48.114091,10.9,25.97,84.92,34.11,51.86831208770328
2025-10-12 09:45:49.114090,94.08,51.4,191.96,138.33,52.80635475372821
2025-10-12 09:45:50.114090,50.78,39.13,150.13,38.28,52.04474910179753
2025-10-12 09:45:51.114089,63.17,37.69,76.42,94.76,52.258941525126524
2025-10-12 09:45:52.114089,40.6,50.36,139.12,129.5,52.63256093441642
2025-10-12 09:45:53.114089,82.46,81.15,242.91,64.81,52.4454471909775
2025-10-12 09:45:54.114088,57.77,61.66,291.02,127.45,52.954708625207545
2025-10-12 09:45:55.114088,66.34,42.03,264.57,58.58,52.42931535258859
2025-10-12 09:45:56.114087,65.16,61.69,275.2,104.11,52.765499894084286
2025-10-12 09:45:57.114087,40.94,52.53,153.56,132.44,52.68460149896247
2025-10-12 09:45:58.114086,16.46,86.12,252.25,25.81,52.20961953946722
2025-10-12 09:45:59.114086,78.66,55.72,204.16,18.98,52.043070005032696
2025-10-12 09:46:00.114085,34.63,47.45,278.35,124.35,52.898747435533956
2025-10-12 09:46:01.114085,82.16,97.63,260.8,99.89,52.7262507958105
2025-10-12 09:46:02.114084,61.73,36.1,258.95,57.37,52.4057958684592
2025-10-12 09:46:03.114084,40.06,57.81,107.94,59.28,52.10301258696152
2025-10-12 09:46:04.114083,60.51,62.84,70.21,138.3,52.54844649388029
2025-10-12 09:46:05.114083,64.87,84.03,60.53,74.72,52.11724563639585
2025-10-12 09:46:06.114082,70.07,69.53,260.66,134.7,52.941356140921286
2025-10-12 09:46:07.114082,79.9,80.47,130.85,53.04,52.12389337020042
2025-10-12 09:46:08.114081,23.58,60.27,107.59,35.27,51.94426282292518
2025-10-12 09:46:09.114081,90.25,29.6,236.37,53.65,52.32851405719171
2025-10-12 09:46:10.114081,44.92,62.26,164.59,14.52,51.93127978139259
2025-10-12 09:46:11.114080,83.14,35.51,95.13,149.3,52.66030312348707
2025-10-12 09:46:12.114080,28.74,67.67,223.73,121.89,52.775198565239
2025-10-12 09:46:13.114079,12.47,77.25,197.36,60.8,52.317865517475866
2025-10-12 09:46:14.114079,58.73,36.77,261.21,14.21,52.124609050103416
2025-10-12 09:46:15.114078,37.6,58.93,95.29,81.46,52.22341108798639
2025-10-12 09:46:16.114078,93.68,63.4,219.67,27.81,52.13958964083049
2025-10-12 09:46:17.114077,18.88,95.44,64.86,42.55,51.91946598436457
2025-10-12 09:46:18.114077,14.02,72.65,171.87,89.98,52.453692719037555
2025-10-12 09:46:19.114076,13.83,22.95,169.69,23.43,51.97961112700792
2025-10-12 09:46:20.114076,28.43,91.33,246.01,125.63,52.86150841169671
2025-10-12 09:46:21.114075,59.23,32.54,84.41,80.14,52.176370934096234
2025-10-12 09:46:22.114075,52.97,24.24,209.82,71.36,52.38549070847719
2025-10-12 09:46:23.114074,39.76,50.52,114.44,99.91,52.38272488999453
2025-10-12 09:46:24.114074,17.55,73.69,50.03,103.87,52.282193589145564
2025-10-12 09:46:25.114074,29.87,34.47,228.55,144.39,52.91652105432527
2025-10-12 09:46:26.114073,25.65,24.66,222.58,140.54,52.872561811280946
2025-10-12 09:46:27.114073,73.38,60.31,65.46,146.26,52.58956851387187
2025-10-12 09:46:28.114072,76.3,83.43,62.28,47.19,51.93798553748065
2025-10-12 09:46:29.114072,76.05,38.0,117.76,44.73,52.01672057765278
2025-10-12 09:46:30.114071,92.37,58.97,185.88,50.36,52.213504273882464
2025-10-12 09:46:31.114071,85.16,51.34,171.38,45.51,52.14561916540181
2025-10-12 09:46:32.114070,52.31,30.54,126.23,81.16,52.27273497083749
2025-10-12 09:46:33.114070,45.27,69.21,171.64,30.19,52.05444219325073
2025-10-12 09:46:34.114069,87.84,27.71,220.54,115.94,52.70655874004663
2025-10-12 09:46:35.114069,61.95,78.01,134.9,85.62,52.34754913370762
2025-10-12 09:46:36.114068,35.02,62.33,233.93,103.63,52.67315632371174
2025-10-12 09:46:37.114068,57.98,78.6,137.25,62.3,52.19819501006373
2025-10-12 09:46:38.114068,94.33,91.61,178.43,20.03,52.014196594192676
2025-10-12 09:46:39.114067,82.2,37.48,54.12,88.47,52.168708513187966
2025-10-12 09:46:40.114067,33.91,71.95,222.56,38.38,52.220769465483734
2025-10-12 09:46:41.114066,91.0,84.29,52.4,73.83,52.09384937182743
2025-10-12 09:46:42.114066,93.42,27.51,72.36,147.54,52.594783673348616
2025-10-12 09:46:43.114065,29.65,56.54,117.63,43.32,52.01739383145775
2025-10-12 09:46:44.114065,86.13,82.63,291.15,104.13,52.81187661695218
2025-10-12 09:46:45.114064,85.07,68.3,105.21,117.27,52.487817845994705
2025-10-12 09:46:46.114064,13.38,27.34,287.58,105.86,52.784858284561054
2025-10-12 09:46:47.114063,66.92,64.87,143.12,15.97,51.89578767277384
2025-10-12 09:46:48.114063,35.95,51.6,54.29,18.11,51.709938907598335
2025-10-12 09:46:49.114062,67.34,79.94,122.3,148.61,52.73937069368643
2025-10-12 09:46:50.114062,87.65,25.32,58.77,42.95,51.86990453147714
2025-10-12 09:46:51.114062,52.4,31.07,50.39,74.91,52.06705199395118
2025-10-12 09:46:52.114061,45.23,48.81,141.71,93.29,52.396983428615194
2025-10-12 09:46:53.114061,88.33,87.17,261.97,29.34,52.2547154237561
2025-10-12 09:46:54.114060,92.8,25.85,193.52,22.6,52.02740226054581
2025-10-12 09:46:55.114060,15.29,86.71,154.11,38.34,52.08024828050495
2025-10-12 09:46:56.114059,88.44,69.31,63.05,105.22,52.31695734287224
2025-10-12 09:46:57.114059,17.04,28.84,72.03,59.85,52.01279196792702
2025-10-12 09:46:58.114058,38.67,85.89,209.0,105.56,52.64499973863323
2025-10-12 09:46:59.114058,74.82,41.6,155.98,49.3,52.131953581182124
2025-10-12 09:47:00.114057,76.05,28.17,283.49,141.92,53.01578621220179
2025-10-12 09:47:01.114057,71.69,26.57,97.32,106.96,52.37906100423491
2025-10-12 09:47:02.114056,13.32,58.93,156.76,77.41,52.3298575489278
2025-10-12 09:47:03.114056,21.3,80.0,65.12,68.67,52.08480434536224
2025-10-12 09:47:04.114055,89.58,43.65,137.21,13.68,51.855965294801884
2025-10-12 09:47:05.114055,16.92,53.66,176.73,36.37,52.09784981847029
2025-10-12 09:47:06.114055,16.68,55.95,59.43,55.29,51.97027831836086
2025-10-12 09:47:07.114054,81.03,46.85,205.8,32.1,52.12877283816533
2025-10-12 09:47:08.114054,64.51,36.77,231.8,103.54,52.653720207249044
2025-10-12 09:47:09.114053,39.89,62.19,135.33,23.19,51.92532102832729
2025-10-12 09:47:10.114053,24.09,32.59,117.59,97.45,52.363255337215136
2025-10-12 09:47:11.114052,85.15,36.97,118.23,116.78,52.49537706557762
2025-10-12 09:47:12.114052,94.03,22.14,203.48,48.38,52.21804838088609
2025-10-12 09:47:13.114051,14.25,94.34,280.7,50.75,52.44143140029228
2025-10-12 09:47:14.114051,57.1,21.07,187.53,43.2,52.14847725943034
2025-10-12 09:47:15.114050,32.21,77.4,154.42,136.95,52.73023558176358
2025-10-12 09:47:16.114050,80.75,23.95,258.69,55.99,52.389313644304714
2025-10-12 09:47:17.114049,39.42,57.24,198.69,128.74,52.76055000918542
2025-10-12 09:47:18.114049,70.74,76.5,228.88,137.95,52.897874255288926
2025-10-12 09:47:19.114048,55.86,96.34,261.91,20.84,52.2032703150288
2025-10-12 09:47:20.114048,56.03,77.41,136.37,37.26,52.02942890562823
2025-10-12 09:47:21.114048,82.93,44.33,298.2,62.12,52.52703325108963
2025-10-12 09:47:22.114047,49.98,43.89,222.5,122.31,52.76208970116851
2025-10-12 09:47:23.114047,81.88,26.52,147.72,49.83,52.10916663739251
2025-10-12 09:47:24.114046,40.89,84.46,215.95,39.2,52.21883424231312
2025-10-12 09:47:25.114046,24.86,47.55,213.6,33.9,52.15802723027569
2025-10-12 09:47:26.114045,48.72,79.42,187.1,97.31,52.53914301876495
2025-10-12 09:47:27.114045,52.36,78.7,65.61,66.87,52.07319700942177
2025-10-12 09:47:28.114044,50.66,82.31,256.15,90.08,52.64253173636185
2025-10-12 09:47:29.114044,78.71,80.2,172.77,119.78,52.657633283484365
2025-10-12 09:47:30.114043,58.0,76.63,157.21,65.94,52.26455132167327
2025-10-12 09:47:31.114043,85.52,55.14,290.89,146.8,53.07922939231265
2025-10-12 09:47:32.114042,53.71,83.07,152.41,133.34,52.70506983378843
2025-10-12 09:47:33.114042,29.1,28.32,101.31,26.91,51.857381114661536
2025-10-12 09:47:34.114041,21.01,56.03,223.22,128.84,52.813745657473305
2025-10-12 09:47:35.114041,83.81,58.36,140.57,90.53,52.3815047256075
2025-10-12 09:47:36.114041,14.77,28.55,166.81,22.17,51.96811684036862
2025-10-12 09:47:37.114040,20.0,45.79,163.98,126.56,52.66442612261198
2025-10-12 09:47:38.114040,15.41,49.47,160.45,122.47,52.63167064998741
2025-10-12 09:47:39.114039,46.02,92.33,130.33,142.54,52.72339227290643
2025-10-12 09:47:40.114039,55.27,84.15,298.64,147.8,53.11881422758548
2025-10-12 09:47:41.114038,11.69,90.4,231.69,90.97,52.59988603628519
2025-10-12 09:47:42.114038,53.82,41.05,185.3,15.33,51.969776485279866
2025-10-12 09:47:43.114037,43.47,51.18,210.33,143.56,52.880789045297746
2025-10-12 09:47:44.114037,75.76,78.98,113.59,132.31,52.61175853733389
2025-10-12 09:47:45.114036,80.55,49.87,187.06,83.02,52.42777226049837
2025-10-12 09:47:46.114036,68.22,43.28,66.08,14.87,51.709378289444075
2025-10-12 09:47:47.114036,50.25,30.58,135.38,132.35,52.63236149446895
2025-10-12 09:47:48.114035,28.37,84.79,246.73,15.29,52.12708359534713
2025-10-12 09:47:49.114035,82.0,58.0,229.85,128.28,52.825505051497835
2025-10-12 09:47:50.114034,39.04,53.19,224.72,15.41,52.062561988821365
2025-10-12 09:47:51.114034,40.28,48.61,148.1,101.11,52.46263482390833
2025-10-12 09:47:52.114033,87.86,98.69,284.75,65.14,52.54814490301888
2025-10-12 09:47:53.114033,92.93,56.47,50.86,106.06,52.28894994054461
2025-10-12 09:47:54.114032,86.34,42.5,242.29,75.94,52.49647371028541
2025-10-12 09:47:55.114032,94.85,51.83,276.98,37.45,52.321440071256475
2025-10-12 09:47:56.114031,83.86,36.15,79.98,65.76,52.07332768235824
2025-10-12 09:47:57.114031,69.87,91.77,227.88,119.02,52.77855772741982
2025-10-12 09:47:58.114030,34.97,26.26,91.92,109.83,52.386224825117374
2025-10-12 09:47:59.114030,91.0,24.09,108.45,101.59,52.366180380554574
2025-10-12 09:48:00.114030,84.51,26.45,199.37,109.65,52.61819256636466
2025-10-12 09:48:01.114029,30.46,87.87,89.96,90.05,52.28496306966714
2025-10-12 09:48:02.114029,51.58,81.72,76.17,74.14,52.146033849597174
2025-10-12 09:48:03.114027,15.95,46.86,279.04,108.75,52.7963755434915
2025-10-12 09:48:04.114026,91.03,63.2,255.87,26.95,52.21228741490214
2025-10-12 09:48:05.114026,58.69,33.61,249.76,88.67,52.592222055423754
2025-10-12 09:48:06.114025,30.84,26.28,144.71,11.86,51.85049012865943
2025-10-12 09:48:07.114025,34.85,66.19,264.22,128.59,52.90666641224201
2025-10-12 09:48:08.114024,93.36,38.99,93.99,146.15,52.63885921619683
2025-10-12 09:48:09.114024,62.33,61.85,274.61,57.22,52.45309103252232
2025-10-12 09:48:10.114023,45.76,68.4,162.06,90.72,52.4349623211891
2025-10-12 09:48:11.114023,52.49,58.51,204.21,108.95,52.64187913223492
2025-10-12 09:48:12.114023,18.38,93.82,85.4,75.01,52.17855902584997
2025-10-12 09:48:13.114022,16.38,31.73,151.24,49.84,52.11976609932014
2025-10-12 09:48:14.114022,60.38,23.97,231.93,105.02,52.65670467803013
2025-10-12 09:48:15.114021,53.52,96.44,179.74,108.65,52.607913255615486
2025-10-12 09:48:16.114021,40.53,68.06,292.82,121.28,52.92122155459581
2025-10-12 09:48:17.114020,58.12,45.43,98.72,135.39,52.581284769739106
2025-10-12 09:48:18.114020,16.18,84.55,68.65,64.61,52.068044951696876
2025-10-12 09:48:19.114019,90.24,61.32,270.02,131.66,52.93691353660983
2025-10-12 09:48:20.114019,34.97,44.73,149.43,26.69,51.969420942475175
2025-10-12 09:48:21.114018,16.1,70.03,108.15,31.32,51.92468994035432
2025-10-12 09:48:22.114018,24.41,62.2,66.06,65.71,52.05729506959849
2025-10-12 09:48:23.114017,18.12,73.19,224.68,94.01,52.59528477659863
2025-10-12 09:48:24.114017,25.18,63.65,51.68,91.53,52.19828421180086
2025-10-12 09:48:25.114017,45.42,40.97,52.7,69.83,52.043852672070095
2025-10-12 09:48:26.114016,72.73,23.59,58.45,97.9,52.23296205133156
2025-10-12 09:48:27.114016,33.15,42.22,136.35,148.37,52.74726854928261
2025-10-12 09:48:28.114015,47.05,80.58,297.12,146.76,53.10662872991455
2025-10-12 09:48:29.114015,88.94,79.12,180.94,67.23,52.32596833511358
2025-10-12 09:48:30.114014,35.14,66.01,273.04,31.53,52.281490321401996
2025-10-12 09:48:31.114014,77.55,91.36,80.4,69.36,52.12884548944931
2025-10-12 09:48:32.114013,23.41,44.08,180.1,44.29,52.152396591708445
2025-10-12 09:48:33.114013,25.16,64.56,204.99,45.08,52.22301872952551
2025-10-12 09:48:34.114012,48.77,82.84,97.42,140.01,52.62993986260448
2025-10-12 09:48:35.114012,29.9,70.58,199.46,119.65,52.709308947407585
2025-10-12 09:48:36.114011,86.76,98.46,172.19,104.66,52.56617876299952
2025-10-12 09:48:37.114011,14.31,29.57,246.67,31.77,52.20561597496282
2025-10-12 09:48:38.114010,60.77,85.95,126.39,144.57,52.724770859447375
2025-10-12 09:48:39.114010,61.36,75.12,175.43,116.72,52.64026697573128
2025-10-12 09:48:40.114010,15.61,42.84,171.22,77.34,52.351805622927806
2025-10-12 09:48:41.114009,72.27,25.08,161.46,15.44,51.909914132893384
2025-10-12 09:48:42.114009,49.86,85.19,259.77,85.02,52.618401344671874
2025-10-12 09:48:43.114008,71.46,95.62,166.49,96.38,52.497279722047836
2025-10-12 09:48:44.114008,80.29,28.81,207.28,109.09,52.632945207084255
2025-10-12 09:48:45.114007,37.45,29.3,108.84,81.63,52.23744611404855
2025-10-12 09:48:46.114007,51.18,37.29,137.59,75.95,52.26654974648216
2025-10-12 09:48:47.114006,32.16,64.06,82.55,67.16,52.10372016566968
2025-10-12 09:48:48.114006,27.13,26.31,132.27,70.78,52.21458837672442
2025-10-12 09:48:49.114005,10.05,93.93,102.3,25.16,51.88441168045976
2025-10-12 09:48:50.114005,91.91,50.66,183.3,80.65,52.40432621554245
2025-10-12 09:48:51.114004,47.48,43.86,148.97,125.06,52.6208403143867
2025-10-12 09:48:52.114004,11.11,31.33,178.27,66.07,52.28589277997596
2025-10-12 09:48:53.114003,10.76,42.21,140.91,22.07,51.9188755371366
2025-10-12 09:48:54.114003,34.51,59.08,283.77,93.39,52.71148536296806
2025-10-12 09:48:55.114002,11.18,97.6,234.92,101.11,52.67819832358007
2025-10-12 09:48:56.114002,41.83,83.32,210.7,67.43,52.394181004885496
2025-10-12 09:48:57.114002,15.35,77.67,58.93,99.53,52.27490610799799
2025-10-12 09:48:58.114001,13.34,32.17,207.91,49.56,52.24106846523872
2025-10-12 09:48:59.114001,66.9,44.92,131.06,127.63,52.59964117612758
2025-10-12 09:49:00.114000,87.08,39.4,165.76,104.38,52.51751916199979
2025-10-12 09:49:01.114000,44.8,47.7,170.83,75.84,52.3437075087962
2025-10-12 09:49:02.113999,81.13,43.79,115.59,139.77,52.64603404021756
2025-10-12 09:49:03.113999,12.49,50.07,192.2,120.42,52.6872632394129
2025-10-12 09:49:04.113998,76.1,67.83,69.66,61.82,52.04241662417888
2025-10-12 09:49:05.113998,15.34,76.66,69.04,108.72,52.35726846616997
2025-10-12 09:49:06.113997,81.27,42.79,274.38,69.37,52.522631170827914
2025-10-12 09:49:07.113997,85.0,22.17,122.73,103.66,52.409824309442556
2025-10-12 09:49:08.113996,76.81,36.38,144.71,28.21,51.9646268584094
2025-10-12 09:49:09.113996,79.76,22.02,269.03,113.92,52.795160063829144
2025-10-12 09:49:10.113995,57.73,82.94,278.49,41.8,52.37089330575815
2025-10-12 09:49:11.113995,32.52,61.06,107.74,65.13,52.14321434584551
2025-10-12 09:49:12.113995,64.67,27.91,270.32,130.72,52.91273952177046
2025-10-12 09:49:13.113994,47.36,66.04,193.16,123.46,52.718406534253596
2025-10-12 09:49:14.113994,10.45,61.81,149.04,102.58,52.48177340864969
2025-10-12 09:49:15.113993,50.53,44.73,85.0,81.78,52.19531684411328
2025-10-12 09:49:16.113993,65.35,28.19,63.19,93.7,52.2179257287152
2025-10-12 09:49:17.113992,11.18,97.08,109.07,137.19,52.644413176265836
2025-10-12 09:49:18.113992,62.82,60.87,261.19,98.22,52.6955632542195
2025-10-12 09:49:19.113991,65.47,30.78,200.91,11.43,51.97203604396724
2025-10-12 09:49:20.113991,23.44,66.3,53.27,51.0,51.93420146594804
2025-10-12 09:49:21.113990,46.64,36.05,104.81,35.07,51.923432211130695
2025-10-12 09:49:22.113990,91.97,21.73,110.27,87.9,52.27795184236106
2025-10-12 09:49:23.113989,85.16,74.55,55.9,16.11,51.712923489075415
2025-10-12 09:49:24.113989,44.92,62.14,194.76,58.45,52.28822317568703
2025-10-12 09:49:25.113988,39.74,80.96,101.76,98.31,52.36153628059758
2025-10-12 09:49:26.113988,20.55,65.02,100.06,59.05,52.0884053521974
2025-10-12 09:49:27.113988,12.99,27.98,299.46,147.29,53.085960851719015
2025-10-12 09:49:28.113987,35.28,49.12,175.58,110.09,52.58212409252965
2025-10-12 09:49:29.113987,89.92,65.51,138.48,25.48,51.94919938411746
2025-10-12 09:49:30.113986,91.48,32.05,196.44,109.89,52.6165456264201
2025-10-12 09:49:31.113986,79.06,26.96,132.08,96.84,52.38750321705105
2025-10-12 09:49:32.113985,39.82,51.71,138.68,144.54,52.73218102326557
2025-10-12 09:49:33.113985,22.21,22.05,237.84,61.87,52.38206020480752
2025-10-12 09:49:34.113984,60.62,58.71,200.98,21.19,52.05250417444637
2025-10-12 09:49:35.113984,64.95,76.99,278.07,137.87,53.00430791599681
2025-10-12 09:49:36.113983,46.09,35.23,258.2,26.6,52.199458605663196
2025-10-12 09:49:37.113983,68.79,32.44,61.79,30.54,51.79804803570003
2025-10-12 09:49:38.113982,73.47,46.0,85.89,65.23,52.08810811519335
2025-10-12 09:49:39.113982,76.56,49.97,200.01,119.75,52.69970041026374
2025-10-12 09:49:40.113982,52.7,27.0,240.84,55.43,52.348577240608286
2025-10-12 09:49:41.113981,77.29,94.79,188.54,127.04,52.748140437669875
2025-10-12 09:49:42.113981,12.17,78.44,208.14,68.93,52.39586950655107
2025-10-12 09:49:43.113980,67.83,50.87,287.14,22.43,52.24325215168303
2025-10-12 09:49:44.113980,30.03,97.11,169.55,58.41,52.252731299460685
2025-10-12 09:49:45.113979,32.99,23.23,160.36,11.08,51.877560935542554
2025-10-12 09:49:46.113979,17.76,37.92,265.12,27.62,52.222734305673725
2025-10-12 09:49:47.113978,26.35,55.66,73.22,78.03,52.150957068723805
2025-10-12 09:49:48.113978,94.32,77.55,165.19,74.17,52.33699569156207
2025-10-12 09:49:49.113977,45.31,42.22,200.4,32.96,52.12019270793141
2025-10-12 09:49:50.113977,88.86,72.18,167.42,133.36,52.73170091637442
2025-10-12 09:49:51.113976,23.85,92.66,171.39,149.35,52.857833419345305
2025-10-12 09:49:52.113976,27.35,65.65,252.24,122.25,52.83830182205972
2025-10-12 09:49:53.113976,57.41,30.01,191.98,31.16,52.08319061877824
2025-10-12 09:49:54.113975,39.71,70.79,237.47,38.58,52.25379107483779
2025-10-12 09:49:55.113975,64.73,75.15,83.86,133.41,52.55244512146524
2025-10-12 09:49:56.113974,45.87,98.03,60.26,131.05,52.49832142321519
2025-10-12 09:49:57.113974,78.99,56.14,181.41,130.32,52.7329449097867
2025-10-12 09:49:58.113973,46.68,68.42,144.16,77.9,52.3110598651171
2025-10-12 09:49:59.113973,58.65,36.78,106.71,117.66,52.47612547091711
2025-10-12 09:50:00.113972,37.29,48.1,247.65,70.89,52.47769682964878
2025-10-12 09:50:01.113972,69.84,39.61,208.26,136.69,52.82426540790261
2025-10-12 09:50:02.113971,65.65,44.25,176.11,93.05,52.467466666857476
2025-10-12 09:50:03.113971,43.75,53.54,134.41,132.8,52.64601680716049
2025-10-12 09:50:04.113970,33.46,46.57,193.2,51.98,52.23323542488241
2025-10-12 09:50:05.113970,62.2,86.47,239.04,135.11,52.90660767668208
2025-10-12 09:50:06.113970,90.17,87.07,118.62,17.46,51.86488682350402
2025-10-12 09:50:07.113969,21.27,92.55,104.77,83.4,52.27555173124306
2025-10-12 09:50:08.113969,77.92,65.97,244.72,103.5,52.69772167210003
2025-10-12 09:50:09.113968,56.15,67.84,155.85,40.64,52.08879061087444
2025-10-12 09:50:10.113968,54.67,73.16,272.54,37.25,52.32234809311252
2025-10-12 09:50:11.113967,91.74,33.35,159.69,107.05,52.518709207072895
2025-10-12 09:50:12.113967,61.5,30.81,275.56,71.41,52.53206605952417
2025-10-12 09:50:13.113966,80.59,65.7,97.13,130.0,52.553337657117396
2025-10-12 09:50:14.113966,53.73,23.04,195.04,79.96,52.40984554957886
2025-10-12 09:50:15.113965,31.24,98.61,288.13,136.19,53.02700439951226
2025-10-12 09:50:16.113965,69.03,50.21,62.95,109.47,52.33432333973782
2025-10-12 09:50:17.113964,88.47,55.96,143.32,18.92,51.91084463083095
2025-10-12 09:50:18.113964,81.5,65.29,122.58,96.09,52.38324272719442
2025-10-12 09:50:19.113964,26.86,76.82,247.48,113.24,52.774390129457636
2025-10-12 09:50:20.113963,36.94,32.45,177.33,118.66,52.63352718258262
2025-10-12 09:50:21.113963,53.93,45.71,229.29,12.07,52.0461449120737
2025-10-12 09:50:22.113962,58.59,63.15,224.64,59.64,52.361492373891934
2025-10-12 09:50:23.113962,26.47,92.51,115.85,87.3,52.32544683005309
2025-10-12 09:50:24.113961,29.55,45.23,183.08,149.43,52.85733478543108
2025-10-12 09:50:25.113961,74.5,54.26,75.6,28.36,51.8256708486585
2025-10-12 09:50:26.113960,72.08,69.97,204.96,14.25,52.02133841834674
2025-10-12 09:50:27.113960,81.33,25.21,87.27,110.82,52.38212579268556
2025-10-12 09:50:28.113959,89.3,26.27,290.29,135.9,52.989522383299466
2025-10-12 09:50:29.113959,36.2,21.22,199.65,110.53,52.62173120232661
2025-10-12 09:50:30.113958,83.07,26.52,103.02,79.3,52.20781149587199
2025-10-12 09:50:31.113958,66.61,70.57,100.7,130.7,52.56843609439694
2025-10-12 09:50:32.113957,91.41,75.26,148.31,106.9,52.516344884160226
2025-10-12 09:50:33.113957,33.13,80.73,58.81,19.75,51.746832503548085
2025-10-12 09:50:34.113956,32.92,23.84,268.7,146.91,53.014417885530165
2025-10-12 09:50:35.113956,69.86,60.43,89.55,94.96,52.301397751142915
2025-10-12 09:50:36.113955,88.91,64.78,167.26,125.04,52.67201583323243
2025-10-12 09:50:37.113955,80.09,80.72,51.04,19.62,51.72911114196327
2025-10-12 09:50:38.113955,71.8,79.78,216.89,142.0,52.900573491559804
2025-10-12 09:50:39.113954,42.92,65.42,258.17,13.25,52.127581435541984
2025-10-12 09:50:40.113954,71.01,84.06,105.87,27.05,51.89920862608857
2025-10-12 09:50:41.113953,78.09,97.34,123.77,24.68,51.929690753026556
2025-10-12 09:50:42.113953,74.03,24.99,292.04,76.99,52.60160876088904
2025-10-12 09:50:43.113952,67.53,26.19,256.43,139.21,52.93800538980202
2025-10-12 09:50:44.113952,14.01,82.68,55.31,134.31,52.500683147266834
2025-10-12 09:50:45.113951,66.08,36.95,137.74,35.37,51.99734849618473
2025-10-12 09:50:46.113951,50.66,34.59,228.32,17.4,52.07323128718939
2025-10-12 09:50:47.113950,91.73,41.02,72.68,45.48,51.9256009284723
2025-10-12 09:50:48.113950,61.61,49.35,183.76,51.97,52.21424038980221
2025-10-12 09:50:49.113950,61.7,78.54,113.78,34.38,51.961945164344456
2025-10-12 09:50:50.113949,94.49,29.24,189.65,21.9,52.016248108411204
2025-10-12 09:50:51.113949,17.95,31.44,53.96,27.08,51.757543939234964
2025-10-12 09:50:52.113948,33.49,80.28,165.76,143.4,52.79924384257747
2025-10-12 09:50:53.113948,65.77,93.23,165.7,59.94,52.25237722757917
2025-10-12 09:50:54.113947,36.8,36.07,185.48,146.2,52.83600654505311
2025-10-12 09:50:55.113947,39.42,46.0,296.33,73.26,52.59784464575676
2025-10-12 09:50:56.113946,85.87,81.45,106.01,43.23,52.00545020757625
2025-10-12 09:50:57.113946,59.25,56.01,64.16,55.34,51.98090282414461
2025-10-12 09:50:58.113945,18.74,96.06,66.11,48.79,51.96393821883358
2025-10-12 09:50:59.113945,36.42,78.09,71.16,91.64,52.24929887321826
2025-10-12 09:51:00.113944,16.46,28.8,114.0,106.76,52.41515265938462
2025-10-12 09:51:01.113944,57.27,34.23,277.95,22.93,52.217381125164906
2025-10-12 09:51:02.113944,24.73,21.11,294.36,54.38,52.454415348908505
2025-10-12 09:51:03.113943,82.85,75.65,288.87,57.33,52.49242759870326
2025-10-12 09:51:04.113943,59.07,38.9,174.39,102.09,52.520760118832044
2025-10-12 09:51:05.113942,15.05,72.37,261.57,128.46,52.90349367319702
2025-10-12 09:51:06.113942,35.57,73.8,84.45,41.85,51.9452720588147
2025-10-12 09:51:07.113941,62.39,55.36,207.5,122.73,52.7387233249189
2025-10-12 09:51:08.113941,38.52,83.64,57.0,32.82,51.831273630388324
2025-10-12 09:51:09.113940,53.62,48.88,177.84,59.33,52.249988349897436
2025-10-12 09:51:10.113940,87.3,92.22,215.07,87.69,52.543080059930624
2025-10-12 09:51:11.113939,39.75,29.73,206.91,38.76,52.16586040377829
2025-10-12 09:51:12.113939,38.55,96.49,127.25,92.08,52.38411303255643
2025-10-12 09:51:13.113938,79.68,57.86,269.53,112.69,52.80801833536797
2025-10-12 09:51:14.113938,37.09,46.13,81.7,100.59,52.31378370205231
2025-10-12 09:51:15.113938,16.63,30.01,148.2,34.5,52.01040097778245
2025-10-12 09:51:16.113937,25.38,25.08,138.87,60.73,52.16151556407631
2025-10-12 09:51:17.113937,90.65,41.25,224.77,147.75,52.93439496306436
2025-10-12 09:51:18.113936,89.33,59.81,197.38,45.58,52.207189010693305
2025-10-12 09:51:19.113936,29.11,55.32,184.8,39.77,52.13884339121498
2025-10-12 09:51:20.113935,57.05,51.18,276.75,51.07,52.41097824009791
2025-10-12 09:51:21.113935,21.68,35.99,191.16,40.61,52.14746019987407
2025-10-12 09:51:22.113934,67.35,20.52,53.29,70.54,52.03846859113695
2025-10-12 09:51:23.113934,25.75,47.16,279.33,48.54,52.39754579890627
2025-10-12 09:51:24.113933,14.23,95.87,234.11,120.22,52.8023159006088
2025-10-12 09:51:25.113933,80.12,55.02,233.25,96.17,52.61810142758649
2025-10-12 09:51:26.113932,37.66,57.7,105.34,24.62,51.86726679982044
2025-10-12 09:51:27.113932,19.22,61.64,180.65,21.65,52.01309188992418
2025-10-12 09:51:28.113932,80.88,61.65,223.11,82.21,52.50714093563851
2025-10-12 09:51:29.113931,74.8,26.43,287.01,126.11,52.917518981216965
2025-10-12 09:51:30.113931,68.12,73.09,102.23,44.36,52.000100893522024
2025-10-12 09:51:31.113930,87.46,25.06,137.49,141.17,52.692407381006305
2025-10-12 09:51:32.113930,51.58,70.2,248.52,34.38,52.24955384689137
2025-10-12 09:51:33.113929,20.88,81.64,127.05,89.9,52.36094919883275
2025-10-12 09:51:34.113929,15.21,66.78,243.27,30.76,52.2122375348278
2025-10-12 09:51:35.113928,37.07,53.49,82.46,93.31,52.27120764613714
2025-10-12 09:51:36.113928,17.38,65.78,112.27,79.28,52.249581859302126
2025-10-12 09:51:37.113927,55.52,39.19,146.5,95.42,52.416158528532726
2025-10-12 09:51:38.113927,11.23,55.09,113.05,76.19,52.2248179533108
2025-10-12 09:51:39.113926,47.72,68.15,70.06,114.71,52.39450358285881
2025-10-12 09:51:40.113926,25.17,78.37,255.88,57.03,52.42039495494923
2025-10-12 09:51:41.113926,41.3,51.12,69.92,146.88,52.59824488920228
2025-10-12 09:51:42.113925,67.38,63.82,293.95,105.38,52.815782385179126
2025-10-12 09:51:43.113925,39.83,77.51,78.41,63.85,52.08025361073315
2025-10-12 09:51:44.113924,39.01,38.87,188.24,75.64,52.37522991966322
2025-10-12 09:51:45.113924,94.21,48.0,265.45,23.81,52.203769779339
2025-10-12 09:51:46.113923,71.1,52.15,135.58,78.81,52.289438994637656
2025-10-12 09:51:47.113923,53.68,93.52,279.58,59.71,52.49801527008495
2025-10-12 09:51:48.113922,59.25,35.81,52.4,117.9,52.35938157120808
2025-10-12 09:51:49.113922,62.72,33.73,233.24,24.14,52.12815895796203
2025-10-12 09:51:50.113921,12.09,67.61,116.61,26.78,51.91156039519346
2025-10-12 09:51:51.113921,16.82,97.93,210.66,29.41,52.14987545086471
2025-10-12 09:51:52.113920,65.18,73.27,228.03,121.1,52.78239702694165
2025-10-12 09:51:53.113920,40.98,76.83,105.09,129.46,52.573210178741164
2025-10-12 09:51:54.113920,14.71,87.33,279.23,22.06,52.24392220497596
2025-10-12 09:51:55.113919,35.29,85.96,77.3,15.03,51.75851875746335
2025-10-12 09:51:56.113919,21.07,77.7,273.31,109.77,52.80787330822953
2025-10-12 09:51:57.113918,87.89,58.59,282.79,39.77,52.35320067310326
2025-10-12 09:51:58.113918,27.25,85.63,181.31,78.04,52.402140423862406
2025-10-12 09:51:59.113917,22.21,64.15,107.06,12.45,51.7938108430875
2025-10-12 09:52:00.113917,63.22,61.49,127.45,113.57,52.50770994479033
2025-10-12 09:52:01.113916,54.36,46.92,269.26,60.9,52.45760643092763
2025-10-12 09:52:02.113916,58.95,29.36,183.63,49.87,52.188900015242695
2025-10-12 09:52:03.113915,47.06,81.21,134.87,13.28,51.869129364595466
2025-10-12 09:52:04.113915,49.71,23.03,158.79,51.17,52.140129611660875
2025-10-12 09:52:05.113915,76.2,90.2,107.68,142.73,52.67434107335294
2025-10-12 09:52:06.113914,28.69,45.89,201.14,92.37,52.51815522521748
2025-10-12 09:52:07.113914,43.7,92.12,220.84,57.8,52.3571536159336
2025-10-12 09:52:08.113913,91.42,38.97,95.94,88.87,52.26289894968351
2025-10-12 09:52:09.113913,26.15,77.1,220.97,145.23,52.92937020569747
2025-10-12 09:52:10.113912,34.97,74.09,179.28,90.72,52.47547743731058
2025-10-12 09:52:11.113912,26.28,63.29,248.26,96.08,52.65466098893706
2025-10-12 09:52:12.113911,11.74,73.06,153.72,134.38,52.70924538946765
2025-10-12 09:52:13.113911,32.94,37.6,273.1,20.33,52.19147957377998
2025-10-12 09:52:14.113910,13.95,47.93,258.11,134.99,52.92573410794387
2025-10-12 09:52:15.113910,23.15,60.16,186.17,18.3,52.00200672771569
2025-10-12 09:52:16.113910,40.83,65.82,235.88,95.51,52.62543325346228
2025-10-12 09:52:17.113909,11.76,96.68,193.85,122.19,52.72851870115913
2025-10-12 09:52:18.113909,74.0,44.24,299.72,99.48,52.77824571499048
2025-10-12 09:52:19.113908,77.63,48.19,235.67,122.26,52.79271534744277
2025-10-12 09:52:20.113908,44.97,98.25,191.78,56.16,52.28664817216156
2025-10-12 09:52:21.113907,93.7,62.64,66.24,89.39,52.215099081431205
2025-10-12 09:52:22.113907,67.71,23.83,133.67,56.03,52.118346683512485
2025-10-12 09:52:23.113906,73.22,38.24,238.36,145.93,52.95011724096272
2025-10-12 09:52:24.113906,26.35,50.99,123.6,80.06,52.27110582874542
2025-10-12 09:52:25.113905,81.18,41.96,145.05,10.65,51.85191924431395
2025-10-12 09:52:26.113905,90.33,91.06,188.02,120.74,52.70312325501743
2025-10-12 09:52:27.113904,30.09,37.83,50.23,53.44,51.92796487554457
2025-10-12 09:52:28.113904,68.35,35.79,155.2,66.01,52.237937279865484
2025-10-12 09:52:29.113903,73.49,93.66,140.19,120.46,52.5989689589524
2025-10-12 09:52:30.113903,35.94,59.34,266.34,107.35,52.766479974881726
2025-10-12 09:52:31.113902,50.38,34.18,75.99,88.24,52.21278175160303
2025-10-12 09:52:32.113902,18.29,67.72,127.7,91.2,52.36324379500639
2025-10-12 09:52:33.113902,24.71,56.34,68.86,84.47,52.18462215072727
2025-10-12 09:52:34.113901,15.23,39.63,292.72,125.07,52.930344228787945
2025-10-12 09:52:35.113901,57.61,80.79,196.37,98.47,52.56771071934605
2025-10-12 09:52:36.113900,63.15,34.49,203.8,66.3,52.344551242022185
2025-10-12 09:52:37.113900,87.87,77.55,228.99,17.17,52.09705628703836
2025-10-12 09:52:38.113899,56.09,85.92,111.43,142.82,52.680691157236836
2025-10-12 09:52:39.113899,32.15,95.87,78.58,112.84,52.415992158226835
2025-10-12 09:52:40.113898,15.06,80.14,211.41,43.86,52.237513233278506
2025-10-12 09:52:41.113898,85.22,73.31,157.03,73.8,52.314482382427144
2025-10-12 09:52:42.113897,50.7,84.48,142.13,23.21,51.95260259312068
2025-10-12 09:52:43.113897,72.67,61.32,228.82,54.7,52.33675293463295
2025-10-12 09:52:44.113896,11.25,69.2,108.08,26.59,51.892682446627944
2025-10-12 09:52:45.113896,51.49,69.32,242.35,23.12,52.160946872668575
2025-10-12 09:52:46.113896,37.69,23.38,217.54,143.92,52.88335183090252
2025-10-12 09:52:47.113895,12.58,60.12,80.42,71.0,52.122395284514404
2025-10-12 09:52:48.113895,75.93,31.11,171.83,62.78,52.24996579554594
2025-10-12 09:52:49.113894,53.6,50.18,159.09,90.55,52.417256476313604
2025-10-12 09:52:50.113894,38.32,98.88,228.56,141.7,52.93451950454184
2025-10-12 09:52:51.113893,78.49,82.27,235.34,136.41,52.90487438254627
2025-10-12 09:52:52.113893,47.99,22.05,240.98,23.07,52.13134755062198
2025-10-12 09:52:53.113892,10.3,45.04,72.93,31.47,51.835392339145365
2025-10-12 09:52:54.113892,90.28,66.9,245.62,25.71,52.183883544213764
2025-10-12 09:52:55.113891,31.73,49.33,98.95,34.46,51.91406087549106
2025-10-12 09:52:56.113891,80.6,81.94,179.58,42.35,52.15945380673604
2025-10-12 09:52:57.113890,79.4,28.89,116.22,15.8,51.81629841161805
2025-10-12 09:52:58.113890,23.8,40.15,294.6,63.96,52.52911206708472
2025-10-12 09:52:59.113889,50.29,61.41,104.46,136.17,52.6078012793928
2025-10-12 09:53:00.113889,13.42,30.78,286.12,58.15,52.46694455053979
2025-10-12 09:53:01.113889,40.14,38.39,291.94,56.28,52.47138983530313
2025-10-12 09:53:02.113888,72.13,98.72,282.24,90.46,52.710771285810125
2025-10-12 09:53:03.113888,30.15,41.25,213.98,82.03,52.47479509281094
2025-10-12 09:53:04.113887,19.96,66.23,61.95,50.57,51.950135264187956
2025-10-12 09:53:05.113887,53.11,54.9,124.3,83.02,52.29444532198976
2025-10-12 09:53:06.113886,55.64,70.18,241.1,149.19,52.99546549725752
2025-10-12 09:53:07.113886,67.45,26.94,151.92,147.25,52.76510572968113
2025-10-12 09:53:08.113885,74.53,42.75,165.7,119.01,52.61635479752179
2025-10-12 09:53:09.113885,69.14,59.81,240.46,55.47,52.36627048410214
2025-10-12 09:53:10.113884,81.86,59.12,266.95,125.58,52.88867677012569
2025-10-12 09:53:11.113884,28.95,83.86,144.1,66.03,52.24073535821486
2025-10-12 09:53:12.113884,58.43,87.39,66.83,28.63,51.82687093146995
2025-10-12 09:53:13.113883,40.61,59.97,177.76,95.08,52.49326391461509
2025-10-12 09:53:14.113883,91.78,70.79,204.7,80.01,52.457692724041635
2025-10-12 09:53:15.113882,47.42,76.6,104.95,115.05,52.47713656447486
2025-10-12 09:53:16.113882,91.58,47.28,246.97,84.41,52.5655006686724
2025-10-12 09:53:17.113881,75.37,93.96,72.69,114.52,52.41330484660007
2025-10-12 09:53:18.113881,71.07,30.39,190.39,39.65,52.13630313742746
2025-10-12 09:53:19.113880,51.78,73.51,270.05,14.0,52.1628272069905
2025-10-12 09:53:20.113880,47.69,30.19,210.16,142.86,52.864097694689434
2025-10-12 09:53:21.113879,54.76,27.38,134.28,147.05,52.72576227815919
2025-10-12 09:53:22.113879,34.96,91.26,231.96,51.84,52.34123655056025
2025-10-12 09:53:23.113878,86.88,67.0,129.27,31.29,51.9686140833632
2025-10-12 09:53:24.113878,77.52,29.39,127.51,105.47,52.43622178760884
2025-10-12 09:53:25.113878,78.12,50.84,151.75,69.98,52.26517618335905
2025-10-12 09:53:26.113877,46.82,51.66,275.58,108.8,52.79187294323397
2025-10-12 09:53:27.113877,16.04,77.31,111.81,74.36,52.22234317577401
2025-10-12 09:53:28.113876,68.06,36.0,222.64,10.72,52.017359385624
2025-10-12 09:53:29.113876,41.83,59.34,62.97,142.03,52.555552809692315
2025-10-12 09:53:30.113875,83.99,56.6,80.93,36.56,51.8929582453841
2025-10-12 09:53:31.113875,76.33,95.88,252.36,54.24,52.40398305802348
2025-10-12 09:53:32.113874,22.35,30.12,124.71,65.16,52.16300932723153
2025-10-12 09:53:33.113874,61.15,72.91,75.1,122.67,52.4609152771427
2025-10-12 09:53:34.113873,68.84,55.13,154.34,79.65,52.337362029670665
2025-10-12 09:53:35.113873,58.29,35.86,264.58,82.22,52.582808054646684
2025-10-12 09:53:36.113872,53.69,76.6,270.98,95.83,52.709685138896276
2025-10-12 09:53:37.113872,29.37,46.25,229.89,17.99,52.08703890401877
2025-10-12 09:53:38.113872,30.05,70.27,256.28,137.84,52.953108470559044
2025-10-12 09:53:39.113871,75.28,87.8,153.13,41.55,52.10003444336544
2025-10-12 09:53:40.113871,11.59,93.82,182.76,55.7,52.261566498133405
2025-10-12 09:53:41.113870,76.21,25.5,115.76,32.12,51.92173390518982
2025-10-12 09:53:42.113870,54.78,29.3,203.18,49.74,52.23040733195742
2025-10-12 09:53:43.113868,89.58,73.03,218.15,94.35,52.58328898707298
2025-10-12 09:53:44.113867,94.77,73.46,114.21,113.81,52.487244421657245
2025-10-12 09:53:45.113867,66.4,43.08,276.11,28.54,52.25554807178597
2025-10-12 09:53:46.113866,45.04,55.89,202.63,115.41,52.67987095213451
2025-10-12 09:53:47.113866,50.38,38.21,200.2,130.25,52.76326108195254
2025-10-12 09:53:48.113866,27.36,85.9,160.13,88.41,52.425179391767294
2025-10-12 09:53:49.113865,18.43,97.13,184.91,63.96,52.32289437905253
2025-10-12 09:53:50.113865,59.19,85.72,113.31,53.04,52.08877002441295
2025-10-12 09:53:51.113864,78.47,36.98,55.65,116.08,52.35500191528537
2025-10-12 09:53:52.113864,32.25,71.45,174.64,22.86,52.01354457010618
2025-10-12 09:53:53.113863,45.67,59.32,185.8,134.4,52.771315500710124
2025-10-12 09:53:54.113863,57.16,24.69,191.63,70.07,52.33772533688456
2025-10-12 09:53:55.113862,87.17,96.95,165.0,15.62,51.958767777318535
2025-10-12 09:53:56.113862,21.78,83.77,282.65,128.93,52.958676961007335
2025-10-12 09:53:57.113861,30.14,29.12,199.07,76.48,52.398871347491465
2025-10-12 09:53:58.113861,88.08,96.45,291.18,91.93,52.738655848710096
2025-10-12 09:53:59.113860,13.36,78.74,174.81,97.5,52.513369061182956
2025-10-12 09:54:00.113860,65.77,40.28,225.64,23.15,52.10874761413861
2025-10-12 09:54:01.113859,64.36,60.11,294.44,121.91,52.924494206021286
2025-10-12 09:54:02.113859,42.58,62.95,160.35,105.7,52.5276467843232
2025-10-12 09:54:03.113859,49.79,32.95,202.99,91.16,52.506938397898075
2025-10-12 09:54:04.113858,82.67,64.8,166.0,117.21,52.617324793025965
2025-10-12 09:54:05.113858,24.02,26.78,72.72,138.96,52.53821126090552
2025-10-12 09:54:06.113857,29.68,85.39,219.96,20.41,52.1033362653311
2025-10-12 09:54:07.113857,53.55,69.91,69.64,125.88,52.46870917863422
2025-10-12 09:54:08.113856,44.83,38.65,196.97,103.92,52.58174265107863
2025-10-12 09:54:09.113856,58.82,96.87,250.23,22.07,52.18639523361536
2025-10-12 09:54:10.113855,88.27,86.73,165.84,72.25,52.33076887729413
2025-10-12 09:54:11.113855,87.95,65.35,261.95,143.38,52.99943968986744
2025-10-12 09:54:12.113854,29.55,98.62,119.55,65.96,52.195233213988786
2025-10-12 09:54:13.113854,35.68,20.93,221.93,135.81,52.83768306083792
2025-10-12 09:54:14.113853,23.78,60.93,258.49,39.84,52.30226082426403
2025-10-12 09:54:15.113853,88.86,47.68,106.37,47.82,52.01790976588576
2025-10-12 09:54:16.113853,43.82,76.63,212.22,101.71,52.621279369163084
2025-10-12 09:54:17.113852,48.22,41.31,129.73,99.39,52.40731377207916
2025-10-12 09:54:18.113852,78.22,76.12,135.76,37.35,52.02798555873467
2025-10-12 09:54:19.113851,53.6,43.43,201.54,27.58,52.08763033745619
2025-10-12 09:54:20.113851,20.18,94.84,73.14,121.91,52.46381931103531
2025-10-12 09:54:21.113850,47.22,90.12,276.64,130.57,52.96005886277441
2025-10-12 09:54:22.113850,63.59,43.3,150.67,42.65,52.07724464249647
2025-10-12 09:54:23.113849,71.13,41.73,260.96,77.66,52.54795617260556
2025-10-12 09:54:24.113849,64.85,24.47,186.52,88.73,52.4503695697859
2025-10-12 09:54:25.113848,20.13,23.97,130.8,127.19,52.58450254040689
2025-10-12 09:54:26.113848,35.87,91.45,108.08,15.23,51.82966140305586
2025-10-12 09:54:27.113847,72.35,38.05,61.44,85.02,52.162004192874875
2025-10-12 09:54:28.113847,84.82,40.51,108.8,114.81,52.463817596549
2025-10-12 09:54:29.113847,14.01,91.61,216.8,128.59,52.81795441471618
2025-10-12 09:54:30.113846,13.59,55.54,197.29,21.1,52.04213984775943
2025-10-12 09:54:31.113846,64.69,68.63,105.94,113.99,52.46781477051597
2025-10-12 09:54:32.113845,56.58,42.46,190.28,53.92,52.23749180647094
2025-10-12 09:54:33.113845,23.2,91.44,83.51,65.66,52.11107788684966
2025-10-12 09:54:34.113844,56.6,89.78,294.25,60.22,52.53113862021382
2025-10-12 09:54:35.113844,92.83,81.65,59.14,137.44,52.52919178022259
2025-10-12 09:54:36.113843,63.63,47.6,143.74,19.06,51.908034201416584
2025-10-12 09:54:37.113843,48.18,29.93,183.03,67.56,52.305327731392445
2025-10-12 09:54:38.113842,80.34,21.46,256.18,104.08,52.70166714670448
2025-10-12 09:54:39.113842,28.09,86.48,186.62,74.48,52.39050212705168
2025-10-12 09:54:40.113842,45.22,23.78,95.65,41.43,51.93895122848417
2025-10-12 09:54:41.113841,54.86,37.11,116.66,28.58,51.90664886783401
2025-10-12 09:54:42.113841,52.89,52.16,219.88,11.84,52.02779635764294
2025-10-12 09:54:43.113840,88.28,43.12,235.22,70.52,52.44551032558147
2025-10-12 09:54:44.113840,34.88,97.08,227.23,25.27,52.1578645799945
2025-10-12 09:54:45.113839,14.8,55.25,152.81,47.1,52.11806948272515
2025-10-12 09:54:46.113839,87.89,89.83,82.78,84.67,52.234772017589776
2025-10-12 09:54:47.113838,28.45,30.37,65.17,86.92,52.17843282831356
2025-10-12 09:54:48.113838,42.22,23.17,207.59,104.49,52.59994899234551
2025-10-12 09:54:49.113837,55.13,60.27,105.32,82.0,52.24949546126205
2025-10-12 09:54:50.113837,92.95,42.1,247.44,128.16,52.85401586402148
2025-10-12 09:54:51.113836,55.5,76.61,232.29,62.42,52.40402416875547
2025-10-12 09:54:52.113836,48.06,27.46,161.27,19.98,51.94095887863345
2025-10-12 09:54:53.113836,59.61,71.39,171.85,82.2,52.40131101722923
2025-10-12 09:54:54.113835,92.52,27.53,255.09,106.66,52.719803626014915
2025-10-12 09:54:55.113835,79.53,93.73,217.9,125.46,52.80074520499776
2025-10-12 09:54:56.113834,24.36,49.67,192.78,93.07,52.50677138967754
2025-10-12 09:54:57.113834,78.28,52.94,170.32,19.56,51.97197485246078
2025-10-12 09:54:58.113833,81.49,95.26,267.4,19.94,52.20860373343974
2025-10-12 09:54:59.113833,68.71,59.26,156.7,76.36,52.322941929913675
2025-10-12 09:55:00.113832,65.86,88.71,165.25,139.58,52.77747311916803
2025-10-12 09:55:01.113832,47.47,52.75,184.96,26.27,52.048158594644896
2025-10-12 09:55:02.113831,64.54,23.42,288.5,11.93,52.16124115519023
2025-10-12 09:55:03.113831,72.69,50.88,289.3,114.35,52.858033863810064
2025-10-12 09:55:04.113830,20.44,69.91,161.84,70.3,52.299793583697664
2025-10-12 09:55:05.113830,31.87,58.95,71.46,46.47,51.93949993007142
2025-10-12 09:55:06.113830,26.5,41.55,247.76,15.1,52.104002474204634
2025-10-12 09:55:07.113829,81.5,63.91,87.85,62.78,52.08606138464742
2025-10-12 09:55:08.113829,67.8,86.5,142.42,124.69,52.62789806808712
2025-10-12 09:55:09.113828,48.32,54.63,168.69,85.97,52.410155810450696
2025-10-12 09:55:10.113828,80.21,93.01,58.76,52.22,51.96906511965454
2025-10-12 09:55:11.113827,70.93,20.54,92.44,110.64,52.38954682864441
2025-10-12 09:55:12.113827,87.66,43.54,266.3,65.15,52.47751407239007
2025-10-12 09:55:13.113826,16.53,50.73,242.96,142.8,52.94626821258537
2025-10-12 09:55:14.113826,53.28,69.71,86.14,69.96,52.13323400478801
2025-10-12 09:55:15.113825,70.07,49.35,251.56,130.21,52.88059143245388
2025-10-12 09:55:16.113825,27.64,64.34,196.81,57.14,52.2851986976664
2025-10-12 09:55:17.113825,37.81,54.91,126.13,99.13,52.40534536055672
2025-10-12 09:55:18.113824,45.61,86.64,253.15,81.65,52.58248197735379
2025-10-12 09:55:19.113824,77.52,27.64,126.33,89.9,52.329347721989905
2025-10-12 09:55:20.113823,51.95,30.53,236.03,47.36,52.28654598718635
2025-10-12 09:55:21.113823,51.89,61.23,171.94,129.71,52.711187523518696
2025-10-12 09:55:22.113822,46.63,88.94,119.29,89.46,52.34525849645705
2025-10-12 09:55:23.113822,29.43,52.73,241.42,144.07,52.95246981161045
2025-10-12 09:55:24.113821,88.46,21.73,54.66,77.01,52.08505587111999
2025-10-12 09:55:25.113821,37.01,56.52,202.98,76.19,52.42066968960454
2025-10-12 09:55:26.113820,58.23,88.47,236.89,19.57,52.136195207874934
2025-10-12 09:55:27.113820,22.65,96.37,176.81,124.41,52.70612143406287
2025-10-12 09:55:28.113819,46.91,76.0,198.82,65.25,52.34987238708416
2025-10-12 09:55:29.113819,86.82,61.65,151.39,40.22,52.072885891378675
2025-10-12 09:55:30.113818,94.61,63.41,68.6,44.85,51.925025458237954
2025-10-12 09:55:31.113818,40.75,59.17,278.81,108.14,52.79867595283691
2025-10-12 09:55:32.113818,23.09,40.74,290.7,137.77,53.0108727801439
2025-10-12 09:55:33.113817,36.73,27.73,130.2,145.0,52.70350129430409
2025-10-12 09:55:34.113817,37.82,84.13,188.53,125.86,52.73435677386211
2025-10-12 09:55:35.113816,64.78,21.44,298.46,92.69,52.71776275758051
2025-10-12 09:55:36.113816,52.17,75.85,169.29,108.6,52.57346150113695
2025-10-12 09:55:37.113815,75.32,83.56,109.99,86.6,52.30311175727348
2025-10-12 09:55:38.113815,69.61,97.61,266.87,44.31,52.370509955801886
2025-10-12 09:55:39.113814,31.36,37.02,189.09,82.75,52.423234880920354
2025-10-12 09:55:40.113814,76.66,35.85,125.94,47.1,52.04899694939451
2025-10-12 09:55:41.113813,82.03,50.45,129.02,139.7,52.67840372801997
2025-10-12 09:55:42.113813,60.86,71.33,155.96,132.42,52.700132608477006
2025-10-12 09:55:43.113812,88.85,81.68,244.65,40.91,52.29088703856568
2025-10-12 09:55:44.113812,76.55,30.47,60.84,11.78,51.67037779203236
2025-10-12 09:55:45.113811,60.61,74.48,161.48,99.16,52.49310451735879
2025-10-12 09:55:46.113811,87.02,97.95,218.56,71.77,52.44817317528178
2025-10-12 09:55:47.113811,61.03,62.59,125.69,11.93,51.8298997534792
2025-10-12 09:55:48.113810,54.3,40.67,108.71,130.59,52.56844636526006
2025-10-12 09:55:49.113810,40.28,30.83,82.61,115.72,52.40766698416592
2025-10-12 09:55:50.113809,85.04,76.62,218.47,124.37,52.78522880777091
2025-10-12 09:55:51.113809,20.43,26.99,297.07,135.33,53.00084538610415
2025-10-12 09:55:52.113808,50.25,23.37,90.04,63.27,52.07151156320881
2025-10-12 09:55:53.113808,55.68,59.29,261.93,81.03,52.58219593785266
2025-10-12 09:55:54.113807,57.15,52.89,53.39,111.15,52.32622926101972
2025-10-12 09:55:55.113807,65.41,72.62,203.21,38.27,52.17844235579269
2025-10-12 09:55:56.113806,52.99,60.91,179.18,49.93,52.197197331181385
2025-10-12 09:55:57.113806,31.83,44.67,254.85,106.47,52.72755686267257
2025-10-12 09:55:58.113805,82.84,23.37,263.57,119.71,52.82249780755739
2025-10-12 09:55:59.113805,65.89,38.19,182.31,145.97,52.828783668622215
2025-10-12 09:56:00.113805,82.95,58.5,255.09,81.19,52.56798260503693
2025-10-12 09:56:01.113804,33.46,72.96,213.5,95.57,52.58126167693384
2025-10-12 09:56:02.113804,64.15,85.07,56.61,40.31,51.880935833633075
2025-10-12 09:56:03.113803,70.7,95.72,265.62,30.38,52.274291183903806
2025-10-12 09:56:04.113803,42.59,96.34,171.52,74.33,52.36224001917395
2025-10-12 09:56:05.113802,79.04,84.01,241.34,118.22,52.79812558823544
2025-10-12 09:56:06.113802,10.21,64.05,273.39,71.75,52.548107196518956
2025-10-12 09:56:07.113801,60.57,23.83,170.11,149.19,52.81570554047301
2025-10-12 09:56:08.113801,62.15,65.89,113.9,116.64,52.5011441694034
2025-10-12 09:56:09.113800,55.38,89.08,101.31,132.94,52.59492347285877
2025-10-12 09:56:10.113800,63.55,58.28,79.4,88.07,52.232456301801754
2025-10-12 09:56:11.113799,24.21,20.02,99.52,34.24,51.897532067312234
2025-10-12 09:56:12.113799,68.21,71.41,230.46,93.16,52.601189653657535
2025-10-12 09:56:13.113798,38.54,64.29,208.88,122.65,52.746153234386966
2025-10-12 09:56:14.113798,48.42,85.59,104.4,79.12,52.24247020765876
2025-10-12 09:56:15.113797,38.31,37.87,135.14,144.0,52.7132196602731
2025-10-12 09:56:16.113797,50.28,38.77,77.18,13.66,51.72291406183619
2025-10-12 09:56:17.113797,62.83,92.2,100.18,147.86,52.69323514117772
2025-10-12 09:56:18.113796,81.26,98.25,194.22,117.89,52.70165465549194
2025-10-12 09:56:19.113796,51.09,82.42,287.54,10.16,52.180232373404564
2025-10-12 09:56:20.113795,37.47,95.11,81.82,91.59,52.281556428106576
2025-10-12 09:56:21.113795,51.48,47.26,147.74,16.08,51.89674212860546
2025-10-12 09:56:22.113794,68.55,66.8,294.23,24.14,52.27884156097114
2025-10-12 09:56:23.113794,39.47,30.65,94.19,131.98,52.5406044471484
2025-10-12 09:56:24.113793,45.21,94.22,143.88,41.33,52.08208260868274
2025-10-12 09:56:25.113793,57.84,65.5,150.92,73.54,52.29515960555042
2025-10-12 09:56:26.113792,34.99,62.39,250.44,20.87,52.159705106151
2025-10-12 09:56:27.113792,27.77,41.9,249.44,132.33,52.88591967430532
2025-10-12 09:56:28.113791,21.93,21.2,98.12,30.2,51.86833764672008
2025-10-12 09:56:29.113791,39.97,90.02,224.49,11.87,52.05905571068376
2025-10-12 09:56:30.113791,14.11,42.98,86.2,36.43,51.895949218303436
2025-10-12 09:56:31.113790,59.6,36.73,235.46,118.95,52.76391562389529
2025-10-12 09:56:32.113790,24.95,63.74,61.1,46.83,51.922083346249586
2025-10-12 09:56:33.113789,42.08,91.98,80.38,50.47,52.00377035858259
2025-10-12 09:56:34.113789,32.88,27.43,234.06,74.89,52.46327062739262
2025-10-12 09:56:35.113788,63.58,72.64,52.96,104.12,52.28962388799333
2025-10-12 09:56:36.113788,82.28,63.41,95.28,54.37,52.04607992113467
2025-10-12 09:56:37.113787,63.83,97.59,197.29,19.88,52.05743458042935
2025-10-12 09:56:38.113787,56.11,47.09,51.75,103.51,52.26873745220793
2025-10-12 09:56:39.113786,66.87,62.15,197.22,75.49,52.406662264000985
2025-10-12 09:56:40.113786,12.55,80.94,160.05,93.13,52.45357423131462
2025-10-12 09:56:41.113785,20.44,57.61,230.56,113.49,52.728663927224716
2025-10-12 09:56:42.113785,18.07,70.45,161.37,84.55,52.39365462031337
2025-10-12 09:56:43.113784,18.35,59.57,247.17,47.03,52.32467287628189
2025-10-12 09:56:44.113784,32.14,46.99,60.54,37.3,51.84829832536288
2025-10-12 09:56:45.113783,55.22,89.21,247.19,108.5,52.7491932795767
2025-10-12 09:56:46.113783,19.75,90.75,154.92,88.68,52.418369077112914
2025-10-12 09:56:47.113783,89.48,22.9,289.54,107.98,52.80071040013048
2025-10-12 09:56:48.113782,82.61,95.37,171.33,44.94,52.16622108703314
2025-10-12 09:56:49.113782,92.59,37.5,278.11,44.44,52.36231334844572
2025-10-12 09:56:50.113781,13.61,82.93,237.89,87.1,52.58349224298735
2025-10-12 09:56:51.113781,82.37,88.73,171.79,109.91,52.59474372712116
2025-10-12 09:56:52.113780,78.32,96.95,80.26,89.57,52.265789262316204
2025-10-12 09:56:53.113780,86.68,73.92,278.68,145.93,53.05741898239615
2025-10-12 09:56:54.113779,54.88,70.07,241.38,141.09,52.942250322680785
2025-10-12 09:56:55.113779,76.97,65.98,74.55,77.01,52.15281281103156
2025-10-12 09:56:56.113778,14.36,43.27,222.69,14.31,52.04533962087359
2025-10-12 09:56:57.113778,16.45,44.0,256.45,71.91,52.501272981009244
2025-10-12 09:56:58.113777,20.08,87.12,259.9,106.52,52.76245669424688
2025-10-12 09:56:59.113777,87.76,66.18,190.48,55.15,52.25928462028747
2025-10-12 09:57:00.113776,15.2,50.09,141.22,38.1,52.03032577709772
2025-10-12 09:57:01.113776,18.51,89.53,234.09,21.97,52.14664101142448
2025-10-12 09:57:02.113775,89.08,58.78,292.14,16.71,52.2205325531541
2025-10-12 09:57:03.113775,19.13,51.22,280.97,92.42,52.69460168039719
2025-10-12 09:57:04.113775,83.93,72.12,197.79,18.85,52.037513978550976
2025-10-12 09:57:05.113774,77.09,73.42,264.86,12.08,52.138776723766725
2025-10-12 09:57:06.113774,13.42,91.45,177.43,101.98,52.55585690955336
2025-10-12 09:57:07.113773,11.86,29.25,53.77,61.59,51.984963223278804
2025-10-12 09:57:08.113773,55.42,72.68,289.46,98.27,52.76378195481195
2025-10-12 09:57:09.113772,94.76,95.22,182.66,47.74,52.2092963214726
2025-10-12 09:57:10.113772,84.7,79.81,289.53,60.62,52.51800968104877
2025-10-12 09:57:11.113771,36.35,92.73,51.16,26.87,51.7841721749921
2025-10-12 09:57:12.113771,42.84,45.94,221.23,75.88,52.452310438306476
2025-10-12 09:57:13.113770,42.97,20.65,129.07,99.14,52.39272993731701
2025-10-12 09:57:14.113770,72.41,54.07,89.07,139.8,52.59443053619493
2025-10-12 09:57:15.113769,39.0,46.65,194.69,79.51,52.4192337419089
2025-10-12 09:57:16.113769,22.56,81.19,57.67,50.61,51.94943966463767
2025-10-12 09:57:17.113769,73.5,48.44,236.07,93.77,52.60462826723727
2025-10-12 09:57:18.113768,48.93,94.5,150.7,97.31,52.46858109667305
2025-10-12 09:57:19.113768,16.53,92.78,269.2,149.31,53.06978247483326
2025-10-12 09:57:20.113767,77.15,26.64,229.58,78.04,52.47402130313443
2025-10-12 09:57:21.113767,59.75,40.16,138.92,45.74,52.07052132450466
2025-10-12 09:57:22.113766,51.6,22.02,58.6,128.98,52.438698103633044
2025-10-12 09:57:23.113766,67.23,43.79,192.67,118.25,52.670386422735746
2025-10-12 09:57:24.113765,52.96,34.25,299.44,37.32,52.35951286522279
2025-10-12 09:57:25.113765,65.12,20.62,235.25,83.25,52.517550325303645
2025-10-12 09:57:26.113764,83.74,25.37,202.69,77.15,52.4090838736703
2025-10-12 09:57:27.113764,62.15,82.98,104.31,137.34,52.627240689341036
2025-10-12 09:57:28.113763,66.07,41.61,151.53,43.58,52.08434242243428
2025-10-12 09:57:29.113763,62.18,59.62,199.03,126.48,52.74761137339124
2025-10-12 09:57:30.113762,55.15,69.46,241.61,115.18,52.77044007276949
2025-10-12 09:57:31.113762,24.62,42.97,94.45,114.33,52.43087538064588
2025-10-12 09:57:32.113762,38.53,34.16,251.27,37.09,52.25345654863027
2025-10-12 09:57:33.113761,68.91,64.55,273.21,33.75,52.29578143774894
2025-10-12 09:57:34.113761,46.17,87.26,88.54,22.82,51.83532502185695
2025-10-12 09:57:35.113760,44.52,97.29,174.36,114.8,52.63753576216323
2025-10-12 09:57:36.113760,74.54,79.01,205.1,104.73,52.62720455425491
2025-10-12 09:57:37.113759,10.47,69.26,145.55,124.06,52.62091504844053
2025-10-12 09:57:38.113759,67.71,88.48,76.27,81.6,52.199524777134265
2025-10-12 09:57:39.113758,51.58,75.45,284.74,15.99,52.20897673158953
2025-10-12 09:57:40.113758,42.02,82.01,73.48,77.07,52.159807609763625
2025-10-12 09:57:41.113757,38.95,54.34,279.02,135.76,52.979763927356274
2025-10-12 09:57:42.113757,24.69,37.33,210.53,60.66,52.323294547484345
2025-10-12 09:57:43.113756,38.41,50.91,223.0,81.41,52.495618005444406
2025-10-12 09:57:44.113756,43.27,96.48,70.8,96.61,52.29173513541422
2025-10-12 09:57:45.113755,47.18,21.15,98.88,74.51,52.16405245837235
2025-10-12 09:57:46.113755,67.15,67.48,290.17,97.35,52.756322985574165
2025-10-12 09:57:47.113754,48.55,73.98,290.17,74.0,52.60496033708526
2025-10-12 09:57:48.113754,77.68,26.17,226.32,58.17,52.33480786957658
2025-10-12 09:57:49.113754,64.38,41.81,269.6,142.89,52.9996850159151
2025-10-12 09:57:50.113753,26.12,26.23,118.58,140.03,52.64447645527812
2025-10-12 09:57:51.113753,33.56,22.64,209.57,26.94,52.08923410103303
2025-10-12 09:57:52.113752,16.74,57.4,105.95,45.1,52.00435278506924
2025-10-12 09:57:53.113752,90.39,23.67,97.88,63.86,52.09259918886432
2025-10-12 09:57:54.113751,85.36,56.53,81.1,30.15,51.85074359794947
2025-10-12 09:57:55.113751,17.21,97.01,61.3,117.5,52.41007572175341
2025-10-12 09:57:56.113750,58.8,40.91,185.5,86.37,52.44163888056589
2025-10-12 09:57:57.113750,91.63,21.93,263.13,44.26,52.31996587564819
2025-10-12 09:57:58.113749,73.51,75.41,160.2,133.26,52.71717399762234
2025-10-12 09:57:59.113749,51.8,20.5,62.16,32.84,51.80747397475546
2025-10-12 09:58:00.113748,30.49,34.11,116.74,53.83,52.0727427339285
2025-10-12 09:58:01.113748,33.72,74.19,230.51,63.91,52.40870658202817
2025-10-12 09:58:02.113748,72.58,66.99,123.48,59.65,52.144281044046984
2025-10-12 09:58:03.113747,76.35,26.81,59.86,63.01,52.006239767786816
2025-10-12 09:58:04.113747,54.94,38.53,285.81,43.64,52.37427770692715
2025-10-12 09:58:05.113746,20.28,89.8,217.26,95.04,52.59526729278497
2025-10-12 09:58:06.113746,89.38,48.65,219.89,134.61,52.84071414516578
2025-10-12 09:58:07.113745,81.8,98.44,246.43,43.8,52.32325278755226
2025-10-12 09:58:08.113745,21.95,33.54,218.56,36.66,52.179310365218164
2025-10-12 09:58:09.113744,14.82,48.7,60.92,59.4,51.99675585339342
2025-10-12 09:58:10.113744,55.55,62.13,224.87,23.39,52.12082542611474
2025-10-12 09:58:11.113743,34.15,56.76,193.55,109.05,52.61844802857175
2025-10-12 09:58:12.113743,34.08,88.89,104.01,88.78,52.30757539614218
2025-10-12 09:58:13.113742,17.41,63.34,244.33,130.26,52.87302411422877
2025-10-12 09:58:14.113742,91.04,79.19,151.83,87.84,52.39966094295771
2025-10-12 09:58:15.113742,80.56,23.58,65.05,121.28,52.40244941431626
2025-10-12 09:58:16.113741,19.68,27.51,152.43,41.46,52.0643799165138
2025-10-12 09:58:17.113741,84.51,39.55,245.46,33.55,52.22035752411636
2025-10-12 09:58:18.113740,68.05,97.78,215.4,43.4,52.25292735223946
2025-10-12 09:58:19.113740,37.66,54.44,107.88,107.06,52.418133017938
2025-10-12 09:58:20.113739,84.06,39.2,286.89,50.86,52.42491348282881
2025-10-12 09:58:21.113739,60.83,56.07,192.78,77.08,52.40420288241695
2025-10-12 09:58:22.113738,82.14,89.72,187.59,106.17,52.604741200418985
2025-10-12 09:58:23.113738,49.89,64.5,218.29,35.49,52.188182046163064
2025-10-12 09:58:24.113737,52.56,26.85,94.01,61.37,52.0694476324638
2025-10-12 09:58:25.113737,34.74,97.16,295.93,122.44,52.95185434746089
2025-10-12 09:58:26.113737,42.95,91.65,270.76,75.76,52.58437162517434
2025-10-12 09:58:27.113736,58.26,87.46,204.62,44.51,52.231172110733034
2025-10-12 09:58:28.113736,90.5,28.21,145.74,24.93,51.94054598750877
2025-10-12 09:58:29.113735,61.01,62.12,72.8,129.31,52.49399521564368
2025-10-12 09:58:30.113735,22.53,67.77,51.04,148.25,52.57564981036425
2025-10-12 09:58:31.113734,10.59,92.9,175.41,89.1,52.4667950991564
2025-10-12 09:58:32.113734,82.33,30.86,128.18,135.55,52.63813964183094
2025-10-12 09:58:33.113733,40.97,52.59,299.72,95.61,52.75720480734237
2025-10-12 09:58:34.113733,36.77,86.01,225.15,44.72,52.27628842637585
2025-10-12 09:58:35.113732,78.06,35.09,283.39,33.0,52.29649535469226
2025-10-12 09:58:36.113732,90.36,58.82,102.91,140.56,52.632135859476314
2025-10-12 09:58:37.113731,73.58,23.76,81.67,70.57,52.10202570595122
2025-10-12 09:58:38.113731,24.78,39.71,133.36,130.32,52.619585601254826
2025-10-12 09:58:39.113730,43.27,75.29,186.65,118.18,52.67438779214956
2025-10-12 09:58:40.113730,74.55,73.96,97.03,39.24,51.95532373096425
2025-10-12 09:58:41.113730,87.09,75.11,181.6,39.96,52.14417276234307
2025-10-12 09:58:42.113729,94.88,91.71,261.54,145.0,53.02396654669957
2025-10-12 09:58:43.113729,53.48,60.55,168.02,93.52,52.46210668630164
2025-10-12 09:58:44.113728,79.91,27.5,115.98,12.96,51.796154970046736
2025-10-12 09:58:45.113728,13.96,66.38,224.59,130.79,52.83541732303439
2025-10-12 09:58:46.113727,34.3,44.58,277.88,90.33,52.670334010569256
2025-10-12 09:58:47.113727,41.58,94.93,112.5,15.18,51.840852327239524
2025-10-12 09:58:48.113726,92.92,82.66,73.56,112.98,52.39868446552855
2025-10-12 09:58:49.113726,10.29,87.38,78.61,35.84,51.90027012635833
2025-10-12 09:58:50.113725,36.18,47.7,283.74,114.94,52.848121278392526
2025-10-12 09:58:51.113725,89.09,27.88,159.48,131.46,52.67722478058462
2025-10-12 09:58:52.113725,36.07,63.94,195.33,18.28,52.023844613803575
2025-10-12 09:58:53.113724,29.13,30.87,238.99,103.94,52.66868791393873
2025-10-12 09:58:54.113724,72.06,27.47,90.63,59.73,52.051576383431374
2025-10-12 09:58:55.113723,73.35,23.74,262.43,102.19,52.703947307552255
2025-10-12 09:58:56.113723,50.14,63.99,121.71,104.07,52.433597367922516
2025-10-12 09:58:57.113722,90.49,81.11,243.96,88.88,52.607459700422794
2025-10-12 09:58:58.113722,27.23,53.72,201.8,137.32,52.822284532576525
2025-10-12 09:58:59.113721,87.64,57.75,153.81,74.55,52.30382025314041
2025-10-12 09:59:00.113721,74.22,55.59,255.03,131.61,52.90088113100268
2025-10-12 09:59:01.113720,41.3,67.87,254.53,83.49,52.58724599408422
2025-10-12 09:59:02.113720,78.59,74.28,251.82,66.71,52.47356173229168
2025-10-12 09:59:03.113719,21.32,36.93,164.64,108.74,52.54265404206942
2025-10-12 09:59:04.113719,21.13,42.09,197.65,88.43,52.48232102099705
2025-10-12 09:59:05.113719,89.04,30.34,286.57,39.63,52.344754932103385
2025-10-12 09:59:06.113718,18.06,98.98,67.85,29.21,51.839380297649626
2025-10-12 09:59:07.113718,10.35,26.4,170.52,95.83,52.46386365801152
2025-10-12 09:59:08.113717,43.07,62.4,135.31,36.3,52.01240812397103
2025-10-12 09:59:09.113717,18.83,95.2,116.22,80.26,52.28101991234522
2025-10-12 09:59:10.113716,83.36,22.26,58.97,45.8,51.88755208282695
2025-10-12 09:59:11.113716,88.43,78.53,192.59,140.56,52.837614383903365
2025-10-12 09:59:12.113715,51.01,58.41,286.36,142.87,53.04513881265273
2025-10-12 09:59:13.113715,46.17,98.36,203.41,143.85,52.89395039642746
2025-10-12 09:59:14.113714,55.82,51.58,242.9,57.0,52.377139413289655
2025-10-12 09:59:15.113714,29.23,25.67,181.55,10.96,51.92408248103892
2025-10-12 09:59:16.113713,35.33,50.74,249.39,15.67,52.116433442536135
2025-10-12 09:59:17.113713,18.58,98.07,75.15,93.37,52.28055017898518
2025-10-12 09:59:18.113713,47.95,43.74,79.26,104.12,52.33059116033552
2025-10-12 09:59:19.113712,61.99,68.61,229.89,106.47,52.68673680914574
2025-10-12 09:59:20.113712,89.07,80.89,243.82,142.3,52.961592727035764
2025-10-12 09:59:21.113711,72.82,69.7,124.83,49.52,52.08148191215916
2025-10-12 09:59:22.113711,71.46,72.6,73.03,66.67,52.084570004356905
2025-10-12 09:59:23.113706,36.18,82.75,268.79,115.06,52.83598957665505
2025-10-12 09:59:24.113706,85.5,90.41,237.47,132.18,52.885947186686934
2025-10-12 09:59:25.113705,90.49,67.26,127.02,42.97,52.041400979742086
2025-10-12 09:59:26.113705,89.24,20.56,193.05,131.04,52.74317770300278
2025-10-12 09:59:27.113705,13.3,94.37,231.55,72.38,52.478405368070256
2025-10-12 09:59:28.113704,61.37,63.74,172.29,28.48,52.041459500547305
2025-10-12 09:59:29.113704,64.67,88.33,279.08,93.42,52.71778353466407
2025-10-12 09:59:30.113703,35.08,72.36,73.58,67.21,52.08921351868472
2025-10-12 09:59:31.113703,94.36,73.39,113.91,29.75,51.928632001043304
2025-10-12 09:59:32.113702,34.75,70.74,179.39,36.14,52.11159422735953
2025-10-12 09:59:33.113702,28.41,24.86,298.69,33.58,52.3278394246732
2025-10-12 09:59:34.113701,51.15,54.66,271.97,73.63,52.55228158795732
2025-10-12 09:59:35.113701,37.47,43.42,194.53,63.91,52.31354960508499
2025-10-12 09:59:36.113700,88.54,34.35,208.47,61.05,52.31975720600596
2025-10-12 09:59:37.113700,47.41,28.73,219.9,69.69,52.398767647516166
2025-10-12 09:59:38.113699,44.86,22.7,277.33,72.3,52.537300722115965
2025-10-12 09:59:39.113699,63.2,56.18,135.11,65.88,52.20484247655711
2025-10-12 09:59:40.113699,16.89,21.33,253.66,111.59,52.74597435286065
2025-10-12 09:59:41.113698,74.32,68.29,288.39,40.78,52.37744656218016
2025-10-12 09:59:42.113698,75.31,25.26,200.93,99.05,52.550559895336114
2025-10-12 09:59:43.113697,50.29,55.29,55.14,30.44,51.79567189984053
2025-10-12 09:59:44.113697,91.23,68.62,247.17,53.09,52.36992874061477
2025-10-12 09:59:45.113696,59.24,29.58,295.13,37.42,52.348230400072865
2025-10-12 09:59:46.113696,69.1,72.01,103.22,56.88,52.08474509344666
2025-10-12 09:59:47.113695,88.57,84.45,72.14,129.2,52.504255616831934
2025-10-12 09:59:48.113695,66.64,69.65,116.59,17.75,51.852717963342975
2025-10-12 09:59:49.113694,46.71,65.05,274.59,125.41,52.907418258878074
2025-10-12 09:59:50.113694,12.11,66.42,192.71,72.18,52.37728641892167
2025-10-12 09:59:51.113693,71.91,46.85,76.7,22.28,51.78358043697277
2025-10-12 09:59:52.113693,92.01,25.71,143.35,137.61,52.6818507638129
2025-10-12 09:59:53.113692,49.97,49.37,98.71,131.75,52.55929547629531
2025-10-12 09:59:54.113692,38.88,21.45,150.73,103.25,52.46743392613736
2025-10-12 09:59:55.113692,54.14,24.42,292.87,125.43,52.9245977527117
2025-10-12 09:59:56.113691,71.92,96.03,291.0,14.83,52.22630389470864
2025-10-12 09:59:57.113691,10.06,35.94,238.16,41.93,52.258135475430414
2025-10-12 09:59:58.113690,85.41,27.5,280.43,48.25,52.387070171262195
2025-10-12 09:59:59.113690,85.34,78.82,161.55,59.64,52.233368628086026
2025-10-12 10:00:00.113689,56.01,33.48,64.3,144.16,52.55818904855211
2025-10-12 10:00:01.113689,20.4,38.92,159.68,109.61,52.53877729282408
2025-10-12 10:00:02.113688,67.1,82.78,209.34,137.21,52.85407440824389
2025-10-12 10:00:03.113688,21.72,86.76,262.83,132.17,52.938855640978375
2025-10-12 10:00:04.113687,53.14,40.95,107.32,119.04,52.48892762084203
2025-10-12 10:00:05.113687,17.96,77.48,261.32,17.54,52.169596184744954
2025-10-12 10:00:06.113687,60.07,81.46,192.75,54.79,52.270318964859555
2025-10-12 10:00:07.113686,37.04,61.2,128.64,18.81,51.881188908980015
2025-10-12 10:00:08.113686,80.63,59.38,109.55,73.51,52.201825336545284
2025-10-12 10:00:09.113685,78.0,55.13,260.13,138.25,52.95575801532766
2025-10-12 10:00:10.113685,94.87,90.39,181.31,67.26,52.33323939316391
2025-10-12 10:00:11.113684,31.89,92.88,277.92,104.87,52.793794558492834
2025-10-12 10:00:12.113684,15.25,81.26,145.16,61.33,52.210393287826626
2025-10-12 10:00:13.113683,47.66,98.75,234.82,114.38,52.7666967677271
2025-10-12 10:00:14.113683,17.09,45.27,55.61,19.0,51.71518773108058
2025-10-12 10:00:15.113682,25.17,21.1,62.07,105.94,52.292791648945595
2025-10-12 10:00:16.113682,60.77,77.91,200.99,113.51,52.67595272083328
2025-10-12 10:00:17.113681,60.33,72.67,128.11,34.19,51.988500120115226
2025-10-12 10:00:18.113681,13.68,49.72,228.02,52.42,52.31343194576128
2025-10-12 10:00:19.113681,47.65,70.36,65.64,36.31,51.8657898538816
2025-10-12 10:00:20.113680,55.07,51.73,293.24,63.94,52.53247138323013
2025-10-12 10:00:21.113680,32.78,23.1,82.45,43.79,51.92560621812056
2025-10-12 10:00:22.113679,84.12,24.87,148.85,70.47,52.24769144769239
2025-10-12 10:00:23.113679,23.69,77.9,115.19,22.55,51.886129355181836
2025-10-12 10:00:24.113678,31.58,80.12,115.36,111.51,52.47817810384669
2025-10-12 10:00:25.113678,23.34,26.87,60.0,52.1,51.93416498220254
2025-10-12 10:00:26.113677,19.91,62.56,221.38,128.39,52.810400590444374
2025-10-12 10:00:27.113677,84.71,62.06,103.33,29.34,51.89666015992845
2025-10-12 10:00:28.113676,33.62,91.05,161.93,39.16,52.10506650491405
2025-10-12 10:00:29.113676,71.41,54.86,123.21,100.93,52.41093108340582
2025-10-12 10:00:30.113675,46.38,87.42,245.07,128.96,52.87939633324411
2025-10-12 10:00:31.113675,64.05,98.11,198.43,99.67,52.58977844322992
2025-10-12 10:00:32.113675,88.89,32.16,203.29,28.96,52.09431596173384
2025-10-12 10:00:33.113674,81.79,34.2,298.32,80.95,52.64663670325845
2025-10-12 10:00:34.113674,15.86,32.17,89.56,114.82,52.41751333982993
2025-10-12 10:00:35.113673,81.84,43.37,156.22,143.24,52.75695706803299
2025-10-12 10:00:36.113673,48.4,34.07,169.06,13.42,51.91799230393805
2025-10-12 10:00:37.113672,39.76,25.03,257.56,65.08,52.44779561629191
2025-10-12 10:00:38.113672,67.15,49.24,235.43,35.62,52.21773214503169
2025-10-12 10:00:39.113671,90.77,88.33,69.92,134.22,52.53491763002264
2025-10-12 10:00:40.113671,18.0,56.95,131.38,101.89,52.43618599903883
2025-10-12 10:00:41.113670,75.29,95.08,285.67,91.78,52.72494707638414
2025-10-12 10:00:42.113670,27.3,80.22,213.76,71.32,52.424912268029466
2025-10-12 10:00:43.113669,42.31,61.83,156.99,12.12,51.898627065798024
2025-10-12 10:00:44.113669,84.27,82.31,170.02,43.59,52.14715432488696
2025-10-12 10:00:45.113668,56.39,92.11,274.91,41.6,52.36690212843534
2025-10-12 10:00:46.113668,15.73,23.02,287.47,96.64,52.721021554860016
2025-10-12 10:00:47.113668,53.18,36.74,288.73,132.69,52.97065776002574
2025-10-12 10:00:48.113667,77.12,41.32,226.71,78.79,52.48094061122286
2025-10-12 10:00:49.113667,54.95,74.99,152.68,147.71,52.79653713403856
2025-10-12 10:00:50.113666,24.19,45.51,209.45,128.57,52.77623457968197
2025-10-12 10:00:51.113666,47.83,64.09,221.9,44.64,52.25651433181794
2025-10-12 10:00:52.113665,88.57,25.07,125.01,100.76,52.39713495809653
2025-10-12 10:00:53.113665,65.95,69.13,82.9,75.13,52.16019817347874
2025-10-12 10:00:54.113664,72.04,91.58,59.85,118.04,52.40749411931865
2025-10-12 10:00:55.113664,76.8,86.3,289.51,13.6,52.2094956351727
2025-10-12 10:00:56.113663,17.71,81.27,136.45,66.35,52.22482577726032
2025-10-12 10:00:57.113663,59.43,57.67,284.33,25.8,52.26330746740572
2025-10-12 10:00:58.113663,41.95,55.16,280.08,64.11,52.506964033894135
2025-10-12 10:00:59.113662,21.83,24.78,58.94,97.5,52.23203196042679
2025-10-12 10:01:00.113662,27.23,60.76,94.35,110.07,52.412280472512116
2025-10-12 10:01:01.113661,76.4,57.11,168.62,138.93,52.762889545518306
2025-10-12 10:01:02.113661,23.73,60.07,240.96,140.36,52.930931269630925
2025-10-12 10:01:03.113660,36.56,82.06,231.47,101.51,52.664725436113976
2025-10-12 10:01:04.113660,34.21,64.61,103.04,45.46,52.00444131978576
2025-10-12 10:01:05.113659,14.13,81.58,291.39,22.46,52.269753178792065
2025-10-12 10:01:06.113659,49.28,95.88,169.04,52.48,52.21158230156463
2025-10-12 10:01:07.113658,75.1,36.63,83.13,100.73,52.31252976711927
2025-10-12 10:01:08.113658,11.88,54.96,286.52,139.73,53.02272584015153
2025-10-12 10:01:09.113657,19.57,63.64,266.52,97.42,52.70335508313603
2025-10-12 10:01:10.113657,71.22,82.06,253.56,65.62,52.474429168229214
2025-10-12 10:01:11.113657,60.45,51.47,56.22,39.09,51.853301112802235
2025-10-12 10:01:12.113656,70.8,23.86,163.2,127.69,52.6580348505169
2025-10-12 10:01:13.113655,29.56,34.3,161.85,21.12,51.953588333734864
2025-10-12 10:01:14.113655,78.32,74.2,222.82,101.21,52.63960015129321
2025-10-12 10:01:15.113655,50.79,70.74,91.01,64.77,52.10992285889908
2025-10-12 10:01:16.113654,61.88,64.01,78.7,131.27,52.52085248857114
2025-10-12 10:01:17.113654,17.83,37.71,80.92,68.23,52.0926282157476
2025-10-12 10:01:18.113653,27.43,64.33,121.48,96.11,52.38045555366531
2025-10-12 10:01:19.113653,75.74,97.23,83.42,11.28,51.75317283699293
2025-10-12 10:01:20.113652,29.03,49.74,101.97,132.18,52.56942616933169
2025-10-12 10:01:21.113652,17.87,45.52,188.59,76.68,52.386591094362984
2025-10-12 10:01:22.113651,60.76,86.58,232.61,13.74,52.08716572743605
2025-10-12 10:01:23.113651,56.57,88.7,224.12,18.07,52.09866950400852
2025-10-12 10:01:24.113650,61.67,28.17,114.98,76.34,52.21502425866893
2025-10-12 10:01:25.113650,62.56,40.01,82.61,120.12,52.44197741941232
2025-10-12 10:01:26.113649,52.52,33.34,206.89,132.98,52.79318195018853
2025-10-12 10:01:27.113649,51.97,90.8,298.01,26.34,52.314993161017256
2025-10-12 10:01:28.113649,88.55,86.31,276.16,85.88,52.66028193992729
2025-10-12 10:01:29.113648,55.38,35.9,129.7,65.26,52.177711622216385
2025-10-12 10:01:30.113648,62.47,83.19,90.9,14.14,51.780568828708375
2025-10-12 10:01:31.113647,32.69,35.47,253.88,21.34,52.15531047212752
2025-10-12 10:01:32.113647,84.04,82.7,165.5,71.99,52.326063893292115
2025-10-12 10:01:33.113646,12.07,95.21,114.16,130.7,52.611337600265365
2025-10-12 10:01:34.113646,57.36,93.77,133.11,75.34,52.284203451040234
2025-10-12 10:01:35.113645,42.63,73.69,226.08,34.17,52.20142961964524
2025-10-12 10:01:36.113645,61.33,73.76,53.57,143.77,52.55473487707518
2025-10-12 10:01:37.113644,40.61,24.02,85.4,99.86,52.30466413441289
2025-10-12 10:01:38.113644,71.0,30.94,142.43,44.4,52.064111575187084
2025-10-12 10:01:39.113643,11.73,54.19,147.38,143.42,52.74499708178299
2025-10-12 10:01:40.113643,44.5,30.52,261.8,40.86,52.29929321948412
2025-10-12 10:01:41.113643,80.66,98.48,97.4,81.9,52.252909380417634
2025-10-12 10:01:42.113642,31.27,60.11,146.61,85.46,52.36192827905779
2025-10-12 10:01:43.113642,14.48,75.31,103.69,91.6,52.31804376228038
2025-10-12 10:01:44.113641,52.2,97.88,222.9,120.94,52.7838985819595
2025-10-12 10:01:45.113641,93.01,75.49,221.98,85.33,52.53309713744814
2025-10-12 10:01:46.113640,15.45,49.01,261.36,23.21,52.19147819472672
2025-10-12 10:01:47.113640,15.95,73.46,154.2,41.99,52.09729837804035
2025-10-12 10:01:48.113639,60.58,52.69,72.57,79.62,52.15844818637143
2025-10-12 10:01:49.113639,31.26,98.64,276.18,75.05,52.595303565597234
2025-10-12 10:01:50.113638,44.87,80.87,183.73,53.31,52.24060351424082
2025-10-12 10:01:51.113638,80.59,67.18,231.1,84.16,52.54048990755181
2025-10-12 10:01:52.113637,26.9,84.21,74.14,24.74,51.81513845657906
2025-10-12 10:01:53.113637,71.14,75.81,295.41,38.19,52.379665772905966
2025-10-12 10:01:54.113637,52.88,94.9,256.53,87.77,52.63502774955283
2025-10-12 10:01:55.113636,86.92,98.25,87.61,72.26,52.167564553585734
2025-10-12 10:01:56.113636,92.7,68.13,220.17,99.08,52.61633843103498
2025-10-12 10:01:57.113635,51.22,71.52,51.22,61.37,52.00148664224456
2025-10-12 10:01:58.113635,59.7,76.59,230.16,82.13,52.53021227312013
2025-10-12 10:01:59.113634,73.4,84.79,72.94,25.19,51.81584507088704
2025-10-12 10:02:00.113634,37.09,64.49,290.52,145.64,53.07592905952321
2025-10-12 10:02:01.113633,29.27,34.28,154.86,91.26,52.403949051287796
2025-10-12 10:02:02.113633,92.0,43.24,80.89,39.52,51.905085517517364
2025-10-12 10:02:03.113632,46.77,43.73,293.18,53.87,52.46105432735656
2025-10-12 10:02:04.113632,10.14,38.92,87.55,47.62,51.970889025770106
2025-10-12 10:02:05.113631,81.21,72.08,69.14,38.7,51.89020100334588
2025-10-12 10:02:06.113631,60.97,27.99,297.96,118.36,52.890698835348964
2025-10-12 10:02:07.113630,24.33,34.78,199.33,72.33,52.37503953138643
2025-10-12 10:02:08.113630,12.56,54.81,252.3,26.85,52.19921314514209
2025-10-12 10:02:09.113630,34.78,35.92,133.49,104.08,52.443599167286266
2025-10-12 10:02:10.113629,88.87,74.93,296.76,59.96,52.52659613665095
2025-10-12 10:02:11.113629,89.35,93.55,94.81,11.42,51.77675955225286
2025-10-12 10:02:12.113628,36.44,96.3,67.07,81.44,52.18285843315086
2025-10-12 10:02:13.113628,81.05,25.09,221.6,123.79,52.759502367158696
2025-10-12 10:02:14.113627,47.56,62.95,226.75,89.89,52.56673287166411
2025-10-12 10:02:15.113627,65.62,23.9,197.92,42.01,52.164688990324194
2025-10-12 10:02:16.113626,38.43,91.87,264.67,145.06,53.03124268811741
2025-10-12 10:02:17.113626,53.86,57.04,156.65,105.99,52.51825866041308
2025-10-12 10:02:18.113625,34.97,70.94,75.27,51.21,51.98589400328079
2025-10-12 10:02:19.113625,15.19,87.43,65.07,69.03,52.091218543042864
2025-10-12 10:02:20.113625,21.85,79.32,148.1,103.57,52.49604608124743
2025-10-12 10:02:21.113624,34.71,24.74,241.97,30.9,52.1869605201742
2025-10-12 10:02:22.113624,92.98,20.66,214.83,132.77,52.80195603521918
2025-10-12 10:02:23.113623,92.08,37.52,123.43,125.16,52.5625814264222
2025-10-12 10:02:24.113623,80.35,44.2,252.43,36.9,52.26029667617783
2025-10-12 10:02:25.113622,29.76,23.46,290.09,48.74,52.40902730725948
2025-10-12 10:02:26.113622,47.54,58.25,242.32,11.96,52.080652522373555
2025-10-12 10:02:27.113621,47.38,79.42,249.37,79.21,52.55407204353871
2025-10-12 10:02:28.113621,42.89,82.71,188.33,104.02,52.588176658122535
2025-10-12 10:02:29.113620,13.81,30.72,133.43,102.57,52.43055413831712
2025-10-12 10:02:30.113620,55.43,26.28,248.54,82.28,52.543086585921586
2025-10-12 10:02:31.113619,16.19,69.51,80.1,101.81,52.3314168430179
2025-10-12 10:02:32.113618,78.16,72.51,280.99,94.8,52.7222850631697
2025-10-12 10:02:33.113618,68.76,51.68,90.4,63.54,52.08983308843692
2025-10-12 10:02:34.113617,39.98,83.67,127.25,29.03,51.958506082688224
2025-10-12 10:02:35.113616,65.01,83.86,271.65,106.09,52.78327468241998
2025-10-12 10:02:36.113616,29.81,68.7,88.48,59.17,52.06613220226109
2025-10-12 10:02:37.113615,32.55,78.76,75.98,140.0,52.5811009166339
2025-10-12 10:02:38.113615,36.7,28.89,54.48,93.67,52.19922421494004
2025-10-12 10:02:39.113614,77.75,64.74,235.39,70.64,52.458702566360266
2025-10-12 10:02:40.113614,27.91,20.01,296.89,103.81,52.78736759411558
2025-10-12 10:02:41.113613,57.84,50.25,286.02,69.94,52.55581122748217
2025-10-12 10:02:42.113612,27.04,81.46,236.74,86.94,52.57911821571968
2025-10-12 10:02:43.113612,34.23,39.42,200.28,111.2,52.63766911016833
2025-10-12 10:02:44.113611,30.02,42.33,250.84,59.86,52.408197777731345
2025-10-12 10:02:45.113611,64.83,96.41,159.23,79.8,52.37192768179097
2025-10-12 10:02:46.113610,54.77,79.35,157.07,65.82,52.26496431750413
2025-10-12 10:02:47.113609,71.31,87.38,233.84,65.04,52.430766815477085
2025-10-12 10:02:48.113609,28.7,28.96,198.29,99.28,52.54841863082994
2025-10-12 10:02:49.113608,10.78,79.38,88.69,143.7,52.633571164263635
2025-10-12 10:02:50.113608,67.84,88.65,200.24,44.08,52.219479978563704
2025-10-12 10:02:51.113607,19.76,26.64,121.64,51.56,52.06414878389375
2025-10-12 10:02:52.113607,30.94,91.3,279.24,134.71,52.993832628345366
2025-10-12 10:02:53.113606,35.98,29.71,223.87,125.74,52.77993855551809
2025-10-12 10:02:54.113605,73.48,56.53,191.2,79.22,52.41523539281757
2025-10-12 10:02:55.113605,63.2,97.23,222.21,85.61,52.54754822360894
2025-10-12 10:02:56.113604,25.66,31.22,117.62,146.27,52.686586246862376
2025-10-12 10:02:57.113604,60.82,24.99,166.23,15.63,51.92147116148574
2025-10-12 10:02:58.113603,70.19,45.41,70.54,128.89,52.47701004840063
2025-10-12 10:02:59.113603,43.06,33.62,210.31,39.47,52.18011131971742
2025-10-12 10:03:00.113602,30.91,94.99,191.08,85.38,52.477255271291995
2025-10-12 10:03:01.113601,67.71,62.72,60.02,146.1,52.57804798493294
2025-10-12 10:03:02.113601,61.93,63.51,210.26,73.92,52.42528190261412
2025-10-12 10:03:03.113600,16.62,44.31,160.87,130.11,52.680419335700705
2025-10-12 10:03:04.113600,66.67,82.04,231.87,143.5,52.94427780706054
2025-10-12 10:03:05.113599,51.52,86.92,98.97,10.91,51.77870931094994
2025-10-12 10:03:06.113598,74.04,54.46,115.5,108.67,52.44535764735297
2025-10-12 10:03:07.113598,26.21,48.68,206.54,93.38,52.53812333520143
2025-10-12 10:03:08.113597,31.95,38.68,157.8,120.01,52.60359295257931
2025-10-12 10:03:09.113597,56.18,52.07,97.42,147.1,52.659880459812214
2025-10-12 10:03:10.113596,50.95,67.56,74.24,141.34,52.57999025851984
2025-10-12 10:03:11.113596,42.84,89.57,89.72,98.68,52.34266722342168
2025-10-12 10:03:12.113595,73.41,86.88,272.15,47.77,52.398957842275955
2025-10-12 10:03:13.113594,58.0,57.26,81.38,32.8,51.86934557795439
2025-10-12 10:03:14.113594,70.37,21.62,97.89,72.5,52.148825861140196
2025-10-12 10:03:15.113593,23.03,60.08,178.46,62.27,52.27707695558168
2025-10-12 10:03:16.113593,71.96,91.64,155.09,119.98,52.626977172681045
2025-10-12 10:03:17.113592,49.23,23.1,238.09,141.41,52.91110921265753
2025-10-12 10:03:18.113592,12.87,40.86,59.37,55.96,51.96620064303049
2025-10-12 10:03:19.113591,29.93,24.85,167.36,63.34,52.240504898906224
2025-10-12 10:03:20.113590,12.19,84.97,95.66,53.12,52.05060130983179
2025-10-12 10:03:21.113590,48.83,60.1,200.27,51.05,52.249924151538984
2025-10-12 10:03:22.113589,37.7,65.67,163.21,84.76,52.39638027247916
2025-10-12 10:03:23.113589,93.93,65.44,217.77,101.36,52.624769264262206
2025-10-12 10:03:24.113588,83.82,77.01,216.15,98.51,52.60877581532935
2025-10-12 10:03:25.113587,80.18,83.88,253.62,116.67,52.81440067081852
2025-10-12 10:03:26.113587,52.59,96.89,213.4,131.45,52.83249949751867
2025-10-12 10:03:27.113586,78.6,71.33,256.1,91.89,52.64832851898087
2025-10-12 10:03:28.113586,32.68,88.13,94.24,36.7,51.94029646960119
2025-10-12 10:03:29.113585,57.66,93.06,127.67,113.76,52.52701035185566
2025-10-12 10:03:30.113584,43.4,53.84,184.66,112.58,52.62097074025934
2025-10-12 10:03:31.113584,24.56,47.59,221.5,37.96,52.20213143237689
2025-10-12 10:03:32.113583,16.17,73.97,189.31,136.99,52.8042686455464
2025-10-12 10:03:33.113583,57.45,78.69,197.93,14.29,52.01120686068841
2025-10-12 10:03:34.113582,18.3,25.27,119.78,135.37,52.615615849990576
2025-10-12 10:03:35.113582,71.03,51.06,255.77,60.83,52.43018535928616
2025-10-12 10:03:36.113581,88.32,95.02,222.08,95.57,52.61214333218776
2025-10-12 10:03:37.113581,23.78,51.35,253.63,101.87,52.69809563836112
2025-10-12 10:03:38.113580,50.03,58.9,211.0,75.79,52.43673399534967
2025-10-12 10:03:39.113580,72.8,30.47,244.35,45.82,52.294337227331205
2025-10-12 10:03:40.113579,34.38,22.84,103.96,46.52,51.99023585780358
2025-10-12 10:03:41.113579,88.26,61.14,152.85,41.3,52.08293706351392
2025-10-12 10:03:42.113579,85.52,64.37,288.03,29.95,52.3026042176803
2025-10-12 10:03:43.113578,18.82,96.74,227.43,120.69,52.79143058153207
2025-10-12 10:03:44.113578,12.33,71.54,128.79,83.3,52.315299163225305
2025-10-12 10:03:45.113577,93.0,26.65,257.98,65.91,52.45511665521285
2025-10-12 10:03:46.113577,91.3,22.25,178.39,45.02,52.14138892004743
2025-10-12 10:03:47.113576,45.89,82.44,73.39,13.97,51.7410444718488
2025-10-12 10:03:48.113576,14.3,27.72,117.49,114.87,52.47594926646483
2025-10-12 10:03:49.113575,62.6,33.39,247.29,104.02,52.688623269260546
2025-10-12 10:03:50.113575,34.94,91.28,58.92,54.05,51.98059584029351
2025-10-12 10:03:51.113574,89.62,85.4,256.51,21.17,52.187662262644146
2025-10-12 10:03:52.113574,77.55,47.3,264.63,104.13,52.7347014814679
2025-10-12 10:03:53.113573,65.22,75.12,262.87,17.13,52.16892399957855
2025-10-12 10:03:54.113573,34.18,30.27,186.91,91.59,52.473424353414586
2025-10-12 10:03:55.113573,69.61,47.75,118.15,129.99,52.5888777573328
2025-10-12 10:03:56.113572,34.58,62.69,196.37,39.44,52.16584807564736
2025-10-12 10:03:57.113572,13.2,32.49,113.87,52.82,52.058913002179374
2025-10-12 10:03:58.113571,53.22,29.83,234.38,80.83,52.504724753942384
2025-10-12 10:03:59.113571,51.54,37.79,121.62,46.88,52.039245986938205
2025-10-12 10:04:00.113570,74.86,84.65,254.14,11.86,52.12031225913904
2025-10-12 10:04:01.113570,83.58,42.69,52.67,70.28,52.04773116505233
2025-10-12 10:04:02.113569,40.13,20.38,174.28,62.48,52.24731961181019
2025-10-12 10:04:03.113569,48.21,25.64,292.08,72.66,52.57331804700559
2025-10-12 10:04:04.113569,49.98,23.36,290.02,86.44,52.659042179405745
2025-10-12 10:04:05.113568,37.56,89.56,166.47,97.28,52.499838685356735
2025-10-12 10:04:06.113568,73.19,40.34,219.57,14.72,52.0396637207554
2025-10-12 10:04:07.113567,54.38,77.07,82.64,54.97,52.030245310924386
2025-10-12 10:04:08.113567,87.69,77.67,116.06,107.08,52.44893068832898
2025-10-12 10:04:09.113566,65.28,76.49,254.3,127.53,52.88384453255314
2025-10-12 10:04:10.113566,28.01,37.01,235.74,107.05,52.685696054613786
2025-10-12 10:04:11.113565,24.01,36.13,123.73,28.0,51.91758880464122
2025-10-12 10:04:12.113565,41.65,24.33,128.49,23.28,51.890021316854934
2025-10-12 10:04:13.113564,39.49,50.07,68.73,110.83,52.35580874256985
2025-10-12 10:04:14.113564,44.61,67.04,226.99,142.89,52.92130010939479
2025-10-12 10:04:15.113564,25.61,52.04,96.63,74.05,52.17330303129353
2025-10-12 10:04:16.113563,93.15,93.52,153.76,89.42,52.42230551899183
2025-10-12 10:04:17.113563,22.39,93.71,220.15,36.28,52.213709045179066
2025-10-12 10:04:18.113562,65.48,95.24,274.91,11.09,52.166142442046535
2025-10-12 10:04:19.113562,11.11,95.61,214.69,86.61,52.53697350791149
2025-10-12 10:04:20.113561,44.59,39.48,195.74,36.11,52.12946819654086
2025-10-12 10:04:21.113561,36.28,46.06,207.52,143.84,52.87370441162058
2025-10-12 10:04:22.113560,42.47,97.89,156.08,75.66,52.338440716941456
2025-10-12 10:04:23.113560,52.34,33.68,58.52,56.44,51.96354868344184
2025-10-12 10:04:24.113559,61.03,45.22,220.06,64.05,52.37085416115793
2025-10-12 10:04:25.113559,59.6,79.39,279.61,149.89,53.088762354578606
2025-10-12 10:04:26.113559,63.61,40.15,149.04,140.95,52.72439335812259
2025-10-12 10:04:27.113558,81.79,56.49,60.94,48.05,51.925800567175955
2025-10-12 10:04:28.113558,85.37,89.37,220.54,87.6,52.552761590113775
2025-10-12 10:04:29.113557,72.67,34.91,298.88,147.93,53.09280575956056
2025-10-12 10:04:30.113557,16.71,79.04,83.41,50.62,52.00413951393613
2025-10-12 10:04:31.113556,91.71,81.57,263.77,16.88,52.172804869662166
2025-10-12 10:04:32.113556,90.53,71.91,132.79,63.7,52.19409184284364
2025-10-12 10:04:33.113555,70.49,41.67,222.09,105.13,52.64593840407877
2025-10-12 10:04:34.113555,53.98,87.87,65.71,112.8,52.38336157433252
2025-10-12 10:04:35.113554,31.3,66.14,274.22,100.32,52.740694821260604
2025-10-12 10:04:36.113554,74.29,27.22,259.64,52.63,52.37089226922482
2025-10-12 10:04:37.113553,84.62,54.05,133.79,95.2,52.395397139605606
2025-10-12 10:04:38.113553,66.54,94.56,281.12,23.98,52.26478698985036
2025-10-12 10:04:39.113552,63.47,21.31,277.27,45.84,52.36077710164205
2025-10-12 10:04:40.113552,26.41,65.6,264.8,62.86,52.471333242932026
2025-10-12 10:04:41.113551,40.41,87.65,220.11,33.89,52.194388250523815
2025-10-12 10:04:42.113551,71.47,47.81,185.46,28.48,52.061163202914095
2025-10-12 10:04:43.113551,11.44,32.67,146.26,88.4,52.36541782099624
2025-10-12 10:04:44.113550,64.51,35.63,207.67,125.99,52.74975365639623
2025-10-12 10:04:45.113550,75.17,61.38,88.08,145.11,52.631593264483115
2025-10-12 10:04:46.113549,38.45,98.15,150.04,16.29,51.93143433221151
2025-10-12 10:04:47.113549,16.47,84.09,107.66,56.67,52.0997015639252
2025-10-12 10:04:48.113548,79.63,54.41,134.26,123.03,52.58133001966397
2025-10-12 10:04:49.113548,22.06,23.5,219.61,52.56,52.28153404631173
2025-10-12 10:04:50.113547,41.52,21.49,260.61,123.35,52.83919119803185
2025-10-12 10:04:51.113547,70.12,32.73,187.92,49.26,52.196030949644644
2025-10-12 10:04:52.113546,79.44,20.11,154.99,129.39,52.64942467389454
2025-10-12 10:04:53.113546,83.3,50.03,191.93,65.2,52.320149340732364
2025-10-12 10:04:54.113545,55.09,83.94,84.13,105.38,52.371879925398346
2025-10-12 10:04:55.113545,50.45,73.38,123.29,88.04,52.33585367436097
2025-10-12 10:04:56.113545,82.11,26.99,197.67,132.57,52.766930258096416
2025-10-12 10:04:57.113544,57.86,72.56,296.2,131.63,52.99975100943857
2025-10-12 10:04:58.113544,59.19,29.19,125.59,136.02,52.63471246110279
2025-10-12 10:04:59.113543,46.89,96.64,222.02,91.27,52.58437444040156
2025-10-12 10:05:00.113543,41.69,20.79,216.34,39.35,52.185256559604774
2025-10-12 10:05:01.113542,50.85,20.08,102.85,63.91,52.10171378069556
2025-10-12 10:05:02.113542,41.01,24.03,112.08,132.17,52.57698588169594
2025-10-12 10:05:03.113540,39.2,72.72,77.54,143.16,52.602098057249044
2025-10-12 10:05:04.113539,94.46,22.28,77.47,56.14,51.996317928959876
2025-10-12 10:05:05.113539,38.58,81.58,116.61,115.89,52.51077243771583
2025-10-12 10:05:06.113539,31.79,52.01,269.15,140.26,52.98692733403435
2025-10-12 10:05:07.113538,40.08,69.23,159.32,122.54,52.640676654200554
2025-10-12 10:05:08.113538,60.22,71.65,172.5,119.73,52.65195949581574
2025-10-12 10:05:09.113537,87.43,82.18,57.02,105.66,52.31395825776338
2025-10-12 10:05:10.113537,76.97,93.18,192.87,38.91,52.171700304504995
2025-10-12 10:05:11.113536,81.59,72.8,183.67,65.18,52.31476762180974
2025-10-12 10:05:12.113536,83.02,72.25,121.42,11.25,51.8214987098669
2025-10-12 10:05:13.113535,88.24,69.57,71.87,59.8,52.03477087809568
2025-10-12 10:05:14.113535,29.98,35.05,248.05,15.67,52.10479877697462
2025-10-12 10:05:15.113534,48.96,46.01,114.96,41.45,51.99333333689012
2025-10-12 10:05:16.113534,42.74,86.42,213.22,107.02,52.6641379708848
2025-10-12 10:05:17.113533,42.46,51.59,89.04,124.31,52.49017567787185
2025-10-12 10:05:18.113533,65.44,47.89,126.82,79.39,52.271918509765484
2025-10-12 10:05:19.113533,44.15,49.19,268.59,78.16,52.57197402163215
2025-10-12 10:05:20.113532,62.39,95.08,282.64,98.96,52.76603014652954
2025-10-12 10:05:21.113532,42.49,54.88,123.25,14.03,51.83425654213191
2025-10-12 10:05:22.113531,36.45,73.85,157.19,90.85,52.428294027329855
2025-10-12 10:05:23.113531,40.01,40.6,67.33,103.44,52.29845519321919
2025-10-12 10:05:24.113530,78.32,32.53,173.02,137.67,52.75039650511761
2025-10-12 10:05:25.113530,61.09,94.24,107.24,15.7,51.83251100070328
2025-10-12 10:05:26.113529,92.79,85.39,263.7,102.2,52.74106373462523
2025-10-12 10:05:27.113529,80.78,30.23,251.25,80.59,52.53994501126434
2025-10-12 10:05:28.113528,51.29,63.79,228.98,42.75,52.25915950935322
2025-10-12 10:05:29.113528,30.6,21.73,169.38,95.72,52.458063043356944
2025-10-12 10:05:30.113528,67.28,51.01,255.0,69.73,52.48755848520502
2025-10-12 10:05:31.113527,71.76,90.75,84.47,119.42,52.46959197920711
2025-10-12 10:05:32.113527,49.45,78.44,74.63,140.25,52.57965408121051
2025-10-12 10:05:33.113526,29.54,84.81,56.79,85.13,52.17866078676712
2025-10-12 10:05:34.113526,57.37,36.47,222.91,102.43,52.626903811674495
2025-10-12 10:05:35.113525,31.58,65.62,212.21,64.77,52.369954835279565
2025-10-12 10:05:36.113525,89.9,27.48,294.68,142.9,53.04617769284046
2025-10-12 10:05:37.113524,63.46,71.76,104.52,117.1,52.48711770047738
2025-10-12 10:05:38.113524,34.81,38.52,106.72,91.41,52.302888686854466
2025-10-12 10:05:39.113523,28.34,65.05,285.96,58.19,52.48592715682435
2025-10-12 10:05:40.113523,70.92,23.38,193.5,22.44,52.024922886175766
2025-10-12 10:05:41.113522,70.16,65.32,89.58,64.37,52.10115123370737
2025-10-12 10:05:42.113522,60.76,72.86,216.85,85.01,52.518383324499
2025-10-12 10:05:43.113522,62.22,95.02,233.17,24.07,52.16163771264743
2025-10-12 10:05:44.113521,61.33,60.85,59.97,143.55,52.5599744158782
2025-10-12 10:05:45.113521,40.61,79.11,51.13,149.04,52.587396764709695
2025-10-12 10:05:46.113520,89.68,63.39,287.76,87.72,52.684904301842
2025-10-12 10:05:47.113520,50.74,40.42,297.5,85.54,52.678783016821384
2025-10-12 10:05:48.113519,11.73,25.34,174.69,46.72,52.146365879406154
2025-10-12 10:05:49.113519,39.61,27.22,136.03,17.73,51.87114665728985
2025-10-12 10:05:50.113518,21.07,52.67,269.72,121.25,52.86235768855275
2025-10-12 10:05:51.113518,40.89,42.55,205.66,16.84,52.02479349460085
2025-10-12 10:05:52.113517,61.7,90.62,91.13,25.44,51.86020127642985
2025-10-12 10:05:53.113517,11.93,81.13,114.08,62.18,52.14855073513344
2025-10-12 10:05:54.113516,83.97,45.01,150.75,74.28,52.28830396514793
2025-10-12 10:05:55.113516,61.88,37.97,259.36,16.88,52.13898530744565
2025-10-12 10:05:56.113515,35.11,43.2,195.85,95.16,52.52370268105669
2025-10-12 10:05:57.113515,36.45,80.84,162.54,36.96,52.08610799853103
2025-10-12 10:05:58.113515,49.58,34.18,116.43,65.07,52.14671138626894
2025-10-12 10:05:59.113514,31.09,95.75,168.26,24.72,52.02556958931199
2025-10-12 10:06:00.113514,10.37,64.57,261.59,58.4,52.43419594132634
2025-10-12 10:06:01.113513,12.26,91.41,232.66,26.59,52.17524905316609
2025-10-12 10:06:02.113513,40.41,92.97,281.74,117.5,52.885957921884646
2025-10-12 10:06:03.113512,20.56,23.97,101.64,149.89,52.671919500725636
2025-10-12 10:06:04.113512,11.9,74.95,249.94,88.66,52.615543244790196
2025-10-12 10:06:05.113511,83.04,49.88,188.36,64.09,52.304955354763344
2025-10-12 10:06:06.113511,33.3,38.54,257.11,51.18,52.36207805255343
2025-10-12 10:06:07.113510,52.77,92.93,214.04,100.81,52.62832100565863
2025-10-12 10:06:08.113510,25.25,91.8,81.76,22.13,51.81856525096774
2025-10-12 10:06:09.113509,13.97,69.47,89.9,77.97,52.19441980232771
2025-10-12 10:06:10.113509,73.31,81.71,112.34,84.14,52.290852210240544
2025-10-12 10:06:11.113509,20.62,29.65,283.96,84.8,52.63851224825489
2025-10-12 10:06:12.113508,12.19,26.7,250.38,22.21,52.148614720759255
2025-10-12 10:06:13.113508,59.91,37.68,206.22,39.38,52.17290139871899
2025-10-12 10:06:14.113507,11.14,91.52,93.17,85.67,52.26488503627378
2025-10-12 10:06:15.113507,47.08,75.86,258.29,35.47,52.28112792913325
2025-10-12 10:06:16.113506,34.55,40.49,76.23,132.97,52.51369433954214
2025-10-12 10:06:17.113506,37.15,37.61,79.7,130.34,52.50216274333346
2025-10-12 10:06:18.113505,10.33,42.51,215.51,40.19,52.201114233051655
2025-10-12 10:06:19.113505,91.97,36.27,239.27,19.12,52.109332152809515
2025-10-12 10:06:20.113504,53.94,89.91,176.36,27.18,52.05621707000185
2025-10-12 10:06:21.113504,58.66,80.9,262.24,23.38,52.21225539737079
2025-10-12 10:06:22.113503,66.62,84.17,260.42,107.67,52.769576275894345
2025-10-12 10:06:23.113503,77.79,81.75,73.21,121.66,52.455029967238936
2025-10-12 10:06:24.113503,61.67,98.99,134.34,106.83,52.4987804791894
2025-10-12 10:06:25.113502,74.79,51.73,184.92,118.26,52.65806017623647
2025-10-12 10:06:26.113502,48.14,47.38,93.8,104.93,52.36952914339823
2025-10-12 10:06:27.113501,41.56,93.8,55.6,53.96,51.97419934180534
2025-10-12 10:06:28.113501,79.97,53.23,245.27,59.88,52.402312903107536
2025-10-12 10:06:29.113500,83.55,75.33,185.77,148.31,52.87248009079897
2025-10-12 10:06:30.113500,21.71,81.1,157.16,140.06,52.75887854924156
2025-10-12 10:06:31.113499,56.13,46.75,108.73,89.49,52.299083205182875
2025-10-12 10:06:32.113499,68.11,20.75,242.11,83.77,52.53595317844254
2025-10-12 10:06:33.113498,17.11,52.9,115.66,76.67,52.232446560547736
2025-10-12 10:06:34.113498,89.02,23.65,270.75,71.29,52.516853752637346
2025-10-12 10:06:35.113497,54.21,98.15,56.61,86.8,52.19677543598626
2025-10-12 10:06:36.113497,64.86,35.29,91.32,146.33,52.63220445560858
2025-10-12 10:06:37.113497,25.15,77.04,231.64,94.36,52.61484561337783
2025-10-12 10:06:38.113496,32.48,43.74,284.87,43.92,52.3769955679041
2025-10-12 10:06:39.113496,20.29,82.35,95.16,43.63,51.9850723330946
2025-10-12 10:06:40.113495,32.44,72.7,229.53,20.73,52.119157936860184
2025-10-12 10:06:41.113495,51.85,46.96,61.02,20.74,51.73941076261552
2025-10-12 10:06:42.113494,80.86,76.07,73.2,94.64,52.272511469125156
2025-10-12 10:06:43.113494,55.37,64.2,156.91,10.24,51.887294030991185
2025-10-12 10:06:44.113493,30.78,89.22,124.73,58.7,52.15305331936321
2025-10-12 10:06:45.113493,13.79,49.09,148.49,100.37,52.45883622024245
2025-10-12 10:06:46.113492,62.87,86.51,123.51,25.37,51.92768183335136
2025-10-12 10:06:47.113492,45.71,98.48,264.95,119.35,52.86488476071274
2025-10-12 10:06:48.113491,93.67,89.28,144.5,101.26,52.47844650984343
2025-10-12 10:06:49.113491,76.28,98.77,130.07,22.79,51.93160651390238
2025-10-12 10:06:50.113490,78.71,25.59,149.51,50.02,52.11379282405057
2025-10-12 10:06:51.113490,11.04,63.17,66.71,21.92,51.76860164952446
2025-10-12 10:06:52.113490,76.11,74.46,183.09,94.01,52.50578345217783
2025-10-12 10:06:53.113489,26.54,67.73,231.75,25.05,52.1498809852242
2025-10-12 10:06:54.113489,59.79,31.73,121.1,91.64,52.33182792492952
2025-10-12 10:06:55.113488,48.03,76.34,137.78,58.09,52.1701447471926
2025-10-12 10:06:56.113488,58.59,64.96,262.23,117.83,52.83024966425115
2025-10-12 10:06:57.113487,21.34,85.93,111.07,62.97,52.14993570104555
2025-10-12 10:06:58.113487,48.84,31.94,75.44,54.89,51.988992194878136
2025-10-12 10:06:59.113486,13.14,68.8,210.18,92.96,52.55442340576167
2025-10-12 10:07:00.113486,13.48,33.2,230.12,115.25,52.72581193578899
2025-10-12 10:07:01.113485,65.91,97.26,189.27,53.15,52.26067534299323
2025-10-12 10:07:02.113485,90.89,75.58,177.34,115.32,52.63537354347388
2025-10-12 10:07:03.113484,76.08,45.29,271.42,83.91,52.61410657203112
2025-10-12 10:07:04.113484,49.88,55.01,77.82,59.63,52.038448353268386
2025-10-12 10:07:05.113483,14.75,71.0,110.97,130.3,52.58829583079323
2025-10-12 10:07:06.113483,13.83,53.28,74.81,133.75,52.52290638895399
2025-10-12 10:07:07.113483,23.42,49.72,186.64,104.14,52.56695544793452
2025-10-12 10:07:08.113482,92.94,32.75,71.7,73.48,52.10471630615019
2025-10-12 10:07:09.113482,43.89,55.47,71.91,60.51,52.031726318392124
2025-10-12 10:07:10.113480,81.69,43.6,119.62,54.42,52.08818455718747
2025-10-12 10:07:11.113480,69.94,30.25,212.04,35.47,52.15544015741631
2025-10-12 10:07:12.113479,61.46,57.49,72.2,86.16,52.20372313876576
2025-10-12 10:07:13.113479,90.57,46.65,126.54,30.45,51.94579696757882
2025-10-12 10:07:14.113478,29.58,28.47,289.58,63.39,52.50794309247505
2025-10-12 10:07:15.113478,48.67,81.08,206.36,57.84,52.319870822227074
2025-10-12 10:07:16.113478,83.5,71.58,132.94,62.3,52.184941537077286
2025-10-12 10:07:17.113477,56.9,92.9,202.98,82.71,52.48418214738232
2025-10-12 10:07:18.113477,30.95,58.31,59.11,149.37,52.59532459760055
2025-10-12 10:07:19.113476,27.76,52.73,212.04,87.36,52.51234977651664
2025-10-12 10:07:20.113476,73.99,60.55,170.38,16.4,51.955364836763046
2025-10-12 10:07:21.113475,11.09,24.3,99.67,42.66,51.95612354677674
2025-10-12 10:07:22.113475,87.71,52.47,70.24,121.35,52.43024231617597
2025-10-12 10:07:23.113474,11.57,21.74,114.32,75.0,52.201121925927005
2025-10-12 10:07:24.113474,63.63,89.8,105.66,71.9,52.19962455043927
2025-10-12 10:07:25.113473,61.4,67.84,53.43,72.05,52.07511819199225
2025-10-12 10:07:26.113473,59.16,73.37,298.59,58.59,52.520604590527334
2025-10-12 10:07:27.113472,50.32,83.03,123.81,71.69,52.23383159664468
2025-10-12 10:07:28.113472,82.46,73.44,272.56,105.33,52.77440761189366
2025-10-12 10:07:29.113471,66.04,26.14,140.97,128.43,52.61599833167147
2025-10-12 10:07:30.113471,76.46,29.62,272.37,101.25,52.722538990488836
2025-10-12 10:07:31.113470,19.82,93.26,227.56,108.97,52.711988699942644
2025-10-12 10:07:32.113470,14.24,96.77,154.53,51.52,52.174233814772734
2025-10-12 10:07:33.113469,12.42,33.38,82.73,43.48,51.92987469120513
2025-10-12 10:07:34.113469,22.51,93.93,252.82,124.33,52.86909716049099
2025-10-12 10:07:35.113469,66.7,94.59,75.59,120.12,52.45711365241031
2025-10-12 10:07:36.113468,51.99,70.71,89.07,29.43,51.87113980698686
2025-10-12 10:07:37.113468,73.94,61.99,298.27,67.66,52.5737792826223
2025-10-12 10:07:38.113467,26.3,84.92,287.86,142.94,53.06360420689103
2025-10-12 10:07:39.113467,41.19,65.14,65.3,112.93,52.370690592950055
2025-10-12 10:07:40.113466,85.52,75.53,52.27,42.57,51.88121549878456
2025-10-12 10:07:41.113466,89.54,97.28,92.38,50.83,52.035135843621646
2025-10-12 10:07:42.113465,88.35,77.94,170.3,91.63,52.46418158697766
2025-10-12 10:07:43.113465,79.56,66.76,265.48,87.3,52.63566654463243
2025-10-12 10:07:44.113464,68.5,28.37,161.47,22.63,51.95948747306515
2025-10-12 10:07:45.113464,87.66,57.63,108.11,124.26,52.53456624687325
2025-10-12 10:07:46.113463,70.71,56.64,239.72,102.94,52.6779697371599
2025-10-12 10:07:47.113463,91.08,93.41,75.9,71.77,52.13622113139214
2025-10-12 10:07:48.113463,12.11,66.82,203.53,42.99,52.20723750077537
2025-10-12 10:07:49.113462,88.34,63.86,258.85,118.67,52.82788184032617
2025-10-12 10:07:50.113462,57.24,97.21,177.43,139.67,52.80921711415358
2025-10-12 10:07:51.113461,19.5,63.25,250.82,21.36,52.16425995638051
2025-10-12 10:07:52.113461,28.27,34.94,110.15,125.06,52.531678436601105
2025-10-12 10:07:53.113460,82.43,29.2,68.16,45.12,51.90683237351046
2025-10-12 10:07:54.113460,53.02,64.89,166.58,40.45,52.10916161903923
2025-10-12 10:07:55.113459,93.54,95.89,141.87,52.27,52.151262906942186
2025-10-12 10:07:56.113459,19.99,61.01,92.69,116.97,52.45461570124129
2025-10-12 10:07:57.113458,45.06,24.5,240.43,123.56,52.79848946444202
2025-10-12 10:07:58.113458,38.21,27.4,161.14,74.36,52.30157431107985
2025-10-12 10:07:59.113457,53.87,47.33,260.59,121.9,52.84389848918055
2025-10-12 10:08:00.113457,63.84,21.46,209.42,62.21,52.32234626974715
2025-10-12 10:08:01.113457,66.24,80.5,137.93,18.2,51.90802648057338
2025-10-12 10:08:02.113456,10.11,95.35,191.08,28.5,52.09993176678472
2025-10-12 10:08:03.113456,17.56,64.84,221.34,20.62,52.09629144960005
2025-10-12 10:08:04.113455,12.98,72.28,230.84,89.6,52.57886941864038
2025-10-12 10:08:05.113455,83.49,24.17,85.97,92.92,52.25992174835097
2025-10-12 10:08:06.113454,36.63,82.23,80.72,70.76,52.13375268503296
2025-10-12 10:08:07.113454,41.2,83.71,172.24,56.16,52.23617783443022
2025-10-12 10:08:08.113453,48.28,64.47,263.41,74.67,52.54607504943075
2025-10-12 10:08:09.113453,82.19,84.63,64.54,95.13,52.261742208327504
2025-10-12 10:08:10.113452,11.2,96.89,296.72,93.84,52.7635938049294
2025-10-12 10:08:11.113452,20.08,85.64,204.97,141.57,52.87512514888437
2025-10-12 10:08:12.113451,68.24,92.17,141.0,23.3,51.95502688693034
2025-10-12 10:08:13.113451,91.93,96.39,218.68,122.35,52.783275064220334
2025-10-12 10:08:14.113450,64.64,56.71,132.72,40.2,52.02951023208905
2025-10-12 10:08:15.113450,32.2,22.87,285.38,136.58,52.98149459723123
2025-10-12 10:08:16.113450,54.19,23.42,151.85,80.74,52.321555772651486
2025-10-12 10:08:17.113449,92.87,85.96,224.26,141.54,52.91694364216592
2025-10-12 10:08:18.113449,54.89,24.63,50.67,29.57,51.76314626655256
2025-10-12 10:08:19.113448,41.75,60.63,242.51,82.25,52.5489171879723
2025-10-12 10:08:20.113448,42.59,41.64,208.29,77.42,52.43207308073943
2025-10-12 10:08:21.113447,92.2,47.46,221.75,55.64,52.319947003316365
2025-10-12 10:08:22.113447,71.11,29.86,268.94,105.45,52.74310913220745
2025-10-12 10:08:23.113446,68.41,23.94,153.34,93.26,52.40817453034501
2025-10-12 10:08:24.113446,29.72,39.26,280.77,55.55,52.442801166212455
2025-10-12 10:08:25.113445,57.56,21.08,247.78,116.24,52.7639446524295
2025-10-12 10:08:26.113445,40.32,30.13,211.76,106.21,52.624281409749045
2025-10-12 10:08:27.113444,30.42,34.35,244.89,134.61,52.886983620624015
2025-10-12 10:08:28.113444,86.12,93.65,192.52,107.33,52.62531964387998
2025-10-12 10:08:29.113443,42.57,72.89,115.25,20.37,51.86900337722628
2025-10-12 10:08:30.113443,34.04,63.08,294.18,38.08,52.369186230051
2025-10-12 10:08:31.113442,89.2,75.23,257.93,88.66,52.63302914508873
2025-10-12 10:08:32.113442,26.77,64.41,50.7,74.64,52.084479136718194
2025-10-12 10:08:33.113442,73.37,44.66,123.55,135.03,52.63232276976469
2025-10-12 10:08:34.113441,65.48,27.63,178.73,121.2,52.65074090168732
2025-10-12 10:08:35.113441,88.24,27.54,267.82,121.16,52.843659643060626
2025-10-12 10:08:36.113440,80.72,85.32,284.93,29.72,52.30600816355782
2025-10-12 10:08:37.113440,69.95,49.58,145.78,16.37,51.895706317219606
2025-10-12 10:08:38.113439,36.74,65.23,254.49,107.03,52.74193024116556
2025-10-12 10:08:39.113439,52.12,31.95,204.39,21.55,52.04740338624001
2025-10-12 10:08:40.113438,90.28,89.59,218.85,111.28,52.706387227709
2025-10-12 10:08:41.113438,11.97,29.66,257.64,97.07,52.66286870492851
2025-10-12 10:08:42.113437,77.52,87.12,284.52,80.54,52.64342256506175
2025-10-12 10:08:43.113437,31.4,45.19,95.24,113.73,52.42984152548383
2025-10-12 10:08:44.113436,25.73,63.89,80.37,119.44,52.445889886088295
2025-10-12 10:08:45.113436,29.74,46.2,244.21,110.61,52.732808055235395
2025-10-12 10:08:46.113435,15.08,83.25,95.78,110.16,52.42849048505724
2025-10-12 10:08:47.113435,94.32,90.73,214.83,84.26,52.51896504279992
2025-10-12 10:08:48.113435,83.94,30.92,283.63,44.96,52.37407704555241
2025-10-12 10:08:49.113434,54.29,97.81,227.0,22.8,52.14137793190773
2025-10-12 10:08:50.113434,70.78,53.06,263.84,74.7,52.540859525019734
2025-10-12 10:08:51.113433,57.31,23.46,98.63,140.85,52.605106904461636
2025-10-12 10:08:52.113433,78.98,98.56,85.38,136.27,52.587747167383604
2025-10-12 10:08:53.113432,81.81,38.29,113.49,68.07,52.16253254417791
2025-10-12 10:08:54.113432,29.79,58.53,259.29,49.75,52.36843552736883
2025-10-12 10:08:55.113431,49.08,98.24,227.78,149.24,52.98251613988231
2025-10-12 10:08:56.113431,63.96,27.87,232.96,149.33,52.95520247052209
2025-10-12 10:08:57.113430,93.17,37.24,89.59,131.99,52.53435948765323
2025-10-12 10:08:58.113430,68.03,40.21,173.39,138.87,52.7634359925257
2025-10-12 10:08:59.113429,86.3,35.86,289.03,113.31,52.8421900364825
2025-10-12 10:09:00.113429,81.92,41.64,109.11,55.52,52.071599175888934
2025-10-12 10:09:01.113428,59.48,77.13,245.17,47.61,52.33395299549533
2025-10-12 10:09:02.113428,85.96,51.47,279.82,83.8,52.63503378948239
2025-10-12 10:09:03.113427,42.08,55.99,274.96,102.91,52.75384383366758
2025-10-12 10:09:04.113427,42.24,51.95,145.2,22.56,51.93685097359425
2025-10-12 10:09:05.113427,76.38,80.39,203.08,99.55,52.589210220878165
2025-10-12 10:09:06.113426,21.44,53.71,136.57,147.91,52.751084418407416
2025-10-12 10:09:07.113426,36.0,76.97,178.35,33.85,52.0976050126662
2025-10-12 10:09:08.113425,61.73,29.28,272.31,70.12,52.51560376711198
2025-10-12 10:09:09.113425,45.71,73.52,107.2,34.4,51.94501343971926
2025-10-12 10:09:10.113424,89.96,60.76,273.61,138.76,52.99151274475693
2025-10-12 10:09:11.113424,91.47,29.28,68.8,103.14,52.293355197777764
2025-10-12 10:09:12.113423,52.72,93.18,74.4,138.58,52.57627085320504
2025-10-12 10:09:13.113423,55.82,31.28,253.56,93.76,52.632951344634556
2025-10-12 10:09:14.113422,71.59,48.53,238.33,39.03,52.2462600568566
2025-10-12 10:09:15.113422,48.87,79.28,69.06,59.37,52.0312236570216
2025-10-12 10:09:16.113421,26.16,20.63,123.79,83.07,52.274606847839564
2025-10-12 10:09:17.113421,73.49,71.93,276.73,145.37,53.048365621220285
2025-10-12 10:09:18.113420,72.71,93.51,288.43,19.27,52.24879691706165
2025-10-12 10:09:19.113420,30.82,93.79,202.17,122.24,52.74528877597913
2025-10-12 10:09:20.113420,80.8,47.05,203.37,11.29,51.98549340770664
2025-10-12 10:09:21.113419,62.16,39.43,204.82,98.95,52.56621617130716
2025-10-12 10:09:22.113419,30.09,58.11,284.12,43.66,52.381637090611996
2025-10-12 10:09:23.113418,65.42,31.38,66.45,58.18,51.991017932472005
2025-10-12 10:09:24.113418,29.86,95.67,226.48,57.63,52.3702331707494
2025-10-12 10:09:25.113417,32.54,57.33,125.28,91.08,52.35141852095195
2025-10-12 10:09:26.113417,82.08,25.45,125.62,83.96,52.287164515312895
2025-10-12 10:09:27.113416,89.01,29.29,248.78,54.33,52.35977192376247
2025-10-12 10:09:28.113416,31.84,80.06,244.61,125.98,52.854525440669775
2025-10-12 10:09:29.113415,88.88,88.42,173.36,66.07,52.30700185261351
2025-10-12 10:09:30.113415,30.3,60.6,170.24,107.71,52.56113145980699
2025-10-12 10:09:31.113414,19.97,81.81,184.58,53.31,52.24297006122719
2025-10-12 10:09:32.113414,14.95,94.02,228.75,107.62,52.706032350857
2025-10-12 10:09:33.113413,30.58,27.85,146.07,39.46,52.03749995857776
2025-10-12 10:09:34.113413,42.75,32.43,201.97,49.93,52.23078513193206
2025-10-12 10:09:35.113412,88.84,42.41,199.73,92.77,52.5158159453322
2025-10-12 10:09:36.113412,30.58,98.46,254.39,18.25,52.17094859696255
2025-10-12 10:09:37.113411,41.06,20.26,202.37,57.76,52.276851892847695
2025-10-12 10:09:38.113411,72.4,36.33,232.38,71.79,52.4440024386479
2025-10-12 10:09:39.113411,35.68,82.44,63.98,10.57,51.69806791398065
2025-10-12 10:09:40.113410,68.17,43.05,93.39,31.59,51.879459080432
2025-10-12 10:09:41.113410,46.73,64.49,104.48,79.46,52.23316259443153
2025-10-12 10:09:42.113409,26.7,67.06,103.18,96.69,52.34613150060744
2025-10-12 10:09:43.113409,72.4,53.41,64.21,86.59,52.1869773204933
2025-10-12 10:09:44.113408,12.3,84.32,213.92,134.51,52.84694458865482
2025-10-12 10:09:45.113408,34.85,26.16,249.29,58.07,52.383960023354874
2025-10-12 10:09:46.113407,40.28,80.89,141.68,127.9,52.64447762389216
2025-10-12 10:09:47.113407,48.95,46.95,200.09,79.69,52.432307809192885
2025-10-12 10:09:48.113406,67.79,72.79,248.65,124.01,52.846168586803124
2025-10-12 10:09:49.113406,49.05,36.9,245.46,109.87,52.72543422930378
2025-10-12 10:09:50.113405,60.52,68.62,135.16,54.25,52.134680606128505
2025-10-12 10:09:51.113405,60.64,63.31,101.75,18.55,51.82231318341018
2025-10-12 10:09:52.113404,41.73,57.77,100.43,37.75,51.943802453488516
2025-10-12 10:09:53.113404,89.39,42.89,116.23,32.13,51.93249362921201
2025-10-12 10:09:54.113404,91.25,29.53,269.47,124.98,52.87369957316448
2025-10-12 10:09:55.113403,59.46,66.97,254.28,84.93,52.59576064971323
2025-10-12 10:09:56.113403,16.09,78.88,286.07,85.45,52.674789266576745
2025-10-12 10:09:57.113402,51.75,54.05,292.82,149.83,53.10291986881886
2025-10-12 10:09:58.113402,25.68,26.4,107.69,114.7,52.452830647022964
2025-10-12 10:09:59.113401,51.07,67.9,192.53,62.25,52.31181194915755
2025-10-12 10:10:00.113401,26.02,93.84,181.54,140.2,52.819774623483774
2025-10-12 10:10:01.113400,69.83,81.5,239.05,110.01,52.7372709444352
2025-10-12 10:10:02.113400,16.84,76.38,250.05,139.36,52.95308322312696
2025-10-12 10:10:03.113399,91.03,64.04,165.29,52.03,52.18274953005045
2025-10-12 10:10:04.113399,26.61,20.27,182.71,20.47,51.98671425911395
2025-10-12 10:10:05.113398,66.16,45.83,139.08,140.06,52.70004296996555
2025-10-12 10:10:06.113398,87.94,28.82,235.32,63.08,52.388391489820734
2025-10-12 10:10:07.113397,31.07,71.99,85.28,67.64,52.11723873367286
2025-10-12 10:10:08.113397,89.42,85.96,168.91,43.71,52.147573691183894
2025-10-12 10:10:09.113396,43.04,45.08,249.7,121.37,52.81550893988883
2025-10-12 10:10:10.113396,91.65,53.2,140.91,23.29,51.93308657567326
2025-10-12 10:10:11.113396,92.57,40.23,145.52,97.59,52.42901419178876
2025-10-12 10:10:12.113395,25.99,60.26,164.54,27.95,52.019196303613036
2025-10-12 10:10:13.113395,80.64,37.17,181.97,39.73,52.122342979449
2025-10-12 10:10:14.113394,26.44,97.24,248.25,97.84,52.685206907273745
2025-10-12 10:10:15.113394,29.25,97.87,280.5,126.52,52.94586174101477
2025-10-12 10:10:16.113393,17.15,56.12,50.88,26.95,51.76372995661171
2025-10-12 10:10:17.113393,23.31,60.35,223.41,115.66,52.729082690858434
2025-10-12 10:10:18.113392,63.74,28.33,53.55,117.97,52.358179429993825
2025-10-12 10:10:19.113392,48.19,91.75,237.76,100.12,52.674533084443254
2025-10-12 10:10:20.113391,77.23,51.77,57.63,91.78,52.20624017450657
2025-10-12 10:10:21.113391,38.22,68.68,197.17,70.04,52.37401368310698
2025-10-12 10:10:22.113390,92.33,77.25,70.5,57.93,52.02366014785709
2025-10-12 10:10:23.113390,14.24,95.63,286.02,131.59,52.990238995678006
2025-10-12 10:10:24.113389,15.35,59.65,141.65,110.31,52.515848598385475
2025-10-12 10:10:25.113389,69.62,95.71,92.6,79.59,52.22562542719285
2025-10-12 10:10:26.113389,85.44,36.93,171.54,114.72,52.59731043234008
2025-10-12 10:10:27.113388,77.62,84.98,144.38,103.66,52.4917234462858
2025-10-12 10:10:28.113388,51.63,73.08,95.09,69.72,52.15292814197432
2025-10-12 10:10:29.113387,32.92,75.34,197.76,21.26,52.05523581704139
2025-10-12 10:10:30.113387,11.14,86.81,121.77,48.07,52.07473907230804
2025-10-12 10:10:31.113386,53.3,68.04,175.29,140.41,52.79325996439985
2025-10-12 10:10:32.113386,50.43,42.7,140.96,31.63,51.98270817363117
2025-10-12 10:10:33.113385,39.26,44.8,197.94,71.78,52.37394824692378
2025-10-12 10:10:34.113385,59.14,29.33,89.72,146.97,52.62966639091015
2025-10-12 10:10:35.113384,71.95,48.94,77.15,77.7,52.153552591483766
2025-10-12 10:10:36.113384,69.58,98.69,104.33,34.78,51.9553124965765
2025-10-12 10:10:37.113383,32.38,76.55,101.92,69.02,52.16502656334092
2025-10-12 10:10:38.113383,59.75,68.04,76.28,31.17,51.85346199291026
2025-10-12 10:10:39.113382,22.65,70.42,232.17,98.78,52.64164892461098
2025-10-12 10:10:40.113382,20.34,93.66,116.95,148.05,52.73168216578287
2025-10-12 10:10:41.113382,76.8,29.55,242.88,58.39,52.37406660682229
2025-10-12 10:10:42.113381,68.97,24.58,71.19,59.88,52.008799334473665
2025-10-12 10:10:43.113379,75.27,66.72,196.83,13.93,51.999772768313605
2025-10-12 10:10:44.113379,22.96,81.57,171.29,134.56,52.75328308929687
2025-10-12 10:10:45.113378,87.74,50.49,217.67,75.8,52.446589031372184
2025-10-12 10:10:46.113378,21.31,26.01,264.45,69.07,52.48976746155204
2025-10-12 10:10:47.113377,83.95,40.9,71.87,89.66,52.21700866774327
2025-10-12 10:10:48.113377,39.95,83.05,61.29,41.8,51.89985236521983
2025-10-12 10:10:49.113376,18.96,71.9,218.6,44.05,52.24978540338106
2025-10-12 10:10:50.113376,34.38,73.79,81.65,73.82,52.15138454670816
2025-10-12 10:10:51.113376,25.42,46.34,83.4,59.95,52.04785209767461
2025-10-12 10:10:52.113375,51.71,57.12,117.48,29.73,51.92719162619682
2025-10-12 10:10:53.113375,90.73,25.06,128.84,72.71,52.2192632047682
2025-10-12 10:10:54.113374,37.87,46.69,133.46,144.75,52.71946017686157
2025-10-12 10:10:55.113374,62.03,40.97,225.9,20.75,52.093766117605384
2025-10-12 10:10:56.113373,85.8,79.9,271.24,28.49,52.26513598823566
2025-10-12 10:10:57.113373,63.56,90.63,238.96,52.83,52.36263976077479
2025-10-12 10:10:58.113372,40.79,63.63,86.37,36.77,51.91006203840386
2025-10-12 10:10:59.113372,94.22,35.53,136.28,86.05,52.32976499977765
2025-10-12 10:11:00.113371,25.93,30.32,121.41,147.89,52.70505827115323
2025-10-12 10:11:01.113371,54.48,86.5,264.68,33.33,52.28670305568314
2025-10-12 10:11:02.113370,77.72,93.66,93.6,50.73,52.035104497687236
2025-10-12 10:11:03.113370,10.06,32.5,247.25,136.55,52.903949430529146
2025-10-12 10:11:04.113370,69.67,61.12,165.25,21.41,51.977807421277504
2025-10-12 10:11:05.113369,32.65,22.46,183.81,66.72,52.29728878171406
2025-10-12 10:11:06.113369,24.43,23.2,248.16,64.01,52.41928740154402
2025-10-12 10:11:07.113368,33.31,75.47,188.62,55.31,52.26148023209219
2025-10-12 10:11:08.113368,92.18,87.92,247.36,57.22,52.408488921911584
2025-10-12 10:11:09.113367,85.81,70.27,107.81,42.25,51.996630562024045
2025-10-12 10:11:10.113367,28.17,77.09,159.01,141.1,52.767563110240935
2025-10-12 10:11:11.113366,19.95,86.09,125.51,72.49,52.24453087380995
2025-10-12 10:11:12.113366,40.95,57.07,271.05,106.75,52.77145076072102
2025-10-12 10:11:13.113365,60.35,93.27,181.52,10.41,51.95797234796451
2025-10-12 10:11:14.113365,83.71,91.77,241.1,70.51,52.48526119298366
2025-10-12 10:11:15.113364,92.12,57.24,231.63,121.43,52.783478250705556
2025-10-12 10:11:16.113364,73.85,67.6,276.45,46.7,52.3904573234187
2025-10-12 10:11:17.113363,60.92,21.44,188.59,135.2,52.7616043363763
2025-10-12 10:11:18.113363,22.1,36.27,197.03,117.17,52.668491674189085
2025-10-12 10:11:19.113363,16.29,34.68,117.61,97.59,52.36539057637174
2025-10-12 10:11:20.113362,60.66,63.1,150.3,16.42,51.91336303888166
2025-10-12 10:11:21.113362,55.82,47.29,234.77,113.57,52.73258536061656
2025-10-12 10:11:22.113361,81.92,29.95,282.63,108.81,52.79515349657647
2025-10-12 10:11:23.113361,37.42,24.96,83.81,105.44,52.338773933538235
2025-10-12 10:11:24.113360,13.37,35.0,190.74,130.22,52.740757729364894
2025-10-12 10:11:25.113360,46.02,95.54,285.56,43.61,52.40525060009132
2025-10-12 10:11:26.113359,92.38,56.96,131.93,61.35,52.168312530516516
2025-10-12 10:11:27.113359,77.62,48.87,165.03,60.6,52.23062741252579
2025-10-12 10:11:28.113358,12.87,41.64,89.41,144.87,52.6219038583251
2025-10-12 10:11:29.113358,84.35,53.69,247.01,92.4,52.62218446946408
2025-10-12 10:11:30.113358,50.09,73.59,159.99,46.22,52.13800442533929
2025-10-12 10:11:31.113357,41.01,87.63,164.69,63.34,52.26963778955948
2025-10-12 10:11:32.113357,39.47,46.71,186.97,37.3,52.12236651661162
2025-10-12 10:11:33.113356,60.59,61.1,153.01,55.66,52.178571998434876
2025-10-12 10:11:34.113356,55.1,86.53,130.44,146.71,52.74808147400753
2025-10-12 10:11:35.113355,65.81,96.36,126.68,118.35,52.557163564035335
2025-10-12 10:11:36.113355,58.76,72.29,120.65,55.02,52.11036096432675
2025-10-12 10:11:37.113354,22.24,61.12,212.24,147.83,52.91880217642481
2025-10-12 10:11:38.113354,31.87,30.89,79.65,29.96,51.832074163741076
2025-10-12 10:11:39.113353,81.49,71.24,246.62,133.05,52.900903568157474
2025-10-12 10:11:40.113353,66.38,79.44,233.51,98.74,52.649307629175645
2025-10-12 10:11:41.113352,48.11,69.83,292.05,142.97,53.06449688410419
2025-10-12 10:11:42.113352,25.52,84.69,140.72,40.2,52.06242713330435
2025-10-12 10:11:43.113351,10.65,90.59,93.7,44.2,51.990272679645244
2025-10-12 10:11:44.113351,36.51,70.82,236.18,92.1,52.60623256907545
2025-10-12 10:11:45.113351,14.66,37.67,202.02,52.05,52.24787941304785
2025-10-12 10:11:46.113350,50.99,20.75,73.85,130.1,52.47850219478462
2025-10-12 10:11:47.113350,79.85,83.34,108.35,11.64,51.80190795496068
2025-10-12 10:11:48.113349,34.26,65.88,133.14,30.35,51.97014601698909
2025-10-12 10:11:49.113349,82.06,60.34,70.32,32.73,51.84660545370656
2025-10-12 10:11:50.113348,69.89,98.11,78.25,128.81,52.52251852860724
2025-10-12 10:11:51.113348,20.65,46.38,111.23,148.94,52.69888118953743
2025-10-12 10:11:52.113347,64.79,36.79,58.55,49.63,51.92014451135311
2025-10-12 10:11:53.113347,22.89,37.94,246.71,88.24,52.585161424131826
2025-10-12 10:11:54.113346,65.66,23.45,244.69,77.31,52.500174840480334
2025-10-12 10:11:55.113346,22.13,35.38,66.63,113.5,52.36080326236423
2025-10-12 10:11:56.113345,43.36,61.7,217.89,89.82,52.546355752228735
2025-10-12 10:11:57.113345,58.16,63.97,163.96,145.82,52.80232856228589
2025-10-12 10:11:58.113344,14.28,79.81,76.65,13.58,51.74406378481749
2025-10-12 10:11:59.113344,23.03,71.88,63.48,93.21,52.23960693924793
2025-10-12 10:12:00.113343,37.23,65.69,245.72,45.72,52.31623764132709
2025-10-12 10:12:01.113343,49.3,23.81,91.64,30.99,51.86097797591928
2025-10-12 10:12:02.113342,82.97,65.1,78.62,85.98,52.2206866737017
2025-10-12 10:12:03.113342,25.92,51.27,223.91,124.46,52.78352337560882
2025-10-12 10:12:04.113342,39.54,40.94,271.98,97.33,52.70197251104442
2025-10-12 10:12:05.113341,50.44,68.39,144.66,124.87,52.623876812446106
2025-10-12 10:12:06.113341,35.14,89.3,274.48,119.15,52.87912091842008
2025-10-12 10:12:07.113340,63.19,61.79,207.53,55.02,52.292960742809505
2025-10-12 10:12:08.113340,31.81,45.14,235.48,137.66,52.89281938345793
2025-10-12 10:12:09.113339,75.65,60.94,155.16,98.43,52.467019214504646
2025-10-12 10:12:10.113339,52.94,51.45,161.92,12.45,51.90573608541913
2025-10-12 10:12:11.113338,17.34,65.6,67.06,64.82,52.055448338298994
2025-10-12 10:12:12.113338,63.29,91.81,262.15,42.01,52.34178032558231
2025-10-12 10:12:13.113337,58.39,43.57,67.13,112.77,52.361598635952554
2025-10-12 10:12:14.113337,38.78,88.72,171.81,64.13,52.29093066143089
2025-10-12 10:12:15.113336,10.95,51.69,199.83,73.82,52.39542035588879
2025-10-12 10:12:16.113336,27.06,78.9,108.58,98.35,52.37544823872031
2025-10-12 10:12:17.113335,44.49,49.02,251.05,62.02,52.42671120788214
2025-10-12 10:12:18.113335,26.99,32.57,56.06,91.95,52.193282379590556
2025-10-12 10:12:19.113334,59.09,83.55,248.35,99.3,52.68749846414752
2025-10-12 10:12:20.113334,70.55,31.82,66.41,144.26,52.56250586683763
2025-10-12 10:12:21.113333,82.76,65.81,126.04,113.49,52.50652389430752
2025-10-12 10:12:22.113333,64.99,67.53,86.35,79.33,52.19466730856811
2025-10-12 10:12:23.113332,68.57,87.61,77.56,92.37,52.27332139721438
2025-10-12 10:12:24.113332,61.72,84.12,194.59,73.77,52.40176362480655
2025-10-12 10:12:25.113331,93.77,50.76,140.7,129.71,52.63760424898006
2025-10-12 10:12:26.113331,32.19,83.43,78.25,100.41,52.32585575292215
2025-10-12 10:12:27.113330,32.63,62.72,60.12,106.53,52.315630994319946
2025-10-12 10:12:28.113330,20.74,82.6,179.43,73.92,52.36903192504332
2025-10-12 10:12:29.113330,51.28,27.6,155.12,61.7,52.2046014039678
2025-10-12 10:12:30.113329,18.17,42.19,124.66,37.84,51.98828710841952
2025-10-12 10:12:31.113329,32.96,96.29,198.37,103.71,52.61545012778973
2025-10-12 10:12:32.113328,51.03,93.85,96.79,31.09,51.91177468412014
2025-10-12 10:12:33.113328,91.4,49.33,282.61,110.22,52.81524951975328
2025-10-12 10:12:34.113327,91.92,64.44,103.74,24.81,51.868806915258
2025-10-12 10:12:35.113327,73.22,47.71,83.13,131.75,52.52457934500024
2025-10-12 10:12:36.113326,43.09,50.04,168.62,95.56,52.471101317907426
2025-10-12 10:12:37.113326,83.54,29.36,291.57,63.5,52.513484552002595
2025-10-12 10:12:38.113325,84.41,20.35,86.89,59.48,52.037844299644505
2025-10-12 10:12:39.113325,87.37,21.26,59.7,100.97,52.25475330723541
2025-10-12 10:12:40.113324,64.4,36.06,280.6,87.24,52.65098507831148
2025-10-12 10:12:41.113324,27.15,47.82,148.94,102.36,52.47231379088016
2025-10-12 10:12:42.113323,17.74,74.42,197.88,117.72,52.69520833542548
2025-10-12 10:12:43.113323,87.76,84.33,178.0,109.13,52.60058838154566
2025-10-12 10:12:44.113322,14.72,31.92,202.13,76.11,52.404610278715474
2025-10-12 10:12:45.113322,35.15,55.36,99.17,92.53,52.30331453092024
2025-10-12 10:12:46.113322,51.39,26.46,131.2,104.16,52.433900652177584
2025-10-12 10:12:47.113321,11.87,32.31,191.45,88.66,52.46495936576692
2025-10-12 10:12:48.113321,87.09,45.92,135.75,144.56,52.722737724736305
2025-10-12 10:12:49.113320,34.41,50.75,210.91,129.77,52.7902808991855
2025-10-12 10:12:50.113320,12.42,37.97,124.95,65.8,52.17214458684768
2025-10-12 10:12:51.113319,94.46,54.17,89.98,68.78,52.12508619928571
2025-10-12 10:12:52.113319,36.47,53.43,181.07,130.12,52.729372464132744
2025-10-12 10:12:53.113318,84.53,97.4,166.64,20.86,51.9973541465474
2025-10-12 10:12:54.113318,48.55,26.05,222.13,148.17,52.9230008316934
2025-10-12 10:12:55.113317,66.37,44.95,226.7,49.15,52.28621174291904
2025-10-12 10:12:56.113317,30.49,53.16,236.31,126.91,52.827731235431855
2025-10-12 10:12:57.113316,52.74,87.94,103.65,51.04,52.055778267890986
2025-10-12 10:12:58.113316,31.9,41.34,291.7,140.28,53.030034899019356
2025-10-12 10:12:59.113315,90.84,68.62,128.73,67.88,52.21119907050141
2025-10-12 10:13:00.113315,15.18,38.84,259.81,17.51,52.14462675669042
2025-10-12 10:13:01.113314,33.35,21.67,196.72,31.87,52.0935445047267
2025-10-12 10:13:02.113314,85.91,93.95,281.83,108.39,52.826233431514154
2025-10-12 10:13:03.113313,50.8,59.94,64.33,127.67,52.46352624608875
2025-10-12 10:13:04.113313,61.01,53.71,150.27,100.48,52.465997166503506
2025-10-12 10:13:05.113312,65.39,26.57,81.84,149.45,52.62749972081166
2025-10-12 10:13:06.113312,16.03,64.43,193.7,140.71,52.83317380084244
2025-10-12 10:13:07.113312,11.51,65.33,202.02,44.32,52.211960939036594
2025-10-12 10:13:08.113311,89.72,37.23,280.43,104.01,52.762573009599855
2025-10-12 10:13:09.113311,33.08,49.91,104.98,132.88,52.58069540238767
2025-10-12 10:13:10.113310,42.33,34.77,144.74,142.47,52.72216243470904
2025-10-12 10:13:11.113310,67.98,21.27,166.42,136.09,52.71933061839305
2025-10-12 10:13:12.113309,30.09,49.71,71.55,136.46,52.531836357723456
2025-10-12 10:13:13.113309,72.31,40.8,265.22,114.35,52.800197429615494
2025-10-12 10:13:14.113308,48.95,85.47,292.85,56.6,52.50167777481006
2025-10-12 10:13:15.113308,82.81,26.32,101.7,63.62,52.100765935454575
2025-10-12 10:13:16.113307,33.68,97.84,62.87,49.06,51.95969297288796
2025-10-12 10:13:17.113307,27.32,55.81,110.23,118.54,52.50018726108573
2025-10-12 10:13:18.113306,80.69,25.03,142.58,88.32,52.352654927156976
2025-10-12 10:13:19.113306,37.74,50.34,289.78,46.29,52.40704694209303
2025-10-12 10:13:20.113305,45.01,92.43,215.5,111.64,52.703090412254184
2025-10-12 10:13:21.113305,77.47,97.67,146.46,112.21,52.56004231251994
2025-10-12 10:13:22.113305,64.02,47.8,290.91,57.86,52.484877274264974
2025-10-12 10:13:23.113304,47.55,97.96,218.06,104.8,52.666320868513665
2025-10-12 10:13:24.113304,31.24,68.49,162.25,45.15,52.132967422514724
2025-10-12 10:13:25.113303,74.96,44.53,191.77,101.26,52.556080020369585
2025-10-12 10:13:26.113303,25.34,63.42,182.05,144.39,52.83176823068709
2025-10-12 10:13:27.113302,88.9,28.75,126.16,132.33,52.611212752787395
2025-10-12 10:13:28.113302,22.78,56.62,274.22,82.51,52.61719043360949
2025-10-12 10:13:29.113301,78.42,39.1,61.73,59.54,51.99410152250103
2025-10-12 10:13:30.113301,46.06,56.41,186.93,67.9,52.33077402848595
2025-10-12 10:13:31.113300,25.81,70.04,123.83,100.81,52.41992391145074
2025-10-12 10:13:32.113300,44.2,87.07,50.31,144.92,52.56270104121185
2025-10-12 10:13:33.113299,28.83,21.92,100.13,76.77,52.1821920923852
2025-10-12 10:13:34.113299,21.56,30.66,215.17,135.87,52.828831727068206
2025-10-12 10:13:35.113299,30.33,24.88,191.37,17.32,51.98715495212602
2025-10-12 10:13:36.113298,83.73,62.51,146.49,61.33,52.20284753886029
2025-10-12 10:13:37.113298,19.01,24.3,250.06,40.28,52.266519696105476
2025-10-12 10:13:38.113297,92.67,78.34,224.38,79.74,52.50278618873671
2025-10-12 10:13:39.113297,10.42,46.32,225.39,108.86,52.68043953989266
2025-10-12 10:13:40.113296,65.95,93.88,52.55,52.13,51.9554823901134
2025-10-12 10:13:41.113296,82.8,50.7,295.38,39.64,52.375256126590735
2025-10-12 10:13:42.113295,89.39,87.93,157.12,95.56,52.46723599999642
2025-10-12 10:13:43.113295,22.24,98.81,59.02,122.56,52.439715995049696
2025-10-12 10:13:44.113294,69.35,30.0,279.42,78.39,52.586315355014655
2025-10-12 10:13:45.113294,19.12,50.9,200.9,47.8,52.22460182354081
2025-10-12 10:13:46.113293,39.97,89.04,197.47,92.4,52.5343982252023
2025-10-12 10:13:47.113293,72.21,24.42,89.77,112.98,52.401445113329856
2025-10-12 10:13:48.113293,39.41,23.5,108.84,15.84,51.79755841978143
2025-10-12 10:13:49.113292,36.64,60.01,207.19,25.59,52.09590037882401
2025-10-12 10:13:50.113292,19.86,76.9,91.81,122.08,52.49546257015079
2025-10-12 10:13:51.113291,15.65,63.38,70.11,97.04,52.27467924262254
2025-10-12 10:13:52.113291,19.8,40.91,112.9,69.09,52.169480275067876
2025-10-12 10:13:53.113290,84.42,82.07,213.8,140.82,52.887313365963145
2025-10-12 10:13:54.113290,10.95,49.68,228.69,28.13,52.15364539257286
2025-10-12 10:13:55.113289,68.89,82.64,280.85,144.21,53.055560560184595
2025-10-12 10:13:56.113289,75.33,83.53,161.61,125.65,52.67424028524701
2025-10-12 10:13:57.113288,58.27,75.41,257.3,40.58,52.31264638571725
2025-10-12 10:13:58.113288,72.12,65.67,204.67,83.69,52.479204320699814
2025-10-12 10:13:59.113288,65.44,85.63,257.1,139.22,52.97259102263435
2025-10-12 10:14:00.113287,48.72,30.64,62.04,76.77,52.10442657426921
2025-10-12 10:14:01.113287,42.53,92.16,130.82,104.9,52.47453640449833
2025-10-12 10:14:02.113286,90.01,23.68,273.0,18.94,52.174293375924044
2025-10-12 10:14:03.113286,92.61,50.44,162.3,102.8,52.50566919770228
2025-10-12 10:14:04.113285,65.36,89.11,125.9,13.79,51.85745331113915
2025-10-12 10:14:05.113285,26.77,49.0,55.58,60.09,51.98992006197229
2025-10-12 10:14:06.113284,48.07,47.44,209.54,102.35,52.60347612544859
2025-10-12 10:14:07.113284,52.21,64.91,108.24,125.15,52.544805131215405
2025-10-12 10:14:08.113283,74.43,48.1,247.8,20.88,52.14609595044392
2025-10-12 10:14:09.113283,66.76,33.63,130.39,142.41,52.69000518742532
2025-10-12 10:14:10.113282,53.76,84.4,74.75,123.12,52.46953467785881
2025-10-12 10:14:11.113282,67.83,27.04,273.15,144.03,53.00673484934239
2025-10-12 10:14:12.113282,12.04,93.97,191.1,109.86,52.63920981670887
2025-10-12 10:14:13.113281,76.01,46.55,196.89,62.78,52.31290955820063
2025-10-12 10:14:14.113281,27.99,82.93,174.86,98.44,52.52204734228241
2025-10-12 10:14:15.113280,65.79,93.82,88.4,27.84,51.871989375111376
2025-10-12 10:14:16.113280,19.69,81.87,214.77,147.43,52.93317788925563
2025-10-12 10:14:17.113279,19.73,62.41,170.19,119.81,52.64233998555737
2025-10-12 10:14:18.113279,13.03,24.68,69.79,66.5,52.04975663851033
2025-10-12 10:14:19.113278,87.37,37.06,87.69,44.87,51.95190568614477
2025-10-12 10:14:20.113278,61.39,57.71,188.95,142.34,52.829951496397776
2025-10-12 10:14:21.113277,40.77,81.61,217.93,23.24,52.11561371982729
2025-10-12 10:14:22.113277,76.96,58.41,167.46,102.65,52.520299201041276
2025-10-12 10:14:23.113277,63.22,85.77,85.45,25.06,51.84266132341263
2025-10-12 10:14:24.113276,62.71,83.19,245.08,121.77,52.829343457391175
2025-10-12 10:14:25.113276,51.4,98.55,277.24,28.22,52.28673267719929
2025-10-12 10:14:26.113275,10.67,81.97,61.8,87.38,52.20288119093078
2025-10-12 10:14:27.113275,31.97,78.19,232.62,90.15,52.58966834935535
2025-10-12 10:14:28.113274,19.27,69.87,237.05,52.55,52.345089957678496
2025-10-12 10:14:29.113274,66.3,70.66,211.5,56.85,52.31865197547693
2025-10-12 10:14:30.113273,31.13,97.34,265.33,58.95,52.46418809508661
2025-10-12 10:14:31.113273,48.26,64.86,76.44,120.3,52.44361339406219
2025-10-12 10:14:32.113272,40.04,58.13,280.8,39.82,52.34896037102143
2025-10-12 10:14:33.113272,22.17,20.58,145.81,68.43,52.22517137477254
2025-10-12 10:14:34.113271,91.46,40.25,91.34,135.2,52.56113504406637
2025-10-12 10:14:35.113271,89.34,49.15,169.11,116.09,52.607930672824644
2025-10-12 10:14:36.113271,17.19,21.04,237.6,133.6,52.85706394077978
2025-10-12 10:14:37.113270,80.33,43.15,199.57,144.94,52.86214313713248
2025-10-12 10:14:38.113270,51.51,29.83,87.61,102.9,52.33286671733558
2025-10-12 10:14:39.113269,75.77,84.47,232.8,112.34,52.74083168761106
2025-10-12 10:14:40.113269,22.85,79.98,222.73,128.48,52.82361668010793
2025-10-12 10:14:41.113268,21.24,78.42,152.29,49.55,52.146092051399734
2025-10-12 10:14:42.113268,85.71,62.34,94.05,39.22,51.94226330848188
2025-10-12 10:14:43.113267,86.31,24.36,274.29,87.68,52.63371056461628
2025-10-12 10:14:44.113267,49.6,27.73,74.12,148.24,52.60336949790596
2025-10-12 10:14:45.113266,83.96,91.3,233.45,37.76,52.25103884536611
2025-10-12 10:14:46.113266,66.73,86.44,218.81,79.4,52.49295430326623
2025-10-12 10:14:47.113265,25.73,65.82,286.38,107.3,52.813219221880594
2025-10-12 10:14:48.113265,37.96,74.34,200.31,75.28,52.41875180569896
2025-10-12 10:14:49.113265,21.57,73.76,183.39,28.04,52.06818884937504
2025-10-12 10:14:50.113264,75.79,74.1,238.01,77.33,52.51399503932882
2025-10-12 10:14:51.113264,93.75,43.03,249.14,15.28,52.10901367339981
2025-10-12 10:14:52.113263,56.44,24.12,198.91,114.22,52.64623066463377
2025-10-12 10:14:53.113263,65.75,93.43,266.87,39.63,52.337122569476215
2025-10-12 10:14:54.113262,73.42,26.38,63.76,26.36,51.77120630507977
2025-10-12 10:14:55.113262,29.06,93.6,215.35,121.55,52.769190551142515
2025-10-12 10:14:56.113261,38.56,41.39,90.29,58.84,52.05267542139926
2025-10-12 10:14:57.113261,45.05,88.63,269.28,35.32,52.311073282734704
2025-10-12 10:14:58.113260,60.54,65.26,158.7,85.07,52.388427630429646
2025-10-12 10:14:59.113260,82.29,62.68,181.06,122.02,52.68073518658876
2025-10-12 10:15:00.113260,31.61,98.48,142.04,58.99,52.19767439607368
2025-10-12 10:15:01.113259,50.03,78.63,117.42,39.65,52.00486834109377
2025-10-12 10:15:02.113259,73.88,65.78,136.93,14.53,51.87331035845748
2025-10-12 10:15:03.113258,17.43,61.21,198.75,44.08,52.20098352558294
2025-10-12 10:15:04.113258,53.6,22.17,96.38,95.24,52.29678652624295
2025-10-12 10:15:05.113257,22.27,62.59,265.89,144.2,53.011892598624485
2025-10-12 10:15:06.113257,55.83,35.51,297.63,103.86,52.797927036788145
2025-10-12 10:15:07.113256,75.26,45.73,69.19,75.9,52.12255486783173
2025-10-12 10:15:08.113256,30.14,83.95,252.55,20.35,52.172823981541974
2025-10-12 10:15:09.113255,82.21,60.01,288.87,121.46,52.90937062774277
2025-10-12 10:15:10.113255,38.46,84.11,131.37,27.23,51.95574008825326
2025-10-12 10:15:11.113255,26.22,86.12,91.64,142.44,52.63535619616327
2025-10-12 10:15:12.113254,49.55,47.65,54.31,35.61,51.82393587943084
2025-10-12 10:15:13.113254,84.47,70.01,250.06,61.96,52.43584227363588
2025-10-12 10:15:14.113253,15.86,60.09,134.65,132.31,52.64692885340917
2025-10-12 10:15:15.113253,37.84,48.76,50.97,134.95,52.47664813418124
2025-10-12 10:15:16.113252,65.52,66.37,130.97,88.8,52.35365608643938
2025-10-12 10:15:17.113252,40.39,60.04,179.0,144.15,52.8216796491933
2025-10-12 10:15:18.113251,16.02,31.42,89.36,107.51,52.368144413855724
2025-10-12 10:15:19.113251,38.22,21.13,254.69,34.35,52.2354400396877
2025-10-12 10:15:20.113250,79.78,42.12,86.85,31.11,51.86157075404356
2025-10-12 10:15:21.113250,92.28,77.18,190.95,57.34,52.28095872282066
2025-10-12 10:15:22.113250,13.38,63.88,293.63,125.68,52.949856790353
2025-10-12 10:15:23.113249,58.39,37.74,50.73,125.32,52.40608102457252
2025-10-12 10:15:24.113249,18.95,67.77,89.69,84.05,52.23337277729287
2025-10-12 10:15:25.113248,67.83,73.99,292.85,59.37,52.513676569141346
2025-10-12 10:15:26.113248,10.67,69.3,69.07,121.66,52.43912455058343
2025-10-12 10:15:27.113247,11.25,67.44,157.07,42.19,52.10150190300484
2025-10-12 10:15:28.113247,76.03,68.42,228.33,44.86,52.274329794919396
2025-10-12 10:15:29.113246,16.33,42.67,298.77,145.66,53.08181756684032
2025-10-12 10:15:30.113246,35.94,70.34,137.28,126.66,52.62083510480334
2025-10-12 10:15:31.113245,91.43,55.32,246.38,42.65,52.29152421555857
2025-10-12 10:15:32.113245,93.75,70.06,95.69,46.53,51.99863292447282
2025-10-12 10:15:33.113244,23.72,75.07,145.45,80.05,52.33182716837694
2025-10-12 10:15:34.113244,57.68,62.85,239.92,35.55,52.234577400042625
2025-10-12 10:15:35.113244,57.53,79.58,194.53,25.75,52.08038971289817
2025-10-12 10:15:36.113243,48.45,25.45,246.36,143.19,52.94216816388085
2025-10-12 10:15:37.113243,88.6,47.49,62.11,123.96,52.42716126700817
2025-10-12 10:15:38.113242,74.09,33.4,87.01,127.68,52.49802103924597
2025-10-12 10:15:39.113242,74.98,82.4,166.76,142.75,52.798277983766816
2025-10-12 10:15:40.113241,32.91,58.61,186.8,12.01,51.96076296067153
2025-10-12 10:15:41.113241,46.92,36.92,62.7,98.99,52.25683013812296
2025-10-12 10:15:42.113240,51.43,51.85,187.43,94.2,52.5038801056894
